barcode	raw	cisTopic	FITS	scOpen	MAGIC	PUscOpen
293T_TFF1_DNA_Pool-1_1E:0I:O2:10	33	1.00001e+06	447958	911045	725674	543124
293T_TFF1_DNA_Pool-1_1E:0M:54:12	539	1.00001e+06	0	2.98932e+06	6.63125e+06	2.95347e+06
293T_TFF1_DNA_Pool-1_1E:0U:E6:07	56	1.00001e+06	2.06527e+06	521064	703850	1.86413e+06
293T_TFF1_DNA_Pool-1_1E:0X:33:07	55	1.00001e+06	0	889866	767961	1.25464e+06
293T_TFF1_DNA_Pool-1_1E:0X:80:12	38	1.00001e+06	2.03296e+06	1.03987e+06	712988	624433
293T_TFF1_DNA_Pool-1_1E:0X:J0:07	92	1.00001e+06	2.13603e+06	1.01659e+06	776556	1.12492e+06
293T_TFF1_DNA_Pool-1_1E:0Y:66:04	67	1.00001e+06	0	815276	873369	1.38747e+06
293T_TFF1_DNA_Pool-1_1E:0Y:93:11	75	1.00001e+06	0	1.20916e+06	742538	3.21702e+06
293T_TFF1_DNA_Pool-1_1E:0Y:H0:12	69	1.00001e+06	595904	1.13243e+06	1.22865e+06	972291
293T_TFF1_DNA_Pool-1_1E:15:17:09	31	1.00001e+06	1.78416e+06	1.80077e+06	870052	5.09131e+06
293T_TFF1_DNA_Pool-1_1E:31:T4:06	52	1.00001e+06	883537	648756	742274	556334
293T_TFF1_DNA_Pool-1_1E:35:S9:07	31	1.00001e+06	0	668092	900117	0
293T_TFF1_DNA_Pool-1_1E:35:U1:09	55	1.00001e+06	1.66546e+06	724395	773011	115448
293T_TFF1_DNA_Pool-1_1E:39:O1:06	21	1.00001e+06	0	785730	23451.7	0
293T_TFF1_DNA_Pool-1_1E:39:U6:12	21	1.00001e+06	0	770307	625032	368988
293T_TFF1_DNA_Pool-1_1E:51:B6:10	27	1.00001e+06	0	534898	809330	126674
293T_TFF1_DNA_Pool-1_1E:79:45:07	26	1.00001e+06	2.09493e+06	492908	595971	605749
293T_TFF1_DNA_Pool-1_1E:95:97:04	50	1.00001e+06	1.66274e+06	906961	935213	314297
293T_TFF1_DNA_Pool-1_1E:95:Z8:10	115	1.00001e+06	2.98682e+06	1.63922e+06	793029	980527
293T_TFF1_DNA_Pool-1_1E:A0:T0:07	26	1.00001e+06	2.0953e+06	652888	155476	0
293T_TFF1_DNA_Pool-1_1E:A3:Q8:01	29	1.00001e+06	2.45475e+06	1.23087e+06	679941	188981
293T_TFF1_DNA_Pool-1_1E:A4:0O:10	26	1.00001e+06	1.60465e+06	899317	25138.6	814157
293T_TFF1_DNA_Pool-1_1E:A4:25:12	26	1.00001e+06	1.36118e+06	977549	756733	1.21828e+06
293T_TFF1_DNA_Pool-1_1E:A7:L8:01	796	1.00001e+06	1.49495e+07	4.37018e+06	1.17926e+07	3.80766e+06
293T_TFF1_DNA_Pool-1_1E:A8:54:07	28	1.00001e+06	0	902820	703235	1.12288e+06
293T_TFF1_DNA_Pool-1_1E:B1:O2:08	25	1.00001e+06	0	727552	845486	1.22629e+06
293T_TFF1_DNA_Pool-1_1E:B5:56:12	37	1.00001e+06	985849	596766	757072	0
293T_TFF1_DNA_Pool-1_1E:B6:B6:09	170	1.00001e+06	2.09654e+06	1.44764e+06	1.21101e+06	1.02887e+06
293T_TFF1_DNA_Pool-1_1E:B6:I9:11	38	1.00001e+06	491900	834304	990429	2.47746e+06
293T_TFF1_DNA_Pool-1_1E:B6:U5:09	57	1.00001e+06	0	1.03805e+06	773172	296728
293T_TFF1_DNA_Pool-1_1E:C4:33:07	21	1.00001e+06	0	615734	787345	388850
293T_TFF1_DNA_Pool-1_1E:C7:T8:12	22	1.00001e+06	0	1.01072e+06	786915	791292
293T_TFF1_DNA_Pool-1_1E:D5:E6:12	36	1.00001e+06	960040	879747	719742	2.77964e+06
293T_TFF1_DNA_Pool-1_1E:D9:L6:12	24	1.00001e+06	2.07966e+06	451645	722984	778611
293T_TFF1_DNA_Pool-1_1E:E0:45:12	337	1.00001e+06	0	1.93293e+06	2.76915e+06	995983
293T_TFF1_DNA_Pool-1_1E:E0:J0:12	22	1.00001e+06	2.04882e+06	728445	799465	0
293T_TFF1_DNA_Pool-1_1E:F7:98:11	22	1.00001e+06	1.3574e+06	468088	792752	508396
293T_TFF1_DNA_Pool-1_1E:F7:H0:12	20	1.00001e+06	374129	350473	795535	0
293T_TFF1_DNA_Pool-1_1E:G0:08:07	40	1.00001e+06	0	1.32437e+06	952757	3.51269e+06
293T_TFF1_DNA_Pool-1_1E:G8:G4:12	40	1.00001e+06	0	348812	734983	0
293T_TFF1_DNA_Pool-1_1E:G8:N7:04	21	1.00001e+06	466926	370963	13519.6	0
293T_TFF1_DNA_Pool-1_1E:H1:0W:03	35	1.00001e+06	0	804394	863132	0
293T_TFF1_DNA_Pool-1_1E:H5:Q8:12	31	1.00001e+06	393783	552857	664385	249937
293T_TFF1_DNA_Pool-1_1E:H6:0O:01	33	1.00001e+06	863066	1.64903e+06	935808	1.19819e+06
293T_TFF1_DNA_Pool-1_1E:H6:L7:07	28	1.00001e+06	0	866128	671231	4.15304e+06
293T_TFF1_DNA_Pool-1_1E:H9:Y1:07	130	1.00001e+06	0	1.29774e+06	951035	914057
293T_TFF1_DNA_Pool-1_1E:I0:O2:10	33	1.00001e+06	1.10201e+06	797135	758125	0
293T_TFF1_DNA_Pool-1_1E:I3:T0:03	31	1.00001e+06	0	960806	883474	918186
293T_TFF1_DNA_Pool-1_1E:J1:13:10	87	1.00001e+06	225027	1.28117e+06	855925	1.89092e+06
293T_TFF1_DNA_Pool-1_1E:J1:H0:11	74	1.00001e+06	0	1.03144e+06	760782	2.32765e+06
293T_TFF1_DNA_Pool-1_1E:J1:L0:07	78	1.00001e+06	0	897924	680638	810919
293T_TFF1_DNA_Pool-1_1E:J1:U6:01	149	1.00001e+06	0	1.46733e+06	4.38043e+06	759738
293T_TFF1_DNA_Pool-1_1E:J2:G0:11	35	1.00001e+06	1.69671e+06	1.06845e+06	763005	1.41318e+06
293T_TFF1_DNA_Pool-1_1E:K4:P3:12	21	1.00001e+06	2.40766e+06	511829	715237	146737
293T_TFF1_DNA_Pool-1_1E:K7:0R:01	38	1.00001e+06	1.72921e+06	1.2417e+06	933123	1.09209e+06
293T_TFF1_DNA_Pool-1_1E:K7:45:09	22	1.00001e+06	288778	552596	19635.1	565831
293T_TFF1_DNA_Pool-1_1E:K7:E6:10	81	1.00001e+06	1.36206e+06	686732	597556	335529
293T_TFF1_DNA_Pool-1_1E:K7:X3:12	44	1.00001e+06	2.08888e+06	952568	815951	473598
293T_TFF1_DNA_Pool-1_1E:L1:M0:01	45	1.00001e+06	0	589988	643580	77111.9
293T_TFF1_DNA_Pool-1_1E:L5:H8:12	340	1.00001e+06	1.35282e+06	2.30556e+06	4.09597e+06	2.345e+06
293T_TFF1_DNA_Pool-1_1E:M3:N0:11	48	1.00001e+06	1.13662e+06	1.03057e+06	790086	239604
293T_TFF1_DNA_Pool-1_1E:M4:G8:01	37	1.00001e+06	1.00842e+06	751618	824440	596598
293T_TFF1_DNA_Pool-1_1E:M7:56:06	25	1.00001e+06	1.54641e+06	452312	744338	106643
293T_TFF1_DNA_Pool-1_1E:M7:O2:12	36	1.00001e+06	1.08036e+06	545598	799689	0
293T_TFF1_DNA_Pool-1_1E:N9:A5:10	43	1.00001e+06	1.15949e+06	827921	784208	0
293T_TFF1_DNA_Pool-1_1E:N9:E2:07	509	1.00001e+06	2.26697e+06	2.68015e+06	8.19792e+06	2.10771e+06
293T_TFF1_DNA_Pool-1_1E:N9:W2:11	48	1.00001e+06	983334	761084	853315	438490
293T_TFF1_DNA_Pool-1_1E:O7:0W:03	45	1.00001e+06	483078	959943	770310	1.42719e+06
293T_TFF1_DNA_Pool-1_1E:O7:93:12	25	1.00001e+06	185132	560310	689775	0
293T_TFF1_DNA_Pool-1_1E:O7:A6:01	27	1.00001e+06	255140	335781	14842.8	38807.5
293T_TFF1_DNA_Pool-1_1E:Q0:P8:09	47	1.00001e+06	1.84914e+06	670310	939484	853948
293T_TFF1_DNA_Pool-1_1E:Q4:17:09	21	NA	161122	130595	7747.17	0
293T_TFF1_DNA_Pool-1_1E:Q4:O1:12	39	1.00001e+06	1.04275e+06	857297	799073	676518
293T_TFF1_DNA_Pool-1_1E:Q8:E2:10	45	1.00001e+06	2.97163e+06	1.05246e+06	793535	1.15601e+06
293T_TFF1_DNA_Pool-1_1E:S7:A0:12	208	1.00001e+06	2.69976e+06	2.19159e+06	1.83833e+06	4.54323e+06
293T_TFF1_DNA_Pool-1_1E:S8:A0:11	22	1.00001e+06	627933	532299	20924.8	2.00159e+06
293T_TFF1_DNA_Pool-1_1E:S8:D4:11	53	1.00001e+06	2.07174e+06	827721	750163	355940
293T_TFF1_DNA_Pool-1_1E:T1:H2:09	86	1.00001e+06	0	873044	863773	832361
293T_TFF1_DNA_Pool-1_1E:T5:08:08	60	1.00001e+06	0	806962	976205	474591
293T_TFF1_DNA_Pool-1_1E:U0:I9:11	21	1.00001e+06	0	571137	625082	2.52004e+06
293T_TFF1_DNA_Pool-1_1E:U3:25:06	21	NA	374063	174020	724332	179890
293T_TFF1_DNA_Pool-1_1E:U4:46:03	109	1.00001e+06	0	1.0824e+06	1.07965e+06	239818
293T_TFF1_DNA_Pool-1_1E:U4:V3:09	51	1.00001e+06	0	689833	780719	351058
293T_TFF1_DNA_Pool-1_1E:U8:56:12	22	1.00001e+06	1.12937e+06	879809	781667	591118
293T_TFF1_DNA_Pool-1_1E:U8:77:12	1106	1.00001e+06	0	3.80297e+06	1.14788e+07	3.29833e+06
293T_TFF1_DNA_Pool-1_1E:V6:H0:12	35	1.00001e+06	1.97984e+06	870692	658568	923440
293T_TFF1_DNA_Pool-1_1E:W0:K2:08	25	1.00001e+06	0	470964	627576	473778
293T_TFF1_DNA_Pool-1_1E:W8:Q4:02	31	1.00001e+06	0	742556	798313	540386
293T_TFF1_DNA_Pool-1_1E:X5:0J:07	41	1.00001e+06	1.7688e+06	1.71709e+06	1.09395e+06	524979
293T_TFF1_DNA_Pool-1_1E:X5:S6:12	53	1.00001e+06	1.82399e+06	940921	919961	1.49969e+06
293T_TFF1_DNA_Pool-1_1E:X5:T8:12	300	1.00001e+06	951134	2.09231e+06	2.84294e+06	1.64501e+06
293T_TFF1_DNA_Pool-1_1E:X6:U6:07	26	1.00001e+06	230233	500698	13978.5	0
293T_TFF1_DNA_Pool-1_1E:Z5:P3:07	22	1.00001e+06	0	755393	706996	1.02916e+06
293T_TFF1_DNA_Pool-1_1D:0A:33:03	20	1.00001e+06	186408	653957	252690	78682.9
293T_TFF1_DNA_Pool-1_1D:0I:0A:07	22	1.00001e+06	1.34537e+06	266876	7702.72	45088.6
293T_TFF1_DNA_Pool-1_1D:0I:28:03	35	1.00001e+06	0	576810	822253	1.10631e+06
293T_TFF1_DNA_Pool-1_1D:0I:N8:07	24	1.00001e+06	1.78029e+06	461706	807233	628489
293T_TFF1_DNA_Pool-1_1D:0P:54:07	46	1.00001e+06	693993	1.04532e+06	763274	1.27332e+06
293T_TFF1_DNA_Pool-1_1D:0Q:G0:07	32	1.00001e+06	437926	758684	1.0093e+06	1.84963e+06
293T_TFF1_DNA_Pool-1_1D:0Q:N3:07	232	1.00001e+06	3.09127e+06	1.73262e+06	1.4684e+06	908794
293T_TFF1_DNA_Pool-1_1D:0Q:Y2:02	58	1.00001e+06	682994	1.65389e+06	802209	510650
293T_TFF1_DNA_Pool-1_1D:0T:0F:07	22	1.00001e+06	708565	1.02209e+06	817140	630771
293T_TFF1_DNA_Pool-1_1D:0T:B6:07	20	1.00001e+06	0	1.27614e+06	747291	2.02975e+06
293T_TFF1_DNA_Pool-1_1D:0T:T0:07	44	1.00001e+06	1.23775e+06	487467	699319	468940
293T_TFF1_DNA_Pool-1_1D:0T:X8:03	24	1.00001e+06	0	790366	695988	345092
293T_TFF1_DNA_Pool-1_1D:0U:T4:12	41	1.00001e+06	446595	883897	868716	400781
293T_TFF1_DNA_Pool-1_1D:0X:0I:12	72	1.00001e+06	0	1.479e+06	924743	934114
293T_TFF1_DNA_Pool-1_1D:0X:61:12	26	1.00001e+06	1.94082e+06	882918	748255	5.3821e+06
293T_TFF1_DNA_Pool-1_1D:0X:A6:07	37	1.00001e+06	1.63488e+06	706893	854237	161848
293T_TFF1_DNA_Pool-1_1D:0X:I2:07	31	1.00001e+06	0	829640	810482	0
293T_TFF1_DNA_Pool-1_1D:0X:O5:12	44	1.00001e+06	2.83364e+06	954535	659652	430660
293T_TFF1_DNA_Pool-1_1D:0X:T2:03	228	1.00001e+06	558990	1.90474e+06	824388	909358
293T_TFF1_DNA_Pool-1_1D:0X:X3:07	53	1.00001e+06	0	789019	814071	336088
293T_TFF1_DNA_Pool-1_1D:0X:Y2:02	181	1.00001e+06	0	3.21499e+06	1.08358e+06	4.00938e+06
293T_TFF1_DNA_Pool-1_1D:0X:Y2:12	26	1.00001e+06	0	535062	719433	373572
293T_TFF1_DNA_Pool-1_1D:0Y:0N:07	48	1.00001e+06	1.60293e+06	965640	976854	326423
293T_TFF1_DNA_Pool-1_1D:0Y:0O:11	77	1.00001e+06	1.75549e+06	1.47682e+06	1.13224e+06	1.63045e+06
293T_TFF1_DNA_Pool-1_1D:0Y:24:12	35	1.00001e+06	2.66981e+06	1.06364e+06	915659	3.27495e+06
293T_TFF1_DNA_Pool-1_1D:0Y:25:07	45	1.00001e+06	334595	876602	799414	215973
293T_TFF1_DNA_Pool-1_1D:0Y:61:07	90	1.00001e+06	1.7036e+06	708246	851939	612616
293T_TFF1_DNA_Pool-1_1D:0Y:E8:07	40	1.00001e+06	450817	575754	661205	5.90951e+06
293T_TFF1_DNA_Pool-1_1D:0Y:I2:07	30	1.00001e+06	1.80096e+06	594120	911460	272834
293T_TFF1_DNA_Pool-1_1D:0Y:J8:07	74	1.00001e+06	2.48731e+06	816898	803033	268568
293T_TFF1_DNA_Pool-1_1D:0Y:O2:03	68	1.00001e+06	421168	766653	746195	0
293T_TFF1_DNA_Pool-1_1D:0Y:O6:03	276	1.00001e+06	0	2.33076e+06	2.11538e+06	3.62582e+06
293T_TFF1_DNA_Pool-1_1D:0Y:T0:03	453	1.00001e+06	0	2.56654e+06	4.422e+06	1.84269e+06
293T_TFF1_DNA_Pool-1_1D:0Y:T0:12	122	1.00001e+06	1.27096e+06	1.22949e+06	1.03661e+06	660745
293T_TFF1_DNA_Pool-1_1D:0Y:Y2:02	174	1.00001e+06	3.65244e+06	3.15594e+06	1.19488e+06	1.36269e+06
293T_TFF1_DNA_Pool-1_1D:12:F2:07	158	1.00001e+06	1.63143e+06	1.39745e+06	858446	966743
293T_TFF1_DNA_Pool-1_1D:12:R2:07	68	1.00001e+06	1.69725e+06	1.1795e+06	712087	553585
293T_TFF1_DNA_Pool-1_1D:15:F3:04	20	1.00001e+06	1.60477e+06	350517	665029	0
293T_TFF1_DNA_Pool-1_1D:19:54:07	148	1.00001e+06	611864	1.2011e+06	1.16261e+06	586172
293T_TFF1_DNA_Pool-1_1D:24:34:12	29	1.00001e+06	0	415225	462341	497701
293T_TFF1_DNA_Pool-1_1D:24:54:12	20	1.00001e+06	797515	790720	238288	3.79419e+06
293T_TFF1_DNA_Pool-1_1D:24:E1:07	27	1.00001e+06	1.23345e+06	934308	817912	0
293T_TFF1_DNA_Pool-1_1D:24:Y2:02	48	1.00001e+06	2.45852e+06	1.46233e+06	750426	543006
293T_TFF1_DNA_Pool-1_1D:27:Y6:07	21	1.00001e+06	1.6009e+06	563648	24910	418831
293T_TFF1_DNA_Pool-1_1D:32:R4:07	21	1.00001e+06	442241	461642	11169.3	0
293T_TFF1_DNA_Pool-1_1D:36:F2:07	70	1.00001e+06	835075	857990	786775	214095
293T_TFF1_DNA_Pool-1_1D:36:T4:07	26	1.00001e+06	1.15197e+06	882571	738790	103485
293T_TFF1_DNA_Pool-1_1D:36:Z3:07	42	1.00001e+06	0	1.07918e+06	690802	1.74384e+06
293T_TFF1_DNA_Pool-1_1D:39:A6:02	51	1.00001e+06	0	859342	752848	1.85457e+06
293T_TFF1_DNA_Pool-1_1D:39:O1:06	25	1.00001e+06	0	684900	840202	1.09832e+06
293T_TFF1_DNA_Pool-1_1D:43:F2:07	90	1.00001e+06	0	1.91819e+06	729285	2.55051e+06
293T_TFF1_DNA_Pool-1_1D:43:H8:07	23	1.00001e+06	0	520370	826629	0
293T_TFF1_DNA_Pool-1_1D:47:76:02	29	1.00001e+06	601147	1.24495e+06	798784	3.35889e+06
293T_TFF1_DNA_Pool-1_1D:47:B6:07	46	1.00001e+06	613717	545348	722387	296693
293T_TFF1_DNA_Pool-1_1D:47:J3:01	47	1.00001e+06	1.77398e+06	840003	793172	496802
293T_TFF1_DNA_Pool-1_1D:47:Q6:07	75	1.00001e+06	1.94618e+06	1.61292e+06	4.33131e+06	2.40427e+06
293T_TFF1_DNA_Pool-1_1D:47:Z6:07	24	1.00001e+06	0	470044	159830	2.38859e+06
293T_TFF1_DNA_Pool-1_1D:51:41:07	24	1.00001e+06	1.73859e+06	667250	660548	350793
293T_TFF1_DNA_Pool-1_1D:51:A4:07	55	1.00001e+06	0	1.48882e+06	787057	1.71706e+06
293T_TFF1_DNA_Pool-1_1D:51:B0:07	344	1.00001e+06	1.07103e+07	3.25374e+06	4.11402e+06	2.93659e+06
293T_TFF1_DNA_Pool-1_1D:52:0J:03	45	1.00001e+06	0	1.29113e+06	810301	989816
293T_TFF1_DNA_Pool-1_1D:52:0J:07	21	1.00001e+06	0	984292	737362	611140
293T_TFF1_DNA_Pool-1_1D:52:K5:07	528	1.00001e+06	0	2.11683e+06	7.76231e+06	1.75171e+06
293T_TFF1_DNA_Pool-1_1D:52:S5:07	42	1.00001e+06	0	699811	812294	680763
293T_TFF1_DNA_Pool-1_1D:56:F2:03	21	1.00001e+06	0	413045	704648	124414
293T_TFF1_DNA_Pool-1_1D:60:Y1:07	30	1.00001e+06	0	650454	700980	205762
293T_TFF1_DNA_Pool-1_1D:63:L6:03	28	1.00001e+06	1.35855e+06	442228	798363	250097
293T_TFF1_DNA_Pool-1_1D:63:M4:07	30	1.00001e+06	2.19529e+06	516896	802096	477860
293T_TFF1_DNA_Pool-1_1D:64:I0:07	22	1.00001e+06	0	393943	29901.8	3.15254e-25
293T_TFF1_DNA_Pool-1_1D:64:Q8:07	39	1.00001e+06	0	789486	702528	1.02213e+06
293T_TFF1_DNA_Pool-1_1D:68:F2:07	81	1.00001e+06	856704	1.34971e+06	1.06112e+06	1.43855e+06
293T_TFF1_DNA_Pool-1_1D:68:Y2:02	51	1.00001e+06	2.04937e+06	1.33159e+06	1.01544e+06	563333
293T_TFF1_DNA_Pool-1_1D:72:W2:03	35	1.00001e+06	986323	851971	775016	0
293T_TFF1_DNA_Pool-1_1D:72:X7:03	125	1.00001e+06	849970	1.43865e+06	1.0504e+06	1.23916e+06
293T_TFF1_DNA_Pool-1_1D:72:Y2:02	37	1.00001e+06	1.1889e+06	1.3072e+06	810133	3.35308e+06
293T_TFF1_DNA_Pool-1_1D:83:T0:02	62	1.00001e+06	1.6357e+06	1.38605e+06	1.10723e+06	820415
293T_TFF1_DNA_Pool-1_1D:83:T0:03	136	1.00001e+06	1.52575e+06	1.40813e+06	811606	1.91992e+06
293T_TFF1_DNA_Pool-1_1D:87:B2:07	53	1.00001e+06	0	1.00314e+06	1.20968e+06	268908
293T_TFF1_DNA_Pool-1_1D:91:54:07	29	1.00001e+06	0	750330	711360	2.94255e+06
293T_TFF1_DNA_Pool-1_1D:91:B2:07	33	1.00001e+06	343432	1.33211e+06	872164	430965
293T_TFF1_DNA_Pool-1_1D:91:J6:07	79	1.00001e+06	452067	908751	1.23355e+06	535277
293T_TFF1_DNA_Pool-1_1D:95:0N:12	39	1.00001e+06	0	940490	729010	1.40636e+06
293T_TFF1_DNA_Pool-1_1D:95:46:07	56	1.00001e+06	1.05935e+06	1.32221e+06	818206	1.24135e+06
293T_TFF1_DNA_Pool-1_1D:95:61:07	59	1.00001e+06	0	1.41909e+06	1.6358e+06	504052
293T_TFF1_DNA_Pool-1_1D:95:76:07	50	1.00001e+06	2.06416e+06	743454	758081	344231
293T_TFF1_DNA_Pool-1_1D:95:78:03	32	1.00001e+06	0	824589	57323.6	2.05774e+06
293T_TFF1_DNA_Pool-1_1D:95:97:04	82	1.00001e+06	0	853040	830269	405812
293T_TFF1_DNA_Pool-1_1D:95:F2:12	80	1.00001e+06	0	1.50599e+06	873974	1.37807e+06
293T_TFF1_DNA_Pool-1_1D:95:F8:12	55	1.00001e+06	0	1.03254e+06	268729	2.54528e+06
293T_TFF1_DNA_Pool-1_1D:95:G8:07	171	1.00001e+06	0	1.86041e+06	1.36865e+06	1.17115e+06
293T_TFF1_DNA_Pool-1_1D:95:L0:07	35	1.00001e+06	1.70842e+06	625613	783762	0
293T_TFF1_DNA_Pool-1_1D:95:Q5:12	276	1.00001e+06	1.30656e+06	2.13357e+06	3.25559e+06	1.39511e+06
293T_TFF1_DNA_Pool-1_1D:95:R4:07	41	1.00001e+06	0	684546	704141	2.64769e+06
293T_TFF1_DNA_Pool-1_1D:99:B6:12	42	1.00001e+06	2.2755e+06	699994	771016	297352
293T_TFF1_DNA_Pool-1_1D:99:Q8:07	186	1.00001e+06	0	1.48505e+06	1.72288e+06	385190
293T_TFF1_DNA_Pool-1_1D:A3:54:07	25	1.00001e+06	208267	487186	689408	610478
293T_TFF1_DNA_Pool-1_1D:A3:W0:03	54	1.00001e+06	2.39406e+06	1.86314e+06	827314	4.44688e+06
293T_TFF1_DNA_Pool-1_1D:A4:90:03	30	1.00001e+06	0	753891	782074	1.06026e+06
293T_TFF1_DNA_Pool-1_1D:A7:90:12	25	1.00001e+06	0	433211	661160	530011
293T_TFF1_DNA_Pool-1_1D:A7:P8:12	20	NA	0	632125	772799	2.30341e+06
293T_TFF1_DNA_Pool-1_1D:A7:X8:07	59	1.00001e+06	0	583731	756485	660104
293T_TFF1_DNA_Pool-1_1D:A8:X4:12	83	1.00001e+06	0	1.52618e+06	1.09166e+06	1.78087e+06
293T_TFF1_DNA_Pool-1_1D:B1:G4:07	35	1.00001e+06	1.83054e+06	646968	553631	253604
293T_TFF1_DNA_Pool-1_1D:B1:Z3:07	60	1.00001e+06	1.08864e+06	954454	866037	340338
293T_TFF1_DNA_Pool-1_1D:B2:F2:07	72	1.00001e+06	1.65607e+06	1.32664e+06	817720	636298
293T_TFF1_DNA_Pool-1_1D:B5:02:07	25	1.00001e+06	0	514164	669247	0
293T_TFF1_DNA_Pool-1_1D:B5:T0:07	62	1.00001e+06	2.30019e+06	1.56786e+06	830156	353183
293T_TFF1_DNA_Pool-1_1D:B5:T4:07	53	1.00001e+06	0	855752	767957	2.17459e+06
293T_TFF1_DNA_Pool-1_1D:B6:0I:12	22	1.00001e+06	509642	2.78909e+06	956494	2.17311e+06
293T_TFF1_DNA_Pool-1_1D:B6:25:03	20	1.00001e+06	1.63033e+06	486753	220295	86310.2
293T_TFF1_DNA_Pool-1_1D:B6:Y2:02	55	1.00001e+06	0	2.02931e+06	1.13411e+06	3.26435e+06
293T_TFF1_DNA_Pool-1_1D:C0:B2:12	97	1.00001e+06	1.20764e+06	1.10888e+06	879626	689944
293T_TFF1_DNA_Pool-1_1D:C0:Y2:03	27	1.00001e+06	0	617211	854132	157722
293T_TFF1_DNA_Pool-1_1D:C4:B2:12	79	1.00001e+06	1.29024e+06	1.13724e+06	840104	598849
293T_TFF1_DNA_Pool-1_1D:C7:58:07	32	1.00001e+06	1.61333e+06	573016	799638	262277
293T_TFF1_DNA_Pool-1_1D:C7:Q8:07	68	1.00001e+06	370880	1.16366e+06	851816	1.43046e+06
293T_TFF1_DNA_Pool-1_1D:C8:S6:12	22	1.00001e+06	0	487049	768045	51873.2
293T_TFF1_DNA_Pool-1_1D:D1:F2:07	172	1.00001e+06	0	2.06289e+06	2.06534e+06	1.09119e+06
293T_TFF1_DNA_Pool-1_1D:D2:28:07	26	1.00001e+06	0	585413	630331	330954
293T_TFF1_DNA_Pool-1_1D:E0:Q0:03	30	1.00001e+06	305020	1.02041e+06	826505	661372
293T_TFF1_DNA_Pool-1_1D:E3:17:07	34	1.00001e+06	2.35482e+06	858023	736894	394187
293T_TFF1_DNA_Pool-1_1D:E3:28:07	96	1.00001e+06	0	942033	744215	340426
293T_TFF1_DNA_Pool-1_1D:E3:G8:01	103	1.00001e+06	561004	1.41457e+06	771014	2.43825e+06
293T_TFF1_DNA_Pool-1_1D:E3:J8:07	59	1.00001e+06	0	706271	834400	5.22907e-34
293T_TFF1_DNA_Pool-1_1D:E3:T0:07	119	1.00001e+06	1.40842e+06	1.4566e+06	1.10691e+06	570359
293T_TFF1_DNA_Pool-1_1D:E3:W2:07	116	1.00001e+06	0	1.33192e+06	1.19843e+06	923086
293T_TFF1_DNA_Pool-1_1D:E4:T0:07	47	1.00001e+06	185678	537364	768064	613254
293T_TFF1_DNA_Pool-1_1D:E4:X3:12	32	1.00001e+06	2.27007e+06	818146	823287	60983.9
293T_TFF1_DNA_Pool-1_1D:E7:54:07	22	1.00001e+06	1.25499e+06	878844	806429	1.24222e+06
293T_TFF1_DNA_Pool-1_1D:E7:Y2:02	33	1.00001e+06	2.17148e+06	1.28387e+06	217310	506195
293T_TFF1_DNA_Pool-1_1D:F1:37:07	41	1.00001e+06	197750	590233	813400	0
293T_TFF1_DNA_Pool-1_1D:F1:T4:07	55	1.00001e+06	1.38816e+06	1.00563e+06	800877	786392
293T_TFF1_DNA_Pool-1_1D:F1:Y6:07	112	1.00001e+06	0	1.32595e+06	972356	1.03394e+06
293T_TFF1_DNA_Pool-1_1D:F2:54:07	31	1.00001e+06	1.70397e+06	448101	711812	367880
293T_TFF1_DNA_Pool-1_1D:F2:B6:07	24	1.00001e+06	1.78356e+06	412758	735456	701397
293T_TFF1_DNA_Pool-1_1D:F2:F2:03	40	1.00001e+06	2.39514e+06	840604	984490	1.08225e+06
293T_TFF1_DNA_Pool-1_1D:F2:Y2:02	54	1.00001e+06	0	1.31536e+06	776738	241135
293T_TFF1_DNA_Pool-1_1D:F7:0F:07	41	1.00001e+06	1.11906e+06	811265	776617	172267
293T_TFF1_DNA_Pool-1_1D:F7:F8:03	61	1.00001e+06	0	594653	831078	364297
293T_TFF1_DNA_Pool-1_1D:F9:0R:07	71	1.00001e+06	1.64123e+06	784013	755297	588631
293T_TFF1_DNA_Pool-1_1D:F9:24:07	41	1.00001e+06	1.84246e+06	507556	745634	66582.7
293T_TFF1_DNA_Pool-1_1D:G4:T2:07	31	1.00001e+06	1.75575e+06	771005	771686	3.59104e+06
293T_TFF1_DNA_Pool-1_1D:G8:B2:07	21	1.00001e+06	1.59204e+06	407343	514401	78624.6
293T_TFF1_DNA_Pool-1_1D:G8:E6:03	99	1.00001e+06	806681	1.40035e+06	1.23272e+06	688965
293T_TFF1_DNA_Pool-1_1D:G8:P8:07	25	1.00001e+06	1.63188e+06	620736	795945	35308.7
293T_TFF1_DNA_Pool-1_1D:H2:54:12	21	1.00001e+06	1.88577e+06	798055	698825	2.10922e+06
293T_TFF1_DNA_Pool-1_1D:H2:J0:07	29	1.00001e+06	0	616912	732316	140930
293T_TFF1_DNA_Pool-1_1D:H6:84:07	33	1.00001e+06	0	2.06196e+06	854324	1.84035e+06
293T_TFF1_DNA_Pool-1_1D:H6:A4:07	52	1.00001e+06	1.85481e+06	654047	951827	352970
293T_TFF1_DNA_Pool-1_1D:I4:B2:12	93	1.00001e+06	2.07589e+06	962164	864140	314393
293T_TFF1_DNA_Pool-1_1D:I4:E2:03	72	1.00001e+06	0	864137	799646	177230
293T_TFF1_DNA_Pool-1_1D:I4:H6:07	20	1.00001e+06	0	377317	841481	0
293T_TFF1_DNA_Pool-1_1D:I7:C8:03	43	1.00001e+06	1.24714e+06	1.90662e+06	737660	818450
293T_TFF1_DNA_Pool-1_1D:I8:93:03	25	1.00001e+06	2.07676e+06	619562	720469	398974
293T_TFF1_DNA_Pool-1_1D:J1:93:07	41	1.00001e+06	0	669836	686227	0
293T_TFF1_DNA_Pool-1_1D:J1:A5:12	56	1.00001e+06	1.59073e+06	836197	769409	291104
293T_TFF1_DNA_Pool-1_1D:J1:D4:07	28	1.00001e+06	1.1984e+06	490707	762013	2.44369e+06
293T_TFF1_DNA_Pool-1_1D:J1:F8:07	132	1.00001e+06	955922	1.51892e+06	1.01878e+06	884403
293T_TFF1_DNA_Pool-1_1D:J1:G9:12	24	1.00001e+06	0	464343	737420	212587
293T_TFF1_DNA_Pool-1_1D:J1:Q4:12	25	1.00001e+06	2.13826e+06	920894	996158	1.02129e+06
293T_TFF1_DNA_Pool-1_1D:J1:R0:01	99	1.00001e+06	0	1.16552e+06	832227	578156
293T_TFF1_DNA_Pool-1_1D:J1:Y2:02	142	1.00001e+06	2.05601e+06	1.80436e+06	1.19521e+06	866776
293T_TFF1_DNA_Pool-1_1D:K0:0F:04	31	1.00001e+06	1.12617e+06	833246	648496	1.85832e+06
293T_TFF1_DNA_Pool-1_1D:K0:X7:12	61	1.00001e+06	1.71973e+06	949209	700357	365967
293T_TFF1_DNA_Pool-1_1D:K0:Y2:02	37	1.00001e+06	1.79955e+06	1.9883e+06	717991	872231
293T_TFF1_DNA_Pool-1_1D:K7:E6:07	26	1.00001e+06	185433	470574	707808	191066
293T_TFF1_DNA_Pool-1_1D:K7:F2:12	36	1.00001e+06	0	619355	764719	305942
293T_TFF1_DNA_Pool-1_1D:K8:17:07	20	1.00001e+06	1.82672e+06	772687	847680	553797
293T_TFF1_DNA_Pool-1_1D:L1:F2:07	91	1.00001e+06	258202	845565	838412	351923
293T_TFF1_DNA_Pool-1_1D:L2:66:07	25	1.00001e+06	2.46244e+06	1.88695e+06	638492	267584
293T_TFF1_DNA_Pool-1_1D:L2:M1:01	24	1.00001e+06	2.2719e+06	530975	240358	1.13653e+06
293T_TFF1_DNA_Pool-1_1D:L6:0I:07	29	1.00001e+06	1.60436e+06	564442	600394	341638
293T_TFF1_DNA_Pool-1_1D:L6:S6:07	48	1.00001e+06	355363	1.03463e+06	678952	782680
293T_TFF1_DNA_Pool-1_1D:L6:T2:12	35	1.00001e+06	0	1.62035e+06	746192	1.815e+06
293T_TFF1_DNA_Pool-1_1D:L9:C0:12	580	1.00001e+06	8.64776e+06	3.56344e+06	8.9929e+06	3.90805e+06
293T_TFF1_DNA_Pool-1_1D:M0:76:03	44	1.00001e+06	0	523070	781323	422648
293T_TFF1_DNA_Pool-1_1D:M0:76:07	21	1.00001e+06	399210	1.17461e+06	753292	996903
293T_TFF1_DNA_Pool-1_1D:M0:F2:07	93	1.00001e+06	1.83013e+06	1.0904e+06	831179	273628
293T_TFF1_DNA_Pool-1_1D:M0:J0:07	29	1.00001e+06	1.62882e+06	621435	544460	0
293T_TFF1_DNA_Pool-1_1D:M0:O6:07	21	1.00001e+06	0	999300	730136	2.25627e+06
293T_TFF1_DNA_Pool-1_1D:M0:Q8:07	39	1.00001e+06	0	592972	837673	0
293T_TFF1_DNA_Pool-1_1D:M3:N8:07	20	1.00001e+06	923250	1.23372e+06	842724	844522
293T_TFF1_DNA_Pool-1_1D:M3:S9:07	22	1.00001e+06	2.0559e+06	560118	769743	173170
293T_TFF1_DNA_Pool-1_1D:M3:Y2:02	63	1.00001e+06	0	1.82163e+06	849227	567714
293T_TFF1_DNA_Pool-1_1D:M4:97:07	112	1.00001e+06	1.29027e+06	1.03771e+06	730262	709314
293T_TFF1_DNA_Pool-1_1D:M4:Z3:07	59	1.00001e+06	1.35193e+06	676394	872220	272809
293T_TFF1_DNA_Pool-1_1D:N2:K5:07	43	1.00001e+06	1.6254e+06	805364	843279	293324
293T_TFF1_DNA_Pool-1_1D:N2:M8:07	20	1.00001e+06	1.2889e+06	1.32413e+06	831014	1.47467e+06
293T_TFF1_DNA_Pool-1_1D:N5:A4:12	43	1.00001e+06	0	552065	769451	806116
293T_TFF1_DNA_Pool-1_1D:N5:B2:07	24	1.00001e+06	2.20884e+06	802966	746437	1.70359e+06
293T_TFF1_DNA_Pool-1_1D:N5:F3:07	56	1.00001e+06	701360	1.12428e+06	783448	1.31675e+06
293T_TFF1_DNA_Pool-1_1D:N9:0N:07	62	1.00001e+06	0	1.15578e+06	719286	390276
293T_TFF1_DNA_Pool-1_1D:N9:0R:07	68	1.00001e+06	2.07353e+06	1.1158e+06	777396	2.83367e+06
293T_TFF1_DNA_Pool-1_1D:N9:0W:03	51	1.00001e+06	1.46721e+06	1.07841e+06	862156	720015
293T_TFF1_DNA_Pool-1_1D:N9:46:07	53	1.00001e+06	755250	1.28926e+06	1.12733e+06	2.02474e+06
293T_TFF1_DNA_Pool-1_1D:N9:84:12	69	1.00001e+06	342101	906719	806568	3.07518e+06
293T_TFF1_DNA_Pool-1_1D:N9:A4:07	546	1.00001e+06	0	2.53261e+06	6.35656e+06	1.61513e+06
293T_TFF1_DNA_Pool-1_1D:N9:E6:07	148	1.00001e+06	0	1.86424e+06	1.25479e+06	3.28978e+06
293T_TFF1_DNA_Pool-1_1D:N9:F3:07	93	1.00001e+06	797787	1.58746e+06	1.21474e+06	1.25138e+06
293T_TFF1_DNA_Pool-1_1D:N9:H6:03	76	1.00001e+06	1.38178e+06	1.07874e+06	953000	311390
293T_TFF1_DNA_Pool-1_1D:N9:M8:07	72	1.00001e+06	878644	985482	678568	283675
293T_TFF1_DNA_Pool-1_1D:N9:P3:04	23	1.00001e+06	0	332079	761990	267507
293T_TFF1_DNA_Pool-1_1D:N9:Q8:07	204	1.00001e+06	1.32185e+06	1.44858e+06	751712	873683
293T_TFF1_DNA_Pool-1_1D:N9:T7:07	40	1.00001e+06	1.83393e+06	842343	799501	1.861e+06
293T_TFF1_DNA_Pool-1_1D:N9:U5:08	32	1.00001e+06	1.74294e+06	461531	792880	0
293T_TFF1_DNA_Pool-1_1D:N9:W2:07	146	1.00001e+06	0	1.70108e+06	1.25477e+06	2.36626e+06
293T_TFF1_DNA_Pool-1_1D:N9:Y2:02	171	1.00001e+06	2.40829e+06	2.93489e+06	954828	2.56188e+06
293T_TFF1_DNA_Pool-1_1D:N9:Z3:05	283	1.00001e+06	2.44316e+06	1.9698e+06	2.14912e+06	1.13121e+06
293T_TFF1_DNA_Pool-1_1D:O7:76:07	24	1.00001e+06	117099	640864	17948.1	135186
293T_TFF1_DNA_Pool-1_1D:O7:93:12	437	1.00001e+06	2.65147e+06	3.08689e+06	5.75093e+06	3.07883e+06
293T_TFF1_DNA_Pool-1_1D:O7:C8:12	31	1.00001e+06	0	921117	805962	762809
293T_TFF1_DNA_Pool-1_1D:O7:I9:12	34	1.00001e+06	0	359159	767262	379327
293T_TFF1_DNA_Pool-1_1D:O7:K1:07	36	1.00001e+06	0	497361	960748	0
293T_TFF1_DNA_Pool-1_1D:O7:L7:03	40	1.00001e+06	457040	1.54086e+06	967676	102662
293T_TFF1_DNA_Pool-1_1D:O7:X8:12	29	1.00001e+06	197397	703308	817280	1.8634e+06
293T_TFF1_DNA_Pool-1_1D:P5:A4:12	30	1.00001e+06	2.07063e+06	449772	741493	0
293T_TFF1_DNA_Pool-1_1D:P5:Y2:07	43	1.00001e+06	1.22461e+06	1.50561e+06	818238	1.39127e+06
293T_TFF1_DNA_Pool-1_1D:P6:61:07	42	1.00001e+06	1.29425e+06	838673	642410	535513
293T_TFF1_DNA_Pool-1_1D:Q0:N7:03	44	1.00001e+06	0	954965	743269	737040
293T_TFF1_DNA_Pool-1_1D:Q0:X4:12	100	1.00001e+06	0	1.39598e+06	842646	887054
293T_TFF1_DNA_Pool-1_1D:Q3:F2:07	110	1.00001e+06	1.53712e+06	1.25964e+06	898007	545864
293T_TFF1_DNA_Pool-1_1D:Q3:Y2:02	54	1.00001e+06	0	2.85291e+06	871328	3.63966e+06
293T_TFF1_DNA_Pool-1_1D:Q8:Y2:02	53	1.00001e+06	2.12603e+06	2.02923e+06	770256	774457
293T_TFF1_DNA_Pool-1_1D:R1:54:03	42	1.00001e+06	2.09527e+06	576191	135332	840758
293T_TFF1_DNA_Pool-1_1D:R1:76:07	20	1.00001e+06	0	1.07934e+06	40018	163442
293T_TFF1_DNA_Pool-1_1D:R6:0N:04	21	1.00001e+06	1.37808e+06	274115	15734	0
293T_TFF1_DNA_Pool-1_1D:R6:Y2:02	40	1.00001e+06	785981	1.32091e+06	759483	785358
293T_TFF1_DNA_Pool-1_1D:R9:F3:03	22	1.00001e+06	0	635267	662842	587840
293T_TFF1_DNA_Pool-1_1D:R9:T4:07	73	1.00001e+06	0	1.01926e+06	895197	1.66604e+06
293T_TFF1_DNA_Pool-1_1D:S0:84:07	36	1.00001e+06	0	623558	720011	152375
293T_TFF1_DNA_Pool-1_1D:S3:F3:07	39	1.00001e+06	2.11961e+06	1.00554e+06	874332	572992
293T_TFF1_DNA_Pool-1_1D:S3:S6:12	25	1.00001e+06	2.67674e+06	1.05913e+06	817683	4.07263e+06
293T_TFF1_DNA_Pool-1_1D:S7:0R:07	61	1.00001e+06	684374	993419	845069	537262
293T_TFF1_DNA_Pool-1_1D:S7:54:03	74	1.00001e+06	487584	808456	791730	625933
293T_TFF1_DNA_Pool-1_1D:S7:A4:07	209	1.00001e+06	1.01788e+06	1.62249e+06	1.30073e+06	886100
293T_TFF1_DNA_Pool-1_1D:S7:A6:01	134	1.00001e+06	543082	1.10004e+06	1.06178e+06	387307
293T_TFF1_DNA_Pool-1_1D:S7:B8:07	33	1.00001e+06	207031	583034	701073	455794
293T_TFF1_DNA_Pool-1_1D:S7:G1:03	99	1.00001e+06	1.48218e+06	1.73914e+06	896616	4.06062e+06
293T_TFF1_DNA_Pool-1_1D:S7:G2:11	35	1.00001e+06	1.59283e+06	520423	761905	0
293T_TFF1_DNA_Pool-1_1D:S7:G8:01	58	1.00001e+06	2.34843e+06	1.12447e+06	763693	1.3961e+06
293T_TFF1_DNA_Pool-1_1D:S7:Y2:12	41	1.00001e+06	2.09195e+06	733236	835700	540333
293T_TFF1_DNA_Pool-1_1D:S8:09:07	25	1.00001e+06	1.54784e+06	517183	789511	0
293T_TFF1_DNA_Pool-1_1D:S8:54:07	73	1.00001e+06	0	1.40059e+06	885629	3.57641e+06
293T_TFF1_DNA_Pool-1_1D:S8:B6:07	35	1.00001e+06	0	459349	668472	203794
293T_TFF1_DNA_Pool-1_1D:S8:Q5:07	38	1.00001e+06	0	855777	743250	301565
293T_TFF1_DNA_Pool-1_1D:S8:R4:07	31	1.00001e+06	395377	613397	859768	5.06421e+06
293T_TFF1_DNA_Pool-1_1D:T1:Q8:07	71	1.00001e+06	2.86469e+06	1.11561e+06	772910	741751
293T_TFF1_DNA_Pool-1_1D:T1:R4:07	25	1.00001e+06	116941	766723	195017	4.31308e+06
293T_TFF1_DNA_Pool-1_1D:U3:M1:01	188	1.00001e+06	0	1.3338e+06	904366	1.10041e+06
293T_TFF1_DNA_Pool-1_1D:U3:Y2:02	50	1.00001e+06	0	2.08942e+06	768599	1.11625e+06
293T_TFF1_DNA_Pool-1_1D:U4:0R:07	40	1.00001e+06	1.39452e+06	754146	747664	214600
293T_TFF1_DNA_Pool-1_1D:U4:97:03	30	1.00001e+06	1.39226e+06	1.13114e+06	685286	457062
293T_TFF1_DNA_Pool-1_1D:U4:N0:12	20	1.00001e+06	1.44501e+06	722506	188270	1.05958e+06
293T_TFF1_DNA_Pool-1_1D:U4:N8:07	24	1.00001e+06	0	628980	750345	0
293T_TFF1_DNA_Pool-1_1D:U4:T2:07	66	1.00001e+06	2.12554e+06	913223	779836	406110
293T_TFF1_DNA_Pool-1_1D:U7:0J:07	42	1.00001e+06	0	766480	769238	2.70712e+06
293T_TFF1_DNA_Pool-1_1D:U7:46:12	267	1.00001e+06	0	2.19021e+06	2.13248e+06	2.12862e+06
293T_TFF1_DNA_Pool-1_1D:V1:08:03	24	1.00001e+06	0	956209	778885	152752
293T_TFF1_DNA_Pool-1_1D:V1:Y2:02	73	1.00001e+06	2.15678e+06	1.704e+06	895404	744043
293T_TFF1_DNA_Pool-1_1D:V2:94:07	32	1.00001e+06	667028	997162	731023	3.64876e+06
293T_TFF1_DNA_Pool-1_1D:V2:W1:07	59	1.00001e+06	1.09964e+06	1.00408e+06	768915	696690
293T_TFF1_DNA_Pool-1_1D:V5:Z3:07	32	1.00001e+06	1.09457e+06	946415	779864	2.84358e+06
293T_TFF1_DNA_Pool-1_1D:V6:94:07	49	1.00001e+06	197983	583636	773250	84777
293T_TFF1_DNA_Pool-1_1D:V6:Z3:07	94	1.00001e+06	1.30261e+06	1.16341e+06	867376	568972
293T_TFF1_DNA_Pool-1_1D:V9:P8:07	31	1.00001e+06	125674	640502	209450	779207
293T_TFF1_DNA_Pool-1_1D:V9:X3:12	20	1.00001e+06	0	625716	760957	1.00631e+06
293T_TFF1_DNA_Pool-1_1D:W0:F3:07	91	1.00001e+06	835764	1.18302e+06	957993	1.41529e+06
293T_TFF1_DNA_Pool-1_1D:W0:G9:07	61	1.00001e+06	1.84798e+06	887936	904585	1.55957e+06
293T_TFF1_DNA_Pool-1_1D:W0:N8:07	26	1.00001e+06	0	450815	775050	127382
293T_TFF1_DNA_Pool-1_1D:W0:W2:07	33	1.00001e+06	0	1.02033e+06	826414	704022
293T_TFF1_DNA_Pool-1_1D:W3:X7:12	49	1.00001e+06	0	555269	644282	225452
293T_TFF1_DNA_Pool-1_1D:W7:E1:07	25	1.00001e+06	0	546141	11463.4	160499
293T_TFF1_DNA_Pool-1_1D:W8:Y2:07	68	1.00001e+06	2.02988e+06	890025	727651	417299
293T_TFF1_DNA_Pool-1_1D:X2:N3:07	47	1.00001e+06	2.7489e+06	1.33222e+06	878139	554802
293T_TFF1_DNA_Pool-1_1D:X5:14:07	41	1.00001e+06	120162	568492	802035	118572
293T_TFF1_DNA_Pool-1_1D:X5:17:07	68	1.00001e+06	1.87822e+06	982350	810034	325943
293T_TFF1_DNA_Pool-1_1D:X5:41:07	88	1.00001e+06	754171	1.09335e+06	866435	1.03421e+06
293T_TFF1_DNA_Pool-1_1D:X5:69:07	72	1.00001e+06	3.72064e+06	1.36164e+06	744767	1.58956e+06
293T_TFF1_DNA_Pool-1_1D:X5:A0:07	97	1.00001e+06	0	1.13153e+06	931990	2.58156e+06
293T_TFF1_DNA_Pool-1_1D:X5:A4:07	370	1.00001e+06	0	2.47048e+06	3.16453e+06	788081
293T_TFF1_DNA_Pool-1_1D:X5:C0:07	59	1.00001e+06	1.05199e+06	1.26888e+06	865254	437431
293T_TFF1_DNA_Pool-1_1D:X5:D4:07	58	1.00001e+06	2.12798e+06	983022	913832	1.58684e+06
293T_TFF1_DNA_Pool-1_1D:X5:D7:07	35	1.00001e+06	1.7262e+06	821007	533252	277957
293T_TFF1_DNA_Pool-1_1D:X5:H4:07	39	1.00001e+06	0	773293	773305	811193
293T_TFF1_DNA_Pool-1_1D:X5:I9:07	155	1.00001e+06	1.98972e+06	1.48366e+06	875939	1.48384e+06
293T_TFF1_DNA_Pool-1_1D:X5:J3:07	68	1.00001e+06	619026	593066	802978	672022
293T_TFF1_DNA_Pool-1_1D:X5:O6:12	70	1.00001e+06	2.25292e+06	1.29657e+06	967207	1.37341e+06
293T_TFF1_DNA_Pool-1_1D:X5:O9:07	78	1.00001e+06	0	863514	900377	2.25852e+06
293T_TFF1_DNA_Pool-1_1D:X5:T8:07	65	1.00001e+06	1.97017e+06	977006	826551	331226
293T_TFF1_DNA_Pool-1_1D:X5:X0:07	30	1.00001e+06	1.89754e+06	918609	882715	493118
293T_TFF1_DNA_Pool-1_1D:X5:Z0:07	69	1.00001e+06	2.05238e+06	1.55172e+06	1.2063e+06	721869
293T_TFF1_DNA_Pool-1_1D:X6:0O:07	393	1.00001e+06	2.35167e+06	2.19972e+06	2.66314e+06	1.00427e+06
293T_TFF1_DNA_Pool-1_1D:X6:T4:12	48	1.00001e+06	0	1.06133e+06	938310	901163
293T_TFF1_DNA_Pool-1_1D:X9:T0:12	34	1.00001e+06	2.10349e+06	592092	16374.4	419774
293T_TFF1_DNA_Pool-1_1D:Y3:M0:12	138	1.00001e+06	0	1.28681e+06	861060	1.26743e+06
293T_TFF1_DNA_Pool-1_1D:Y3:M4:07	91	1.00001e+06	1.6781e+06	1.15621e+06	1.06781e+06	980629
293T_TFF1_DNA_Pool-1_1D:Y3:U5:01	48	1.00001e+06	170049	637286	875077	296158
293T_TFF1_DNA_Pool-1_1D:Z1:A4:12	39	1.00001e+06	285992	490662	773460	168549
293T_TFF1_DNA_Pool-1_1D:Z5:P3:07	22	1.00001e+06	1.69807e+06	671206	866141	191981
293T_TFF1_DNA_Pool-1_1C:08:M8:11	36	1.00001e+06	875048	1.04758e+06	830965	542283
293T_TFF1_DNA_Pool-1_1C:0A:H6:11	20	1.00001e+06	0	420816	14578.9	281774
293T_TFF1_DNA_Pool-1_1C:0E:0R:07	29	1.00001e+06	1.11014e+06	1.99798e+06	637666	809934
293T_TFF1_DNA_Pool-1_1C:0H:T0:11	35	1.00001e+06	2.15993e+06	626285	747831	0
293T_TFF1_DNA_Pool-1_1C:0I:50:07	25	1.00001e+06	485011	540646	644550	867486
293T_TFF1_DNA_Pool-1_1C:0Q:F8:08	31	1.00001e+06	0	1.10355e+06	910413	674715
293T_TFF1_DNA_Pool-1_1C:0X:29:02	34	1.00001e+06	0	790833	841538	182497
293T_TFF1_DNA_Pool-1_1C:0X:G0:01	57	1.00001e+06	0	631267	755803	101221
293T_TFF1_DNA_Pool-1_1C:0X:O5:11	21	1.00001e+06	802137	2.51258e+06	735739	0
293T_TFF1_DNA_Pool-1_1C:0Y:54:08	54	1.00001e+06	0	1.16905e+06	767785	827577
293T_TFF1_DNA_Pool-1_1C:0Y:56:11	54	1.00001e+06	0	1.21604e+06	921793	2.09033e+06
293T_TFF1_DNA_Pool-1_1C:0Y:G4:06	50	1.00001e+06	0	1.1341e+06	729699	4.63218e+06
293T_TFF1_DNA_Pool-1_1C:0Y:G5:11	139	1.00001e+06	1.4022e+06	1.20769e+06	965665	361886
293T_TFF1_DNA_Pool-1_1C:0Y:J0:08	142	1.00001e+06	1.90901e+06	1.64878e+06	1.5184e+06	1.20397e+06
293T_TFF1_DNA_Pool-1_1C:0Y:L6:11	37	1.00001e+06	2.37862e+06	864945	723491	1.20124e+06
293T_TFF1_DNA_Pool-1_1C:0Y:M0:08	39	1.00001e+06	0	1.18339e+06	734076	481494
293T_TFF1_DNA_Pool-1_1C:0Y:X3:11	83	1.00001e+06	3.10657e+06	1.72303e+06	1.02856e+06	794918
293T_TFF1_DNA_Pool-1_1C:0Y:X4:09	26	1.00001e+06	0	494194	577293	249219
293T_TFF1_DNA_Pool-1_1C:11:G5:08	23	1.00001e+06	1.51338e+06	563496	9883.28	7.11973e-11
293T_TFF1_DNA_Pool-1_1C:11:N7:11	24	1.00001e+06	1.23286e+06	250277	633688	0
293T_TFF1_DNA_Pool-1_1C:19:M8:08	33	1.00001e+06	116227	428296	806478	448367
293T_TFF1_DNA_Pool-1_1C:23:T4:08	45	1.00001e+06	682849	924160	780795	619262
293T_TFF1_DNA_Pool-1_1C:24:46:11	49	1.00001e+06	0	1.06021e+06	866447	1.28519e+06
293T_TFF1_DNA_Pool-1_1C:24:X8:01	37	1.00001e+06	1.09503e+06	1.01759e+06	900838	115096
293T_TFF1_DNA_Pool-1_1C:32:B0:08	30	1.00001e+06	543413	611251	615600	212416
293T_TFF1_DNA_Pool-1_1C:32:H6:11	23	1.00001e+06	355435	1.04068e+06	797162	3.02163e+06
293T_TFF1_DNA_Pool-1_1C:39:J3:01	127	1.00001e+06	1.56055e+06	1.31755e+06	851866	736169
293T_TFF1_DNA_Pool-1_1C:40:H2:08	32	1.00001e+06	2.00214e+06	595296	766090	264551
293T_TFF1_DNA_Pool-1_1C:47:B2:11	35	1.00001e+06	800444	797158	760729	851724
293T_TFF1_DNA_Pool-1_1C:47:F3:11	34	1.00001e+06	1.81585e+06	532757	971607	985514
293T_TFF1_DNA_Pool-1_1C:47:F8:08	48	1.00001e+06	1.22597e+06	1.16621e+06	933005	369391
293T_TFF1_DNA_Pool-1_1C:47:J3:01	198	1.00001e+06	1.33727e+06	1.6279e+06	1.26272e+06	564257
293T_TFF1_DNA_Pool-1_1C:47:O9:11	29	1.00001e+06	0	570868	795316	452859
293T_TFF1_DNA_Pool-1_1C:47:T2:11	21	1.00001e+06	0	905404	239951	524038
293T_TFF1_DNA_Pool-1_1C:60:18:11	38	1.00001e+06	206686	785942	709991	616315
293T_TFF1_DNA_Pool-1_1C:60:E1:09	29	1.00001e+06	1.69509e+06	1.24889e+06	775090	2.94962e+06
293T_TFF1_DNA_Pool-1_1C:63:17:11	21	1.00001e+06	0	439294	715410	260875
293T_TFF1_DNA_Pool-1_1C:63:E6:11	25	1.00001e+06	1.59249e+06	934598	732018	0
293T_TFF1_DNA_Pool-1_1C:71:0R:09	20	1.00001e+06	118147	443343	562749	0
293T_TFF1_DNA_Pool-1_1C:72:J4:11	20	1.00001e+06	0	912504	852604	2.85924e+06
293T_TFF1_DNA_Pool-1_1C:72:P0:08	40	1.00001e+06	0	632907	716675	262672
293T_TFF1_DNA_Pool-1_1C:76:76:08	25	1.00001e+06	0	703381	249884	0
293T_TFF1_DNA_Pool-1_1C:80:J3:01	63	1.00001e+06	394198	1.00716e+06	990764	1.24319e+06
293T_TFF1_DNA_Pool-1_1C:83:O2:11	23	1.00001e+06	0	652274	801565	1.32777e+06
293T_TFF1_DNA_Pool-1_1C:83:Y6:11	28	1.00001e+06	0	741693	824758	305696
293T_TFF1_DNA_Pool-1_1C:95:24:08	57	1.00001e+06	0	890265	838084	2.53776e+06
293T_TFF1_DNA_Pool-1_1C:95:F8:07	44	1.00001e+06	2.05001e+06	497280	851242	305316
293T_TFF1_DNA_Pool-1_1C:95:H8:11	32	1.00001e+06	0	593400	761658	0
293T_TFF1_DNA_Pool-1_1C:95:O2:08	52	1.00001e+06	1.63703e+06	1.06307e+06	941769	312801
293T_TFF1_DNA_Pool-1_1C:96:X3:11	23	1.00001e+06	94722	590192	630448	257690
293T_TFF1_DNA_Pool-1_1C:A4:M8:05	21	1.00001e+06	610737	555756	638748	2.792e+06
293T_TFF1_DNA_Pool-1_1C:A7:K1:11	20	1.00001e+06	0	2.73989e+06	776394	675147
293T_TFF1_DNA_Pool-1_1C:A7:Y5:01	92	1.00001e+06	0	836332	1.2935e+06	481538
293T_TFF1_DNA_Pool-1_1C:B1:U6:11	38	1.00001e+06	1.69836e+06	1.01819e+06	755967	297638
293T_TFF1_DNA_Pool-1_1C:B5:76:08	55	1.00001e+06	0	758227	858619	723662
293T_TFF1_DNA_Pool-1_1C:B5:F3:11	23	1.00001e+06	1.54335e+06	1.1645e+06	715912	1.98972e+06
293T_TFF1_DNA_Pool-1_1C:B5:K1:08	21	1.00001e+06	0	644459	623991	400003
293T_TFF1_DNA_Pool-1_1C:B5:M8:08	27	1.00001e+06	0	776801	709015	346876
293T_TFF1_DNA_Pool-1_1C:B6:G5:11	33	1.00001e+06	1.60377e+06	594110	697312	3.25199e+06
293T_TFF1_DNA_Pool-1_1C:B9:O9:05	50	1.00001e+06	0	1.29662e+06	741494	2.43912e+06
293T_TFF1_DNA_Pool-1_1C:C4:65:11	22	1.00001e+06	0	593292	671834	2.12828e+06
293T_TFF1_DNA_Pool-1_1C:C8:S9:11	24	1.00001e+06	0	1.99593e+06	726400	3.43464e+06
293T_TFF1_DNA_Pool-1_1C:D9:H8:11	21	1.00001e+06	628326	561623	183819	1.12391e+06
293T_TFF1_DNA_Pool-1_1C:E3:0R:08	31	1.00001e+06	0	1.34488e+06	803366	65918.2
293T_TFF1_DNA_Pool-1_1C:E3:C0:11	47	1.00001e+06	713448	648745	795284	470121
293T_TFF1_DNA_Pool-1_1C:E3:D4:01	138	1.00001e+06	1.51935e+06	1.39909e+06	1.00676e+06	1.10662e+06
293T_TFF1_DNA_Pool-1_1C:E3:O6:08	52	1.00001e+06	0	1.18819e+06	1.20298e+06	395642
293T_TFF1_DNA_Pool-1_1C:E3:R3:08	22	1.00001e+06	1.87586e+06	520639	238987	689735
293T_TFF1_DNA_Pool-1_1C:F1:F3:07	39	1.00001e+06	1.31584e+06	713780	812544	862439
293T_TFF1_DNA_Pool-1_1C:F6:E8:07	21	1.00001e+06	451975	808150	708587	185533
293T_TFF1_DNA_Pool-1_1C:F7:34:11	22	1.00001e+06	1.78141e+06	593006	785449	157970
293T_TFF1_DNA_Pool-1_1C:F7:94:08	47	1.00001e+06	1.7733e+06	496192	62163.4	221979
293T_TFF1_DNA_Pool-1_1C:G3:J3:01	105	1.00001e+06	704462	1.45308e+06	939247	744930
293T_TFF1_DNA_Pool-1_1C:G7:G5:11	35	1.00001e+06	0	752118	714778	521734
293T_TFF1_DNA_Pool-1_1C:H1:76:08	29	1.00001e+06	3.09336e+06	1.22556e+06	774970	3.36917e+06
293T_TFF1_DNA_Pool-1_1C:H2:F8:11	23	1.00001e+06	373975	254141	200234	0
293T_TFF1_DNA_Pool-1_1C:H2:T0:04	51	1.00001e+06	1.25206e+06	1.03135e+06	815592	551113
293T_TFF1_DNA_Pool-1_1C:H5:09:01	33	1.00001e+06	0	991151	720679	1.31356e+06
293T_TFF1_DNA_Pool-1_1C:I3:E2:11	22	1.00001e+06	0	965069	946889	4.40877e+06
293T_TFF1_DNA_Pool-1_1C:I4:0R:01	28	1.00001e+06	1.81268e+06	535560	649632	806793
293T_TFF1_DNA_Pool-1_1C:I4:O2:11	27	1.00001e+06	0	662238	608270	1.00332e+06
293T_TFF1_DNA_Pool-1_1C:I7:0R:01	58	1.00001e+06	0	1.02847e+06	652208	165577
293T_TFF1_DNA_Pool-1_1C:I7:E2:08	20	1.00001e+06	94545.5	330426	835227	97615.8
293T_TFF1_DNA_Pool-1_1C:J1:17:09	77	1.00001e+06	0	885703	700847	454957
293T_TFF1_DNA_Pool-1_1C:J1:54:08	104	1.00001e+06	878254	1.23666e+06	774348	1.26598e+06
293T_TFF1_DNA_Pool-1_1C:J1:65:08	64	1.00001e+06	207791	652371	764172	695813
293T_TFF1_DNA_Pool-1_1C:J1:81:08	29	1.00001e+06	0	654527	544394	490612
293T_TFF1_DNA_Pool-1_1C:J1:E1:09	143	1.00001e+06	866590	1.69554e+06	710081	1.43455e+06
293T_TFF1_DNA_Pool-1_1C:J1:T2:11	24	1.00001e+06	1.87383e+06	828428	756734	506763
293T_TFF1_DNA_Pool-1_1C:J1:V0:08	32	1.00001e+06	1.57109e+06	605214	882815	424557
293T_TFF1_DNA_Pool-1_1C:J2:90:11	31	1.00001e+06	1.15526e+06	634682	602379	418317
293T_TFF1_DNA_Pool-1_1C:J9:0A:11	47	1.00001e+06	0	879405	591150	563753
293T_TFF1_DNA_Pool-1_1C:K3:81:09	44	1.00001e+06	0	772694	805128	1.37518e+06
293T_TFF1_DNA_Pool-1_1C:K3:J6:08	34	1.00001e+06	428153	910830	681022	1.53177e+06
293T_TFF1_DNA_Pool-1_1C:K7:Y6:08	153	1.00001e+06	0	1.65595e+06	1.92311e+06	1.32237e+06
293T_TFF1_DNA_Pool-1_1C:L2:H6:11	25	1.00001e+06	1.85164e+06	441323	596953	0
293T_TFF1_DNA_Pool-1_1C:L6:24:11	21	1.00001e+06	1.38953e+06	364795	20421.1	54242.9
293T_TFF1_DNA_Pool-1_1C:L6:B2:11	30	1.00001e+06	1.63013e+06	442498	719093	200674
293T_TFF1_DNA_Pool-1_1C:L6:F3:08	20	1.00001e+06	631180	1.0109e+06	573736	3.17904e+06
293T_TFF1_DNA_Pool-1_1C:L6:F3:11	26	1.00001e+06	1.12007e+06	2.57869e+06	1.19494e+06	366005
293T_TFF1_DNA_Pool-1_1C:M3:94:11	21	1.00001e+06	647703	526274	770090	0
293T_TFF1_DNA_Pool-1_1C:M8:Q8:11	21	1.00001e+06	198371	390798	582813	181284
293T_TFF1_DNA_Pool-1_1C:N9:0N:08	52	1.00001e+06	0	638536	735506	1.07757e+06
293T_TFF1_DNA_Pool-1_1C:N9:0W:03	62	1.00001e+06	1.11366e+06	1.00887e+06	878051	599133
293T_TFF1_DNA_Pool-1_1C:N9:41:11	23	1.00001e+06	1.65124e+06	434045	772342	0
293T_TFF1_DNA_Pool-1_1C:N9:F2:08	33	1.00001e+06	713520	338788	655686	530882
293T_TFF1_DNA_Pool-1_1C:N9:H4:08	53	1.00001e+06	2.09315e+06	426123	15411.6	352506
293T_TFF1_DNA_Pool-1_1C:N9:L7:11	24	1.00001e+06	201347	340167	13545.4	0
293T_TFF1_DNA_Pool-1_1C:N9:R7:11	24	1.00001e+06	0	942290	740235	1.29678e+06
293T_TFF1_DNA_Pool-1_1C:O3:A4:11	28	1.00001e+06	1.70188e+06	847433	628297	1.37736e+06
293T_TFF1_DNA_Pool-1_1C:O7:Z8:11	23	1.00001e+06	1.65744e+06	455922	988071	125401
293T_TFF1_DNA_Pool-1_1C:O8:M8:07	22	1.00001e+06	0	1.13918e+06	771407	421329
293T_TFF1_DNA_Pool-1_1C:P2:72:11	44	1.00001e+06	565544	1.03507e+06	846024	451727
293T_TFF1_DNA_Pool-1_1C:P9:72:11	205	1.00001e+06	1.58516e+06	1.98495e+06	962684	1.86764e+06
293T_TFF1_DNA_Pool-1_1C:Q0:C0:11	30	1.00001e+06	1.34403e+06	1.73651e+06	755762	1.29818e+06
293T_TFF1_DNA_Pool-1_1C:Q4:M8:11	30	1.00001e+06	252486	374700	724008	518572
293T_TFF1_DNA_Pool-1_1C:Q7:O6:11	581	1.00001e+06	6.0792e+06	2.56363e+06	6.92384e+06	2.04277e+06
293T_TFF1_DNA_Pool-1_1C:R1:54:11	28	1.00001e+06	1.00971e+06	632881	755727	486475
293T_TFF1_DNA_Pool-1_1C:R5:F8:08	33	1.00001e+06	522800	907044	846958	31106.7
293T_TFF1_DNA_Pool-1_1C:S7:0O:08	34	1.00001e+06	1.8381e+06	832963	697283	1.42025e+06
293T_TFF1_DNA_Pool-1_1C:S7:G4:06	32	1.00001e+06	0	1.00893e+06	813214	373449
293T_TFF1_DNA_Pool-1_1C:S7:K1:11	49	1.00001e+06	694887	1.95856e+06	723466	113578
293T_TFF1_DNA_Pool-1_1C:S7:Q8:08	33	1.00001e+06	2.20699e+06	771020	640125	505199
293T_TFF1_DNA_Pool-1_1C:S8:46:08	44	1.00001e+06	0	635178	762670	290040
293T_TFF1_DNA_Pool-1_1C:S8:A6:11	25	1.00001e+06	2.27046e+06	750067	811179	145460
293T_TFF1_DNA_Pool-1_1C:S8:B2:08	52	1.00001e+06	0	1.10113e+06	1.02369e+06	595073
293T_TFF1_DNA_Pool-1_1C:S8:H2:08	22	1.00001e+06	2.5356e+06	2.33126e+06	960221	938212
293T_TFF1_DNA_Pool-1_1C:S8:S5:08	26	1.00001e+06	1.86307e+06	819416	782260	2.47746e+06
293T_TFF1_DNA_Pool-1_1C:T1:68:11	27	1.00001e+06	639258	993604	716134	43292.3
293T_TFF1_DNA_Pool-1_1C:T1:B6:11	26	1.00001e+06	1.5471e+06	528651	649436	0
293T_TFF1_DNA_Pool-1_1C:U3:17:09	29	1.00001e+06	0	809240	687875	984115
293T_TFF1_DNA_Pool-1_1C:U3:C0:08	30	1.00001e+06	401535	965806	811398	351878
293T_TFF1_DNA_Pool-1_1C:U4:50:08	21	1.00001e+06	197523	335913	15729.3	0
293T_TFF1_DNA_Pool-1_1C:U4:50:11	27	1.00001e+06	0	687345	776956	591527
293T_TFF1_DNA_Pool-1_1C:U7:J3:01	78	1.00001e+06	0	1.08386e+06	852035	155119
293T_TFF1_DNA_Pool-1_1C:U7:M0:11	36	1.00001e+06	1.87809e+06	910586	706762	447213
293T_TFF1_DNA_Pool-1_1C:U8:61:07	20	1.00001e+06	1.65935e+06	350825	779271	0
293T_TFF1_DNA_Pool-1_1C:V2:L6:11	22	1.00001e+06	1.44228e+06	869490	241371	3.17904e+06
293T_TFF1_DNA_Pool-1_1C:V2:M8:11	27	1.00001e+06	2.32905e+06	839303	666563	1.01872e+06
293T_TFF1_DNA_Pool-1_1C:V6:K2:11	90	1.00001e+06	2.40149e+06	638230	497664	285423
293T_TFF1_DNA_Pool-1_1C:W8:G0:11	34	1.00001e+06	1.97555e+06	564229	959951	211852
293T_TFF1_DNA_Pool-1_1C:X1:E2:08	31	1.00001e+06	0	851236	711332	46605.1
293T_TFF1_DNA_Pool-1_1C:X1:X7:08	36	1.00001e+06	198580	1.14769e+06	806036	99971.8
293T_TFF1_DNA_Pool-1_1C:X5:09:08	20	1.00001e+06	197331	518333	761518	172952
293T_TFF1_DNA_Pool-1_1C:X5:0N:08	83	1.00001e+06	0	835115	847768	657788
293T_TFF1_DNA_Pool-1_1C:X5:0R:11	115	1.00001e+06	0	1.07514e+06	1.03318e+06	1.12573e+06
293T_TFF1_DNA_Pool-1_1C:X5:18:09	50	1.00001e+06	0	1.77288e+06	902202	557746
293T_TFF1_DNA_Pool-1_1C:X5:J3:01	476	1.00001e+06	4.19835e+06	2.71953e+06	6.16748e+06	1.68657e+06
293T_TFF1_DNA_Pool-1_1C:X5:K6:08	39	1.00001e+06	1.47873e+06	1.11449e+06	757842	1.4095e+06
293T_TFF1_DNA_Pool-1_1C:X5:O2:08	108	1.00001e+06	0	1.21039e+06	799183	444740
293T_TFF1_DNA_Pool-1_1C:X5:V0:11	42	1.00001e+06	0	875985	808398	472630
293T_TFF1_DNA_Pool-1_1C:X6:49:11	68	1.00001e+06	0	1.22906e+06	699598	1.17453e+06
293T_TFF1_DNA_Pool-1_1C:Z6:Y5:01	28	1.00001e+06	1.58252e+06	365745	12829.7	264341
293T_TFF1_DNA_Pool-1_1B:08:H8:12	21	1.00001e+06	1.74061e+06	202155	609347	93630.8
293T_TFF1_DNA_Pool-1_1B:0A:O9:03	20	1.00001e+06	1.64249e+06	771734	19885.9	524294
293T_TFF1_DNA_Pool-1_1B:0H:0W:03	33	1.00001e+06	1.62721e+06	566533	573073	20562.5
293T_TFF1_DNA_Pool-1_1B:0H:Y5:12	83	1.00001e+06	257840	818576	704479	474472
293T_TFF1_DNA_Pool-1_1B:0H:Z3:12	324	1.00001e+06	916851	1.72138e+06	2.2314e+06	1.03066e+06
293T_TFF1_DNA_Pool-1_1B:0M:J4:01	38	1.00001e+06	1.10593e+06	851193	944233	593697
293T_TFF1_DNA_Pool-1_1B:0M:M0:01	79	1.00001e+06	574051	1.41821e+06	940256	3.71802e+06
293T_TFF1_DNA_Pool-1_1B:0Q:76:01	23	1.00001e+06	0	865649	833666	734536
293T_TFF1_DNA_Pool-1_1B:0U:Z3:03	26	1.00001e+06	1.34682e+06	1.16075e+06	811496	474043
293T_TFF1_DNA_Pool-1_1B:0X:20:07	195	1.00001e+06	0	1.63396e+06	898803	1.68853e+06
293T_TFF1_DNA_Pool-1_1B:0X:41:01	117	1.00001e+06	3.34262e+06	1.66158e+06	1.30882e+06	1.23675e+06
293T_TFF1_DNA_Pool-1_1B:0X:61:01	193	1.00001e+06	0	1.48684e+06	981276	1.26845e+06
293T_TFF1_DNA_Pool-1_1B:0X:72:12	191	1.00001e+06	1.86749e+06	1.68479e+06	1.98546e+06	2.02499e+06
293T_TFF1_DNA_Pool-1_1B:0X:98:01	235	1.00001e+06	1.48654e+06	1.68129e+06	3.21543e+06	1.26679e+06
293T_TFF1_DNA_Pool-1_1B:0X:A0:12	140	1.00001e+06	1.4504e+06	1.27143e+06	1.48081e+06	1.09613e+06
293T_TFF1_DNA_Pool-1_1B:0X:D0:02	55	1.00001e+06	0	852263	1.09871e+06	2.3737e+06
293T_TFF1_DNA_Pool-1_1B:0X:G1:12	54	1.00001e+06	0	800889	908660	0
293T_TFF1_DNA_Pool-1_1B:0X:O6:12	135	1.00001e+06	0	1.38052e+06	1.03691e+06	989922
293T_TFF1_DNA_Pool-1_1B:0X:Y2:12	100	1.00001e+06	1.44101e+06	1.51246e+06	779176	653197
293T_TFF1_DNA_Pool-1_1B:0Y:90:01	79	1.00001e+06	1.24773e+06	708548	1.01336e+06	178625
293T_TFF1_DNA_Pool-1_1B:0Y:B0:12	36	1.00001e+06	0	1.21252e+06	772656	1.07415e+06
293T_TFF1_DNA_Pool-1_1B:0Y:L0:10	22	1.00001e+06	169834	416284	707540	0
293T_TFF1_DNA_Pool-1_1B:0Y:L4:02	40	1.00001e+06	0	1.0612e+06	638044	2.73987e+06
293T_TFF1_DNA_Pool-1_1B:0Y:S6:12	49	1.00001e+06	2.00166e+06	855701	799772	275678
293T_TFF1_DNA_Pool-1_1B:12:Y1:12	34	1.00001e+06	0	1.09651e+06	866848	5.58254e+06
293T_TFF1_DNA_Pool-1_1B:19:E6:02	41	1.00001e+06	0	551417	780547	0
293T_TFF1_DNA_Pool-1_1B:23:W2:01	31	1.00001e+06	217672	437940	815106	163288
293T_TFF1_DNA_Pool-1_1B:24:H4:01	42	1.00001e+06	2.13176e+06	1.14982e+06	765040	1.79998e+06
293T_TFF1_DNA_Pool-1_1B:36:0W:03	26	1.00001e+06	0	627784	27789.8	122967
293T_TFF1_DNA_Pool-1_1B:39:17:02	31	1.00001e+06	0	958716	795846	473534
293T_TFF1_DNA_Pool-1_1B:39:I2:02	82	1.00001e+06	1.7789e+06	1.03999e+06	800362	823219
293T_TFF1_DNA_Pool-1_1B:47:84:04	32	1.00001e+06	0	766742	734596	370848
293T_TFF1_DNA_Pool-1_1B:51:C4:02	43	1.00001e+06	0	1.42888e+06	870855	1.91808e+06
293T_TFF1_DNA_Pool-1_1B:55:A4:05	23	1.00001e+06	1.84794e+06	709138	792836	486930
293T_TFF1_DNA_Pool-1_1B:56:84:04	28	1.00001e+06	0	535381	593429	353526
293T_TFF1_DNA_Pool-1_1B:56:L3:03	37	1.00001e+06	161499	324698	698499	25162.1
293T_TFF1_DNA_Pool-1_1B:64:A2:03	63	1.00001e+06	0	1.25914e+06	913164	2.42225e+06
293T_TFF1_DNA_Pool-1_1B:64:M0:01	83	1.00001e+06	1.18428e+06	743181	772982	152621
293T_TFF1_DNA_Pool-1_1B:64:X7:03	38	1.00001e+06	1.5462e+06	396906	224464	0
293T_TFF1_DNA_Pool-1_1B:72:P8:12	45	1.00001e+06	1.67365e+06	844371	847169	519508
293T_TFF1_DNA_Pool-1_1B:79:E2:01	69	1.00001e+06	990068	1.36015e+06	875212	814276
293T_TFF1_DNA_Pool-1_1B:80:Q8:02	28	1.00001e+06	0	532755	811281	632135
293T_TFF1_DNA_Pool-1_1B:83:T4:12	58	1.00001e+06	0	843577	789078	341836
293T_TFF1_DNA_Pool-1_1B:91:58:02	21	1.00001e+06	1.54336e+06	493171	637875	197369
293T_TFF1_DNA_Pool-1_1B:91:F3:02	20	1.00001e+06	2.34644e+06	714478	632641	1.55118e+06
293T_TFF1_DNA_Pool-1_1B:91:J4:12	33	1.00001e+06	285921	406201	712564	0
293T_TFF1_DNA_Pool-1_1B:92:Y9:07	500	1.00001e+06	3.62962e+06	2.87166e+06	6.69776e+06	2.9549e+06
293T_TFF1_DNA_Pool-1_1B:95:84:04	56	1.00001e+06	1.31229e+06	1.19081e+06	755175	386348
293T_TFF1_DNA_Pool-1_1B:95:E9:12	32	1.00001e+06	224768	1.01205e+06	766131	3.65274e+06
293T_TFF1_DNA_Pool-1_1B:95:L0:07	42	1.00001e+06	0	503887	621735	256553
293T_TFF1_DNA_Pool-1_1B:A0:L0:10	44	1.00001e+06	1.0468e+06	930413	784526	531759
293T_TFF1_DNA_Pool-1_1B:A4:29:02	61	1.00001e+06	0	1.32714e+06	737708	4.68456e+06
293T_TFF1_DNA_Pool-1_1B:A7:54:02	40	1.00001e+06	186248	535490	805178	1.66417e+06
293T_TFF1_DNA_Pool-1_1B:A7:84:04	24	1.00001e+06	982499	1.46051e+06	780904	2.92737e+06
293T_TFF1_DNA_Pool-1_1B:B1:98:12	36	1.00001e+06	1.73193e+06	1.34537e+06	851654	1.0622e+06
293T_TFF1_DNA_Pool-1_1B:B2:0W:11	22	1.00001e+06	1.73732e+06	198216	9809.74	215708
293T_TFF1_DNA_Pool-1_1B:B5:98:12	29	1.00001e+06	1.6683e+06	881544	718132	1.08452e+06
293T_TFF1_DNA_Pool-1_1B:B9:20:07	32	1.00001e+06	0	622788	778213	591567
293T_TFF1_DNA_Pool-1_1B:C7:T8:01	53	1.00001e+06	0	1.087e+06	731250	529417
293T_TFF1_DNA_Pool-1_1B:D1:46:02	31	1.00001e+06	237473	790794	870463	919396
293T_TFF1_DNA_Pool-1_1B:E0:Y5:12	34	1.00001e+06	1.5351e+06	2.51187e+06	1.12486e+06	4.41552e+06
293T_TFF1_DNA_Pool-1_1B:E3:08:12	68	1.00001e+06	0	1.22343e+06	884946	1.15555e+06
293T_TFF1_DNA_Pool-1_1B:E3:29:02	129	1.00001e+06	0	1.2508e+06	1.05019e+06	606633
293T_TFF1_DNA_Pool-1_1B:E3:84:04	47	1.00001e+06	0	1.60328e+06	783344	1.21064e+06
293T_TFF1_DNA_Pool-1_1B:E3:M8:12	36	1.00001e+06	1.58152e+06	670706	832191	268252
293T_TFF1_DNA_Pool-1_1B:E3:O9:11	43	1.00001e+06	1.21212e+06	1.22391e+06	1.01569e+06	4.80935e+06
293T_TFF1_DNA_Pool-1_1B:E3:Q0:12	28	1.00001e+06	1.967e+06	587990	908421	379838
293T_TFF1_DNA_Pool-1_1B:E4:0V:05	23	1.00001e+06	217910	491051	729624	234198
293T_TFF1_DNA_Pool-1_1B:E8:72:01	70	1.00001e+06	1.61846e+06	813886	1.28355e+06	0
293T_TFF1_DNA_Pool-1_1B:F2:84:02	23	1.00001e+06	1.62847e+06	598481	744458	283246
293T_TFF1_DNA_Pool-1_1B:F2:84:04	22	1.00001e+06	0	658264	619883	0
293T_TFF1_DNA_Pool-1_1B:F5:81:02	48	1.00001e+06	1.58751e+06	508266	717364	336398
293T_TFF1_DNA_Pool-1_1B:H2:84:04	25	1.00001e+06	2.19269e+06	982605	589503	4.14925e+06
293T_TFF1_DNA_Pool-1_1B:H5:E2:02	664	1.00001e+06	4.72655e+06	2.74544e+06	1.08022e+07	2.41876e+06
293T_TFF1_DNA_Pool-1_1B:H6:G8:01	35	1.00001e+06	1.66285e+06	686760	707961	197756
293T_TFF1_DNA_Pool-1_1B:H9:L7:02	30	1.00001e+06	1.46538e+06	882305	646381	3.14845e+06
293T_TFF1_DNA_Pool-1_1B:J1:50:04	55	1.00001e+06	0	509705	842078	389324
293T_TFF1_DNA_Pool-1_1B:J1:72:01	48	1.00001e+06	1.32189e+06	752232	977142	757757
293T_TFF1_DNA_Pool-1_1B:J1:84:04	52	1.00001e+06	1.52102e+06	984928	723511	446542
293T_TFF1_DNA_Pool-1_1B:J1:L0:07	55	1.00001e+06	1.38241e+06	603798	18622.4	209246
293T_TFF1_DNA_Pool-1_1B:J1:Y1:12	49	1.00001e+06	0	675247	769573	0
293T_TFF1_DNA_Pool-1_1B:J1:Z6:12	36	1.00001e+06	0	1.20515e+06	780049	269900
293T_TFF1_DNA_Pool-1_1B:L6:P8:12	36	1.00001e+06	889941	1.4624e+06	713167	3.64581e+06
293T_TFF1_DNA_Pool-1_1B:L6:W2:02	52	1.00001e+06	1.97793e+06	714371	676756	388754
293T_TFF1_DNA_Pool-1_1B:L9:P0:01	33	1.00001e+06	0	1.14507e+06	843559	480530
293T_TFF1_DNA_Pool-1_1B:M0:B2:03	22	1.00001e+06	0	650622	816916	224521
293T_TFF1_DNA_Pool-1_1B:M3:18:02	25	1.00001e+06	0	498608	693676	0
293T_TFF1_DNA_Pool-1_1B:M4:G8:01	44	1.00001e+06	0	929752	889871	515713
293T_TFF1_DNA_Pool-1_1B:M7:E1:02	21	1.00001e+06	684427	387885	643979	0
293T_TFF1_DNA_Pool-1_1B:N1:T4:12	28	1.00001e+06	2.04242e+06	685559	865628	806794
293T_TFF1_DNA_Pool-1_1B:N2:0F:02	25	1.00001e+06	0	1.16389e+06	889136	4.12128e+06
293T_TFF1_DNA_Pool-1_1B:N5:45:03	33	1.00001e+06	1.44554e+06	853715	837425	1.39514e+06
293T_TFF1_DNA_Pool-1_1B:N5:Z3:02	29	1.00001e+06	1.3457e+06	461067	10291.1	0
293T_TFF1_DNA_Pool-1_1B:N9:09:01	108	1.00001e+06	2.76557e+06	1.22125e+06	762536	1.04199e+06
293T_TFF1_DNA_Pool-1_1B:N9:0W:03	111	1.00001e+06	1.33696e+06	1.20522e+06	909602	1.1162e+06
293T_TFF1_DNA_Pool-1_1B:N9:37:12	21	NA	1.3812e+06	199245	12806.7	0
293T_TFF1_DNA_Pool-1_1B:N9:84:04	63	1.00001e+06	0	972975	758492	403951
293T_TFF1_DNA_Pool-1_1B:N9:Q8:12	30	1.00001e+06	0	465719	10971.4	272475
293T_TFF1_DNA_Pool-1_1B:N9:T8:03	59	1.00001e+06	327753	1.06457e+06	967087	330316
293T_TFF1_DNA_Pool-1_1B:O0:M0:12	21	1.00001e+06	169505	392170	626090	62854.5
293T_TFF1_DNA_Pool-1_1B:O7:84:04	45	1.00001e+06	221719	839763	652012	608815
293T_TFF1_DNA_Pool-1_1B:O7:H2:12	22	1.00001e+06	1.58781e+06	529217	575633	235523
293T_TFF1_DNA_Pool-1_1B:O7:Q8:02	48	1.00001e+06	0	1.06823e+06	829517	788418
293T_TFF1_DNA_Pool-1_1B:O7:U6:02	67	1.00001e+06	0	728965	767183	57906.6
293T_TFF1_DNA_Pool-1_1B:O8:46:12	20	NA	286114	260594	13119.9	807281
293T_TFF1_DNA_Pool-1_1B:P5:E2:01	69	1.00001e+06	0	1.5979e+06	739536	4.05965e+06
293T_TFF1_DNA_Pool-1_1B:P9:O9:03	34	1.00001e+06	1.59598e+06	981676	892625	917865
293T_TFF1_DNA_Pool-1_1B:Q0:84:04	20	1.00001e+06	0	824743	663800	716935
293T_TFF1_DNA_Pool-1_1B:Q3:E2:06	31	1.00001e+06	1.35958e+06	653366	618500	868415
293T_TFF1_DNA_Pool-1_1B:Q7:O6:11	22	1.00001e+06	820119	763066	725293	531279
293T_TFF1_DNA_Pool-1_1B:Q8:G8:01	30	1.00001e+06	638473	1.23697e+06	789316	3.33496e+06
293T_TFF1_DNA_Pool-1_1B:Q8:Z8:12	29	1.00001e+06	0	1.10384e+06	765279	557317
293T_TFF1_DNA_Pool-1_1B:S0:Y5:07	44	1.00001e+06	1.87338e+06	766156	710897	1.25195e+06
293T_TFF1_DNA_Pool-1_1B:S7:0W:12	43	1.00001e+06	1.20327e+06	756598	732169	359386
293T_TFF1_DNA_Pool-1_1B:S7:54:12	50	1.00001e+06	2.34645e+06	1.23345e+06	767074	896376
293T_TFF1_DNA_Pool-1_1B:S7:94:07	92	1.00001e+06	742771	1.13692e+06	1.43285e+06	808404
293T_TFF1_DNA_Pool-1_1B:S7:H8:02	73	1.00001e+06	1.55662e+06	1.38626e+06	942242	1.28175e+06
293T_TFF1_DNA_Pool-1_1B:S7:J0:02	71	1.00001e+06	748114	1.22943e+06	758980	588534
293T_TFF1_DNA_Pool-1_1B:S7:L0:07	69	1.00001e+06	664596	866584	956335	1.03198e+06
293T_TFF1_DNA_Pool-1_1B:S8:08:12	50	1.00001e+06	207318	863719	662249	277197
293T_TFF1_DNA_Pool-1_1B:S8:84:04	35	1.00001e+06	2.86999e+06	959782	809357	0
293T_TFF1_DNA_Pool-1_1B:S8:P0:02	61	1.00001e+06	0	1.11564e+06	755028	669537
293T_TFF1_DNA_Pool-1_1B:U8:L0:02	20	1.00001e+06	0	510338	658489	191824
293T_TFF1_DNA_Pool-1_1B:U8:L8:02	20	1.00001e+06	0	696064	852873	413862
293T_TFF1_DNA_Pool-1_1B:V1:Y2:02	23	1.00001e+06	1.27415e+06	2.43373e+06	762455	4.40876e+06
293T_TFF1_DNA_Pool-1_1B:V2:0W:03	21	1.00001e+06	0	745195	782406	3.17171e+06
293T_TFF1_DNA_Pool-1_1B:V2:50:01	27	1.00001e+06	1.81118e+06	785282	727484	575630
293T_TFF1_DNA_Pool-1_1B:V5:T7:01	26	1.00001e+06	0	500895	585560	394859
293T_TFF1_DNA_Pool-1_1B:V6:F3:02	23	1.00001e+06	2.23404e+06	764052	606137	71096.4
293T_TFF1_DNA_Pool-1_1B:V9:20:07	45	1.00001e+06	0	762344	835576	1.28172e+06
293T_TFF1_DNA_Pool-1_1B:W8:O6:01	25	1.00001e+06	0	620671	784068	144123
293T_TFF1_DNA_Pool-1_1B:W8:X3:07	29	1.00001e+06	486277	1.02125e+06	874232	0
293T_TFF1_DNA_Pool-1_1B:X1:T4:12	36	1.00001e+06	0	617202	592209	380999
293T_TFF1_DNA_Pool-1_1B:X5:09:12	30	1.00001e+06	2.14122e+06	720654	27387.8	505076
293T_TFF1_DNA_Pool-1_1B:X5:0R:04	87	1.00001e+06	0	1.66413e+06	2.35816e+06	957350
293T_TFF1_DNA_Pool-1_1B:X5:17:12	49	1.00001e+06	0	906094	1.03877e+06	1.33282e+06
293T_TFF1_DNA_Pool-1_1B:X5:37:01	57	1.00001e+06	596544	863001	24119.6	1.97398e+06
293T_TFF1_DNA_Pool-1_1B:X5:72:01	79	1.00001e+06	0	1.54816e+06	4.4051e+06	746305
293T_TFF1_DNA_Pool-1_1B:X5:84:04	77	1.00001e+06	778208	1.07826e+06	818507	1.06781e+06
293T_TFF1_DNA_Pool-1_1B:X5:90:02	82	1.00001e+06	873327	1.25317e+06	838264	1.38825e+06
293T_TFF1_DNA_Pool-1_1B:X5:J3:01	179	1.00001e+06	0	1.14476e+06	758767	1.05436e+06
293T_TFF1_DNA_Pool-1_1B:X6:84:04	26	1.00001e+06	644911	1.3897e+06	770226	4.22484e+06
293T_TFF1_DNA_Pool-1_1B:Y7:20:07	21	1.00001e+06	1.11744e+06	762031	801675	5.34424e+06
293T_TFF1_DNA_Pool-1_1B:Z2:56:02	20	NA	1.62741e+06	307670	747125	2.07809e+06
293T_TFF1_DNA_Pool-1_1B:Z5:84:04	21	1.00001e+06	0	816183	665308	272256
293T_TFF1_DNA_Pool-1_1B:Z9:Y5:12	53	1.00001e+06	1.59317e+06	376245	754823	347802
293T_TFF1_DNA_Pool-1_1A:0H:61:03	27	1.00001e+06	0	855578	809138	353555
293T_TFF1_DNA_Pool-1_1A:0X:0W:03	32	1.00001e+06	0	643279	680906	1.32551e+06
293T_TFF1_DNA_Pool-1_1A:0Y:L6:06	29	1.00001e+06	0	793339	617824	589386
293T_TFF1_DNA_Pool-1_1A:91:T4:06	58	1.00001e+06	586306	736542	878489	923214
293T_TFF1_DNA_Pool-1_1A:95:E1:03	87	1.00001e+06	1.45664e+06	1.30576e+06	757784	1.27379e+06
293T_TFF1_DNA_Pool-1_1A:B6:94:09	39	1.00001e+06	681530	628230	806797	307488
293T_TFF1_DNA_Pool-1_1A:D9:P0:01	41	1.00001e+06	227844	811169	695432	2.27673e+06
293T_TFF1_DNA_Pool-1_1A:G3:G0:06	26	1.00001e+06	0	1.19776e+06	758849	690025
293T_TFF1_DNA_Pool-1_1A:M0:E6:01	23	1.00001e+06	0	339502	23547	0
293T_TFF1_DNA_Pool-1_1A:N9:G9:03	64	1.00001e+06	0	900655	880797	311544
293T_TFF1_DNA_Pool-1_1A:O7:17:05	26	1.00001e+06	963669	850119	764854	387337
293T_TFF1_DNA_Pool-1_1A:Q7:O6:11	23	1.00001e+06	645856	493930	497390	414666
293T_TFF1_DNA_Pool-1_1A:S7:G8:01	49	1.00001e+06	915571	827312	884687	1.71284e+06
293T_TFF1_DNA_Pool-1_1A:U3:Y9:09	24	1.00001e+06	0	594632	616816	532717
293T_TFF1_DNA_Pool-1_1A:U8:P0:01	53	1.00001e+06	216106	736244	804865	440201
293T_TFF1_DNA_Pool-1_1A:V6:72:04	25	1.00001e+06	170430	450205	623926	1.03432e+06
293T_TFF1_DNA_Pool-1_2H:08:T8:08	28	1.00001e+06	0	571299	742063	480352
293T_TFF1_DNA_Pool-1_2H:0A:30:11	29	1.00001e+06	0	485286	743372	257871
293T_TFF1_DNA_Pool-1_2H:0H:F3:03	68	1.00001e+06	331552	1.48178e+06	822471	1.04144e+06
293T_TFF1_DNA_Pool-1_2H:0Q:T4:07	37	1.00001e+06	1.9e+06	771334	739577	1.03396e+06
293T_TFF1_DNA_Pool-1_2H:0U:17:07	27	1.00001e+06	217037	660236	770607	0
293T_TFF1_DNA_Pool-1_2H:0U:J6:07	46	1.00001e+06	209506	544061	266383	152499
293T_TFF1_DNA_Pool-1_2H:0X:L0:05	55	1.00001e+06	2.63585e+06	1.60723e+06	854585	4.03382e+06
293T_TFF1_DNA_Pool-1_2H:0X:Y2:07	185	1.00001e+06	1.9757e+06	1.63559e+06	1.44819e+06	3.80128e+06
293T_TFF1_DNA_Pool-1_2H:0Y:61:06	24	NA	117897	264367	747333	142629
293T_TFF1_DNA_Pool-1_2H:0Y:J6:08	90	1.00001e+06	0	913517	744279	256131
293T_TFF1_DNA_Pool-1_2H:0Y:M1:07	161	1.00001e+06	504103	1.2501e+06	801799	1.0353e+06
293T_TFF1_DNA_Pool-1_2H:0Y:S9:06	20	1.00001e+06	1.8587e+06	508059	61478.9	194360
293T_TFF1_DNA_Pool-1_2H:12:M4:03	27	1.00001e+06	1.97948e+06	791675	821689	674658
293T_TFF1_DNA_Pool-1_2H:15:09:07	40	1.00001e+06	1.82772e+06	599992	740105	1.96669e+06
293T_TFF1_DNA_Pool-1_2H:20:08:03	58	1.00001e+06	0	1.17604e+06	834418	613450
293T_TFF1_DNA_Pool-1_2H:27:S6:07	24	1.00001e+06	282166	713032	582179	82953.2
293T_TFF1_DNA_Pool-1_2H:28:F2:11	32	1.00001e+06	1.91893e+06	1.18916e+06	782200	246950
293T_TFF1_DNA_Pool-1_2H:31:94:03	28	1.00001e+06	0	600701	803382	239289
293T_TFF1_DNA_Pool-1_2H:39:Y1:02	107	1.00001e+06	895561	1.1275e+06	985583	1.69375e+06
293T_TFF1_DNA_Pool-1_2H:43:B2:07	35	1.00001e+06	169620	473945	191559	0
293T_TFF1_DNA_Pool-1_2H:47:0F:07	39	1.00001e+06	1.76277e+06	467540	744908	624783
293T_TFF1_DNA_Pool-1_2H:47:O1:06	65	1.00001e+06	0	1.04125e+06	937467	823267
293T_TFF1_DNA_Pool-1_2H:64:B8:03	37	1.00001e+06	1.18612e+06	752356	782529	1.19713e+06
293T_TFF1_DNA_Pool-1_2H:72:S6:07	22	1.00001e+06	918131	2.3103e+06	778100	2.78843e+06
293T_TFF1_DNA_Pool-1_2H:76:M0:04	47	1.00001e+06	1.44176e+06	550926	949512	255583
293T_TFF1_DNA_Pool-1_2H:80:C4:03	21	1.00001e+06	1.39536e+06	478002	737000	0
293T_TFF1_DNA_Pool-1_2H:80:H6:06	39	1.00001e+06	0	701466	582798	70429.5
293T_TFF1_DNA_Pool-1_2H:87:08:03	46	1.00001e+06	0	1.03537e+06	843504	220363
293T_TFF1_DNA_Pool-1_2H:95:0A:09	21	1.00001e+06	1.87979e+06	599676	623454	811076
293T_TFF1_DNA_Pool-1_2H:95:76:03	33	1.00001e+06	596869	779497	744910	367016
293T_TFF1_DNA_Pool-1_2H:95:O1:12	116	1.00001e+06	1.99063e+06	1.25811e+06	1.06604e+06	1.62999e+06
293T_TFF1_DNA_Pool-1_2H:95:Q4:03	48	1.00001e+06	0	1.19716e+06	725939	134000
293T_TFF1_DNA_Pool-1_2H:A4:O1:12	48	1.00001e+06	0	690489	659457	432762
293T_TFF1_DNA_Pool-1_2H:A7:Y5:08	36	1.00001e+06	2.47611e+06	1.00616e+06	179999	1.17918e+06
293T_TFF1_DNA_Pool-1_2H:A8:54:02	34	1.00001e+06	0	415160	202641	581390
293T_TFF1_DNA_Pool-1_2H:B5:B2:06	161	1.00001e+06	695345	1.11325e+06	890911	649129
293T_TFF1_DNA_Pool-1_2H:B6:E1:11	39	1.00001e+06	1.87492e+06	862099	704358	4.20543e+06
293T_TFF1_DNA_Pool-1_2H:B9:08:03	127	1.00001e+06	702572	1.86236e+06	1.17138e+06	3.00639e+06
293T_TFF1_DNA_Pool-1_2H:B9:E2:06	45	1.00001e+06	1.69567e+06	880742	589546	269516
293T_TFF1_DNA_Pool-1_2H:E0:0J:05	22	1.00001e+06	1.59277e+06	365177	462801	0
293T_TFF1_DNA_Pool-1_2H:E3:28:07	36	1.00001e+06	116534	846773	835456	908261
293T_TFF1_DNA_Pool-1_2H:E3:41:12	48	1.00001e+06	0	1.34414e+06	875577	2.38338e+06
293T_TFF1_DNA_Pool-1_2H:E3:45:03	34	1.00001e+06	1.00183e+06	718362	873572	353554
293T_TFF1_DNA_Pool-1_2H:E3:93:06	22	1.00001e+06	2.13151e+06	525204	620156	401058
293T_TFF1_DNA_Pool-1_2H:E3:B6:03	87	1.00001e+06	0	1.13886e+06	778323	426052
293T_TFF1_DNA_Pool-1_2H:E3:O1:12	77	1.00001e+06	3.05311e+06	1.00682e+06	706286	1.75372e+06
293T_TFF1_DNA_Pool-1_2H:F1:B2:11	21	1.00001e+06	160392	427145	790443	163278
293T_TFF1_DNA_Pool-1_2H:F1:E2:06	30	1.00001e+06	509902	1.10687e+06	914777	2.85853e+06
293T_TFF1_DNA_Pool-1_2H:F6:K2:07	25	1.00001e+06	1.88183e+06	716870	897334	477818
293T_TFF1_DNA_Pool-1_2H:G3:E6:10	38	1.00001e+06	0	771016	713364	461300
293T_TFF1_DNA_Pool-1_2H:G7:E6:10	20	1.00001e+06	285943	603906	690789	0
293T_TFF1_DNA_Pool-1_2H:G8:B2:11	24	1.00001e+06	348366	476001	596724	247943
293T_TFF1_DNA_Pool-1_2H:H6:P8:07	28	1.00001e+06	1.54586e+06	708718	12145.7	759610
293T_TFF1_DNA_Pool-1_2H:I4:H6:07	37	1.00001e+06	0	1.28501e+06	758251	2.81238e+06
293T_TFF1_DNA_Pool-1_2H:J1:08:08	149	1.00001e+06	534377	1.97566e+06	2.43109e+06	2.53052e+06
293T_TFF1_DNA_Pool-1_2H:J1:46:06	114	1.00001e+06	3.12137e+06	1.38639e+06	943101	1.31221e+06
293T_TFF1_DNA_Pool-1_2H:J1:A6:02	182	1.00001e+06	3.96613e+06	1.86636e+06	1.14799e+06	1.12145e+06
293T_TFF1_DNA_Pool-1_2H:J1:T2:06	93	1.00001e+06	1.92357e+06	1.50936e+06	1.10628e+06	671053
293T_TFF1_DNA_Pool-1_2H:J9:E6:02	31	1.00001e+06	0	438674	774678	484858
293T_TFF1_DNA_Pool-1_2H:K0:E6:02	60	1.00001e+06	0	765942	883389	522371
293T_TFF1_DNA_Pool-1_2H:K0:F8:07	39	1.00001e+06	0	735797	833134	939962
293T_TFF1_DNA_Pool-1_2H:L1:O1:12	22	1.00001e+06	1.91913e+06	714880	629782	96897.1
293T_TFF1_DNA_Pool-1_2H:L6:61:02	68	1.00001e+06	355530	991649	794884	705416
293T_TFF1_DNA_Pool-1_2H:L6:G8:07	492	1.00001e+06	0	2.39394e+06	3.0739e+06	1.28806e+06
293T_TFF1_DNA_Pool-1_2H:M7:L3:06	28	1.00001e+06	0	804553	802946	3.45157e+06
293T_TFF1_DNA_Pool-1_2H:M8:K2:03	21	NA	1.56809e+06	341032	8099.85	464430
293T_TFF1_DNA_Pool-1_2H:N5:F3:03	22	1.00001e+06	0	1.01327e+06	879287	6.14923e+06
293T_TFF1_DNA_Pool-1_2H:N9:32:09	100	1.00001e+06	922793	1.2664e+06	952539	2.32852e+06
293T_TFF1_DNA_Pool-1_2H:N9:81:10	48	1.00001e+06	218197	573516	689349	0
293T_TFF1_DNA_Pool-1_2H:N9:Y1:09	108	1.00001e+06	1.83429e+06	1.31122e+06	1.24809e+06	1.44419e+06
293T_TFF1_DNA_Pool-1_2H:O7:H2:07	43	1.00001e+06	1.40714e+06	578204	727754	0
293T_TFF1_DNA_Pool-1_2H:O7:N8:02	88	1.00001e+06	2.49954e+06	1.22033e+06	882503	1.29669e+06
293T_TFF1_DNA_Pool-1_2H:P2:0O:03	35	1.00001e+06	465390	924561	781728	1.0617e+06
293T_TFF1_DNA_Pool-1_2H:P5:B0:03	21	1.00001e+06	1.60058e+06	461647	747825	281574
293T_TFF1_DNA_Pool-1_2H:Q3:E1:11	34	1.00001e+06	0	671796	809440	576683
293T_TFF1_DNA_Pool-1_2H:Q4:56:03	20	NA	116277	387184	10689.6	196911
293T_TFF1_DNA_Pool-1_2H:Q4:O6:03	24	1.00001e+06	0	513450	821703	0
293T_TFF1_DNA_Pool-1_2H:Q7:50:07	28	1.00001e+06	1.5928e+06	426686	852372	0
293T_TFF1_DNA_Pool-1_2H:R1:C4:03	21	1.00001e+06	0	1.11626e+06	710577	483007
293T_TFF1_DNA_Pool-1_2H:R1:T2:07	46	1.00001e+06	0	861532	1.16469e+06	235406
293T_TFF1_DNA_Pool-1_2H:R2:H3:02	28	1.00001e+06	1.66073e+06	447815	718151	0
293T_TFF1_DNA_Pool-1_2H:R6:0F:10	33	1.00001e+06	1.33822e+06	656477	655710	328767
293T_TFF1_DNA_Pool-1_2H:R9:56:07	42	1.00001e+06	0	763453	881151	1.01765e+06
293T_TFF1_DNA_Pool-1_2H:S0:T4:08	32	1.00001e+06	1.92698e+06	767321	15519.6	4.41375e+06
293T_TFF1_DNA_Pool-1_2H:S7:45:11	65	1.00001e+06	0	624004	815337	119766
293T_TFF1_DNA_Pool-1_2H:S7:T8:02	50	1.00001e+06	1.37477e+06	981988	891472	1.52223e+06
293T_TFF1_DNA_Pool-1_2H:S8:C0:06	41	1.00001e+06	0	575726	1.17492e+06	0
293T_TFF1_DNA_Pool-1_2H:S8:J6:04	49	1.00001e+06	0	475777	586330	218823
293T_TFF1_DNA_Pool-1_2H:S8:R4:11	36	1.00001e+06	2.14969e+06	1.88727e+06	767949	402280
293T_TFF1_DNA_Pool-1_2H:S8:Y1:03	121	1.00001e+06	757540	1.04646e+06	927651	627382
293T_TFF1_DNA_Pool-1_2H:T1:J6:03	24	1.00001e+06	0	317146	41666.8	0
293T_TFF1_DNA_Pool-1_2H:U3:54:03	100	1.00001e+06	1.08741e+06	1.58897e+06	1.48076e+06	1.43222e+06
293T_TFF1_DNA_Pool-1_2H:U8:37:07	26	1.00001e+06	0	559509	695538	139139
293T_TFF1_DNA_Pool-1_2H:V9:G0:07	29	1.00001e+06	121871	396458	778059	82615.2
293T_TFF1_DNA_Pool-1_2H:V9:J0:07	33	1.00001e+06	0	444907	675055	195205
293T_TFF1_DNA_Pool-1_2H:W0:13:11	43	1.00001e+06	0	605221	810830	4.07735e+06
293T_TFF1_DNA_Pool-1_2H:W7:H8:03	27	1.00001e+06	169773	508031	653147	0
293T_TFF1_DNA_Pool-1_2H:X1:O2:03	25	1.00001e+06	1.33081e+06	444619	29322.9	201438
293T_TFF1_DNA_Pool-1_2H:X5:32:03	50	1.00001e+06	1.8633e+06	910309	761073	216046
293T_TFF1_DNA_Pool-1_2H:X5:B8:07	46	1.00001e+06	2.03253e+06	902929	819325	501320
293T_TFF1_DNA_Pool-1_2H:X5:M8:12	55	1.00001e+06	0	1.45603e+06	2.21712e+06	1.16904e+06
293T_TFF1_DNA_Pool-1_2H:X5:N0:07	56	1.00001e+06	1.43876e+06	729495	823118	962460
293T_TFF1_DNA_Pool-1_2H:X5:T7:02	140	1.00001e+06	1.03966e+06	1.28155e+06	792811	703066
293T_TFF1_DNA_Pool-1_2H:X5:W1:02	22	1.00001e+06	207018	620014	661371	948800
293T_TFF1_DNA_Pool-1_2H:X6:14:03	56	1.00001e+06	1.60108e+06	628473	652101	660615
293T_TFF1_DNA_Pool-1_2H:X9:F2:07	58	1.00001e+06	3.11259e+06	985033	807013	1.32449e+06
293T_TFF1_DNA_Pool-1_2H:Y8:41:02	22	NA	1.356e+06	254479	7768.7	0
293T_TFF1_DNA_Pool-1_2H:Z5:X8:07	21	1.00001e+06	0	487231	809661	3.96534e+06
293T_TFF1_DNA_Pool-1_2G:03:O6:02	90	1.00001e+06	0	1.28978e+06	891795	839620
293T_TFF1_DNA_Pool-1_2G:04:Y6:05	813	1.00001e+06	1.02451e+07	3.82211e+06	9.87126e+06	3.07963e+06
293T_TFF1_DNA_Pool-1_2G:07:C8:05	30	1.00001e+06	1.92248e+06	775330	258755	0
293T_TFF1_DNA_Pool-1_2G:07:J0:08	129	1.00001e+06	0	1.4981e+06	951327	690256
293T_TFF1_DNA_Pool-1_2G:08:P8:05	25	1.00001e+06	2.29968e+06	640737	708955	1.22648e+06
293T_TFF1_DNA_Pool-1_2G:0A:58:08	38	1.00001e+06	2.74805e+06	810394	291467	487476
293T_TFF1_DNA_Pool-1_2G:0H:41:02	30	1.00001e+06	115440	451266	200889	0
293T_TFF1_DNA_Pool-1_2G:0H:72:11	24	1.00001e+06	1.97738e+06	888749	787811	2.16662e+06
293T_TFF1_DNA_Pool-1_2G:0H:X8:01	161	1.00001e+06	0	1.50306e+06	1.4639e+06	1.11202e+06
293T_TFF1_DNA_Pool-1_2G:0H:Y2:05	49	1.00001e+06	0	1.03267e+06	872808	2.74689e+06
293T_TFF1_DNA_Pool-1_2G:0I:E6:04	23	1.00001e+06	1.82111e+06	761154	276321	1.39709e+06
293T_TFF1_DNA_Pool-1_2G:0M:Y2:02	24	1.00001e+06	0	745292	712251	3.5956e+06
293T_TFF1_DNA_Pool-1_2G:0Q:X8:04	59	1.00001e+06	0	1.01102e+06	801243	222238
293T_TFF1_DNA_Pool-1_2G:0T:84:05	21	1.00001e+06	0	237468	640117	0
293T_TFF1_DNA_Pool-1_2G:0U:0V:07	56	1.00001e+06	2.28028e+06	1.04814e+06	904425	2.97819e+06
293T_TFF1_DNA_Pool-1_2G:0X:02:08	75	1.00001e+06	0	733022	740058	0
293T_TFF1_DNA_Pool-1_2G:0X:K1:08	48	1.00001e+06	0	706731	835454	228326
293T_TFF1_DNA_Pool-1_2G:0X:O2:08	25	1.00001e+06	197286	810483	754043	1.10143e+06
293T_TFF1_DNA_Pool-1_2G:0X:O9:02	160	1.00001e+06	0	1.25322e+06	940860	454288
293T_TFF1_DNA_Pool-1_2G:0X:P8:10	96	1.00001e+06	495541	1.13283e+06	805127	729572
293T_TFF1_DNA_Pool-1_2G:0X:V7:07	30	1.00001e+06	1.58252e+06	680979	876654	154081
293T_TFF1_DNA_Pool-1_2G:0X:Y6:04	100	1.00001e+06	823753	1.38736e+06	1.08946e+06	3.34291e+06
293T_TFF1_DNA_Pool-1_2G:0X:Z6:01	31	1.00001e+06	0	895821	960866	754726
293T_TFF1_DNA_Pool-1_2G:0Y:0A:05	52	1.00001e+06	319179	1.00788e+06	662015	607782
293T_TFF1_DNA_Pool-1_2G:0Y:24:09	68	1.00001e+06	0	1.19456e+06	752721	1.41441e+06
293T_TFF1_DNA_Pool-1_2G:0Y:D2:08	23	1.00001e+06	718389	1.31156e+06	832354	3.31223e+06
293T_TFF1_DNA_Pool-1_2G:0Y:G0:11	64	1.00001e+06	2.51964e+06	1.29183e+06	716642	1.28195e+06
293T_TFF1_DNA_Pool-1_2G:0Y:J4:08	25	1.00001e+06	0	820168	971480	183802
293T_TFF1_DNA_Pool-1_2G:0Y:J6:04	72	1.00001e+06	0	852932	895309	568661
293T_TFF1_DNA_Pool-1_2G:0Y:J6:08	337	1.00001e+06	0	2.32615e+06	4.36315e+06	1.61257e+06
293T_TFF1_DNA_Pool-1_2G:0Y:J6:11	137	1.00001e+06	1.39812e+06	1.85501e+06	1.7165e+06	1.22889e+06
293T_TFF1_DNA_Pool-1_2G:0Y:K6:07	23	1.00001e+06	789911	696018	837240	591422
293T_TFF1_DNA_Pool-1_2G:0Y:M8:11	54	1.00001e+06	0	891330	966568	1.2876e+06
293T_TFF1_DNA_Pool-1_2G:0Y:T2:11	65	1.00001e+06	0	923721	805005	386583
293T_TFF1_DNA_Pool-1_2G:0Y:T7:04	92	1.00001e+06	1.96307e+06	1.47732e+06	701538	2.8407e+06
293T_TFF1_DNA_Pool-1_2G:0Y:T8:04	160	1.00001e+06	2.14356e+06	1.33623e+06	1.17496e+06	979089
293T_TFF1_DNA_Pool-1_2G:0Y:T8:12	68	1.00001e+06	239787	810890	764933	670633
293T_TFF1_DNA_Pool-1_2G:11:E2:11	75	1.00001e+06	2.6016e+06	925047	754047	641245
293T_TFF1_DNA_Pool-1_2G:11:J4:05	52	1.00001e+06	1.57631e+06	865875	747088	1.63791e+06
293T_TFF1_DNA_Pool-1_2G:15:S9:05	23	1.00001e+06	915573	1.78998e+06	665648	946366
293T_TFF1_DNA_Pool-1_2G:16:O5:05	24	1.00001e+06	971461	773773	811414	102797
293T_TFF1_DNA_Pool-1_2G:16:Q8:09	43	1.00001e+06	0	1.18612e+06	800476	5.99169e+06
293T_TFF1_DNA_Pool-1_2G:16:T4:11	24	1.00001e+06	1.93484e+06	636342	754695	911089
293T_TFF1_DNA_Pool-1_2G:19:41:05	837	1.00001e+06	1.28996e+07	3.76881e+06	9.57822e+06	3.87249e+06
293T_TFF1_DNA_Pool-1_2G:19:K2:11	36	1.00001e+06	1.61632e+06	535230	20760.5	161402
293T_TFF1_DNA_Pool-1_2G:20:A5:05	30	1.00001e+06	197382	777203	575063	321123
293T_TFF1_DNA_Pool-1_2G:23:S5:02	47	1.00001e+06	1.82518e+06	1.76735e+06	1.01631e+06	1.09665e+06
293T_TFF1_DNA_Pool-1_2G:24:46:02	105	1.00001e+06	2.67365e+06	1.51299e+06	794477	923877
293T_TFF1_DNA_Pool-1_2G:24:T2:08	33	1.00001e+06	263062	570621	812792	374564
293T_TFF1_DNA_Pool-1_2G:27:18:07	23	1.00001e+06	1.35823e+06	412257	774719	162507
293T_TFF1_DNA_Pool-1_2G:27:L4:07	50	1.00001e+06	0	1.29167e+06	971426	761541
293T_TFF1_DNA_Pool-1_2G:28:C0:05	68	1.00001e+06	1.81097e+06	673697	747385	363196
293T_TFF1_DNA_Pool-1_2G:31:F3:05	70	1.00001e+06	0	1.18757e+06	944974	343354
293T_TFF1_DNA_Pool-1_2G:31:S9:07	24	NA	2.00707e+06	319705	468564	0
293T_TFF1_DNA_Pool-1_2G:32:X7:09	26	1.00001e+06	1.59099e+06	499944	769497	65881.7
293T_TFF1_DNA_Pool-1_2G:35:B6:02	59	1.00001e+06	305469	972504	774046	1.80006e+06
293T_TFF1_DNA_Pool-1_2G:35:B7:01	21	1.00001e+06	1.69692e+06	755093	689236	617403
293T_TFF1_DNA_Pool-1_2G:35:G1:05	28	1.00001e+06	0	554218	771764	334797
293T_TFF1_DNA_Pool-1_2G:35:M8:02	30	1.00001e+06	557846	562544	761566	282455
293T_TFF1_DNA_Pool-1_2G:35:Y2:04	37	1.00001e+06	0	847803	798340	2.67972e+06
293T_TFF1_DNA_Pool-1_2G:39:65:05	71	1.00001e+06	0	1.33389e+06	769689	3.69362e+06
293T_TFF1_DNA_Pool-1_2G:47:56:02	110	1.00001e+06	743642	1.60325e+06	1.28231e+06	1.0667e+06
293T_TFF1_DNA_Pool-1_2G:47:F3:08	34	1.00001e+06	198146	659019	735743	474436
293T_TFF1_DNA_Pool-1_2G:47:K4:05	73	1.00001e+06	0	1.21134e+06	724042	1.738e+06
293T_TFF1_DNA_Pool-1_2G:47:R2:05	26	1.00001e+06	1.72825e+06	2.21876e+06	790541	852338
293T_TFF1_DNA_Pool-1_2G:47:X8:08	60	1.00001e+06	2.21052e+06	1.20574e+06	1.11476e+06	2.29295e+06
293T_TFF1_DNA_Pool-1_2G:52:E1:05	50	1.00001e+06	0	483603	907724	215759
293T_TFF1_DNA_Pool-1_2G:52:G4:04	23	1.00001e+06	2.92721e+06	801381	603198	651323
293T_TFF1_DNA_Pool-1_2G:55:K1:11	27	1.00001e+06	1.07911e+06	1.04655e+06	740671	112132
293T_TFF1_DNA_Pool-1_2G:56:B0:05	23	1.00001e+06	198256	394810	581009	48399.5
293T_TFF1_DNA_Pool-1_2G:60:A5:05	44	1.00001e+06	1.09863e+06	961903	736306	363604
293T_TFF1_DNA_Pool-1_2G:60:G5:11	67	1.00001e+06	1.52739e+06	1.00862e+06	929199	1.7183e+06
293T_TFF1_DNA_Pool-1_2G:64:61:02	23	1.00001e+06	1.87385e+06	624804	730566	0
293T_TFF1_DNA_Pool-1_2G:64:N8:05	55	1.00001e+06	0	946797	755734	1.75698e+06
293T_TFF1_DNA_Pool-1_2G:67:A4:11	24	1.00001e+06	0	294403	702638	293262
293T_TFF1_DNA_Pool-1_2G:67:C8:03	22	NA	0	137734	464463	213788
293T_TFF1_DNA_Pool-1_2G:67:O6:11	31	1.00001e+06	2.09379e+06	749704	777412	170806
293T_TFF1_DNA_Pool-1_2G:71:F3:05	38	1.00001e+06	1.8046e+06	844945	605982	696853
293T_TFF1_DNA_Pool-1_2G:71:T4:04	20	1.00001e+06	0	331567	801120	230388
293T_TFF1_DNA_Pool-1_2G:76:X0:05	20	1.00001e+06	1.3579e+06	280333	26710.2	0
293T_TFF1_DNA_Pool-1_2G:79:K4:11	27	1.00001e+06	217993	959376	795979	838986
293T_TFF1_DNA_Pool-1_2G:80:C4:05	161	1.00001e+06	2.67265e+06	2.0803e+06	2.21533e+06	1.7004e+06
293T_TFF1_DNA_Pool-1_2G:80:M1:08	23	1.00001e+06	2.03725e+06	719443	801858	741224
293T_TFF1_DNA_Pool-1_2G:80:W2:11	24	1.00001e+06	0	876853	790325	4.4574e+06
293T_TFF1_DNA_Pool-1_2G:80:Y6:02	90	1.00001e+06	0	1.39229e+06	788248	443295
293T_TFF1_DNA_Pool-1_2G:80:Y6:08	24	1.00001e+06	2.23137e+06	845980	636605	446021
293T_TFF1_DNA_Pool-1_2G:83:50:11	54	1.00001e+06	2.94047e+06	1.74261e+06	772436	6.16074e+06
293T_TFF1_DNA_Pool-1_2G:87:O1:02	1228	1.00001e+06	0	5.37424e+06	1.196e+07	4.51612e+06
293T_TFF1_DNA_Pool-1_2G:87:T0:03	23	1.00001e+06	1.58252e+06	623769	712746	440713
293T_TFF1_DNA_Pool-1_2G:91:E2:02	34	1.00001e+06	0	712393	732727	392308
293T_TFF1_DNA_Pool-1_2G:91:E2:11	106	1.00001e+06	0	1.48153e+06	888777	1.42841e+06
293T_TFF1_DNA_Pool-1_2G:91:G9:11	21	1.00001e+06	0	672206	720371	621317
293T_TFF1_DNA_Pool-1_2G:91:O2:05	22	1.00001e+06	0	307958	790844	0
293T_TFF1_DNA_Pool-1_2G:91:T0:05	65	1.00001e+06	994833	1.66599e+06	762676	769785
293T_TFF1_DNA_Pool-1_2G:92:T4:02	20	1.00001e+06	442068	2.35901e+06	635617	3.86676e+06
293T_TFF1_DNA_Pool-1_2G:92:X8:11	63	1.00001e+06	0	1.06445e+06	734768	257469
293T_TFF1_DNA_Pool-1_2G:95:0O:04	49	1.00001e+06	0	1.07672e+06	837871	2.81589e+06
293T_TFF1_DNA_Pool-1_2G:95:34:02	57	1.00001e+06	0	901626	740576	771094
293T_TFF1_DNA_Pool-1_2G:95:50:11	61	1.00001e+06	478682	1.30267e+06	769751	2.25264e+06
293T_TFF1_DNA_Pool-1_2G:95:F8:08	21	1.00001e+06	1.85745e+06	1.22516e+06	874030	456620
293T_TFF1_DNA_Pool-1_2G:95:G9:05	39	1.00001e+06	2.07737e+06	1.06772e+06	772698	1.77796e+06
293T_TFF1_DNA_Pool-1_2G:95:H4:04	59	1.00001e+06	2.14515e+06	846280	676660	1.77184e+06
293T_TFF1_DNA_Pool-1_2G:95:J0:08	76	1.00001e+06	0	870412	723714	544102
293T_TFF1_DNA_Pool-1_2G:95:T0:03	118	1.00001e+06	1.00475e+06	1.75765e+06	1.18416e+06	1.43348e+06
293T_TFF1_DNA_Pool-1_2G:99:E8:05	48	1.00001e+06	2.30522e+06	861071	750588	714885
293T_TFF1_DNA_Pool-1_2G:99:J3:09	29	1.00001e+06	0	615542	635217	309314
293T_TFF1_DNA_Pool-1_2G:A0:M8:03	58	1.00001e+06	1.78988e+06	904345	876601	195726
293T_TFF1_DNA_Pool-1_2G:A4:45:04	29	1.00001e+06	683861	588816	719272	213728
293T_TFF1_DNA_Pool-1_2G:A4:65:04	20	1.00001e+06	406539	549100	20176.7	806036
293T_TFF1_DNA_Pool-1_2G:A7:56:11	34	1.00001e+06	1.23547e+06	778416	848512	910637
293T_TFF1_DNA_Pool-1_2G:A7:78:04	343	1.00001e+06	1.83872e+06	1.72172e+06	2.90174e+06	1.62928e+06
293T_TFF1_DNA_Pool-1_2G:A7:78:07	35	1.00001e+06	980414	1.07824e+06	719062	563576
293T_TFF1_DNA_Pool-1_2G:A7:B2:03	43	1.00001e+06	0	964664	757050	894188
293T_TFF1_DNA_Pool-1_2G:A7:S5:02	74	1.00001e+06	0	1.05933e+06	812898	1.78091e+06
293T_TFF1_DNA_Pool-1_2G:A7:X7:08	23	1.00001e+06	1.97801e+06	761062	35211.5	0
293T_TFF1_DNA_Pool-1_2G:A8:N8:08	35	1.00001e+06	1.84551e+06	836217	809302	468646
293T_TFF1_DNA_Pool-1_2G:B1:Z8:02	65	1.00001e+06	0	1.01262e+06	955295	840162
293T_TFF1_DNA_Pool-1_2G:B2:54:05	22	1.00001e+06	0	453577	726084	0
293T_TFF1_DNA_Pool-1_2G:B2:E2:08	20	1.00001e+06	0	334877	15937.2	0
293T_TFF1_DNA_Pool-1_2G:B2:J3:08	50	1.00001e+06	2.06494e+06	498200	768173	1.109e+06
293T_TFF1_DNA_Pool-1_2G:B5:72:05	29	1.00001e+06	1.01396e+06	797004	908986	722962
293T_TFF1_DNA_Pool-1_2G:B5:B0:05	46	1.00001e+06	0	1.09167e+06	874826	2.75926e+06
293T_TFF1_DNA_Pool-1_2G:B5:L7:02	40	1.00001e+06	683936	815718	761461	187007
293T_TFF1_DNA_Pool-1_2G:B5:R2:10	20	1.00001e+06	1.84777e+06	552387	812432	0
293T_TFF1_DNA_Pool-1_2G:B6:E2:11	78	1.00001e+06	236086	719271	758270	568865
293T_TFF1_DNA_Pool-1_2G:C4:E2:07	42	1.00001e+06	0	2.06462e+06	933252	415457
293T_TFF1_DNA_Pool-1_2G:C4:Z0:11	64	1.00001e+06	1.16447e+06	1.37255e+06	750753	2.46718e+06
293T_TFF1_DNA_Pool-1_2G:C7:Y2:05	173	1.00001e+06	494093	1.71166e+06	2.51104e+06	1.09583e+06
293T_TFF1_DNA_Pool-1_2G:C8:0N:05	35	1.00001e+06	1.97984e+06	917759	765387	2.64083e+06
293T_TFF1_DNA_Pool-1_2G:C8:0R:04	37	1.00001e+06	668967	564649	759757	343679
293T_TFF1_DNA_Pool-1_2G:C8:33:11	25	1.00001e+06	0	504939	734629	274593
293T_TFF1_DNA_Pool-1_2G:C8:45:02	47	1.00001e+06	1.06601e+06	1.03321e+06	859641	1.07469e+06
293T_TFF1_DNA_Pool-1_2G:C8:72:07	29	1.00001e+06	0	520700	770314	0
293T_TFF1_DNA_Pool-1_2G:E0:O2:11	21	1.00001e+06	0	765104	783944	573462
293T_TFF1_DNA_Pool-1_2G:E0:O5:09	30	1.00001e+06	346335	2.27401e+06	687680	342346
293T_TFF1_DNA_Pool-1_2G:E3:24:04	39	1.00001e+06	1.72434e+06	741632	198478	465805
293T_TFF1_DNA_Pool-1_2G:E3:28:02	47	1.00001e+06	0	769627	2.10853e+06	236395
293T_TFF1_DNA_Pool-1_2G:E3:78:04	50	1.00001e+06	0	851051	645659	1.32428e+06
293T_TFF1_DNA_Pool-1_2G:E3:93:05	33	1.00001e+06	422632	733171	822892	446533
293T_TFF1_DNA_Pool-1_2G:E3:98:05	112	1.00001e+06	2.49514e+06	1.40866e+06	1.45167e+06	1.23987e+06
293T_TFF1_DNA_Pool-1_2G:E3:H0:02	223	1.00001e+06	1.72786e+06	1.58695e+06	1.42199e+06	498364
293T_TFF1_DNA_Pool-1_2G:E3:H2:08	74	1.00001e+06	0	1.09558e+06	575477	687322
293T_TFF1_DNA_Pool-1_2G:E3:J4:08	20	1.00001e+06	1.69639e+06	772246	780224	0
293T_TFF1_DNA_Pool-1_2G:E3:L0:05	59	1.00001e+06	0	1.419e+06	799843	355129
293T_TFF1_DNA_Pool-1_2G:E3:P4:11	71	1.00001e+06	2.46786e+06	1.12599e+06	853822	1.17344e+06
293T_TFF1_DNA_Pool-1_2G:E3:S5:02	181	1.00001e+06	0	1.49442e+06	1.14714e+06	1.11128e+06
293T_TFF1_DNA_Pool-1_2G:E3:T0:11	86	1.00001e+06	0	1.00109e+06	934009	287848
293T_TFF1_DNA_Pool-1_2G:E3:Y2:04	112	1.00001e+06	3.09009e+06	1.03189e+06	1.25047e+06	597082
293T_TFF1_DNA_Pool-1_2G:E4:78:11	719	1.00001e+06	2.37205e+06	2.74939e+06	9.50906e+06	3.17327e+06
293T_TFF1_DNA_Pool-1_2G:E4:81:05	36	1.00001e+06	1.14971e+06	1.16054e+06	778278	3.22872e+06
293T_TFF1_DNA_Pool-1_2G:E4:E2:02	43	1.00001e+06	0	1.13155e+06	680463	954363
293T_TFF1_DNA_Pool-1_2G:E4:H4:11	33	1.00001e+06	1.64874e+06	678952	767584	219304
293T_TFF1_DNA_Pool-1_2G:E4:I1:04	24	1.00001e+06	94401.9	377820	520058	113424
293T_TFF1_DNA_Pool-1_2G:E4:O2:11	43	1.00001e+06	1.64836e+06	1.17052e+06	694712	541363
293T_TFF1_DNA_Pool-1_2G:E4:S5:11	43	1.00001e+06	1.79019e+06	991490	788008	937196
293T_TFF1_DNA_Pool-1_2G:E7:E2:04	44	1.00001e+06	0	973869	780898	842092
293T_TFF1_DNA_Pool-1_2G:E7:G0:02	24	1.00001e+06	1.62656e+06	239616	28663.5	117543
293T_TFF1_DNA_Pool-1_2G:E7:R0:08	20	1.00001e+06	1.65551e+06	672372	622178	0
293T_TFF1_DNA_Pool-1_2G:E8:32:08	24	1.00001e+06	2.02815e+06	452985	15336	0
293T_TFF1_DNA_Pool-1_2G:F1:I1:11	132	1.00001e+06	0	1.31048e+06	1.0014e+06	678796
293T_TFF1_DNA_Pool-1_2G:F1:I2:05	1053	1.00001e+06	7.15021e+06	4.04076e+06	1.2936e+07	4.02334e+06
293T_TFF1_DNA_Pool-1_2G:F5:T0:11	24	1.00001e+06	1.62597e+06	568027	736866	91603
293T_TFF1_DNA_Pool-1_2G:F5:X8:09	40	1.00001e+06	0	719294	841423	158915
293T_TFF1_DNA_Pool-1_2G:F7:D3:09	39	1.00001e+06	999375	1.10619e+06	844192	924038
293T_TFF1_DNA_Pool-1_2G:G0:90:05	40	1.00001e+06	0	918166	887659	2.18047e+06
293T_TFF1_DNA_Pool-1_2G:G3:E6:11	36	1.00001e+06	0	1.12995e+06	988067	1.26598e+06
293T_TFF1_DNA_Pool-1_2G:G4:98:02	35	1.00001e+06	1.57558e+06	477171	774311	0
293T_TFF1_DNA_Pool-1_2G:G4:O2:11	33	1.00001e+06	1.87037e+06	1.59583e+06	743951	6.08236e+06
293T_TFF1_DNA_Pool-1_2G:G7:A2:11	28	1.00001e+06	0	927539	868437	0
293T_TFF1_DNA_Pool-1_2G:G7:E2:05	43	1.00001e+06	2.17043e+06	741876	790855	771136
293T_TFF1_DNA_Pool-1_2G:H1:I2:11	27	1.00001e+06	2.07244e+06	1.0701e+06	649108	3.10724e+06
293T_TFF1_DNA_Pool-1_2G:H1:J0:02	39	1.00001e+06	0	748921	832767	810374
293T_TFF1_DNA_Pool-1_2G:H1:M0:08	25	1.00001e+06	1.63423e+06	431761	18082.3	0
293T_TFF1_DNA_Pool-1_2G:H1:X8:04	60	1.00001e+06	1.30014e+06	655879	812836	635476
293T_TFF1_DNA_Pool-1_2G:H1:X8:09	52	1.00001e+06	3.14747e+06	1.06841e+06	861661	560872
293T_TFF1_DNA_Pool-1_2G:H1:Z3:11	115	1.00001e+06	806886	1.1188e+06	778615	2.15935e+06
293T_TFF1_DNA_Pool-1_2G:H2:18:09	37	1.00001e+06	0	990061	828270	309524
293T_TFF1_DNA_Pool-1_2G:H2:97:08	26	1.00001e+06	1.58252e+06	554763	800610	346486
293T_TFF1_DNA_Pool-1_2G:H2:A2:11	46	1.00001e+06	2.14119e+06	1.05799e+06	768114	393890
293T_TFF1_DNA_Pool-1_2G:H2:E1:04	34	1.00001e+06	0	442473	713659	100175
293T_TFF1_DNA_Pool-1_2G:H2:Y2:08	31	1.00001e+06	1.90608e+06	689677	711906	452829
293T_TFF1_DNA_Pool-1_2G:H5:54:05	25	1.00001e+06	1.71958e+06	467196	738307	113665
293T_TFF1_DNA_Pool-1_2G:H6:14:04	26	1.00001e+06	2.25323e+06	721388	18851.8	570980
293T_TFF1_DNA_Pool-1_2G:H6:24:09	21	1.00001e+06	0	296296	716924	0
293T_TFF1_DNA_Pool-1_2G:H6:P4:08	24	1.00001e+06	197503	619725	981878	578705
293T_TFF1_DNA_Pool-1_2G:H6:Y5:02	33	1.00001e+06	859484	827018	664400	973697
293T_TFF1_DNA_Pool-1_2G:H9:F3:11	23	1.00001e+06	1.99027e+06	1.35019e+06	780817	442980
293T_TFF1_DNA_Pool-1_2G:H9:M8:02	33	1.00001e+06	2.03263e+06	914379	768293	1.04416e+06
293T_TFF1_DNA_Pool-1_2G:I7:M4:04	27	1.00001e+06	0	901114	574700	1.10449e+06
293T_TFF1_DNA_Pool-1_2G:I8:0I:02	24	1.00001e+06	0	710553	691231	2.68494e+06
293T_TFF1_DNA_Pool-1_2G:J1:0R:04	78	1.00001e+06	513406	1.20314e+06	877863	1.40141e+06
293T_TFF1_DNA_Pool-1_2G:J1:78:04	76	1.00001e+06	0	1.26798e+06	797691	1.08357e+06
293T_TFF1_DNA_Pool-1_2G:J1:E2:08	78	1.00001e+06	2.13526e+06	985192	809339	1.22514e+06
293T_TFF1_DNA_Pool-1_2G:J1:N7:02	101	1.00001e+06	0	1.14502e+06	828719	1.01131e+06
293T_TFF1_DNA_Pool-1_2G:J1:P8:08	98	1.00001e+06	0	1.48691e+06	1.90849e+06	934362
293T_TFF1_DNA_Pool-1_2G:J1:T4:05	112	1.00001e+06	0	1.60045e+06	860831	3.67054e+06
293T_TFF1_DNA_Pool-1_2G:J1:Y1:07	171	1.00001e+06	3.9268e+06	1.78745e+06	911183	1.38353e+06
293T_TFF1_DNA_Pool-1_2G:J1:Y2:05	175	1.00001e+06	2.9035e+06	1.72145e+06	1.90515e+06	594369
293T_TFF1_DNA_Pool-1_2G:J2:54:05	33	1.00001e+06	0	2.29602e+06	764591	1.1512e+06
293T_TFF1_DNA_Pool-1_2G:J2:E2:05	93	1.00001e+06	299465	932317	785936	532328
293T_TFF1_DNA_Pool-1_2G:J9:K0:07	121	1.00001e+06	1.57676e+06	1.15471e+06	816490	1.63637e+06
293T_TFF1_DNA_Pool-1_2G:K7:54:08	56	1.00001e+06	2.33656e+06	1.04457e+06	738193	2.74777e+06
293T_TFF1_DNA_Pool-1_2G:K7:56:08	30	1.00001e+06	0	545650	810096	0
293T_TFF1_DNA_Pool-1_2G:K7:E1:08	20	1.00001e+06	2.33016e+06	872299	475160	837440
293T_TFF1_DNA_Pool-1_2G:K7:E2:11	185	1.00001e+06	0	1.79275e+06	905619	2.53768e+06
293T_TFF1_DNA_Pool-1_2G:K7:G2:05	39	1.00001e+06	1.70762e+06	624054	730741	442537
293T_TFF1_DNA_Pool-1_2G:K7:J0:08	59	1.00001e+06	706304	1.17309e+06	781460	3.44665e+06
293T_TFF1_DNA_Pool-1_2G:K7:K5:02	28	1.00001e+06	1.57932e+06	346898	466467	334872
293T_TFF1_DNA_Pool-1_2G:K7:N0:11	36	1.00001e+06	265231	693682	1.0163e+06	810399
293T_TFF1_DNA_Pool-1_2G:K7:O1:12	22	1.00001e+06	1.58574e+06	425586	735680	76470.2
293T_TFF1_DNA_Pool-1_2G:K7:R0:02	64	1.00001e+06	192737	1.02295e+06	908828	138884
293T_TFF1_DNA_Pool-1_2G:K7:T4:04	64	1.00001e+06	0	1.30422e+06	845670	988680
293T_TFF1_DNA_Pool-1_2G:K7:Y2:05	89	1.00001e+06	0	1.63393e+06	770240	2.79358e+06
293T_TFF1_DNA_Pool-1_2G:K7:Z3:08	36	1.00001e+06	0	1.00654e+06	783762	830136
293T_TFF1_DNA_Pool-1_2G:K8:0V:05	30	1.00001e+06	183505	881488	963516	987432
293T_TFF1_DNA_Pool-1_2G:L1:56:04	34	1.00001e+06	0	688245	786581	714774
293T_TFF1_DNA_Pool-1_2G:L1:J4:04	25	1.00001e+06	1.60537e+06	680526	820869	173804
293T_TFF1_DNA_Pool-1_2G:L1:R7:04	88	1.00001e+06	1.15348e+06	1.40032e+06	1.178e+06	626627
293T_TFF1_DNA_Pool-1_2G:L6:08:04	23	1.00001e+06	0	815882	743813	5.06281e+06
293T_TFF1_DNA_Pool-1_2G:L9:0J:02	26	1.00001e+06	1.59633e+06	318534	772289	0
293T_TFF1_DNA_Pool-1_2G:L9:76:08	34	1.00001e+06	0	659202	777667	0
293T_TFF1_DNA_Pool-1_2G:M3:H6:05	27	1.00001e+06	0	1.3973e+06	754872	1.976e+06
293T_TFF1_DNA_Pool-1_2G:M3:J6:11	41	1.00001e+06	1.30943e+06	823591	783633	394991
293T_TFF1_DNA_Pool-1_2G:M4:B7:01	41	1.00001e+06	700648	814553	804861	1.4033e+06
293T_TFF1_DNA_Pool-1_2G:M4:D3:02	52	1.00001e+06	1.82433e+06	1.01096e+06	653585	69823
293T_TFF1_DNA_Pool-1_2G:M4:J6:11	44	1.00001e+06	1.87112e+06	1.01179e+06	783102	129644
293T_TFF1_DNA_Pool-1_2G:M4:L6:05	23	1.00001e+06	0	848555	749689	446925
293T_TFF1_DNA_Pool-1_2G:M4:P8:11	49	1.00001e+06	2.95014e+06	1.12033e+06	746488	5.0258e+06
293T_TFF1_DNA_Pool-1_2G:M4:T4:02	68	1.00001e+06	1.86197e+06	1.24553e+06	725667	1.84601e+06
293T_TFF1_DNA_Pool-1_2G:M7:18:05	20	1.00001e+06	1.64302e+06	415999	16491.2	0
293T_TFF1_DNA_Pool-1_2G:M7:F6:08	53	1.00001e+06	0	642826	830449	122379
293T_TFF1_DNA_Pool-1_2G:N1:76:07	31	1.00001e+06	1.75316e+06	698383	750988	1.15525e+06
293T_TFF1_DNA_Pool-1_2G:N1:98:11	20	1.00001e+06	0	572364	18613.1	452610
293T_TFF1_DNA_Pool-1_2G:N1:H7:05	20	NA	1.71961e+06	270977	718796	0
293T_TFF1_DNA_Pool-1_2G:N5:A2:05	28	1.00001e+06	0	914334	711515	520113
293T_TFF1_DNA_Pool-1_2G:N5:P0:09	33	1.00001e+06	2.22311e+06	588059	813141	118949
293T_TFF1_DNA_Pool-1_2G:N9:41:11	46	1.00001e+06	186331	566582	24393.5	274937
293T_TFF1_DNA_Pool-1_2G:N9:76:11	54	1.00001e+06	0	520480	19454.1	1.22266e+06
293T_TFF1_DNA_Pool-1_2G:N9:C0:04	93	1.00001e+06	0	1.05377e+06	734907	801926
293T_TFF1_DNA_Pool-1_2G:N9:D2:05	46	1.00001e+06	2.14187e+06	674671	723016	279606
293T_TFF1_DNA_Pool-1_2G:N9:H2:08	23	1.00001e+06	460119	1.18949e+06	976674	0
293T_TFF1_DNA_Pool-1_2G:N9:H3:05	34	1.00001e+06	2.11682e+06	555617	704917	0
293T_TFF1_DNA_Pool-1_2G:N9:J8:07	89	1.00001e+06	0	744913	253029	526705
293T_TFF1_DNA_Pool-1_2G:N9:O2:07	93	1.00001e+06	1.1717e+06	1.12401e+06	1.01552e+06	998886
293T_TFF1_DNA_Pool-1_2G:N9:S5:11	119	1.00001e+06	0	1.11563e+06	814803	775482
293T_TFF1_DNA_Pool-1_2G:O0:22:05	73	1.00001e+06	197480	663341	748264	446049
293T_TFF1_DNA_Pool-1_2G:O0:V3:02	1252	1.00001e+06	3.33107e+06	3.03048e+06	1.25758e+07	1.83687e+06
293T_TFF1_DNA_Pool-1_2G:O4:61:04	29	1.00001e+06	2.17344e+06	816505	822820	1.66464e+06
293T_TFF1_DNA_Pool-1_2G:O4:X3:11	37	1.00001e+06	2.23186e+06	853477	828820	0
293T_TFF1_DNA_Pool-1_2G:O7:C0:08	35	1.00001e+06	0	665132	841450	337530
293T_TFF1_DNA_Pool-1_2G:O7:G4:11	58	1.00001e+06	931474	1.28843e+06	777061	1.84047e+06
293T_TFF1_DNA_Pool-1_2G:O7:R3:11	25	1.00001e+06	335011	1.42392e+06	846387	873027
293T_TFF1_DNA_Pool-1_2G:O7:T8:07	45	1.00001e+06	0	656120	738854	333428
293T_TFF1_DNA_Pool-1_2G:O7:X3:04	56	1.00001e+06	1.69973e+06	689597	845162	0
293T_TFF1_DNA_Pool-1_2G:O7:X8:11	121	1.00001e+06	0	1.27773e+06	957435	1.99088e+06
293T_TFF1_DNA_Pool-1_2G:O8:72:07	22	1.00001e+06	0	662864	640810	213380
293T_TFF1_DNA_Pool-1_2G:O8:D3:09	69	1.00001e+06	874081	969199	808087	304673
293T_TFF1_DNA_Pool-1_2G:O8:P3:08	40	1.00001e+06	539783	631993	673204	415256
293T_TFF1_DNA_Pool-1_2G:P2:H3:08	29	1.00001e+06	0	737804	658090	93099.7
293T_TFF1_DNA_Pool-1_2G:P2:X8:08	35	1.00001e+06	0	586324	926414	23458.6
293T_TFF1_DNA_Pool-1_2G:P5:W1:05	71	1.00001e+06	449456	976752	895867	203939
293T_TFF1_DNA_Pool-1_2G:P5:W1:08	21	1.00001e+06	0	457002	550547	0
293T_TFF1_DNA_Pool-1_2G:P6:B0:05	21	NA	1.59468e+06	320409	746431	318906
293T_TFF1_DNA_Pool-1_2G:P9:0W:05	130	1.00001e+06	1.70741e+06	1.75517e+06	957505	717952
293T_TFF1_DNA_Pool-1_2G:P9:E2:04	83	1.00001e+06	0	1.23277e+06	1.10917e+06	1.72134e+06
293T_TFF1_DNA_Pool-1_2G:P9:H2:02	43	1.00001e+06	2.31036e+06	762895	834287	424783
293T_TFF1_DNA_Pool-1_2G:Q0:33:05	32	1.00001e+06	1.63183e+06	501815	710769	0
293T_TFF1_DNA_Pool-1_2G:Q0:E8:05	67	1.00001e+06	2.13553e+06	826484	719767	211580
293T_TFF1_DNA_Pool-1_2G:Q0:N7:02	38	1.00001e+06	1.84275e+06	1.06203e+06	760008	1.24992e+06
293T_TFF1_DNA_Pool-1_2G:Q0:W0:08	58	1.00001e+06	0	937816	808812	225188
293T_TFF1_DNA_Pool-1_2G:Q4:08:05	51	1.00001e+06	0	786751	973039	944446
293T_TFF1_DNA_Pool-1_2G:Q4:18:09	77	1.00001e+06	0	1.57889e+06	844472	708347
293T_TFF1_DNA_Pool-1_2G:Q4:24:09	38	1.00001e+06	0	899413	633659	1.03644e+06
293T_TFF1_DNA_Pool-1_2G:Q4:T2:05	23	1.00001e+06	0	459119	750456	137792
293T_TFF1_DNA_Pool-1_2G:Q7:J4:11	41	1.00001e+06	0	830381	850149	928925
293T_TFF1_DNA_Pool-1_2G:Q8:66:11	51	1.00001e+06	2.1749e+06	820415	780935	761611
293T_TFF1_DNA_Pool-1_2G:Q8:O1:05	26	1.00001e+06	0	673164	833070	2.18929e+06
293T_TFF1_DNA_Pool-1_2G:R1:G1:05	41	1.00001e+06	531095	931104	844708	878380
293T_TFF1_DNA_Pool-1_2G:R2:46:05	61	1.00001e+06	1.80865e+06	813929	698265	633237
293T_TFF1_DNA_Pool-1_2G:R2:U5:11	20	1.00001e+06	1.36119e+06	348129	615654	599442
293T_TFF1_DNA_Pool-1_2G:R6:E2:07	80	1.00001e+06	1.78644e+06	1.2697e+06	765320	1.52367e+06
293T_TFF1_DNA_Pool-1_2G:R6:K1:02	20	1.00001e+06	1.97842e+06	753067	18043.5	555686
293T_TFF1_DNA_Pool-1_2G:R6:W6:10	20	1.00001e+06	2.07795e+06	662276	16849.4	224716
293T_TFF1_DNA_Pool-1_2G:R9:17:05	66	1.00001e+06	0	1.4829e+06	1.44814e+06	742695
293T_TFF1_DNA_Pool-1_2G:R9:M8:02	20	1.00001e+06	241225	729581	774221	853830
293T_TFF1_DNA_Pool-1_2G:R9:Q6:07	20	1.00001e+06	0	964355	256197	729788
293T_TFF1_DNA_Pool-1_2G:S0:84:07	24	1.00001e+06	0	284062	12084.1	512588
293T_TFF1_DNA_Pool-1_2G:S0:E2:11	82	1.00001e+06	0	1.62471e+06	845136	2.38658e+06
293T_TFF1_DNA_Pool-1_2G:S0:U6:05	21	1.00001e+06	160940	397427	705578	312475
293T_TFF1_DNA_Pool-1_2G:S3:E2:11	49	1.00001e+06	1.45435e+06	763688	805668	1.06514e+06
293T_TFF1_DNA_Pool-1_2G:S3:H8:07	20	1.00001e+06	2.01614e+06	610635	14427.6	1.70456e+06
293T_TFF1_DNA_Pool-1_2G:S7:0N:05	75	1.00001e+06	526522	1.07004e+06	865641	1.3864e+06
293T_TFF1_DNA_Pool-1_2G:S7:0R:08	162	1.00001e+06	1.31511e+06	1.57649e+06	1.47907e+06	1.5495e+06
293T_TFF1_DNA_Pool-1_2G:S7:45:11	934	1.00001e+06	6.15334e+06	4.12302e+06	1.35475e+07	3.18292e+06
293T_TFF1_DNA_Pool-1_2G:S7:54:04	95	1.00001e+06	0	948960	778253	254714
293T_TFF1_DNA_Pool-1_2G:S7:C8:09	38	1.00001e+06	1.82186e+06	945743	785760	1.46579e+06
293T_TFF1_DNA_Pool-1_2G:S7:D0:05	30	1.00001e+06	1.58989e+06	577786	639153	512041
293T_TFF1_DNA_Pool-1_2G:S7:E6:09	879	1.00001e+06	1.06451e+07	3.86867e+06	1.17145e+07	3.06802e+06
293T_TFF1_DNA_Pool-1_2G:S7:E6:11	176	1.00001e+06	1.46347e+06	1.60271e+06	1.98178e+06	797560
293T_TFF1_DNA_Pool-1_2G:S7:H6:04	52	1.00001e+06	1.55295e+06	1.92467e+06	907726	913714
293T_TFF1_DNA_Pool-1_2G:S7:J6:02	204	1.00001e+06	2.28581e+06	1.40748e+06	890771	795874
293T_TFF1_DNA_Pool-1_2G:S7:N7:08	21	1.00001e+06	1.58252e+06	395723	719781	419694
293T_TFF1_DNA_Pool-1_2G:S7:O2:07	117	1.00001e+06	0	1.00055e+06	813009	911681
293T_TFF1_DNA_Pool-1_2G:S7:Q8:02	87	1.00001e+06	0	1.17388e+06	819657	2.63045e+06
293T_TFF1_DNA_Pool-1_2G:S7:S1:02	38	1.00001e+06	408359	770934	675728	618367
293T_TFF1_DNA_Pool-1_2G:S7:W6:11	97	1.00001e+06	0	1.47066e+06	837117	1.6423e+06
293T_TFF1_DNA_Pool-1_2G:S8:98:05	53	1.00001e+06	0	1.40017e+06	920935	4.2336e+06
293T_TFF1_DNA_Pool-1_2G:S8:M8:08	27	1.00001e+06	0	1.19555e+06	718414	0
293T_TFF1_DNA_Pool-1_2G:S8:P3:11	60	1.00001e+06	1.89991e+06	933241	914800	279529
293T_TFF1_DNA_Pool-1_2G:T1:0O:05	35	1.00001e+06	1.21553e+06	1.04349e+06	771588	457410
293T_TFF1_DNA_Pool-1_2G:T2:49:02	37	1.00001e+06	0	579752	715041	0
293T_TFF1_DNA_Pool-1_2G:T2:H2:02	42	1.00001e+06	0	1.43845e+06	921451	1.41444e+06
293T_TFF1_DNA_Pool-1_2G:T5:T0:11	21	1.00001e+06	1.34822e+06	409415	611761	0
293T_TFF1_DNA_Pool-1_2G:U0:B2:05	29	1.00001e+06	2.06719e+06	690475	851041	239294
293T_TFF1_DNA_Pool-1_2G:U0:D3:11	46	1.00001e+06	2.08965e+06	577332	740314	298466
293T_TFF1_DNA_Pool-1_2G:U0:F3:11	30	1.00001e+06	0	1.048e+06	744672	2.4284e+06
293T_TFF1_DNA_Pool-1_2G:U3:09:05	22	1.00001e+06	1.96772e+06	647097	902891	1.41573e+06
293T_TFF1_DNA_Pool-1_2G:U7:Y5:05	31	1.00001e+06	596392	774056	477173	601978
293T_TFF1_DNA_Pool-1_2G:U8:F2:01	35	1.00001e+06	0	762128	635228	1.13231e+06
293T_TFF1_DNA_Pool-1_2G:V1:B6:09	28	1.00001e+06	263649	411147	756690	71133.6
293T_TFF1_DNA_Pool-1_2G:V1:E2:07	33	1.00001e+06	2.2205e+06	796793	754679	813706
293T_TFF1_DNA_Pool-1_2G:V1:K1:11	26	1.00001e+06	348279	748199	810797	1.71036e+06
293T_TFF1_DNA_Pool-1_2G:V1:Z0:11	36	1.00001e+06	0	1.23145e+06	821761	1.78772e+06
293T_TFF1_DNA_Pool-1_2G:V2:E6:02	36	1.00001e+06	2.07911e+06	897332	854858	1.32678e+06
293T_TFF1_DNA_Pool-1_2G:V6:Y6:08	290	1.00001e+06	0	1.70127e+06	1.59293e+06	571476
293T_TFF1_DNA_Pool-1_2G:V9:C4:10	146	1.00001e+06	0	1.67751e+06	1.61574e+06	568351
293T_TFF1_DNA_Pool-1_2G:V9:O1:08	23	1.00001e+06	0	499678	468302	69980.2
293T_TFF1_DNA_Pool-1_2G:V9:R7:07	51	1.00001e+06	610739	878397	1.01005e+06	522204
293T_TFF1_DNA_Pool-1_2G:W0:46:05	80	1.00001e+06	0	1.28381e+06	948396	1.7456e+06
293T_TFF1_DNA_Pool-1_2G:W0:94:08	31	1.00001e+06	2.53105e+06	925971	814706	1.27401e+06
293T_TFF1_DNA_Pool-1_2G:W0:B7:01	38	1.00001e+06	1.78575e+06	1.06682e+06	918929	905570
293T_TFF1_DNA_Pool-1_2G:W0:E6:05	22	1.00001e+06	1.96856e+06	603108	596004	738703
293T_TFF1_DNA_Pool-1_2G:W0:V4:02	24	1.00001e+06	185888	713141	13580.8	274111
293T_TFF1_DNA_Pool-1_2G:W0:X8:05	236	1.00001e+06	0	1.79281e+06	917090	1.01018e+06
293T_TFF1_DNA_Pool-1_2G:W0:Z8:04	49	1.00001e+06	2.07496e+06	1.1361e+06	913929	0
293T_TFF1_DNA_Pool-1_2G:W3:08:11	22	1.00001e+06	1.35735e+06	428150	560648	0
293T_TFF1_DNA_Pool-1_2G:W3:84:09	26	1.00001e+06	300229	381435	757803	0
293T_TFF1_DNA_Pool-1_2G:W3:E6:07	41	1.00001e+06	643589	613823	918176	873439
293T_TFF1_DNA_Pool-1_2G:W7:E6:04	26	1.00001e+06	0	750356	594624	0
293T_TFF1_DNA_Pool-1_2G:W7:H4:05	20	1.00001e+06	0	2.41732e+06	871462	2.05547e+06
293T_TFF1_DNA_Pool-1_2G:W7:K5:07	26	1.00001e+06	0	982460	828795	1.58214e+06
293T_TFF1_DNA_Pool-1_2G:W7:O6:02	25	1.00001e+06	0	642540	891785	0
293T_TFF1_DNA_Pool-1_2G:W8:N0:04	24	1.00001e+06	95033.5	272321	14117.4	0
293T_TFF1_DNA_Pool-1_2G:W8:N7:06	20	1.00001e+06	1.68937e+06	397561	14010.2	101832
293T_TFF1_DNA_Pool-1_2G:X1:54:04	33	1.00001e+06	1.87521e+06	795064	743048	1.69905e+06
293T_TFF1_DNA_Pool-1_2G:X1:C0:04	29	1.00001e+06	0	706841	786840	0
293T_TFF1_DNA_Pool-1_2G:X1:X8:08	29	1.00001e+06	0	765056	674647	204851
293T_TFF1_DNA_Pool-1_2G:X5:02:09	205	1.00001e+06	2.1049e+06	1.66103e+06	1.38557e+06	1.02271e+06
293T_TFF1_DNA_Pool-1_2G:X5:72:05	130	1.00001e+06	0	1.9031e+06	1.0518e+06	1.53948e+06
293T_TFF1_DNA_Pool-1_2G:X5:B2:02	113	1.00001e+06	2.02825e+06	1.03695e+06	763180	680829
293T_TFF1_DNA_Pool-1_2G:X5:G0:04	62	1.00001e+06	171964	774232	828911	268472
293T_TFF1_DNA_Pool-1_2G:X5:M8:12	220	1.00001e+06	1.02126e+06	1.74212e+06	2.50924e+06	1.53927e+06
293T_TFF1_DNA_Pool-1_2G:X5:N0:07	141	1.00001e+06	0	1.3399e+06	1.11456e+06	1.77748e+06
293T_TFF1_DNA_Pool-1_2G:X5:P8:07	276	1.00001e+06	2.19867e+06	1.86045e+06	2.21829e+06	1.27973e+06
293T_TFF1_DNA_Pool-1_2G:X5:Y6:05	633	1.00001e+06	1.17611e+07	3.3946e+06	6.66788e+06	3.58887e+06
293T_TFF1_DNA_Pool-1_2G:X6:54:07	95	1.00001e+06	890133	1.43154e+06	1.12257e+06	2.66769e+06
293T_TFF1_DNA_Pool-1_2G:X6:Q8:09	29	1.00001e+06	0	907672	763102	0
293T_TFF1_DNA_Pool-1_2G:X9:E2:08	28	1.00001e+06	1.62751e+06	621914	14872.8	813721
293T_TFF1_DNA_Pool-1_2G:X9:E2:11	117	1.00001e+06	871454	1.28544e+06	746925	1.17627e+06
293T_TFF1_DNA_Pool-1_2G:X9:J4:05	33	1.00001e+06	1.34881e+06	1.0312e+06	155866	436635
293T_TFF1_DNA_Pool-1_2G:X9:X8:05	27	1.00001e+06	212807	901142	678504	208632
293T_TFF1_DNA_Pool-1_2G:Y3:93:11	26	1.00001e+06	2.03855e+06	730265	707469	50233.7
293T_TFF1_DNA_Pool-1_2G:Y7:F2:04	33	1.00001e+06	0	648097	549716	335069
293T_TFF1_DNA_Pool-1_2G:Y8:97:04	21	1.00001e+06	0	618084	758459	0
293T_TFF1_DNA_Pool-1_2G:Y8:E6:02	58	1.00001e+06	1.57785e+06	1.09562e+06	802158	596088
293T_TFF1_DNA_Pool-1_2G:Z5:E2:05	66	1.00001e+06	0	1.23822e+06	914995	846214
293T_TFF1_DNA_Pool-1_2G:Z5:H2:05	32	1.00001e+06	2.72707e+06	969592	922106	1.78976e+06
293T_TFF1_DNA_Pool-1_2G:Z5:R7:04	2759	1.00001e+06	1.50905e+07	5.51177e+06	7.43511e+06	3.83585e+06
293T_TFF1_DNA_Pool-1_2G:Z6:X0:05	26	1.00001e+06	2.17393e+06	878178	826337	760182
293T_TFF1_DNA_Pool-1_2F:04:54:12	21	1.00001e+06	160766	395391	15349	172956
293T_TFF1_DNA_Pool-1_2F:07:E6:12	39	1.00001e+06	0	1.14986e+06	713995	3.7394e+06
293T_TFF1_DNA_Pool-1_2F:08:T7:12	47	1.00001e+06	1.32551e+06	1.43179e+06	808245	869610
293T_TFF1_DNA_Pool-1_2F:0M:94:09	61	1.00001e+06	1.30007e+06	829587	720161	720581
293T_TFF1_DNA_Pool-1_2F:0Q:56:04	73	1.00001e+06	2.24045e+06	1.10912e+06	987499	454176
293T_TFF1_DNA_Pool-1_2F:0U:K2:01	23	1.00001e+06	1.14641e+06	786109	740452	615389
293T_TFF1_DNA_Pool-1_2F:0X:24:09	73	1.00001e+06	0	1.23604e+06	831895	3.35425e+06
293T_TFF1_DNA_Pool-1_2F:0X:61:01	103	1.00001e+06	0	1.28244e+06	652898	136308
293T_TFF1_DNA_Pool-1_2F:0X:81:10	66	1.00001e+06	2.10355e+06	913089	828541	727117
293T_TFF1_DNA_Pool-1_2F:0X:A0:11	62	1.00001e+06	0	956962	894954	822988
293T_TFF1_DNA_Pool-1_2F:0X:F2:04	266	1.00001e+06	3.03025e+06	1.94336e+06	2.14944e+06	2.19017e+06
293T_TFF1_DNA_Pool-1_2F:0X:J6:11	510	1.00001e+06	4.05558e+06	2.7033e+06	5.81614e+06	3.90249e+06
293T_TFF1_DNA_Pool-1_2F:0X:T4:12	150	1.00001e+06	0	1.65464e+06	771467	2.11098e+06
293T_TFF1_DNA_Pool-1_2F:0X:T7:11	80	1.00001e+06	0	1.04365e+06	1.59238e+06	320216
293T_TFF1_DNA_Pool-1_2F:0Y:0F:07	198	1.00001e+06	1.96387e+06	1.80456e+06	1.27651e+06	1.78256e+06
293T_TFF1_DNA_Pool-1_2F:0Y:I2:11	22	1.00001e+06	795599	1.30024e+06	802169	2.0204e+06
293T_TFF1_DNA_Pool-1_2F:0Y:J6:08	31	1.00001e+06	285927	840147	709346	440830
293T_TFF1_DNA_Pool-1_2F:0Y:P8:05	38	1.00001e+06	0	823479	601768	465849
293T_TFF1_DNA_Pool-1_2F:15:08:11	72	1.00001e+06	1.98532e+06	646226	671296	633386
293T_TFF1_DNA_Pool-1_2F:19:56:04	54	1.00001e+06	1.42411e+06	1.12828e+06	738590	0
293T_TFF1_DNA_Pool-1_2F:19:G2:01	23	1.00001e+06	0	1.00218e+06	24699.9	407990
293T_TFF1_DNA_Pool-1_2F:24:F2:02	30	1.00001e+06	1.71677e+06	543247	741358	166538
293T_TFF1_DNA_Pool-1_2F:24:T8:11	26	1.00001e+06	0	615917	585245	0
293T_TFF1_DNA_Pool-1_2F:32:L6:07	40	1.00001e+06	2.06319e+06	758938	700668	517646
293T_TFF1_DNA_Pool-1_2F:32:T2:11	23	1.00001e+06	2.08935e+06	942350	815469	562105
293T_TFF1_DNA_Pool-1_2F:43:T4:09	65	1.00001e+06	1.81376e+06	799327	914856	1.10501e+06
293T_TFF1_DNA_Pool-1_2F:44:D4:02	496	1.00001e+06	2.57576e+06	3.18762e+06	6.58432e+06	3.13413e+06
293T_TFF1_DNA_Pool-1_2F:47:0B:01	20	1.00001e+06	422748	424707	608139	207475
293T_TFF1_DNA_Pool-1_2F:47:N7:03	26	1.00001e+06	2.13613e+06	1.25769e+06	18476.2	573691
293T_TFF1_DNA_Pool-1_2F:48:54:01	21	1.00001e+06	0	740883	1.19849e+06	485914
293T_TFF1_DNA_Pool-1_2F:48:69:11	20	1.00001e+06	0	605812	789466	985832
293T_TFF1_DNA_Pool-1_2F:48:D4:02	32	1.00001e+06	0	696623	773264	409052
293T_TFF1_DNA_Pool-1_2F:83:Q8:09	22	1.00001e+06	0	665198	708229	729384
293T_TFF1_DNA_Pool-1_2F:87:0F:07	40	1.00001e+06	0	713097	632095	1.10742e+06
293T_TFF1_DNA_Pool-1_2F:88:E6:09	22	1.00001e+06	0	911131	874042	747631
293T_TFF1_DNA_Pool-1_2F:95:B3:02	32	1.00001e+06	170335	618238	876489	296977
293T_TFF1_DNA_Pool-1_2F:95:R2:04	23	1.00001e+06	0	588185	784099	152995
293T_TFF1_DNA_Pool-1_2F:96:56:04	32	1.00001e+06	1.93819e+06	604069	616507	64166.9
293T_TFF1_DNA_Pool-1_2F:A3:56:04	66	1.00001e+06	1.84405e+06	1.09684e+06	1.05385e+06	577740
293T_TFF1_DNA_Pool-1_2F:A7:F3:11	27	1.00001e+06	1.59506e+06	735393	487422	0
293T_TFF1_DNA_Pool-1_2F:A7:P4:11	42	1.00001e+06	675082	728294	922062	515109
293T_TFF1_DNA_Pool-1_2F:A8:F3:11	105	1.00001e+06	1.58298e+06	1.23568e+06	847220	2.69326e+06
293T_TFF1_DNA_Pool-1_2F:B5:41:12	272	1.00001e+06	0	2.28617e+06	2.53259e+06	3.95134e+06
293T_TFF1_DNA_Pool-1_2F:B5:L6:05	38	1.00001e+06	1.84857e+06	837949	772858	860151
293T_TFF1_DNA_Pool-1_2F:C8:T7:07	27	1.00001e+06	286373	327553	788984	409945
293T_TFF1_DNA_Pool-1_2F:D1:D4:02	23	1.00001e+06	0	670890	874385	438113
293T_TFF1_DNA_Pool-1_2F:D5:0F:07	41	1.00001e+06	438088	777335	809752	418899
293T_TFF1_DNA_Pool-1_2F:E3:81:10	26	1.00001e+06	0	602181	776584	0
293T_TFF1_DNA_Pool-1_2F:F1:54:02	33	1.00001e+06	0	837616	803306	113878
293T_TFF1_DNA_Pool-1_2F:F9:L0:11	348	1.00001e+06	3.93135e+06	2.66975e+06	4.80125e+06	1.67501e+06
293T_TFF1_DNA_Pool-1_2F:G0:Z3:11	92	1.00001e+06	0	1.16614e+06	753918	720196
293T_TFF1_DNA_Pool-1_2F:G8:24:09	20	1.00001e+06	180327	731537	723822	286542
293T_TFF1_DNA_Pool-1_2F:G8:D2:02	25	1.00001e+06	0	817781	1.8264e+06	0
293T_TFF1_DNA_Pool-1_2F:H9:J3:11	28	1.00001e+06	469956	1.14577e+06	667443	2.3547e+06
293T_TFF1_DNA_Pool-1_2F:I0:N4:09	21	1.00001e+06	538450	665667	649927	289470
293T_TFF1_DNA_Pool-1_2F:I8:28:09	62	1.00001e+06	328970	824247	708981	344591
293T_TFF1_DNA_Pool-1_2F:J1:81:10	47	1.00001e+06	0	768267	687544	487038
293T_TFF1_DNA_Pool-1_2F:J1:C4:02	186	1.00001e+06	1.78707e+06	1.86736e+06	1.15734e+06	931835
293T_TFF1_DNA_Pool-1_2F:J1:K2:11	37	1.00001e+06	0	435070	813650	66304.1
293T_TFF1_DNA_Pool-1_2F:J2:0F:07	90	1.00001e+06	3.90621e+06	1.79708e+06	1.10797e+06	700857
293T_TFF1_DNA_Pool-1_2F:K3:56:04	35	1.00001e+06	0	936157	984467	87043.5
293T_TFF1_DNA_Pool-1_2F:M0:A6:09	24	1.00001e+06	2.21217e+06	784378	657469	593321
293T_TFF1_DNA_Pool-1_2F:N9:69:11	48	1.00001e+06	0	944621	752165	407759
293T_TFF1_DNA_Pool-1_2F:N9:81:10	40	1.00001e+06	2.60072e+06	1.07383e+06	828342	1.15092e+06
293T_TFF1_DNA_Pool-1_2F:N9:E6:09	180	1.00001e+06	0	1.33521e+06	893868	758488
293T_TFF1_DNA_Pool-1_2F:N9:J0:09	80	1.00001e+06	0	1.1194e+06	946332	782510
293T_TFF1_DNA_Pool-1_2F:O0:Y2:05	29	1.00001e+06	429781	392114	593432	0
293T_TFF1_DNA_Pool-1_2F:O3:56:04	32	1.00001e+06	0	1.79334e+06	760518	3.45093e+06
293T_TFF1_DNA_Pool-1_2F:Q4:D4:02	33	1.00001e+06	1.81371e+06	557808	767899	123032
293T_TFF1_DNA_Pool-1_2F:Q8:77:02	20	1.00001e+06	95188.7	613364	744981	0
293T_TFF1_DNA_Pool-1_2F:R6:J6:05	22	1.00001e+06	0	695640	638686	2.99912e+06
293T_TFF1_DNA_Pool-1_2F:R9:56:07	71	1.00001e+06	864260	1.22759e+06	898358	904638
293T_TFF1_DNA_Pool-1_2F:S0:H3:02	36	1.00001e+06	0	1.37799e+06	739219	734055
293T_TFF1_DNA_Pool-1_2F:S7:D3:05	41	1.00001e+06	2.11731e+06	1.0665e+06	1.05469e+06	1.23539e+06
293T_TFF1_DNA_Pool-1_2F:S7:O6:11	270	1.00001e+06	0	1.88284e+06	2.29846e+06	1.34582e+06
293T_TFF1_DNA_Pool-1_2F:S7:Q8:07	50	1.00001e+06	0	1.02323e+06	797618	770946
293T_TFF1_DNA_Pool-1_2F:U0:58:07	22	1.00001e+06	0	821021	823356	2.32383e+06
293T_TFF1_DNA_Pool-1_2F:U0:98:11	28	1.00001e+06	2.72848e+06	1.98368e+06	701937	641491
293T_TFF1_DNA_Pool-1_2F:V6:0F:01	23	1.00001e+06	116450	831597	637417	692497
293T_TFF1_DNA_Pool-1_2F:V9:E8:11	65	1.00001e+06	0	1.17877e+06	983337	509801
293T_TFF1_DNA_Pool-1_2F:V9:M0:07	47	1.00001e+06	0	767943	733598	1.2063e+06
293T_TFF1_DNA_Pool-1_2F:W3:0F:07	34	1.00001e+06	2.05827e+06	633034	771496	0
293T_TFF1_DNA_Pool-1_2F:W7:26:10	20	1.00001e+06	631617	512190	220052	0
293T_TFF1_DNA_Pool-1_2F:W7:56:04	47	1.00001e+06	206957	1.07388e+06	783130	381159
293T_TFF1_DNA_Pool-1_2F:W7:J0:11	47	1.00001e+06	0	787444	749958	174457
293T_TFF1_DNA_Pool-1_2F:X2:Q1:07	28	1.00001e+06	0	769309	719854	239804
293T_TFF1_DNA_Pool-1_2F:X5:B7:03	198	1.00001e+06	0	1.82746e+06	2.9771e+06	1.24093e+06
293T_TFF1_DNA_Pool-1_2F:X5:C0:06	83	1.00001e+06	0	1.06312e+06	823531	349779
293T_TFF1_DNA_Pool-1_2F:X5:K1:12	105	1.00001e+06	1.82056e+06	1.39761e+06	924125	388060
293T_TFF1_DNA_Pool-1_2F:X5:M8:12	55	1.00001e+06	1.36236e+06	1.34691e+06	2.21022e+06	619415
293T_TFF1_DNA_Pool-1_2F:Y3:H6:07	103	1.00001e+06	893291	1.19655e+06	985812	2.50926e+06
293T_TFF1_DNA_Pool-1_2F:Z2:41:07	38	1.00001e+06	0	772937	794656	1.28327e+06
293T_TFF1_DNA_Pool-1_2F:Z5:81:07	26	1.00001e+06	0	974118	715896	1.62957e+06
293T_TFF1_DNA_Pool-1_2F:Z5:R0:11	65	1.00001e+06	1.40193e+06	1.18349e+06	945381	575446
293T_TFF1_DNA_Pool-1_2E:08:H4:09	27	1.00001e+06	0	471960	552236	100175
293T_TFF1_DNA_Pool-1_2E:0H:B6:08	21	1.00001e+06	0	420512	886408	166561
293T_TFF1_DNA_Pool-1_2E:0H:C4:09	35	1.00001e+06	1.78551e+06	355007	674064	63807.8
293T_TFF1_DNA_Pool-1_2E:0Q:14:09	22	1.00001e+06	1.21843e+06	727665	753540	2.21042e+06
293T_TFF1_DNA_Pool-1_2E:0X:0F:07	96	1.00001e+06	0	1.807e+06	1.27154e+06	4.39449e+06
293T_TFF1_DNA_Pool-1_2E:0X:G5:11	77	1.00001e+06	1.22992e+06	1.26138e+06	887194	6.28667e+06
293T_TFF1_DNA_Pool-1_2E:0Y:02:02	72	1.00001e+06	163287	1.10667e+06	860182	1.29091e+06
293T_TFF1_DNA_Pool-1_2E:0Y:E2:02	135	1.00001e+06	2.62458e+06	1.6224e+06	1.32716e+06	595484
293T_TFF1_DNA_Pool-1_2E:0Y:J6:08	72	1.00001e+06	0	901765	745445	697045
293T_TFF1_DNA_Pool-1_2E:0Y:T7:02	61	1.00001e+06	0	780322	812473	173282
293T_TFF1_DNA_Pool-1_2E:24:0R:02	52	1.00001e+06	0	931616	928732	2.78722e+06
293T_TFF1_DNA_Pool-1_2E:31:J8:07	20	1.00001e+06	718431	578802	36068.3	0
293T_TFF1_DNA_Pool-1_2E:36:S5:02	302	1.00001e+06	1.80941e+06	2.05599e+06	1.44154e+06	1.26546e+06
293T_TFF1_DNA_Pool-1_2E:40:R7:02	37	1.00001e+06	1.76167e+06	545169	28085	1.12799e+06
293T_TFF1_DNA_Pool-1_2E:47:0V:02	29	1.00001e+06	1.63151e+06	1.06199e+06	769267	483479
293T_TFF1_DNA_Pool-1_2E:47:84:02	29	1.00001e+06	1.19317e+06	898212	765150	334578
293T_TFF1_DNA_Pool-1_2E:47:B2:09	42	1.00001e+06	880886	1.16675e+06	814543	1.16211e+06
293T_TFF1_DNA_Pool-1_2E:47:U5:04	21	1.00001e+06	0	2.91683e+06	764260	484733
293T_TFF1_DNA_Pool-1_2E:72:Q0:10	22	1.00001e+06	2.03052e+06	1.02453e+06	827092	3.82417e+06
293T_TFF1_DNA_Pool-1_2E:79:Y5:02	29	1.00001e+06	1.82806e+06	699659	741237	636617
293T_TFF1_DNA_Pool-1_2E:80:E1:02	39	1.00001e+06	2.08468e+06	784308	950299	2.27693e+06
293T_TFF1_DNA_Pool-1_2E:80:Q8:01	51	1.00001e+06	0	716758	703144	913032
293T_TFF1_DNA_Pool-1_2E:95:S5:06	95	1.00001e+06	0	1.44865e+06	1.01236e+06	2.89967e+06
293T_TFF1_DNA_Pool-1_2E:A4:I9:01	56	1.00001e+06	725720	1.21711e+06	868285	822399
293T_TFF1_DNA_Pool-1_2E:A7:R3:05	24	1.00001e+06	0	572624	802620	713282
293T_TFF1_DNA_Pool-1_2E:B5:S9:02	65	1.00001e+06	862821	1.96331e+06	845052	547305
293T_TFF1_DNA_Pool-1_2E:B9:08:03	31	1.00001e+06	1.50663e+06	552141	13440.7	645771
293T_TFF1_DNA_Pool-1_2E:B9:Y2:01	29	1.00001e+06	2.09439e+06	580865	602100	432113
293T_TFF1_DNA_Pool-1_2E:C8:54:08	25	1.00001e+06	1.58252e+06	437770	608268	0
293T_TFF1_DNA_Pool-1_2E:D5:C4:09	34	1.00001e+06	0	1.038e+06	672579	1.37969e+06
293T_TFF1_DNA_Pool-1_2E:E3:49:05	60	1.00001e+06	0	768903	953903	648724
293T_TFF1_DNA_Pool-1_2E:E3:65:06	20	NA	185778	184662	20006.2	83990
293T_TFF1_DNA_Pool-1_2E:E4:T0:04	35	1.00001e+06	116553	672481	600488	499386
293T_TFF1_DNA_Pool-1_2E:E7:72:02	62	1.00001e+06	980018	1.053e+06	735035	1.96837e+06
293T_TFF1_DNA_Pool-1_2E:F1:56:11	142	1.00001e+06	1.84436e+06	1.40146e+06	745125	2.71487e+06
293T_TFF1_DNA_Pool-1_2E:F2:H6:02	41	1.00001e+06	0	919019	850200	617126
293T_TFF1_DNA_Pool-1_2E:G8:D2:02	1776	1.00001e+06	0	5.6932e+06	8.74413e+06	4.64059e+06
293T_TFF1_DNA_Pool-1_2E:G8:D3:02	59	1.00001e+06	1.25796e+06	1.32923e+06	668339	3.07628e+06
293T_TFF1_DNA_Pool-1_2E:G8:U5:04	20	1.00001e+06	1.72351e+06	491892	768958	320155
293T_TFF1_DNA_Pool-1_2E:H6:X3:02	25	1.00001e+06	1.85742e+06	834200	804548	883950
293T_TFF1_DNA_Pool-1_2E:H6:Y6:02	47	1.00001e+06	0	1.1378e+06	813355	2.4796e+06
293T_TFF1_DNA_Pool-1_2E:H9:N0:11	22	1.00001e+06	1.9606e+06	866618	709794	847539
293T_TFF1_DNA_Pool-1_2E:I3:08:02	27	1.00001e+06	2.49759e+06	848116	765803	583983
293T_TFF1_DNA_Pool-1_2E:I3:Y6:02	74	1.00001e+06	740341	1.22349e+06	807294	3.29724e+06
293T_TFF1_DNA_Pool-1_2E:J1:G8:04	48	1.00001e+06	1.12291e+06	1.66334e+06	1.13982e+06	3.26148e+06
293T_TFF1_DNA_Pool-1_2E:J1:X4:11	74	1.00001e+06	0	1.45798e+06	1.01652e+06	1.22878e+06
293T_TFF1_DNA_Pool-1_2E:J1:Z8:07	66	1.00001e+06	2.40819e+06	1.04139e+06	865710	1.34007e+06
293T_TFF1_DNA_Pool-1_2E:K7:D2:04	21	1.00001e+06	197963	346075	12558	522012
293T_TFF1_DNA_Pool-1_2E:L9:X7:02	30	1.00001e+06	1.80897e+06	548602	776869	83257.2
293T_TFF1_DNA_Pool-1_2E:N6:13:02	27	1.00001e+06	290494	718747	32800.2	1.23163e+06
293T_TFF1_DNA_Pool-1_2E:N9:98:09	49	1.00001e+06	2.7388e+06	1.13082e+06	837789	3.8369e+06
293T_TFF1_DNA_Pool-1_2E:N9:G9:11	51	1.00001e+06	1.1785e+06	1.01271e+06	995016	1.18226e+06
293T_TFF1_DNA_Pool-1_2E:N9:H8:01	59	1.00001e+06	0	871135	836638	923539
293T_TFF1_DNA_Pool-1_2E:N9:M4:02	63	1.00001e+06	0	868406	697961	949259
293T_TFF1_DNA_Pool-1_2E:O0:98:11	25	1.00001e+06	0	717666	271691	478718
293T_TFF1_DNA_Pool-1_2E:O7:54:02	46	1.00001e+06	1.64198e+06	919682	787541	62362.4
293T_TFF1_DNA_Pool-1_2E:P6:O6:02	58	1.00001e+06	0	1.22926e+06	756268	2.00776e+06
293T_TFF1_DNA_Pool-1_2E:Q4:06:02	21	1.00001e+06	0	402661	700572	70576.3
293T_TFF1_DNA_Pool-1_2E:Q8:81:09	107	1.00001e+06	2.20287e+06	1.49637e+06	1.04186e+06	1.04344e+06
293T_TFF1_DNA_Pool-1_2E:R1:14:09	56	1.00001e+06	0	1.33808e+06	952248	2.66571e+06
293T_TFF1_DNA_Pool-1_2E:R1:46:02	85	1.00001e+06	0	1.24164e+06	981272	3.81609e+06
293T_TFF1_DNA_Pool-1_2E:R1:E2:09	68	1.00001e+06	212770	844334	797868	328310
293T_TFF1_DNA_Pool-1_2E:R1:F2:05	78	1.00001e+06	2.17638e+06	1.48364e+06	846974	2.66803e+06
293T_TFF1_DNA_Pool-1_2E:S7:45:11	214	1.00001e+06	1.91686e+06	1.59438e+06	1.51317e+06	1.2456e+06
293T_TFF1_DNA_Pool-1_2E:S7:81:10	43	1.00001e+06	0	689247	623939	313998
293T_TFF1_DNA_Pool-1_2E:S7:84:02	41	1.00001e+06	1.63922e+06	675215	221027	340602
293T_TFF1_DNA_Pool-1_2E:S7:V3:02	28	1.00001e+06	0	868553	702073	741828
293T_TFF1_DNA_Pool-1_2E:S7:Y2:05	48	1.00001e+06	0	992367	903977	460145
293T_TFF1_DNA_Pool-1_2E:S8:E1:02	101	1.00001e+06	0	1.72025e+06	1.56421e+06	1.90189e+06
293T_TFF1_DNA_Pool-1_2E:S8:K5:12	24	1.00001e+06	1.73627e+06	361635	28290.4	0
293T_TFF1_DNA_Pool-1_2E:S8:T8:12	31	1.00001e+06	1.66553e+06	603881	775136	863506
293T_TFF1_DNA_Pool-1_2E:T1:S9:02	42	1.00001e+06	2.0286e+06	811917	792141	399894
293T_TFF1_DNA_Pool-1_2E:T2:Y5:04	34	1.00001e+06	0	433068	40615	0
293T_TFF1_DNA_Pool-1_2E:U4:J6:04	30	1.00001e+06	1.75165e+06	727116	612769	0
293T_TFF1_DNA_Pool-1_2E:U8:H8:05	22	1.00001e+06	0	667699	645654	0
293T_TFF1_DNA_Pool-1_2E:V2:E6:12	27	1.00001e+06	0	612891	789937	147234
293T_TFF1_DNA_Pool-1_2E:V5:E2:02	27	1.00001e+06	0	627355	730117	918120
293T_TFF1_DNA_Pool-1_2E:V9:D0:05	21	1.00001e+06	103937	718328	636899	150246
293T_TFF1_DNA_Pool-1_2E:V9:G4:02	59	1.00001e+06	318234	1.29563e+06	1.02352e+06	1.74468e+06
293T_TFF1_DNA_Pool-1_2E:W8:97:02	78	1.00001e+06	2.27696e+06	988876	805551	970105
293T_TFF1_DNA_Pool-1_2E:W8:E2:02	48	1.00001e+06	0	1.29191e+06	1.09834e+06	1.07897e+06
293T_TFF1_DNA_Pool-1_2E:W8:G4:12	57	1.00001e+06	2.62348e+06	1.22614e+06	779459	1.74554e+06
293T_TFF1_DNA_Pool-1_2E:X5:37:02	79	1.00001e+06	943946	1.03246e+06	751893	6.32641e+06
293T_TFF1_DNA_Pool-1_2E:X5:41:12	58	1.00001e+06	2.42002e+06	656263	778106	129188
293T_TFF1_DNA_Pool-1_2E:X5:B2:02	138	1.00001e+06	921045	1.63311e+06	1.23959e+06	1.52052e+06
293T_TFF1_DNA_Pool-1_2E:X5:E6:09	296	1.00001e+06	1.0793e+06	1.81481e+06	3.18631e+06	1.34747e+06
293T_TFF1_DNA_Pool-1_2E:X5:M8:12	65	1.00001e+06	0	1.29283e+06	2.25024e+06	982231
293T_TFF1_DNA_Pool-1_2E:X5:R4:02	54	1.00001e+06	0	918616	679451	293849
293T_TFF1_DNA_Pool-1_2E:X5:T7:02	84	1.00001e+06	1.91072e+06	867761	737834	1.34076e+06
293T_TFF1_DNA_Pool-1_2E:X5:X7:09	90	1.00001e+06	1.88712e+06	1.3144e+06	857213	758089
293T_TFF1_DNA_Pool-1_2E:X5:Y6:05	170	1.00001e+06	1.18787e+06	1.87341e+06	1.67364e+06	547468
293T_TFF1_DNA_Pool-1_2D:03:M4:05	80	1.00001e+06	0	1.25312e+06	863930	3.05997e+06
293T_TFF1_DNA_Pool-1_2D:04:Y6:05	20	1.00001e+06	0	589167	753862	0
293T_TFF1_DNA_Pool-1_2D:08:94:03	56	1.00001e+06	2.1157e+06	848648	742307	347114
293T_TFF1_DNA_Pool-1_2D:0H:0N:04	20	1.00001e+06	2.10406e+06	665592	765232	0
293T_TFF1_DNA_Pool-1_2D:0H:I2:04	31	1.00001e+06	1.09946e+06	937917	759726	2.72683e+06
293T_TFF1_DNA_Pool-1_2D:0Q:T4:07	29	1.00001e+06	0	1.28978e+06	837311	581434
293T_TFF1_DNA_Pool-1_2D:0X:08:03	68	1.00001e+06	0	1.13267e+06	749056	669779
293T_TFF1_DNA_Pool-1_2D:0X:14:07	39	1.00001e+06	0	820201	725232	4.02705e+06
293T_TFF1_DNA_Pool-1_2D:0X:E8:09	174	1.00001e+06	1.11222e+06	1.58768e+06	1.26573e+06	1.23267e+06
293T_TFF1_DNA_Pool-1_2D:0X:L0:05	64	1.00001e+06	0	1.16325e+06	829378	1.70169e+06
293T_TFF1_DNA_Pool-1_2D:0X:N0:02	286	1.00001e+06	0	2.31538e+06	1.92944e+06	2.12473e+06
293T_TFF1_DNA_Pool-1_2D:0X:N3:10	125	1.00001e+06	0	947157	964542	447746
293T_TFF1_DNA_Pool-1_2D:0X:W6:04	55	1.00001e+06	629632	592949	450550	98526.5
293T_TFF1_DNA_Pool-1_2D:0X:X7:04	82	1.00001e+06	993955	1.69637e+06	886299	3.00674e+06
293T_TFF1_DNA_Pool-1_2D:0Y:H0:06	318	1.00001e+06	1.84655e+06	2.19043e+06	2.29094e+06	2.06281e+06
293T_TFF1_DNA_Pool-1_2D:0Y:J6:08	40	1.00001e+06	0	662329	912343	3.61362e+06
293T_TFF1_DNA_Pool-1_2D:0Y:L7:07	28	1.00001e+06	1.99708e+06	626492	780806	304491
293T_TFF1_DNA_Pool-1_2D:0Y:X3:07	36	1.00001e+06	0	858844	927706	4.96875e+06
293T_TFF1_DNA_Pool-1_2D:0Y:Y6:07	77	1.00001e+06	2.33629e+06	799468	1.049e+06	556053
293T_TFF1_DNA_Pool-1_2D:11:50:07	34	1.00001e+06	2.09362e+06	623332	929523	1.10374e+06
293T_TFF1_DNA_Pool-1_2D:12:E1:07	22	1.00001e+06	0	731103	897807	1.09914e+06
293T_TFF1_DNA_Pool-1_2D:19:J0:07	44	1.00001e+06	702998	1.35585e+06	813379	1.62381e+06
293T_TFF1_DNA_Pool-1_2D:20:B2:07	26	1.00001e+06	0	397744	683697	659994
293T_TFF1_DNA_Pool-1_2D:24:Y1:01	39	1.00001e+06	95500.4	515611	825854	0
293T_TFF1_DNA_Pool-1_2D:31:Y5:04	36	1.00001e+06	1.93899e+06	758568	881275	0
293T_TFF1_DNA_Pool-1_2D:39:G4:04	68	1.00001e+06	667062	1.11775e+06	1.27812e+06	588932
293T_TFF1_DNA_Pool-1_2D:39:N0:07	27	1.00001e+06	309680	552996	800295	0
293T_TFF1_DNA_Pool-1_2D:39:T7:04	95	1.00001e+06	1.58481e+06	1.29493e+06	767350	1.82079e+06
293T_TFF1_DNA_Pool-1_2D:40:G4:04	134	1.00001e+06	3.79998e+06	1.43834e+06	1.06903e+06	987392
293T_TFF1_DNA_Pool-1_2D:47:08:03	35	1.00001e+06	2.38418e+06	1.45217e+06	859726	1.42933e+06
293T_TFF1_DNA_Pool-1_2D:47:24:09	47	1.00001e+06	1.44576e+06	827977	791498	1.02618e+06
293T_TFF1_DNA_Pool-1_2D:47:D4:07	22	NA	185546	125521	23262.3	0
293T_TFF1_DNA_Pool-1_2D:51:46:03	23	1.00001e+06	0	487314	19374.1	1.05036e+06
293T_TFF1_DNA_Pool-1_2D:51:T4:12	20	1.00001e+06	0	2.24488e+06	20066.6	3.58196e+06
293T_TFF1_DNA_Pool-1_2D:64:18:11	228	1.00001e+06	0	2.03569e+06	2.19927e+06	2.081e+06
293T_TFF1_DNA_Pool-1_2D:67:F6:03	549	1.00001e+06	0	3.07121e+06	7.10104e+06	2.8728e+06
293T_TFF1_DNA_Pool-1_2D:68:J0:04	25	1.00001e+06	2.00124e+06	721440	745396	155271
293T_TFF1_DNA_Pool-1_2D:68:M4:07	40	1.00001e+06	1.59688e+06	530739	810365	0
293T_TFF1_DNA_Pool-1_2D:71:T4:03	38	1.00001e+06	0	562707	29985.5	589444
293T_TFF1_DNA_Pool-1_2D:79:E2:07	26	1.00001e+06	0	933612	774179	1.23453e+06
293T_TFF1_DNA_Pool-1_2D:95:08:03	32	1.00001e+06	1.62794e+06	313978	15364.4	419742
293T_TFF1_DNA_Pool-1_2D:95:0N:04	43	1.00001e+06	711345	845008	776638	167814
293T_TFF1_DNA_Pool-1_2D:99:E1:04	43	1.00001e+06	1.09387e+06	452999	474708	424718
293T_TFF1_DNA_Pool-1_2D:B5:09:09	30	1.00001e+06	2.19143e+06	604749	720852	807128
293T_TFF1_DNA_Pool-1_2D:B5:N0:04	102	1.00001e+06	2.14939e+06	1.10405e+06	1.18279e+06	2.10411e+06
293T_TFF1_DNA_Pool-1_2D:B5:S1:04	57	1.00001e+06	1.51197e+06	1.18788e+06	832759	2.66956e+06
293T_TFF1_DNA_Pool-1_2D:B5:U5:10	23	1.00001e+06	0	636254	804123	0
293T_TFF1_DNA_Pool-1_2D:B5:X7:04	25	1.00001e+06	187435	1.00748e+06	842034	0
293T_TFF1_DNA_Pool-1_2D:B5:Y1:03	62	1.00001e+06	1.12495e+06	1.16e+06	809576	592646
293T_TFF1_DNA_Pool-1_2D:B6:M1:12	51	1.00001e+06	0	607592	217378	437656
293T_TFF1_DNA_Pool-1_2D:B6:T7:04	31	1.00001e+06	0	720291	730145	186399
293T_TFF1_DNA_Pool-1_2D:E3:Z8:07	37	1.00001e+06	0	974708	657329	725060
293T_TFF1_DNA_Pool-1_2D:E4:C4:12	55	1.00001e+06	0	742341	636266	673459
293T_TFF1_DNA_Pool-1_2D:E4:G0:04	59	1.00001e+06	0	1.9043e+06	911365	1.18428e+06
293T_TFF1_DNA_Pool-1_2D:E7:84:07	35	1.00001e+06	2.14337e+06	919114	685896	397813
293T_TFF1_DNA_Pool-1_2D:F1:J0:07	71	1.00001e+06	1.40297e+06	836209	341727	652978
293T_TFF1_DNA_Pool-1_2D:F1:T4:07	37	1.00001e+06	0	653370	845768	497425
293T_TFF1_DNA_Pool-1_2D:F2:O1:12	23	1.00001e+06	1.39547e+06	534977	878794	164264
293T_TFF1_DNA_Pool-1_2D:F2:Q1:04	28	1.00001e+06	2.17779e+06	493211	870725	260220
293T_TFF1_DNA_Pool-1_2D:F6:E2:03	22	1.00001e+06	1.58252e+06	471592	12093.8	284387
293T_TFF1_DNA_Pool-1_2D:F9:E6:07	24	1.00001e+06	0	404856	727241	585984
293T_TFF1_DNA_Pool-1_2D:F9:T7:04	239	1.00001e+06	0	1.75286e+06	2.53585e+06	1.16056e+06
293T_TFF1_DNA_Pool-1_2D:G3:56:04	20	1.00001e+06	1.30597e+06	510108	535105	0
293T_TFF1_DNA_Pool-1_2D:G8:E2:07	48	1.00001e+06	1.34996e+06	754005	799838	1.09833e+06
293T_TFF1_DNA_Pool-1_2D:H1:41:07	34	1.00001e+06	2.47384e+06	874842	782254	248383
293T_TFF1_DNA_Pool-1_2D:H2:E2:03	32	1.00001e+06	1.8846e+06	405623	180576	214326
293T_TFF1_DNA_Pool-1_2D:H9:J6:01	41	1.00001e+06	0	870572	778798	1.1445e+06
293T_TFF1_DNA_Pool-1_2D:I3:X3:04	42	1.00001e+06	185410	660695	786268	0
293T_TFF1_DNA_Pool-1_2D:I4:P0:07	20	1.00001e+06	1.39626e+06	658663	767506	371418
293T_TFF1_DNA_Pool-1_2D:J1:34:04	30	1.00001e+06	2.11359e+06	784037	711617	513348
293T_TFF1_DNA_Pool-1_2D:J1:54:07	164	1.00001e+06	1.14967e+06	1.8511e+06	841063	2.87218e+06
293T_TFF1_DNA_Pool-1_2D:J1:B8:03	32	1.00001e+06	225688	562840	523417	385546
293T_TFF1_DNA_Pool-1_2D:J1:J0:12	38	1.00001e+06	2.24734e+06	858891	692911	338763
293T_TFF1_DNA_Pool-1_2D:J1:L7:07	23	NA	286143	243949	8302.21	247989
293T_TFF1_DNA_Pool-1_2D:J2:26:02	51	1.00001e+06	258643	946328	815396	269872
293T_TFF1_DNA_Pool-1_2D:K0:J0:07	30	1.00001e+06	713081	724355	762693	252144
293T_TFF1_DNA_Pool-1_2D:K7:T7:04	65	1.00001e+06	1.89961e+06	1.70434e+06	1.6236e+06	2.63343e+06
293T_TFF1_DNA_Pool-1_2D:K7:X7:04	24	1.00001e+06	0	2.25285e+06	714814	231607
293T_TFF1_DNA_Pool-1_2D:K8:Q8:04	36	1.00001e+06	275329	833294	790350	203297
293T_TFF1_DNA_Pool-1_2D:K8:Y5:04	55	1.00001e+06	326591	976530	762650	942950
293T_TFF1_DNA_Pool-1_2D:M0:T7:04	31	1.00001e+06	1.63963e+06	637393	728272	516086
293T_TFF1_DNA_Pool-1_2D:N6:0O:07	20	1.00001e+06	0	2.49625e+06	1.11806e+06	0
293T_TFF1_DNA_Pool-1_2D:N6:E2:08	236	1.00001e+06	3.17294e+06	2.06792e+06	1.52371e+06	1.15633e+06
293T_TFF1_DNA_Pool-1_2D:N9:0N:04	55	1.00001e+06	0	848667	924115	0
293T_TFF1_DNA_Pool-1_2D:N9:17:03	32	1.00001e+06	0	702478	948057	1.33959e+06
293T_TFF1_DNA_Pool-1_2D:N9:G0:06	231	1.00001e+06	1.25788e+06	1.62289e+06	2.197e+06	1.18714e+06
293T_TFF1_DNA_Pool-1_2D:N9:G9:12	22	1.00001e+06	0	738986	681605	272094
293T_TFF1_DNA_Pool-1_2D:N9:I9:04	32	1.00001e+06	1.99635e+06	1.15589e+06	762017	3.61838e+06
293T_TFF1_DNA_Pool-1_2D:O4:84:07	25	1.00001e+06	180245	714666	932942	731502
293T_TFF1_DNA_Pool-1_2D:O4:O5:04	57	1.00001e+06	178848	758501	699461	43692.5
293T_TFF1_DNA_Pool-1_2D:P2:T4:03	47	1.00001e+06	1.88415e+06	1.13983e+06	811398	344600
293T_TFF1_DNA_Pool-1_2D:P9:F2:07	56	1.00001e+06	1.79705e+06	651060	729009	822962
293T_TFF1_DNA_Pool-1_2D:P9:T0:02	42	1.00001e+06	985385	521535	772220	437358
293T_TFF1_DNA_Pool-1_2D:Q0:24:09	25	1.00001e+06	1.62784e+06	737999	831899	3.43835e+06
293T_TFF1_DNA_Pool-1_2D:Q0:N8:07	27	1.00001e+06	1.89802e+06	736722	798118	706281
293T_TFF1_DNA_Pool-1_2D:R6:0R:11	27	1.00001e+06	0	750510	777884	1.05769e+06
293T_TFF1_DNA_Pool-1_2D:S7:45:11	86	1.00001e+06	540146	1.42655e+06	757459	2.13566e+06
293T_TFF1_DNA_Pool-1_2D:S7:81:10	52	1.00001e+06	2.00038e+06	873669	626156	1.4692e+06
293T_TFF1_DNA_Pool-1_2D:S7:J0:07	178	1.00001e+06	1.1312e+06	2.14673e+06	1.13126e+06	3.10392e+06
293T_TFF1_DNA_Pool-1_2D:S7:P3:07	25	1.00001e+06	0	613849	757125	618730
293T_TFF1_DNA_Pool-1_2D:S7:U6:07	20	1.00001e+06	2.5504e+06	913630	57929.1	431315
293T_TFF1_DNA_Pool-1_2D:S7:Y1:04	116	1.00001e+06	0	1.27959e+06	992447	3.07659e+06
293T_TFF1_DNA_Pool-1_2D:S8:34:07	85	1.00001e+06	375228	694957	1.47885e+06	0
293T_TFF1_DNA_Pool-1_2D:S8:54:03	71	1.00001e+06	2.12131e+06	1.26888e+06	942266	638140
293T_TFF1_DNA_Pool-1_2D:U3:B6:07	36	1.00001e+06	0	917519	850444	863928
293T_TFF1_DNA_Pool-1_2D:U3:S1:04	26	1.00001e+06	0	498713	148070	0
293T_TFF1_DNA_Pool-1_2D:U3:X7:07	34	1.00001e+06	1.95067e+06	1.12021e+06	776270	2.40639e+06
293T_TFF1_DNA_Pool-1_2D:U4:E2:03	55	1.00001e+06	0	1.09115e+06	713597	359460
293T_TFF1_DNA_Pool-1_2D:U4:N7:02	29	1.00001e+06	1.60508e+06	338129	529619	0
293T_TFF1_DNA_Pool-1_2D:U4:T7:04	50	1.00001e+06	603325	645794	641617	6.50023e-29
293T_TFF1_DNA_Pool-1_2D:U7:0W:07	29	1.00001e+06	0	560293	822413	319489
293T_TFF1_DNA_Pool-1_2D:V5:K5:04	23	1.00001e+06	1.98329e+06	776289	753489	550544
293T_TFF1_DNA_Pool-1_2D:W8:F8:07	39	1.00001e+06	1.78277e+06	393955	772415	608990
293T_TFF1_DNA_Pool-1_2D:X5:08:07	58	1.00001e+06	2.89565e+06	1.31791e+06	753235	999682
293T_TFF1_DNA_Pool-1_2D:X5:0N:04	69	1.00001e+06	1.86365e+06	905145	688020	715567
293T_TFF1_DNA_Pool-1_2D:X5:0R:03	92	1.00001e+06	0	1.02674e+06	921867	1.82916e+06
293T_TFF1_DNA_Pool-1_2D:X5:66:04	28	1.00001e+06	0	670047	748503	209008
293T_TFF1_DNA_Pool-1_2D:X5:72:04	64	1.00001e+06	1.25418e+06	1.07369e+06	822385	2.48107e+06
293T_TFF1_DNA_Pool-1_2D:X5:B8:04	50	1.00001e+06	0	1.29557e+06	849010	1.13645e+06
293T_TFF1_DNA_Pool-1_2D:X5:H8:10	153	1.00001e+06	1.85759e+06	1.43641e+06	1.31812e+06	2.19611e+06
293T_TFF1_DNA_Pool-1_2D:X5:K4:04	27	1.00001e+06	1.13041e+06	557223	860751	72312.3
293T_TFF1_DNA_Pool-1_2D:X5:L4:04	42	1.00001e+06	0	448446	740287	384203
293T_TFF1_DNA_Pool-1_2D:X5:N0:07	72	1.00001e+06	0	1.10896e+06	917242	1.20236e+06
293T_TFF1_DNA_Pool-1_2D:X6:T2:03	71	1.00001e+06	3.82072e+06	1.29122e+06	1.65886e+06	705772
293T_TFF1_DNA_Pool-1_2D:Y3:B6:07	42	1.00001e+06	1.01018e+06	1.39722e+06	902790	674272
293T_TFF1_DNA_Pool-1_2D:Z2:84:04	35	1.00001e+06	0	552014	781354	438158
293T_TFF1_DNA_Pool-1_2D:Z2:J6:04	24	1.00001e+06	1.57855e+06	741103	757477	2.32342e+06
293T_TFF1_DNA_Pool-1_2D:Z2:X8:07	39	1.00001e+06	1.592e+06	646216	837507	411613
293T_TFF1_DNA_Pool-1_2D:Z6:94:03	42	1.00001e+06	186038	619542	18823.9	257397
293T_TFF1_DNA_Pool-1_2C:08:L8:08	23	1.00001e+06	953397	501686	884694	47732.7
293T_TFF1_DNA_Pool-1_2C:0A:Q6:05	25	1.00001e+06	758571	473021	737623	0
293T_TFF1_DNA_Pool-1_2C:0E:E2:07	26	1.00001e+06	1.627e+06	393049	832353	195227
293T_TFF1_DNA_Pool-1_2C:0E:H4:05	27	1.00001e+06	1.43938e+06	474113	789223	462355
293T_TFF1_DNA_Pool-1_2C:0P:41:05	30	1.00001e+06	0	562659	773938	211965
293T_TFF1_DNA_Pool-1_2C:0T:Y5:01	26	1.00001e+06	1.41511e+06	205206	54218.7	168100
293T_TFF1_DNA_Pool-1_2C:0X:14:12	101	1.00001e+06	0	1.68925e+06	1.08807e+06	2.02431e+06
293T_TFF1_DNA_Pool-1_2C:0X:81:10	93	1.00001e+06	1.9751e+06	1.42393e+06	767725	2.29193e+06
293T_TFF1_DNA_Pool-1_2C:0X:G0:01	311	1.00001e+06	776717	2.35551e+06	1.82731e+06	1.3594e+06
293T_TFF1_DNA_Pool-1_2C:0X:N7:01	86	1.00001e+06	1.92555e+06	1.82418e+06	866548	1.07682e+06
293T_TFF1_DNA_Pool-1_2C:0X:T7:04	23	1.00001e+06	2.46089e+06	873950	792544	524680
293T_TFF1_DNA_Pool-1_2C:0Y:0W:05	156	1.00001e+06	0	1.28777e+06	881467	662770
293T_TFF1_DNA_Pool-1_2C:0Y:A6:11	52	1.00001e+06	0	1.04305e+06	913057	340996
293T_TFF1_DNA_Pool-1_2C:0Y:B0:05	78	1.00001e+06	1.09135e+06	1.2012e+06	777550	477117
293T_TFF1_DNA_Pool-1_2C:0Y:J6:08	88	1.00001e+06	0	1.31759e+06	764655	2.2045e+06
293T_TFF1_DNA_Pool-1_2C:0Y:T2:05	200	1.00001e+06	1.45004e+06	1.7426e+06	1.63704e+06	2.70289e+06
293T_TFF1_DNA_Pool-1_2C:12:U5:05	20	1.00001e+06	0	969966	811795	263685
293T_TFF1_DNA_Pool-1_2C:23:L4:10	376	1.00001e+06	0	2.08744e+06	3.08813e+06	901069
293T_TFF1_DNA_Pool-1_2C:28:I1:05	59	1.00001e+06	0	675403	744346	619556
293T_TFF1_DNA_Pool-1_2C:39:56:05	35	1.00001e+06	0	997661	619600	316893
293T_TFF1_DNA_Pool-1_2C:47:M8:05	44	1.00001e+06	0	821660	659307	212736
293T_TFF1_DNA_Pool-1_2C:47:S6:08	23	1.00001e+06	0	684222	740732	387334
293T_TFF1_DNA_Pool-1_2C:71:76:05	25	1.00001e+06	1.58252e+06	328953	15609.8	0
293T_TFF1_DNA_Pool-1_2C:72:A0:09	27	1.00001e+06	433768	648676	747393	0
293T_TFF1_DNA_Pool-1_2C:72:T7:05	25	1.00001e+06	0	449913	774518	359886
293T_TFF1_DNA_Pool-1_2C:76:F3:05	31	1.00001e+06	224580	758430	745599	414164
293T_TFF1_DNA_Pool-1_2C:83:14:12	31	1.00001e+06	1.33174e+06	786182	769834	1.94747e+06
293T_TFF1_DNA_Pool-1_2C:83:78:12	26	1.00001e+06	846349	475316	624797	108654
293T_TFF1_DNA_Pool-1_2C:91:81:10	29	1.00001e+06	2.26306e+06	1.0879e+06	792962	204961
293T_TFF1_DNA_Pool-1_2C:92:V0:08	67	1.00001e+06	2.10936e+06	1.21083e+06	872726	675980
293T_TFF1_DNA_Pool-1_2C:92:Y1:10	33	1.00001e+06	1.58252e+06	464279	545581	1.16108e+06
293T_TFF1_DNA_Pool-1_2C:95:24:05	38	1.00001e+06	1.82814e+06	870054	704117	519970
293T_TFF1_DNA_Pool-1_2C:95:K2:05	35	1.00001e+06	2.6615e+06	701159	769149	376873
293T_TFF1_DNA_Pool-1_2C:95:Y2:10	204	1.00001e+06	1.79355e+06	1.40308e+06	1.27136e+06	870062
293T_TFF1_DNA_Pool-1_2C:95:Z2:05	20	NA	0	157837	150925	0
293T_TFF1_DNA_Pool-1_2C:96:C8:01	23	1.00001e+06	1.58252e+06	332594	746992	0
293T_TFF1_DNA_Pool-1_2C:99:E9:08	27	1.00001e+06	0	859852	597790	0
293T_TFF1_DNA_Pool-1_2C:E3:81:10	50	1.00001e+06	2.14457e+06	753424	522061	336583
293T_TFF1_DNA_Pool-1_2C:E3:84:09	72	1.00001e+06	544356	787344	738215	286442
293T_TFF1_DNA_Pool-1_2C:E3:D4:01	55	1.00001e+06	0	1.02197e+06	818997	975200
293T_TFF1_DNA_Pool-1_2C:E3:F3:05	98	1.00001e+06	0	1.35728e+06	1.22424e+06	908599
293T_TFF1_DNA_Pool-1_2C:E3:M8:05	34	1.00001e+06	1.63246e+06	554068	859211	92547
293T_TFF1_DNA_Pool-1_2C:E4:S9:08	25	1.00001e+06	1.67949e+06	1.29503e+06	779284	2.22167e+06
293T_TFF1_DNA_Pool-1_2C:F2:14:12	28	1.00001e+06	197101	394284	753286	0
293T_TFF1_DNA_Pool-1_2C:F2:N8:10	23	1.00001e+06	0	585451	794592	301233
293T_TFF1_DNA_Pool-1_2C:F7:14:12	27	1.00001e+06	1.29685e+06	863776	745981	2.99316e+06
293T_TFF1_DNA_Pool-1_2C:G0:R7:05	25	1.00001e+06	1.40685e+06	173347	692882	1.70891e-31
293T_TFF1_DNA_Pool-1_2C:H2:K5:05	21	1.00001e+06	1.62582e+06	412683	13809.8	354915
293T_TFF1_DNA_Pool-1_2C:I4:Q8:05	32	1.00001e+06	0	914026	785212	429996
293T_TFF1_DNA_Pool-1_2C:J1:B2:02	59	1.00001e+06	2.40573e+06	834389	753984	1.61559e+06
293T_TFF1_DNA_Pool-1_2C:K7:M0:05	23	1.00001e+06	0	772883	708330	0
293T_TFF1_DNA_Pool-1_2C:M3:F8:05	22	1.00001e+06	113877	289561	708407	161414
293T_TFF1_DNA_Pool-1_2C:M4:W6:04	24	1.00001e+06	114241	500975	511116	103660
293T_TFF1_DNA_Pool-1_2C:N9:46:05	74	1.00001e+06	2.15646e+06	930475	774047	813794
293T_TFF1_DNA_Pool-1_2C:N9:J6:05	42	1.00001e+06	0	367793	717612	0
293T_TFF1_DNA_Pool-1_2C:N9:P3:05	70	1.00001e+06	0	1.03553e+06	905476	987642
293T_TFF1_DNA_Pool-1_2C:O7:54:05	30	1.00001e+06	0	722979	647355	0
293T_TFF1_DNA_Pool-1_2C:O7:54:07	90	1.00001e+06	1.5387e+06	1.10949e+06	1.27597e+06	1.21684e+06
293T_TFF1_DNA_Pool-1_2C:P9:81:10	25	1.00001e+06	1.62548e+06	604918	714565	387374
293T_TFF1_DNA_Pool-1_2C:P9:N0:08	71	1.00001e+06	876016	1.6061e+06	873292	4.35948e+06
293T_TFF1_DNA_Pool-1_2C:Q8:H4:05	122	1.00001e+06	0	1.1569e+06	856374	339958
293T_TFF1_DNA_Pool-1_2C:S7:14:12	102	1.00001e+06	810859	1.41863e+06	976069	1.25497e+06
293T_TFF1_DNA_Pool-1_2C:S7:81:10	88	1.00001e+06	0	1.31523e+06	993504	482162
293T_TFF1_DNA_Pool-1_2C:S7:D4:02	38	1.00001e+06	0	683098	866243	0
293T_TFF1_DNA_Pool-1_2C:S7:E6:09	106	1.00001e+06	0	1.30959e+06	994710	1.18912e+06
293T_TFF1_DNA_Pool-1_2C:S7:J0:07	60	1.00001e+06	0	1.44523e+06	1.13426e+06	638586
293T_TFF1_DNA_Pool-1_2C:S8:H6:12	20	1.00001e+06	2.18279e+06	502298	722714	375460
293T_TFF1_DNA_Pool-1_2C:U3:J3:05	38	1.00001e+06	1.54578e+06	619826	769001	2.16196e+06
293T_TFF1_DNA_Pool-1_2C:U4:84:09	27	1.00001e+06	1.39554e+06	202020	10318.2	592906
293T_TFF1_DNA_Pool-1_2C:V9:F8:08	22	1.00001e+06	1.78525e+06	529992	11082.8	0
293T_TFF1_DNA_Pool-1_2C:V9:S6:10	52	1.00001e+06	0	596922	797845	295865
293T_TFF1_DNA_Pool-1_2C:W3:X7:04	680	1.00001e+06	3.83009e+06	3.9007e+06	1.01517e+07	2.7309e+06
293T_TFF1_DNA_Pool-1_2C:W8:H8:05	31	1.00001e+06	0	465227	773780	130006
293T_TFF1_DNA_Pool-1_2C:W8:T7:05	26	1.00001e+06	0	644803	810915	492844
293T_TFF1_DNA_Pool-1_2C:X1:X8:05	30	1.00001e+06	2.35304e+06	815248	823243	364504
293T_TFF1_DNA_Pool-1_2C:X5:18:05	192	1.00001e+06	1.90914e+06	1.62708e+06	1.06745e+06	1.77702e+06
293T_TFF1_DNA_Pool-1_2C:X5:49:11	68	1.00001e+06	2.0271e+06	1.06809e+06	826294	2.53419e+06
293T_TFF1_DNA_Pool-1_2C:X5:M8:12	82	1.00001e+06	2.38446e+06	1.50883e+06	2.211e+06	2.23139e+06
293T_TFF1_DNA_Pool-1_2C:X5:O1:12	212	1.00001e+06	0	1.26592e+06	997498	2.98104e+06
293T_TFF1_DNA_Pool-1_2C:X5:Y5:08	87	1.00001e+06	757968	1.14988e+06	674984	1.11559e+06
293T_TFF1_DNA_Pool-1_2C:X5:Y6:05	107	1.00001e+06	1.47586e+06	1.61237e+06	1.3265e+06	509855
293T_TFF1_DNA_Pool-1_2C:Y7:C0:05	37	1.00001e+06	206874	693611	742080	122695
293T_TFF1_DNA_Pool-1_2C:Z2:14:12	20	1.00001e+06	686574	531119	714335	270936
293T_TFF1_DNA_Pool-1_2B:04:Y6:05	26	1.00001e+06	1.5823e+06	651296	792271	1.71766e+06
293T_TFF1_DNA_Pool-1_2B:08:E1:12	29	1.00001e+06	977969	1.69873e+06	1.17531e+06	0
293T_TFF1_DNA_Pool-1_2B:0A:E2:12	30	1.00001e+06	0	445320	15968.9	0
293T_TFF1_DNA_Pool-1_2B:0I:02:06	38	1.00001e+06	607822	928720	818804	963857
293T_TFF1_DNA_Pool-1_2B:0T:08:05	60	1.00001e+06	2.12842e+06	789671	658175	1.80605e+06
293T_TFF1_DNA_Pool-1_2B:0X:02:09	45	1.00001e+06	188740	1.0337e+06	993054	548508
293T_TFF1_DNA_Pool-1_2B:0X:18:12	24	1.00001e+06	0	498681	770262	358995
293T_TFF1_DNA_Pool-1_2B:0X:46:10	80	1.00001e+06	0	1.27218e+06	869169	726325
293T_TFF1_DNA_Pool-1_2B:0X:61:01	249	1.00001e+06	0	2.04191e+06	1.48254e+06	1.2459e+06
293T_TFF1_DNA_Pool-1_2B:0X:78:12	41	1.00001e+06	0	687663	719293	843780
293T_TFF1_DNA_Pool-1_2B:0X:G8:01	151	1.00001e+06	0	1.34757e+06	1.0393e+06	1.09951e+06
293T_TFF1_DNA_Pool-1_2B:0X:L0:12	26	1.00001e+06	1.44868e+06	607676	758836	277842
293T_TFF1_DNA_Pool-1_2B:0X:T4:12	112	1.00001e+06	1.41173e+06	1.7738e+06	1.18444e+06	916749
293T_TFF1_DNA_Pool-1_2B:0X:X4:12	23	1.00001e+06	0	793365	848725	987004
293T_TFF1_DNA_Pool-1_2B:0X:Y1:06	42	1.00001e+06	0	980382	784660	1.78243e+06
293T_TFF1_DNA_Pool-1_2B:0X:Y2:04	139	1.00001e+06	1.56227e+06	1.27227e+06	1.04066e+06	3.83669e+06
293T_TFF1_DNA_Pool-1_2B:0Y:0F:07	118	1.00001e+06	2.10031e+06	1.44741e+06	755096	284770
293T_TFF1_DNA_Pool-1_2B:0Y:24:01	49	1.00001e+06	0	1.00554e+06	831968	2.58354e+06
293T_TFF1_DNA_Pool-1_2B:0Y:50:01	176	1.00001e+06	0	1.44331e+06	1.08846e+06	1.16686e+06
293T_TFF1_DNA_Pool-1_2B:0Y:H4:12	45	1.00001e+06	441191	1.16328e+06	957818	2.05427e+06
293T_TFF1_DNA_Pool-1_2B:0Y:L7:12	27	1.00001e+06	0	803816	698086	1.54632e+06
293T_TFF1_DNA_Pool-1_2B:0Y:O9:03	124	1.00001e+06	1.76049e+06	1.42422e+06	755065	1.91573e+06
293T_TFF1_DNA_Pool-1_2B:0Y:T8:12	26	1.00001e+06	1.97904e+06	591938	722745	713905
293T_TFF1_DNA_Pool-1_2B:0Y:V3:12	60	1.00001e+06	958978	970051	722736	4.16856e+06
293T_TFF1_DNA_Pool-1_2B:0Y:X8:10	137	1.00001e+06	526429	1.04074e+06	835836	525360
293T_TFF1_DNA_Pool-1_2B:20:M0:01	37	1.00001e+06	615378	1.08947e+06	859284	261562
293T_TFF1_DNA_Pool-1_2B:36:T2:01	44	1.00001e+06	1.67817e+06	1.24069e+06	662819	486751
293T_TFF1_DNA_Pool-1_2B:39:R4:12	32	1.00001e+06	0	1.71865e+06	790213	4.68851e+06
293T_TFF1_DNA_Pool-1_2B:47:08:03	34	1.00001e+06	1.50079e+06	2.18771e+06	1.02196e+06	2.44705e+06
293T_TFF1_DNA_Pool-1_2B:47:0K:04	24	1.00001e+06	94536.3	525559	793526	0
293T_TFF1_DNA_Pool-1_2B:47:20:12	28	1.00001e+06	2.08683e+06	830714	643813	4.19838e+06
293T_TFF1_DNA_Pool-1_2B:47:G5:01	37	1.00001e+06	114309	289476	740688	0
293T_TFF1_DNA_Pool-1_2B:47:G5:04	28	1.00001e+06	0	650896	715617	0
293T_TFF1_DNA_Pool-1_2B:47:O1:12	68	1.00001e+06	3.15517e+06	1.85147e+06	999216	305038
293T_TFF1_DNA_Pool-1_2B:47:T0:12	21	1.00001e+06	0	712720	751288	609780
293T_TFF1_DNA_Pool-1_2B:55:54:01	24	1.00001e+06	1.17308e+06	2.68118e+06	1.18534e+06	308418
293T_TFF1_DNA_Pool-1_2B:55:65:12	21	NA	0	185449	616792	0
293T_TFF1_DNA_Pool-1_2B:67:E2:12	23	1.00001e+06	972930	1.04263e+06	863088	0
293T_TFF1_DNA_Pool-1_2B:68:A5:12	24	1.00001e+06	0	492633	695036	238385
293T_TFF1_DNA_Pool-1_2B:71:S9:07	42	1.00001e+06	417853	811594	820245	381080
293T_TFF1_DNA_Pool-1_2B:75:I0:12	27	1.00001e+06	0	358261	685058	426885
293T_TFF1_DNA_Pool-1_2B:80:E1:02	46	1.00001e+06	523642	903079	877778	1.17384e+06
293T_TFF1_DNA_Pool-1_2B:80:E2:06	32	1.00001e+06	0	647841	760584	0
293T_TFF1_DNA_Pool-1_2B:80:G0:12	65	1.00001e+06	2.15402e+06	814485	856964	783763
293T_TFF1_DNA_Pool-1_2B:95:69:09	30	1.00001e+06	179705	457471	753523	186372
293T_TFF1_DNA_Pool-1_2B:95:G8:01	86	1.00001e+06	0	1.21248e+06	1.23222e+06	692655
293T_TFF1_DNA_Pool-1_2B:A3:Q1:12	84	1.00001e+06	1.04256e+06	1.14991e+06	1.70666e+06	2.35003e+06
293T_TFF1_DNA_Pool-1_2B:A4:24:09	30	1.00001e+06	197246	825787	797605	258154
293T_TFF1_DNA_Pool-1_2B:A4:J6:12	21	1.00001e+06	161299	471537	766838	83938.8
293T_TFF1_DNA_Pool-1_2B:B2:0F:07	25	1.00001e+06	1.61539e+06	358286	596549	465242
293T_TFF1_DNA_Pool-1_2B:B5:B2:06	24	1.00001e+06	1.81834e+06	526829	471782	230384
293T_TFF1_DNA_Pool-1_2B:C3:O2:06	36	1.00001e+06	1.61814e+06	401016	36925.3	0
293T_TFF1_DNA_Pool-1_2B:D1:O9:03	26	1.00001e+06	2.172e+06	717733	595889	100524
293T_TFF1_DNA_Pool-1_2B:E0:E2:12	25	1.00001e+06	627581	657866	854649	384606
293T_TFF1_DNA_Pool-1_2B:E3:0V:05	33	1.00001e+06	1.28473e+06	987098	630794	887632
293T_TFF1_DNA_Pool-1_2B:E3:N3:10	83	1.00001e+06	1.89599e+06	1.41751e+06	1.05664e+06	831457
293T_TFF1_DNA_Pool-1_2B:F7:0R:01	20	1.00001e+06	281306	405085	616462	0
293T_TFF1_DNA_Pool-1_2B:F7:G4:04	36	1.00001e+06	0	997905	840818	88724.5
293T_TFF1_DNA_Pool-1_2B:G4:58:12	21	1.00001e+06	1.88012e+06	788134	901304	1.64124e+06
293T_TFF1_DNA_Pool-1_2B:G4:C9:01	30	1.00001e+06	1.7843e+06	474751	520771	178584
293T_TFF1_DNA_Pool-1_2B:G8:Y2:01	83	1.00001e+06	2.56959e+06	1.13517e+06	711391	1.03545e+06
293T_TFF1_DNA_Pool-1_2B:H2:08:05	80	1.00001e+06	764306	1.09274e+06	910787	653280
293T_TFF1_DNA_Pool-1_2B:I3:Q8:12	53	1.00001e+06	0	1.06166e+06	686954	974731
293T_TFF1_DNA_Pool-1_2B:I4:46:02	65	1.00001e+06	0	1.20137e+06	1.09229e+06	272354
293T_TFF1_DNA_Pool-1_2B:J1:26:12	24	1.00001e+06	0	867962	879817	1.03059e+06
293T_TFF1_DNA_Pool-1_2B:J1:66:01	116	1.00001e+06	1.55848e+06	1.35952e+06	1.0347e+06	2.85882e+06
293T_TFF1_DNA_Pool-1_2B:J1:B6:11	99	1.00001e+06	446011	1.02055e+06	967394	933300
293T_TFF1_DNA_Pool-1_2B:J1:D7:12	29	1.00001e+06	450600	773817	706020	450768
293T_TFF1_DNA_Pool-1_2B:J1:J8:07	59	1.00001e+06	2.19322e+06	453720	798273	202439
293T_TFF1_DNA_Pool-1_2B:J1:T4:12	78	1.00001e+06	1.85672e+06	1.1692e+06	858427	2.82618e+06
293T_TFF1_DNA_Pool-1_2B:J1:Y5:12	111	1.00001e+06	1.46778e+06	910412	798300	497315
293T_TFF1_DNA_Pool-1_2B:J9:T4:12	20	1.00001e+06	0	990842	760689	1.37792e+06
293T_TFF1_DNA_Pool-1_2B:K3:E2:01	42	1.00001e+06	1.50447e+06	961385	858151	626021
293T_TFF1_DNA_Pool-1_2B:K7:T7:04	39	1.00001e+06	514395	905613	869345	634932
293T_TFF1_DNA_Pool-1_2B:L1:46:02	60	1.00001e+06	0	693051	731119	206837
293T_TFF1_DNA_Pool-1_2B:L6:O1:12	22	1.00001e+06	450993	655589	817498	1.27282e+06
293T_TFF1_DNA_Pool-1_2B:M3:Q5:12	21	1.00001e+06	1.84466e+06	636462	759720	249709
293T_TFF1_DNA_Pool-1_2B:M3:X8:10	52	1.00001e+06	0	1.44194e+06	887178	1.28976e+06
293T_TFF1_DNA_Pool-1_2B:N9:45:11	732	1.00001e+06	1.33421e+07	3.76645e+06	9.7111e+06	2.69587e+06
293T_TFF1_DNA_Pool-1_2B:N9:G8:01	118	1.00001e+06	1.7942e+06	1.54436e+06	898993	631636
293T_TFF1_DNA_Pool-1_2B:O7:S6:12	28	1.00001e+06	1.88342e+06	789278	803654	0
293T_TFF1_DNA_Pool-1_2B:P2:O1:09	25	1.00001e+06	0	1.33228e+06	2.77018e+06	944671
293T_TFF1_DNA_Pool-1_2B:P6:K1:12	47	1.00001e+06	0	1.33771e+06	190970	831650
293T_TFF1_DNA_Pool-1_2B:Q0:G0:12	116	1.00001e+06	0	1.00788e+06	876114	558168
293T_TFF1_DNA_Pool-1_2B:Q3:Q6:12	26	1.00001e+06	0	525375	611396	292035
293T_TFF1_DNA_Pool-1_2B:Q4:N8:12	35	1.00001e+06	1.63206e+06	730592	13455.9	0
293T_TFF1_DNA_Pool-1_2B:R1:14:09	21	1.00001e+06	0	1.0535e+06	639618	932799
293T_TFF1_DNA_Pool-1_2B:R1:97:12	5423	1.00001e+06	0	4.3916e+06	6.29506e+06	2.51377e+06
293T_TFF1_DNA_Pool-1_2B:R2:F3:12	276	1.00001e+06	1.36275e+06	1.34208e+06	3.18194e+06	1.0488e+06
293T_TFF1_DNA_Pool-1_2B:S3:E2:09	22	1.00001e+06	0	569769	871888	243769
293T_TFF1_DNA_Pool-1_2B:S7:0A:12	49	1.00001e+06	0	930690	975707	265095
293T_TFF1_DNA_Pool-1_2B:S7:0W:03	111	1.00001e+06	2.77009e+06	1.03995e+06	1.02492e+06	459970
293T_TFF1_DNA_Pool-1_2B:S7:56:01	64	1.00001e+06	1.85588e+06	1.481e+06	1.29406e+06	4.2136e+06
293T_TFF1_DNA_Pool-1_2B:S7:D4:02	29	1.00001e+06	0	1.20573e+06	795474	714193
293T_TFF1_DNA_Pool-1_2B:S8:56:12	67	1.00001e+06	0	1.32576e+06	676768	1.09164e+06
293T_TFF1_DNA_Pool-1_2B:S8:T8:12	22	1.00001e+06	1.82151e+06	726904	616284	633423
293T_TFF1_DNA_Pool-1_2B:T2:E2:12	26	1.00001e+06	2.78548e+06	627542	574233	446993
293T_TFF1_DNA_Pool-1_2B:U4:E1:09	83	1.00001e+06	2.11994e+06	1.59546e+06	798996	698012
293T_TFF1_DNA_Pool-1_2B:U4:F3:12	28	1.00001e+06	0	677167	811414	1.33488e+06
293T_TFF1_DNA_Pool-1_2B:U4:I0:01	55	1.00001e+06	0	746937	936192	181755
293T_TFF1_DNA_Pool-1_2B:U4:T7:04	23	1.00001e+06	286044	695543	57957.8	1.69429e+06
293T_TFF1_DNA_Pool-1_2B:V2:Y2:09	47	1.00001e+06	0	664396	792200	381036
293T_TFF1_DNA_Pool-1_2B:V9:0J:02	32	1.00001e+06	0	835151	857612	3.17712e+06
293T_TFF1_DNA_Pool-1_2B:V9:Q6:12	36	1.00001e+06	0	1.40009e+06	745480	651401
293T_TFF1_DNA_Pool-1_2B:W3:0V:04	179	1.00001e+06	1.92752e+06	1.38992e+06	1.47882e+06	2.12629e+06
293T_TFF1_DNA_Pool-1_2B:W7:K1:04	228	1.00001e+06	2.5624e+06	1.7695e+06	1.42086e+06	2.214e+06
293T_TFF1_DNA_Pool-1_2B:W8:C0:12	26	1.00001e+06	761515	559832	811795	385882
293T_TFF1_DNA_Pool-1_2B:X5:0R:04	194	1.00001e+06	2.63672e+06	1.86563e+06	2.771e+06	1.61761e+06
293T_TFF1_DNA_Pool-1_2B:X5:65:09	28	1.00001e+06	0	468843	772285	119625
293T_TFF1_DNA_Pool-1_2B:X5:76:01	126	1.00001e+06	0	1.74617e+06	748079	2.93818e+06
293T_TFF1_DNA_Pool-1_2B:X5:A6:01	117	1.00001e+06	1.96569e+06	1.34734e+06	856615	568316
293T_TFF1_DNA_Pool-1_2B:X5:B8:03	22	1.00001e+06	259482	370285	599947	241693
293T_TFF1_DNA_Pool-1_2B:X5:M8:12	1939	1.00001e+06	1.64021e+07	5.91174e+06	6.12861e+06	3.9548e+06
293T_TFF1_DNA_Pool-1_2B:X5:T7:02	38	1.00001e+06	1.22084e+06	811437	771560	369478
293T_TFF1_DNA_Pool-1_2B:X5:X8:10	264	1.00001e+06	0	1.86935e+06	1.84524e+06	3.27069e+06
293T_TFF1_DNA_Pool-1_2B:X5:Y6:05	158	1.00001e+06	3.12953e+06	1.66687e+06	1.16336e+06	1.88464e+06
293T_TFF1_DNA_Pool-1_2B:X6:D2:03	34	1.00001e+06	0	488680	795250	337730
293T_TFF1_DNA_Pool-1_2B:X6:H7:12	118	1.00001e+06	0	1.46367e+06	1.14583e+06	1.05666e+06
293T_TFF1_DNA_Pool-1_2B:X6:O1:12	37	1.00001e+06	1.70069e+06	879260	823885	1.3761e+06
293T_TFF1_DNA_Pool-1_2B:X6:S6:01	27	1.00001e+06	1.33777e+06	581075	829639	632980
293T_TFF1_DNA_Pool-1_2B:Z5:T2:12	87	1.00001e+06	0	1.18971e+06	780566	236316
293T_TFF1_DNA_Pool-1_2A:03:P8:10	28	1.00001e+06	0	1.02877e+06	651896	1.42311e+06
293T_TFF1_DNA_Pool-1_2A:04:Y6:05	25	1.00001e+06	0	934878	30945.4	2.16038e+06
293T_TFF1_DNA_Pool-1_2A:07:X8:10	37	1.00001e+06	229460	648864	812306	585866
293T_TFF1_DNA_Pool-1_2A:07:Y9:10	36	1.00001e+06	0	850967	820330	46162.3
293T_TFF1_DNA_Pool-1_2A:0D:H2:10	131	1.00001e+06	0	1.54881e+06	1.24834e+06	1.89133e+06
293T_TFF1_DNA_Pool-1_2A:0D:R4:03	54	1.00001e+06	0	570342	22957.9	668043
293T_TFF1_DNA_Pool-1_2A:0E:61:07	23	1.00001e+06	449935	752094	684610	0
293T_TFF1_DNA_Pool-1_2A:0H:61:03	30	1.00001e+06	1.81185e+06	583808	713153	349570
293T_TFF1_DNA_Pool-1_2A:0M:F3:01	41	1.00001e+06	0	825660	933482	915342
293T_TFF1_DNA_Pool-1_2A:0M:W2:08	23	1.00001e+06	1.79761e+06	521184	722258	334432
293T_TFF1_DNA_Pool-1_2A:0Q:46:10	25	1.00001e+06	1.25014e+06	826982	722741	801228
293T_TFF1_DNA_Pool-1_2A:0X:24:09	187	1.00001e+06	0	1.75918e+06	1.04773e+06	883754
293T_TFF1_DNA_Pool-1_2A:0X:61:01	55	1.00001e+06	709945	1.01124e+06	775188	2.30423e+06
293T_TFF1_DNA_Pool-1_2A:0X:72:10	97	1.00001e+06	657158	1.43988e+06	967893	2.50813e+06
293T_TFF1_DNA_Pool-1_2A:0X:B0:10	116	1.00001e+06	0	1.34425e+06	809215	640693
293T_TFF1_DNA_Pool-1_2A:0X:B8:10	34	1.00001e+06	1.62756e+06	557601	715375	0
293T_TFF1_DNA_Pool-1_2A:0X:F6:10	47	1.00001e+06	745300	862717	312651	731998
293T_TFF1_DNA_Pool-1_2A:0X:N0:10	98	1.00001e+06	0	1.05952e+06	918474	1.02528e+06
293T_TFF1_DNA_Pool-1_2A:0X:T8:12	82	1.00001e+06	0	2.2316e+06	1.57931e+06	1.77296e+06
293T_TFF1_DNA_Pool-1_2A:0X:X8:10	189	1.00001e+06	5.53953e+06	2.05071e+06	1.43198e+06	1.18787e+06
293T_TFF1_DNA_Pool-1_2A:0X:Y2:10	173	1.00001e+06	824217	1.58193e+06	1.5846e+06	747668
293T_TFF1_DNA_Pool-1_2A:0Y:0O:10	35	1.00001e+06	214929	428860	36312.2	782959
293T_TFF1_DNA_Pool-1_2A:0Y:24:09	93	1.00001e+06	2.07963e+06	1.27351e+06	794796	698448
293T_TFF1_DNA_Pool-1_2A:0Y:F3:01	173	1.00001e+06	0	1.33704e+06	1.3869e+06	738956
293T_TFF1_DNA_Pool-1_2A:0Y:X8:10	118	1.00001e+06	1.18703e+06	1.12928e+06	805446	245920
293T_TFF1_DNA_Pool-1_2A:11:30:10	47	1.00001e+06	0	742893	816387	64295.9
293T_TFF1_DNA_Pool-1_2A:12:T4:10	21	1.00001e+06	0	759458	719161	880990
293T_TFF1_DNA_Pool-1_2A:28:H2:07	45	1.00001e+06	0	801148	779300	108654
293T_TFF1_DNA_Pool-1_2A:28:H6:10	122	1.00001e+06	0	2.03579e+06	1.26593e+06	1.3566e+06
293T_TFF1_DNA_Pool-1_2A:31:X8:10	108	1.00001e+06	1.10834e+06	1.07146e+06	979337	720938
293T_TFF1_DNA_Pool-1_2A:32:P0:07	71	1.00001e+06	0	817906	1.12093e+06	573398
293T_TFF1_DNA_Pool-1_2A:32:Y6:10	180	1.00001e+06	0	1.48105e+06	861918	943722
293T_TFF1_DNA_Pool-1_2A:35:0V:10	22	1.00001e+06	1.85637e+06	791564	788767	730426
293T_TFF1_DNA_Pool-1_2A:47:02:10	70	1.00001e+06	1.6472e+06	1.06288e+06	972372	785764
293T_TFF1_DNA_Pool-1_2A:47:C8:10	58	1.00001e+06	3.01008e+06	1.07487e+06	757197	1.43774e+06
293T_TFF1_DNA_Pool-1_2A:47:P0:01	97	1.00001e+06	2.029e+06	1.71347e+06	916433	1.42678e+06
293T_TFF1_DNA_Pool-1_2A:47:S1:10	126	1.00001e+06	0	1.22418e+06	768731	129050
293T_TFF1_DNA_Pool-1_2A:47:X7:02	41	1.00001e+06	974257	1.44319e+06	794527	2.20927e+06
293T_TFF1_DNA_Pool-1_2A:48:61:10	28	1.00001e+06	2.17098e+06	1.70512e+06	32335.5	2.75271e+06
293T_TFF1_DNA_Pool-1_2A:48:M8:03	44	1.00001e+06	1.59e+06	622285	770771	0
293T_TFF1_DNA_Pool-1_2A:51:Z8:10	96	1.00001e+06	0	1.28335e+06	972595	1.13837e+06
293T_TFF1_DNA_Pool-1_2A:59:O6:10	40	1.00001e+06	501233	824532	606122	0
293T_TFF1_DNA_Pool-1_2A:60:24:09	74	1.00001e+06	0	1.31551e+06	790784	2.17303e+06
293T_TFF1_DNA_Pool-1_2A:60:G1:10	33	1.00001e+06	198900	421784	631979	933930
293T_TFF1_DNA_Pool-1_2A:64:G0:10	23	1.00001e+06	1.92883e+06	693036	862153	0
293T_TFF1_DNA_Pool-1_2A:71:0R:03	21	1.00001e+06	0	520781	718041	269354
293T_TFF1_DNA_Pool-1_2A:71:Y1:10	26	1.00001e+06	1.34822e+06	318588	776417	253015
293T_TFF1_DNA_Pool-1_2A:72:B0:03	43	1.00001e+06	0	999765	670286	715950
293T_TFF1_DNA_Pool-1_2A:76:H2:10	20	1.00001e+06	251621	324563	768185	0
293T_TFF1_DNA_Pool-1_2A:76:I9:03	40	1.00001e+06	815107	718731	750940	184442
293T_TFF1_DNA_Pool-1_2A:80:50:03	42	1.00001e+06	1.33327e+06	409169	308533	0
293T_TFF1_DNA_Pool-1_2A:80:H0:10	33	1.00001e+06	443064	795473	761219	555686
293T_TFF1_DNA_Pool-1_2A:84:H4:10	31	1.00001e+06	0	848865	869153	495045
293T_TFF1_DNA_Pool-1_2A:95:0R:10	83	1.00001e+06	0	1.7667e+06	1.41434e+06	676096
293T_TFF1_DNA_Pool-1_2A:95:Q1:10	51	1.00001e+06	270165	591725	781212	0
293T_TFF1_DNA_Pool-1_2A:95:T7:02	24	1.00001e+06	0	455240	461443	1.05754e+06
293T_TFF1_DNA_Pool-1_2A:99:J3:10	42	1.00001e+06	1.02347e+06	1.37139e+06	841089	863216
293T_TFF1_DNA_Pool-1_2A:A7:0R:10	35	1.00001e+06	1.02817e+06	835077	825955	0
293T_TFF1_DNA_Pool-1_2A:A7:17:05	28	1.00001e+06	0	1.26864e+06	707687	4.55547e+06
293T_TFF1_DNA_Pool-1_2A:A7:46:03	46	1.00001e+06	1.71437e+06	1.1687e+06	733027	745706
293T_TFF1_DNA_Pool-1_2A:A8:F3:01	33	1.00001e+06	375045	327761	734552	0
293T_TFF1_DNA_Pool-1_2A:B1:54:10	29	1.00001e+06	0	778394	557537	866847
293T_TFF1_DNA_Pool-1_2A:B5:61:03	43	1.00001e+06	1.5837e+06	950527	776298	212876
293T_TFF1_DNA_Pool-1_2A:B5:L4:07	51	1.00001e+06	0	528306	475400	393428
293T_TFF1_DNA_Pool-1_2A:B5:L4:10	32	1.00001e+06	0	436420	519641	922196
293T_TFF1_DNA_Pool-1_2A:B5:T4:03	62	1.00001e+06	1.55365e+06	1.17755e+06	850395	788806
293T_TFF1_DNA_Pool-1_2A:B9:F3:01	52	1.00001e+06	1.70475e+06	1.35994e+06	785525	706982
293T_TFF1_DNA_Pool-1_2A:C0:X8:10	22	1.00001e+06	0	966579	886418	1.72566e+06
293T_TFF1_DNA_Pool-1_2A:C3:E2:10	610	1.00001e+06	1.00397e+06	2.6122e+06	7.37339e+06	2.62754e+06
293T_TFF1_DNA_Pool-1_2A:C7:P3:10	34	1.00001e+06	1.54566e+06	370850	629241	0
293T_TFF1_DNA_Pool-1_2A:C8:94:10	22	1.00001e+06	176781	436053	29869.5	188056
293T_TFF1_DNA_Pool-1_2A:C8:X4:10	25	1.00001e+06	287103	802722	733137	662938
293T_TFF1_DNA_Pool-1_2A:D1:L7:10	60	1.00001e+06	2.14856e+06	1.26742e+06	795402	634694
293T_TFF1_DNA_Pool-1_2A:E3:50:10	64	1.00001e+06	2.03782e+06	969911	998800	171924
293T_TFF1_DNA_Pool-1_2A:E3:69:04	36	1.00001e+06	449714	1.02836e+06	675764	466180
293T_TFF1_DNA_Pool-1_2A:E3:F3:10	76	1.00001e+06	812725	1.11313e+06	829574	1.66465e+06
293T_TFF1_DNA_Pool-1_2A:E3:N7:11	702	1.00001e+06	0	2.74454e+06	7.39228e+06	1.62347e+06
293T_TFF1_DNA_Pool-1_2A:E3:Y2:10	88	1.00001e+06	0	1.15942e+06	813534	1.1425e+06
293T_TFF1_DNA_Pool-1_2A:E4:54:10	49	1.00001e+06	2.16638e+06	1.12369e+06	870562	423122
293T_TFF1_DNA_Pool-1_2A:E7:X8:10	23	1.00001e+06	0	369031	712986	343224
293T_TFF1_DNA_Pool-1_2A:F2:Q6:10	45	1.00001e+06	2.18698e+06	1.54798e+06	829245	1.28962e+06
293T_TFF1_DNA_Pool-1_2A:F5:50:10	256	1.00001e+06	0	2.21299e+06	2.14439e+06	2.0236e+06
293T_TFF1_DNA_Pool-1_2A:G8:24:09	410	1.00001e+06	0	2.02131e+06	2.48324e+06	1.67122e+06
293T_TFF1_DNA_Pool-1_2A:G8:72:03	25	1.00001e+06	1.80274e+06	492017	504753	3.42738e+06
293T_TFF1_DNA_Pool-1_2A:H2:F2:10	39	1.00001e+06	0	897807	886801	383346
293T_TFF1_DNA_Pool-1_2A:H6:X3:07	278	1.00001e+06	1.1302e+06	1.74739e+06	2.24811e+06	1.39042e+06
293T_TFF1_DNA_Pool-1_2A:H6:X3:10	44	1.00001e+06	1.1964e+06	902669	748004	1.26241e+06
293T_TFF1_DNA_Pool-1_2A:I7:E2:10	75	1.00001e+06	0	1.84123e+06	1.18785e+06	4.30086e+06
293T_TFF1_DNA_Pool-1_2A:J1:0B:03	62	1.00001e+06	1.0882e+06	1.07732e+06	786643	1.53558e+06
293T_TFF1_DNA_Pool-1_2A:J1:45:10	46	1.00001e+06	2.21532e+06	908836	833348	1.24328e+06
293T_TFF1_DNA_Pool-1_2A:J1:46:10	125	1.00001e+06	0	1.75022e+06	1.2396e+06	1.56862e+06
293T_TFF1_DNA_Pool-1_2A:J1:54:10	129	1.00001e+06	0	1.26762e+06	1.11209e+06	986331
293T_TFF1_DNA_Pool-1_2A:J1:G8:10	45	1.00001e+06	0	865478	724258	778244
293T_TFF1_DNA_Pool-1_2A:J1:Q6:10	145	1.00001e+06	0	1.7046e+06	1.84642e+06	830598
293T_TFF1_DNA_Pool-1_2A:J1:T0:10	89	1.00001e+06	0	1.0669e+06	1.02078e+06	385348
293T_TFF1_DNA_Pool-1_2A:J1:W2:08	85	1.00001e+06	0	1.042e+06	865335	0
293T_TFF1_DNA_Pool-1_2A:J1:Y2:10	103	1.00001e+06	2.4643e+06	1.76745e+06	953721	645662
293T_TFF1_DNA_Pool-1_2A:J9:F6:02	146	1.00001e+06	0	1.35428e+06	1.03531e+06	1.32231e+06
293T_TFF1_DNA_Pool-1_2A:J9:T0:10	24	1.00001e+06	0	665876	726869	200479
293T_TFF1_DNA_Pool-1_2A:K3:X4:03	651	1.00001e+06	0	2.67284e+06	9.25021e+06	1.04868e+06
293T_TFF1_DNA_Pool-1_2A:K4:T2:03	120	1.00001e+06	2.90512e+06	1.5788e+06	4.11985e+06	2.25369e+06
293T_TFF1_DNA_Pool-1_2A:K7:0N:03	20	1.00001e+06	1.97296e+06	554621	769463	418826
293T_TFF1_DNA_Pool-1_2A:K7:17:05	39	1.00001e+06	1.71687e+06	385996	255219	1.99279e+06
293T_TFF1_DNA_Pool-1_2A:K7:G5:03	136	1.00001e+06	458335	1.66381e+06	1.19165e+06	1.43079e+06
293T_TFF1_DNA_Pool-1_2A:K7:W2:10	20	1.00001e+06	0	341846	706034	129898
293T_TFF1_DNA_Pool-1_2A:K7:X8:10	359	1.00001e+06	4.21391e+06	2.48517e+06	5.66573e+06	1.18232e+06
293T_TFF1_DNA_Pool-1_2A:L1:45:07	36	1.00001e+06	1.87635e+06	799503	779488	253008
293T_TFF1_DNA_Pool-1_2A:L2:L4:04	29	1.00001e+06	294335	793066	742197	2.20982e+06
293T_TFF1_DNA_Pool-1_2A:L6:33:10	33	1.00001e+06	0	1.32461e+06	985275	533558
293T_TFF1_DNA_Pool-1_2A:L6:F3:07	35	1.00001e+06	0	419515	743351	0
293T_TFF1_DNA_Pool-1_2A:L9:C8:10	23	1.00001e+06	761824	1.21916e+06	753505	0
293T_TFF1_DNA_Pool-1_2A:L9:T8:10	21	1.00001e+06	94627.9	489100	617045	143486
293T_TFF1_DNA_Pool-1_2A:M3:0N:10	25	1.00001e+06	0	440052	814051	0
293T_TFF1_DNA_Pool-1_2A:M4:G1:10	38	1.00001e+06	1.26844e+06	663951	252525	658859
293T_TFF1_DNA_Pool-1_2A:M8:K2:10	29	1.00001e+06	691878	1.05793e+06	665553	6.76248e+06
293T_TFF1_DNA_Pool-1_2A:N1:H8:10	24	1.00001e+06	772868	420573	780948	635876
293T_TFF1_DNA_Pool-1_2A:N9:28:01	40	1.00001e+06	0	621301	483546	204246
293T_TFF1_DNA_Pool-1_2A:N9:A0:11	35	1.00001e+06	1.03107e+06	868767	814261	365262
293T_TFF1_DNA_Pool-1_2A:N9:E8:10	32	1.00001e+06	0	1.82864e+06	739725	1.56117e+06
293T_TFF1_DNA_Pool-1_2A:N9:H0:03	105	1.00001e+06	0	1.34813e+06	928774	1.56303e+06
293T_TFF1_DNA_Pool-1_2A:N9:P0:04	41	1.00001e+06	2.17549e+06	994410	895216	434070
293T_TFF1_DNA_Pool-1_2A:O0:W2:08	24	1.00001e+06	0	485482	774637	194662
293T_TFF1_DNA_Pool-1_2A:O3:L6:03	27	1.00001e+06	2.40738e+06	929766	775413	1.802e+06
293T_TFF1_DNA_Pool-1_2A:O3:X7:04	40	1.00001e+06	1.71599e+06	630569	723509	735690
293T_TFF1_DNA_Pool-1_2A:O7:18:10	34	1.00001e+06	0	691376	730329	239097
293T_TFF1_DNA_Pool-1_2A:O7:69:10	33	1.00001e+06	206922	854478	882181	0
293T_TFF1_DNA_Pool-1_2A:O7:R2:03	26	1.00001e+06	1.6463e+06	889009	763209	1.68239e+06
293T_TFF1_DNA_Pool-1_2A:O8:90:10	42	1.00001e+06	0	646370	685911	359549
293T_TFF1_DNA_Pool-1_2A:O8:T4:10	26	1.00001e+06	1.85033e+06	806925	816502	838621
293T_TFF1_DNA_Pool-1_2A:O8:Y6:03	31	1.00001e+06	0	656484	714339	74316.2
293T_TFF1_DNA_Pool-1_2A:P1:56:10	27	1.00001e+06	1.85858e+06	522288	792770	562946
293T_TFF1_DNA_Pool-1_2A:P5:X8:10	28	1.00001e+06	512511	644271	818840	1.09885e+06
293T_TFF1_DNA_Pool-1_2A:R1:O9:10	29	1.00001e+06	1.8723e+06	889091	777750	930978
293T_TFF1_DNA_Pool-1_2A:R1:T2:07	2932	1.00001e+06	8.99266e+06	4.58633e+06	6.33539e+06	3.32981e+06
293T_TFF1_DNA_Pool-1_2A:R5:T4:03	45	1.00001e+06	0	907485	852903	1.3897e+06
293T_TFF1_DNA_Pool-1_2A:S7:0W:10	132	1.00001e+06	0	1.72409e+06	1.16311e+06	787139
293T_TFF1_DNA_Pool-1_2A:S7:17:03	36	1.00001e+06	2.12611e+06	931177	701490	396020
293T_TFF1_DNA_Pool-1_2A:S7:45:11	228	1.00001e+06	6.56913e+06	1.99667e+06	1.31267e+06	1.76171e+06
293T_TFF1_DNA_Pool-1_2A:S7:81:10	35	1.00001e+06	2.26597e+06	1.08215e+06	766140	0
293T_TFF1_DNA_Pool-1_2A:S7:B6:10	270	1.00001e+06	1.59101e+06	2.14918e+06	2.7914e+06	1.50367e+06
293T_TFF1_DNA_Pool-1_2A:S7:P0:10	81	1.00001e+06	0	1.04702e+06	881406	579207
293T_TFF1_DNA_Pool-1_2A:S7:Y6:02	58	1.00001e+06	0	727416	717320	276584
293T_TFF1_DNA_Pool-1_2A:S8:08:03	36	1.00001e+06	0	787817	664378	570379
293T_TFF1_DNA_Pool-1_2A:S8:25:07	45	1.00001e+06	1.66361e+06	512238	736210	1.1322e+06
293T_TFF1_DNA_Pool-1_2A:S8:25:10	53	1.00001e+06	0	1.02436e+06	832926	286894
293T_TFF1_DNA_Pool-1_2A:S8:F2:03	72	1.00001e+06	1.6297e+06	917657	1.04421e+06	263678
293T_TFF1_DNA_Pool-1_2A:T2:S9:04	507	1.00001e+06	1.3304e+06	2.4841e+06	5.18922e+06	2.09539e+06
293T_TFF1_DNA_Pool-1_2A:T5:M8:10	34	1.00001e+06	0	600054	717904	188223
293T_TFF1_DNA_Pool-1_2A:U3:94:03	56	1.00001e+06	0	957547	853434	177091
293T_TFF1_DNA_Pool-1_2A:U8:24:10	32	1.00001e+06	1.3985e+06	344029	182876	0
293T_TFF1_DNA_Pool-1_2A:U8:C8:10	68	1.00001e+06	1.51499e+06	1.2212e+06	934213	881337
293T_TFF1_DNA_Pool-1_2A:V1:G4:03	22	1.00001e+06	1.79421e+06	777794	643438	264560
293T_TFF1_DNA_Pool-1_2A:V1:O6:10	30	1.00001e+06	1.86924e+06	812992	790577	505796
293T_TFF1_DNA_Pool-1_2A:V2:18:10	23	1.00001e+06	288458	583567	705329	4.06046e+06
293T_TFF1_DNA_Pool-1_2A:V2:O5:10	24	1.00001e+06	1.67706e+06	956907	813600	3.06496e+06
293T_TFF1_DNA_Pool-1_2A:V2:T4:10	48	1.00001e+06	0	706153	936559	441525
293T_TFF1_DNA_Pool-1_2A:V2:T8:12	19	1.00001e+06	1.73731e+06	206881	592373	0
293T_TFF1_DNA_Pool-1_2A:V9:93:10	46	1.00001e+06	1.84547e+06	841517	898861	969265
293T_TFF1_DNA_Pool-1_2A:W4:54:10	31	1.00001e+06	518086	887787	882972	795318
293T_TFF1_DNA_Pool-1_2A:W7:26:10	315	1.00001e+06	0	1.82185e+06	2.39342e+06	1.75211e+06
293T_TFF1_DNA_Pool-1_2A:X5:30:09	55	1.00001e+06	1.84125e+06	1.48393e+06	901985	1.32069e+06
293T_TFF1_DNA_Pool-1_2A:X5:B2:07	90	1.00001e+06	0	914896	1.11177e+06	571367
293T_TFF1_DNA_Pool-1_2A:X5:M8:10	155	1.00001e+06	0	1.80711e+06	960529	1.55508e+06
293T_TFF1_DNA_Pool-1_2A:X5:M8:12	60	1.00001e+06	0	1.33633e+06	2.28029e+06	690170
293T_TFF1_DNA_Pool-1_2A:X5:R2:03	45	1.00001e+06	137358	888528	699590	652449
293T_TFF1_DNA_Pool-1_2A:X5:U6:10	77	1.00001e+06	0	1.02353e+06	737510	3.20484e+06
293T_TFF1_DNA_Pool-1_2A:X5:X8:10	152	1.00001e+06	705830	1.52892e+06	780359	686516
293T_TFF1_DNA_Pool-1_2A:X6:N7:03	34	1.00001e+06	1.38904e+06	760846	749845	861585
293T_TFF1_DNA_Pool-1_2A:Y7:0R:10	26	1.00001e+06	0	939281	812025	342091
293T_TFF1_DNA_Pool-1_2A:Y8:S9:10	24	1.00001e+06	0	614589	687994	472942
293T_TFF1_DNA_Pool-1_2A:Z1:W6:10	51	1.00001e+06	198919	1.60101e+06	811927	2.2193e+06
293T_TFF1_DNA_Pool-1_2A:Z2:54:10	236	1.00001e+06	0	1.70717e+06	2.84929e+06	3.74877e+06
293T_TFF1_DNA_Pool-1_2A:Z2:T4:10	23	1.00001e+06	1.60111e+06	204949	14025.7	0
293T_TFF1_DNA_Pool-1_2A:Z5:M8:10	33	1.00001e+06	2.58845e+06	953195	851816	3.24865e+06
293T_TFF1_DNA_Pool-1_2A:Z6:Q1:10	24	1.00001e+06	1.78501e+06	766421	775728	59451.1
293T_TFF1_DNA_Pool-1_2A:Z9:P0:10	25	1.00001e+06	741909	685611	28483.7	776126
293T_TFF1_DNA_Pool-1_2A:Z9:Y6:03	48	1.00001e+06	1.07027e+06	1.00033e+06	654103	198763
293T_TFF1_DNA_Pool-1_3H:0X:E9:09	124	1.00001e+06	0	1.18599e+06	1.05241e+06	508907
293T_TFF1_DNA_Pool-1_3H:0X:F3:10	98	1.00001e+06	2.67016e+06	1.23269e+06	734261	567732
293T_TFF1_DNA_Pool-1_3H:0X:K5:02	48	1.00001e+06	791612	820873	827886	268714
293T_TFF1_DNA_Pool-1_3H:0Y:J6:09	86	1.00001e+06	0	1.65702e+06	4.34685e+06	387617
293T_TFF1_DNA_Pool-1_3H:0Y:T2:05	56	1.00001e+06	758233	1.10473e+06	757046	2.68347e+06
293T_TFF1_DNA_Pool-1_3H:28:F2:11	27	1.00001e+06	1.09715e+06	826920	796768	115860
293T_TFF1_DNA_Pool-1_3H:47:L0:11	30	1.00001e+06	779389	712301	720001	491325
293T_TFF1_DNA_Pool-1_3H:51:J3:02	20	1.00001e+06	2.07255e+06	623942	731168	0
293T_TFF1_DNA_Pool-1_3H:56:X3:02	24	1.00001e+06	485471	1.22259e+06	1.05826e+06	881882
293T_TFF1_DNA_Pool-1_3H:76:49:08	23	1.00001e+06	1.62853e+06	589496	28054.4	1.86806e+06
293T_TFF1_DNA_Pool-1_3H:83:X3:07	45	1.00001e+06	2.06517e+06	924341	161681	580542
293T_TFF1_DNA_Pool-1_3H:92:M8:07	33	1.00001e+06	1.84681e+06	790787	803047	439465
293T_TFF1_DNA_Pool-1_3H:95:20:06	84	1.00001e+06	4.50854e+06	1.15681e+06	798516	766977
293T_TFF1_DNA_Pool-1_3H:95:54:09	122	1.00001e+06	1.62896e+06	1.30363e+06	797671	457424
293T_TFF1_DNA_Pool-1_3H:95:G8:01	120	1.00001e+06	2.63826e+06	1.536e+06	1.14295e+06	2.61297e+06
293T_TFF1_DNA_Pool-1_3H:B5:H6:03	29	1.00001e+06	0	936220	668777	0
293T_TFF1_DNA_Pool-1_3H:B5:M0:09	49	1.00001e+06	0	583431	664624	927679
293T_TFF1_DNA_Pool-1_3H:B5:S5:12	96	1.00001e+06	0	1.22159e+06	1.34385e+06	413062
293T_TFF1_DNA_Pool-1_3H:B6:08:03	21	1.00001e+06	1.09712e+06	1.41866e+06	818957	538812
293T_TFF1_DNA_Pool-1_3H:C4:17:09	36	1.00001e+06	0	762975	596668	2.68175e+06
293T_TFF1_DNA_Pool-1_3H:C8:M4:09	38	1.00001e+06	0	725444	666713	936697
293T_TFF1_DNA_Pool-1_3H:D9:W2:09	22	1.00001e+06	0	321830	641277	0
293T_TFF1_DNA_Pool-1_3H:E3:61:09	44	1.00001e+06	0	1.99919e+06	760696	1.63844e+06
293T_TFF1_DNA_Pool-1_3H:E4:B0:05	36	1.00001e+06	0	876573	841726	962210
293T_TFF1_DNA_Pool-1_3H:F2:Y1:01	41	1.00001e+06	1.50755e+06	1.05903e+06	826646	1.17714e+06
293T_TFF1_DNA_Pool-1_3H:G4:T7:02	53	1.00001e+06	0	700206	648460	125537
293T_TFF1_DNA_Pool-1_3H:H2:T4:09	51	1.00001e+06	0	862800	747175	386736
293T_TFF1_DNA_Pool-1_3H:I4:F3:09	36	1.00001e+06	0	887368	735374	278122
293T_TFF1_DNA_Pool-1_3H:J1:49:08	69	1.00001e+06	1.50889e+06	888823	810958	629383
293T_TFF1_DNA_Pool-1_3H:J1:A2:02	43	1.00001e+06	1.81596e+06	704619	818531	0
293T_TFF1_DNA_Pool-1_3H:J1:B2:11	56	1.00001e+06	1.37489e+06	1.00409e+06	846548	604414
293T_TFF1_DNA_Pool-1_3H:K3:E2:12	22	1.00001e+06	0	342568	801038	0
293T_TFF1_DNA_Pool-1_3H:K7:E6:10	31	1.00001e+06	2.07037e+06	645045	646360	557272
293T_TFF1_DNA_Pool-1_3H:L9:0V:03	26	1.00001e+06	1.56821e+06	803999	764054	1.1271e+06
293T_TFF1_DNA_Pool-1_3H:N9:0N:11	89	1.00001e+06	0	1.01682e+06	1.02824e+06	815320
293T_TFF1_DNA_Pool-1_3H:O8:50:11	27	1.00001e+06	0	845878	932906	251859
293T_TFF1_DNA_Pool-1_3H:O8:Y1:09	28	1.00001e+06	2.49423e+06	933849	757777	816208
293T_TFF1_DNA_Pool-1_3H:P2:0N:11	31	1.00001e+06	0	380400	767236	0
293T_TFF1_DNA_Pool-1_3H:P5:J4:01	106	1.00001e+06	0	1.19186e+06	996871	710773
293T_TFF1_DNA_Pool-1_3H:P6:Y5:03	23	NA	0	245893	18789.1	235523
293T_TFF1_DNA_Pool-1_3H:R6:T7:02	38	1.00001e+06	2.20956e+06	508191	756723	333693
293T_TFF1_DNA_Pool-1_3H:R6:X8:09	37	1.00001e+06	0	563555	798503	338521
293T_TFF1_DNA_Pool-1_3H:R9:56:07	21	1.00001e+06	0	493878	768496	179068
293T_TFF1_DNA_Pool-1_3H:S0:T0:09	31	1.00001e+06	0	766380	800672	2.6692e+06
293T_TFF1_DNA_Pool-1_3H:S7:Y6:02	79	1.00001e+06	0	1.45185e+06	958243	2.67197e+06
293T_TFF1_DNA_Pool-1_3H:S8:A2:02	46	1.00001e+06	0	701065	783339	288679
293T_TFF1_DNA_Pool-1_3H:S8:X3:02	117	1.00001e+06	0	1.38092e+06	961790	1.00829e+06
293T_TFF1_DNA_Pool-1_3H:W0:E9:09	22	1.00001e+06	0	184916	17277.3	0
293T_TFF1_DNA_Pool-1_3H:X5:I1:09	61	1.00001e+06	0	962639	674849	279961
293T_TFF1_DNA_Pool-1_3H:X5:J3:02	77	1.00001e+06	470991	1.1141e+06	914193	1.62817e+06
293T_TFF1_DNA_Pool-1_3H:X6:F8:06	190	1.00001e+06	0	1.43153e+06	1.42098e+06	783386
293T_TFF1_DNA_Pool-1_3H:X6:W2:09	33	1.00001e+06	1.60145e+06	578143	590200	398989
293T_TFF1_DNA_Pool-1_3H:Y3:E2:08	30	1.00001e+06	0	1.04965e+06	220453	4.94797e+06
293T_TFF1_DNA_Pool-1_3H:Z5:94:09	29	1.00001e+06	1.66623e+06	618050	29165.9	3.71211e+06
293T_TFF1_DNA_Pool-1_3G:03:0R:06	24	1.00001e+06	0	802386	579619	304700
293T_TFF1_DNA_Pool-1_3G:04:A4:07	235	1.00001e+06	3.27128e+06	2.03229e+06	3.62601e+06	3.29625e+06
293T_TFF1_DNA_Pool-1_3G:04:Y6:05	21	1.00001e+06	0	723687	196237	345544
293T_TFF1_DNA_Pool-1_3G:08:41:03	82	1.00001e+06	0	1.08926e+06	696603	1.037e+06
293T_TFF1_DNA_Pool-1_3G:08:X3:06	24	1.00001e+06	0	598550	508899	232300
293T_TFF1_DNA_Pool-1_3G:08:X7:07	27	1.00001e+06	462166	640936	15945.5	569618
293T_TFF1_DNA_Pool-1_3G:0E:06:02	50	1.00001e+06	1.16485e+06	1.23806e+06	744363	2.25896e+06
293T_TFF1_DNA_Pool-1_3G:0E:08:09	44	1.00001e+06	2.09934e+06	995490	913383	0
293T_TFF1_DNA_Pool-1_3G:0E:18:04	25	1.00001e+06	118943	1.08421e+06	742322	2.67824e+06
293T_TFF1_DNA_Pool-1_3G:0E:T8:07	57	1.00001e+06	1.32822e+06	891599	725443	295410
293T_TFF1_DNA_Pool-1_3G:0E:X3:02	24	1.00001e+06	0	468531	775155	0
293T_TFF1_DNA_Pool-1_3G:0H:Q8:09	46	1.00001e+06	0	1.06175e+06	671186	386996
293T_TFF1_DNA_Pool-1_3G:0P:C0:02	33	1.00001e+06	1.65155e+06	522266	586251	319166
293T_TFF1_DNA_Pool-1_3G:0Q:O1:02	31	1.00001e+06	746753	1.4678e+06	683636	3.9374e+06
293T_TFF1_DNA_Pool-1_3G:0Q:O9:05	31	1.00001e+06	0	453722	527492	559686
293T_TFF1_DNA_Pool-1_3G:0T:54:12	30	1.00001e+06	0	495100	747981	242414
293T_TFF1_DNA_Pool-1_3G:0T:94:12	22	1.00001e+06	0	753537	646976	1.17204e+06
293T_TFF1_DNA_Pool-1_3G:0X:0J:12	60	1.00001e+06	1.48444e+06	1.04776e+06	932440	1.60849e+06
293T_TFF1_DNA_Pool-1_3G:0X:0R:02	269	1.00001e+06	0	1.92821e+06	2.53706e+06	1.84586e+06
293T_TFF1_DNA_Pool-1_3G:0X:49:02	90	1.00001e+06	3.01498e+06	2.0374e+06	1.21075e+06	1.23253e+06
293T_TFF1_DNA_Pool-1_3G:0X:58:07	94	1.00001e+06	1.00552e+06	1.10128e+06	1.16934e+06	1.05058e+06
293T_TFF1_DNA_Pool-1_3G:0X:98:07	198	1.00001e+06	0	1.999e+06	1.18233e+06	4.07305e+06
293T_TFF1_DNA_Pool-1_3G:0X:E2:12	135	1.00001e+06	0	1.6191e+06	1.24544e+06	1.18332e+06
293T_TFF1_DNA_Pool-1_3G:0X:F2:01	156	1.00001e+06	3.68146e+06	1.75772e+06	1.1055e+06	3.12323e+06
293T_TFF1_DNA_Pool-1_3G:0X:J0:07	87	1.00001e+06	2.384e+06	1.23169e+06	956199	5.27034e+06
293T_TFF1_DNA_Pool-1_3G:0X:N7:01	356	1.00001e+06	4.91273e+06	2.30142e+06	3.05618e+06	2.65598e+06
293T_TFF1_DNA_Pool-1_3G:0X:N8:02	134	1.00001e+06	2.97011e+06	1.44183e+06	1.13164e+06	976908
293T_TFF1_DNA_Pool-1_3G:0X:Q0:10	56	1.00001e+06	335079	1.20664e+06	861778	272429
293T_TFF1_DNA_Pool-1_3G:0X:S6:02	92	1.00001e+06	1.06388e+06	1.45441e+06	873913	895128
293T_TFF1_DNA_Pool-1_3G:0X:S9:03	380	1.00001e+06	9.45952e+06	2.70284e+06	4.26921e+06	5.53835e+06
293T_TFF1_DNA_Pool-1_3G:0X:V3:06	45	1.00001e+06	0	438936	29681.3	0
293T_TFF1_DNA_Pool-1_3G:0X:Z3:02	115	1.00001e+06	2.26837e+06	1.08652e+06	861848	271101
293T_TFF1_DNA_Pool-1_3G:0X:Z6:01	36	1.00001e+06	1.86649e+06	730235	838299	738991
293T_TFF1_DNA_Pool-1_3G:0Y:32:02	29	1.00001e+06	0	745113	832353	348450
293T_TFF1_DNA_Pool-1_3G:0Y:81:06	20	NA	1.66125e+06	243075	753831	0
293T_TFF1_DNA_Pool-1_3G:0Y:D3:02	93	1.00001e+06	885567	1.3715e+06	901500	5.00147e+06
293T_TFF1_DNA_Pool-1_3G:0Y:E8:06	40	1.00001e+06	581967	1.02483e+06	902436	564324
293T_TFF1_DNA_Pool-1_3G:0Y:G9:09	42	1.00001e+06	0	729475	782387	130308
293T_TFF1_DNA_Pool-1_3G:0Y:I1:02	41	1.00001e+06	0	880799	740466	707307
293T_TFF1_DNA_Pool-1_3G:0Y:P4:04	63	1.00001e+06	1.59414e+06	541110	798220	184378
293T_TFF1_DNA_Pool-1_3G:0Y:T2:05	35	1.00001e+06	0	732517	785553	3.39898e+06
293T_TFF1_DNA_Pool-1_3G:0Y:T8:04	401	1.00001e+06	0	3.16964e+06	4.48005e+06	2.69984e+06
293T_TFF1_DNA_Pool-1_3G:0Y:X8:12	20	1.00001e+06	1.84666e+06	682462	692849	545365
293T_TFF1_DNA_Pool-1_3G:0Y:Y5:12	42	1.00001e+06	917408	1.29461e+06	868005	1.02039e+06
293T_TFF1_DNA_Pool-1_3G:12:S9:06	53	1.00001e+06	1.2832e+06	1.09059e+06	829874	3.70854e+06
293T_TFF1_DNA_Pool-1_3G:15:94:06	71	1.00001e+06	0	1.05181e+06	788328	768097
293T_TFF1_DNA_Pool-1_3G:15:H8:12	27	1.00001e+06	0	1.0079e+06	687716	2.31168e+06
293T_TFF1_DNA_Pool-1_3G:27:84:02	25	1.00001e+06	983961	1.30354e+06	900832	515800
293T_TFF1_DNA_Pool-1_3G:27:M1:02	23	1.00001e+06	0	2.23704e+06	686563	5.38286e+06
293T_TFF1_DNA_Pool-1_3G:28:0I:12	340	1.00001e+06	0	2.52475e+06	6.34499e+06	1.61655e+06
293T_TFF1_DNA_Pool-1_3G:28:F3:04	99	1.00001e+06	1.01353e+06	1.24796e+06	890280	1.21755e+06
293T_TFF1_DNA_Pool-1_3G:35:A4:09	23	1.00001e+06	0	749655	718010	277444
293T_TFF1_DNA_Pool-1_3G:35:K2:02	28	1.00001e+06	1.87843e+06	962702	890959	189273
293T_TFF1_DNA_Pool-1_3G:35:M0:02	51	1.00001e+06	2.2649e+06	932075	382824	919989
293T_TFF1_DNA_Pool-1_3G:35:N8:04	43	1.00001e+06	2.51977e+06	949882	954319	1.53636e+06
293T_TFF1_DNA_Pool-1_3G:47:14:03	27	1.00001e+06	626688	954416	695760	132132
293T_TFF1_DNA_Pool-1_3G:47:84:02	102	1.00001e+06	0	1.46881e+06	799568	1.37456e+06
293T_TFF1_DNA_Pool-1_3G:47:D0:04	57	1.00001e+06	1.7762e+06	1.25556e+06	1.12122e+06	812176
293T_TFF1_DNA_Pool-1_3G:47:G0:12	49	1.00001e+06	0	1.15596e+06	830780	875555
293T_TFF1_DNA_Pool-1_3G:47:V3:02	29	1.00001e+06	0	963704	46171.6	527186
293T_TFF1_DNA_Pool-1_3G:47:Y2:11	85	1.00001e+06	2.20508e+06	1.59063e+06	1.2201e+06	1.00575e+06
293T_TFF1_DNA_Pool-1_3G:48:R2:06	107	1.00001e+06	1.09704e+06	745282	850164	367969
293T_TFF1_DNA_Pool-1_3G:48:X0:04	25	1.00001e+06	2.15354e+06	927423	714246	702731
293T_TFF1_DNA_Pool-1_3G:52:P8:10	30	1.00001e+06	2.17158e+06	753584	941614	905142
293T_TFF1_DNA_Pool-1_3G:52:Z2:02	43	1.00001e+06	0	995785	789917	1.3767e+06
293T_TFF1_DNA_Pool-1_3G:60:E8:07	66	1.00001e+06	0	721765	745640	543476
293T_TFF1_DNA_Pool-1_3G:60:T4:12	62	1.00001e+06	0	911372	850521	1.60927e+06
293T_TFF1_DNA_Pool-1_3G:63:L4:06	126	1.00001e+06	1.59252e+06	1.40235e+06	1.09203e+06	1.00807e+06
293T_TFF1_DNA_Pool-1_3G:63:X7:02	20	1.00001e+06	0	582378	812505	201907
293T_TFF1_DNA_Pool-1_3G:64:B6:09	51	1.00001e+06	616695	1.15714e+06	984971	1.31674e+06
293T_TFF1_DNA_Pool-1_3G:67:I2:02	779	1.00001e+06	0	3.24379e+06	1.20583e+07	1.87347e+06
293T_TFF1_DNA_Pool-1_3G:67:T8:06	23	1.00001e+06	783850	892740	839347	5.58937e+06
293T_TFF1_DNA_Pool-1_3G:68:0N:06	31	1.00001e+06	431485	606569	103005	0
293T_TFF1_DNA_Pool-1_3G:71:72:09	26	1.00001e+06	0	797245	832907	492380
293T_TFF1_DNA_Pool-1_3G:72:E2:06	30	1.00001e+06	117075	541086	620721	407964
293T_TFF1_DNA_Pool-1_3G:75:K4:09	50	1.00001e+06	206754	615731	660997	750820
293T_TFF1_DNA_Pool-1_3G:75:T4:12	21	1.00001e+06	1.60227e+06	389026	717668	0
293T_TFF1_DNA_Pool-1_3G:76:50:02	61	1.00001e+06	0	973432	775671	2.03288e+06
293T_TFF1_DNA_Pool-1_3G:76:50:09	70	1.00001e+06	1.35097e+06	1.31619e+06	838815	883804
293T_TFF1_DNA_Pool-1_3G:76:F3:04	32	1.00001e+06	169854	382871	189307	200301
293T_TFF1_DNA_Pool-1_3G:76:O1:04	23	1.00001e+06	534505	571030	886072	884205
293T_TFF1_DNA_Pool-1_3G:79:72:06	27	1.00001e+06	1.37126e+06	559864	755788	0
293T_TFF1_DNA_Pool-1_3G:79:L8:04	211	1.00001e+06	0	1.73678e+06	990442	2.61761e+06
293T_TFF1_DNA_Pool-1_3G:80:B6:06	20	1.00001e+06	450910	715776	677462	379524
293T_TFF1_DNA_Pool-1_3G:80:E6:02	29	1.00001e+06	1.59159e+06	504674	824016	4.20315e+06
293T_TFF1_DNA_Pool-1_3G:80:X8:02	34	1.00001e+06	592282	843115	730606	801775
293T_TFF1_DNA_Pool-1_3G:83:72:12	56	1.00001e+06	660906	933351	781987	687140
293T_TFF1_DNA_Pool-1_3G:83:I2:09	22	1.00001e+06	0	571371	755155	457444
293T_TFF1_DNA_Pool-1_3G:83:J4:09	66	1.00001e+06	1.35468e+06	845465	778624	612138
293T_TFF1_DNA_Pool-1_3G:83:Y5:03	43	1.00001e+06	2.37069e+06	565592	839252	87882.9
293T_TFF1_DNA_Pool-1_3G:87:O1:02	32	1.00001e+06	2.02897e+06	4.45384e+06	3.16467e+06	1.25175e+06
293T_TFF1_DNA_Pool-1_3G:87:Y9:07	34	1.00001e+06	1.53789e+06	1.025e+06	802799	2.26571e+06
293T_TFF1_DNA_Pool-1_3G:88:I2:02	26	1.00001e+06	0	730470	812791	677103
293T_TFF1_DNA_Pool-1_3G:88:J6:02	32	1.00001e+06	0	631287	757252	578873
293T_TFF1_DNA_Pool-1_3G:91:54:12	31	1.00001e+06	1.87219e+06	801555	710968	3.77826e+06
293T_TFF1_DNA_Pool-1_3G:91:I2:02	37	1.00001e+06	0	1.04092e+06	785802	495612
293T_TFF1_DNA_Pool-1_3G:91:Y1:02	41	1.00001e+06	1.23177e+06	618749	736619	592005
293T_TFF1_DNA_Pool-1_3G:95:34:02	723	1.00001e+06	0	2.93178e+06	5.98614e+06	3.53965e+06
293T_TFF1_DNA_Pool-1_3G:95:94:12	28	1.00001e+06	0	433602	646863	963436
293T_TFF1_DNA_Pool-1_3G:95:B0:12	53	1.00001e+06	784955	1.25329e+06	845488	784146
293T_TFF1_DNA_Pool-1_3G:95:B6:02	62	1.00001e+06	0	894432	976756	1.83046e+06
293T_TFF1_DNA_Pool-1_3G:95:J0:04	52	1.00001e+06	1.99477e+06	892184	685539	646405
293T_TFF1_DNA_Pool-1_3G:95:O2:06	71	1.00001e+06	0	1.27368e+06	657077	374781
293T_TFF1_DNA_Pool-1_3G:95:O2:09	68	1.00001e+06	930566	838956	741811	1.06484e+06
293T_TFF1_DNA_Pool-1_3G:95:T7:02	38	1.00001e+06	2.16056e+06	1.02798e+06	687149	507935
293T_TFF1_DNA_Pool-1_3G:99:0R:04	49	1.00001e+06	0	807593	863273	637836
293T_TFF1_DNA_Pool-1_3G:A3:H2:12	27	1.00001e+06	300818	868599	595965	401273
293T_TFF1_DNA_Pool-1_3G:A3:M4:11	25	1.00001e+06	0	884936	821632	94215
293T_TFF1_DNA_Pool-1_3G:A3:U6:02	43	1.00001e+06	398299	1.17082e+06	789743	872786
293T_TFF1_DNA_Pool-1_3G:A4:S6:06	21	1.00001e+06	0	380100	554198	0
293T_TFF1_DNA_Pool-1_3G:A7:E6:06	63	1.00001e+06	0	957072	877591	770615
293T_TFF1_DNA_Pool-1_3G:A7:H2:04	36	1.00001e+06	1.69993e+06	635161	771301	2.1197e+06
293T_TFF1_DNA_Pool-1_3G:B1:24:02	22	1.00001e+06	2.03321e+06	542106	691547	558174
293T_TFF1_DNA_Pool-1_3G:B1:O2:02	22	1.00001e+06	576045	730037	647737	70429.9
293T_TFF1_DNA_Pool-1_3G:B2:F3:02	36	1.00001e+06	2.1289e+06	762531	781316	1.08647e+06
293T_TFF1_DNA_Pool-1_3G:B2:L0:05	27	1.00001e+06	198807	415735	513331	0
293T_TFF1_DNA_Pool-1_3G:B5:56:07	54	1.00001e+06	1.08436e+06	478061	863731	178531
293T_TFF1_DNA_Pool-1_3G:B5:B2:11	28	1.00001e+06	1.97432e+06	472480	300234	453580
293T_TFF1_DNA_Pool-1_3G:B5:E6:02	34	1.00001e+06	0	1.31479e+06	753925	1.77577e+06
293T_TFF1_DNA_Pool-1_3G:B5:X0:02	68	1.00001e+06	974626	1.04601e+06	1.11698e+06	512656
293T_TFF1_DNA_Pool-1_3G:B5:X7:12	66	1.00001e+06	0	1.2512e+06	865381	1.01109e+06
293T_TFF1_DNA_Pool-1_3G:B6:E1:09	39	1.00001e+06	1.70155e+06	1.05785e+06	820528	213466
293T_TFF1_DNA_Pool-1_3G:B6:E2:06	38	1.00001e+06	0	737661	804544	535172
293T_TFF1_DNA_Pool-1_3G:B6:G4:06	25	1.00001e+06	1.51613e+06	775937	729596	1.00848e+06
293T_TFF1_DNA_Pool-1_3G:B9:41:09	27	1.00001e+06	259920	482974	797403	0
293T_TFF1_DNA_Pool-1_3G:C4:G4:03	44	1.00001e+06	2.03186e+06	907232	692719	1.44104e+06
293T_TFF1_DNA_Pool-1_3G:C7:J6:02	20	1.00001e+06	115070	306047	762960	642296
293T_TFF1_DNA_Pool-1_3G:C7:M0:02	30	1.00001e+06	0	684978	747757	170359
293T_TFF1_DNA_Pool-1_3G:C8:B6:04	84	1.00001e+06	0	1.28893e+06	946792	283013
293T_TFF1_DNA_Pool-1_3G:C8:E2:07	57	1.00001e+06	0	395426	878896	321771
293T_TFF1_DNA_Pool-1_3G:C8:L4:07	37	1.00001e+06	543930	789858	893854	135609
293T_TFF1_DNA_Pool-1_3G:C8:Y1:04	31	1.00001e+06	1.78303e+06	330925	859749	537987
293T_TFF1_DNA_Pool-1_3G:D1:F3:02	34	1.00001e+06	1.7884e+06	751885	605629	648553
293T_TFF1_DNA_Pool-1_3G:D1:O9:05	35	1.00001e+06	2.3227e+06	775534	753851	1.14964e+06
293T_TFF1_DNA_Pool-1_3G:D1:Q8:09	25	1.00001e+06	325193	1.50291e+06	642314	674806
293T_TFF1_DNA_Pool-1_3G:D5:25:04	33	1.00001e+06	0	403402	870799	0
293T_TFF1_DNA_Pool-1_3G:D6:T4:12	20	1.00001e+06	1.6825e+06	2.50412e+06	1.00321e+06	4.64853e+06
293T_TFF1_DNA_Pool-1_3G:E0:W0:01	37	1.00001e+06	331556	1.96982e+06	2.24318e+06	0
293T_TFF1_DNA_Pool-1_3G:E3:34:12	25	1.00001e+06	0	646941	855247	579320
293T_TFF1_DNA_Pool-1_3G:E3:90:08	20	1.00001e+06	797937	597264	896640	335904
293T_TFF1_DNA_Pool-1_3G:E3:B6:02	75	1.00001e+06	1.46581e+06	1.08156e+06	890352	0
293T_TFF1_DNA_Pool-1_3G:E3:C0:12	182	1.00001e+06	0	1.26352e+06	1.27385e+06	228676
293T_TFF1_DNA_Pool-1_3G:E3:E6:02	55	1.00001e+06	800880	1.51087e+06	656273	2.18811e+06
293T_TFF1_DNA_Pool-1_3G:E3:H6:03	38	1.00001e+06	2.06853e+06	1.32335e+06	916048	2.38404e+06
293T_TFF1_DNA_Pool-1_3G:E3:S5:02	161	1.00001e+06	794081	1.26029e+06	1.18947e+06	2.74799e+06
293T_TFF1_DNA_Pool-1_3G:E4:M4:03	20	1.00001e+06	0	666950	726825	79394.7
293T_TFF1_DNA_Pool-1_3G:E7:B6:02	20	1.00001e+06	783231	436044	765467	291410
293T_TFF1_DNA_Pool-1_3G:E7:N8:02	219	1.00001e+06	0	2.66353e+06	3.09148e+06	2.75998e+06
293T_TFF1_DNA_Pool-1_3G:E8:H3:02	225	1.00001e+06	1.23158e+06	1.6815e+06	2.76235e+06	1.5032e+06
293T_TFF1_DNA_Pool-1_3G:F1:25:09	20	1.00001e+06	1.81427e+06	719857	769632	0
293T_TFF1_DNA_Pool-1_3G:F1:Q8:09	40	1.00001e+06	2.04117e+06	1.09149e+06	816005	234948
293T_TFF1_DNA_Pool-1_3G:F2:F3:02	93	1.00001e+06	993018	974834	973912	332608
293T_TFF1_DNA_Pool-1_3G:F2:F3:06	61	1.00001e+06	1.2828e+06	667570	568326	668540
293T_TFF1_DNA_Pool-1_3G:F2:K1:05	55	1.00001e+06	782125	718836	807778	623451
293T_TFF1_DNA_Pool-1_3G:F5:E6:03	26	1.00001e+06	116068	775882	641796	0
293T_TFF1_DNA_Pool-1_3G:F7:F3:04	45	1.00001e+06	0	1.00492e+06	880170	751793
293T_TFF1_DNA_Pool-1_3G:F7:K2:04	23	1.00001e+06	1.59562e+06	388975	709235	457244
293T_TFF1_DNA_Pool-1_3G:F7:O5:02	49	1.00001e+06	0	950975	743637	457055
293T_TFF1_DNA_Pool-1_3G:F9:0R:12	48	1.00001e+06	921255	1.27627e+06	834944	5.60746e+06
293T_TFF1_DNA_Pool-1_3G:G3:X7:06	23	1.00001e+06	1.60482e+06	386603	797170	0
293T_TFF1_DNA_Pool-1_3G:G4:Y5:03	53	1.00001e+06	3.10104e+06	862110	838462	556308
293T_TFF1_DNA_Pool-1_3G:G8:Y5:02	28	1.00001e+06	472413	365457	707662	0
293T_TFF1_DNA_Pool-1_3G:H1:F3:12	32	1.00001e+06	0	657852	713138	222134
293T_TFF1_DNA_Pool-1_3G:H5:T8:07	50	1.00001e+06	0	827065	714833	220409
293T_TFF1_DNA_Pool-1_3G:I4:H6:05	30	1.00001e+06	0	566501	706460	869536
293T_TFF1_DNA_Pool-1_3G:I7:97:12	33	1.00001e+06	0	765376	904150	1.38785e+06
293T_TFF1_DNA_Pool-1_3G:J1:08:03	71	1.00001e+06	3.40446e+06	1.17949e+06	642442	762277
293T_TFF1_DNA_Pool-1_3G:J1:0F:04	47	1.00001e+06	254276	509506	796119	181105
293T_TFF1_DNA_Pool-1_3G:J1:0N:04	40	1.00001e+06	450070	848520	796827	665458
293T_TFF1_DNA_Pool-1_3G:J1:0O:02	110	1.00001e+06	2.22736e+06	1.27657e+06	759378	573672
293T_TFF1_DNA_Pool-1_3G:J1:78:04	41	1.00001e+06	1.87382e+06	789700	823155	499523
293T_TFF1_DNA_Pool-1_3G:J1:A2:02	48	1.00001e+06	0	793378	594221	2.70715e+06
293T_TFF1_DNA_Pool-1_3G:J1:A6:10	38	1.00001e+06	288347	667494	782622	5.85404e+06
293T_TFF1_DNA_Pool-1_3G:J1:B0:02	745	1.00001e+06	0	2.66776e+06	8.27218e+06	2.16326e+06
293T_TFF1_DNA_Pool-1_3G:J1:D3:01	239	1.00001e+06	0	2.25868e+06	1.76255e+06	1.91312e+06
293T_TFF1_DNA_Pool-1_3G:J1:D4:02	38	1.00001e+06	2.54906e+06	833485	606757	389443
293T_TFF1_DNA_Pool-1_3G:J1:G2:08	31	1.00001e+06	1.60324e+06	245414	817930	0
293T_TFF1_DNA_Pool-1_3G:J1:K4:02	46	1.00001e+06	1.87676e+06	871779	733292	309445
293T_TFF1_DNA_Pool-1_3G:J1:M1:04	48	1.00001e+06	2.60769e+06	1.14517e+06	818801	268953
293T_TFF1_DNA_Pool-1_3G:K8:Q1:06	22	1.00001e+06	0	1.45516e+06	681532	2.11573e+06
293T_TFF1_DNA_Pool-1_3G:L2:0O:06	20	1.00001e+06	1.62736e+06	652163	657036	3.73929e-14
293T_TFF1_DNA_Pool-1_3G:L5:Y6:07	20	1.00001e+06	0	576996	807590	283157
293T_TFF1_DNA_Pool-1_3G:M0:T0:02	48	1.00001e+06	1.55764e+06	1.29333e+06	826682	2.04345e+06
293T_TFF1_DNA_Pool-1_3G:M0:T0:09	257	1.00001e+06	0	1.80671e+06	1.72306e+06	1.78162e+06
293T_TFF1_DNA_Pool-1_3G:M3:Q0:02	28	1.00001e+06	741313	765277	748598	201863
293T_TFF1_DNA_Pool-1_3G:M3:R0:11	21	NA	1.80667e+06	275721	792900	0
293T_TFF1_DNA_Pool-1_3G:M4:0R:12	72	1.00001e+06	0	1.01224e+06	796783	957344
293T_TFF1_DNA_Pool-1_3G:M4:K5:12	52	1.00001e+06	0	957119	705367	1.1383e+06
293T_TFF1_DNA_Pool-1_3G:M7:E6:09	74	1.00001e+06	1.62116e+06	1.59769e+06	728814	1.00964e+06
293T_TFF1_DNA_Pool-1_3G:M7:H2:04	24	1.00001e+06	186089	618371	898105	371354
293T_TFF1_DNA_Pool-1_3G:M7:T4:02	32	1.00001e+06	0	1.10156e+06	702266	222236
293T_TFF1_DNA_Pool-1_3G:M8:0R:12	74	1.00001e+06	2.33974e+06	1.76513e+06	789825	2.65833e+06
293T_TFF1_DNA_Pool-1_3G:M8:T4:12	20	1.00001e+06	2.28633e+06	780648	826928	522629
293T_TFF1_DNA_Pool-1_3G:N1:C4:09	23	1.00001e+06	0	1.1316e+06	685520	795167
293T_TFF1_DNA_Pool-1_3G:N1:Y6:02	29	1.00001e+06	1.4573e+06	282014	509687	179457
293T_TFF1_DNA_Pool-1_3G:N2:02:02	38	1.00001e+06	0	957897	700491	3.37478e+06
293T_TFF1_DNA_Pool-1_3G:N9:34:07	51	1.00001e+06	0	926037	868486	765447
293T_TFF1_DNA_Pool-1_3G:N9:82:02	26	1.00001e+06	0	757316	472118	545947
293T_TFF1_DNA_Pool-1_3G:N9:97:07	104	1.00001e+06	0	1.1652e+06	750841	581020
293T_TFF1_DNA_Pool-1_3G:N9:C8:12	61	1.00001e+06	0	562446	770946	428025
293T_TFF1_DNA_Pool-1_3G:N9:F8:06	36	1.00001e+06	306310	746570	843072	347612
293T_TFF1_DNA_Pool-1_3G:N9:H2:02	56	1.00001e+06	0	1.06221e+06	852697	1.0295e+06
293T_TFF1_DNA_Pool-1_3G:N9:J8:07	354	1.00001e+06	1.12123e+06	2.20749e+06	2.25467e+06	2.11994e+06
293T_TFF1_DNA_Pool-1_3G:N9:L0:05	72	1.00001e+06	0	1.03307e+06	1.20357e+06	2.48021e+06
293T_TFF1_DNA_Pool-1_3G:N9:Q6:07	24	1.00001e+06	1.77135e+06	440720	810523	81518.8
293T_TFF1_DNA_Pool-1_3G:N9:R4:07	33	1.00001e+06	286228	551280	917105	536300
293T_TFF1_DNA_Pool-1_3G:N9:U6:06	30	1.00001e+06	2.03302e+06	1.08548e+06	809837	585302
293T_TFF1_DNA_Pool-1_3G:N9:X4:02	46	1.00001e+06	1.21738e+06	885542	747523	423837
293T_TFF1_DNA_Pool-1_3G:O0:45:04	26	1.00001e+06	286114	335450	615684	386650
293T_TFF1_DNA_Pool-1_3G:O3:54:04	155	1.00001e+06	0	1.57281e+06	1.3631e+06	1.09698e+06
293T_TFF1_DNA_Pool-1_3G:O4:45:10	245	1.00001e+06	1.17565e+06	1.39827e+06	1.02253e+06	1.14719e+06
293T_TFF1_DNA_Pool-1_3G:O7:W6:02	52	1.00001e+06	0	1.15655e+06	634844	543123
293T_TFF1_DNA_Pool-1_3G:O8:46:02	26	1.00001e+06	1.36497e+06	423369	763967	182074
293T_TFF1_DNA_Pool-1_3G:O8:O2:04	39	1.00001e+06	0	736416	836289	863214
293T_TFF1_DNA_Pool-1_3G:O8:Z0:04	25	1.00001e+06	1.66138e+06	421882	808167	0
293T_TFF1_DNA_Pool-1_3G:P1:H0:02	213	1.00001e+06	406214	1.57495e+06	981887	2.00447e+06
293T_TFF1_DNA_Pool-1_3G:P2:O1:09	25	1.00001e+06	2.1794e+06	754760	1.4413e+06	0
293T_TFF1_DNA_Pool-1_3G:P6:0R:12	51	1.00001e+06	0	763653	25575.9	356909
293T_TFF1_DNA_Pool-1_3G:P6:E6:04	31	1.00001e+06	0	704654	745748	211371
293T_TFF1_DNA_Pool-1_3G:P9:Y5:07	23	1.00001e+06	1.87984e+06	498138	194726	58705.9
293T_TFF1_DNA_Pool-1_3G:Q3:93:12	24	1.00001e+06	2.67082e+06	935978	742175	990102
293T_TFF1_DNA_Pool-1_3G:R1:C0:06	43	1.00001e+06	0	829365	20955.6	0
293T_TFF1_DNA_Pool-1_3G:R1:G4:09	46	1.00001e+06	0	1.01021e+06	778570	1.63886e+06
293T_TFF1_DNA_Pool-1_3G:R1:L0:05	26	1.00001e+06	0	780899	757611	703263
293T_TFF1_DNA_Pool-1_3G:R1:Q8:09	37	1.00001e+06	547318	1.30761e+06	705658	744935
293T_TFF1_DNA_Pool-1_3G:R2:F6:02	24	1.00001e+06	2.03619e+06	817076	623598	188894
293T_TFF1_DNA_Pool-1_3G:R2:H8:09	53	1.00001e+06	2.19764e+06	978067	935688	294127
293T_TFF1_DNA_Pool-1_3G:R2:L8:02	23	1.00001e+06	0	564551	24697.3	0
293T_TFF1_DNA_Pool-1_3G:R9:Y9:07	49	1.00001e+06	0	807143	838548	820318
293T_TFF1_DNA_Pool-1_3G:S0:24:12	24	1.00001e+06	1.81358e+06	796678	17781.7	269662
293T_TFF1_DNA_Pool-1_3G:S3:E9:12	1239	1.00001e+06	0	4.0779e+06	1.33717e+07	2.97622e+06
293T_TFF1_DNA_Pool-1_3G:S7:24:04	120	1.00001e+06	2.58486e+06	1.34467e+06	1.03694e+06	668313
293T_TFF1_DNA_Pool-1_3G:S7:45:11	94	1.00001e+06	871104	1.49162e+06	2.31369e+06	904908
293T_TFF1_DNA_Pool-1_3G:S7:54:02	74	1.00001e+06	0	1.05237e+06	868012	517616
293T_TFF1_DNA_Pool-1_3G:S7:E2:02	177	1.00001e+06	1.3453e+06	1.80149e+06	1.43626e+06	840889
293T_TFF1_DNA_Pool-1_3G:S7:E6:09	203	1.00001e+06	0	2.05294e+06	903662	886106
293T_TFF1_DNA_Pool-1_3G:S7:E9:06	57	1.00001e+06	1.834e+06	848346	751052	386399
293T_TFF1_DNA_Pool-1_3G:S7:F6:09	61	1.00001e+06	0	1.08457e+06	782672	1.40001e+06
293T_TFF1_DNA_Pool-1_3G:S7:H7:04	54	1.00001e+06	0	650579	678959	479238
293T_TFF1_DNA_Pool-1_3G:S7:J8:09	114	1.00001e+06	1.03986e+06	1.60071e+06	1.21242e+06	3.10807e+06
293T_TFF1_DNA_Pool-1_3G:S7:Q8:07	91	1.00001e+06	719639	1.21824e+06	768619	1.44763e+06
293T_TFF1_DNA_Pool-1_3G:S7:Q8:09	110	1.00001e+06	0	2.13111e+06	1.37631e+06	1.60467e+06
293T_TFF1_DNA_Pool-1_3G:S7:S9:03	83	1.00001e+06	0	1.36764e+06	1.27149e+06	1.57933e+06
293T_TFF1_DNA_Pool-1_3G:S7:Y2:12	51	1.00001e+06	445660	731362	909140	1.3824e+06
293T_TFF1_DNA_Pool-1_3G:S8:41:07	118	1.00001e+06	4.15785e+06	1.42596e+06	729929	599781
293T_TFF1_DNA_Pool-1_3G:S8:G9:02	32	1.00001e+06	230391	964728	828947	2.47263e+06
293T_TFF1_DNA_Pool-1_3G:S8:O1:02	49	1.00001e+06	785946	583551	789035	406422
293T_TFF1_DNA_Pool-1_3G:S8:O6:02	155	1.00001e+06	1.7136e+06	1.38729e+06	923419	769489
293T_TFF1_DNA_Pool-1_3G:T1:A4:03	22	1.00001e+06	1.63262e+06	830022	804609	1.01192e+06
293T_TFF1_DNA_Pool-1_3G:T1:T4:02	28	1.00001e+06	625680	534558	645952	480621
293T_TFF1_DNA_Pool-1_3G:T2:Y2:11	27	NA	374278	219127	832844	0
293T_TFF1_DNA_Pool-1_3G:T5:U5:05	779	1.00001e+06	1.12625e+07	3.01328e+06	9.36118e+06	1.88874e+06
293T_TFF1_DNA_Pool-1_3G:T6:Z8:04	86	1.00001e+06	387700	1.10642e+06	895039	992015
293T_TFF1_DNA_Pool-1_3G:U4:54:02	31	1.00001e+06	0	1.18987e+06	807444	1.58253e+06
293T_TFF1_DNA_Pool-1_3G:U4:54:07	36	1.00001e+06	0	700054	775958	327154
293T_TFF1_DNA_Pool-1_3G:U4:N8:06	23	1.00001e+06	1.62802e+06	575863	648480	600232
293T_TFF1_DNA_Pool-1_3G:U7:J6:03	21	1.00001e+06	0	714825	827108	993068
293T_TFF1_DNA_Pool-1_3G:V6:P3:09	28	1.00001e+06	0	825197	27507.5	0
293T_TFF1_DNA_Pool-1_3G:V9:D0:05	38	1.00001e+06	0	1.01202e+06	802229	441455
293T_TFF1_DNA_Pool-1_3G:V9:S9:03	36	1.00001e+06	2.16337e+06	1.31924e+06	803914	3.15853e+06
293T_TFF1_DNA_Pool-1_3G:W0:E9:12	42	1.00001e+06	0	1.10154e+06	940918	274621
293T_TFF1_DNA_Pool-1_3G:W7:O2:12	282	1.00001e+06	942782	1.80111e+06	2.3776e+06	1.34008e+06
293T_TFF1_DNA_Pool-1_3G:W7:T4:02	39	1.00001e+06	2.51388e+06	1.07934e+06	791886	0
293T_TFF1_DNA_Pool-1_3G:W7:V6:07	522	1.00001e+06	0	2.24001e+06	7.05028e+06	1.38557e+06
293T_TFF1_DNA_Pool-1_3G:W7:V6:12	34	1.00001e+06	0	870646	816752	761339
293T_TFF1_DNA_Pool-1_3G:W8:N7:12	24	1.00001e+06	0	1.22081e+06	1.02598e+06	287307
293T_TFF1_DNA_Pool-1_3G:X1:0R:02	51	1.00001e+06	2.23965e+06	847436	783025	455315
293T_TFF1_DNA_Pool-1_3G:X1:J3:03	28	1.00001e+06	0	1.06324e+06	883100	4.95472e+06
293T_TFF1_DNA_Pool-1_3G:X1:K5:09	22	1.00001e+06	1.49585e+06	745051	691050	409066
293T_TFF1_DNA_Pool-1_3G:X1:X7:07	91	1.00001e+06	2.89395e+06	1.23758e+06	1.00369e+06	647429
293T_TFF1_DNA_Pool-1_3G:X5:25:06	80	1.00001e+06	0	531782	743411	517739
293T_TFF1_DNA_Pool-1_3G:X5:49:08	46	1.00001e+06	0	793093	773605	1.64059e+06
293T_TFF1_DNA_Pool-1_3G:X5:A0:12	99	1.00001e+06	1.67678e+06	1.18e+06	783334	1.90995e+06
293T_TFF1_DNA_Pool-1_3G:X5:A4:09	171	1.00001e+06	3.42024e+06	1.62202e+06	2.4567e+06	1.37125e+06
293T_TFF1_DNA_Pool-1_3G:X5:G0:04	86	1.00001e+06	2.061e+06	1.15301e+06	1.05814e+06	629856
293T_TFF1_DNA_Pool-1_3G:X5:J6:02	222	1.00001e+06	2.23905e+06	1.81853e+06	1.58933e+06	4.32181e+06
293T_TFF1_DNA_Pool-1_3G:X5:K5:12	195	1.00001e+06	1.44774e+06	1.70251e+06	1.46312e+06	672899
293T_TFF1_DNA_Pool-1_3G:X5:N0:07	55	1.00001e+06	400035	602434	659140	340739
293T_TFF1_DNA_Pool-1_3G:X6:I2:02	41	1.00001e+06	2.63885e+06	993367	807515	0
293T_TFF1_DNA_Pool-1_3G:X6:M4:02	27	1.00001e+06	1.68846e+06	576630	460780	350728
293T_TFF1_DNA_Pool-1_3G:X6:P8:06	89	1.00001e+06	899896	1.2373e+06	965731	3.36417e+06
293T_TFF1_DNA_Pool-1_3G:Y8:C0:02	20	1.00001e+06	0	464720	648867	706019
293T_TFF1_DNA_Pool-1_3G:Y8:M8:04	23	1.00001e+06	1.19443e+06	669723	803462	523040
293T_TFF1_DNA_Pool-1_3G:Y8:T4:02	25	1.00001e+06	1.73201e+06	715607	924129	614019
293T_TFF1_DNA_Pool-1_3G:Z5:S6:02	23	1.00001e+06	2.03076e+06	683000	693796	434372
293T_TFF1_DNA_Pool-1_3G:Z9:B2:10	23	1.00001e+06	1.3895e+06	338307	730780	184500
293T_TFF1_DNA_Pool-1_3F:07:N8:03	30	1.00001e+06	1.61713e+06	583430	788132	2.10312e+06
293T_TFF1_DNA_Pool-1_3F:08:72:03	23	1.00001e+06	0	472374	573709	366376
293T_TFF1_DNA_Pool-1_3F:0A:G9:03	42	1.00001e+06	0	633529	808042	162869
293T_TFF1_DNA_Pool-1_3F:0E:G2:05	261	1.00001e+06	2.24776e+06	1.74789e+06	1.8876e+06	2.43421e+06
293T_TFF1_DNA_Pool-1_3F:0H:N7:05	20	1.00001e+06	2.03047e+06	766328	21745.4	0
293T_TFF1_DNA_Pool-1_3F:0X:65:09	188	1.00001e+06	1.55972e+06	1.43778e+06	923066	909815
293T_TFF1_DNA_Pool-1_3F:0X:D4:09	21	1.00001e+06	0	524620	54789.9	31674.2
293T_TFF1_DNA_Pool-1_3F:0X:L0:07	67	1.00001e+06	0	1.09799e+06	1.07081e+06	1.09041e+06
293T_TFF1_DNA_Pool-1_3F:0Y:I2:03	82	1.00001e+06	3.78667e+06	1.38245e+06	735904	753840
293T_TFF1_DNA_Pool-1_3F:0Y:Q0:10	26	1.00001e+06	177220	614247	25162.7	0
293T_TFF1_DNA_Pool-1_3F:0Y:T2:05	30	1.00001e+06	2.41256e+06	922017	645633	3.28007e+06
293T_TFF1_DNA_Pool-1_3F:16:56:03	71	1.00001e+06	0	842696	720728	348484
293T_TFF1_DNA_Pool-1_3F:24:J0:07	41	1.00001e+06	444704	469784	21975.5	317395
293T_TFF1_DNA_Pool-1_3F:24:K2:07	37	1.00001e+06	1.63677e+06	421901	877135	243415
293T_TFF1_DNA_Pool-1_3F:24:L6:03	36	1.00001e+06	693734	1.03029e+06	878202	0
293T_TFF1_DNA_Pool-1_3F:35:F8:07	85	1.00001e+06	1.69685e+06	870184	783645	0
293T_TFF1_DNA_Pool-1_3F:36:78:03	26	1.00001e+06	2.11394e+06	835921	681370	1.39291e+06
293T_TFF1_DNA_Pool-1_3F:43:K1:12	2591	1.00001e+06	1.70066e+07	6.92502e+06	8.24044e+06	4.83826e+06
293T_TFF1_DNA_Pool-1_3F:47:18:01	46	1.00001e+06	1.34527e+06	626086	708327	85141.2
293T_TFF1_DNA_Pool-1_3F:47:49:03	36	1.00001e+06	0	821073	939179	0
293T_TFF1_DNA_Pool-1_3F:47:D7:04	28	1.00001e+06	0	777496	873827	612121
293T_TFF1_DNA_Pool-1_3F:47:S6:07	31	1.00001e+06	0	585514	315872	204629
293T_TFF1_DNA_Pool-1_3F:47:W2:03	21	1.00001e+06	0	756285	823080	0
293T_TFF1_DNA_Pool-1_3F:60:T4:07	42	1.00001e+06	669663	1.83985e+06	677687	912397
293T_TFF1_DNA_Pool-1_3F:63:58:03	40	1.00001e+06	0	343356	819015	121748
293T_TFF1_DNA_Pool-1_3F:63:D7:03	605	1.00001e+06	3.78883e+06	2.1695e+06	8.0255e+06	2.13707e+06
293T_TFF1_DNA_Pool-1_3F:64:T2:03	25	1.00001e+06	1.55046e+06	607479	597567	82454.9
293T_TFF1_DNA_Pool-1_3F:72:W2:06	64	1.00001e+06	836910	770744	695050	1.19126e+06
293T_TFF1_DNA_Pool-1_3F:75:T4:07	30	1.00001e+06	96582.7	262296	788363	0
293T_TFF1_DNA_Pool-1_3F:79:A4:03	25	1.00001e+06	1.63026e+06	866403	748561	1.65986e+06
293T_TFF1_DNA_Pool-1_3F:87:T0:03	28	1.00001e+06	0	433383	26105	0
293T_TFF1_DNA_Pool-1_3F:95:66:03	47	1.00001e+06	1.34055e+06	1.00248e+06	788659	712669
293T_TFF1_DNA_Pool-1_3F:95:N8:03	92	1.00001e+06	794397	1.27601e+06	1.03842e+06	543352
293T_TFF1_DNA_Pool-1_3F:95:O9:03	56	1.00001e+06	2.64331e+06	1.07469e+06	815824	740206
293T_TFF1_DNA_Pool-1_3F:B5:50:03	57	1.00001e+06	176620	774451	960970	0
293T_TFF1_DNA_Pool-1_3F:B5:Y1:03	34	1.00001e+06	0	967661	786365	1.40968e+06
293T_TFF1_DNA_Pool-1_3F:C7:K1:07	21	1.00001e+06	114344	616478	758801	207865
293T_TFF1_DNA_Pool-1_3F:C8:54:03	48	1.00001e+06	0	1.02208e+06	644181	1.68098e+06
293T_TFF1_DNA_Pool-1_3F:C8:A5:07	29	1.00001e+06	742803	607186	897777	1.01611e+06
293T_TFF1_DNA_Pool-1_3F:E3:Q8:09	90	1.00001e+06	1.07917e+06	1.24504e+06	779387	781732
293T_TFF1_DNA_Pool-1_3F:E3:Y5:09	68	1.00001e+06	1.8377e+06	1.26307e+06	893484	1.09029e+06
293T_TFF1_DNA_Pool-1_3F:F1:G9:07	21	NA	0	170370	626871	0
293T_TFF1_DNA_Pool-1_3F:F2:N7:09	54	1.00001e+06	388012	1.13408e+06	845891	1.97895e+06
293T_TFF1_DNA_Pool-1_3F:F9:L0:11	29	1.00001e+06	1.61849e+06	416587	561568	73822.3
293T_TFF1_DNA_Pool-1_3F:G3:H8:09	25	1.00001e+06	0	683822	629253	559810
293T_TFF1_DNA_Pool-1_3F:G7:Q8:03	26	1.00001e+06	2.62704e+06	1.07824e+06	737251	653514
293T_TFF1_DNA_Pool-1_3F:H6:B7:09	33	1.00001e+06	301482	1.26464e+06	860926	339656
293T_TFF1_DNA_Pool-1_3F:I3:50:07	40	1.00001e+06	0	999508	864593	311477
293T_TFF1_DNA_Pool-1_3F:I3:R2:06	119	1.00001e+06	664969	1.04003e+06	781421	503850
293T_TFF1_DNA_Pool-1_3F:J1:17:03	23	1.00001e+06	185449	240293	10330.3	0
293T_TFF1_DNA_Pool-1_3F:J1:61:07	29	1.00001e+06	0	503624	810308	337922
293T_TFF1_DNA_Pool-1_3F:J1:B6:03	48	1.00001e+06	1.1518e+06	879577	752758	499838
293T_TFF1_DNA_Pool-1_3F:J1:W2:07	111	1.00001e+06	0	1.05074e+06	831283	2.22222e+06
293T_TFF1_DNA_Pool-1_3F:J2:B2:07	30	1.00001e+06	990783	970311	773227	706775
293T_TFF1_DNA_Pool-1_3F:K7:46:11	36	1.00001e+06	0	937572	819639	1.64012e+06
293T_TFF1_DNA_Pool-1_3F:K7:54:03	24	1.00001e+06	1.84552e+06	1.11723e+06	828716	362047
293T_TFF1_DNA_Pool-1_3F:K7:56:03	100	1.00001e+06	2.2225e+06	1.13599e+06	973130	1.08804e+06
293T_TFF1_DNA_Pool-1_3F:K8:Q8:09	22	1.00001e+06	207774	935206	48826.3	88018.4
293T_TFF1_DNA_Pool-1_3F:M0:A6:09	90	1.00001e+06	1.95137e+06	1.3336e+06	906583	4.37349e+06
293T_TFF1_DNA_Pool-1_3F:M4:O6:03	29	1.00001e+06	0	538465	773810	2.58813e+06
293T_TFF1_DNA_Pool-1_3F:M7:50:07	33	1.00001e+06	322682	865600	776413	643060
293T_TFF1_DNA_Pool-1_3F:N1:E2:03	26	1.00001e+06	0	635631	642392	137882
293T_TFF1_DNA_Pool-1_3F:N1:Y2:03	40	1.00001e+06	1.19184e+06	765425	806718	42218.1
293T_TFF1_DNA_Pool-1_3F:N5:N8:09	61	1.00001e+06	1.97048e+06	1.02094e+06	840036	831484
293T_TFF1_DNA_Pool-1_3F:N6:X8:04	20	1.00001e+06	1.5821e+06	410096	612406	202998
293T_TFF1_DNA_Pool-1_3F:N9:0O:06	72	1.00001e+06	0	743576	662770	204980
293T_TFF1_DNA_Pool-1_3F:N9:98:10	141	1.00001e+06	0	1.68179e+06	1.48998e+06	734647
293T_TFF1_DNA_Pool-1_3F:N9:F2:07	36	1.00001e+06	218182	775401	695505	738351
293T_TFF1_DNA_Pool-1_3F:N9:Q8:09	105	1.00001e+06	2.12635e+06	1.51894e+06	1.2223e+06	1.07756e+06
293T_TFF1_DNA_Pool-1_3F:O0:26:01	29	1.00001e+06	2.13751e+06	708677	876884	619037
293T_TFF1_DNA_Pool-1_3F:P1:X8:03	30	1.00001e+06	0	438241	27534.7	104455
293T_TFF1_DNA_Pool-1_3F:P2:49:09	29	1.00001e+06	0	951636	813088	439790
293T_TFF1_DNA_Pool-1_3F:P2:T4:03	136	1.00001e+06	1.3879e+06	1.43108e+06	1.02059e+06	450529
293T_TFF1_DNA_Pool-1_3F:P6:P8:11	25	1.00001e+06	800822	932294	840313	663911
293T_TFF1_DNA_Pool-1_3F:Q0:H2:03	34	1.00001e+06	1.76769e+06	631228	622372	197817
293T_TFF1_DNA_Pool-1_3F:Q3:F8:07	101	1.00001e+06	2.01035e+06	1.09923e+06	955794	1.30147e+06
293T_TFF1_DNA_Pool-1_3F:Q4:F3:03	25	1.00001e+06	94213.8	285514	15770.7	147554
293T_TFF1_DNA_Pool-1_3F:Q8:S5:03	21	1.00001e+06	1.72309e+06	771921	818192	598042
293T_TFF1_DNA_Pool-1_3F:Q8:S9:07	479	1.00001e+06	1.63952e+06	2.1697e+06	2.45178e+06	2.70554e+06
293T_TFF1_DNA_Pool-1_3F:R5:84:03	68	1.00001e+06	596051	1.18374e+06	881731	2.36753e+06
293T_TFF1_DNA_Pool-1_3F:R6:77:02	40	1.00001e+06	0	1.15284e+06	790509	544136
293T_TFF1_DNA_Pool-1_3F:S4:P0:07	26	1.00001e+06	2.26118e+06	846898	810673	879475
293T_TFF1_DNA_Pool-1_3F:S7:H0:03	61	1.00001e+06	203132	1.01499e+06	807282	4.31092e+06
293T_TFF1_DNA_Pool-1_3F:S7:K5:09	28	1.00001e+06	0	1.65089e+06	970005	5.39482e+06
293T_TFF1_DNA_Pool-1_3F:S8:13:07	36	1.00001e+06	1.93813e+06	757020	677666	85762.8
293T_TFF1_DNA_Pool-1_3F:S8:Y2:01	1415	1.00001e+06	0	4.06187e+06	1.36999e+07	3.90068e+06
293T_TFF1_DNA_Pool-1_3F:T1:84:07	28	1.00001e+06	1.70534e+06	1.00472e+06	271576	1.60351e+06
293T_TFF1_DNA_Pool-1_3F:V9:J0:07	43	1.00001e+06	542052	908922	790701	110547
293T_TFF1_DNA_Pool-1_3F:W0:30:09	27	1.00001e+06	604220	978377	853254	626405
293T_TFF1_DNA_Pool-1_3F:W4:37:03	135	1.00001e+06	686973	1.21155e+06	742739	850626
293T_TFF1_DNA_Pool-1_3F:W7:J6:01	41	1.00001e+06	331434	709715	773470	112679
293T_TFF1_DNA_Pool-1_3F:W7:O2:12	39	1.00001e+06	244144	1.16522e+06	816560	1.07517e+06
293T_TFF1_DNA_Pool-1_3F:X5:56:04	113	1.00001e+06	0	1.31107e+06	1.15258e+06	738770
293T_TFF1_DNA_Pool-1_3F:X5:G8:09	76	1.00001e+06	0	1.22185e+06	955811	545853
293T_TFF1_DNA_Pool-1_3F:X5:O9:03	131	1.00001e+06	0	1.25298e+06	1.17713e+06	810119
293T_TFF1_DNA_Pool-1_3F:X5:Z6:09	141	1.00001e+06	367687	1.43318e+06	1.15991e+06	677618
293T_TFF1_DNA_Pool-1_3F:X6:49:06	42	1.00001e+06	1.567e+06	464562	691714	1.28993e+06
293T_TFF1_DNA_Pool-1_3F:X6:54:03	107	1.00001e+06	1.6045e+06	916452	823483	1.3857e+06
293T_TFF1_DNA_Pool-1_3F:X6:G4:08	27	1.00001e+06	1.49904e+06	1.6124e+06	840731	4.51868e+06
293T_TFF1_DNA_Pool-1_3F:X9:S9:06	22	1.00001e+06	1.61804e+06	252519	14509.9	198707
293T_TFF1_DNA_Pool-1_3F:Z1:Q8:09	40	1.00001e+06	0	631861	774996	737568
293T_TFF1_DNA_Pool-1_3F:Z2:41:07	34	1.00001e+06	1.65503e+06	439043	813305	0
293T_TFF1_DNA_Pool-1_3F:Z2:45:03	21	1.00001e+06	2.31366e+06	770520	220323	115715
293T_TFF1_DNA_Pool-1_3E:07:N8:02	35	1.00001e+06	0	483165	501791	0
293T_TFF1_DNA_Pool-1_3E:0E:E2:05	774	1.00001e+06	6.66246e+06	2.92236e+06	9.38719e+06	1.78053e+06
293T_TFF1_DNA_Pool-1_3E:0E:I2:10	21	1.00001e+06	1.89932e+06	382891	474451	578873
293T_TFF1_DNA_Pool-1_3E:0H:50:05	53	1.00001e+06	1.24215e+06	1.2894e+06	745117	2.08241e+06
293T_TFF1_DNA_Pool-1_3E:0H:M4:05	108	1.00001e+06	0	1.37628e+06	1.40901e+06	879591
293T_TFF1_DNA_Pool-1_3E:0H:Y6:12	45	1.00001e+06	0	590517	835805	423684
293T_TFF1_DNA_Pool-1_3E:0I:T4:05	53	1.00001e+06	0	627005	739705	322629
293T_TFF1_DNA_Pool-1_3E:0M:54:05	26	1.00001e+06	1.72869e+06	756346	590294	220107
293T_TFF1_DNA_Pool-1_3E:0P:81:05	27	1.00001e+06	0	643279	696564	0
293T_TFF1_DNA_Pool-1_3E:0P:T4:05	42	1.00001e+06	739724	973052	753866	410616
293T_TFF1_DNA_Pool-1_3E:0T:T4:05	38	1.00001e+06	0	984201	866555	700797
293T_TFF1_DNA_Pool-1_3E:0U:F3:05	28	1.00001e+06	1.81855e+06	728490	769706	0
293T_TFF1_DNA_Pool-1_3E:0X:G2:02	195	1.00001e+06	1.54354e+06	1.8518e+06	1.38793e+06	2.12553e+06
293T_TFF1_DNA_Pool-1_3E:0X:H0:12	108	1.00001e+06	0	1.42514e+06	1.35843e+06	3.98444e+06
293T_TFF1_DNA_Pool-1_3E:0X:K5:05	91	1.00001e+06	1.12793e+06	1.17207e+06	832374	475047
293T_TFF1_DNA_Pool-1_3E:0X:N7:01	164	1.00001e+06	0	1.50621e+06	1.41833e+06	983818
293T_TFF1_DNA_Pool-1_3E:0X:X3:02	69	1.00001e+06	0	998459	720530	548110
293T_TFF1_DNA_Pool-1_3E:0Y:78:12	21	1.00001e+06	1.97515e+06	694249	892291	0
293T_TFF1_DNA_Pool-1_3E:0Y:E1:05	145	1.00001e+06	1.49495e+06	1.30437e+06	1.21261e+06	573496
293T_TFF1_DNA_Pool-1_3E:0Y:E1:12	60	1.00001e+06	0	746688	778313	240882
293T_TFF1_DNA_Pool-1_3E:0Y:G1:05	92	1.00001e+06	0	930122	750621	729511
293T_TFF1_DNA_Pool-1_3E:0Y:G9:05	44	1.00001e+06	0	737250	902524	0
293T_TFF1_DNA_Pool-1_3E:0Y:I1:12	34	1.00001e+06	2.14325e+06	871384	654336	130282
293T_TFF1_DNA_Pool-1_3E:0Y:K6:05	22	1.00001e+06	0	1.16653e+06	690755	3.19249e+06
293T_TFF1_DNA_Pool-1_3E:0Y:M0:10	113	1.00001e+06	1.7125e+06	1.49661e+06	1.2243e+06	1.76217e+06
293T_TFF1_DNA_Pool-1_3E:0Y:M4:03	91	1.00001e+06	826220	1.46174e+06	1.10621e+06	1.0374e+06
293T_TFF1_DNA_Pool-1_3E:0Y:T2:05	72	1.00001e+06	1.88651e+06	1.7265e+06	1.37149e+06	622334
293T_TFF1_DNA_Pool-1_3E:0Y:T8:04	43	1.00001e+06	0	713630	754382	974175
293T_TFF1_DNA_Pool-1_3E:11:M4:10	24	1.00001e+06	1.4581e+06	1.60879e+06	752922	8.27579e+06
293T_TFF1_DNA_Pool-1_3E:12:50:05	72	1.00001e+06	1.15802e+06	1.56968e+06	1.24511e+06	1.85505e+06
293T_TFF1_DNA_Pool-1_3E:16:0R:05	29	1.00001e+06	1.13676e+06	1.44537e+06	800065	2.44706e+06
293T_TFF1_DNA_Pool-1_3E:16:Q8:11	34	1.00001e+06	1.60894e+06	1.51904e+06	885446	1.65206e+06
293T_TFF1_DNA_Pool-1_3E:16:Y5:03	22	1.00001e+06	1.07921e+06	374742	713897	0
293T_TFF1_DNA_Pool-1_3E:20:B2:05	25	1.00001e+06	1.61698e+06	228852	8432.16	0
293T_TFF1_DNA_Pool-1_3E:23:J3:05	1281	1.00001e+06	4.19411e+06	3.98565e+06	1.29658e+07	3.54931e+06
293T_TFF1_DNA_Pool-1_3E:23:X0:05	23	1.00001e+06	0	811069	879121	371417
293T_TFF1_DNA_Pool-1_3E:24:X3:02	39	1.00001e+06	0	1.03943e+06	669533	1.97512e+06
293T_TFF1_DNA_Pool-1_3E:35:R0:05	76	1.00001e+06	2.30949e+06	1.16922e+06	837887	1.53326e+06
293T_TFF1_DNA_Pool-1_3E:39:20:10	76	1.00001e+06	0	1.25258e+06	983759	2.7848e+06
293T_TFF1_DNA_Pool-1_3E:39:50:05	81	1.00001e+06	1.50797e+06	1.60269e+06	1.0873e+06	295724
293T_TFF1_DNA_Pool-1_3E:39:98:12	22	NA	1.42774e+06	224795	203903	0
293T_TFF1_DNA_Pool-1_3E:39:C8:05	44	1.00001e+06	0	887209	211649	588165
293T_TFF1_DNA_Pool-1_3E:43:M0:05	20	1.00001e+06	0	788547	675127	303918
293T_TFF1_DNA_Pool-1_3E:47:81:05	29	1.00001e+06	1.59438e+06	500173	814867	0
293T_TFF1_DNA_Pool-1_3E:51:X3:02	22	1.00001e+06	2.03513e+06	674956	779914	1.48958e+06
293T_TFF1_DNA_Pool-1_3E:71:T4:03	28	1.00001e+06	1.4551e+06	1.07597e+06	831466	824474
293T_TFF1_DNA_Pool-1_3E:80:S9:12	46	1.00001e+06	556728	907721	752555	766758
293T_TFF1_DNA_Pool-1_3E:92:G8:05	21	1.00001e+06	1.70301e+06	266029	15797.9	172519
293T_TFF1_DNA_Pool-1_3E:95:26:03	29	1.00001e+06	118378	386701	221134	0
293T_TFF1_DNA_Pool-1_3E:95:76:02	73	1.00001e+06	1.19961e+06	1.56251e+06	809129	642240
293T_TFF1_DNA_Pool-1_3E:95:F2:05	60	1.00001e+06	2.60251e+06	1.21132e+06	985461	1.39054e+06
293T_TFF1_DNA_Pool-1_3E:95:H2:05	87	1.00001e+06	2.09465e+06	1.27821e+06	1.00602e+06	1.21245e+06
293T_TFF1_DNA_Pool-1_3E:95:J6:05	124	1.00001e+06	0	1.73891e+06	1.03078e+06	6.08596e+06
293T_TFF1_DNA_Pool-1_3E:95:L0:10	63	1.00001e+06	1.24126e+06	1.23245e+06	813822	877403
293T_TFF1_DNA_Pool-1_3E:95:X8:09	81	1.00001e+06	2.01278e+06	1.13394e+06	1.27296e+06	2.57914e+06
293T_TFF1_DNA_Pool-1_3E:A3:0O:04	54	1.00001e+06	2.91806e+06	1.32726e+06	875627	1.08547e+06
293T_TFF1_DNA_Pool-1_3E:A4:X8:05	22	1.00001e+06	2.08678e+06	1.02982e+06	811565	350928
293T_TFF1_DNA_Pool-1_3E:A7:L8:01	27	1.00001e+06	1.69645e+06	935019	819527	1.64203e+06
293T_TFF1_DNA_Pool-1_3E:B2:G0:05	30	1.00001e+06	1.44548e+06	777818	714792	507931
293T_TFF1_DNA_Pool-1_3E:B5:G4:03	35	1.00001e+06	300927	1.26922e+06	1.00058e+06	992893
293T_TFF1_DNA_Pool-1_3E:C3:54:05	20	1.00001e+06	901534	754223	658133	598500
293T_TFF1_DNA_Pool-1_3E:C8:08:08	85	1.00001e+06	217064	892029	817541	710300
293T_TFF1_DNA_Pool-1_3E:C8:C9:12	25	1.00001e+06	1.62809e+06	693925	759047	326856
293T_TFF1_DNA_Pool-1_3E:C8:L6:01	86	1.00001e+06	643067	1.15033e+06	1.21796e+06	203700
293T_TFF1_DNA_Pool-1_3E:C8:Q8:05	45	1.00001e+06	0	585105	700659	155007
293T_TFF1_DNA_Pool-1_3E:E3:49:10	28	1.00001e+06	0	458265	779291	580638
293T_TFF1_DNA_Pool-1_3E:E3:G4:05	83	1.00001e+06	0	852720	680163	546617
293T_TFF1_DNA_Pool-1_3E:E3:Q8:01	99	1.00001e+06	0	1.06149e+06	924968	682951
293T_TFF1_DNA_Pool-1_3E:E4:T0:04	66	1.00001e+06	1.73083e+06	682409	811322	0
293T_TFF1_DNA_Pool-1_3E:F1:U5:03	30	1.00001e+06	0	501843	798823	886342
293T_TFF1_DNA_Pool-1_3E:F1:V3:02	323	1.00001e+06	0	2.27832e+06	2.59935e+06	1.83574e+06
293T_TFF1_DNA_Pool-1_3E:F1:V7:10	27	1.00001e+06	0	1.09073e+06	786402	283150
293T_TFF1_DNA_Pool-1_3E:F2:G5:10	32	1.00001e+06	2.18852e+06	723822	769075	296326
293T_TFF1_DNA_Pool-1_3E:F9:I9:05	54	1.00001e+06	515600	1.00906e+06	802886	984871
293T_TFF1_DNA_Pool-1_3E:F9:Q8:12	28	1.00001e+06	197662	681147	882857	714037
293T_TFF1_DNA_Pool-1_3E:G3:K2:05	61	1.00001e+06	455757	1.02158e+06	796794	381706
293T_TFF1_DNA_Pool-1_3E:G4:Y5:03	26	1.00001e+06	0	1.025e+06	887865	1.21605e+06
293T_TFF1_DNA_Pool-1_3E:G8:D2:02	32	1.00001e+06	0	1.03061e+06	1.82856e+06	536307
293T_TFF1_DNA_Pool-1_3E:G8:O6:12	47	1.00001e+06	1.02595e+06	1.10386e+06	820225	997602
293T_TFF1_DNA_Pool-1_3E:H2:06:05	20	1.00001e+06	1.62694e+06	598535	745677	1.4905e+06
293T_TFF1_DNA_Pool-1_3E:H2:L7:12	44	1.00001e+06	1.85525e+06	1.41327e+06	974398	1.08487e+06
293T_TFF1_DNA_Pool-1_3E:H9:97:07	37	1.00001e+06	886885	1.76264e+06	1.17872e+06	149189
293T_TFF1_DNA_Pool-1_3E:H9:J6:05	41	1.00001e+06	1.5933e+06	354410	810398	240868
293T_TFF1_DNA_Pool-1_3E:H9:N7:11	30	1.00001e+06	0	421706	12457.2	0
293T_TFF1_DNA_Pool-1_3E:I3:H6:05	23	1.00001e+06	1.13058e+06	497146	742589	0
293T_TFF1_DNA_Pool-1_3E:I4:54:05	35	1.00001e+06	0	920661	807479	186822
293T_TFF1_DNA_Pool-1_3E:I4:E1:03	34	1.00001e+06	2.40152e+06	985777	722097	447619
293T_TFF1_DNA_Pool-1_3E:I4:Q8:05	37	1.00001e+06	3.163e+06	1.57714e+06	897107	136170
293T_TFF1_DNA_Pool-1_3E:I8:I0:05	27	1.00001e+06	1.30042e+06	580399	702910	576819
293T_TFF1_DNA_Pool-1_3E:J1:41:07	113	1.00001e+06	0	1.06788e+06	2.15839e+06	642783
293T_TFF1_DNA_Pool-1_3E:J1:E6:05	216	1.00001e+06	2.62994e+06	1.87372e+06	1.49752e+06	1.2392e+06
293T_TFF1_DNA_Pool-1_3E:J1:F2:12	29	1.00001e+06	2.5304e+06	604797	211616	2.17322e+06
293T_TFF1_DNA_Pool-1_3E:J1:M4:05	230	1.00001e+06	1.18868e+06	1.72748e+06	1.69357e+06	919864
293T_TFF1_DNA_Pool-1_3E:J1:Q0:12	30	1.00001e+06	1.60572e+06	546490	602707	4.0894e+06
293T_TFF1_DNA_Pool-1_3E:J1:Y5:12	53	1.00001e+06	0	1.27311e+06	756981	871161
293T_TFF1_DNA_Pool-1_3E:J6:F3:07	30	1.00001e+06	1.66173e+06	536760	27678.8	1.98269e+06
293T_TFF1_DNA_Pool-1_3E:J6:K2:12	33	1.00001e+06	2.0559e+06	715811	804318	329636
293T_TFF1_DNA_Pool-1_3E:K7:B6:12	20	1.00001e+06	0	631473	19215	0
293T_TFF1_DNA_Pool-1_3E:K8:66:05	25	1.00001e+06	118341	932583	18513.2	1.88529e+06
293T_TFF1_DNA_Pool-1_3E:L1:M0:01	54	1.00001e+06	203840	673148	878708	211902
293T_TFF1_DNA_Pool-1_3E:L9:A4:04	43	1.00001e+06	116097	759622	829875	690793
293T_TFF1_DNA_Pool-1_3E:M4:B8:01	29	1.00001e+06	2.20104e+06	854597	924097	971672
293T_TFF1_DNA_Pool-1_3E:M4:H6:05	36	1.00001e+06	0	1.20396e+06	771293	4.25669e+06
293T_TFF1_DNA_Pool-1_3E:M4:N0:02	104	1.00001e+06	1.19059e+06	892810	761316	814566
293T_TFF1_DNA_Pool-1_3E:M4:X3:02	26	1.00001e+06	0	692868	786511	136257
293T_TFF1_DNA_Pool-1_3E:M4:Y2:10	135	1.00001e+06	1.13144e+06	1.31708e+06	818772	1.57988e+06
293T_TFF1_DNA_Pool-1_3E:N9:0O:06	57	1.00001e+06	0	692307	759607	1.07962e+06
293T_TFF1_DNA_Pool-1_3E:N9:34:10	39	1.00001e+06	0	572682	760433	5.66852e+06
293T_TFF1_DNA_Pool-1_3E:N9:O1:05	78	1.00001e+06	0	1.21099e+06	742093	810910
293T_TFF1_DNA_Pool-1_3E:O0:U5:05	31	1.00001e+06	2.91251e+06	1.3181e+06	989276	1.25192e+06
293T_TFF1_DNA_Pool-1_3E:O3:Q8:01	65	1.00001e+06	2.37879e+06	923769	937482	213814
293T_TFF1_DNA_Pool-1_3E:O7:J4:05	32	1.00001e+06	0	444271	691803	66931.5
293T_TFF1_DNA_Pool-1_3E:P1:0J:05	22	1.00001e+06	1.47814e+06	694596	521665	1.06709e+06
293T_TFF1_DNA_Pool-1_3E:P1:Y2:01	60	1.00001e+06	664913	851134	803056	1.17229e+06
293T_TFF1_DNA_Pool-1_3E:P2:N3:05	652	1.00001e+06	0	2.69197e+06	7.41763e+06	1.59878e+06
293T_TFF1_DNA_Pool-1_3E:P2:O1:09	31	1.00001e+06	532767	1.46262e+06	2.45889e+06	1.0458e+06
293T_TFF1_DNA_Pool-1_3E:P6:C8:05	36	1.00001e+06	0	937050	1.04355e+06	5.07962e+06
293T_TFF1_DNA_Pool-1_3E:P6:U5:04	27	1.00001e+06	0	788523	809381	479460
293T_TFF1_DNA_Pool-1_3E:P6:Y5:03	23	1.00001e+06	1.698e+06	707171	780299	0
293T_TFF1_DNA_Pool-1_3E:P9:G4:03	22	1.00001e+06	439702	518600	766092	129899
293T_TFF1_DNA_Pool-1_3E:Q0:H8:01	38	1.00001e+06	1.59907e+06	650691	813821	157371
293T_TFF1_DNA_Pool-1_3E:Q0:X8:05	24	1.00001e+06	212560	438845	743550	1.07083e+06
293T_TFF1_DNA_Pool-1_3E:Q8:41:07	34	1.00001e+06	0	723273	800450	294873
293T_TFF1_DNA_Pool-1_3E:R2:J6:05	25	1.00001e+06	0	469079	761598	240166
293T_TFF1_DNA_Pool-1_3E:R5:50:05	63	1.00001e+06	2.19659e+06	654399	845743	395741
293T_TFF1_DNA_Pool-1_3E:S3:94:05	25	NA	1.73889e+06	216626	598483	0
293T_TFF1_DNA_Pool-1_3E:S4:34:05	24	1.00001e+06	372080	867148	830514	522561
293T_TFF1_DNA_Pool-1_3E:S4:E1:05	30	1.00001e+06	0	922640	811503	441751
293T_TFF1_DNA_Pool-1_3E:S7:94:05	85	1.00001e+06	0	1.13191e+06	878306	474015
293T_TFF1_DNA_Pool-1_3E:S8:H0:05	55	1.00001e+06	0	755581	688315	893763
293T_TFF1_DNA_Pool-1_3E:S8:I1:12	22	1.00001e+06	2.18893e+06	988157	222440	882128
293T_TFF1_DNA_Pool-1_3E:S8:L3:05	26	1.00001e+06	0	941888	566395	780604
293T_TFF1_DNA_Pool-1_3E:S8:X3:02	39	1.00001e+06	1.81413e+06	782718	745519	1.47935e+06
293T_TFF1_DNA_Pool-1_3E:T6:N4:05	59	1.00001e+06	960793	2.08337e+06	816687	2.21974e+06
293T_TFF1_DNA_Pool-1_3E:U3:C8:05	35	1.00001e+06	1.62764e+06	461568	642527	92956.4
293T_TFF1_DNA_Pool-1_3E:U3:F3:05	28	1.00001e+06	1.70052e+06	493443	719879	984489
293T_TFF1_DNA_Pool-1_3E:U4:G0:05	39	1.00001e+06	646300	599750	839372	730067
293T_TFF1_DNA_Pool-1_3E:U4:Q8:01	60	1.00001e+06	2.61271e+06	925540	840180	432850
293T_TFF1_DNA_Pool-1_3E:U7:Q8:09	47	1.00001e+06	216713	702806	777823	588196
293T_TFF1_DNA_Pool-1_3E:U8:H8:05	23	1.00001e+06	1.98171e+06	722812	747509	0
293T_TFF1_DNA_Pool-1_3E:V1:Q5:01	23	1.00001e+06	1.44815e+06	686762	687961	125782
293T_TFF1_DNA_Pool-1_3E:V9:D0:05	515	1.00001e+06	1.87592e+06	2.26143e+06	5.70827e+06	1.56086e+06
293T_TFF1_DNA_Pool-1_3E:W0:K0:01	21	1.00001e+06	1.63614e+06	473170	15509.1	444231
293T_TFF1_DNA_Pool-1_3E:W8:93:10	23	1.00001e+06	0	558377	652582	0
293T_TFF1_DNA_Pool-1_3E:X2:T2:01	24	1.00001e+06	0	649061	775402	654551
293T_TFF1_DNA_Pool-1_3E:X5:76:03	245	1.00001e+06	844238	1.9057e+06	2.62439e+06	1.99446e+06
293T_TFF1_DNA_Pool-1_3E:X5:K1:05	86	1.00001e+06	548703	1.38068e+06	1.10846e+06	675361
293T_TFF1_DNA_Pool-1_3E:X5:U5:04	115	1.00001e+06	2.65178e+06	1.23483e+06	864105	1.7212e+06
293T_TFF1_DNA_Pool-1_3E:X5:X0:10	51	1.00001e+06	0	1.72732e+06	4.29869e+06	264325
293T_TFF1_DNA_Pool-1_3E:X5:Z0:10	41	1.00001e+06	1.69634e+06	804472	734692	218882
293T_TFF1_DNA_Pool-1_3E:X6:T0:12	31	1.00001e+06	1.31921e+06	475314	688151	345393
293T_TFF1_DNA_Pool-1_3E:X6:Y5:03	23	1.00001e+06	0	1.3592e+06	765341	527622
293T_TFF1_DNA_Pool-1_3E:X9:E2:12	790	1.00001e+06	9.14951e+06	3.20588e+06	1.23916e+07	2.99843e+06
293T_TFF1_DNA_Pool-1_3E:X9:S5:03	25	1.00001e+06	113841	347378	821898	514250
293T_TFF1_DNA_Pool-1_3E:Z5:M0:05	31	1.00001e+06	655915	655361	259633	171145
293T_TFF1_DNA_Pool-1_3D:08:0J:09	26	1.00001e+06	0	954305	875793	464057
293T_TFF1_DNA_Pool-1_3D:0A:33:03	20	1.00001e+06	0	968724	600357	2.62442e+06
293T_TFF1_DNA_Pool-1_3D:0A:Q8:03	25	1.00001e+06	1.90903e+06	848945	822809	3.30224e+06
293T_TFF1_DNA_Pool-1_3D:0E:Y1:11	31	1.00001e+06	0	432463	730032	344834
293T_TFF1_DNA_Pool-1_3D:0H:N8:03	24	1.00001e+06	0	932297	762286	1.80992e+06
293T_TFF1_DNA_Pool-1_3D:0P:0N:04	20	1.00001e+06	0	367001	799997	0
293T_TFF1_DNA_Pool-1_3D:0P:T0:03	36	1.00001e+06	0	716188	796575	608404
293T_TFF1_DNA_Pool-1_3D:0U:J0:07	28	1.00001e+06	0	661733	766513	0
293T_TFF1_DNA_Pool-1_3D:0X:A6:07	52	1.00001e+06	646177	990718	903992	0
293T_TFF1_DNA_Pool-1_3D:0X:M4:12	35	1.00001e+06	2.08307e+06	898033	918222	704740
293T_TFF1_DNA_Pool-1_3D:0X:Q0:10	51	1.00001e+06	0	849426	809677	1.90926e+06
293T_TFF1_DNA_Pool-1_3D:0X:T4:03	160	1.00001e+06	2.68174e+06	1.68246e+06	1.04062e+06	981412
293T_TFF1_DNA_Pool-1_3D:0X:X3:02	185	1.00001e+06	0	1.56179e+06	1.05092e+06	793877
293T_TFF1_DNA_Pool-1_3D:0Y:02:03	67	1.00001e+06	1.84102e+06	721691	981989	389808
293T_TFF1_DNA_Pool-1_3D:0Y:0N:04	101	1.00001e+06	0	1.52819e+06	4.62366e+06	4.05138e+06
293T_TFF1_DNA_Pool-1_3D:0Y:72:03	42	1.00001e+06	407965	874658	922150	1.81588e+06
293T_TFF1_DNA_Pool-1_3D:0Y:A2:12	21	1.00001e+06	0	450316	656005	492339
293T_TFF1_DNA_Pool-1_3D:0Y:N8:03	92	1.00001e+06	2.28681e+06	1.6189e+06	953442	4.52221e+06
293T_TFF1_DNA_Pool-1_3D:0Y:T2:05	65	1.00001e+06	2.03667e+06	912211	674825	311102
293T_TFF1_DNA_Pool-1_3D:24:Y1:01	25	1.00001e+06	1.68987e+06	670066	826296	767346
293T_TFF1_DNA_Pool-1_3D:27:X3:02	29	1.00001e+06	0	770658	758728	231555
293T_TFF1_DNA_Pool-1_3D:36:O5:03	28	1.00001e+06	1.35841e+06	270667	757893	0
293T_TFF1_DNA_Pool-1_3D:47:24:11	88	1.00001e+06	0	956466	706437	231649
293T_TFF1_DNA_Pool-1_3D:47:32:12	20	1.00001e+06	1.60446e+06	418805	31063.8	1.14963e+06
293T_TFF1_DNA_Pool-1_3D:47:M8:03	27	1.00001e+06	0	763418	672349	521831
293T_TFF1_DNA_Pool-1_3D:51:98:12	21	1.00001e+06	1.79995e+06	698297	596601	614444
293T_TFF1_DNA_Pool-1_3D:51:Y6:03	31	1.00001e+06	0	816373	571215	214845
293T_TFF1_DNA_Pool-1_3D:72:X7:03	28	1.00001e+06	0	664848	779208	1.52021e+06
293T_TFF1_DNA_Pool-1_3D:72:X8:10	32	1.00001e+06	1.03776e+06	1.71035e+06	981804	2.52682e+06
293T_TFF1_DNA_Pool-1_3D:87:H0:11	563	1.00001e+06	2.54124e+06	3.07515e+06	6.40662e+06	3.30846e+06
293T_TFF1_DNA_Pool-1_3D:91:F3:03	21	1.00001e+06	1.4609e+06	1.01781e+06	591438	717069
293T_TFF1_DNA_Pool-1_3D:91:T4:11	20	1.00001e+06	436441	345455	12059.9	43609.8
293T_TFF1_DNA_Pool-1_3D:95:0N:04	22	1.00001e+06	116699	456964	463597	4.46587e+06
293T_TFF1_DNA_Pool-1_3D:95:J6:03	62	1.00001e+06	1.4256e+06	696883	857269	1.97699e+06
293T_TFF1_DNA_Pool-1_3D:95:P0:10	49	1.00001e+06	0	974300	738758	427252
293T_TFF1_DNA_Pool-1_3D:A4:90:03	26	1.00001e+06	1.60318e+06	513554	516513	0
293T_TFF1_DNA_Pool-1_3D:B5:0J:03	38	1.00001e+06	0	560489	638812	673284
293T_TFF1_DNA_Pool-1_3D:C8:F3:03	42	1.00001e+06	1.82678e+06	1.02059e+06	862648	545152
293T_TFF1_DNA_Pool-1_3D:D1:B3:03	22	1.00001e+06	0	1.72197e+06	725847	0
293T_TFF1_DNA_Pool-1_3D:E3:E8:03	101	1.00001e+06	0	1.00745e+06	864553	76281.1
293T_TFF1_DNA_Pool-1_3D:E3:N7:03	190	1.00001e+06	607454	1.82795e+06	3.31016e+06	1.71007e+06
293T_TFF1_DNA_Pool-1_3D:F1:T8:03	28	1.00001e+06	2.10603e+06	472079	597637	560093
293T_TFF1_DNA_Pool-1_3D:F2:L6:03	25	1.00001e+06	2.28646e+06	913588	753087	307997
293T_TFF1_DNA_Pool-1_3D:G3:H8:05	22	1.00001e+06	160611	501888	716009	504198
293T_TFF1_DNA_Pool-1_3D:G3:J0:02	55	1.00001e+06	0	799962	677228	184433
293T_TFF1_DNA_Pool-1_3D:G4:49:10	29	1.00001e+06	2.0929e+06	834912	833433	836692
293T_TFF1_DNA_Pool-1_3D:G7:02:12	50	1.00001e+06	789759	862228	934798	438846
293T_TFF1_DNA_Pool-1_3D:G8:J0:03	21	1.00001e+06	0	896570	539424	2.57178e+06
293T_TFF1_DNA_Pool-1_3D:H1:P3:07	20	1.00001e+06	118355	440963	741197	0
293T_TFF1_DNA_Pool-1_3D:H2:54:03	62	1.00001e+06	983433	1.3538e+06	875050	3.21322e+06
293T_TFF1_DNA_Pool-1_3D:J1:0N:04	20	1.00001e+06	1.65899e+06	440740	502456	741080
293T_TFF1_DNA_Pool-1_3D:J1:20:03	38	1.00001e+06	1.80209e+06	1.98225e+06	740468	1.01248e+06
293T_TFF1_DNA_Pool-1_3D:K3:98:12	26	1.00001e+06	2.98523e+06	2.53938e+06	596806	286525
293T_TFF1_DNA_Pool-1_3D:M7:T0:03	29	1.00001e+06	0	888531	861932	445799
293T_TFF1_DNA_Pool-1_3D:N9:0I:10	23	1.00001e+06	1.94059e+06	694330	768313	1.16542e+06
293T_TFF1_DNA_Pool-1_3D:N9:0N:04	26	1.00001e+06	0	560037	720232	0
293T_TFF1_DNA_Pool-1_3D:N9:G0:07	43	1.00001e+06	0	874042	773790	0
293T_TFF1_DNA_Pool-1_3D:N9:M1:01	82	1.00001e+06	1.27213e+06	961143	830428	3.45731e+06
293T_TFF1_DNA_Pool-1_3D:N9:X0:03	35	1.00001e+06	0	527939	579584	637383
293T_TFF1_DNA_Pool-1_3D:N9:X0:12	28	1.00001e+06	1.54989e+06	836412	818716	408200
293T_TFF1_DNA_Pool-1_3D:O0:T8:02	30	1.00001e+06	1.7291e+06	648302	780355	1.16758e+06
293T_TFF1_DNA_Pool-1_3D:Q0:H2:03	37	1.00001e+06	950104	770925	770237	0
293T_TFF1_DNA_Pool-1_3D:Q4:0R:03	29	1.00001e+06	1.59895e+06	302304	179214	673130
293T_TFF1_DNA_Pool-1_3D:R1:A6:01	55	1.00001e+06	0	1.03818e+06	810426	1.06885e+06
293T_TFF1_DNA_Pool-1_3D:R1:H6:12	41	1.00001e+06	216429	937028	730363	564623
293T_TFF1_DNA_Pool-1_3D:R2:0B:03	29	1.00001e+06	1.86141e+06	550760	778495	1.21546e+06
293T_TFF1_DNA_Pool-1_3D:R9:X8:03	35	1.00001e+06	169886	416423	682652	0
293T_TFF1_DNA_Pool-1_3D:S7:E1:04	67	1.00001e+06	0	1.85649e+06	1.62625e+06	741682
293T_TFF1_DNA_Pool-1_3D:S7:Z3:11	40	1.00001e+06	1.63549e+06	513330	689884	0
293T_TFF1_DNA_Pool-1_3D:S8:0F:01	46	1.00001e+06	0	1.02529e+06	829334	385711
293T_TFF1_DNA_Pool-1_3D:S8:H7:03	43	1.00001e+06	0	822801	750567	2.4106e+06
293T_TFF1_DNA_Pool-1_3D:S8:T4:12	32	1.00001e+06	0	1.41541e+06	868503	3.59959e+06
293T_TFF1_DNA_Pool-1_3D:S8:X3:02	139	1.00001e+06	0	1.66119e+06	926250	1.98371e+06
293T_TFF1_DNA_Pool-1_3D:U3:X8:12	49	1.00001e+06	1.9133e+06	577127	731623	939255
293T_TFF1_DNA_Pool-1_3D:U7:0V:03	128	1.00001e+06	0	1.95716e+06	1.25407e+06	3.45992e+06
293T_TFF1_DNA_Pool-1_3D:U7:J0:07	29	1.00001e+06	1.35961e+06	639265	779543	763163
293T_TFF1_DNA_Pool-1_3D:V2:M1:01	24	1.00001e+06	1.34198e+06	498195	843865	0
293T_TFF1_DNA_Pool-1_3D:W0:54:11	114	1.00001e+06	1.96489e+06	1.52451e+06	1.03722e+06	3.54638e+06
293T_TFF1_DNA_Pool-1_3D:X5:0N:04	58	1.00001e+06	1.38013e+06	1.30237e+06	953004	336471
293T_TFF1_DNA_Pool-1_3D:X5:18:09	66	1.00001e+06	1.62813e+06	637663	776129	153502
293T_TFF1_DNA_Pool-1_3D:X5:D2:03	64	1.00001e+06	1.56621e+06	1.51347e+06	792704	2.24394e+06
293T_TFF1_DNA_Pool-1_3D:X5:H8:05	122	1.00001e+06	1.82721e+06	1.36397e+06	1.01611e+06	989535
293T_TFF1_DNA_Pool-1_3D:X5:N4:03	27	1.00001e+06	0	542006	787338	149370
293T_TFF1_DNA_Pool-1_3D:X6:B2:04	295	1.00001e+06	0	2.4031e+06	1.75468e+06	1.61557e+06
293T_TFF1_DNA_Pool-1_3D:X6:G8:03	39	1.00001e+06	1.99276e+06	1.38329e+06	1.10042e+06	4.55686e+06
293T_TFF1_DNA_Pool-1_3D:Y0:L4:07	20	1.00001e+06	0	488784	706433	565742
293T_TFF1_DNA_Pool-1_3C:04:A4:07	1176	1.00001e+06	1.40492e+07	4.20121e+06	1.33094e+07	2.51752e+06
293T_TFF1_DNA_Pool-1_3C:08:P0:02	20	1.00001e+06	1.59208e+06	586132	756490	333689
293T_TFF1_DNA_Pool-1_3C:0D:G2:02	20	1.00001e+06	0	689917	686804	62575.6
293T_TFF1_DNA_Pool-1_3C:0H:X8:01	162	1.00001e+06	0	1.44533e+06	969455	1.11855e+06
293T_TFF1_DNA_Pool-1_3C:0P:41:02	76	1.00001e+06	0	913226	884211	1.10172e+06
293T_TFF1_DNA_Pool-1_3C:0P:J3:02	84	1.00001e+06	2.20453e+06	1.34329e+06	1.21283e+06	1.11099e+06
293T_TFF1_DNA_Pool-1_3C:0Q:W2:02	25	1.00001e+06	1.71494e+06	485571	744553	199202
293T_TFF1_DNA_Pool-1_3C:0T:M8:02	167	1.00001e+06	635706	1.94006e+06	1.37629e+06	1.57749e+06
293T_TFF1_DNA_Pool-1_3C:0X:61:12	61	1.00001e+06	0	1.31903e+06	1.11908e+06	459131
293T_TFF1_DNA_Pool-1_3C:0X:81:10	45	1.00001e+06	1.07403e+06	952214	823753	3.89271e+06
293T_TFF1_DNA_Pool-1_3C:0X:A4:02	89	1.00001e+06	1.91182e+06	1.26874e+06	1.11648e+06	506974
293T_TFF1_DNA_Pool-1_3C:0X:D4:09	35	1.00001e+06	1.54378e+06	422049	575513	0
293T_TFF1_DNA_Pool-1_3C:0X:F3:04	45	1.00001e+06	0	679944	691863	264886
293T_TFF1_DNA_Pool-1_3C:0X:G0:01	132	1.00001e+06	2.45481e+06	1.07347e+06	1.80764e+06	2.77161e+06
293T_TFF1_DNA_Pool-1_3C:0X:N7:01	900	1.00001e+06	4.16682e+06	3.85704e+06	1.17855e+07	2.13565e+06
293T_TFF1_DNA_Pool-1_3C:0X:V7:02	35	1.00001e+06	0	817896	877659	1.65951e+06
293T_TFF1_DNA_Pool-1_3C:0Y:0A:04	27	1.00001e+06	0	992160	712366	0
293T_TFF1_DNA_Pool-1_3C:0Y:93:03	34	1.00001e+06	2.02597e+06	630746	780531	217839
293T_TFF1_DNA_Pool-1_3C:0Y:H0:05	25	1.00001e+06	0	472688	725839	408932
293T_TFF1_DNA_Pool-1_3C:0Y:I2:04	78	1.00001e+06	1.06632e+06	1.13833e+06	779175	1.18626e+06
293T_TFF1_DNA_Pool-1_3C:0Y:O9:05	28	1.00001e+06	0	790749	677455	4.81456e+06
293T_TFF1_DNA_Pool-1_3C:0Y:T2:05	521	1.00001e+06	3.34776e+06	2.66823e+06	5.3851e+06	1.29118e+06
293T_TFF1_DNA_Pool-1_3C:35:D4:02	75	1.00001e+06	187715	649952	674153	82255.1
293T_TFF1_DNA_Pool-1_3C:36:50:02	24	1.00001e+06	0	592141	807642	581378
293T_TFF1_DNA_Pool-1_3C:39:N8:02	50	1.00001e+06	0	771005	867298	951299
293T_TFF1_DNA_Pool-1_3C:47:C4:05	26	1.00001e+06	1.55523e+06	512951	696100	1.82019e+06
293T_TFF1_DNA_Pool-1_3C:47:K4:04	36	1.00001e+06	0	668441	641351	134121
293T_TFF1_DNA_Pool-1_3C:56:78:05	37	1.00001e+06	683964	438307	637210	216126
293T_TFF1_DNA_Pool-1_3C:60:B2:06	23	1.00001e+06	1.12857e+06	806834	518760	481427
293T_TFF1_DNA_Pool-1_3C:60:E2:01	35	1.00001e+06	0	575188	825551	368658
293T_TFF1_DNA_Pool-1_3C:68:E2:01	32	1.00001e+06	1.62453e+06	510339	676842	70248.9
293T_TFF1_DNA_Pool-1_3C:71:46:04	72	1.00001e+06	1.11668e+06	869356	870437	949166
293T_TFF1_DNA_Pool-1_3C:71:M0:01	32	1.00001e+06	170377	749146	781195	384000
293T_TFF1_DNA_Pool-1_3C:72:H8:05	45	1.00001e+06	1.67384e+06	1.18811e+06	707245	2.38391e+06
293T_TFF1_DNA_Pool-1_3C:76:T0:04	21	1.00001e+06	0	516270	605735	3.21049e+06
293T_TFF1_DNA_Pool-1_3C:79:J3:01	59	1.00001e+06	2.31042e+06	705793	718871	238415
293T_TFF1_DNA_Pool-1_3C:80:K1:05	33	1.00001e+06	1.20306e+06	920506	740164	319512
293T_TFF1_DNA_Pool-1_3C:80:T0:05	27	1.00001e+06	1.17066e+06	1.0211e+06	777756	640543
293T_TFF1_DNA_Pool-1_3C:83:H4:01	49	1.00001e+06	1.80014e+06	420238	751233	0
293T_TFF1_DNA_Pool-1_3C:87:54:05	60	1.00001e+06	762942	1.43099e+06	766741	5.85606e+06
293T_TFF1_DNA_Pool-1_3C:95:G8:05	41	1.00001e+06	1.59276e+06	634723	762913	211591
293T_TFF1_DNA_Pool-1_3C:95:X8:01	141	1.00001e+06	0	2.0241e+06	1.16669e+06	1.81226e+06
293T_TFF1_DNA_Pool-1_3C:95:Y1:05	35	1.00001e+06	216305	768974	778357	1.10049e+06
293T_TFF1_DNA_Pool-1_3C:96:L6:01	23	1.00001e+06	1.76815e+06	909642	215963	803826
293T_TFF1_DNA_Pool-1_3C:99:X3:07	36	1.00001e+06	1.13177e+06	1.07597e+06	482457	254730
293T_TFF1_DNA_Pool-1_3C:A0:A6:05	78	1.00001e+06	872346	2.10426e+06	918416	3.79073e+06
293T_TFF1_DNA_Pool-1_3C:A3:A0:02	20	1.00001e+06	1.58252e+06	216909	22670	0
293T_TFF1_DNA_Pool-1_3C:A4:E1:09	32	1.00001e+06	1.74003e+06	544271	769203	755427
293T_TFF1_DNA_Pool-1_3C:A4:X8:01	35	1.00001e+06	1.8384e+06	810274	852035	407357
293T_TFF1_DNA_Pool-1_3C:B5:97:05	22	1.00001e+06	1.9744e+06	897253	784394	703251
293T_TFF1_DNA_Pool-1_3C:B6:0J:02	23	1.00001e+06	1.96687e+06	876172	795280	2.44161e+06
293T_TFF1_DNA_Pool-1_3C:C0:L6:05	20	1.00001e+06	1.65377e+06	2.63025e+06	1.11223e+06	4.36874e+06
293T_TFF1_DNA_Pool-1_3C:C3:90:02	27	1.00001e+06	1.63347e+06	524144	36240.9	0
293T_TFF1_DNA_Pool-1_3C:C8:56:04	38	1.00001e+06	1.34618e+06	370628	215054	187606
293T_TFF1_DNA_Pool-1_3C:C8:D2:01	98	1.00001e+06	1.02135e+06	1.28305e+06	1.24388e+06	659931
293T_TFF1_DNA_Pool-1_3C:C8:E2:09	39	1.00001e+06	169863	750209	784117	618815
293T_TFF1_DNA_Pool-1_3C:C8:X8:02	30	1.00001e+06	299710	310659	21109.5	157906
293T_TFF1_DNA_Pool-1_3C:D5:A6:02	25	1.00001e+06	0	1.20306e+06	856876	1.29692e+06
293T_TFF1_DNA_Pool-1_3C:D6:A2:09	32	1.00001e+06	0	1.48332e+06	639326	2.55328e+06
293T_TFF1_DNA_Pool-1_3C:E3:08:02	68	1.00001e+06	1.66865e+06	1.41349e+06	890945	405175
293T_TFF1_DNA_Pool-1_3C:E3:0A:04	24	1.00001e+06	1.44392e+06	1.33054e+06	864203	2.54005e+06
293T_TFF1_DNA_Pool-1_3C:E3:28:05	39	1.00001e+06	0	633875	763885	142910
293T_TFF1_DNA_Pool-1_3C:E3:84:05	172	1.00001e+06	0	1.78446e+06	1.72149e+06	2.66063e+06
293T_TFF1_DNA_Pool-1_3C:E3:D4:01	44	1.00001e+06	0	529095	842941	294593
293T_TFF1_DNA_Pool-1_3C:E3:E6:03	88	1.00001e+06	739266	1.18546e+06	774677	1.10051e+06
293T_TFF1_DNA_Pool-1_3C:E3:L4:10	24	1.00001e+06	0	648232	756929	1.80086e+06
293T_TFF1_DNA_Pool-1_3C:E3:M1:05	25	1.00001e+06	377075	427548	765802	154598
293T_TFF1_DNA_Pool-1_3C:E7:Q8:05	35	1.00001e+06	1.62279e+06	492299	826365	125996
293T_TFF1_DNA_Pool-1_3C:F1:E1:03	45	1.00001e+06	0	809687	754336	199775
293T_TFF1_DNA_Pool-1_3C:F2:N8:02	27	1.00001e+06	1.45272e+06	1.11834e+06	867205	1.51225e+06
293T_TFF1_DNA_Pool-1_3C:F7:B2:06	36	1.00001e+06	0	1.18177e+06	757600	2.61333e+06
293T_TFF1_DNA_Pool-1_3C:F7:G4:01	43	1.00001e+06	0	900254	1.14348e+06	2.52668e+06
293T_TFF1_DNA_Pool-1_3C:F9:J4:05	84	1.00001e+06	2.22499e+06	1.7238e+06	1.29466e+06	1.36528e+06
293T_TFF1_DNA_Pool-1_3C:G3:F8:02	40	1.00001e+06	2.19626e+06	476289	845765	891866
293T_TFF1_DNA_Pool-1_3C:G4:B2:06	27	1.00001e+06	2.32411e+06	1.03414e+06	761672	627914
293T_TFF1_DNA_Pool-1_3C:G8:G4:05	23	1.00001e+06	1.60865e+06	581335	767316	0
293T_TFF1_DNA_Pool-1_3C:G8:Q0:01	47	1.00001e+06	1.37088e+06	601113	868352	199347
293T_TFF1_DNA_Pool-1_3C:G8:Q8:05	22	1.00001e+06	0	596710	24145.2	0
293T_TFF1_DNA_Pool-1_3C:H1:O6:05	37	1.00001e+06	1.60237e+06	758187	756776	648478
293T_TFF1_DNA_Pool-1_3C:H2:F8:05	21	NA	1.69511e+06	314936	537834	0
293T_TFF1_DNA_Pool-1_3C:I0:T4:01	26	1.00001e+06	207637	837151	746870	666573
293T_TFF1_DNA_Pool-1_3C:I0:T7:01	60	1.00001e+06	0	781119	838973	332088
293T_TFF1_DNA_Pool-1_3C:J1:34:01	74	1.00001e+06	1.2313e+06	1.00444e+06	823542	771278
293T_TFF1_DNA_Pool-1_3C:J1:80:02	54	1.00001e+06	0	624072	871860	73760.6
293T_TFF1_DNA_Pool-1_3C:J1:94:04	49	1.00001e+06	0	1.19575e+06	562738	2.69114e+06
293T_TFF1_DNA_Pool-1_3C:J1:P0:05	110	1.00001e+06	0	1.44331e+06	781066	1.53959e+06
293T_TFF1_DNA_Pool-1_3C:J1:P4:04	32	1.00001e+06	1.18366e+06	457545	846533	1.26026e+06
293T_TFF1_DNA_Pool-1_3C:J1:Q4:01	60	1.00001e+06	735311	1.58816e+06	970992	3.87968e+06
293T_TFF1_DNA_Pool-1_3C:J1:T0:05	96	1.00001e+06	824359	1.19323e+06	863008	2.77585e+06
293T_TFF1_DNA_Pool-1_3C:J1:X8:05	98	1.00001e+06	731912	1.44388e+06	920235	851557
293T_TFF1_DNA_Pool-1_3C:J2:B2:06	36	1.00001e+06	2.30458e+06	1.13094e+06	763104	270862
293T_TFF1_DNA_Pool-1_3C:J2:W1:07	42	1.00001e+06	1.36141e+06	996312	1.13901e+06	1.03245e+06
293T_TFF1_DNA_Pool-1_3C:K4:78:01	1832	1.00001e+06	2.06447e+07	5.08363e+06	9.85149e+06	4.01473e+06
293T_TFF1_DNA_Pool-1_3C:K4:S5:01	35	1.00001e+06	2.31401e+06	1.13127e+06	810651	3.61364e+06
293T_TFF1_DNA_Pool-1_3C:K7:K2:03	20	1.00001e+06	1.92679e+06	2.73246e+06	1.03785e+06	4.53169e+06
293T_TFF1_DNA_Pool-1_3C:L1:54:04	83	1.00001e+06	565114	979029	732565	466720
293T_TFF1_DNA_Pool-1_3C:M3:09:05	23	NA	0	267315	649240	576433
293T_TFF1_DNA_Pool-1_3C:M3:X8:01	63	1.00001e+06	0	757881	910678	829012
293T_TFF1_DNA_Pool-1_3C:M3:X8:02	22	1.00001e+06	1.72608e+06	697483	665065	543616
293T_TFF1_DNA_Pool-1_3C:N9:0A:04	34	1.00001e+06	0	1.46855e+06	754210	5.14032e+06
293T_TFF1_DNA_Pool-1_3C:N9:0O:06	20	1.00001e+06	0	407643	830214	0
293T_TFF1_DNA_Pool-1_3C:N9:0W:04	64	1.00001e+06	1.59291e+06	673417	884060	158299
293T_TFF1_DNA_Pool-1_3C:N9:29:02	31	1.00001e+06	1.833e+06	715936	743332	0
293T_TFF1_DNA_Pool-1_3C:N9:34:02	54	1.00001e+06	950273	1.46419e+06	883357	4.22106e+06
293T_TFF1_DNA_Pool-1_3C:N9:56:02	815	1.00001e+06	8.4795e+06	3.9298e+06	1.19781e+07	4.77108e+06
293T_TFF1_DNA_Pool-1_3C:N9:76:05	47	1.00001e+06	0	1.56985e+06	931268	578439
293T_TFF1_DNA_Pool-1_3C:N9:G8:04	29	1.00001e+06	160942	488461	204918	0
293T_TFF1_DNA_Pool-1_3C:N9:H0:01	108	1.00001e+06	0	1.25203e+06	1.02269e+06	1.2201e+06
293T_TFF1_DNA_Pool-1_3C:N9:K2:01	123	1.00001e+06	0	1.82596e+06	2.32624e+06	1.38375e+06
293T_TFF1_DNA_Pool-1_3C:N9:R7:01	71	1.00001e+06	2.09815e+06	878536	968360	296962
293T_TFF1_DNA_Pool-1_3C:N9:X8:05	69	1.00001e+06	1.59645e+06	1.11183e+06	741057	641582
293T_TFF1_DNA_Pool-1_3C:O0:14:04	21	1.00001e+06	0	764577	755433	187032
293T_TFF1_DNA_Pool-1_3C:O7:97:04	41	1.00001e+06	442814	824669	736949	451178
293T_TFF1_DNA_Pool-1_3C:O8:E2:05	22	1.00001e+06	1.35881e+06	565675	743724	155102
293T_TFF1_DNA_Pool-1_3C:P1:B2:01	62	1.00001e+06	1.16619e+06	958595	663565	3.81312e+06
293T_TFF1_DNA_Pool-1_3C:P2:L4:07	20	1.00001e+06	1.60652e+06	431422	18269.1	610040
293T_TFF1_DNA_Pool-1_3C:P5:T0:01	43	1.00001e+06	189057	820752	752590	339665
293T_TFF1_DNA_Pool-1_3C:Q0:T0:05	40	1.00001e+06	0	902711	621855	942982
293T_TFF1_DNA_Pool-1_3C:Q7:P8:09	411	1.00001e+06	1.4926e+06	2.08082e+06	2.36234e+06	2.88538e+06
293T_TFF1_DNA_Pool-1_3C:R1:26:01	25	1.00001e+06	1.87181e+06	522433	896515	514327
293T_TFF1_DNA_Pool-1_3C:R1:O1:08	24	NA	1.60174e+06	179401	8084.86	256834
293T_TFF1_DNA_Pool-1_3C:R1:O5:05	29	1.00001e+06	748877	807002	753202	505476
293T_TFF1_DNA_Pool-1_3C:R1:Y6:01	70	1.00001e+06	929192	869021	752253	602642
293T_TFF1_DNA_Pool-1_3C:R2:Q8:05	22	1.00001e+06	1.79657e+06	344101	741890	0
293T_TFF1_DNA_Pool-1_3C:R5:46:06	20	1.00001e+06	197858	775464	187633	0
293T_TFF1_DNA_Pool-1_3C:R6:F3:01	36	1.00001e+06	2.04832e+06	1.00943e+06	789917	359574
293T_TFF1_DNA_Pool-1_3C:R6:Q6:05	62	1.00001e+06	423288	729992	714334	2.1552e+06
293T_TFF1_DNA_Pool-1_3C:S0:65:02	44	1.00001e+06	2.216e+06	731938	784746	331445
293T_TFF1_DNA_Pool-1_3C:S7:0A:04	36	1.00001e+06	943712	843518	752875	121467
293T_TFF1_DNA_Pool-1_3C:S7:C0:05	52	1.00001e+06	1.17193e+06	851109	764741	189884
293T_TFF1_DNA_Pool-1_3C:S7:L0:02	41	1.00001e+06	222563	745625	796362	356759
293T_TFF1_DNA_Pool-1_3C:S7:Q4:02	97	1.00001e+06	1.85371e+06	894577	825187	370410
293T_TFF1_DNA_Pool-1_3C:S7:T7:04	81	1.00001e+06	366757	1.26572e+06	1.35969e+06	1.01362e+06
293T_TFF1_DNA_Pool-1_3C:S8:98:01	55	1.00001e+06	364987	1.44107e+06	861570	288897
293T_TFF1_DNA_Pool-1_3C:S8:E8:01	53	1.00001e+06	0	1.02626e+06	710113	478448
293T_TFF1_DNA_Pool-1_3C:S8:K4:02	25	1.00001e+06	1.0729e+06	670385	775947	187029
293T_TFF1_DNA_Pool-1_3C:S8:P0:09	25	1.00001e+06	190732	933096	827872	747575
293T_TFF1_DNA_Pool-1_3C:S8:Q8:04	138	1.00001e+06	992020	1.94088e+06	1.38936e+06	1.74193e+06
293T_TFF1_DNA_Pool-1_3C:T1:S1:02	625	1.00001e+06	0	3.09109e+06	7.88643e+06	2.00765e+06
293T_TFF1_DNA_Pool-1_3C:T1:S1:04	62	1.00001e+06	310798	1.03434e+06	585135	1.66644e+06
293T_TFF1_DNA_Pool-1_3C:T5:Q8:04	56	1.00001e+06	1.35427e+06	894345	900397	363996
293T_TFF1_DNA_Pool-1_3C:U3:O1:05	41	1.00001e+06	396875	1.00644e+06	796831	2.1049e+06
293T_TFF1_DNA_Pool-1_3C:U4:W0:02	25	1.00001e+06	0	813405	893507	169034
293T_TFF1_DNA_Pool-1_3C:V1:A6:02	104	1.00001e+06	0	1.04203e+06	777758	510234
293T_TFF1_DNA_Pool-1_3C:V2:A4:09	37	1.00001e+06	669698	578727	21530.3	201270
293T_TFF1_DNA_Pool-1_3C:V5:08:05	28	1.00001e+06	0	510781	804487	476224
293T_TFF1_DNA_Pool-1_3C:V6:0W:01	115	1.00001e+06	1.1185e+06	1.33058e+06	749067	945837
293T_TFF1_DNA_Pool-1_3C:V6:84:05	119	1.00001e+06	1.22926e+06	1.2775e+06	2.43248e+06	971341
293T_TFF1_DNA_Pool-1_3C:W0:78:01	56	1.00001e+06	757313	1.48783e+06	1.52985e+06	3.2145e+06
293T_TFF1_DNA_Pool-1_3C:W4:E1:01	30	1.00001e+06	116448	383147	685994	215886
293T_TFF1_DNA_Pool-1_3C:W7:Q0:05	50	1.00001e+06	0	1.14306e+06	713339	324524
293T_TFF1_DNA_Pool-1_3C:X5:22:01	134	1.00001e+06	0	1.4965e+06	992340	2.42089e+06
293T_TFF1_DNA_Pool-1_3C:X5:34:02	86	1.00001e+06	0	1.51642e+06	756821	1.31653e+06
293T_TFF1_DNA_Pool-1_3C:X5:49:08	60	1.00001e+06	835168	1.28517e+06	990479	1.36606e+06
293T_TFF1_DNA_Pool-1_3C:X5:B2:05	131	1.00001e+06	2.74229e+06	1.72879e+06	1.09856e+06	1.86705e+06
293T_TFF1_DNA_Pool-1_3C:X5:H0:02	60	1.00001e+06	1.91319e+06	1.47339e+06	819390	1.16811e+06
293T_TFF1_DNA_Pool-1_3C:X5:Q8:09	59	1.00001e+06	492168	1.13932e+06	975284	693870
293T_TFF1_DNA_Pool-1_3C:X5:S5:05	30	1.00001e+06	734924	963043	833160	753014
293T_TFF1_DNA_Pool-1_3C:X5:X0:05	36	1.00001e+06	287047	892900	724677	40812.4
293T_TFF1_DNA_Pool-1_3C:X5:X8:02	63	1.00001e+06	447258	964913	837014	1.94254e+06
293T_TFF1_DNA_Pool-1_3C:Y3:A4:01	27	1.00001e+06	0	393410	785580	0
293T_TFF1_DNA_Pool-1_3C:Z6:U5:05	31	1.00001e+06	0	535783	599298	258677
293T_TFF1_DNA_Pool-1_3B:04:94:01	65	1.00001e+06	1.65504e+06	764229	736519	230299
293T_TFF1_DNA_Pool-1_3B:08:37:01	86	1.00001e+06	0	1.02106e+06	734687	610883
293T_TFF1_DNA_Pool-1_3B:08:G8:01	21	1.00001e+06	0	495022	506492	203482
293T_TFF1_DNA_Pool-1_3B:0A:90:01	44	1.00001e+06	0	1.99351e+06	943458	2.4476e+06
293T_TFF1_DNA_Pool-1_3B:0A:D4:07	155	1.00001e+06	0	1.2375e+06	868439	1.01317e+06
293T_TFF1_DNA_Pool-1_3B:0A:M1:09	45	1.00001e+06	0	612380	677273	0
293T_TFF1_DNA_Pool-1_3B:0E:X0:01	156	1.00001e+06	1.39091e+06	1.36783e+06	1.0209e+06	1.74729e+06
293T_TFF1_DNA_Pool-1_3B:0E:X3:06	24	1.00001e+06	0	819129	825936	639510
293T_TFF1_DNA_Pool-1_3B:0I:H6:08	20	1.00001e+06	197116	1.19698e+06	658886	418451
293T_TFF1_DNA_Pool-1_3B:0T:54:02	22	NA	1.8748e+06	455341	810176	4.62607e+06
293T_TFF1_DNA_Pool-1_3B:0X:46:10	385	1.00001e+06	3.95363e+06	2.09254e+06	3.1664e+06	1.03878e+06
293T_TFF1_DNA_Pool-1_3B:0X:61:01	330	1.00001e+06	1.68741e+06	2.0128e+06	2.13821e+06	1.60648e+06
293T_TFF1_DNA_Pool-1_3B:0X:61:08	39	1.00001e+06	0	578238	953534	0
293T_TFF1_DNA_Pool-1_3B:0X:72:02	43	1.00001e+06	0	811538	880441	2.66494e+06
293T_TFF1_DNA_Pool-1_3B:0X:90:02	42	1.00001e+06	1.40238e+06	802130	787332	986979
293T_TFF1_DNA_Pool-1_3B:0X:F3:01	562	1.00001e+06	4.75195e+06	2.59992e+06	7.30251e+06	1.61008e+06
293T_TFF1_DNA_Pool-1_3B:0X:H4:01	137	1.00001e+06	774027	1.32605e+06	1.06814e+06	1.08075e+06
293T_TFF1_DNA_Pool-1_3B:0X:N7:01	94	1.00001e+06	2.1086e+06	1.01063e+06	870606	112543
293T_TFF1_DNA_Pool-1_3B:0X:O9:03	47	1.00001e+06	0	773564	795120	942893
293T_TFF1_DNA_Pool-1_3B:0X:Q0:10	67	1.00001e+06	0	849070	221206	94246.4
293T_TFF1_DNA_Pool-1_3B:0Y:54:11	58	1.00001e+06	478046	947019	753364	710471
293T_TFF1_DNA_Pool-1_3B:0Y:G4:01	156	1.00001e+06	0	1.16648e+06	1.34438e+06	583147
293T_TFF1_DNA_Pool-1_3B:0Y:J6:01	247	1.00001e+06	2.22674e+06	1.72335e+06	2.18682e+06	1.03826e+06
293T_TFF1_DNA_Pool-1_3B:0Y:T2:05	92	1.00001e+06	753082	1.23133e+06	811084	436068
293T_TFF1_DNA_Pool-1_3B:15:H6:08	22	1.00001e+06	2.08373e+06	670921	817269	307549
293T_TFF1_DNA_Pool-1_3B:15:I9:01	47	1.00001e+06	0	722756	854866	1.43463e+06
293T_TFF1_DNA_Pool-1_3B:24:D7:02	48	1.00001e+06	0	889071	784568	377598
293T_TFF1_DNA_Pool-1_3B:28:97:01	25	1.00001e+06	0	1.21508e+06	812603	705624
293T_TFF1_DNA_Pool-1_3B:31:I9:01	399	1.00001e+06	5.16991e+06	2.0313e+06	4.38461e+06	1.32035e+06
293T_TFF1_DNA_Pool-1_3B:39:E6:01	62	1.00001e+06	0	1.1512e+06	721619	824425
293T_TFF1_DNA_Pool-1_3B:43:Y6:02	61	1.00001e+06	0	994578	710736	730185
293T_TFF1_DNA_Pool-1_3B:47:N0:08	34	1.00001e+06	1.26993e+06	2.19706e+06	1.39497e+06	4.12004e+06
293T_TFF1_DNA_Pool-1_3B:52:E6:03	28	1.00001e+06	173276	308345	717568	0
293T_TFF1_DNA_Pool-1_3B:56:T0:08	66	1.00001e+06	0	788999	894309	325806
293T_TFF1_DNA_Pool-1_3B:60:E2:08	50	1.00001e+06	1.71763e+06	781711	811850	804960
293T_TFF1_DNA_Pool-1_3B:64:66:01	501	1.00001e+06	2.67911e+06	2.22332e+06	5.70715e+06	4.19508e+06
293T_TFF1_DNA_Pool-1_3B:64:H6:04	33	1.00001e+06	0	1.16399e+06	673635	324628
293T_TFF1_DNA_Pool-1_3B:71:84:01	26	1.00001e+06	1.62394e+06	454077	630398	0
293T_TFF1_DNA_Pool-1_3B:71:T0:01	25	1.00001e+06	2.004e+06	732496	797243	0
293T_TFF1_DNA_Pool-1_3B:79:G9:01	28	1.00001e+06	0	771662	768423	1.73186e+06
293T_TFF1_DNA_Pool-1_3B:88:K4:01	26	NA	1.3524e+06	218478	30372.8	0
293T_TFF1_DNA_Pool-1_3B:88:Q8:01	31	1.00001e+06	0	569360	740673	849460
293T_TFF1_DNA_Pool-1_3B:95:08:09	123	1.00001e+06	1.38993e+06	1.27835e+06	1.06661e+06	1.07473e+06
293T_TFF1_DNA_Pool-1_3B:95:C0:10	52	1.00001e+06	2.12176e+06	563812	746889	1.13376e+06
293T_TFF1_DNA_Pool-1_3B:95:D4:09	34	1.00001e+06	0	467011	579678	78152.3
293T_TFF1_DNA_Pool-1_3B:95:F3:08	66	1.00001e+06	1.52869e+06	1.63437e+06	872218	3.1696e+06
293T_TFF1_DNA_Pool-1_3B:95:Q0:10	60	1.00001e+06	0	867752	771329	309206
293T_TFF1_DNA_Pool-1_3B:95:T2:01	93	1.00001e+06	1.20818e+06	1.22e+06	744374	716568
293T_TFF1_DNA_Pool-1_3B:99:G4:02	47	1.00001e+06	0	924085	758222	753418
293T_TFF1_DNA_Pool-1_3B:A7:R7:01	103	1.00001e+06	2.82047e+06	1.48178e+06	756810	294621
293T_TFF1_DNA_Pool-1_3B:B2:F3:09	21	1.00001e+06	1.84089e+06	818142	834502	55124.2
293T_TFF1_DNA_Pool-1_3B:B5:S9:01	86	1.00001e+06	0	919171	838685	411754
293T_TFF1_DNA_Pool-1_3B:B5:S9:09	29	1.00001e+06	1.25788e+06	926388	601644	2.50756e+06
293T_TFF1_DNA_Pool-1_3B:B9:E2:01	74	1.00001e+06	0	839326	729669	653262
293T_TFF1_DNA_Pool-1_3B:C4:Q0:10	23	1.00001e+06	0	851613	881258	0
293T_TFF1_DNA_Pool-1_3B:D5:94:01	31	1.00001e+06	1.58252e+06	368123	708281	0
293T_TFF1_DNA_Pool-1_3B:D6:E2:01	23	1.00001e+06	450223	977933	824348	2.69515e+06
293T_TFF1_DNA_Pool-1_3B:E0:Q8:09	23	1.00001e+06	1.4407e+06	635654	800985	671419
293T_TFF1_DNA_Pool-1_3B:E3:46:01	71	1.00001e+06	0	1.06988e+06	857405	338894
293T_TFF1_DNA_Pool-1_3B:E3:E6:03	90	1.00001e+06	679367	1.38868e+06	894056	1.70141e+06
293T_TFF1_DNA_Pool-1_3B:E3:K2:01	57	1.00001e+06	0	988428	813896	1.43701e+06
293T_TFF1_DNA_Pool-1_3B:E4:0I:03	22	1.00001e+06	1.86011e+06	1.04002e+06	561503	4.2463e+06
293T_TFF1_DNA_Pool-1_3B:E7:F3:01	117	1.00001e+06	530758	1.38703e+06	1.02495e+06	1.05465e+06
293T_TFF1_DNA_Pool-1_3B:F2:0W:03	24	1.00001e+06	216145	1.01839e+06	879701	2.32761e+06
293T_TFF1_DNA_Pool-1_3B:H9:S9:01	55	1.00001e+06	3.83319e+06	1.18214e+06	673524	845454
293T_TFF1_DNA_Pool-1_3B:I0:K5:09	20	1.00001e+06	1.37782e+06	427043	10704.6	0
293T_TFF1_DNA_Pool-1_3B:I0:T4:09	41	1.00001e+06	523020	1.15934e+06	815826	598998
293T_TFF1_DNA_Pool-1_3B:I7:F3:08	20	1.00001e+06	0	594813	11991.8	0
293T_TFF1_DNA_Pool-1_3B:I8:T7:01	61	1.00001e+06	0	1.8484e+06	962932	3.02308e+06
293T_TFF1_DNA_Pool-1_3B:J1:77:01	207	1.00001e+06	1.80487e+06	1.60023e+06	1.45274e+06	916613
293T_TFF1_DNA_Pool-1_3B:J1:J6:09	50	1.00001e+06	1.55653e+06	1.10692e+06	787398	1.09705e+06
293T_TFF1_DNA_Pool-1_3B:J1:O6:09	79	1.00001e+06	1.46761e+06	1.16332e+06	740575	1.33452e+06
293T_TFF1_DNA_Pool-1_3B:J1:R3:09	162	1.00001e+06	0	1.55596e+06	1.3754e+06	2.56106e+06
293T_TFF1_DNA_Pool-1_3B:J2:94:01	57	1.00001e+06	0	563610	789378	0
293T_TFF1_DNA_Pool-1_3B:J2:Y6:06	31	1.00001e+06	438681	753023	631473	682883
293T_TFF1_DNA_Pool-1_3B:K0:Y6:02	82	1.00001e+06	1.3119e+06	1.06302e+06	765075	693715
293T_TFF1_DNA_Pool-1_3B:K3:Y6:02	42	1.00001e+06	197162	735083	805333	1.05537e+06
293T_TFF1_DNA_Pool-1_3B:K7:08:09	58	1.00001e+06	447590	909427	782876	749921
293T_TFF1_DNA_Pool-1_3B:L2:77:02	43	1.00001e+06	0	629987	15306	0
293T_TFF1_DNA_Pool-1_3B:M0:54:01	27	1.00001e+06	285917	528531	819477	0
293T_TFF1_DNA_Pool-1_3B:M4:D0:02	23	1.00001e+06	1.60886e+06	516059	247633	21764.5
293T_TFF1_DNA_Pool-1_3B:N9:E2:04	69	1.00001e+06	2.07406e+06	947026	732611	3.01543e+06
293T_TFF1_DNA_Pool-1_3B:N9:O1:01	86	1.00001e+06	1.02298e+06	1.12695e+06	1.00747e+06	568744
293T_TFF1_DNA_Pool-1_3B:N9:Q1:01	25	1.00001e+06	1.90109e+06	618238	775105	1.50307e+06
293T_TFF1_DNA_Pool-1_3B:N9:R2:01	64	1.00001e+06	1.23201e+06	1.01322e+06	681212	336187
293T_TFF1_DNA_Pool-1_3B:O4:Q6:01	40	1.00001e+06	809275	868996	650888	653752
293T_TFF1_DNA_Pool-1_3B:O7:08:08	403	1.00001e+06	0	2.2913e+06	3.53424e+06	2.68854e+06
293T_TFF1_DNA_Pool-1_3B:O7:50:09	66	1.00001e+06	1.32672e+06	1.33416e+06	754192	3.10437e+06
293T_TFF1_DNA_Pool-1_3B:O7:F3:08	40	1.00001e+06	0	666302	13206.5	348959
293T_TFF1_DNA_Pool-1_3B:O7:P8:01	33	1.00001e+06	1.74139e+06	776218	753829	1.75737e+06
293T_TFF1_DNA_Pool-1_3B:P2:E1:01	56	1.00001e+06	0	1.28431e+06	1.13437e+06	0
293T_TFF1_DNA_Pool-1_3B:P2:O1:09	1569	1.00001e+06	2.26409e+07	4.75435e+06	9.6999e+06	2.54043e+06
293T_TFF1_DNA_Pool-1_3B:P2:O2:08	27	1.00001e+06	0	1.15779e+06	838615	1.39198e+06
293T_TFF1_DNA_Pool-1_3B:P2:X7:03	54	1.00001e+06	0	880081	862704	585252
293T_TFF1_DNA_Pool-1_3B:P6:F3:08	25	1.00001e+06	0	759866	817260	405634
293T_TFF1_DNA_Pool-1_3B:P9:69:09	27	1.00001e+06	2.2319e+06	714588	763323	605284
293T_TFF1_DNA_Pool-1_3B:P9:W6:02	757	1.00001e+06	0	2.99466e+06	1.23446e+07	3.30364e+06
293T_TFF1_DNA_Pool-1_3B:Q0:H8:01	27	1.00001e+06	0	590099	465981	437363
293T_TFF1_DNA_Pool-1_3B:Q4:R7:01	36	1.00001e+06	768340	820657	836922	0
293T_TFF1_DNA_Pool-1_3B:R1:T4:08	79	1.00001e+06	1.43082e+06	1.03294e+06	785006	291031
293T_TFF1_DNA_Pool-1_3B:R1:T7:01	186	1.00001e+06	1.45638e+06	1.47215e+06	1.83718e+06	935632
293T_TFF1_DNA_Pool-1_3B:R6:T0:03	22	1.00001e+06	221617	414178	572018	0
293T_TFF1_DNA_Pool-1_3B:S7:06:10	30	1.00001e+06	0	776656	732107	581494
293T_TFF1_DNA_Pool-1_3B:S7:T0:08	36	1.00001e+06	0	1.01151e+06	771908	1.61573e+06
293T_TFF1_DNA_Pool-1_3B:S7:T7:01	274	1.00001e+06	0	2.30342e+06	2.97784e+06	2.03517e+06
293T_TFF1_DNA_Pool-1_3B:S7:T8:06	33	1.00001e+06	1.11378e+06	962169	950601	2.78443e+06
293T_TFF1_DNA_Pool-1_3B:S8:09:06	23	1.00001e+06	0	685675	19045	186715
293T_TFF1_DNA_Pool-1_3B:S8:0R:08	160	1.00001e+06	1.49443e+06	1.20446e+06	906952	1.16584e+06
293T_TFF1_DNA_Pool-1_3B:S8:84:01	91	1.00001e+06	1.11389e+06	1.11953e+06	703924	588559
293T_TFF1_DNA_Pool-1_3B:S8:E6:03	55	1.00001e+06	2.21694e+06	602167	745405	0
293T_TFF1_DNA_Pool-1_3B:S8:M4:08	67	1.00001e+06	0	640564	825422	411186
293T_TFF1_DNA_Pool-1_3B:T5:R2:01	21	1.00001e+06	1.84888e+06	846543	754616	0
293T_TFF1_DNA_Pool-1_3B:V1:0R:09	27	1.00001e+06	1.74336e+06	617614	456415	850981
293T_TFF1_DNA_Pool-1_3B:W0:E2:11	109	1.00001e+06	0	1.28326e+06	1.21111e+06	933572
293T_TFF1_DNA_Pool-1_3B:W3:K5:09	21	NA	0	360463	853907	224692
293T_TFF1_DNA_Pool-1_3B:W8:J6:02	33	1.00001e+06	0	686867	684034	530113
293T_TFF1_DNA_Pool-1_3B:X1:F3:01	156	1.00001e+06	1.05987e+06	1.35242e+06	732763	1.25521e+06
293T_TFF1_DNA_Pool-1_3B:X5:0R:04	1670	1.00001e+06	1.8519e+07	3.85133e+06	1.35391e+07	3.60999e+06
293T_TFF1_DNA_Pool-1_3B:X5:25:06	39	1.00001e+06	1.72046e+06	886498	758510	211295
293T_TFF1_DNA_Pool-1_3B:X5:26:01	42	1.00001e+06	2.04647e+06	912535	813151	780175
293T_TFF1_DNA_Pool-1_3B:X5:A4:09	131	1.00001e+06	0	1.28998e+06	1.12818e+06	1.16046e+06
293T_TFF1_DNA_Pool-1_3B:X5:G1:10	61	1.00001e+06	0	454355	792801	574072
293T_TFF1_DNA_Pool-1_3B:X5:M8:12	95	1.00001e+06	2.92285e+06	1.76897e+06	2.76956e+06	2.09254e+06
293T_TFF1_DNA_Pool-1_3B:Y3:69:01	97	1.00001e+06	456396	817459	843973	757533
293T_TFF1_DNA_Pool-1_3B:Y8:76:01	72	1.00001e+06	0	1.28812e+06	943723	213116
293T_TFF1_DNA_Pool-1_3B:Z2:G4:08	21	1.00001e+06	1.70344e+06	410900	661812	121129
293T_TFF1_DNA_Pool-1_3B:Z5:F8:08	471	1.00001e+06	4.58302e+06	2.04393e+06	2.45924e+06	2.17442e+06
293T_TFF1_DNA_Pool-1_3B:Z6:93:03	28	1.00001e+06	1.69663e+06	982407	730327	185463
293T_TFF1_DNA_Pool-1_3A:03:G0:11	46	1.00001e+06	1.57264e+06	633852	827188	0
293T_TFF1_DNA_Pool-1_3A:07:E2:12	24	1.00001e+06	0	471964	734953	457145
293T_TFF1_DNA_Pool-1_3A:08:B3:02	21	1.00001e+06	0	699515	568866	1.65692e+06
293T_TFF1_DNA_Pool-1_3A:0H:X8:07	27	1.00001e+06	0	1.17617e+06	736121	794310
293T_TFF1_DNA_Pool-1_3A:0I:18:03	891	1.00001e+06	0	3.87782e+06	1.10458e+07	2.01493e+06
293T_TFF1_DNA_Pool-1_3A:0Q:N7:11	50	1.00001e+06	0	2.43373e+06	1.3094e+06	2.38816e+06
293T_TFF1_DNA_Pool-1_3A:0X:61:03	57	1.00001e+06	1.55781e+06	1.04141e+06	791563	256169
293T_TFF1_DNA_Pool-1_3A:0X:82:11	58	1.00001e+06	358465	1.36898e+06	722122	370004
293T_TFF1_DNA_Pool-1_3A:0X:D4:09	85	1.00001e+06	2.757e+06	1.64828e+06	1.04605e+06	2.48039e+06
293T_TFF1_DNA_Pool-1_3A:0Y:N0:03	38	1.00001e+06	1.81402e+06	1.60875e+06	802297	0
293T_TFF1_DNA_Pool-1_3A:0Y:T2:05	68	1.00001e+06	2.42928e+06	1.04668e+06	761165	277919
293T_TFF1_DNA_Pool-1_3A:35:56:04	30	1.00001e+06	1.81458e+06	804248	901938	2.08533e+06
293T_TFF1_DNA_Pool-1_3A:44:T7:11	26	1.00001e+06	0	1.13598e+06	783861	1.27566e+06
293T_TFF1_DNA_Pool-1_3A:47:H7:04	42	1.00001e+06	1.87548e+06	609170	702435	431546
293T_TFF1_DNA_Pool-1_3A:60:N7:11	33	1.00001e+06	0	1.31908e+06	865347	608684
293T_TFF1_DNA_Pool-1_3A:68:F8:11	27	1.00001e+06	2.47818e+06	1.16772e+06	817344	519095
293T_TFF1_DNA_Pool-1_3A:72:P0:03	44	1.00001e+06	1.87361e+06	733879	685974	205244
293T_TFF1_DNA_Pool-1_3A:80:X3:02	23	1.00001e+06	733809	975625	915027	843054
293T_TFF1_DNA_Pool-1_3A:84:J6:05	36	1.00001e+06	0	583964	775427	1.22867e+06
293T_TFF1_DNA_Pool-1_3A:95:24:01	66	1.00001e+06	1.49915e+06	911396	703709	193378
293T_TFF1_DNA_Pool-1_3A:95:E1:03	93	1.00001e+06	3.26244e+06	1.1418e+06	901747	1.18054e+06
293T_TFF1_DNA_Pool-1_3A:95:W2:02	20	1.00001e+06	0	520928	725165	325480
293T_TFF1_DNA_Pool-1_3A:96:N8:11	34	1.00001e+06	0	581474	605447	54819.6
293T_TFF1_DNA_Pool-1_3A:99:X3:02	24	1.00001e+06	0	600861	625822	119224
293T_TFF1_DNA_Pool-1_3A:B2:R2:03	26	1.00001e+06	0	542396	27792.9	5.82471e+06
293T_TFF1_DNA_Pool-1_3A:B5:E6:03	52	1.00001e+06	0	921226	746333	426211
293T_TFF1_DNA_Pool-1_3A:C7:18:05	26	1.00001e+06	118056	539755	26114.7	260531
293T_TFF1_DNA_Pool-1_3A:C7:50:03	37	1.00001e+06	0	570569	675554	435057
293T_TFF1_DNA_Pool-1_3A:C8:E8:04	22	1.00001e+06	0	717509	27254.9	703560
293T_TFF1_DNA_Pool-1_3A:E0:T4:05	24	1.00001e+06	0	569185	558038	352458
293T_TFF1_DNA_Pool-1_3A:E3:B3:02	60	1.00001e+06	0	1.09686e+06	929977	1.42814e+06
293T_TFF1_DNA_Pool-1_3A:E3:H6:03	83	1.00001e+06	283394	1.03135e+06	760494	1.09759e+06
293T_TFF1_DNA_Pool-1_3A:F2:09:03	45	1.00001e+06	0	988654	977695	1.35243e+06
293T_TFF1_DNA_Pool-1_3A:F2:P0:01	22	1.00001e+06	0	555773	702075	155522
293T_TFF1_DNA_Pool-1_3A:F2:X3:02	26	1.00001e+06	532876	452878	698434	120962
293T_TFF1_DNA_Pool-1_3A:H9:O1:02	115	1.00001e+06	1.24767e+06	1.21423e+06	915654	969356
293T_TFF1_DNA_Pool-1_3A:I7:18:05	802	1.00001e+06	0	3.37952e+06	1.19804e+07	2.8723e+06
293T_TFF1_DNA_Pool-1_3A:J1:49:08	41	1.00001e+06	1.87262e+06	777892	890341	626884
293T_TFF1_DNA_Pool-1_3A:J2:E2:03	76	1.00001e+06	0	1.42864e+06	992373	433927
293T_TFF1_DNA_Pool-1_3A:J2:E6:12	27	1.00001e+06	0	692350	789415	777278
293T_TFF1_DNA_Pool-1_3A:J9:T2:11	34	1.00001e+06	197415	787125	1.02947e+06	324475
293T_TFF1_DNA_Pool-1_3A:K3:X4:03	26	1.00001e+06	0	963612	848894	664461
293T_TFF1_DNA_Pool-1_3A:M3:Q8:03	58	1.00001e+06	1.43638e+06	907439	810416	1.04113e+06
293T_TFF1_DNA_Pool-1_3A:M4:B3:02	22	NA	0	140483	26573.1	0
293T_TFF1_DNA_Pool-1_3A:M8:E8:07	23	1.00001e+06	0	290357	678546	0
293T_TFF1_DNA_Pool-1_3A:N9:68:04	765	1.00001e+06	0	2.86182e+06	1.00195e+07	1.88979e+06
293T_TFF1_DNA_Pool-1_3A:N9:G0:06	32	1.00001e+06	0	394394	820448	91683
293T_TFF1_DNA_Pool-1_3A:O7:F3:04	56	1.00001e+06	1.44095e+06	848978	876978	616607
293T_TFF1_DNA_Pool-1_3A:O8:F3:04	22	1.00001e+06	2.33941e+06	983818	758514	3.80241e+06
293T_TFF1_DNA_Pool-1_3A:P2:O1:09	23	1.00001e+06	1.94627e+06	1.04439e+06	2.14963e+06	293815
293T_TFF1_DNA_Pool-1_3A:Q0:H8:01	29	1.00001e+06	2.08349e+06	655657	181940	221315
293T_TFF1_DNA_Pool-1_3A:Q7:P0:01	25	1.00001e+06	1.61229e+06	506185	32053.7	0
293T_TFF1_DNA_Pool-1_3A:Q8:24:01	24	1.00001e+06	1.65544e+06	457493	736451	835090
293T_TFF1_DNA_Pool-1_3A:Q8:93:03	23	1.00001e+06	1.12351e+06	384067	658756	0
293T_TFF1_DNA_Pool-1_3A:R1:T2:07	69	1.00001e+06	0	1.49387e+06	1.69147e+06	418127
293T_TFF1_DNA_Pool-1_3A:R2:X7:11	35	1.00001e+06	2.47253e+06	1.02488e+06	799166	718280
293T_TFF1_DNA_Pool-1_3A:R5:G0:06	47	1.00001e+06	0	907142	751812	103613
293T_TFF1_DNA_Pool-1_3A:S3:B7:08	118	1.00001e+06	1.74354e+06	1.74622e+06	918829	1.40225e+06
293T_TFF1_DNA_Pool-1_3A:S7:33:11	22	1.00001e+06	0	1.67109e+06	657053	4.36703e+06
293T_TFF1_DNA_Pool-1_3A:S7:49:08	70	1.00001e+06	1.65156e+06	1.06118e+06	799324	406988
293T_TFF1_DNA_Pool-1_3A:S7:76:07	87	1.00001e+06	0	631648	699419	387775
293T_TFF1_DNA_Pool-1_3A:S7:H8:03	68	1.00001e+06	1.52356e+06	785445	846263	703350
293T_TFF1_DNA_Pool-1_3A:S7:L4:08	28	1.00001e+06	973227	769943	814489	0
293T_TFF1_DNA_Pool-1_3A:S8:W6:03	22	1.00001e+06	1.84361e+06	1.00461e+06	1.25881e+06	3.70786e-35
293T_TFF1_DNA_Pool-1_3A:T1:X4:11	23	1.00001e+06	2.77773e+06	1.80005e+06	870246	1.35123e+06
293T_TFF1_DNA_Pool-1_3A:T5:18:05	106	1.00001e+06	0	1.53478e+06	1.06287e+06	1.86776e+06
293T_TFF1_DNA_Pool-1_3A:U8:X3:02	24	1.00001e+06	0	638273	763086	146700
293T_TFF1_DNA_Pool-1_3A:V9:O6:03	33	1.00001e+06	1.77847e+06	1.41607e+06	942714	4.07363e+06
293T_TFF1_DNA_Pool-1_3A:W7:0R:03	137	1.00001e+06	1.85517e+06	1.34827e+06	1.3374e+06	698820
293T_TFF1_DNA_Pool-1_3A:X5:28:11	46	1.00001e+06	1.60204e+06	1.48631e+06	754900	2.56869e+06
293T_TFF1_DNA_Pool-1_3A:X5:30:09	87	1.00001e+06	0	1.70817e+06	822091	1.8533e+06
293T_TFF1_DNA_Pool-1_3A:X5:81:05	65	1.00001e+06	2.78474e+06	1.18571e+06	806961	686478
293T_TFF1_DNA_Pool-1_3A:X5:B2:07	195	1.00001e+06	4.84834e+06	1.62487e+06	1.60996e+06	1.99758e+06
293T_TFF1_DNA_Pool-1_3A:X5:B3:02	75	1.00001e+06	453248	785923	689908	691623
293T_TFF1_DNA_Pool-1_3A:X5:G5:05	21	1.00001e+06	1.98465e+06	750634	713696	14428.9
293T_TFF1_DNA_Pool-1_3A:X5:Q5:11	32	1.00001e+06	1.45556e+06	541277	674387	331082
293T_TFF1_DNA_Pool-1_3A:X5:R2:03	258	1.00001e+06	0	2.08966e+06	2.68993e+06	1.20839e+06
293T_TFF1_DNA_Pool-1_3A:X9:84:11	20	1.00001e+06	1.59484e+06	639673	921026	0
293T_TFF1_DNA_Pool-1_3A:Y8:56:04	34	1.00001e+06	0	642676	769871	760593
293T_TFF1_DNA_Pool-1_4H:08:P0:09	80	1.00001e+06	862172	1.28274e+06	828394	437572
293T_TFF1_DNA_Pool-1_4H:0A:76:10	105	1.00001e+06	2.57714e+06	1.69321e+06	1.41713e+06	696371
293T_TFF1_DNA_Pool-1_4H:0D:F2:11	31	1.00001e+06	2.52815e+06	896038	27698.1	2.59254e+06
293T_TFF1_DNA_Pool-1_4H:0E:T4:07	21	1.00001e+06	2.06443e+06	922637	715613	211145
293T_TFF1_DNA_Pool-1_4H:0H:F3:09	219	1.00001e+06	0	2.18837e+06	1.58913e+06	2.25546e+06
293T_TFF1_DNA_Pool-1_4H:0L:F3:09	32	1.00001e+06	0	1.65198e+06	723133	2.38928e+06
293T_TFF1_DNA_Pool-1_4H:0Q:28:07	242	1.00001e+06	663822	1.78671e+06	1.79873e+06	1.41216e+06
293T_TFF1_DNA_Pool-1_4H:0Q:M0:07	56	1.00001e+06	2.78839e+06	650560	740266	688743
293T_TFF1_DNA_Pool-1_4H:0X:0A:11	49	1.00001e+06	597306	1.02312e+06	868535	417191
293T_TFF1_DNA_Pool-1_4H:0X:50:04	37	1.00001e+06	1.01955e+06	893691	759890	1.99693e+06
293T_TFF1_DNA_Pool-1_4H:0X:F2:09	54	1.00001e+06	212757	779474	754139	1.21346e+06
293T_TFF1_DNA_Pool-1_4H:0X:J0:04	51	1.00001e+06	0	893208	684640	250122
293T_TFF1_DNA_Pool-1_4H:0X:K5:11	60	1.00001e+06	0	846005	732212	56330.2
293T_TFF1_DNA_Pool-1_4H:0X:O9:03	32	1.00001e+06	0	515291	650426	136376
293T_TFF1_DNA_Pool-1_4H:0X:T0:04	67	1.00001e+06	0	932418	856592	662642
293T_TFF1_DNA_Pool-1_4H:0X:T4:11	88	1.00001e+06	2.13311e+06	1.25297e+06	1.13969e+06	3.81954e+06
293T_TFF1_DNA_Pool-1_4H:0X:X3:04	31	1.00001e+06	430992	796192	809759	2.97934e+06
293T_TFF1_DNA_Pool-1_4H:0Y:B2:11	62	1.00001e+06	2.39402e+06	1.3053e+06	859383	3.3358e+06
293T_TFF1_DNA_Pool-1_4H:0Y:H2:12	53	1.00001e+06	0	1.48583e+06	1.28387e+06	5.03479e+06
293T_TFF1_DNA_Pool-1_4H:0Y:T7:02	37	1.00001e+06	2.30339e+06	1.83376e+06	822055	237052
293T_TFF1_DNA_Pool-1_4H:0Y:Y1:07	849	1.00001e+06	0	3.24287e+06	9.37627e+06	3.23489e+06
293T_TFF1_DNA_Pool-1_4H:23:H2:04	31	1.00001e+06	1.35849e+06	224450	222590	0
293T_TFF1_DNA_Pool-1_4H:23:X8:09	21	1.00001e+06	2.80015e+06	811823	676066	2.68019e+06
293T_TFF1_DNA_Pool-1_4H:24:54:04	26	1.00001e+06	0	806007	751908	444819
293T_TFF1_DNA_Pool-1_4H:24:Q8:09	30	1.00001e+06	1.80285e+06	444790	658033	229234
293T_TFF1_DNA_Pool-1_4H:24:S9:04	148	1.00001e+06	795751	1.62251e+06	906489	723699
293T_TFF1_DNA_Pool-1_4H:39:C8:11	24	1.00001e+06	0	600916	760741	0
293T_TFF1_DNA_Pool-1_4H:39:J0:04	21	1.00001e+06	0	588309	157641	0
293T_TFF1_DNA_Pool-1_4H:40:N0:07	20	1.00001e+06	0	723814	789180	87762.4
293T_TFF1_DNA_Pool-1_4H:43:H6:11	28	1.00001e+06	1.27891e+06	645049	913455	80198.7
293T_TFF1_DNA_Pool-1_4H:43:X8:09	56	1.00001e+06	0	850814	804523	698069
293T_TFF1_DNA_Pool-1_4H:44:25:11	42	1.00001e+06	0	590852	826951	399475
293T_TFF1_DNA_Pool-1_4H:47:08:03	118	1.00001e+06	1.51933e+06	1.43828e+06	1.40523e+06	824515
293T_TFF1_DNA_Pool-1_4H:47:08:11	29	1.00001e+06	1.36026e+06	354463	54045.4	288949
293T_TFF1_DNA_Pool-1_4H:47:0B:11	29	1.00001e+06	0	622808	752114	503282
293T_TFF1_DNA_Pool-1_4H:47:0N:11	31	1.00001e+06	0	876443	863563	257277
293T_TFF1_DNA_Pool-1_4H:47:50:11	59	1.00001e+06	0	861257	666483	880669
293T_TFF1_DNA_Pool-1_4H:47:93:07	49	1.00001e+06	185556	547057	870074	852502
293T_TFF1_DNA_Pool-1_4H:47:E9:09	218	1.00001e+06	6.36263e+06	2.22683e+06	1.16957e+06	907478
293T_TFF1_DNA_Pool-1_4H:47:G4:09	46	1.00001e+06	0	1.03661e+06	813636	303737
293T_TFF1_DNA_Pool-1_4H:47:L4:09	31	1.00001e+06	0	427576	491435	133598
293T_TFF1_DNA_Pool-1_4H:47:R3:11	48	1.00001e+06	1.57806e+06	1.22328e+06	851855	952168
293T_TFF1_DNA_Pool-1_4H:52:E2:11	33	1.00001e+06	2.26257e+06	963014	1.07513e+06	825021
293T_TFF1_DNA_Pool-1_4H:64:84:04	861	1.00001e+06	6.12822e+06	3.29995e+06	1.12338e+07	1.41545e+06
293T_TFF1_DNA_Pool-1_4H:71:H2:09	22	1.00001e+06	1.80155e+06	572935	781264	0
293T_TFF1_DNA_Pool-1_4H:72:F2:11	20	1.00001e+06	0	994304	666548	0
293T_TFF1_DNA_Pool-1_4H:83:O6:11	84	1.00001e+06	630778	978633	818566	1.70011e+06
293T_TFF1_DNA_Pool-1_4H:88:F3:11	25	1.00001e+06	1.79992e+06	546392	685930	548460
293T_TFF1_DNA_Pool-1_4H:91:B2:11	27	1.00001e+06	1.52689e+06	626444	536894	0
293T_TFF1_DNA_Pool-1_4H:91:P0:11	26	1.00001e+06	1.58252e+06	452041	17053.9	580685
293T_TFF1_DNA_Pool-1_4H:95:0N:11	43	1.00001e+06	0	1.08102e+06	840193	2.95192e+06
293T_TFF1_DNA_Pool-1_4H:95:98:08	20	1.00001e+06	2.02898e+06	646539	790450	126759
293T_TFF1_DNA_Pool-1_4H:95:T4:11	41	1.00001e+06	1.68737e+06	690620	657916	128881
293T_TFF1_DNA_Pool-1_4H:95:Y1:04	192	1.00001e+06	624763	1.67135e+06	2.42439e+06	1.52561e+06
293T_TFF1_DNA_Pool-1_4H:A0:B2:11	24	1.00001e+06	0	491094	14536.8	191228
293T_TFF1_DNA_Pool-1_4H:A0:G4:04	20	NA	1.70866e+06	335694	8936.59	0
293T_TFF1_DNA_Pool-1_4H:B1:20:09	30	1.00001e+06	419280	615555	764829	265856
293T_TFF1_DNA_Pool-1_4H:B5:H7:02	26	1.00001e+06	0	910080	835870	1.0808e+06
293T_TFF1_DNA_Pool-1_4H:B5:V6:04	28	1.00001e+06	1.3125e+06	895164	751583	1.41135e+06
293T_TFF1_DNA_Pool-1_4H:B6:E1:11	21	1.00001e+06	1.73695e+06	511500	776261	0
293T_TFF1_DNA_Pool-1_4H:B9:T4:11	22	1.00001e+06	230099	1.08926e+06	760026	634609
293T_TFF1_DNA_Pool-1_4H:C0:Y6:11	41	1.00001e+06	176638	756729	820735	430068
293T_TFF1_DNA_Pool-1_4H:D9:B2:11	32	1.00001e+06	372644	244416	529171	0
293T_TFF1_DNA_Pool-1_4H:E3:C8:07	22	1.00001e+06	287593	780846	944779	847097
293T_TFF1_DNA_Pool-1_4H:E4:E1:11	29	1.00001e+06	0	570572	734153	33052.8
293T_TFF1_DNA_Pool-1_4H:G3:Q0:11	89	1.00001e+06	1.12079e+06	1.10753e+06	856382	2.37157e+06
293T_TFF1_DNA_Pool-1_4H:H5:T4:04	44	1.00001e+06	0	1.51577e+06	812117	5.29012e+06
293T_TFF1_DNA_Pool-1_4H:H6:E2:04	30	1.00001e+06	0	783167	784343	213226
293T_TFF1_DNA_Pool-1_4H:H6:E2:11	50	1.00001e+06	0	994677	790240	729955
293T_TFF1_DNA_Pool-1_4H:H9:G2:03	331	1.00001e+06	7.06892e+06	2.33429e+06	3.14772e+06	2.33239e+06
293T_TFF1_DNA_Pool-1_4H:H9:X8:07	20	1.00001e+06	1.36482e+06	299401	695991	188406
293T_TFF1_DNA_Pool-1_4H:I7:Z8:11	26	1.00001e+06	0	653502	863625	81497.1
293T_TFF1_DNA_Pool-1_4H:J1:13:01	35	1.00001e+06	1.69769e+06	705633	841727	4.88241e+06
293T_TFF1_DNA_Pool-1_4H:J1:45:11	48	1.00001e+06	1.72304e+06	648048	687921	778092
293T_TFF1_DNA_Pool-1_4H:J1:46:11	45	1.00001e+06	1.70773e+06	745454	666437	340542
293T_TFF1_DNA_Pool-1_4H:J1:C8:08	20	1.00001e+06	421737	416135	13028.3	104449
293T_TFF1_DNA_Pool-1_4H:J1:N3:09	21	1.00001e+06	1.60149e+06	707174	36999.6	781626
293T_TFF1_DNA_Pool-1_4H:J1:P8:09	91	1.00001e+06	1.46115e+06	1.49438e+06	1.467e+06	1.2349e+06
293T_TFF1_DNA_Pool-1_4H:J2:J0:05	22	1.00001e+06	1.36055e+06	512439	580401	176993
293T_TFF1_DNA_Pool-1_4H:K8:G2:07	331	1.00001e+06	1.54455e+06	2.13708e+06	2.50719e+06	3.2395e+06
293T_TFF1_DNA_Pool-1_4H:L6:L4:11	20	1.00001e+06	1.62713e+06	683737	714581	409858
293T_TFF1_DNA_Pool-1_4H:L6:T2:11	36	1.00001e+06	1.73725e+06	1.03415e+06	838496	0
293T_TFF1_DNA_Pool-1_4H:M0:F3:09	50	1.00001e+06	0	882005	803460	485275
293T_TFF1_DNA_Pool-1_4H:M3:T4:04	22	1.00001e+06	520921	628494	789882	86211.4
293T_TFF1_DNA_Pool-1_4H:M3:X3:11	42	1.00001e+06	172395	558513	16692.3	686686
293T_TFF1_DNA_Pool-1_4H:M4:20:11	23	1.00001e+06	0	656881	707641	324633
293T_TFF1_DNA_Pool-1_4H:M4:E1:07	296	1.00001e+06	0	1.87142e+06	3.34159e+06	2.47064e+06
293T_TFF1_DNA_Pool-1_4H:M4:E1:11	52	1.00001e+06	1.73284e+06	971725	962777	1.28999e+06
293T_TFF1_DNA_Pool-1_4H:N9:J0:11	55	1.00001e+06	0	914135	857224	306850
293T_TFF1_DNA_Pool-1_4H:N9:S5:09	31	1.00001e+06	1.89865e+06	621192	61022.1	1.44216e+06
293T_TFF1_DNA_Pool-1_4H:N9:X8:11	79	1.00001e+06	0	2.20608e+06	908841	1.3379e+06
293T_TFF1_DNA_Pool-1_4H:O4:J8:04	52	1.00001e+06	0	964770	733411	488225
293T_TFF1_DNA_Pool-1_4H:O7:46:04	23	1.00001e+06	663457	918704	871999	550411
293T_TFF1_DNA_Pool-1_4H:O7:58:11	27	1.00001e+06	0	495792	737799	131111
293T_TFF1_DNA_Pool-1_4H:O7:84:11	38	1.00001e+06	2.50148e+06	936730	733437	1.90201e+06
293T_TFF1_DNA_Pool-1_4H:P6:Q8:11	43	1.00001e+06	742980	498817	591465	200796
293T_TFF1_DNA_Pool-1_4H:P9:E1:11	29	1.00001e+06	2.2532e+06	1.13968e+06	783224	0
293T_TFF1_DNA_Pool-1_4H:Q3:76:04	21	1.00001e+06	1.54641e+06	652811	738857	0
293T_TFF1_DNA_Pool-1_4H:Q3:T8:04	23	1.00001e+06	0	1.65369e+06	899075	1.15945e+06
293T_TFF1_DNA_Pool-1_4H:R1:D2:04	21	1.00001e+06	0	434722	709293	245021
293T_TFF1_DNA_Pool-1_4H:R1:F8:07	40	1.00001e+06	0	1.11302e+06	840003	1.35216e+06
293T_TFF1_DNA_Pool-1_4H:R1:O6:09	27	1.00001e+06	0	562945	32246.3	366257
293T_TFF1_DNA_Pool-1_4H:R2:37:11	105	1.00001e+06	1.77677e+06	647954	736553	73838.4
293T_TFF1_DNA_Pool-1_4H:R2:54:07	28	1.00001e+06	1.93322e+06	1.84536e+06	749639	0
293T_TFF1_DNA_Pool-1_4H:R2:D4:07	150	1.00001e+06	709758	1.38151e+06	1.61136e+06	902101
293T_TFF1_DNA_Pool-1_4H:R6:D3:07	20	NA	1.70734e+06	337920	530388	99052.3
293T_TFF1_DNA_Pool-1_4H:R6:J6:11	22	1.00001e+06	1.56698e+06	531479	829440	1.27646e+06
293T_TFF1_DNA_Pool-1_4H:R6:X8:04	21	1.00001e+06	1.36543e+06	439156	25935.6	0
293T_TFF1_DNA_Pool-1_4H:S7:46:04	45	1.00001e+06	547134	512906	738148	66479
293T_TFF1_DNA_Pool-1_4H:S7:58:04	225	1.00001e+06	3.70332e+06	1.77255e+06	1.65944e+06	2.19959e+06
293T_TFF1_DNA_Pool-1_4H:S7:A5:07	49	1.00001e+06	0	1.32986e+06	1.17331e+06	1.10554e+06
293T_TFF1_DNA_Pool-1_4H:S7:C0:11	117	1.00001e+06	369956	1.46017e+06	1.87814e+06	1.09378e+06
293T_TFF1_DNA_Pool-1_4H:S7:G9:11	22	1.00001e+06	1.72546e+06	432803	737635	331845
293T_TFF1_DNA_Pool-1_4H:S7:J4:11	31	1.00001e+06	936640	3.49925e+06	1.2295e+06	0
293T_TFF1_DNA_Pool-1_4H:S7:J8:07	27	1.00001e+06	0	1.13158e+06	779575	280571
293T_TFF1_DNA_Pool-1_4H:S7:T8:11	93	1.00001e+06	1.14957e+06	1.31585e+06	857011	2.88408e+06
293T_TFF1_DNA_Pool-1_4H:S8:08:03	42	1.00001e+06	0	3.33695e+06	1.11166e+06	3.07428e+06
293T_TFF1_DNA_Pool-1_4H:S8:54:07	109	1.00001e+06	0	1.37143e+06	811831	1.26833e+06
293T_TFF1_DNA_Pool-1_4H:S8:J6:04	43	1.00001e+06	197737	620313	16529.1	562969
293T_TFF1_DNA_Pool-1_4H:S8:X3:11	108	1.00001e+06	1.26849e+06	1.03661e+06	954031	469366
293T_TFF1_DNA_Pool-1_4H:S8:Y2:11	21	1.00001e+06	0	333650	11625	0
293T_TFF1_DNA_Pool-1_4H:U3:M8:11	112	1.00001e+06	0	1.44021e+06	989724	2.79559e+06
293T_TFF1_DNA_Pool-1_4H:V1:F3:04	30	1.00001e+06	1.72396e+06	653162	311265	0
293T_TFF1_DNA_Pool-1_4H:V2:K5:09	180	1.00001e+06	1.31477e+06	1.38865e+06	2.52614e+06	931505
293T_TFF1_DNA_Pool-1_4H:V2:S6:11	32	1.00001e+06	573977	1.05621e+06	899470	745302
293T_TFF1_DNA_Pool-1_4H:V6:97:11	28	1.00001e+06	283924	850733	834050	744371
293T_TFF1_DNA_Pool-1_4H:V9:E2:12	22	1.00001e+06	1.59821e+06	547754	891311	0
293T_TFF1_DNA_Pool-1_4H:W3:T4:04	26	1.00001e+06	1.00777e+06	2.13418e+06	1.13019e+06	4.32931e+06
293T_TFF1_DNA_Pool-1_4H:X1:J3:03	22	1.00001e+06	1.07014e+06	1.12025e+06	730733	888584
293T_TFF1_DNA_Pool-1_4H:X1:T7:04	23	1.00001e+06	0	543073	600276	250040
293T_TFF1_DNA_Pool-1_4H:X5:0I:04	46	1.00001e+06	0	906895	751947	3.18131e-27
293T_TFF1_DNA_Pool-1_4H:X5:0R:04	59	1.00001e+06	438773	1.36887e+06	807038	2.82901e+06
293T_TFF1_DNA_Pool-1_4H:X5:0W:11	90	1.00001e+06	1.05111e+06	1.35563e+06	1.0106e+06	1.31223e+06
293T_TFF1_DNA_Pool-1_4H:X5:17:07	31	1.00001e+06	2.13025e+06	673476	462736	606313
293T_TFF1_DNA_Pool-1_4H:X5:49:04	26	1.00001e+06	0	747439	644250	0
293T_TFF1_DNA_Pool-1_4H:X5:B2:09	239	1.00001e+06	0	1.95062e+06	1.78892e+06	1.42985e+06
293T_TFF1_DNA_Pool-1_4H:X5:D7:10	32	1.00001e+06	301854	1.22356e+06	772362	2.35717e+06
293T_TFF1_DNA_Pool-1_4H:X5:F3:04	64	1.00001e+06	2.1286e+06	1.1411e+06	841940	621145
293T_TFF1_DNA_Pool-1_4H:X5:H0:07	32	1.00001e+06	0	853260	636831	429663
293T_TFF1_DNA_Pool-1_4H:X5:H2:12	807	1.00001e+06	0	3.24328e+06	9.85638e+06	3.53885e+06
293T_TFF1_DNA_Pool-1_4H:X5:H8:07	56	1.00001e+06	1.69206e+06	758128	754830	0
293T_TFF1_DNA_Pool-1_4H:X5:L0:11	32	1.00001e+06	2.55144e+06	921682	744625	2.70594e-24
293T_TFF1_DNA_Pool-1_4H:X5:N0:04	82	1.00001e+06	1.1169e+06	1.45255e+06	1.56535e+06	1.27034e+06
293T_TFF1_DNA_Pool-1_4H:X5:O9:03	42	1.00001e+06	1.36525e+06	772886	659334	175756
293T_TFF1_DNA_Pool-1_4H:X5:P0:04	59	1.00001e+06	693529	679077	1.0023e+06	2.54407e+06
293T_TFF1_DNA_Pool-1_4H:X5:U5:09	53	1.00001e+06	0	708131	978237	385359
293T_TFF1_DNA_Pool-1_4H:X5:V0:07	114	1.00001e+06	411637	1.34619e+06	1.39284e+06	2.97153e+06
293T_TFF1_DNA_Pool-1_4H:X5:Y5:07	72	1.00001e+06	1.70266e+06	1.47044e+06	1.16153e+06	2.04545e+06
293T_TFF1_DNA_Pool-1_4H:X6:B2:11	20	1.00001e+06	683550	829560	719701	422990
293T_TFF1_DNA_Pool-1_4H:X9:09:11	23	1.00001e+06	0	802638	685551	489097
293T_TFF1_DNA_Pool-1_4H:X9:0J:04	21	1.00001e+06	0	436777	734371	4.15304e+06
293T_TFF1_DNA_Pool-1_4H:X9:A4:09	24	1.00001e+06	0	360087	705311	581092
293T_TFF1_DNA_Pool-1_4H:Y0:T2:07	23	NA	1.51322e+06	195748	207886	7.40131e-12
293T_TFF1_DNA_Pool-1_4H:Y0:X4:11	33	1.00001e+06	0	852258	729517	269250
293T_TFF1_DNA_Pool-1_4H:Y3:54:11	35	1.00001e+06	2.19855e+06	917186	1.10728e+06	383998
293T_TFF1_DNA_Pool-1_4H:Y3:E2:08	27	1.00001e+06	0	1.34757e+06	698427	827678
293T_TFF1_DNA_Pool-1_4H:Z5:J3:11	54	1.00001e+06	2.00429e+06	520059	806600	1.06412e+06
293T_TFF1_DNA_Pool-1_4H:Z6:50:11	30	1.00001e+06	2.12558e+06	694078	14422.4	1.22459e+06
293T_TFF1_DNA_Pool-1_4H:Z6:E2:09	57	1.00001e+06	310482	999759	756912	653977
293T_TFF1_DNA_Pool-1_4H:Z6:I2:11	25	1.00001e+06	0	349467	634790	224023
293T_TFF1_DNA_Pool-1_4G:04:Y1:03	42	1.00001e+06	285730	1.39578e+06	771295	1.88522e+06
293T_TFF1_DNA_Pool-1_4G:07:J4:03	21	1.00001e+06	121264	241447	9369.84	446662
293T_TFF1_DNA_Pool-1_4G:0A:0V:03	27	1.00001e+06	3.20631e+06	948967	755750	435857
293T_TFF1_DNA_Pool-1_4G:0A:Q8:09	31	1.00001e+06	0	528260	598550	920211
293T_TFF1_DNA_Pool-1_4G:0H:F8:03	33	1.00001e+06	1.45435e+06	590423	15936.1	157649
293T_TFF1_DNA_Pool-1_4G:0H:T8:07	32	1.00001e+06	1.34781e+06	326420	203571	0
293T_TFF1_DNA_Pool-1_4G:0M:X4:03	54	1.00001e+06	332244	972609	836629	274703
293T_TFF1_DNA_Pool-1_4G:0Q:98:03	24	1.00001e+06	0	1.53197e+06	942523	162067
293T_TFF1_DNA_Pool-1_4G:0Q:L6:03	71	1.00001e+06	989964	2.32995e+06	1.21718e+06	0
293T_TFF1_DNA_Pool-1_4G:0T:O5:11	29	1.00001e+06	2.08919e+06	559612	594799	2.2332e+06
293T_TFF1_DNA_Pool-1_4G:0T:Y5:03	55	1.00001e+06	814010	1.26272e+06	715421	1.90836e+06
293T_TFF1_DNA_Pool-1_4G:0X:58:03	62	1.00001e+06	0	1.21256e+06	805906	1.35178e+06
293T_TFF1_DNA_Pool-1_4G:0X:B2:03	54	1.00001e+06	370020	915511	700168	1.0855e+06
293T_TFF1_DNA_Pool-1_4G:0X:L0:05	35	1.00001e+06	216446	881392	749576	1.08745e+06
293T_TFF1_DNA_Pool-1_4G:0X:S5:11	182	1.00001e+06	470522	1.29284e+06	1.33551e+06	1.23481e+06
293T_TFF1_DNA_Pool-1_4G:0Y:78:07	209	1.00001e+06	0	1.63754e+06	804429	2.01065e+06
293T_TFF1_DNA_Pool-1_4G:0Y:F2:03	120	1.00001e+06	1.26287e+06	1.37421e+06	899083	730830
293T_TFF1_DNA_Pool-1_4G:0Y:K6:09	46	1.00001e+06	0	975559	864208	894446
293T_TFF1_DNA_Pool-1_4G:0Y:N4:03	23	1.00001e+06	0	1.17628e+06	826589	5.44566e+06
293T_TFF1_DNA_Pool-1_4G:15:W2:03	35	1.00001e+06	0	1.6833e+06	893632	3.96473e+06
293T_TFF1_DNA_Pool-1_4G:24:U5:03	30	1.00001e+06	0	757196	639194	671145
293T_TFF1_DNA_Pool-1_4G:39:O2:03	25	1.00001e+06	0	258048	14592.4	113383
293T_TFF1_DNA_Pool-1_4G:39:T7:03	70	1.00001e+06	225794	831363	691225	1.22327e+06
293T_TFF1_DNA_Pool-1_4G:39:X8:03	88	1.00001e+06	478220	1.17628e+06	739723	198055
293T_TFF1_DNA_Pool-1_4G:47:18:03	55	1.00001e+06	2.10349e+06	868674	824020	292079
293T_TFF1_DNA_Pool-1_4G:52:18:03	24	1.00001e+06	2.12587e+06	563660	792123	0
293T_TFF1_DNA_Pool-1_4G:64:84:04	22	1.00001e+06	0	646655	819729	665229
293T_TFF1_DNA_Pool-1_4G:80:K1:03	24	1.00001e+06	0	538834	647048	257287
293T_TFF1_DNA_Pool-1_4G:87:O1:02	23	1.00001e+06	0	2.84254e+06	1.20635e+06	0
293T_TFF1_DNA_Pool-1_4G:95:17:03	53	1.00001e+06	0	994863	614320	57474.5
293T_TFF1_DNA_Pool-1_4G:95:46:03	84	1.00001e+06	1.91482e+06	983109	806089	932671
293T_TFF1_DNA_Pool-1_4G:95:L7:03	47	1.00001e+06	0	1.35563e+06	881405	2.52735e+06
293T_TFF1_DNA_Pool-1_4G:95:O6:03	49	1.00001e+06	975764	908047	921843	2.20067e+06
293T_TFF1_DNA_Pool-1_4G:A7:B6:03	20	1.00001e+06	0	854966	761237	157891
293T_TFF1_DNA_Pool-1_4G:B5:D3:01	25	1.00001e+06	268663	579717	848017	0
293T_TFF1_DNA_Pool-1_4G:B6:N0:03	58	1.00001e+06	1.71635e+06	844069	871568	1.10213e+06
293T_TFF1_DNA_Pool-1_4G:C4:78:07	58	1.00001e+06	0	1.48532e+06	805078	946569
293T_TFF1_DNA_Pool-1_4G:D5:Z2:03	34	1.00001e+06	1.70376e+06	495727	612331	446638
293T_TFF1_DNA_Pool-1_4G:E0:E1:03	79	1.00001e+06	0	1.43808e+06	1.25474e+06	583533
293T_TFF1_DNA_Pool-1_4G:E0:O2:11	21	1.00001e+06	1.36716e+06	417384	559316	229618
293T_TFF1_DNA_Pool-1_4G:E0:W0:01	34	1.00001e+06	207120	2.81015e+06	2.27227e+06	721648
293T_TFF1_DNA_Pool-1_4G:E3:L0:05	26	1.00001e+06	0	827071	797104	634033
293T_TFF1_DNA_Pool-1_4G:E7:K5:03	22	1.00001e+06	0	1.02641e+06	607648	3.14235e+06
293T_TFF1_DNA_Pool-1_4G:F2:78:07	52	1.00001e+06	646156	809891	847060	3.23838e+06
293T_TFF1_DNA_Pool-1_4G:H1:30:03	20	1.00001e+06	0	436452	24425.9	544339
293T_TFF1_DNA_Pool-1_4G:H2:A0:03	38	1.00001e+06	1.68983e+06	1.08982e+06	853286	1.07048e+06
293T_TFF1_DNA_Pool-1_4G:J1:08:03	57	1.00001e+06	1.90205e+06	1.16505e+06	943582	959235
293T_TFF1_DNA_Pool-1_4G:J1:B2:03	59	1.00001e+06	512159	1.06513e+06	822268	314853
293T_TFF1_DNA_Pool-1_4G:J1:F2:01	104	1.00001e+06	0	1.27295e+06	816253	1.30703e+06
293T_TFF1_DNA_Pool-1_4G:J1:S5:02	65	1.00001e+06	1.53365e+06	1.33091e+06	1.04024e+06	2.5465e+06
293T_TFF1_DNA_Pool-1_4G:J2:D3:03	38	1.00001e+06	2.26798e+06	559062	569798	0
293T_TFF1_DNA_Pool-1_4G:K3:41:03	25	1.00001e+06	94422.4	568584	878818	453547
293T_TFF1_DNA_Pool-1_4G:K4:I0:05	37	1.00001e+06	1.40662e+06	935530	694734	44195.5
293T_TFF1_DNA_Pool-1_4G:K7:09:09	23	1.00001e+06	0	644880	691904	1.03353e+06
293T_TFF1_DNA_Pool-1_4G:K7:G8:09	21	1.00001e+06	1.78147e+06	556284	570911	1.70757e+06
293T_TFF1_DNA_Pool-1_4G:L2:Q8:09	32	1.00001e+06	624790	495005	738806	448096
293T_TFF1_DNA_Pool-1_4G:L5:G0:02	26	1.00001e+06	1.66317e+06	722648	586016	587332
293T_TFF1_DNA_Pool-1_4G:M0:Q8:09	22	1.00001e+06	1.54434e+06	644191	688031	71969.7
293T_TFF1_DNA_Pool-1_4G:M4:E1:07	70	1.00001e+06	1.373e+06	900869	904834	878724
293T_TFF1_DNA_Pool-1_4G:M7:A6:07	23	1.00001e+06	1.59831e+06	364184	20882.7	0
293T_TFF1_DNA_Pool-1_4G:N5:A4:03	27	1.00001e+06	1.80903e+06	814655	1.00632e+06	0
293T_TFF1_DNA_Pool-1_4G:N9:46:06	31	1.00001e+06	0	425768	920101	0
293T_TFF1_DNA_Pool-1_4G:N9:84:03	89	1.00001e+06	2.12139e+06	1.28556e+06	876227	1.07161e+06
293T_TFF1_DNA_Pool-1_4G:N9:E9:02	120	1.00001e+06	1.22383e+06	1.43872e+06	936895	1.47265e+06
293T_TFF1_DNA_Pool-1_4G:N9:H8:03	40	1.00001e+06	1.9021e+06	1.31459e+06	872343	940067
293T_TFF1_DNA_Pool-1_4G:N9:L0:05	39	1.00001e+06	1.22048e+06	930547	1.01045e+06	804260
293T_TFF1_DNA_Pool-1_4G:N9:N0:03	36	1.00001e+06	518795	758160	775299	660628
293T_TFF1_DNA_Pool-1_4G:N9:O1:03	42	1.00001e+06	930249	1.09581e+06	639973	1.13127e+06
293T_TFF1_DNA_Pool-1_4G:N9:T0:03	94	1.00001e+06	0	1.13835e+06	865843	1.30125e+06
293T_TFF1_DNA_Pool-1_4G:N9:W2:03	141	1.00001e+06	0	1.53387e+06	1.26563e+06	681128
293T_TFF1_DNA_Pool-1_4G:O7:78:05	54	1.00001e+06	625137	790207	752964	659443
293T_TFF1_DNA_Pool-1_4G:O7:T7:03	63	1.00001e+06	1.99301e+06	921456	845772	842657
293T_TFF1_DNA_Pool-1_4G:O8:W6:03	28	1.00001e+06	1.18602e+06	738269	749577	2.72697e+06
293T_TFF1_DNA_Pool-1_4G:P9:98:03	33	1.00001e+06	207213	858986	673790	488314
293T_TFF1_DNA_Pool-1_4G:P9:O9:03	47	1.00001e+06	117890	657706	611189	1.25644e+06
293T_TFF1_DNA_Pool-1_4G:R1:H0:03	20	1.00001e+06	2.30207e+06	1.11682e+06	771165	938673
293T_TFF1_DNA_Pool-1_4G:R1:O5:03	22	1.00001e+06	0	437171	865177	307757
293T_TFF1_DNA_Pool-1_4G:R2:69:03	22	1.00001e+06	1.76544e+06	519906	690247	6.50023e-29
293T_TFF1_DNA_Pool-1_4G:R5:T7:03	44	1.00001e+06	1.55165e+06	1.24113e+06	1.14427e+06	898176
293T_TFF1_DNA_Pool-1_4G:S0:E1:03	62	1.00001e+06	1.75676e+06	1.74303e+06	913031	2.81552e+06
293T_TFF1_DNA_Pool-1_4G:S0:S5:02	23	1.00001e+06	1.32778e+06	978784	711945	1.6293e+06
293T_TFF1_DNA_Pool-1_4G:S4:L6:03	29	1.00001e+06	1.79507e+06	743738	739913	726463
293T_TFF1_DNA_Pool-1_4G:S7:45:11	54	1.00001e+06	1.60865e+06	1.27663e+06	738437	4.91805e+06
293T_TFF1_DNA_Pool-1_4G:S7:A4:03	114	1.00001e+06	0	1.20756e+06	1.12424e+06	393051
293T_TFF1_DNA_Pool-1_4G:S7:E6:03	112	1.00001e+06	0	1.15034e+06	1.04615e+06	1.30279e+06
293T_TFF1_DNA_Pool-1_4G:S7:R2:02	25	1.00001e+06	1.58372e+06	367944	768028	255798
293T_TFF1_DNA_Pool-1_4G:S8:54:03	24	1.00001e+06	372881	259420	18560.8	286685
293T_TFF1_DNA_Pool-1_4G:S8:90:08	62	1.00001e+06	225622	738465	906214	261055
293T_TFF1_DNA_Pool-1_4G:U3:N8:03	30	1.00001e+06	1.36513e+06	413310	618992	0
293T_TFF1_DNA_Pool-1_4G:U4:Y2:03	46	1.00001e+06	0	1.04677e+06	231751	818187
293T_TFF1_DNA_Pool-1_4G:V2:17:03	35	1.00001e+06	1.77858e+06	596874	787470	314400
293T_TFF1_DNA_Pool-1_4G:W7:S5:03	27	1.00001e+06	0	675306	258885	159519
293T_TFF1_DNA_Pool-1_4G:W8:68:03	49	1.00001e+06	0	1.09704e+06	1.90067e+06	1.42012e+06
293T_TFF1_DNA_Pool-1_4G:W8:Y5:04	28	1.00001e+06	0	301495	538592	0
293T_TFF1_DNA_Pool-1_4G:X1:J3:03	750	1.00001e+06	0	3.3832e+06	8.36655e+06	3.61092e+06
293T_TFF1_DNA_Pool-1_4G:X1:X8:03	50	1.00001e+06	1.44272e+06	454254	671373	358139
293T_TFF1_DNA_Pool-1_4G:X2:Y6:03	2095	1.00001e+06	0	5.41123e+06	8.73726e+06	3.77524e+06
293T_TFF1_DNA_Pool-1_4G:X5:25:06	20	1.00001e+06	1.87005e+06	695919	206926	2.27351e+06
293T_TFF1_DNA_Pool-1_4G:X5:D7:10	41	1.00001e+06	0	753734	957213	422952
293T_TFF1_DNA_Pool-1_4G:X5:V3:03	87	1.00001e+06	2.07756e+06	1.02514e+06	760573	983430
293T_TFF1_DNA_Pool-1_4G:Y0:50:05	38	1.00001e+06	0	1.15065e+06	792503	422234
293T_TFF1_DNA_Pool-1_4F:07:M8:01	31	1.00001e+06	0	384829	709083	0
293T_TFF1_DNA_Pool-1_4F:08:Y6:12	41	1.00001e+06	2.50283e+06	792452	822398	739592
293T_TFF1_DNA_Pool-1_4F:0E:Q8:12	22	1.00001e+06	1.97719e+06	568471	607519	0
293T_TFF1_DNA_Pool-1_4F:0P:X3:01	38	1.00001e+06	0	919100	829357	4.07804e+06
293T_TFF1_DNA_Pool-1_4F:0Q:0R:01	37	1.00001e+06	161136	642730	787404	747735
293T_TFF1_DNA_Pool-1_4F:0T:M4:01	41	1.00001e+06	2.59572e+06	1.16149e+06	791050	910449
293T_TFF1_DNA_Pool-1_4F:0U:E9:09	23	NA	0	528572	8166.23	0
293T_TFF1_DNA_Pool-1_4F:0X:02:10	213	1.00001e+06	0	1.64584e+06	1.16407e+06	3.09506e+06
293T_TFF1_DNA_Pool-1_4F:0X:0R:01	185	1.00001e+06	0	1.99264e+06	4.87056e+06	1.85544e+06
293T_TFF1_DNA_Pool-1_4F:0X:B3:02	48	1.00001e+06	932209	1.10496e+06	894744	7.06431e+06
293T_TFF1_DNA_Pool-1_4F:0X:E2:12	177	1.00001e+06	0	1.60241e+06	979937	1.82522e+06
293T_TFF1_DNA_Pool-1_4F:0X:F3:12	59	1.00001e+06	226752	1.0799e+06	724812	310433
293T_TFF1_DNA_Pool-1_4F:0X:H3:12	40	1.00001e+06	1.4312e+06	1.43349e+06	846936	2.28372e+06
293T_TFF1_DNA_Pool-1_4F:0X:R3:12	21	1.00001e+06	1.12244e+06	493366	725623	169353
293T_TFF1_DNA_Pool-1_4F:0Y:24:01	46	1.00001e+06	1.81827e+06	654175	847587	105649
293T_TFF1_DNA_Pool-1_4F:0Y:C8:01	41	1.00001e+06	1.9602e+06	1.00414e+06	856066	1.70039e+06
293T_TFF1_DNA_Pool-1_4F:0Y:O2:10	75	1.00001e+06	2.11115e+06	1.45682e+06	901175	2.7872e+06
293T_TFF1_DNA_Pool-1_4F:0Y:O6:03	38	1.00001e+06	1.72511e+06	833934	714127	545021
293T_TFF1_DNA_Pool-1_4F:0Y:O9:03	22	1.00001e+06	0	893161	820143	1.10877e+06
293T_TFF1_DNA_Pool-1_4F:11:56:01	126	1.00001e+06	0	1.23952e+06	1.11047e+06	2.4292e+06
293T_TFF1_DNA_Pool-1_4F:11:E8:01	33	1.00001e+06	2.43179e+06	718125	742829	522816
293T_TFF1_DNA_Pool-1_4F:19:G2:01	613	1.00001e+06	5.26511e+06	3.30236e+06	6.58953e+06	3.01122e+06
293T_TFF1_DNA_Pool-1_4F:32:K1:12	52	1.00001e+06	0	866303	815575	602081
293T_TFF1_DNA_Pool-1_4F:39:76:05	30	1.00001e+06	1.84407e+06	717750	836266	248218
293T_TFF1_DNA_Pool-1_4F:39:B6:12	22	1.00001e+06	2.4901e+06	926375	754832	4.67974e+06
293T_TFF1_DNA_Pool-1_4F:39:C0:11	28	1.00001e+06	2.20001e+06	689967	725495	346030
293T_TFF1_DNA_Pool-1_4F:39:F8:12	27	1.00001e+06	2.10353e+06	732840	605114	666309
293T_TFF1_DNA_Pool-1_4F:39:K1:12	26	1.00001e+06	1.89985e+06	915107	758968	1.11454e+06
293T_TFF1_DNA_Pool-1_4F:43:76:12	60	1.00001e+06	2.11833e+06	981360	671903	829459
293T_TFF1_DNA_Pool-1_4F:47:0R:01	87	1.00001e+06	2.38371e+06	1.11141e+06	866710	1.17427e+06
293T_TFF1_DNA_Pool-1_4F:47:58:09	126	1.00001e+06	2.00697e+06	1.37826e+06	1.22901e+06	608720
293T_TFF1_DNA_Pool-1_4F:47:D2:09	27	1.00001e+06	699752	867373	813340	720429
293T_TFF1_DNA_Pool-1_4F:47:N7:03	55	1.00001e+06	0	705965	824524	548982
293T_TFF1_DNA_Pool-1_4F:47:Q6:01	1567	1.00001e+06	0	4.7272e+06	1.05862e+07	3.33038e+06
293T_TFF1_DNA_Pool-1_4F:47:S5:12	104	1.00001e+06	1.31184e+06	1.54235e+06	1.03164e+06	1.52402e+06
293T_TFF1_DNA_Pool-1_4F:47:X8:12	25	1.00001e+06	0	898609	595038	476329
293T_TFF1_DNA_Pool-1_4F:52:69:01	22	1.00001e+06	0	574280	18470.3	233951
293T_TFF1_DNA_Pool-1_4F:60:0R:01	22	1.00001e+06	683949	706328	688980	923913
293T_TFF1_DNA_Pool-1_4F:64:84:04	32	1.00001e+06	1.43693e+06	348202	71895.2	311939
293T_TFF1_DNA_Pool-1_4F:67:0R:01	30	1.00001e+06	0	546894	786458	403958
293T_TFF1_DNA_Pool-1_4F:80:45:12	23	1.00001e+06	203769	358743	10298.2	0
293T_TFF1_DNA_Pool-1_4F:80:T0:12	31	1.00001e+06	0	1.03326e+06	710743	3.90859e+06
293T_TFF1_DNA_Pool-1_4F:83:50:12	23	1.00001e+06	626645	1.03846e+06	622285	155955
293T_TFF1_DNA_Pool-1_4F:84:M4:01	91	1.00001e+06	1.41258e+06	966696	779668	1.19754e+06
293T_TFF1_DNA_Pool-1_4F:95:56:12	28	1.00001e+06	670005	312169	14323.8	0
293T_TFF1_DNA_Pool-1_4F:95:94:12	53	1.00001e+06	0	581463	57999.1	137504
293T_TFF1_DNA_Pool-1_4F:95:E6:01	101	1.00001e+06	2.91713e+06	1.37232e+06	1.67307e+06	643238
293T_TFF1_DNA_Pool-1_4F:95:I9:01	26	1.00001e+06	1.64095e+06	600901	809063	263401
293T_TFF1_DNA_Pool-1_4F:95:J6:05	35	1.00001e+06	992387	900665	245628	718424
293T_TFF1_DNA_Pool-1_4F:95:J8:01	105	1.00001e+06	1.60535e+06	1.60062e+06	1.03256e+06	961841
293T_TFF1_DNA_Pool-1_4F:95:M0:12	57	1.00001e+06	0	869646	678761	1.05758e+06
293T_TFF1_DNA_Pool-1_4F:95:Q6:12	27	1.00001e+06	0	1.85842e+06	1.16603e+06	0
293T_TFF1_DNA_Pool-1_4F:95:U6:07	23	NA	1.3586e+06	140478	770444	0
293T_TFF1_DNA_Pool-1_4F:A4:46:09	77	1.00001e+06	748206	1.15674e+06	756277	1.71081e+06
293T_TFF1_DNA_Pool-1_4F:C8:F2:12	21	1.00001e+06	197463	392177	41310.1	0
293T_TFF1_DNA_Pool-1_4F:E0:C4:09	20	1.00001e+06	1.64699e+06	942357	768455	3.09946e+06
293T_TFF1_DNA_Pool-1_4F:E3:45:12	48	1.00001e+06	1.40921e+06	1.35305e+06	854602	531332
293T_TFF1_DNA_Pool-1_4F:E3:46:01	52	1.00001e+06	207096	812699	827541	286414
293T_TFF1_DNA_Pool-1_4F:E3:E8:12	83	1.00001e+06	2.19556e+06	1.10377e+06	801661	490920
293T_TFF1_DNA_Pool-1_4F:E3:J4:12	66	1.00001e+06	1.28858e+06	1.24796e+06	778014	3.22951e+06
293T_TFF1_DNA_Pool-1_4F:E3:J6:05	32	1.00001e+06	0	772452	797009	866331
293T_TFF1_DNA_Pool-1_4F:E3:Q6:01	64	1.00001e+06	2.70757e+06	1.27077e+06	1.84194e+06	4.63616e+06
293T_TFF1_DNA_Pool-1_4F:F5:G5:11	38	1.00001e+06	1.60047e+06	647730	1.16137e+06	290844
293T_TFF1_DNA_Pool-1_4F:F7:I2:12	1751	1.00001e+06	0	4.9112e+06	1.05847e+07	2.91296e+06
293T_TFF1_DNA_Pool-1_4F:G3:B2:01	362	1.00001e+06	0	1.80634e+06	919873	2.41664e+06
293T_TFF1_DNA_Pool-1_4F:G8:O5:01	48	1.00001e+06	2.47656e+06	1.36385e+06	775160	1.95488e+06
293T_TFF1_DNA_Pool-1_4F:H2:09:01	66	1.00001e+06	1.71407e+06	647019	726833	454447
293T_TFF1_DNA_Pool-1_4F:H2:0R:01	38	1.00001e+06	1.63253e+06	811712	802262	919357
293T_TFF1_DNA_Pool-1_4F:H2:32:12	63	1.00001e+06	0	1.01827e+06	808816	209964
293T_TFF1_DNA_Pool-1_4F:H2:54:01	70	1.00001e+06	1.62893e+06	670791	920920	493116
293T_TFF1_DNA_Pool-1_4F:H2:X8:01	32	1.00001e+06	0	630749	798799	1.66451e+06
293T_TFF1_DNA_Pool-1_4F:I3:93:01	27	1.00001e+06	197653	570939	472986	113962
293T_TFF1_DNA_Pool-1_4F:I3:93:12	25	1.00001e+06	714510	1.07121e+06	665175	283616
293T_TFF1_DNA_Pool-1_4F:J1:0R:12	24	1.00001e+06	286549	338107	832707	114002
293T_TFF1_DNA_Pool-1_4F:J1:46:01	68	1.00001e+06	0	921967	968372	2.90677e+06
293T_TFF1_DNA_Pool-1_4F:J1:58:04	109	1.00001e+06	1.06724e+06	1.43574e+06	1.08277e+06	1.62145e+06
293T_TFF1_DNA_Pool-1_4F:J1:76:01	77	1.00001e+06	207020	671649	685963	114334
293T_TFF1_DNA_Pool-1_4F:J1:N8:01	125	1.00001e+06	1.80538e+06	1.22678e+06	992255	1.40924e+06
293T_TFF1_DNA_Pool-1_4F:J1:R4:01	71	1.00001e+06	1.69253e+06	1.33914e+06	793914	1.01549e+06
293T_TFF1_DNA_Pool-1_4F:J1:R4:12	28	1.00001e+06	1.59317e+06	220725	100928	0
293T_TFF1_DNA_Pool-1_4F:J1:Y9:01	42	1.00001e+06	0	1.08472e+06	1.00344e+06	1.12373e+06
293T_TFF1_DNA_Pool-1_4F:K3:N7:03	375	1.00001e+06	3.85087e+06	2.36595e+06	2.24557e+06	2.66119e+06
293T_TFF1_DNA_Pool-1_4F:K7:J0:04	38	1.00001e+06	0	1.04297e+06	618779	814618
293T_TFF1_DNA_Pool-1_4F:M4:46:09	153	1.00001e+06	0	1.29192e+06	981535	625436
293T_TFF1_DNA_Pool-1_4F:M4:L4:01	56	1.00001e+06	0	1.28357e+06	608477	5.07788e+06
293T_TFF1_DNA_Pool-1_4F:M4:Z3:01	34	1.00001e+06	1.70362e+06	677226	611716	175099
293T_TFF1_DNA_Pool-1_4F:M7:94:12	24	1.00001e+06	0	252510	467378	0
293T_TFF1_DNA_Pool-1_4F:M7:A2:01	21	1.00001e+06	0	649239	777711	1.09834e+06
293T_TFF1_DNA_Pool-1_4F:M7:J4:12	23	1.00001e+06	0	1.00913e+06	826489	753926
293T_TFF1_DNA_Pool-1_4F:M8:0R:12	167	1.00001e+06	1.89424e+06	1.44718e+06	1.49211e+06	1.34986e+06
293T_TFF1_DNA_Pool-1_4F:M8:M8:12	32	1.00001e+06	287687	742197	652454	381668
293T_TFF1_DNA_Pool-1_4F:M8:T0:01	45	1.00001e+06	2.08827e+06	664707	581030	151426
293T_TFF1_DNA_Pool-1_4F:N1:13:12	107	1.00001e+06	0	1.26751e+06	848622	307347
293T_TFF1_DNA_Pool-1_4F:N2:T4:08	36	1.00001e+06	0	1.7914e+06	955231	90569
293T_TFF1_DNA_Pool-1_4F:N2:T4:12	29	1.00001e+06	0	355990	789078	504617
293T_TFF1_DNA_Pool-1_4F:N9:B6:01	109	1.00001e+06	0	1.49714e+06	1.04783e+06	1.03687e+06
293T_TFF1_DNA_Pool-1_4F:N9:C9:02	59	1.00001e+06	0	1.73216e+06	969035	2.1095e+06
293T_TFF1_DNA_Pool-1_4F:N9:E6:01	104	1.00001e+06	1.50596e+06	1.37163e+06	1.32368e+06	944842
293T_TFF1_DNA_Pool-1_4F:N9:G8:12	145	1.00001e+06	1.14127e+06	1.18404e+06	806168	945722
293T_TFF1_DNA_Pool-1_4F:N9:J4:01	42	1.00001e+06	1.57277e+06	842245	844814	0
293T_TFF1_DNA_Pool-1_4F:N9:K1:12	35	1.00001e+06	0	1.28885e+06	809676	3.63023e+06
293T_TFF1_DNA_Pool-1_4F:N9:L6:12	24	1.00001e+06	0	1.11655e+06	765741	52090.2
293T_TFF1_DNA_Pool-1_4F:N9:U5:01	77	1.00001e+06	0	1.28796e+06	984084	552911
293T_TFF1_DNA_Pool-1_4F:N9:Z3:01	72	1.00001e+06	1.18206e+06	1.06712e+06	968775	110587
293T_TFF1_DNA_Pool-1_4F:O0:T8:01	37	1.00001e+06	448124	1.03946e+06	833339	976621
293T_TFF1_DNA_Pool-1_4F:O7:98:12	25	1.00001e+06	734970	557404	696689	270628
293T_TFF1_DNA_Pool-1_4F:O7:M8:01	27	1.00001e+06	0	920909	819948	0
293T_TFF1_DNA_Pool-1_4F:O7:Z3:01	31	1.00001e+06	627130	409912	590464	0
293T_TFF1_DNA_Pool-1_4F:P9:O6:01	21	1.00001e+06	1.75068e+06	588976	764538	0
293T_TFF1_DNA_Pool-1_4F:Q0:94:12	21	1.00001e+06	0	944272	492704	573133
293T_TFF1_DNA_Pool-1_4F:S0:H6:12	34	1.00001e+06	2.14731e+06	658073	647106	673284
293T_TFF1_DNA_Pool-1_4F:S4:F2:01	36	1.00001e+06	2.49295e+06	951918	797220	1.78251e+06
293T_TFF1_DNA_Pool-1_4F:S4:U5:01	37	1.00001e+06	451063	791941	694254	648952
293T_TFF1_DNA_Pool-1_4F:S4:X4:01	23	1.00001e+06	1.77493e+06	387355	14132.7	104414
293T_TFF1_DNA_Pool-1_4F:S7:98:12	44	1.00001e+06	1.61019e+06	564856	753238	156058
293T_TFF1_DNA_Pool-1_4F:S7:F3:12	47	1.00001e+06	0	1.38877e+06	821053	2.73545e+06
293T_TFF1_DNA_Pool-1_4F:S7:G0:12	32	1.00001e+06	1.56475e+06	550646	629904	1.12531e+06
293T_TFF1_DNA_Pool-1_4F:S7:H0:01	88	1.00001e+06	0	917548	762905	2.11542e+06
293T_TFF1_DNA_Pool-1_4F:S7:Q6:01	111	1.00001e+06	3.18948e+06	1.47126e+06	2.90729e+06	512746
293T_TFF1_DNA_Pool-1_4F:S7:T2:01	83	1.00001e+06	1.52039e+06	1.03614e+06	841088	598175
293T_TFF1_DNA_Pool-1_4F:S7:X8:01	104	1.00001e+06	0	1.13576e+06	748641	889563
293T_TFF1_DNA_Pool-1_4F:S8:54:12	69	1.00001e+06	382871	1.04322e+06	826081	961028
293T_TFF1_DNA_Pool-1_4F:U3:F2:01	36	1.00001e+06	1.63795e+06	473761	670843	763392
293T_TFF1_DNA_Pool-1_4F:U3:F6:01	49	1.00001e+06	2.26342e+06	879619	768359	1.42909e+06
293T_TFF1_DNA_Pool-1_4F:U7:T4:01	82	1.00001e+06	0	1.01319e+06	868661	1.14915e+06
293T_TFF1_DNA_Pool-1_4F:V1:E9:09	21	1.00001e+06	239537	694825	573193	0
293T_TFF1_DNA_Pool-1_4F:V5:08:04	22	1.00001e+06	0	1.0993e+06	739505	4.51054e+06
293T_TFF1_DNA_Pool-1_4F:V5:E1:03	36	1.00001e+06	0	581921	605727	116519
293T_TFF1_DNA_Pool-1_4F:W3:E2:12	41	1.00001e+06	2.63515e+06	824209	1.01793e+06	889911
293T_TFF1_DNA_Pool-1_4F:W8:09:01	38	1.00001e+06	1.83203e+06	716729	847782	508005
293T_TFF1_DNA_Pool-1_4F:X5:0O:01	75	1.00001e+06	203248	797472	761071	0
293T_TFF1_DNA_Pool-1_4F:X5:0R:04	85	1.00001e+06	1.29204e+06	1.26785e+06	940453	608960
293T_TFF1_DNA_Pool-1_4F:X5:77:02	127	1.00001e+06	1.79271e+06	1.81554e+06	1.23755e+06	2.07072e+06
293T_TFF1_DNA_Pool-1_4F:X5:B3:02	58	1.00001e+06	1.64116e+06	800513	770958	357880
293T_TFF1_DNA_Pool-1_4F:X5:C9:02	113	1.00001e+06	1.54801e+06	1.86479e+06	1.31229e+06	4.23562e+06
293T_TFF1_DNA_Pool-1_4F:X5:D7:10	49	1.00001e+06	1.38683e+06	1.3887e+06	791533	2.81714e+06
293T_TFF1_DNA_Pool-1_4F:X5:F6:07	37	1.00001e+06	0	649747	856235	25622.1
293T_TFF1_DNA_Pool-1_4F:X5:H0:12	22	1.00001e+06	2.03861e+06	1.09151e+06	814919	2.99238e+06
293T_TFF1_DNA_Pool-1_4F:X5:K2:12	52	1.00001e+06	1.36883e+06	1.14202e+06	831290	840594
293T_TFF1_DNA_Pool-1_4F:X5:L8:12	50	1.00001e+06	1.31165e+06	941456	833010	250236
293T_TFF1_DNA_Pool-1_4F:X5:O5:04	331	1.00001e+06	2.1165e+06	2.17888e+06	2.24292e+06	1.64721e+06
293T_TFF1_DNA_Pool-1_4F:X5:S9:12	33	1.00001e+06	0	493904	924666	265624
293T_TFF1_DNA_Pool-1_4F:X5:X8:01	168	1.00001e+06	1.95243e+06	1.45213e+06	1.19676e+06	489328
293T_TFF1_DNA_Pool-1_4F:X6:97:01	34	1.00001e+06	0	976153	14830.1	479316
293T_TFF1_DNA_Pool-1_4F:X6:G1:01	51	1.00001e+06	0	575565	737655	450242
293T_TFF1_DNA_Pool-1_4F:X6:S6:01	114	1.00001e+06	2.13202e+06	1.67444e+06	1.23064e+06	732356
293T_TFF1_DNA_Pool-1_4F:Y3:H7:01	27	1.00001e+06	0	457441	697467	0
293T_TFF1_DNA_Pool-1_4F:Z6:Q0:01	22	1.00001e+06	198340	683978	821710	2.36897e+06
293T_TFF1_DNA_Pool-1_4F:Z6:Q6:01	20	1.00001e+06	1.83312e+06	1.07835e+06	735468	1.50454e+06
293T_TFF1_DNA_Pool-1_4E:04:Q1:07	145	1.00001e+06	0	956543	729815	856275
293T_TFF1_DNA_Pool-1_4E:0Q:72:07	27	1.00001e+06	615074	2.17815e+06	758098	1.40641e+06
293T_TFF1_DNA_Pool-1_4E:0X:56:10	140	1.00001e+06	0	1.41856e+06	1.3234e+06	5.54762e+06
293T_TFF1_DNA_Pool-1_4E:0X:H3:12	26	1.00001e+06	460385	3.0043e+06	779808	244785
293T_TFF1_DNA_Pool-1_4E:0X:M4:07	123	1.00001e+06	1.48531e+06	1.47917e+06	1.30329e+06	772113
293T_TFF1_DNA_Pool-1_4E:40:32:07	69	1.00001e+06	1.74931e+06	1.0256e+06	870593	1.44865e+06
293T_TFF1_DNA_Pool-1_4E:47:49:01	42	1.00001e+06	1.01156e+06	1.02614e+06	850444	0
293T_TFF1_DNA_Pool-1_4E:64:84:04	31	1.00001e+06	0	632354	683558	757223
293T_TFF1_DNA_Pool-1_4E:91:X4:07	32	1.00001e+06	764010	930716	986312	873237
293T_TFF1_DNA_Pool-1_4E:95:25:06	24	1.00001e+06	207598	544158	616273	259850
293T_TFF1_DNA_Pool-1_4E:A3:Q8:01	43	1.00001e+06	1.97076e+06	1.08682e+06	726341	3.42569e+06
293T_TFF1_DNA_Pool-1_4E:A7:56:10	62	1.00001e+06	313849	1.15268e+06	801096	416681
293T_TFF1_DNA_Pool-1_4E:A7:L8:01	87	1.00001e+06	1.55236e+06	1.61697e+06	1.14337e+06	1.33134e+06
293T_TFF1_DNA_Pool-1_4E:B5:Y1:04	83	1.00001e+06	0	1.1534e+06	853729	676949
293T_TFF1_DNA_Pool-1_4E:C0:T0:07	22	1.00001e+06	1.18356e+06	520646	714584	1.07936e+06
293T_TFF1_DNA_Pool-1_4E:C4:Q0:10	25	1.00001e+06	447111	1.14967e+06	740624	964286
293T_TFF1_DNA_Pool-1_4E:G8:N7:04	23	1.00001e+06	199033	547139	796394	88637.6
293T_TFF1_DNA_Pool-1_4E:G8:Y9:07	72	1.00001e+06	1.09822e+06	1.1533e+06	855326	304720
293T_TFF1_DNA_Pool-1_4E:H2:56:10	45	1.00001e+06	606104	1.18506e+06	785025	1.19548e+06
293T_TFF1_DNA_Pool-1_4E:H6:U1:07	21	1.00001e+06	1.77447e+06	503711	184789	666710
293T_TFF1_DNA_Pool-1_4E:J1:G8:07	71	1.00001e+06	2.64322e+06	1.13101e+06	774903	372822
293T_TFF1_DNA_Pool-1_4E:J9:T4:07	20	1.00001e+06	1.14053e+06	442995	659954	0
293T_TFF1_DNA_Pool-1_4E:K3:46:08	25	1.00001e+06	1.69113e+06	972470	623794	1.66244e+06
293T_TFF1_DNA_Pool-1_4E:L1:M0:01	30	1.00001e+06	1.9024e+06	726773	556857	791138
293T_TFF1_DNA_Pool-1_4E:N6:Q8:01	26	1.00001e+06	2.3578e+06	497484	686347	50907
293T_TFF1_DNA_Pool-1_4E:N9:C9:05	87	1.00001e+06	0	1.65988e+06	807465	1.1906e+06
293T_TFF1_DNA_Pool-1_4E:N9:U6:01	80	1.00001e+06	0	1.1192e+06	972448	385886
293T_TFF1_DNA_Pool-1_4E:R6:Y1:04	68	1.00001e+06	1.62748e+06	650447	676620	269929
293T_TFF1_DNA_Pool-1_4E:S7:F3:07	578	1.00001e+06	0	2.27015e+06	4.53797e+06	2.81169e+06
293T_TFF1_DNA_Pool-1_4E:S7:G4:04	73	1.00001e+06	0	842245	981858	37746.7
293T_TFF1_DNA_Pool-1_4E:S8:98:11	32	1.00001e+06	1.68801e+06	611288	762272	727098
293T_TFF1_DNA_Pool-1_4E:U0:56:10	22	1.00001e+06	127119	511727	23616.5	0
293T_TFF1_DNA_Pool-1_4E:U3:Q8:01	49	1.00001e+06	1.71678e+06	961373	698207	2.66357e+06
293T_TFF1_DNA_Pool-1_4E:V9:72:07	33	1.00001e+06	0	658605	776696	253439
293T_TFF1_DNA_Pool-1_4E:V9:D0:05	20	1.00001e+06	0	1.88511e+06	948134	0
293T_TFF1_DNA_Pool-1_4E:V9:E6:01	60	1.00001e+06	0	1.10528e+06	852512	0
293T_TFF1_DNA_Pool-1_4E:X1:J3:03	24	1.00001e+06	1.50581e+06	1.07345e+06	645942	0
293T_TFF1_DNA_Pool-1_4E:X5:25:06	46	1.00001e+06	0	1.29737e+06	959160	2.40499e+06
293T_TFF1_DNA_Pool-1_4E:X5:D7:10	48	1.00001e+06	1.97571e+06	783245	807050	463344
293T_TFF1_DNA_Pool-1_4E:X6:G8:07	33	1.00001e+06	353513	461942	790941	263340
293T_TFF1_DNA_Pool-1_4D:0E:65:05	72	1.00001e+06	1.38052e+06	1.14589e+06	808383	1.75894e+06
293T_TFF1_DNA_Pool-1_4D:0X:A6:07	30	1.00001e+06	227459	986910	670358	477353
293T_TFF1_DNA_Pool-1_4D:0X:O9:03	43	1.00001e+06	0	876245	789424	988553
293T_TFF1_DNA_Pool-1_4D:0Y:G0:05	39	1.00001e+06	1.82618e+06	769054	799941	44013.2
293T_TFF1_DNA_Pool-1_4D:0Y:G2:07	33	1.00001e+06	203164	627131	495178	1.56768e+06
293T_TFF1_DNA_Pool-1_4D:0Y:H3:12	37	1.00001e+06	1.04724e+06	1.01352e+06	840420	790196
293T_TFF1_DNA_Pool-1_4D:0Y:O9:03	58	1.00001e+06	1.89265e+06	992019	814433	589735
293T_TFF1_DNA_Pool-1_4D:24:Y1:01	29	1.00001e+06	298553	792077	789173	223048
293T_TFF1_DNA_Pool-1_4D:47:X7:01	22	1.00001e+06	1.78296e+06	517869	905082	121872
293T_TFF1_DNA_Pool-1_4D:64:84:04	22	1.00001e+06	1.53838e+06	414549	707428	0
293T_TFF1_DNA_Pool-1_4D:95:97:04	25	1.00001e+06	0	652918	803485	47164
293T_TFF1_DNA_Pool-1_4D:95:H3:12	28	1.00001e+06	235989	1.23299e+06	782773	2.04965e+06
293T_TFF1_DNA_Pool-1_4D:95:H6:09	21	1.00001e+06	0	942929	792715	0
293T_TFF1_DNA_Pool-1_4D:B2:H3:09	21	1.00001e+06	2.11762e+06	1.0083e+06	818264	4.3467e+06
293T_TFF1_DNA_Pool-1_4D:C8:65:05	126	1.00001e+06	0	1.78158e+06	1.09368e+06	3.94358e+06
293T_TFF1_DNA_Pool-1_4D:C8:P0:02	39	1.00001e+06	0	660795	677775	495261
293T_TFF1_DNA_Pool-1_4D:E3:U5:08	22	1.00001e+06	116438	508486	747232	100537
293T_TFF1_DNA_Pool-1_4D:F2:E1:03	38	1.00001e+06	0	1.38567e+06	765975	5.25633e+06
293T_TFF1_DNA_Pool-1_4D:G3:J0:02	28	1.00001e+06	2.22205e+06	879523	745668	744679
293T_TFF1_DNA_Pool-1_4D:J1:H3:12	28	1.00001e+06	2.46672e+06	1.33366e+06	837055	1.21943e+06
293T_TFF1_DNA_Pool-1_4D:M7:O2:10	29	1.00001e+06	1.58252e+06	538314	742088	0
293T_TFF1_DNA_Pool-1_4D:O4:56:10	36	1.00001e+06	197612	724732	825498	265511
293T_TFF1_DNA_Pool-1_4D:S7:E1:04	35	1.00001e+06	207589	656368	569047	156164
293T_TFF1_DNA_Pool-1_4D:S7:H6:09	25	1.00001e+06	0	904902	726991	55425.2
293T_TFF1_DNA_Pool-1_4D:T1:49:09	416	1.00001e+06	4.66659e+06	2.69215e+06	4.10191e+06	1.66777e+06
293T_TFF1_DNA_Pool-1_4D:X5:0N:04	29	1.00001e+06	0	658997	852249	282988
293T_TFF1_DNA_Pool-1_4D:X5:20:03	47	1.00001e+06	1.52924e+06	1.02331e+06	910368	300882
293T_TFF1_DNA_Pool-1_4D:X5:D7:10	42	1.00001e+06	1.7036e+06	1.33e+06	930752	280862
293T_TFF1_DNA_Pool-1_4D:X6:X8:09	34	1.00001e+06	1.60019e+06	472192	698385	256732
293T_TFF1_DNA_Pool-1_4D:Y0:46:05	254	1.00001e+06	0	1.86755e+06	1.06364e+06	2.15797e+06
293T_TFF1_DNA_Pool-1_4C:0A:A6:10	21	1.00001e+06	312717	1.27058e+06	740384	766020
293T_TFF1_DNA_Pool-1_4C:0E:H7:02	55	1.00001e+06	0	1.15372e+06	1.22072e+06	2.97122e+06
293T_TFF1_DNA_Pool-1_4C:0T:T4:06	25	1.00001e+06	1.59923e+06	349793	646939	0
293T_TFF1_DNA_Pool-1_4C:0X:A4:09	183	1.00001e+06	0	1.85539e+06	2.1533e+06	2.46195e+06
293T_TFF1_DNA_Pool-1_4C:0X:G0:01	202	1.00001e+06	1.84715e+06	1.6258e+06	1.07045e+06	1.06154e+06
293T_TFF1_DNA_Pool-1_4C:0X:J3:01	50	1.00001e+06	2.0812e+06	933265	804853	2.09133e+06
293T_TFF1_DNA_Pool-1_4C:0X:W2:01	41	1.00001e+06	1.97724e+06	1.44986e+06	660483	1.89128e+06
293T_TFF1_DNA_Pool-1_4C:0Y:T2:05	24	1.00001e+06	0	930520	759838	1.12376e+06
293T_TFF1_DNA_Pool-1_4C:32:H7:02	61	1.00001e+06	0	1.08501e+06	856053	427086
293T_TFF1_DNA_Pool-1_4C:36:T4:06	33	1.00001e+06	0	759120	654442	483919
293T_TFF1_DNA_Pool-1_4C:40:E2:06	24	1.00001e+06	0	597166	771913	0
293T_TFF1_DNA_Pool-1_4C:47:O6:10	26	1.00001e+06	0	511933	15778	98718.1
293T_TFF1_DNA_Pool-1_4C:47:Q0:10	23	1.00001e+06	0	788893	854254	1.18171e+06
293T_TFF1_DNA_Pool-1_4C:55:58:03	39	1.00001e+06	0	832252	870086	1.75446e+06
293T_TFF1_DNA_Pool-1_4C:59:H7:02	40	1.00001e+06	1.93785e+06	717410	712574	401639
293T_TFF1_DNA_Pool-1_4C:88:G8:07	229	1.00001e+06	1.05197e+06	1.53405e+06	1.84544e+06	2.07824e+06
293T_TFF1_DNA_Pool-1_4C:95:98:08	60	1.00001e+06	858407	1.43133e+06	834625	2.2671e+06
293T_TFF1_DNA_Pool-1_4C:B6:X8:09	22	1.00001e+06	1.72973e+06	695427	707333	1.14588e+06
293T_TFF1_DNA_Pool-1_4C:C0:C4:08	75	1.00001e+06	0	748715	746171	30543.9
293T_TFF1_DNA_Pool-1_4C:C8:0B:07	21	1.00001e+06	373879	451841	744808	0
293T_TFF1_DNA_Pool-1_4C:E3:D4:01	42	1.00001e+06	0	452329	804642	0
293T_TFF1_DNA_Pool-1_4C:E3:S6:06	175	1.00001e+06	0	1.79138e+06	1.51317e+06	1.99198e+06
293T_TFF1_DNA_Pool-1_4C:J1:H0:12	26	1.00001e+06	682794	744617	732365	498800
293T_TFF1_DNA_Pool-1_4C:J1:O9:03	31	1.00001e+06	1.04513e+06	847047	755307	776123
293T_TFF1_DNA_Pool-1_4C:L9:0V:04	32	1.00001e+06	0	651616	814899	850167
293T_TFF1_DNA_Pool-1_4C:N5:Q8:06	36	1.00001e+06	1.82922e+06	551601	719905	2.47058e+06
293T_TFF1_DNA_Pool-1_4C:O8:32:09	187	1.00001e+06	0	1.47948e+06	889511	1.69392e+06
293T_TFF1_DNA_Pool-1_4C:P6:32:06	77	1.00001e+06	587202	1.02045e+06	1.25156e+06	1.02621e+06
293T_TFF1_DNA_Pool-1_4C:S7:77:11	28	1.00001e+06	1.96364e+06	632797	528080	0
293T_TFF1_DNA_Pool-1_4C:S7:I9:02	25	1.00001e+06	0	675639	658401	301176
293T_TFF1_DNA_Pool-1_4C:S7:Q0:11	23	1.00001e+06	1.71808e+06	609214	821937	0
293T_TFF1_DNA_Pool-1_4C:W8:E2:08	21	1.00001e+06	372778	196856	725796	0
293T_TFF1_DNA_Pool-1_4C:X5:0R:04	88	1.00001e+06	2.7863e+06	1.22163e+06	921357	643696
293T_TFF1_DNA_Pool-1_4C:X5:D7:10	22	1.00001e+06	375159	472596	735280	383438
293T_TFF1_DNA_Pool-1_4C:X9:56:09	31	1.00001e+06	888503	633005	794427	0
293T_TFF1_DNA_Pool-1_4B:08:B0:04	20	1.00001e+06	0	540609	656833	178277
293T_TFF1_DNA_Pool-1_4B:08:J0:04	27	1.00001e+06	0	898773	888777	394744
293T_TFF1_DNA_Pool-1_4B:0E:56:04	21	1.00001e+06	685763	858983	928758	2.55631e+06
293T_TFF1_DNA_Pool-1_4B:0H:0V:05	24	1.00001e+06	373185	384206	13517.6	88381.8
293T_TFF1_DNA_Pool-1_4B:0H:F3:04	59	1.00001e+06	777919	1.28712e+06	827610	762885
293T_TFF1_DNA_Pool-1_4B:0H:K1:03	27	1.00001e+06	348184	373493	680146	109005
293T_TFF1_DNA_Pool-1_4B:0H:O6:03	49	1.00001e+06	0	857285	900912	660437
293T_TFF1_DNA_Pool-1_4B:0X:20:04	29	1.00001e+06	319533	817477	720506	120382
293T_TFF1_DNA_Pool-1_4B:0X:66:04	43	1.00001e+06	2.13415e+06	794507	694920	304823
293T_TFF1_DNA_Pool-1_4B:0X:B3:11	39	1.00001e+06	1.808e+06	599549	730731	299986
293T_TFF1_DNA_Pool-1_4B:0X:B7:04	40	1.00001e+06	1.6012e+06	663400	776569	212771
293T_TFF1_DNA_Pool-1_4B:0X:B8:04	26	1.00001e+06	185754	262729	36989.4	0
293T_TFF1_DNA_Pool-1_4B:0X:F8:04	50	1.00001e+06	0	933013	844833	340895
293T_TFF1_DNA_Pool-1_4B:0X:H2:04	38	1.00001e+06	1.43901e+06	657593	816860	453770
293T_TFF1_DNA_Pool-1_4B:0X:L6:04	45	1.00001e+06	0	740509	825456	121961
293T_TFF1_DNA_Pool-1_4B:0X:O6:03	91	1.00001e+06	0	1.23357e+06	959945	806344
293T_TFF1_DNA_Pool-1_4B:0X:O9:03	250	1.00001e+06	2.17482e+06	2.07303e+06	2.71282e+06	927083
293T_TFF1_DNA_Pool-1_4B:0X:Q0:12	27	1.00001e+06	328527	927713	710061	1.83739e+06
293T_TFF1_DNA_Pool-1_4B:0X:T0:04	86	1.00001e+06	0	1.0062e+06	986768	1.0423e+06
293T_TFF1_DNA_Pool-1_4B:0X:U1:03	191	1.00001e+06	1.76205e+06	1.84637e+06	2.08332e+06	1.28354e+06
293T_TFF1_DNA_Pool-1_4B:0Y:0I:01	33	1.00001e+06	0	559595	818850	118944
293T_TFF1_DNA_Pool-1_4B:0Y:24:03	48	1.00001e+06	0	832624	757898	159617
293T_TFF1_DNA_Pool-1_4B:0Y:46:04	84	1.00001e+06	0	957571	783224	609228
293T_TFF1_DNA_Pool-1_4B:0Y:C8:03	75	1.00001e+06	2.43357e+06	885315	840970	442513
293T_TFF1_DNA_Pool-1_4B:0Y:H0:03	65	1.00001e+06	0	1.18046e+06	681369	3.51487e+06
293T_TFF1_DNA_Pool-1_4B:0Y:H0:04	81	1.00001e+06	2.10301e+06	836918	968067	338274
293T_TFF1_DNA_Pool-1_4B:0Y:L8:02	48	1.00001e+06	824956	1.01668e+06	786581	512903
293T_TFF1_DNA_Pool-1_4B:0Y:M4:04	121	1.00001e+06	1.0937e+06	1.27426e+06	910930	589111
293T_TFF1_DNA_Pool-1_4B:0Y:O9:03	202	1.00001e+06	3.22199e+06	2.74158e+06	1.67109e+06	1.84039e+06
293T_TFF1_DNA_Pool-1_4B:0Y:X7:04	50	1.00001e+06	2.11246e+06	731058	767145	115173
293T_TFF1_DNA_Pool-1_4B:15:93:04	33	1.00001e+06	2.13357e+06	1.08222e+06	801003	2.33536e+06
293T_TFF1_DNA_Pool-1_4B:24:Q0:04	65	1.00001e+06	1.45708e+06	1.02042e+06	946182	616537
293T_TFF1_DNA_Pool-1_4B:39:L3:09	21	1.00001e+06	2.31399e+06	906317	739269	861336
293T_TFF1_DNA_Pool-1_4B:43:58:04	21	1.00001e+06	0	844789	898858	233341
293T_TFF1_DNA_Pool-1_4B:44:N8:04	31	1.00001e+06	0	973074	740214	501199
293T_TFF1_DNA_Pool-1_4B:47:14:04	22	1.00001e+06	0	1.22947e+06	678514	427146
293T_TFF1_DNA_Pool-1_4B:47:B0:04	25	1.00001e+06	2.07948e+06	677406	746783	971695
293T_TFF1_DNA_Pool-1_4B:47:F2:03	153	1.00001e+06	2.71047e+06	1.6059e+06	815216	1.31511e+06
293T_TFF1_DNA_Pool-1_4B:47:F2:04	45	1.00001e+06	0	898731	722609	0
293T_TFF1_DNA_Pool-1_4B:47:H2:03	30	1.00001e+06	0	1.38247e+06	1.10783e+06	1.82673e+06
293T_TFF1_DNA_Pool-1_4B:47:Q0:03	56	1.00001e+06	1.61059e+06	1.39794e+06	815990	992128
293T_TFF1_DNA_Pool-1_4B:47:X4:03	30	1.00001e+06	262728	694816	841566	478704
293T_TFF1_DNA_Pool-1_4B:47:Y1:04	34	1.00001e+06	1.62971e+06	477416	654152	452439
293T_TFF1_DNA_Pool-1_4B:51:F3:04	227	1.00001e+06	1.60657e+06	1.74838e+06	1.83696e+06	3.25957e+06
293T_TFF1_DNA_Pool-1_4B:52:Q8:03	23	1.00001e+06	1.42237e+06	1.09254e+06	756868	662643
293T_TFF1_DNA_Pool-1_4B:56:N7:04	28	1.00001e+06	1.19319e+06	495598	768349	0
293T_TFF1_DNA_Pool-1_4B:59:H8:03	874	1.00001e+06	5.94105e+06	3.29147e+06	1.16869e+07	3.16036e+06
293T_TFF1_DNA_Pool-1_4B:63:G4:09	20	1.00001e+06	1.36125e+06	1.22036e+06	779093	289866
293T_TFF1_DNA_Pool-1_4B:63:Z6:03	121	1.00001e+06	2.58936e+06	1.06435e+06	722392	868897
293T_TFF1_DNA_Pool-1_4B:67:E6:04	21	1.00001e+06	0	574623	12178.8	400692
293T_TFF1_DNA_Pool-1_4B:68:X8:03	29	1.00001e+06	1.38821e+06	922449	699779	939873
293T_TFF1_DNA_Pool-1_4B:79:I2:04	39	1.00001e+06	2.02356e+06	1.26207e+06	846028	944845
293T_TFF1_DNA_Pool-1_4B:83:F3:04	35	1.00001e+06	0	749965	766118	632465
293T_TFF1_DNA_Pool-1_4B:95:Q8:03	108	1.00001e+06	1.60196e+06	1.17291e+06	920495	432415
293T_TFF1_DNA_Pool-1_4B:95:T8:04	39	1.00001e+06	0	678391	753233	938949
293T_TFF1_DNA_Pool-1_4B:B2:77:04	25	1.00001e+06	0	436429	14097.7	0
293T_TFF1_DNA_Pool-1_4B:B2:E1:04	38	1.00001e+06	1.62333e+06	1.08513e+06	974743	1.43432e+06
293T_TFF1_DNA_Pool-1_4B:B2:H0:04	32	1.00001e+06	1.94485e+06	771837	794627	207475
293T_TFF1_DNA_Pool-1_4B:B9:H3:03	24	1.00001e+06	2.06941e+06	851316	17603.2	359870
293T_TFF1_DNA_Pool-1_4B:B9:M1:04	22	1.00001e+06	839114	707328	1.0739e+06	1.05601e+06
293T_TFF1_DNA_Pool-1_4B:C3:Y6:04	76	1.00001e+06	0	2.17179e+06	4.39921e+06	2.16077e+06
293T_TFF1_DNA_Pool-1_4B:C4:Q0:04	27	1.00001e+06	0	433366	528161	0
293T_TFF1_DNA_Pool-1_4B:C7:0V:05	22	1.00001e+06	206935	859563	737369	0
293T_TFF1_DNA_Pool-1_4B:C8:H7:03	42	1.00001e+06	451061	687664	830632	365697
293T_TFF1_DNA_Pool-1_4B:D6:N7:03	27	1.00001e+06	1.7392e+06	551374	716451	2.33782e+06
293T_TFF1_DNA_Pool-1_4B:E3:02:04	20	1.00001e+06	0	927247	837672	378230
293T_TFF1_DNA_Pool-1_4B:E3:22:08	22	1.00001e+06	2.27576e+06	683310	763115	689968
293T_TFF1_DNA_Pool-1_4B:E3:69:04	76	1.00001e+06	1.64417e+06	1.46708e+06	776307	1.08619e+06
293T_TFF1_DNA_Pool-1_4B:E3:76:04	23	1.00001e+06	196868	408200	798783	0
293T_TFF1_DNA_Pool-1_4B:E3:J3:04	43	1.00001e+06	2.22738e+06	883463	879716	2.0822e+06
293T_TFF1_DNA_Pool-1_4B:E3:M8:03	40	1.00001e+06	2.13771e+06	939538	751851	1.39318e+06
293T_TFF1_DNA_Pool-1_4B:E3:Z6:04	21	1.00001e+06	2.3169e+06	862715	734238	4.51874e+06
293T_TFF1_DNA_Pool-1_4B:E7:46:03	26	1.00001e+06	0	546296	702508	161753
293T_TFF1_DNA_Pool-1_4B:F6:46:04	21	1.00001e+06	0	711367	874759	516247
293T_TFF1_DNA_Pool-1_4B:F7:O9:03	40	1.00001e+06	206778	1.62369e+06	849423	118668
293T_TFF1_DNA_Pool-1_4B:G0:76:03	60	1.00001e+06	1.17911e+06	1.03226e+06	845375	1.10718e+06
293T_TFF1_DNA_Pool-1_4B:G3:X0:04	26	1.00001e+06	1.81217e+06	520085	773720	0
293T_TFF1_DNA_Pool-1_4B:H2:T4:03	43	1.00001e+06	937955	990657	673317	426415
293T_TFF1_DNA_Pool-1_4B:H2:Y5:04	45	1.00001e+06	314769	974421	718642	276412
293T_TFF1_DNA_Pool-1_4B:H6:V3:04	23	1.00001e+06	1.58252e+06	241693	510976	347766
293T_TFF1_DNA_Pool-1_4B:I0:J4:09	92	1.00001e+06	4.11579e+06	1.5597e+06	1.03456e+06	1.07457e+06
293T_TFF1_DNA_Pool-1_4B:I3:0V:05	28	1.00001e+06	1.31661e+06	2.07901e+06	705804	611915
293T_TFF1_DNA_Pool-1_4B:I3:J0:03	37	1.00001e+06	2.86733e+06	1.27367e+06	876271	4.58976e+06
293T_TFF1_DNA_Pool-1_4B:I3:P0:04	43	1.00001e+06	2.40035e+06	738107	803343	89653.2
293T_TFF1_DNA_Pool-1_4B:J1:G4:04	47	1.00001e+06	0	881144	787996	3.96618e+06
293T_TFF1_DNA_Pool-1_4B:J1:J6:03	265	1.00001e+06	0	2.05028e+06	1.99177e+06	883154
293T_TFF1_DNA_Pool-1_4B:J1:X4:04	21	1.00001e+06	1.72345e+06	596131	657026	441722
293T_TFF1_DNA_Pool-1_4B:J1:Z2:12	23	1.00001e+06	2.01778e+06	864689	681793	259826
293T_TFF1_DNA_Pool-1_4B:J1:Z3:04	57	1.00001e+06	0	684172	820635	55513.6
293T_TFF1_DNA_Pool-1_4B:K7:Y5:04	68	1.00001e+06	2.10783e+06	1.13323e+06	876603	466880
293T_TFF1_DNA_Pool-1_4B:K8:G4:09	74	1.00001e+06	1.45184e+06	1.20678e+06	1.09921e+06	822722
293T_TFF1_DNA_Pool-1_4B:L1:P0:04	36	1.00001e+06	1.70397e+06	710517	698491	316423
293T_TFF1_DNA_Pool-1_4B:L6:E1:08	96	1.00001e+06	743096	1.39073e+06	3.98772e+06	1.26501e+06
293T_TFF1_DNA_Pool-1_4B:L9:N8:04	22	1.00001e+06	0	469723	577769	204754
293T_TFF1_DNA_Pool-1_4B:M3:P3:02	34	1.00001e+06	0	959181	865668	0
293T_TFF1_DNA_Pool-1_4B:M3:T2:04	24	1.00001e+06	1.70499e+06	659727	713825	0
293T_TFF1_DNA_Pool-1_4B:M4:0R:04	33	1.00001e+06	0	498629	829319	50014.9
293T_TFF1_DNA_Pool-1_4B:M4:E1:07	30	1.00001e+06	2.44222e+06	490331	251603	1.1175e+06
293T_TFF1_DNA_Pool-1_4B:M7:G2:03	23	1.00001e+06	1.378e+06	534411	664559	101956
293T_TFF1_DNA_Pool-1_4B:M8:S6:03	32	1.00001e+06	2.16229e+06	1.02316e+06	747760	537573
293T_TFF1_DNA_Pool-1_4B:M8:T4:03	25	1.00001e+06	0	591359	738363	127117
293T_TFF1_DNA_Pool-1_4B:N9:0V:06	23	NA	1.63234e+06	565485	811734	276228
293T_TFF1_DNA_Pool-1_4B:N9:58:09	60	1.00001e+06	0	1.15074e+06	996303	2.48619e+06
293T_TFF1_DNA_Pool-1_4B:N9:H3:12	38	1.00001e+06	3.30375e+06	1.17435e+06	838852	476106
293T_TFF1_DNA_Pool-1_4B:N9:I2:03	24	1.00001e+06	127049	407765	747877	0
293T_TFF1_DNA_Pool-1_4B:N9:L8:02	29	1.00001e+06	1.60366e+06	659626	793867	292166
293T_TFF1_DNA_Pool-1_4B:N9:T2:03	79	1.00001e+06	0	1.02575e+06	888918	1.05842e+06
293T_TFF1_DNA_Pool-1_4B:O7:14:02	27	1.00001e+06	1.31062e+06	642080	603371	283511
293T_TFF1_DNA_Pool-1_4B:O7:94:01	1740	1.00001e+06	1.2546e+07	5.03753e+06	1.05001e+07	4.8661e+06
293T_TFF1_DNA_Pool-1_4B:O8:32:09	496	1.00001e+06	3.49491e+06	3.24843e+06	7.32706e+06	3.86124e+06
293T_TFF1_DNA_Pool-1_4B:P9:0B:03	20	1.00001e+06	727404	330101	693550	157990
293T_TFF1_DNA_Pool-1_4B:P9:94:03	66	1.00001e+06	0	1.08183e+06	819835	1.00754e+06
293T_TFF1_DNA_Pool-1_4B:P9:O9:03	63	1.00001e+06	0	1.02418e+06	791747	602553
293T_TFF1_DNA_Pool-1_4B:R1:G8:01	32	1.00001e+06	452223	908856	686608	1.13523e+06
293T_TFF1_DNA_Pool-1_4B:R2:0V:05	23	1.00001e+06	2.21869e+06	812869	709288	953462
293T_TFF1_DNA_Pool-1_4B:R5:D3:03	20	1.00001e+06	1.58252e+06	383301	705212	241493
293T_TFF1_DNA_Pool-1_4B:R5:O1:04	23	1.00001e+06	0	486944	528956	842052
293T_TFF1_DNA_Pool-1_4B:R6:Z0:03	23	1.00001e+06	302893	536708	515916	263275
293T_TFF1_DNA_Pool-1_4B:S7:E6:03	136	1.00001e+06	886751	1.39816e+06	819673	2.03761e+06
293T_TFF1_DNA_Pool-1_4B:S7:H2:04	32	1.00001e+06	0	966650	669661	0
293T_TFF1_DNA_Pool-1_4B:S7:H4:03	100	1.00001e+06	1.10056e+06	1.07835e+06	1.20378e+06	3.94806e+06
293T_TFF1_DNA_Pool-1_4B:S7:H6:04	111	1.00001e+06	1.44244e+06	1.01755e+06	887962	732080
293T_TFF1_DNA_Pool-1_4B:S7:N3:04	103	1.00001e+06	0	1.04644e+06	911165	934475
293T_TFF1_DNA_Pool-1_4B:S7:X4:04	21	1.00001e+06	0	682598	24279.4	2.44007e+06
293T_TFF1_DNA_Pool-1_4B:S7:Z6:04	21	1.00001e+06	205369	527927	547740	227494
293T_TFF1_DNA_Pool-1_4B:S8:H7:04	46	1.00001e+06	0	727294	935608	312776
293T_TFF1_DNA_Pool-1_4B:S8:T4:04	59	1.00001e+06	2.24035e+06	944937	946781	935614
293T_TFF1_DNA_Pool-1_4B:T1:M4:04	32	1.00001e+06	1.5668e+06	440609	781654	219467
293T_TFF1_DNA_Pool-1_4B:T5:08:09	25	1.00001e+06	1.73697e+06	741870	230370	376572
293T_TFF1_DNA_Pool-1_4B:T5:0R:09	25	1.00001e+06	917763	498919	701896	58812.3
293T_TFF1_DNA_Pool-1_4B:U0:H3:04	26	1.00001e+06	1.62758e+06	658881	798275	381397
293T_TFF1_DNA_Pool-1_4B:U8:H3:04	30	1.00001e+06	0	716496	900345	844174
293T_TFF1_DNA_Pool-1_4B:U8:L8:02	20	1.00001e+06	185882	413975	529392	0
293T_TFF1_DNA_Pool-1_4B:V1:E2:03	27	1.00001e+06	826396	658537	672620	0
293T_TFF1_DNA_Pool-1_4B:V1:P0:04	35	1.00001e+06	0	712545	811618	505671
293T_TFF1_DNA_Pool-1_4B:V9:E1:04	139	1.00001e+06	1.06373e+06	1.13753e+06	1.3335e+06	622178
293T_TFF1_DNA_Pool-1_4B:V9:P8:04	30	1.00001e+06	1.13215e+06	1.07271e+06	792969	2.69522e+06
293T_TFF1_DNA_Pool-1_4B:V9:Q4:04	25	1.00001e+06	0	597862	19426.3	0
293T_TFF1_DNA_Pool-1_4B:W0:X8:05	57	1.00001e+06	307418	852458	858244	401943
293T_TFF1_DNA_Pool-1_4B:X1:F3:04	23	1.00001e+06	684088	570476	233187	290808
293T_TFF1_DNA_Pool-1_4B:X1:Y6:04	44	1.00001e+06	2.19646e+06	1.01806e+06	889322	2.87493e+06
293T_TFF1_DNA_Pool-1_4B:X5:0R:04	1228	1.00001e+06	8.78351e+06	4.63904e+06	1.29137e+07	2.62093e+06
293T_TFF1_DNA_Pool-1_4B:X5:22:03	36	1.00001e+06	207629	896559	829916	9835.91
293T_TFF1_DNA_Pool-1_4B:X5:29:09	72	1.00001e+06	1.82044e+06	1.32232e+06	715395	901078
293T_TFF1_DNA_Pool-1_4B:X5:34:04	31	1.00001e+06	482006	1.43282e+06	789805	714340
293T_TFF1_DNA_Pool-1_4B:X5:78:03	74	1.00001e+06	1.29996e+06	961231	783872	790993
293T_TFF1_DNA_Pool-1_4B:X5:94:03	242	1.00001e+06	2.07841e+06	1.81825e+06	836693	2.13376e+06
293T_TFF1_DNA_Pool-1_4B:X5:A2:04	56	1.00001e+06	0	563459	786365	136949
293T_TFF1_DNA_Pool-1_4B:X5:D7:10	57	1.00001e+06	1.44682e+06	868753	952235	280139
293T_TFF1_DNA_Pool-1_4B:X5:E2:04	129	1.00001e+06	0	1.42648e+06	798830	313533
293T_TFF1_DNA_Pool-1_4B:X5:F6:03	29	1.00001e+06	1.73298e+06	844878	757204	273474
293T_TFF1_DNA_Pool-1_4B:X5:J0:04	158	1.00001e+06	510481	1.13257e+06	1.04328e+06	538210
293T_TFF1_DNA_Pool-1_4B:X5:L3:09	48	1.00001e+06	1.97255e+06	640464	574602	286698
293T_TFF1_DNA_Pool-1_4B:X5:M8:12	85	1.00001e+06	1.5942e+06	1.70998e+06	2.77895e+06	728213
293T_TFF1_DNA_Pool-1_4B:X5:S5:04	46	1.00001e+06	876502	1.29044e+06	1.03379e+06	680751
293T_TFF1_DNA_Pool-1_4B:X5:W6:03	70	1.00001e+06	0	1.34627e+06	945540	885271
293T_TFF1_DNA_Pool-1_4B:X5:Z8:03	54	1.00001e+06	190162	1.27785e+06	794713	297049
293T_TFF1_DNA_Pool-1_4B:X6:93:03	23	1.00001e+06	0	2.92625e+06	773364	4.56599e+06
293T_TFF1_DNA_Pool-1_4B:X6:94:03	602	1.00001e+06	0	2.65232e+06	8.1397e+06	2.38491e+06
293T_TFF1_DNA_Pool-1_4B:X6:F3:03	54	1.00001e+06	0	1.6318e+06	1.05791e+06	938822
293T_TFF1_DNA_Pool-1_4B:X9:T8:03	21	1.00001e+06	0	517237	697597	0
293T_TFF1_DNA_Pool-1_4B:Y7:0W:04	20	1.00001e+06	0	312594	801239	140842
293T_TFF1_DNA_Pool-1_4B:Z5:T0:04	20	1.00001e+06	0	578958	829764	130128
293T_TFF1_DNA_Pool-1_4B:Z6:H3:12	603	1.00001e+06	0	2.79537e+06	7.47987e+06	4.0507e+06
293T_TFF1_DNA_Pool-1_4B:Z6:H4:03	33	1.00001e+06	1.20168e+06	959610	769184	555347
293T_TFF1_DNA_Pool-1_4B:Z6:O6:04	35	1.00001e+06	0	1.75665e+06	751430	3.49919e+06
293T_TFF1_DNA_Pool-1_4A:08:17:04	23	1.00001e+06	2.05917e+06	537731	30545.6	125863
293T_TFF1_DNA_Pool-1_4A:08:B3:02	33	1.00001e+06	247382	689586	826976	511089
293T_TFF1_DNA_Pool-1_4A:0E:H0:04	22	1.00001e+06	0	573146	647799	0
293T_TFF1_DNA_Pool-1_4A:0E:M1:04	37	1.00001e+06	0	950301	632250	255889
293T_TFF1_DNA_Pool-1_4A:0I:D0:01	27	1.00001e+06	1.13005e+06	872283	572589	145680
293T_TFF1_DNA_Pool-1_4A:0Q:N7:11	25	1.00001e+06	449863	1.03125e+06	796154	552376
293T_TFF1_DNA_Pool-1_4A:0X:D2:01	53	1.00001e+06	0	1.03358e+06	775765	1.18373e+06
293T_TFF1_DNA_Pool-1_4A:0X:N7:11	102	1.00001e+06	2.66675e+06	1.46315e+06	1.31287e+06	385561
293T_TFF1_DNA_Pool-1_4A:0X:O9:03	115	1.00001e+06	0	1.75497e+06	1.0498e+06	1.82344e+06
293T_TFF1_DNA_Pool-1_4A:0X:P0:01	111	1.00001e+06	1.58364e+06	1.15303e+06	682748	950454
293T_TFF1_DNA_Pool-1_4A:20:J6:02	36	1.00001e+06	0	1.2808e+06	917036	3.36108e+06
293T_TFF1_DNA_Pool-1_4A:24:94:01	21	1.00001e+06	2.04212e+06	503138	795182	748997
293T_TFF1_DNA_Pool-1_4A:24:J0:04	38	1.00001e+06	207279	624381	679051	273342
293T_TFF1_DNA_Pool-1_4A:47:B3:02	37	1.00001e+06	1.44447e+06	684045	583920	634130
293T_TFF1_DNA_Pool-1_4A:47:E2:04	79	1.00001e+06	2.04593e+06	779878	244306	243667
293T_TFF1_DNA_Pool-1_4A:47:H2:01	84	1.00001e+06	0	1.21472e+06	770797	1.53172e+06
293T_TFF1_DNA_Pool-1_4A:47:P0:04	27	1.00001e+06	3.03553e+06	956579	684178	314011
293T_TFF1_DNA_Pool-1_4A:47:X7:02	1023	1.00001e+06	1.3502e+07	4.15037e+06	9.63682e+06	5.21617e+06
293T_TFF1_DNA_Pool-1_4A:56:H6:01	348	1.00001e+06	0	1.74739e+06	2.54368e+06	3.01188e+06
293T_TFF1_DNA_Pool-1_4A:64:08:04	20	1.00001e+06	1.65589e+06	641338	536575	615710
293T_TFF1_DNA_Pool-1_4A:68:Y2:01	22	1.00001e+06	2.43019e+06	892185	798816	4.20708e+06
293T_TFF1_DNA_Pool-1_4A:79:K2:01	65	1.00001e+06	1.72297e+06	679089	740651	123261
293T_TFF1_DNA_Pool-1_4A:95:0J:04	28	1.00001e+06	1.44436e+06	841284	833580	409307
293T_TFF1_DNA_Pool-1_4A:95:E1:03	86	1.00001e+06	610955	1.20139e+06	779702	610846
293T_TFF1_DNA_Pool-1_4A:95:M8:01	141	1.00001e+06	1.5481e+06	1.19798e+06	1.58587e+06	1.21147e+06
293T_TFF1_DNA_Pool-1_4A:95:O6:03	52	1.00001e+06	1.61451e+06	457189	651078	246050
293T_TFF1_DNA_Pool-1_4A:A7:F3:07	41	1.00001e+06	308199	780434	769356	826706
293T_TFF1_DNA_Pool-1_4A:A7:H0:04	122	1.00001e+06	2.73583e+06	1.14049e+06	798585	869080
293T_TFF1_DNA_Pool-1_4A:A7:P0:01	27	1.00001e+06	176496	511647	724715	3.46503e+06
293T_TFF1_DNA_Pool-1_4A:B2:Y2:01	23	1.00001e+06	0	1.20326e+06	772244	4.96081e+06
293T_TFF1_DNA_Pool-1_4A:B5:N7:11	37	1.00001e+06	0	524234	592804	0
293T_TFF1_DNA_Pool-1_4A:B5:Y6:04	35	1.00001e+06	0	408421	820232	510976
293T_TFF1_DNA_Pool-1_4A:C4:A0:05	22	1.00001e+06	1.00272e+06	2.45405e+06	1.07366e+06	3.42932e+06
293T_TFF1_DNA_Pool-1_4A:D1:0R:02	113	1.00001e+06	0	857378	1.00057e+06	703332
293T_TFF1_DNA_Pool-1_4A:E0:T2:04	323	1.00001e+06	1.71937e+06	1.9791e+06	2.67795e+06	1.45491e+06
293T_TFF1_DNA_Pool-1_4A:E3:17:05	26	1.00001e+06	957963	2.65086e+06	734044	3.31594e+06
293T_TFF1_DNA_Pool-1_4A:E3:56:02	38	1.00001e+06	0	1.25399e+06	1.11107e+06	3.38518e+06
293T_TFF1_DNA_Pool-1_4A:E4:N7:11	59	1.00001e+06	1.86162e+06	775952	659037	1.08352e+06
293T_TFF1_DNA_Pool-1_4A:E4:N8:01	139	1.00001e+06	1.37261e+06	1.21023e+06	926361	449149
293T_TFF1_DNA_Pool-1_4A:E4:P0:01	21	1.00001e+06	1.78821e+06	662426	787201	0
293T_TFF1_DNA_Pool-1_4A:H6:T0:07	20	NA	0	110327	611061	0
293T_TFF1_DNA_Pool-1_4A:I4:P0:01	21	1.00001e+06	2.05428e+06	771588	229092	830327
293T_TFF1_DNA_Pool-1_4A:I4:T4:01	67	1.00001e+06	0	875771	1.15557e+06	2.20067e+06
293T_TFF1_DNA_Pool-1_4A:J1:H6:03	46	1.00001e+06	0	522590	744705	1.00207e+06
293T_TFF1_DNA_Pool-1_4A:J1:Q8:08	58	1.00001e+06	0	914693	859758	979352
293T_TFF1_DNA_Pool-1_4A:J1:Y5:01	71	1.00001e+06	884575	1.03975e+06	836142	487954
293T_TFF1_DNA_Pool-1_4A:K7:09:09	30	1.00001e+06	1.5994e+06	878987	580868	135778
293T_TFF1_DNA_Pool-1_4A:K7:E1:01	64	1.00001e+06	1.14413e+06	1.23544e+06	723477	1.28308e+06
293T_TFF1_DNA_Pool-1_4A:K7:Y5:01	48	1.00001e+06	1.95577e+06	879847	756871	1.69657e+06
293T_TFF1_DNA_Pool-1_4A:M0:A4:02	435	1.00001e+06	0	2.37434e+06	2.63981e+06	2.59047e+06
293T_TFF1_DNA_Pool-1_4A:M3:J0:01	41	1.00001e+06	0	397233	788313	328971
293T_TFF1_DNA_Pool-1_4A:M7:M0:02	25	1.00001e+06	1.63476e+06	499120	854344	267394
293T_TFF1_DNA_Pool-1_4A:M7:T4:01	159	1.00001e+06	0	1.4375e+06	821141	429661
293T_TFF1_DNA_Pool-1_4A:N2:0J:01	244	1.00001e+06	1.86664e+06	2.1176e+06	2.80261e+06	1.89352e+06
293T_TFF1_DNA_Pool-1_4A:N6:09:01	33	1.00001e+06	1.71605e+06	486159	778795	690736
293T_TFF1_DNA_Pool-1_4A:N9:28:01	124	1.00001e+06	353514	1.06005e+06	956361	785081
293T_TFF1_DNA_Pool-1_4A:N9:E6:01	84	1.00001e+06	0	1.00097e+06	862504	1.61153e+06
293T_TFF1_DNA_Pool-1_4A:N9:F8:02	91	1.00001e+06	0	774254	906681	299738
293T_TFF1_DNA_Pool-1_4A:N9:L3:01	65	1.00001e+06	0	970953	767424	1.15563e+06
293T_TFF1_DNA_Pool-1_4A:N9:S1:01	45	1.00001e+06	1.74689e+06	658767	708769	193170
293T_TFF1_DNA_Pool-1_4A:P2:N8:02	178	1.00001e+06	0	1.21643e+06	1.11148e+06	891236
293T_TFF1_DNA_Pool-1_4A:P6:V0:01	36	1.00001e+06	0	454603	666449	0
293T_TFF1_DNA_Pool-1_4A:P9:E2:04	28	1.00001e+06	94786.2	350733	855715	0
293T_TFF1_DNA_Pool-1_4A:Q0:76:01	20	1.00001e+06	0	457505	14660.4	3.94382e+06
293T_TFF1_DNA_Pool-1_4A:Q7:E2:10	122	1.00001e+06	753700	1.15315e+06	800789	772709
293T_TFF1_DNA_Pool-1_4A:R6:B3:02	23	1.00001e+06	1.88141e+06	775263	557577	478056
293T_TFF1_DNA_Pool-1_4A:S3:P0:01	64	1.00001e+06	1.64105e+06	1.05857e+06	1.06025e+06	1.01975e+06
293T_TFF1_DNA_Pool-1_4A:S7:D4:01	79	1.00001e+06	416435	1.01365e+06	744325	280286
293T_TFF1_DNA_Pool-1_4A:S7:O6:01	73	1.00001e+06	477272	1.07864e+06	862862	1.40756e+06
293T_TFF1_DNA_Pool-1_4A:S7:S9:09	25	1.00001e+06	1.64792e+06	748560	800319	0
293T_TFF1_DNA_Pool-1_4A:S8:H3:12	38	1.00001e+06	1.60029e+06	431301	618330	0
293T_TFF1_DNA_Pool-1_4A:S8:W2:01	41	1.00001e+06	947399	345312	798717	0
293T_TFF1_DNA_Pool-1_4A:U3:N7:01	57	1.00001e+06	2.34951e+06	962198	716291	131359
293T_TFF1_DNA_Pool-1_4A:V1:H7:01	53	1.00001e+06	1.68732e+06	951672	681529	598950
293T_TFF1_DNA_Pool-1_4A:V5:B6:07	25	1.00001e+06	0	353919	238319	705149
293T_TFF1_DNA_Pool-1_4A:V9:H7:01	38	1.00001e+06	2.13346e+06	1.1092e+06	874815	129746
293T_TFF1_DNA_Pool-1_4A:W3:50:11	20	1.00001e+06	95194.3	377945	598141	0
293T_TFF1_DNA_Pool-1_4A:W7:G1:02	22	NA	1.39367e+06	122451	13380.3	0
293T_TFF1_DNA_Pool-1_4A:W8:B2:07	20	1.00001e+06	0	557710	831514	877237
293T_TFF1_DNA_Pool-1_4A:X1:J3:03	32	1.00001e+06	354983	1.29224e+06	735516	1.22767e+06
293T_TFF1_DNA_Pool-1_4A:X5:B2:07	85	1.00001e+06	703194	806807	806560	184978
293T_TFF1_DNA_Pool-1_4A:X5:B3:02	106	1.00001e+06	888540	1.12291e+06	831041	459771
293T_TFF1_DNA_Pool-1_4A:X5:D7:10	34	1.00001e+06	0	812529	731515	613525
293T_TFF1_DNA_Pool-1_4A:X5:H4:01	75	1.00001e+06	1.86691e+06	773873	829582	1.94323e+06
293T_TFF1_DNA_Pool-1_4A:X5:H7:05	48	1.00001e+06	1.77881e+06	588934	883224	109793
293T_TFF1_DNA_Pool-1_4A:X5:P8:06	22	1.00001e+06	0	296730	831054	247696
293T_TFF1_DNA_Pool-1_4A:X5:R2:03	28	1.00001e+06	0	337812	710285	1.1817e+06
293T_TFF1_DNA_Pool-1_4A:X6:0V:01	215	1.00001e+06	0	1.52102e+06	1.68554e+06	940330
293T_TFF1_DNA_Pool-1_4A:X6:50:02	49	1.00001e+06	297932	911141	912513	170918
293T_TFF1_DNA_Pool-1_4A:X6:E6:01	85	1.00001e+06	1.14457e+06	981262	895982	856353
293T_TFF1_DNA_Pool-1_4A:X9:H3:07	48	1.00001e+06	217155	892349	757455	1.12513e+06
293T_TFF1_DNA_Pool-1_4A:Y7:0R:04	31	1.00001e+06	1.31767e+06	711815	848107	0
293T_TFF1_DNA_Pool-1_4A:Y8:T4:07	24	1.00001e+06	1.97726e+06	633293	868832	356604
293T_TFF1_DNA_Pool-1_4A:Z6:K2:01	64	1.00001e+06	2.27562e+06	910827	791486	2.17871e+06
293T_TFF1_DNA_Pool-1_5H:08:T4:12	33	1.00001e+06	2.22735e+06	701468	861630	0
293T_TFF1_DNA_Pool-1_5H:0A:P4:12	31	1.00001e+06	972963	703843	669175	486424
293T_TFF1_DNA_Pool-1_5H:0H:T4:12	22	1.00001e+06	117459	557639	646492	77279.7
293T_TFF1_DNA_Pool-1_5H:0M:56:09	21	1.00001e+06	0	565657	842873	0
293T_TFF1_DNA_Pool-1_5H:0Q:F8:11	280	1.00001e+06	2.84937e+06	2.15409e+06	4.27096e+06	1.46594e+06
293T_TFF1_DNA_Pool-1_5H:0X:B0:11	20	1.00001e+06	0	801974	771795	184187
293T_TFF1_DNA_Pool-1_5H:0X:X3:11	159	1.00001e+06	0	1.49373e+06	1.12936e+06	1.20561e+06
293T_TFF1_DNA_Pool-1_5H:0X:Z3:11	136	1.00001e+06	2.65566e+06	1.10679e+06	962243	1.73243e+06
293T_TFF1_DNA_Pool-1_5H:0Y:14:09	61	1.00001e+06	535098	1.18518e+06	866427	5.32126e+06
293T_TFF1_DNA_Pool-1_5H:0Y:98:09	148	1.00001e+06	1.28301e+06	1.79058e+06	1.43455e+06	911228
293T_TFF1_DNA_Pool-1_5H:0Y:W0:11	33	1.00001e+06	1.64964e+06	430110	598581	0
293T_TFF1_DNA_Pool-1_5H:15:T0:11	53	1.00001e+06	0	1.72373e+06	985316	1.8455e+06
293T_TFF1_DNA_Pool-1_5H:16:93:09	35	1.00001e+06	2.95404e+06	851253	910253	1.0069e+06
293T_TFF1_DNA_Pool-1_5H:16:T8:09	37	1.00001e+06	1.83247e+06	836134	701323	630329
293T_TFF1_DNA_Pool-1_5H:20:G2:09	32	1.00001e+06	0	494795	196171	162242
293T_TFF1_DNA_Pool-1_5H:24:X8:11	21	1.00001e+06	0	977046	753403	1.99553e+06
293T_TFF1_DNA_Pool-1_5H:24:Y1:01	37	1.00001e+06	443917	546914	650207	588594
293T_TFF1_DNA_Pool-1_5H:28:F2:11	364	1.00001e+06	1.02036e+07	2.61394e+06	2.50695e+06	1.56284e+06
293T_TFF1_DNA_Pool-1_5H:28:M0:11	21	1.00001e+06	1.59828e+06	680178	827897	316365
293T_TFF1_DNA_Pool-1_5H:47:14:11	68	1.00001e+06	0	808944	828468	424259
293T_TFF1_DNA_Pool-1_5H:47:65:11	31	1.00001e+06	0	940790	772294	1.16056e+06
293T_TFF1_DNA_Pool-1_5H:47:L0:11	36	1.00001e+06	2.13095e+06	773313	691514	477500
293T_TFF1_DNA_Pool-1_5H:47:L7:09	23	1.00001e+06	0	1.12456e+06	825920	2.33319e+06
293T_TFF1_DNA_Pool-1_5H:48:E2:11	22	1.00001e+06	1.61844e+06	435408	696660	59177.2
293T_TFF1_DNA_Pool-1_5H:51:76:11	205	1.00001e+06	1.89207e+06	1.58896e+06	1.23391e+06	1.19444e+06
293T_TFF1_DNA_Pool-1_5H:55:F8:11	26	1.00001e+06	0	805167	883480	682184
293T_TFF1_DNA_Pool-1_5H:56:R7:04	22	1.00001e+06	2.18346e+06	1.88773e+06	827134	4.39521e+06
293T_TFF1_DNA_Pool-1_5H:59:Y5:11	40	1.00001e+06	0	810266	788284	547149
293T_TFF1_DNA_Pool-1_5H:64:84:04	23	1.00001e+06	0	1.18174e+06	558692	0
293T_TFF1_DNA_Pool-1_5H:64:H2:04	50	1.00001e+06	1.46685e+06	1.37854e+06	989240	700390
293T_TFF1_DNA_Pool-1_5H:71:L3:11	43	1.00001e+06	964397	832123	740834	984254
293T_TFF1_DNA_Pool-1_5H:71:M1:11	27	1.00001e+06	0	646320	728812	414104
293T_TFF1_DNA_Pool-1_5H:79:G8:04	164	1.00001e+06	0	1.55071e+06	1.39817e+06	925200
293T_TFF1_DNA_Pool-1_5H:83:H2:11	20	1.00001e+06	263679	285274	712206	0
293T_TFF1_DNA_Pool-1_5H:88:61:11	28	1.00001e+06	0	1.03017e+06	883316	771375
293T_TFF1_DNA_Pool-1_5H:95:32:09	53	1.00001e+06	1.28558e+06	674052	47434.1	320289
293T_TFF1_DNA_Pool-1_5H:95:50:11	28	1.00001e+06	493591	956894	986926	989534
293T_TFF1_DNA_Pool-1_5H:95:J8:11	29	1.00001e+06	206813	772296	794371	360798
293T_TFF1_DNA_Pool-1_5H:99:56:11	54	1.00001e+06	455294	579901	941272	0
293T_TFF1_DNA_Pool-1_5H:A4:A2:09	34	1.00001e+06	0	553715	795880	421779
293T_TFF1_DNA_Pool-1_5H:A4:A5:11	74	1.00001e+06	671561	1.19303e+06	829322	4.17187e+06
293T_TFF1_DNA_Pool-1_5H:A4:F3:10	49	1.00001e+06	0	685015	908049	497899
293T_TFF1_DNA_Pool-1_5H:A4:M4:11	25	1.00001e+06	1.83009e+06	573502	738655	331595
293T_TFF1_DNA_Pool-1_5H:A7:F3:10	34	1.00001e+06	0	839681	520162	0
293T_TFF1_DNA_Pool-1_5H:A7:M0:11	29	1.00001e+06	1.57203e+06	583392	773628	123518
293T_TFF1_DNA_Pool-1_5H:B5:0R:11	21	1.00001e+06	0	803979	678471	0
293T_TFF1_DNA_Pool-1_5H:B5:H2:09	77	1.00001e+06	0	1.01118e+06	751020	2.89372e+06
293T_TFF1_DNA_Pool-1_5H:B9:77:09	23	1.00001e+06	1.77211e+06	542638	759170	0
293T_TFF1_DNA_Pool-1_5H:C8:98:11	43	1.00001e+06	776233	1.30163e+06	712727	1.11841e+06
293T_TFF1_DNA_Pool-1_5H:C8:S9:11	20	1.00001e+06	1.58252e+06	416925	8295.53	293046
293T_TFF1_DNA_Pool-1_5H:C8:Y6:11	42	1.00001e+06	900798	951693	861125	903107
293T_TFF1_DNA_Pool-1_5H:D9:E1:09	28	1.00001e+06	1.63448e+06	609354	735935	103261
293T_TFF1_DNA_Pool-1_5H:E0:N8:11	39	1.00001e+06	0	761781	716523	907174
293T_TFF1_DNA_Pool-1_5H:E3:13:09	20	1.00001e+06	0	350768	507621	524043
293T_TFF1_DNA_Pool-1_5H:E3:30:09	26	1.00001e+06	0	454669	712603	0
293T_TFF1_DNA_Pool-1_5H:E3:30:11	26	1.00001e+06	1.6947e+06	776659	691654	423775
293T_TFF1_DNA_Pool-1_5H:E3:94:11	32	1.00001e+06	0	634395	580374	1.29218e+06
293T_TFF1_DNA_Pool-1_5H:E3:A2:04	32	1.00001e+06	0	546119	943430	212956
293T_TFF1_DNA_Pool-1_5H:E3:B2:10	46	1.00001e+06	1.8686e+06	624060	707718	0
293T_TFF1_DNA_Pool-1_5H:E3:G4:09	112	1.00001e+06	1.38932e+06	988450	749657	1.74827e+06
293T_TFF1_DNA_Pool-1_5H:F1:H2:11	20	1.00001e+06	1.60131e+06	354781	773760	128100
293T_TFF1_DNA_Pool-1_5H:F2:F3:11	33	1.00001e+06	1.34558e+06	606043	227292	116982
293T_TFF1_DNA_Pool-1_5H:F2:Z8:11	393	1.00001e+06	2.57398e+06	3.01174e+06	5.0003e+06	2.43046e+06
293T_TFF1_DNA_Pool-1_5H:F5:61:09	57	1.00001e+06	956799	831190	695618	589161
293T_TFF1_DNA_Pool-1_5H:G7:F2:09	33	1.00001e+06	305253	860902	854960	669701
293T_TFF1_DNA_Pool-1_5H:G8:V0:09	22	1.00001e+06	1.68374e+06	795282	21794.3	423392
293T_TFF1_DNA_Pool-1_5H:H1:20:11	24	1.00001e+06	1.59851e+06	477976	685125	576171
293T_TFF1_DNA_Pool-1_5H:H5:46:11	22	1.00001e+06	0	246997	14595	0
293T_TFF1_DNA_Pool-1_5H:H5:K5:11	25	1.00001e+06	1.62354e+06	578596	689023	0
293T_TFF1_DNA_Pool-1_5H:H9:F3:04	22	1.00001e+06	1.59959e+06	792718	852033	3.13223e+06
293T_TFF1_DNA_Pool-1_5H:I4:H7:04	143	1.00001e+06	1.49372e+06	1.01019e+06	946344	640244
293T_TFF1_DNA_Pool-1_5H:I7:54:12	20	1.00001e+06	0	795419	745938	489872
293T_TFF1_DNA_Pool-1_5H:J1:76:11	36	1.00001e+06	221231	1.31769e+06	788211	576852
293T_TFF1_DNA_Pool-1_5H:J1:E2:09	157	1.00001e+06	0	1.77011e+06	1.38426e+06	1.0334e+06
293T_TFF1_DNA_Pool-1_5H:J1:H6:09	48	1.00001e+06	0	516674	900311	1.10859e+06
293T_TFF1_DNA_Pool-1_5H:J1:K2:11	32	1.00001e+06	0	601689	746562	838083
293T_TFF1_DNA_Pool-1_5H:J1:S5:11	58	1.00001e+06	1.68562e+06	1.86225e+06	4.7136e+06	0
293T_TFF1_DNA_Pool-1_5H:J1:X0:07	26	1.00001e+06	753907	596920	677123	1.50854e+06
293T_TFF1_DNA_Pool-1_5H:J1:Y1:11	49	1.00001e+06	0	1.45078e+06	761287	101804
293T_TFF1_DNA_Pool-1_5H:J6:Y5:09	730	1.00001e+06	0	3.72484e+06	1.18029e+07	2.79953e+06
293T_TFF1_DNA_Pool-1_5H:K0:A2:09	26	1.00001e+06	218380	382031	794264	54194
293T_TFF1_DNA_Pool-1_5H:K0:N7:03	26	1.00001e+06	1.61056e+06	469186	712087	0
293T_TFF1_DNA_Pool-1_5H:K0:T0:11	36	1.00001e+06	203181	476999	761855	576597
293T_TFF1_DNA_Pool-1_5H:K0:Y6:09	70	1.00001e+06	1.4158e+06	934369	825940	901145
293T_TFF1_DNA_Pool-1_5H:K7:41:11	22	1.00001e+06	516766	1.25099e+06	833536	3.52301e+06
293T_TFF1_DNA_Pool-1_5H:K7:F3:11	24	1.00001e+06	0	731125	726997	743683
293T_TFF1_DNA_Pool-1_5H:K7:O2:11	22	1.00001e+06	1.35801e+06	432794	783695	109902
293T_TFF1_DNA_Pool-1_5H:M3:Y5:11	48	1.00001e+06	626383	403810	607945	726619
293T_TFF1_DNA_Pool-1_5H:M3:Z2:02	22	1.00001e+06	0	1.22442e+06	747965	1.48191e+06
293T_TFF1_DNA_Pool-1_5H:M4:E1:07	21	1.00001e+06	684858	698649	869677	0
293T_TFF1_DNA_Pool-1_5H:M7:84:09	26	1.00001e+06	0	716108	828194	358698
293T_TFF1_DNA_Pool-1_5H:M8:L6:01	28	1.00001e+06	1.69639e+06	603863	757868	809239
293T_TFF1_DNA_Pool-1_5H:N5:56:04	812	1.00001e+06	0	3.42475e+06	1.0478e+07	3.64822e+06
293T_TFF1_DNA_Pool-1_5H:N9:0A:09	20	1.00001e+06	969525	1.2097e+06	523584	718841
293T_TFF1_DNA_Pool-1_5H:N9:25:11	28	1.00001e+06	0	486359	752640	1.21331e+06
293T_TFF1_DNA_Pool-1_5H:N9:54:04	56	1.00001e+06	0	460666	731141	210188
293T_TFF1_DNA_Pool-1_5H:N9:76:04	24	1.00001e+06	0	1.13982e+06	828964	5.06449e+06
293T_TFF1_DNA_Pool-1_5H:N9:98:09	120	1.00001e+06	0	1.26574e+06	671874	496757
293T_TFF1_DNA_Pool-1_5H:N9:H8:09	37	1.00001e+06	0	932072	885499	1.22376e+06
293T_TFF1_DNA_Pool-1_5H:N9:S1:11	83	1.00001e+06	0	1.35792e+06	844753	1.5699e+06
293T_TFF1_DNA_Pool-1_5H:N9:Z3:11	102	1.00001e+06	2.55165e+06	1.26119e+06	840529	2.29468e+06
293T_TFF1_DNA_Pool-1_5H:O0:E1:09	20	1.00001e+06	185396	491342	709435	0
293T_TFF1_DNA_Pool-1_5H:O3:O9:09	44	1.00001e+06	287005	799366	986813	462022
293T_TFF1_DNA_Pool-1_5H:O7:98:11	30	1.00001e+06	0	974884	730839	3.48573e+06
293T_TFF1_DNA_Pool-1_5H:O7:G4:09	79	1.00001e+06	0	1.04456e+06	498861	367914
293T_TFF1_DNA_Pool-1_5H:P6:0N:09	53	1.00001e+06	2.19987e+06	1.01926e+06	666247	601056
293T_TFF1_DNA_Pool-1_5H:P9:E2:11	32	1.00001e+06	1.35913e+06	334000	698818	34715.5
293T_TFF1_DNA_Pool-1_5H:Q4:61:11	51	1.00001e+06	1.98681e+06	914710	717630	513900
293T_TFF1_DNA_Pool-1_5H:Q4:76:09	489	1.00001e+06	4.0173e+06	2.36327e+06	6.28092e+06	1.64073e+06
293T_TFF1_DNA_Pool-1_5H:Q4:G9:04	26	1.00001e+06	0	809746	672143	0
293T_TFF1_DNA_Pool-1_5H:Q4:L8:04	20	1.00001e+06	0	185065	551881	42330.6
293T_TFF1_DNA_Pool-1_5H:Q4:L8:11	29	1.00001e+06	0	2.63866e+06	4.27809e+06	453600
293T_TFF1_DNA_Pool-1_5H:Q4:O9:09	22	1.00001e+06	0	617486	829056	810037
293T_TFF1_DNA_Pool-1_5H:Q4:R3:11	25	1.00001e+06	0	417170	466152	4.95211e+06
293T_TFF1_DNA_Pool-1_5H:Q8:E1:09	60	1.00001e+06	0	1.01554e+06	842871	134700
293T_TFF1_DNA_Pool-1_5H:R1:98:09	51	1.00001e+06	2.09543e+06	831179	900720	1.92858e+06
293T_TFF1_DNA_Pool-1_5H:R6:0R:04	74	1.00001e+06	0	931103	861467	338512
293T_TFF1_DNA_Pool-1_5H:R6:24:11	33	1.00001e+06	888184	780760	792744	82135.1
293T_TFF1_DNA_Pool-1_5H:S0:D3:09	34	1.00001e+06	256039	387363	717427	105426
293T_TFF1_DNA_Pool-1_5H:S7:02:09	55	1.00001e+06	0	936093	758555	1.60153e+06
293T_TFF1_DNA_Pool-1_5H:S7:0W:04	33	1.00001e+06	2.19955e+06	1.00398e+06	740379	179721
293T_TFF1_DNA_Pool-1_5H:S7:20:12	24	1.00001e+06	1.36515e+06	243936	15748.4	0
293T_TFF1_DNA_Pool-1_5H:S7:97:11	28	1.00001e+06	213048	1.16863e+06	785575	358125
293T_TFF1_DNA_Pool-1_5H:S7:A0:04	39	1.00001e+06	1.69931e+06	832936	664785	717903
293T_TFF1_DNA_Pool-1_5H:S7:E1:11	257	1.00001e+06	1.65026e+06	1.28821e+06	1.09405e+06	720043
293T_TFF1_DNA_Pool-1_5H:S7:E9:02	43	1.00001e+06	1.62598e+06	846420	1.06418e+06	619217
293T_TFF1_DNA_Pool-1_5H:S7:H6:12	87	1.00001e+06	1.72286e+06	743470	785409	361297
293T_TFF1_DNA_Pool-1_5H:S7:L0:11	43	1.00001e+06	0	592993	753323	859132
293T_TFF1_DNA_Pool-1_5H:S7:O9:11	64	1.00001e+06	0	831040	934614	630537
293T_TFF1_DNA_Pool-1_5H:S7:Y2:04	65	1.00001e+06	0	892877	716570	1.07371e+06
293T_TFF1_DNA_Pool-1_5H:S7:Z8:11	53	1.00001e+06	1.45029e+06	1.36527e+06	849574	1.96388e+06
293T_TFF1_DNA_Pool-1_5H:S8:46:11	75	1.00001e+06	0	920477	908183	821743
293T_TFF1_DNA_Pool-1_5H:S8:66:11	30	1.00001e+06	1.5697e+06	485219	25998.8	370215
293T_TFF1_DNA_Pool-1_5H:S8:72:09	22	1.00001e+06	1.58252e+06	611017	723796	98513
293T_TFF1_DNA_Pool-1_5H:S8:J4:11	32	1.00001e+06	1.36811e+06	304739	699162	124414
293T_TFF1_DNA_Pool-1_5H:S8:L8:11	53	1.00001e+06	2.34319e+06	821688	880079	1.14947e+06
293T_TFF1_DNA_Pool-1_5H:S8:R4:11	437	1.00001e+06	0	4.01438e+06	3.83215e+06	2.3995e+06
293T_TFF1_DNA_Pool-1_5H:S8:S9:11	32	1.00001e+06	1.97421e+06	1.45261e+06	1.07609e+06	2.63878e+06
293T_TFF1_DNA_Pool-1_5H:S8:T8:11	61	1.00001e+06	488784	1.01802e+06	766650	489895
293T_TFF1_DNA_Pool-1_5H:S8:U6:11	20	1.00001e+06	1.54501e+06	655253	849993	369266
293T_TFF1_DNA_Pool-1_5H:T1:C4:12	102	1.00001e+06	838109	1.54989e+06	856898	1.88834e+06
293T_TFF1_DNA_Pool-1_5H:T1:X7:09	35	1.00001e+06	2.21159e+06	818447	798889	410401
293T_TFF1_DNA_Pool-1_5H:T2:I1:11	29	1.00001e+06	0	2.04661e+06	1.67973e+06	5.2786e+06
293T_TFF1_DNA_Pool-1_5H:T2:Y1:11	24	1.00001e+06	373605	807859	823676	295853
293T_TFF1_DNA_Pool-1_5H:T5:L3:11	1938	1.00001e+06	4.19393e+06	3.50852e+06	1.22352e+07	1.86628e+06
293T_TFF1_DNA_Pool-1_5H:U4:80:09	31	1.00001e+06	140960	738298	707729	830850
293T_TFF1_DNA_Pool-1_5H:U4:C8:11	20	1.00001e+06	1.26742e+06	759563	15767.7	154965
293T_TFF1_DNA_Pool-1_5H:V1:E2:09	24	1.00001e+06	1.86052e+06	693570	803801	449189
293T_TFF1_DNA_Pool-1_5H:V2:A4:11	49	1.00001e+06	0	622531	724486	773930
293T_TFF1_DNA_Pool-1_5H:V5:X7:11	100	1.00001e+06	1.22312e+06	1.37035e+06	1.55817e+06	2.58258e+06
293T_TFF1_DNA_Pool-1_5H:V6:K0:09	35	1.00001e+06	0	688054	793218	662082
293T_TFF1_DNA_Pool-1_5H:V9:84:12	23	1.00001e+06	2.01879e+06	568365	15796.2	645627
293T_TFF1_DNA_Pool-1_5H:V9:X3:11	30	1.00001e+06	0	882785	785622	246941
293T_TFF1_DNA_Pool-1_5H:W0:H8:04	68	1.00001e+06	0	938975	847372	791260
293T_TFF1_DNA_Pool-1_5H:X1:30:11	32	1.00001e+06	0	689264	709034	0
293T_TFF1_DNA_Pool-1_5H:X1:F3:10	29	1.00001e+06	0	1.05329e+06	801960	736602
293T_TFF1_DNA_Pool-1_5H:X1:F3:11	25	1.00001e+06	0	670007	774655	40048.6
293T_TFF1_DNA_Pool-1_5H:X5:0J:09	43	1.00001e+06	1.09017e+06	1.27395e+06	926951	5.508e+06
293T_TFF1_DNA_Pool-1_5H:X5:E6:07	65	1.00001e+06	0	1.69891e+06	805533	1.17809e+06
293T_TFF1_DNA_Pool-1_5H:X5:I1:11	39	1.00001e+06	1.03181e+06	1.5298e+06	967182	813502
293T_TFF1_DNA_Pool-1_5H:X5:J0:11	75	1.00001e+06	207191	881577	846499	474512
293T_TFF1_DNA_Pool-1_5H:X5:L8:04	49	1.00001e+06	0	670336	663529	62603.9
293T_TFF1_DNA_Pool-1_5H:X5:N3:04	54	1.00001e+06	0	1.24436e+06	747639	3.33114e+06
293T_TFF1_DNA_Pool-1_5H:X5:P4:11	30	1.00001e+06	714965	559345	788153	566052
293T_TFF1_DNA_Pool-1_5H:X5:U5:04	36	1.00001e+06	2.31196e+06	1.04634e+06	837177	550539
293T_TFF1_DNA_Pool-1_5H:X5:X3:04	90	1.00001e+06	0	1.31075e+06	973787	317620
293T_TFF1_DNA_Pool-1_5H:Z1:97:11	29	1.00001e+06	1.94681e+06	600716	707689	589330
293T_TFF1_DNA_Pool-1_5H:Z1:M0:11	21	1.00001e+06	0	918834	815623	262589
293T_TFF1_DNA_Pool-1_5G:0H:V0:05	27	1.00001e+06	1.8543e+06	743398	873578	1.94359e+06
293T_TFF1_DNA_Pool-1_5G:0T:G8:09	32	1.00001e+06	0	812039	808591	3.60803e+06
293T_TFF1_DNA_Pool-1_5G:0X:Z6:01	29	1.00001e+06	0	1.1226e+06	995494	402973
293T_TFF1_DNA_Pool-1_5G:0Y:41:09	35	1.00001e+06	1.56778e+06	542141	836117	284796
293T_TFF1_DNA_Pool-1_5G:0Y:C8:09	74	1.00001e+06	2.60016e+06	1.22481e+06	817087	1.41244e+06
293T_TFF1_DNA_Pool-1_5G:0Y:D2:06	44	1.00001e+06	2.14916e+06	920638	671332	342697
293T_TFF1_DNA_Pool-1_5G:0Y:F3:09	65	1.00001e+06	976633	962754	1.01341e+06	420332
293T_TFF1_DNA_Pool-1_5G:0Y:H4:09	66	1.00001e+06	1.01174e+06	1.22234e+06	927428	444532
293T_TFF1_DNA_Pool-1_5G:0Y:L0:05	79	1.00001e+06	353918	957213	1.15256e+06	497967
293T_TFF1_DNA_Pool-1_5G:0Y:M0:09	192	1.00001e+06	0	1.72242e+06	938633	1.00892e+06
293T_TFF1_DNA_Pool-1_5G:24:Y1:01	23	1.00001e+06	2.68895e+06	827322	767513	769998
293T_TFF1_DNA_Pool-1_5G:27:54:09	29	1.00001e+06	0	500038	754598	415126
293T_TFF1_DNA_Pool-1_5G:27:V0:05	24	1.00001e+06	1.73305e+06	508669	624242	523913
293T_TFF1_DNA_Pool-1_5G:47:24:04	28	1.00001e+06	1.57008e+06	2.18737e+06	4.50103e+06	226762
293T_TFF1_DNA_Pool-1_5G:47:54:09	70	1.00001e+06	0	1.13119e+06	710190	305505
293T_TFF1_DNA_Pool-1_5G:47:D7:04	36	1.00001e+06	0	728732	966967	672607
293T_TFF1_DNA_Pool-1_5G:47:T8:07	90	1.00001e+06	0	1.23477e+06	678642	652655
293T_TFF1_DNA_Pool-1_5G:52:P4:09	37	1.00001e+06	2.43744e+06	720914	637644	105262
293T_TFF1_DNA_Pool-1_5G:56:J6:09	29	1.00001e+06	122080	316960	695116	170868
293T_TFF1_DNA_Pool-1_5G:59:S1:01	65	1.00001e+06	0	1.15108e+06	780767	1.27191e+06
293T_TFF1_DNA_Pool-1_5G:63:T8:07	25	1.00001e+06	0	843132	19288.4	959924
293T_TFF1_DNA_Pool-1_5G:91:S9:03	22	1.00001e+06	1.62476e+06	697252	595408	351862
293T_TFF1_DNA_Pool-1_5G:95:76:09	43	1.00001e+06	0	762305	788561	340447
293T_TFF1_DNA_Pool-1_5G:A3:M4:11	25	1.00001e+06	683587	1.3486e+06	815783	0
293T_TFF1_DNA_Pool-1_5G:B5:D3:01	33	1.00001e+06	260073	495552	633449	727677
293T_TFF1_DNA_Pool-1_5G:C4:F2:07	30	1.00001e+06	436000	381818	772287	56699
293T_TFF1_DNA_Pool-1_5G:C8:Y6:05	20	1.00001e+06	1.62789e+06	611348	684313	0
293T_TFF1_DNA_Pool-1_5G:E0:94:09	20	1.00001e+06	0	520907	806226	115326
293T_TFF1_DNA_Pool-1_5G:E0:W0:01	42	1.00001e+06	0	4.03682e+06	2.2772e+06	0
293T_TFF1_DNA_Pool-1_5G:E3:A6:05	68	1.00001e+06	1.11603e+06	1.22318e+06	840841	2.18797e+06
293T_TFF1_DNA_Pool-1_5G:E7:84:09	27	1.00001e+06	0	764045	543230	294647
293T_TFF1_DNA_Pool-1_5G:F1:M0:09	33	1.00001e+06	0	512201	718134	443794
293T_TFF1_DNA_Pool-1_5G:F7:P8:09	23	1.00001e+06	1.87841e+06	712203	766997	0
293T_TFF1_DNA_Pool-1_5G:F7:U6:02	21	1.00001e+06	0	649240	596342	652786
293T_TFF1_DNA_Pool-1_5G:H2:54:09	25	1.00001e+06	0	899584	830744	270026
293T_TFF1_DNA_Pool-1_5G:J1:N3:09	36	1.00001e+06	0	745764	22945.5	282220
293T_TFF1_DNA_Pool-1_5G:J6:Y5:09	29	1.00001e+06	1.55937e+06	1.93797e+06	939821	698042
293T_TFF1_DNA_Pool-1_5G:L2:T8:07	34	1.00001e+06	0	1.02834e+06	837181	1.34445e+06
293T_TFF1_DNA_Pool-1_5G:M4:A4:03	90	1.00001e+06	466811	1.1874e+06	1.11681e+06	869182
293T_TFF1_DNA_Pool-1_5G:M7:84:09	38	1.00001e+06	0	1.19068e+06	870326	5.15426e+06
293T_TFF1_DNA_Pool-1_5G:N9:J8:07	29	1.00001e+06	0	609370	700867	0
293T_TFF1_DNA_Pool-1_5G:P9:E1:09	20	1.00001e+06	0	280114	716976	0
293T_TFF1_DNA_Pool-1_5G:Q3:45:09	26	1.00001e+06	0	609056	633031	0
293T_TFF1_DNA_Pool-1_5G:Q8:97:09	51	1.00001e+06	0	1.31382e+06	1.01457e+06	688570
293T_TFF1_DNA_Pool-1_5G:R1:X3:09	25	1.00001e+06	446506	834892	947863	952151
293T_TFF1_DNA_Pool-1_5G:S7:0J:05	23	1.00001e+06	0	1.29525e+06	662412	67634.5
293T_TFF1_DNA_Pool-1_5G:S7:G8:09	60	1.00001e+06	0	751015	773750	402731
293T_TFF1_DNA_Pool-1_5G:U8:G8:09	20	1.00001e+06	0	1.01145e+06	757573	1.34757e+06
293T_TFF1_DNA_Pool-1_5G:V5:D3:01	27	1.00001e+06	0	828504	14929.5	1.45524e+06
293T_TFF1_DNA_Pool-1_5G:W0:45:09	22	1.00001e+06	0	378702	772742	181637
293T_TFF1_DNA_Pool-1_5G:W4:Q4:09	24	1.00001e+06	1.71575e+06	926777	888194	58765.4
293T_TFF1_DNA_Pool-1_5G:W7:B2:03	37	1.00001e+06	2.08607e+06	570431	750536	0
293T_TFF1_DNA_Pool-1_5G:W7:O2:12	24	1.00001e+06	0	669335	621771	54678.2
293T_TFF1_DNA_Pool-1_5G:X1:J3:03	20	1.00001e+06	1.62365e+06	797075	871809	374482
293T_TFF1_DNA_Pool-1_5G:X5:54:09	108	1.00001e+06	815633	1.45176e+06	1.15552e+06	601558
293T_TFF1_DNA_Pool-1_5G:X5:G0:04	86	1.00001e+06	0	938912	799164	541340
293T_TFF1_DNA_Pool-1_5G:X5:G2:07	53	1.00001e+06	2.0855e+06	760871	942397	484185
293T_TFF1_DNA_Pool-1_5G:X5:X0:09	667	1.00001e+06	4.12038e+06	3.10302e+06	6.68735e+06	1.63271e+06
293T_TFF1_DNA_Pool-1_5G:X6:E6:09	46	1.00001e+06	0	1.12405e+06	947979	2.76823e+06
293T_TFF1_DNA_Pool-1_5G:X6:F2:01	24	1.00001e+06	746965	694165	556042	322348
293T_TFF1_DNA_Pool-1_5F:08:H0:05	24	1.00001e+06	2.17682e+06	491323	652488	0
293T_TFF1_DNA_Pool-1_5F:0H:94:05	21	1.00001e+06	121075	317304	680933	0
293T_TFF1_DNA_Pool-1_5F:0H:N7:05	47	1.00001e+06	609320	1.16652e+06	887336	1.35103e+06
293T_TFF1_DNA_Pool-1_5F:0T:K2:05	33	1.00001e+06	0	717085	801682	1.61983e+06
293T_TFF1_DNA_Pool-1_5F:0X:A4:09	131	1.00001e+06	4.2742e+06	1.99128e+06	954601	1.70399e+06
293T_TFF1_DNA_Pool-1_5F:0X:D7:04	86	1.00001e+06	2.66537e+06	942273	852320	378602
293T_TFF1_DNA_Pool-1_5F:0X:S9:04	60	1.00001e+06	0	1.19213e+06	848882	420132
293T_TFF1_DNA_Pool-1_5F:0X:S9:10	242	1.00001e+06	2.27831e+06	1.47197e+06	2.35494e+06	1.44168e+06
293T_TFF1_DNA_Pool-1_5F:0Y:P8:08	29	1.00001e+06	0	762057	725290	245517
293T_TFF1_DNA_Pool-1_5F:19:G2:01	29	1.00001e+06	1.59823e+06	1.04427e+06	770563	603165
293T_TFF1_DNA_Pool-1_5F:24:Y1:01	25	1.00001e+06	1.58166e+06	574315	869724	1.77567e+06
293T_TFF1_DNA_Pool-1_5F:28:F2:11	37	1.00001e+06	1.10112e+06	1.02709e+06	788863	681075
293T_TFF1_DNA_Pool-1_5F:47:56:04	98	1.00001e+06	216538	1.11173e+06	1.22408e+06	2.88298e+06
293T_TFF1_DNA_Pool-1_5F:47:D7:04	58	1.00001e+06	0	1.65231e+06	666830	1.25516e+06
293T_TFF1_DNA_Pool-1_5F:47:E8:05	32	1.00001e+06	1.07276e+06	880194	754456	148298
293T_TFF1_DNA_Pool-1_5F:55:M8:04	48	1.00001e+06	0	834746	878879	447359
293T_TFF1_DNA_Pool-1_5F:63:D7:03	23	1.00001e+06	881493	543490	730184	88970.8
293T_TFF1_DNA_Pool-1_5F:64:54:05	43	1.00001e+06	114836	591820	676540	351076
293T_TFF1_DNA_Pool-1_5F:95:02:10	104	1.00001e+06	1.29076e+06	1.1104e+06	1.65372e+06	1.29108e+06
293T_TFF1_DNA_Pool-1_5F:95:81:10	27	1.00001e+06	94726.1	550522	711162	78661.2
293T_TFF1_DNA_Pool-1_5F:95:D4:04	24	1.00001e+06	1.95887e+06	654428	571188	0
293T_TFF1_DNA_Pool-1_5F:95:F3:04	52	1.00001e+06	2.42217e+06	613439	683151	313970
293T_TFF1_DNA_Pool-1_5F:95:G5:05	23	1.00001e+06	0	654925	745423	137522
293T_TFF1_DNA_Pool-1_5F:95:K2:05	56	1.00001e+06	434187	1.05414e+06	795879	762674
293T_TFF1_DNA_Pool-1_5F:95:L6:05	24	1.00001e+06	448761	773881	602619	407248
293T_TFF1_DNA_Pool-1_5F:95:Z3:04	56	1.00001e+06	2.35638e+06	858393	556516	465972
293T_TFF1_DNA_Pool-1_5F:99:M8:05	32	1.00001e+06	1.38964e+06	382993	797388	0
293T_TFF1_DNA_Pool-1_5F:A3:56:04	21	1.00001e+06	1.97558e+06	734859	672953	411291
293T_TFF1_DNA_Pool-1_5F:A4:56:04	29	1.00001e+06	0	1.07826e+06	737835	734174
293T_TFF1_DNA_Pool-1_5F:A7:T4:04	21	1.00001e+06	1.70744e+06	711960	702898	943059
293T_TFF1_DNA_Pool-1_5F:B6:Y1:05	22	1.00001e+06	0	564949	871217	0
293T_TFF1_DNA_Pool-1_5F:C0:Y1:05	20	1.00001e+06	1.78913e+06	680368	181091	192994
293T_TFF1_DNA_Pool-1_5F:C4:56:04	21	1.00001e+06	1.90377e+06	566375	760397	491024
293T_TFF1_DNA_Pool-1_5F:C7:E8:04	50	1.00001e+06	1.84425e+06	819786	797804	646764
293T_TFF1_DNA_Pool-1_5F:E3:46:05	98	1.00001e+06	1.80654e+06	1.4931e+06	1.54773e+06	586901
293T_TFF1_DNA_Pool-1_5F:E3:F3:05	220	1.00001e+06	762306	1.9274e+06	2.7772e+06	452815
293T_TFF1_DNA_Pool-1_5F:F7:O1:04	60	1.00001e+06	919010	1.36099e+06	855013	1.57331e+06
293T_TFF1_DNA_Pool-1_5F:H2:56:04	29	1.00001e+06	0	676586	745154	300408
293T_TFF1_DNA_Pool-1_5F:H6:N7:05	36	1.00001e+06	723213	2.05577e+06	4.43233e+06	882011
293T_TFF1_DNA_Pool-1_5F:I0:A4:09	20	1.00001e+06	282705	669907	858186	432278
293T_TFF1_DNA_Pool-1_5F:J1:A4:07	104	1.00001e+06	1.40612e+06	1.05207e+06	638495	378584
293T_TFF1_DNA_Pool-1_5F:J1:G9:05	37	1.00001e+06	0	499781	822371	241771
293T_TFF1_DNA_Pool-1_5F:J6:Y5:09	22	1.00001e+06	0	435100	28008.7	0
293T_TFF1_DNA_Pool-1_5F:L1:J6:05	31	1.00001e+06	0	1.01868e+06	777430	3.99982e+06
293T_TFF1_DNA_Pool-1_5F:M0:E2:04	45	1.00001e+06	2.31726e+06	889685	809735	449738
293T_TFF1_DNA_Pool-1_5F:M4:78:04	56	1.00001e+06	1.87522e+06	638662	574221	341784
293T_TFF1_DNA_Pool-1_5F:N1:N8:05	30	1.00001e+06	0	879737	591518	0
293T_TFF1_DNA_Pool-1_5F:N9:D3:04	45	1.00001e+06	312967	783060	729267	279798
293T_TFF1_DNA_Pool-1_5F:O0:L0:11	26	1.00001e+06	1.7193e+06	563067	743414	38032.6
293T_TFF1_DNA_Pool-1_5F:O7:76:05	27	1.00001e+06	856022	545099	717566	1.35624e+06
293T_TFF1_DNA_Pool-1_5F:O7:B3:02	157	1.00001e+06	1.49392e+06	1.1775e+06	866530	954780
293T_TFF1_DNA_Pool-1_5F:Q4:F8:04	48	1.00001e+06	2.18807e+06	626234	615061	788531
293T_TFF1_DNA_Pool-1_5F:Q8:56:04	28	1.00001e+06	2.2657e+06	1.08436e+06	775610	627127
293T_TFF1_DNA_Pool-1_5F:Q8:D7:05	45	1.00001e+06	326800	1.06032e+06	810710	892920
293T_TFF1_DNA_Pool-1_5F:R2:S1:09	22	1.00001e+06	0	1.98377e+06	812865	0
293T_TFF1_DNA_Pool-1_5F:R6:M0:05	26	1.00001e+06	1.82235e+06	809265	731401	349973
293T_TFF1_DNA_Pool-1_5F:S0:K0:05	22	1.00001e+06	1.63416e+06	750288	826134	751521
293T_TFF1_DNA_Pool-1_5F:S7:F8:05	59	1.00001e+06	1.94328e+06	1.09951e+06	1.12982e+06	1.32167e+06
293T_TFF1_DNA_Pool-1_5F:S7:H3:05	37	1.00001e+06	914285	1.46736e+06	972221	2.2379e+06
293T_TFF1_DNA_Pool-1_5F:S8:F3:04	137	1.00001e+06	2.89498e+06	1.17833e+06	1.17777e+06	1.30545e+06
293T_TFF1_DNA_Pool-1_5F:S8:F3:05	204	1.00001e+06	0	1.74085e+06	1.19514e+06	1.04329e+06
293T_TFF1_DNA_Pool-1_5F:S8:F8:05	69	1.00001e+06	0	1.1518e+06	893944	1.34543e+06
293T_TFF1_DNA_Pool-1_5F:U3:K0:04	30	1.00001e+06	1.87699e+06	673441	727152	744143
293T_TFF1_DNA_Pool-1_5F:U8:F2:04	20	1.00001e+06	1.62333e+06	434678	750018	166688
293T_TFF1_DNA_Pool-1_5F:V2:56:04	31	1.00001e+06	2.10671e+06	850151	793606	217568
293T_TFF1_DNA_Pool-1_5F:V6:0F:01	26	1.00001e+06	0	419592	722405	693358
293T_TFF1_DNA_Pool-1_5F:V9:T0:04	50	1.00001e+06	0	941100	775340	836935
293T_TFF1_DNA_Pool-1_5F:X5:C0:10	87	1.00001e+06	1.97678e+06	830569	636990	339807
293T_TFF1_DNA_Pool-1_5F:X5:G8:09	48	1.00001e+06	1.66341e+06	703550	862891	1.3717e+06
293T_TFF1_DNA_Pool-1_5F:X5:G9:04	20	1.00001e+06	0	479404	618110	182248
293T_TFF1_DNA_Pool-1_5F:X5:J6:05	303	1.00001e+06	0	2.42648e+06	3.35084e+06	1.36399e+06
293T_TFF1_DNA_Pool-1_5F:X6:84:04	20	1.00001e+06	1.72386e+06	606478	751701	0
293T_TFF1_DNA_Pool-1_5F:X6:A4:09	21	1.00001e+06	0	828087	701907	1.7098e+06
293T_TFF1_DNA_Pool-1_5F:X9:H4:05	36	1.00001e+06	0	707055	790880	315104
293T_TFF1_DNA_Pool-1_5F:Y7:49:05	20	1.00001e+06	1.996e+06	746503	873448	2.71736e+06
293T_TFF1_DNA_Pool-1_5E:08:56:01	67	1.00001e+06	2.3739e+06	970358	748379	536083
293T_TFF1_DNA_Pool-1_5E:08:Y5:06	24	1.00001e+06	2.13609e+06	880572	235446	1.39081e+06
293T_TFF1_DNA_Pool-1_5E:0A:Q1:01	23	1.00001e+06	973273	774769	840746	1.3887e+06
293T_TFF1_DNA_Pool-1_5E:0A:T4:01	457	1.00001e+06	3.02023e+06	1.756e+06	1.52906e+06	2.24213e+06
293T_TFF1_DNA_Pool-1_5E:0X:0O:12	34	1.00001e+06	2.46079e+06	1.95953e+06	830900	3.37621e+06
293T_TFF1_DNA_Pool-1_5E:0X:98:01	310	1.00001e+06	1.62847e+06	1.8777e+06	3.1131e+06	720848
293T_TFF1_DNA_Pool-1_5E:0Y:0O:12	22	1.00001e+06	0	1.98091e+06	733993	2.77995e+06
293T_TFF1_DNA_Pool-1_5E:0Y:81:05	43	1.00001e+06	0	423541	580437	184529
293T_TFF1_DNA_Pool-1_5E:0Y:V0:01	28	1.00001e+06	2.22507e+06	599379	11003.8	256836
293T_TFF1_DNA_Pool-1_5E:20:22:10	20	1.00001e+06	212802	640425	757908	1.96867e+06
293T_TFF1_DNA_Pool-1_5E:24:Y1:01	48	1.00001e+06	1.23847e+06	807889	912131	825907
293T_TFF1_DNA_Pool-1_5E:43:K5:02	31	1.00001e+06	0	1.84741e+06	740092	150451
293T_TFF1_DNA_Pool-1_5E:47:D7:04	96	1.00001e+06	2.24773e+06	1.78636e+06	1.15699e+06	888872
293T_TFF1_DNA_Pool-1_5E:51:I1:12	43	1.00001e+06	0	1.07973e+06	738159	578138
293T_TFF1_DNA_Pool-1_5E:63:X7:01	30	1.00001e+06	1.78483e+06	745191	794669	672656
293T_TFF1_DNA_Pool-1_5E:67:32:09	23	1.00001e+06	0	591595	17479.1	645028
293T_TFF1_DNA_Pool-1_5E:71:Y1:01	24	1.00001e+06	1.58252e+06	284301	589701	778118
293T_TFF1_DNA_Pool-1_5E:72:P3:08	25	1.00001e+06	1.81707e+06	628959	783090	236168
293T_TFF1_DNA_Pool-1_5E:80:E9:12	34	1.00001e+06	0	484382	771445	313307
293T_TFF1_DNA_Pool-1_5E:80:N0:11	890	1.00001e+06	1.06194e+07	4.13909e+06	1.11408e+07	3.18221e+06
293T_TFF1_DNA_Pool-1_5E:84:I1:12	34	1.00001e+06	373558	321970	193406	230817
293T_TFF1_DNA_Pool-1_5E:84:U6:01	29	1.00001e+06	0	491076	731140	126559
293T_TFF1_DNA_Pool-1_5E:91:L7:01	33	1.00001e+06	1.70348e+06	274026	824020	0
293T_TFF1_DNA_Pool-1_5E:95:0O:12	31	1.00001e+06	357961	686444	740364	553198
293T_TFF1_DNA_Pool-1_5E:95:72:12	25	1.00001e+06	1.37664e+06	468218	773073	1.1641e+06
293T_TFF1_DNA_Pool-1_5E:95:S9:12	39	1.00001e+06	2.28506e+06	807368	12814.4	0
293T_TFF1_DNA_Pool-1_5E:A3:Q8:01	27	1.00001e+06	1.51489e+06	406099	735915	97715.5
293T_TFF1_DNA_Pool-1_5E:A4:T8:08	27	1.00001e+06	0	652903	560103	534399
293T_TFF1_DNA_Pool-1_5E:C3:0R:01	20	NA	1.59972e+06	257512	776066	365076
293T_TFF1_DNA_Pool-1_5E:C8:98:11	23	1.00001e+06	1.08958e+06	719005	723547	0
293T_TFF1_DNA_Pool-1_5E:E3:O9:12	32	1.00001e+06	505693	945898	625628	2.20086e+06
293T_TFF1_DNA_Pool-1_5E:E3:T0:12	57	1.00001e+06	0	1.22105e+06	1.01269e+06	842000
293T_TFF1_DNA_Pool-1_5E:F1:T4:07	26	1.00001e+06	1.34783e+06	682774	1.00762e+06	569131
293T_TFF1_DNA_Pool-1_5E:F2:Z0:12	51	1.00001e+06	2.72381e+06	1.07493e+06	814629	1.40151e+06
293T_TFF1_DNA_Pool-1_5E:G8:D2:02	22	1.00001e+06	169887	1.33204e+06	1.83023e+06	5.52151e+06
293T_TFF1_DNA_Pool-1_5E:I4:H7:04	24	1.00001e+06	476070	347152	15489.5	35790.7
293T_TFF1_DNA_Pool-1_5E:J1:0O:12	23	1.00001e+06	2.00062e+06	773123	746481	1.41541e+06
293T_TFF1_DNA_Pool-1_5E:J1:R4:02	168	1.00001e+06	0	1.50826e+06	994926	1.18847e+06
293T_TFF1_DNA_Pool-1_5E:J1:Y5:12	145	1.00001e+06	1.35566e+06	1.55573e+06	950283	1.33133e+06
293T_TFF1_DNA_Pool-1_5E:K8:U6:01	58	1.00001e+06	0	1.01804e+06	732828	583296
293T_TFF1_DNA_Pool-1_5E:L9:D3:01	1605	1.00001e+06	7.73411e+06	4.17084e+06	1.21769e+07	2.77134e+06
293T_TFF1_DNA_Pool-1_5E:M0:U6:01	45	1.00001e+06	563636	1.26454e+06	723167	980159
293T_TFF1_DNA_Pool-1_5E:M3:13:01	24	1.00001e+06	1.6506e+06	452928	714759	240586
293T_TFF1_DNA_Pool-1_5E:M3:M0:11	32	1.00001e+06	627995	227451	15587	0
293T_TFF1_DNA_Pool-1_5E:M4:Y5:12	49	1.00001e+06	0	1.3789e+06	1.04443e+06	530138
293T_TFF1_DNA_Pool-1_5E:N9:81:05	27	1.00001e+06	0	913852	27730.5	836872
293T_TFF1_DNA_Pool-1_5E:N9:98:09	49	1.00001e+06	741659	841091	686870	1.76358e+06
293T_TFF1_DNA_Pool-1_5E:N9:K1:02	228	1.00001e+06	0	1.66544e+06	1.22437e+06	715837
293T_TFF1_DNA_Pool-1_5E:N9:U5:04	48	1.00001e+06	225056	846833	831447	0
293T_TFF1_DNA_Pool-1_5E:N9:U6:01	170	1.00001e+06	0	2.21155e+06	1.23507e+06	2.24305e+06
293T_TFF1_DNA_Pool-1_5E:O0:84:08	112	1.00001e+06	1.44905e+06	1.16993e+06	822404	964127
293T_TFF1_DNA_Pool-1_5E:O7:13:09	20	NA	1.82185e+06	523129	253943	697305
293T_TFF1_DNA_Pool-1_5E:Q8:A4:11	30	1.00001e+06	0	1.13048e+06	765884	924658
293T_TFF1_DNA_Pool-1_5E:S3:E8:02	45	1.00001e+06	0	779336	962550	562589
293T_TFF1_DNA_Pool-1_5E:S7:0O:12	25	1.00001e+06	1.7939e+06	545881	818778	208727
293T_TFF1_DNA_Pool-1_5E:S7:R4:08	42	1.00001e+06	0	1.05783e+06	817026	1.27192e+06
293T_TFF1_DNA_Pool-1_5E:S8:0O:12	20	1.00001e+06	176872	798393	820642	179396
293T_TFF1_DNA_Pool-1_5E:U8:U6:01	47	1.00001e+06	683836	856834	954014	918323
293T_TFF1_DNA_Pool-1_5E:V9:Y5:11	20	1.00001e+06	1.35798e+06	745645	812874	0
293T_TFF1_DNA_Pool-1_5E:W3:L3:01	41	1.00001e+06	0	878968	953584	420649
293T_TFF1_DNA_Pool-1_5E:X5:0O:12	63	1.00001e+06	671413	765002	645522	578580
293T_TFF1_DNA_Pool-1_5E:X5:D0:06	36	1.00001e+06	1.98023e+06	1.24034e+06	768256	792224
293T_TFF1_DNA_Pool-1_5E:X5:E1:01	184	1.00001e+06	0	1.532e+06	972592	2.58059e+06
293T_TFF1_DNA_Pool-1_5E:X5:G4:01	142	1.00001e+06	1.68401e+06	1.69995e+06	753742	612311
293T_TFF1_DNA_Pool-1_5E:X5:J6:05	54	1.00001e+06	0	624052	717859	75706.7
293T_TFF1_DNA_Pool-1_5E:X5:O2:01	112	1.00001e+06	0	1.40462e+06	1.41523e+06	1.28463e+06
293T_TFF1_DNA_Pool-1_5E:X5:X0:09	72	1.00001e+06	0	1.20259e+06	782204	2.5358e+06
293T_TFF1_DNA_Pool-1_5E:Y4:84:01	21	1.00001e+06	217284	236461	816057	0
293T_TFF1_DNA_Pool-1_5E:Y7:J0:05	31	1.00001e+06	443154	832985	1.02701e+06	858479
293T_TFF1_DNA_Pool-1_5E:Z9:0K:01	105	1.00001e+06	1.75419e+06	774905	783636	145627
293T_TFF1_DNA_Pool-1_5E:Z9:O5:06	26	1.00001e+06	0	432504	19865.4	0
293T_TFF1_DNA_Pool-1_5D:03:E2:01	20	NA	0	308542	730963	0
293T_TFF1_DNA_Pool-1_5D:08:J6:05	23	1.00001e+06	1.79584e+06	372282	782879	0
293T_TFF1_DNA_Pool-1_5D:0D:14:04	29	1.00001e+06	1.84722e+06	418396	699380	3.48159e+06
293T_TFF1_DNA_Pool-1_5D:0D:E6:01	200	1.00001e+06	769044	1.22929e+06	1.07178e+06	1.7987e+06
293T_TFF1_DNA_Pool-1_5D:0L:78:01	783	1.00001e+06	6.82254e+06	3.14883e+06	9.48812e+06	2.1305e+06
293T_TFF1_DNA_Pool-1_5D:0M:F3:01	21	1.00001e+06	1.36126e+06	702799	555319	0
293T_TFF1_DNA_Pool-1_5D:0P:K1:01	29	1.00001e+06	166378	533695	767446	0
293T_TFF1_DNA_Pool-1_5D:0Q:0A:01	23	1.00001e+06	0	632878	612749	4.40849e+06
293T_TFF1_DNA_Pool-1_5D:0Q:J0:07	46	1.00001e+06	1.69778e+06	693681	616079	270340
293T_TFF1_DNA_Pool-1_5D:0Q:P8:01	26	1.00001e+06	1.6557e+06	415048	774721	213012
293T_TFF1_DNA_Pool-1_5D:0T:J0:01	23	NA	0	293411	816808	3.94382e+06
293T_TFF1_DNA_Pool-1_5D:0X:0N:04	159	1.00001e+06	4.92413e+06	1.83125e+06	1.1846e+06	2.27227e+06
293T_TFF1_DNA_Pool-1_5D:0X:49:09	61	1.00001e+06	0	644345	973728	399988
293T_TFF1_DNA_Pool-1_5D:0X:F3:01	153	1.00001e+06	676461	1.26725e+06	866686	1.04538e+06
293T_TFF1_DNA_Pool-1_5D:0X:H2:04	353	1.00001e+06	3.73945e+06	2.34102e+06	4.4616e+06	1.09885e+06
293T_TFF1_DNA_Pool-1_5D:0X:H8:09	74	1.00001e+06	2.40165e+06	979097	895988	1.41007e+06
293T_TFF1_DNA_Pool-1_5D:0X:K4:06	24	1.00001e+06	0	598037	771737	193668
293T_TFF1_DNA_Pool-1_5D:0X:K5:01	118	1.00001e+06	0	1.43176e+06	765960	1.37377e+06
293T_TFF1_DNA_Pool-1_5D:0X:P3:04	21	1.00001e+06	1.90034e+06	951733	626225	1.88412e+06
293T_TFF1_DNA_Pool-1_5D:0X:T0:01	103	1.00001e+06	0	1.33108e+06	1.70606e+06	337391
293T_TFF1_DNA_Pool-1_5D:0X:U5:08	48	1.00001e+06	0	790883	654410	195318
293T_TFF1_DNA_Pool-1_5D:0X:X8:07	42	1.00001e+06	1.33358e+06	1.95341e+06	1.14475e+06	5.62889e+06
293T_TFF1_DNA_Pool-1_5D:0X:Y6:09	56	1.00001e+06	1.52693e+06	1.3284e+06	834867	2.75868e+06
293T_TFF1_DNA_Pool-1_5D:0X:Z8:01	47	1.00001e+06	0	467765	838716	0
293T_TFF1_DNA_Pool-1_5D:0Y:14:01	38	1.00001e+06	348150	847971	715071	2.93554e+06
293T_TFF1_DNA_Pool-1_5D:0Y:98:09	278	1.00001e+06	446292	1.67044e+06	1.93937e+06	1.73887e+06
293T_TFF1_DNA_Pool-1_5D:0Y:E2:01	106	1.00001e+06	191707	890425	852109	564235
293T_TFF1_DNA_Pool-1_5D:0Y:F8:05	86	1.00001e+06	478687	1.18519e+06	902843	979171
293T_TFF1_DNA_Pool-1_5D:0Y:H6:07	188	1.00001e+06	1.53421e+06	1.18528e+06	868662	731494
293T_TFF1_DNA_Pool-1_5D:0Y:H6:09	53	1.00001e+06	1.0161e+06	732917	725537	428136
293T_TFF1_DNA_Pool-1_5D:0Y:J0:07	68	1.00001e+06	2.05074e+06	786373	715907	796423
293T_TFF1_DNA_Pool-1_5D:0Y:Z0:01	53	1.00001e+06	1.83307e+06	883714	906364	706515
293T_TFF1_DNA_Pool-1_5D:0Y:Z3:09	20	1.00001e+06	198059	466471	12094	257232
293T_TFF1_DNA_Pool-1_5D:12:54:07	26	1.00001e+06	0	774083	27303.1	0
293T_TFF1_DNA_Pool-1_5D:12:E2:03	28	1.00001e+06	1.9971e+06	525773	727796	408545
293T_TFF1_DNA_Pool-1_5D:20:97:07	25	1.00001e+06	0	600208	769193	295914
293T_TFF1_DNA_Pool-1_5D:24:0W:09	139	1.00001e+06	973951	1.48185e+06	909220	1.11687e+06
293T_TFF1_DNA_Pool-1_5D:24:24:01	22	1.00001e+06	177100	612025	865923	628396
293T_TFF1_DNA_Pool-1_5D:24:Y1:01	31	1.00001e+06	0	255274	14071.2	103941
293T_TFF1_DNA_Pool-1_5D:35:49:01	55	1.00001e+06	368313	1.2672e+06	904865	421142
293T_TFF1_DNA_Pool-1_5D:35:O1:01	181	1.00001e+06	0	1.60019e+06	2.36787e+06	591188
293T_TFF1_DNA_Pool-1_5D:39:Z0:01	33	1.00001e+06	1.60036e+06	474600	581213	513722
293T_TFF1_DNA_Pool-1_5D:40:68:09	86	1.00001e+06	0	1.36032e+06	867017	1.51025e+06
293T_TFF1_DNA_Pool-1_5D:40:90:01	43	1.00001e+06	472740	769269	638028	4.24387e+06
293T_TFF1_DNA_Pool-1_5D:44:U6:07	20	1.00001e+06	114920	204259	8072.85	0
293T_TFF1_DNA_Pool-1_5D:47:14:01	39	1.00001e+06	308596	731330	746435	655483
293T_TFF1_DNA_Pool-1_5D:47:D2:01	161	1.00001e+06	0	1.5792e+06	1.07176e+06	1.91005e+06
293T_TFF1_DNA_Pool-1_5D:47:E8:07	27	1.00001e+06	0	784655	488789	3.96441e+06
293T_TFF1_DNA_Pool-1_5D:47:H4:01	38	1.00001e+06	0	1.32193e+06	963614	1.09284e+06
293T_TFF1_DNA_Pool-1_5D:47:O6:04	46	1.00001e+06	0	781624	767943	426440
293T_TFF1_DNA_Pool-1_5D:51:97:01	27	1.00001e+06	1.82254e+06	1.01618e+06	21085.9	721977
293T_TFF1_DNA_Pool-1_5D:51:J0:01	45	1.00001e+06	0	519101	808008	174435
293T_TFF1_DNA_Pool-1_5D:55:K2:07	40	1.00001e+06	1.87229e+06	490768	690319	135576
293T_TFF1_DNA_Pool-1_5D:64:H3:01	56	1.00001e+06	0	914798	871302	1.24611e+06
293T_TFF1_DNA_Pool-1_5D:72:20:03	29	1.00001e+06	160187	436696	590973	115526
293T_TFF1_DNA_Pool-1_5D:72:A0:01	61	1.00001e+06	1.5359e+06	1.68555e+06	715496	2.5866e+06
293T_TFF1_DNA_Pool-1_5D:80:R3:03	23	1.00001e+06	0	884535	858910	2.75288e+06
293T_TFF1_DNA_Pool-1_5D:80:T2:07	32	1.00001e+06	1.56712e+06	541885	839521	2.67214e+06
293T_TFF1_DNA_Pool-1_5D:91:I1:09	20	1.00001e+06	0	581738	944007	3.99837e+06
293T_TFF1_DNA_Pool-1_5D:95:97:04	24	1.00001e+06	1.44254e+06	689637	703257	389993
293T_TFF1_DNA_Pool-1_5D:95:C9:07	20	1.00001e+06	2.03462e+06	710443	615357	417225
293T_TFF1_DNA_Pool-1_5D:95:E6:01	62	1.00001e+06	2.26312e+06	729711	792078	949385
293T_TFF1_DNA_Pool-1_5D:95:F3:09	36	1.00001e+06	304749	556620	692190	1.49465e+06
293T_TFF1_DNA_Pool-1_5D:95:M1:01	108	1.00001e+06	1.13269e+06	2.13886e+06	1.52269e+06	3.01444e+06
293T_TFF1_DNA_Pool-1_5D:95:X4:01	61	1.00001e+06	565542	1.4999e+06	795923	144936
293T_TFF1_DNA_Pool-1_5D:95:Y2:07	62	1.00001e+06	2.32247e+06	881332	838012	413114
293T_TFF1_DNA_Pool-1_5D:96:B3:03	101	1.00001e+06	966036	1.06002e+06	1.85962e+06	921714
293T_TFF1_DNA_Pool-1_5D:96:E2:07	33	1.00001e+06	0	429193	782714	265296
293T_TFF1_DNA_Pool-1_5D:A7:76:01	53	1.00001e+06	1.81357e+06	611009	892257	181798
293T_TFF1_DNA_Pool-1_5D:B1:S9:01	25	1.00001e+06	185426	324540	213683	0
293T_TFF1_DNA_Pool-1_5D:B2:E2:04	22	1.00001e+06	1.87662e+06	695797	778550	466316
293T_TFF1_DNA_Pool-1_5D:B2:E2:09	46	1.00001e+06	0	578519	665981	317064
293T_TFF1_DNA_Pool-1_5D:B2:L7:01	45	1.00001e+06	0	983066	724461	1.44717e+06
293T_TFF1_DNA_Pool-1_5D:B5:S1:09	31	1.00001e+06	1.62603e+06	971017	746761	0
293T_TFF1_DNA_Pool-1_5D:B5:T8:07	24	1.00001e+06	1.82868e+06	655692	893164	0
293T_TFF1_DNA_Pool-1_5D:B5:Y6:07	47	1.00001e+06	1.09304e+06	958027	865536	564381
293T_TFF1_DNA_Pool-1_5D:B9:34:07	436	1.00001e+06	0	2.25998e+06	3.44204e+06	2.9297e+06
293T_TFF1_DNA_Pool-1_5D:B9:94:04	30	1.00001e+06	0	825436	730951	4.14023e+06
293T_TFF1_DNA_Pool-1_5D:C7:B2:01	224	1.00001e+06	993496	1.87796e+06	1.37953e+06	1.29597e+06
293T_TFF1_DNA_Pool-1_5D:D1:76:01	21	1.00001e+06	2.08276e+06	568720	682194	187311
293T_TFF1_DNA_Pool-1_5D:D1:V6:04	81	1.00001e+06	1.5303e+06	1.04363e+06	1.6623e+06	906913
293T_TFF1_DNA_Pool-1_5D:D9:50:09	20	1.00001e+06	1.62523e+06	640075	20466.3	1.04998e+06
293T_TFF1_DNA_Pool-1_5D:E3:90:09	34	1.00001e+06	1.41742e+06	915011	726748	398286
293T_TFF1_DNA_Pool-1_5D:E3:H6:01	34	1.00001e+06	1.85623e+06	732479	487103	1.00703e+06
293T_TFF1_DNA_Pool-1_5D:E3:S9:07	27	1.00001e+06	116398	393793	799418	115146
293T_TFF1_DNA_Pool-1_5D:E4:0N:04	37	1.00001e+06	2.10438e+06	797125	788373	725341
293T_TFF1_DNA_Pool-1_5D:E4:E6:01	42	1.00001e+06	0	700995	839817	186691
293T_TFF1_DNA_Pool-1_5D:F1:77:01	23	1.00001e+06	629182	306767	216294	814210
293T_TFF1_DNA_Pool-1_5D:F5:B2:01	2482	1.00001e+06	0	5.08632e+06	8.33005e+06	3.82264e+06
293T_TFF1_DNA_Pool-1_5D:G0:0O:07	39	1.00001e+06	0	735578	777124	388302
293T_TFF1_DNA_Pool-1_5D:G3:D2:01	41	1.00001e+06	0	795494	642749	297383
293T_TFF1_DNA_Pool-1_5D:G3:J0:02	29	1.00001e+06	185978	577394	779678	164899
293T_TFF1_DNA_Pool-1_5D:G8:Y5:05	36	1.00001e+06	1.64589e+06	828666	301575	645273
293T_TFF1_DNA_Pool-1_5D:H1:E2:05	23	1.00001e+06	1.36499e+06	353653	947685	84507.2
293T_TFF1_DNA_Pool-1_5D:H6:Y1:04	23	1.00001e+06	1.72034e+06	631988	798741	1.2096e+06
293T_TFF1_DNA_Pool-1_5D:I7:D7:01	36	1.00001e+06	209921	1.17223e+06	727577	1.67928e+06
293T_TFF1_DNA_Pool-1_5D:J1:09:01	51	1.00001e+06	0	818581	669234	682351
293T_TFF1_DNA_Pool-1_5D:J1:0N:04	79	1.00001e+06	3.67961e+06	1.37824e+06	843902	2.4603e+06
293T_TFF1_DNA_Pool-1_5D:J1:20:03	35	1.00001e+06	1.62832e+06	1.05535e+06	721380	3.61604e+06
293T_TFF1_DNA_Pool-1_5D:J1:D2:09	47	1.00001e+06	0	989683	1.08167e+06	4.99983e+06
293T_TFF1_DNA_Pool-1_5D:J1:S6:07	61	1.00001e+06	0	638992	783085	836377
293T_TFF1_DNA_Pool-1_5D:J2:O1:01	84	1.00001e+06	0	724461	867259	333520
293T_TFF1_DNA_Pool-1_5D:J9:M1:01	36	1.00001e+06	0	1.0065e+06	659596	252148
293T_TFF1_DNA_Pool-1_5D:K0:N7:03	25	1.00001e+06	1.39055e+06	462014	732748	237625
293T_TFF1_DNA_Pool-1_5D:L1:L7:01	28	1.00001e+06	0	493360	801225	387528
293T_TFF1_DNA_Pool-1_5D:L2:N7:01	32	1.00001e+06	0	587506	688642	142113
293T_TFF1_DNA_Pool-1_5D:L5:M0:04	22	1.00001e+06	1.65534e+06	259562	828363	249021
293T_TFF1_DNA_Pool-1_5D:M0:E2:09	50	1.00001e+06	0	830524	878311	677168
293T_TFF1_DNA_Pool-1_5D:M4:0W:01	40	1.00001e+06	414962	953407	701571	1.00128e+06
293T_TFF1_DNA_Pool-1_5D:M8:T8:01	36	1.00001e+06	1.8094e+06	816580	254522	883882
293T_TFF1_DNA_Pool-1_5D:N9:A5:01	116	1.00001e+06	1.74477e+06	1.55762e+06	942631	643692
293T_TFF1_DNA_Pool-1_5D:N9:I9:07	97	1.00001e+06	2.84175e+06	1.27505e+06	750789	1.11432e+06
293T_TFF1_DNA_Pool-1_5D:N9:Q8:09	70	1.00001e+06	706984	1.35255e+06	775549	811882
293T_TFF1_DNA_Pool-1_5D:N9:T2:01	79	1.00001e+06	2.21823e+06	968910	691492	180579
293T_TFF1_DNA_Pool-1_5D:N9:Y2:01	119	1.00001e+06	1.31099e+06	1.34884e+06	795627	5.25902e+06
293T_TFF1_DNA_Pool-1_5D:N9:Z6:01	33	1.00001e+06	0	1.22877e+06	718945	394483
293T_TFF1_DNA_Pool-1_5D:O0:O1:01	974	1.00001e+06	0	3.30342e+06	1.03441e+07	4.19449e+06
293T_TFF1_DNA_Pool-1_5D:O0:T8:02	29	1.00001e+06	2.11737e+06	825173	835614	1.2487e+06
293T_TFF1_DNA_Pool-1_5D:O7:H2:01	32	1.00001e+06	652685	432970	57993	642375
293T_TFF1_DNA_Pool-1_5D:O7:Q8:09	70	1.00001e+06	313353	1.05307e+06	1.05395e+06	732930
293T_TFF1_DNA_Pool-1_5D:P2:N8:09	32	1.00001e+06	347547	1.53509e+06	916818	5.07195e+06
293T_TFF1_DNA_Pool-1_5D:P6:90:01	57	1.00001e+06	2.17686e+06	1.48522e+06	774155	1.96139e+06
293T_TFF1_DNA_Pool-1_5D:P6:T4:01	47	1.00001e+06	0	569722	797443	536283
293T_TFF1_DNA_Pool-1_5D:Q0:E2:01	28	1.00001e+06	0	460160	789918	488769
293T_TFF1_DNA_Pool-1_5D:R1:N4:01	959	1.00001e+06	1.24326e+07	3.72484e+06	1.02944e+07	3.95456e+06
293T_TFF1_DNA_Pool-1_5D:R1:N8:07	48	1.00001e+06	2.1044e+06	1.29064e+06	806148	1.70895e+06
293T_TFF1_DNA_Pool-1_5D:R1:Y2:07	34	1.00001e+06	185754	491010	728369	0
293T_TFF1_DNA_Pool-1_5D:R2:V6:01	34	1.00001e+06	0	464172	681685	338043
293T_TFF1_DNA_Pool-1_5D:R5:G4:01	75	1.00001e+06	0	671133	762434	114220
293T_TFF1_DNA_Pool-1_5D:R6:F2:01	34	1.00001e+06	0	915724	786273	738087
293T_TFF1_DNA_Pool-1_5D:S0:O1:01	77	1.00001e+06	1.63885e+06	1.15243e+06	766382	427984
293T_TFF1_DNA_Pool-1_5D:S0:W0:01	98	1.00001e+06	1.48391e+06	1.28554e+06	1.01965e+06	425643
293T_TFF1_DNA_Pool-1_5D:S3:20:01	23	1.00001e+06	0	469402	701557	218779
293T_TFF1_DNA_Pool-1_5D:S4:94:01	20	1.00001e+06	0	240521	10381	0
293T_TFF1_DNA_Pool-1_5D:S7:97:07	26	1.00001e+06	1.37648e+06	446216	716536	0
293T_TFF1_DNA_Pool-1_5D:S7:C0:01	60	1.00001e+06	849481	1.29887e+06	753173	631030
293T_TFF1_DNA_Pool-1_5D:S7:E1:04	68	1.00001e+06	1.60939e+06	1.09986e+06	742513	3.64092e+06
293T_TFF1_DNA_Pool-1_5D:S7:E2:03	129	1.00001e+06	863521	1.37273e+06	1.29857e+06	382400
293T_TFF1_DNA_Pool-1_5D:S7:H6:07	41	1.00001e+06	0	609534	836200	2.48428e+06
293T_TFF1_DNA_Pool-1_5D:S8:0F:07	39	1.00001e+06	1.04774e+06	2.01875e+06	4.56016e+06	107224
293T_TFF1_DNA_Pool-1_5D:S8:0N:04	109	1.00001e+06	468175	873364	780046	623630
293T_TFF1_DNA_Pool-1_5D:S8:R4:11	36	1.00001e+06	515018	1.67621e+06	723783	4.13743e+06
293T_TFF1_DNA_Pool-1_5D:T5:O1:09	37	1.00001e+06	2.5224e+06	1.26072e+06	1.10465e+06	132500
293T_TFF1_DNA_Pool-1_5D:V1:H2:01	47	1.00001e+06	1.35768e+06	382000	583608	86917.3
293T_TFF1_DNA_Pool-1_5D:V2:M1:01	30	1.00001e+06	2.28125e+06	1.46348e+06	781548	1.87445e+06
293T_TFF1_DNA_Pool-1_5D:V9:20:03	21	1.00001e+06	0	755385	524996	685070
293T_TFF1_DNA_Pool-1_5D:V9:I1:09	26	1.00001e+06	1.76223e+06	492157	774260	817629
293T_TFF1_DNA_Pool-1_5D:W0:78:01	51	1.00001e+06	0	634255	677160	338146
293T_TFF1_DNA_Pool-1_5D:W0:H3:01	32	1.00001e+06	212885	770560	758591	1.88073e+06
293T_TFF1_DNA_Pool-1_5D:X1:78:01	36	1.00001e+06	2.15359e+06	728832	572415	5.39562e+06
293T_TFF1_DNA_Pool-1_5D:X5:09:10	69	1.00001e+06	1.23616e+06	1.10809e+06	1.14219e+06	1.19923e+06
293T_TFF1_DNA_Pool-1_5D:X5:0N:04	195	1.00001e+06	1.10593e+06	1.68763e+06	1.40161e+06	1.4391e+06
293T_TFF1_DNA_Pool-1_5D:X5:0R:07	58	1.00001e+06	0	870563	802656	813900
293T_TFF1_DNA_Pool-1_5D:X5:24:01	99	1.00001e+06	0	1.32796e+06	924408	515550
293T_TFF1_DNA_Pool-1_5D:X5:D7:10	51	1.00001e+06	0	1.27676e+06	889483	2.83831e+06
293T_TFF1_DNA_Pool-1_5D:X5:E8:01	52	1.00001e+06	2.02907e+06	627475	595726	270288
293T_TFF1_DNA_Pool-1_5D:X5:G0:07	93	1.00001e+06	0	1.06587e+06	967253	443706
293T_TFF1_DNA_Pool-1_5D:X5:G2:01	89	1.00001e+06	0	836796	797410	504009
293T_TFF1_DNA_Pool-1_5D:X5:J4:09	116	1.00001e+06	0	989813	789357	570602
293T_TFF1_DNA_Pool-1_5C:0H:X7:07	22	1.00001e+06	1.5718e+06	546549	763309	14769.5
293T_TFF1_DNA_Pool-1_5C:0U:J6:11	35	1.00001e+06	965378	726438	827161	678445
293T_TFF1_DNA_Pool-1_5C:0X:13:04	21	1.00001e+06	120819	249362	799447	200998
293T_TFF1_DNA_Pool-1_5C:0X:54:06	27	1.00001e+06	117318	518776	633600	422551
293T_TFF1_DNA_Pool-1_5C:0X:A5:08	33	1.00001e+06	0	819859	724037	591435
293T_TFF1_DNA_Pool-1_5C:0X:G0:01	53	1.00001e+06	1.83422e+06	702709	644025	639084
293T_TFF1_DNA_Pool-1_5C:0X:H2:04	59	1.00001e+06	624477	488038	773736	121285
293T_TFF1_DNA_Pool-1_5C:0X:J4:06	333	1.00001e+06	0	1.88751e+06	5.39313e+06	1.07482e+06
293T_TFF1_DNA_Pool-1_5C:0X:J6:06	59	1.00001e+06	351720	953363	849406	955490
293T_TFF1_DNA_Pool-1_5C:0X:K2:04	27	1.00001e+06	0	998833	719191	820791
293T_TFF1_DNA_Pool-1_5C:0X:N8:04	157	1.00001e+06	1.50828e+06	1.41137e+06	920510	439743
293T_TFF1_DNA_Pool-1_5C:0Y:0R:06	51	1.00001e+06	2.28976e+06	1.3107e+06	894482	1.70262e+06
293T_TFF1_DNA_Pool-1_5C:0Y:F8:05	23	1.00001e+06	0	538859	13147.1	1.13139e+06
293T_TFF1_DNA_Pool-1_5C:0Y:Q8:06	31	1.00001e+06	685746	841865	615174	3.24144e+06
293T_TFF1_DNA_Pool-1_5C:0Y:T2:05	47	1.00001e+06	644997	1.39666e+06	850264	1.41763e+06
293T_TFF1_DNA_Pool-1_5C:24:Y1:01	24	1.00001e+06	161344	368146	11474	0
293T_TFF1_DNA_Pool-1_5C:39:H4:04	21	1.00001e+06	186013	404456	558974	168460
293T_TFF1_DNA_Pool-1_5C:47:L7:01	25	1.00001e+06	0	571453	792730	4.05908e+06
293T_TFF1_DNA_Pool-1_5C:47:O5:06	22	1.00001e+06	1.83709e+06	2.44895e+06	767511	3.19076e+06
293T_TFF1_DNA_Pool-1_5C:63:D0:07	27	1.00001e+06	461300	825430	715118	758215
293T_TFF1_DNA_Pool-1_5C:83:N8:04	33	1.00001e+06	189326	1.26544e+06	968489	4.38915e+06
293T_TFF1_DNA_Pool-1_5C:91:09:04	23	1.00001e+06	1.72641e+06	729060	760421	1.9727e+06
293T_TFF1_DNA_Pool-1_5C:95:30:03	177	1.00001e+06	621531	1.46717e+06	1.14781e+06	1.33075e+06
293T_TFF1_DNA_Pool-1_5C:95:37:10	120	1.00001e+06	0	1.11626e+06	711169	600479
293T_TFF1_DNA_Pool-1_5C:95:D4:04	2906	1.00001e+06	0	5.56213e+06	9.17367e+06	3.89558e+06
293T_TFF1_DNA_Pool-1_5C:95:E2:06	74	1.00001e+06	0	583189	775896	207878
293T_TFF1_DNA_Pool-1_5C:A7:49:10	33	1.00001e+06	440448	655393	504881	155975
293T_TFF1_DNA_Pool-1_5C:C0:G4:06	51	1.00001e+06	1.22537e+06	527984	753505	567475
293T_TFF1_DNA_Pool-1_5C:E3:37:10	20	1.00001e+06	0	905618	731271	2.08267e+06
293T_TFF1_DNA_Pool-1_5C:E3:D4:01	42	1.00001e+06	477323	1.58112e+06	763699	1.81494e+06
293T_TFF1_DNA_Pool-1_5C:E3:X7:04	20	1.00001e+06	1.37764e+06	322577	31837.3	0
293T_TFF1_DNA_Pool-1_5C:E7:K2:01	23	1.00001e+06	0	565023	593178	185629
293T_TFF1_DNA_Pool-1_5C:F7:G2:07	22	1.00001e+06	0	1.30179e+06	889212	3.12386e+06
293T_TFF1_DNA_Pool-1_5C:F7:M0:10	20	1.00001e+06	1.57658e+06	543287	561907	88686.5
293T_TFF1_DNA_Pool-1_5C:H2:X3:06	23	1.00001e+06	0	607676	24295.7	260008
293T_TFF1_DNA_Pool-1_5C:H9:G5:11	22	1.00001e+06	2.14118e+06	1.15963e+06	711224	0
293T_TFF1_DNA_Pool-1_5C:I4:H7:04	20	1.00001e+06	0	524933	869478	261478
293T_TFF1_DNA_Pool-1_5C:J1:E1:04	23	1.00001e+06	1.82121e+06	377689	241996	1.40672e+06
293T_TFF1_DNA_Pool-1_5C:J1:X8:06	33	1.00001e+06	1.43969e+06	683483	704769	437448
293T_TFF1_DNA_Pool-1_5C:L2:S6:04	28	1.00001e+06	1.7395e+06	292696	215844	613669
293T_TFF1_DNA_Pool-1_5C:L5:C0:01	21	NA	1.34852e+06	484459	635590	2.9027e+06
293T_TFF1_DNA_Pool-1_5C:M0:58:11	22	1.00001e+06	2.06307e+06	1.91564e+06	754372	3.54028e+06
293T_TFF1_DNA_Pool-1_5C:M4:G2:07	27	1.00001e+06	0	873241	630651	620273
293T_TFF1_DNA_Pool-1_5C:M7:46:11	25	1.00001e+06	0	432428	50626.4	0
293T_TFF1_DNA_Pool-1_5C:N1:U1:07	34	1.00001e+06	1.12645e+06	438407	519199	0
293T_TFF1_DNA_Pool-1_5C:N9:80:07	27	1.00001e+06	2.04616e+06	427556	15344.1	3.13309e+06
293T_TFF1_DNA_Pool-1_5C:N9:84:09	65	1.00001e+06	0	838963	829319	2.39142e+06
293T_TFF1_DNA_Pool-1_5C:N9:N8:06	36	1.00001e+06	1.20749e+06	1.10522e+06	892470	636480
293T_TFF1_DNA_Pool-1_5C:N9:S1:01	118	1.00001e+06	0	838126	895869	93145.9
293T_TFF1_DNA_Pool-1_5C:P2:24:07	22	1.00001e+06	1.59648e+06	327608	754036	226142
293T_TFF1_DNA_Pool-1_5C:Q4:F8:07	258	1.00001e+06	2.33434e+06	1.98683e+06	1.57217e+06	2.17813e+06
293T_TFF1_DNA_Pool-1_5C:Q4:J4:07	31	1.00001e+06	287024	842233	726513	0
293T_TFF1_DNA_Pool-1_5C:S7:18:11	37	1.00001e+06	1.94152e+06	731772	580833	687222
293T_TFF1_DNA_Pool-1_5C:S7:G8:09	25	1.00001e+06	0	725663	922241	743665
293T_TFF1_DNA_Pool-1_5C:S7:Z8:06	24	1.00001e+06	1.0652e+06	506822	810223	646597
293T_TFF1_DNA_Pool-1_5C:S8:0R:04	61	1.00001e+06	1.53556e+06	1.35455e+06	612349	4.54136e+06
293T_TFF1_DNA_Pool-1_5C:T1:0A:06	83	1.00001e+06	1.09747e+06	970172	803483	1.70102e+06
293T_TFF1_DNA_Pool-1_5C:U3:0A:04	106	1.00001e+06	0	1.0012e+06	820307	372148
293T_TFF1_DNA_Pool-1_5C:V2:E2:04	40	1.00001e+06	2.45343e+06	787617	775605	380631
293T_TFF1_DNA_Pool-1_5C:V6:0N:06	143	1.00001e+06	1.09543e+06	1.24282e+06	1.14011e+06	576027
293T_TFF1_DNA_Pool-1_5C:V6:17:09	29	1.00001e+06	0	713075	802967	941354
293T_TFF1_DNA_Pool-1_5C:V9:I0:06	255	1.00001e+06	0	2.79703e+06	2.02673e+06	2.29599e+06
293T_TFF1_DNA_Pool-1_5C:W7:56:06	21	1.00001e+06	197359	286072	27795.6	0
293T_TFF1_DNA_Pool-1_5C:X5:J6:05	118	1.00001e+06	2.61918e+06	1.73967e+06	1.855e+06	904107
293T_TFF1_DNA_Pool-1_5C:X5:X0:09	55	1.00001e+06	1.97936e+06	707249	777104	180156
293T_TFF1_DNA_Pool-1_5C:X6:46:11	21	1.00001e+06	0	687113	794068	684856
293T_TFF1_DNA_Pool-1_5C:Y0:Y2:06	20	1.00001e+06	717862	521964	837666	366991
293T_TFF1_DNA_Pool-1_5C:Y3:N7:07	21	1.00001e+06	1.56681e+06	513481	656334	423113
293T_TFF1_DNA_Pool-1_5B:07:A4:07	46	1.00001e+06	800519	1.09046e+06	732159	4.36311e+06
293T_TFF1_DNA_Pool-1_5B:0E:14:02	30	1.00001e+06	1.21726e+06	882680	663877	414956
293T_TFF1_DNA_Pool-1_5B:0Q:D2:07	21	1.00001e+06	1.58252e+06	270007	806890	0
293T_TFF1_DNA_Pool-1_5B:0T:Q8:06	30	1.00001e+06	1.63077e+06	671305	672290	284732
293T_TFF1_DNA_Pool-1_5B:0X:B2:04	88	1.00001e+06	1.11483e+06	1.47949e+06	839453	2.14884e+06
293T_TFF1_DNA_Pool-1_5B:0X:Z3:12	61	1.00001e+06	456565	1.10265e+06	765296	1.16224e+06
293T_TFF1_DNA_Pool-1_5B:0Y:20:07	24	1.00001e+06	1.55204e+06	441450	783163	0
293T_TFF1_DNA_Pool-1_5B:0Y:46:07	105	1.00001e+06	1.07525e+06	1.47744e+06	1.0782e+06	687814
293T_TFF1_DNA_Pool-1_5B:0Y:J6:07	90	1.00001e+06	1.31058e+06	1.30557e+06	909503	836729
293T_TFF1_DNA_Pool-1_5B:24:Y1:01	43	1.00001e+06	2.10366e+06	964591	831439	218295
293T_TFF1_DNA_Pool-1_5B:35:09:06	20	1.00001e+06	1.3954e+06	651976	837417	428623
293T_TFF1_DNA_Pool-1_5B:35:E1:07	52	1.00001e+06	0	1.44705e+06	1.13073e+06	3.24754e+06
293T_TFF1_DNA_Pool-1_5B:39:14:02	39	1.00001e+06	0	763228	767256	976682
293T_TFF1_DNA_Pool-1_5B:39:E2:06	58	1.00001e+06	0	798524	897263	108419
293T_TFF1_DNA_Pool-1_5B:43:Y6:02	22	1.00001e+06	1.57138e+06	571753	990312	1.49166e+06
293T_TFF1_DNA_Pool-1_5B:47:O6:04	24	1.00001e+06	0	772941	702235	383531
293T_TFF1_DNA_Pool-1_5B:55:29:01	46	1.00001e+06	1.77406e+06	886110	779520	2.92544e+06
293T_TFF1_DNA_Pool-1_5B:59:E2:07	43	1.00001e+06	216178	797584	758439	325595
293T_TFF1_DNA_Pool-1_5B:95:0W:03	69	1.00001e+06	775902	1.12552e+06	982144	711438
293T_TFF1_DNA_Pool-1_5B:95:B8:05	21	1.00001e+06	169893	529162	212264	31371.3
293T_TFF1_DNA_Pool-1_5B:A3:54:06	54	1.00001e+06	0	906993	18325.3	2.84439e-13
293T_TFF1_DNA_Pool-1_5B:A3:M0:07	27	1.00001e+06	286152	558247	635263	243825
293T_TFF1_DNA_Pool-1_5B:E3:E2:06	124	1.00001e+06	1.08541e+06	1.31396e+06	719357	2.09608e+06
293T_TFF1_DNA_Pool-1_5B:E3:H0:06	407	1.00001e+06	0	2.20035e+06	3.35387e+06	2.21486e+06
293T_TFF1_DNA_Pool-1_5B:E3:R0:10	56	1.00001e+06	0	544670	724253	337102
293T_TFF1_DNA_Pool-1_5B:G3:E2:06	34	1.00001e+06	1.58808e+06	1.10514e+06	593889	1.67676e+06
293T_TFF1_DNA_Pool-1_5B:G8:H0:09	20	1.00001e+06	264225	242083	882577	35665.2
293T_TFF1_DNA_Pool-1_5B:I7:46:07	28	1.00001e+06	1.90878e+06	1.04531e+06	732022	1.39608e+06
293T_TFF1_DNA_Pool-1_5B:J2:Y2:06	27	1.00001e+06	170089	382573	599481	0
293T_TFF1_DNA_Pool-1_5B:K7:54:06	76	1.00001e+06	1.0031e+06	835866	825372	86760.1
293T_TFF1_DNA_Pool-1_5B:M0:J0:07	83	1.00001e+06	1.66646e+06	1.2539e+06	964224	812138
293T_TFF1_DNA_Pool-1_5B:M0:X8:04	54	1.00001e+06	2.27304e+06	1.07264e+06	743954	1.08187e+06
293T_TFF1_DNA_Pool-1_5B:M4:08:07	33	1.00001e+06	1.78745e+06	945649	813522	0
293T_TFF1_DNA_Pool-1_5B:M4:J3:07	28	1.00001e+06	0	423194	809754	146272
293T_TFF1_DNA_Pool-1_5B:M4:X8:07	42	1.00001e+06	1.87956e+06	878047	669791	461042
293T_TFF1_DNA_Pool-1_5B:N2:K5:07	34	1.00001e+06	1.63398e+06	451077	616870	170511
293T_TFF1_DNA_Pool-1_5B:N6:S9:06	21	1.00001e+06	1.71214e+06	646085	843819	2.09834e+06
293T_TFF1_DNA_Pool-1_5B:N9:E2:07	343	1.00001e+06	0	2.15111e+06	1.88583e+06	1.75319e+06
293T_TFF1_DNA_Pool-1_5B:N9:G8:09	71	1.00001e+06	1.79614e+06	681309	548408	199151
293T_TFF1_DNA_Pool-1_5B:O7:N8:07	47	1.00001e+06	1.62786e+06	563524	649819	327340
293T_TFF1_DNA_Pool-1_5B:O7:O1:06	20	1.00001e+06	1.75732e+06	748195	678519	334247
293T_TFF1_DNA_Pool-1_5B:P1:E2:07	48	1.00001e+06	1.97463e+06	654545	715118	1.21429e+06
293T_TFF1_DNA_Pool-1_5B:P6:X8:06	59	1.00001e+06	0	1.10668e+06	728813	3.15223e+06
293T_TFF1_DNA_Pool-1_5B:Q0:98:01	29	1.00001e+06	1.79277e+06	1.13535e+06	778696	318291
293T_TFF1_DNA_Pool-1_5B:S7:T7:07	32	1.00001e+06	0	649449	597347	0
293T_TFF1_DNA_Pool-1_5B:S8:J3:09	29	1.00001e+06	436931	846917	458788	1.17823e+06
293T_TFF1_DNA_Pool-1_5B:T2:J0:06	109	1.00001e+06	1.06591e+06	1.16252e+06	1.246e+06	868330
293T_TFF1_DNA_Pool-1_5B:V2:J0:07	41	1.00001e+06	1.6066e+06	878096	486720	257403
293T_TFF1_DNA_Pool-1_5B:V6:T2:07	38	1.00001e+06	2.41291e+06	928363	712900	1.22055e+06
293T_TFF1_DNA_Pool-1_5B:W3:61:07	45	1.00001e+06	1.60267e+06	313121	476613	63138.1
293T_TFF1_DNA_Pool-1_5B:W7:J0:07	34	1.00001e+06	1.3719e+06	944583	699709	770731
293T_TFF1_DNA_Pool-1_5B:W8:X3:07	207	1.00001e+06	2.96403e+06	1.51299e+06	1.25187e+06	1.40856e+06
293T_TFF1_DNA_Pool-1_5B:X5:0R:04	110	1.00001e+06	2.2429e+06	1.8379e+06	2.80131e+06	904367
293T_TFF1_DNA_Pool-1_5B:X5:45:07	65	1.00001e+06	0	935102	714323	4.96639e+06
293T_TFF1_DNA_Pool-1_5B:X5:D4:09	188	1.00001e+06	0	1.49905e+06	2.31616e+06	879192
293T_TFF1_DNA_Pool-1_5B:X5:M8:07	77	1.00001e+06	1.27398e+06	1.10404e+06	752785	1.22996e+06
293T_TFF1_DNA_Pool-1_5B:X5:M8:12	57	1.00001e+06	803454	1.7491e+06	2.78267e+06	827404
293T_TFF1_DNA_Pool-1_5B:X9:Z8:07	24	1.00001e+06	1.98296e+06	887816	815630	304594
293T_TFF1_DNA_Pool-1_5B:Y3:N8:07	26	1.00001e+06	216413	751457	531993	0
293T_TFF1_DNA_Pool-1_5B:Y3:X7:04	20	1.00001e+06	0	448806	544000	496525
293T_TFF1_DNA_Pool-1_5B:Y8:H3:07	43	1.00001e+06	1.57009e+06	799776	722556	1.1106e+06
293T_TFF1_DNA_Pool-1_5B:Z1:Y5:11	27	1.00001e+06	2.25072e+06	856177	890586	552402
293T_TFF1_DNA_Pool-1_5B:Z2:56:07	70	1.00001e+06	356041	1.13269e+06	912822	359254
293T_TFF1_DNA_Pool-1_5B:Z9:O5:06	525	1.00001e+06	6.84491e+06	2.85589e+06	8.23847e+06	1.81606e+06
293T_TFF1_DNA_Pool-1_5A:08:84:03	24	1.00001e+06	0	701093	917845	1.26431e+06
293T_TFF1_DNA_Pool-1_5A:0M:X8:02	20	1.00001e+06	0	446165	760327	188497
293T_TFF1_DNA_Pool-1_5A:0Y:R2:03	32	1.00001e+06	0	749288	771878	414090
293T_TFF1_DNA_Pool-1_5A:0Y:S9:09	21	1.00001e+06	1.93652e+06	473674	752642	657620
293T_TFF1_DNA_Pool-1_5A:24:J0:10	57	1.00001e+06	1.80994e+06	760014	660564	160401
293T_TFF1_DNA_Pool-1_5A:24:L6:04	46	1.00001e+06	0	480756	558861	399180
293T_TFF1_DNA_Pool-1_5A:24:Y1:01	108	1.00001e+06	582935	1.35374e+06	978508	2.35139e+06
293T_TFF1_DNA_Pool-1_5A:47:O6:04	51	1.00001e+06	0	1.14904e+06	806959	1.3165e+06
293T_TFF1_DNA_Pool-1_5A:47:X7:02	68	1.00001e+06	0	1.97892e+06	887833	3.35384e+06
293T_TFF1_DNA_Pool-1_5A:95:E1:03	127	1.00001e+06	2.17412e+06	1.08698e+06	716787	1.01409e+06
293T_TFF1_DNA_Pool-1_5A:A7:17:05	25	1.00001e+06	0	598403	773349	322734
293T_TFF1_DNA_Pool-1_5A:E3:46:05	50	1.00001e+06	1.5432e+06	934209	728619	334876
293T_TFF1_DNA_Pool-1_5A:E3:X8:10	91	1.00001e+06	1.71472e+06	906692	1.04866e+06	278928
293T_TFF1_DNA_Pool-1_5A:I3:E2:10	58	1.00001e+06	0	974799	717413	238550
293T_TFF1_DNA_Pool-1_5A:J1:17:05	52	1.00001e+06	1.18903e+06	1.45604e+06	903639	4.43294e+06
293T_TFF1_DNA_Pool-1_5A:L1:J6:05	42	1.00001e+06	0	1.08674e+06	948307	400901
293T_TFF1_DNA_Pool-1_5A:N2:0J:01	21	1.00001e+06	199071	1.03689e+06	856684	355477
293T_TFF1_DNA_Pool-1_5A:N9:G0:06	25	1.00001e+06	1.79727e+06	492724	660538	499983
293T_TFF1_DNA_Pool-1_5A:N9:G5:11	28	1.00001e+06	0	824407	765612	284399
293T_TFF1_DNA_Pool-1_5A:N9:P0:01	113	1.00001e+06	0	1.46789e+06	693457	404773
293T_TFF1_DNA_Pool-1_5A:N9:P3:10	39	1.00001e+06	436437	1.03316e+06	747387	1.7644e+06
293T_TFF1_DNA_Pool-1_5A:R6:17:05	25	1.00001e+06	0	656138	63068.1	267895
293T_TFF1_DNA_Pool-1_5A:S7:P0:01	118	1.00001e+06	3.70092e+06	1.32913e+06	1.42036e+06	1.11851e+06
293T_TFF1_DNA_Pool-1_5A:V9:B2:07	25	1.00001e+06	1.44688e+06	561804	638408	1.23523e+06
293T_TFF1_DNA_Pool-1_5A:V9:Q6:01	29	1.00001e+06	2.86745e+06	913820	714704	2.83023e+06
293T_TFF1_DNA_Pool-1_5A:W3:50:11	26	1.00001e+06	1.38965e+06	266825	731742	186713
293T_TFF1_DNA_Pool-1_5A:X5:30:09	41	1.00001e+06	2.05443e+06	1.65065e+06	720537	2.24032e+06
293T_TFF1_DNA_Pool-1_5A:X5:J6:05	285	1.00001e+06	6.46854e+06	2.16977e+06	3.72712e+06	1.84547e+06
293T_TFF1_DNA_Pool-1_6H:04:68:08	71	1.00001e+06	1.86331e+06	792566	993582	296243
293T_TFF1_DNA_Pool-1_6H:07:M8:10	24	1.00001e+06	392762	536504	730388	3.55421e+06
293T_TFF1_DNA_Pool-1_6H:08:B2:06	25	1.00001e+06	1.26296e+06	887506	739967	1.86813e+06
293T_TFF1_DNA_Pool-1_6H:0H:B2:02	26	1.00001e+06	0	555643	559906	530706
293T_TFF1_DNA_Pool-1_6H:0H:C0:10	76	1.00001e+06	708234	926643	929281	2.45609e+06
293T_TFF1_DNA_Pool-1_6H:0X:B3:02	82	1.00001e+06	301085	965597	701229	152432
293T_TFF1_DNA_Pool-1_6H:0X:E2:12	146	1.00001e+06	2.67352e+06	1.70999e+06	800339	981883
293T_TFF1_DNA_Pool-1_6H:0X:K1:12	28	1.00001e+06	0	664159	746724	170579
293T_TFF1_DNA_Pool-1_6H:0Y:B6:08	28	1.00001e+06	1.36118e+06	657690	812732	387703
293T_TFF1_DNA_Pool-1_6H:0Y:E1:08	70	1.00001e+06	2.44616e+06	888990	589297	288564
293T_TFF1_DNA_Pool-1_6H:0Y:K0:08	27	1.00001e+06	1.81963e+06	563201	898460	657620
293T_TFF1_DNA_Pool-1_6H:0Y:L0:08	44	1.00001e+06	1.36622e+06	860287	757293	2.66822e+06
293T_TFF1_DNA_Pool-1_6H:0Y:S5:08	24	NA	1.35973e+06	177354	761280	0
293T_TFF1_DNA_Pool-1_6H:16:97:02	25	1.00001e+06	626028	344460	468613	5.22907e-34
293T_TFF1_DNA_Pool-1_6H:23:02:08	167	1.00001e+06	1.66285e+06	1.15432e+06	868760	453947
293T_TFF1_DNA_Pool-1_6H:24:M8:11	32	1.00001e+06	1.45459e+06	732142	660775	0
293T_TFF1_DNA_Pool-1_6H:32:0F:08	103	1.00001e+06	1.86697e+06	1.01263e+06	664845	1.65256e+06
293T_TFF1_DNA_Pool-1_6H:32:J3:08	26	1.00001e+06	1.3746e+06	197342	803557	0
293T_TFF1_DNA_Pool-1_6H:39:29:08	81	1.00001e+06	0	638194	753081	718856
293T_TFF1_DNA_Pool-1_6H:39:66:08	29	1.00001e+06	0	800661	805428	1.62318e+06
293T_TFF1_DNA_Pool-1_6H:47:F2:08	42	1.00001e+06	2.06774e+06	480783	20008	1.41289e+06
293T_TFF1_DNA_Pool-1_6H:47:F3:02	43	1.00001e+06	485510	1.0662e+06	871490	202223
293T_TFF1_DNA_Pool-1_6H:48:C0:08	25	1.00001e+06	1.83579e+06	1.92565e+06	814119	3.60849e+06
293T_TFF1_DNA_Pool-1_6H:51:C4:10	26	1.00001e+06	1.57129e+06	424901	693550	0
293T_TFF1_DNA_Pool-1_6H:59:O2:08	37	1.00001e+06	1.55141e+06	553865	958547	0
293T_TFF1_DNA_Pool-1_6H:60:J3:02	44	1.00001e+06	334156	1.06338e+06	757799	529432
293T_TFF1_DNA_Pool-1_6H:95:08:03	39	1.00001e+06	0	1.20368e+06	764287	4.62195e+06
293T_TFF1_DNA_Pool-1_6H:95:L0:08	25	1.00001e+06	0	395929	746253	147960
293T_TFF1_DNA_Pool-1_6H:95:N8:08	20	1.00001e+06	1.70607e+06	542554	234712	0
293T_TFF1_DNA_Pool-1_6H:95:T2:08	70	1.00001e+06	343117	1.09869e+06	832628	1.03444e+06
293T_TFF1_DNA_Pool-1_6H:99:76:08	24	1.00001e+06	287131	505658	788315	307686
293T_TFF1_DNA_Pool-1_6H:99:Y6:02	24	1.00001e+06	95471.6	358726	570121	302734
293T_TFF1_DNA_Pool-1_6H:C7:X8:08	35	1.00001e+06	2.01619e+06	1.76398e+06	212791	157602
293T_TFF1_DNA_Pool-1_6H:D1:Q8:08	63	1.00001e+06	0	1.0925e+06	854234	62274.1
293T_TFF1_DNA_Pool-1_6H:D9:B6:08	22	1.00001e+06	0	429837	30939.9	71279.1
293T_TFF1_DNA_Pool-1_6H:E4:94:01	22	1.00001e+06	207711	673000	713117	299098
293T_TFF1_DNA_Pool-1_6H:F1:72:08	183	1.00001e+06	0	1.12085e+06	952353	419697
293T_TFF1_DNA_Pool-1_6H:H5:L0:08	69	1.00001e+06	216823	973226	929450	139168
293T_TFF1_DNA_Pool-1_6H:H5:T8:07	25	1.00001e+06	437164	393154	29389.1	60157.5
293T_TFF1_DNA_Pool-1_6H:I3:S9:02	30	1.00001e+06	218689	483396	158322	358609
293T_TFF1_DNA_Pool-1_6H:J9:J0:10	34	1.00001e+06	0	896958	890472	1.91616e+06
293T_TFF1_DNA_Pool-1_6H:K7:E6:10	32	1.00001e+06	2.40787e+06	1.08946e+06	805795	4.7345e+06
293T_TFF1_DNA_Pool-1_6H:K7:F8:08	22	1.00001e+06	186253	380785	13175.7	696720
293T_TFF1_DNA_Pool-1_6H:L2:F8:08	20	1.00001e+06	374629	235716	13643.7	124739
293T_TFF1_DNA_Pool-1_6H:L9:M8:05	20	NA	185735	266108	19504.5	0
293T_TFF1_DNA_Pool-1_6H:M4:E1:07	28	1.00001e+06	0	425631	709566	0
293T_TFF1_DNA_Pool-1_6H:M4:E1:08	23	1.00001e+06	1.62888e+06	786227	789270	0
293T_TFF1_DNA_Pool-1_6H:M4:F2:04	34	1.00001e+06	0	2.19235e+06	795751	629283
293T_TFF1_DNA_Pool-1_6H:N1:78:08	27	1.00001e+06	0	1.58432e+06	755844	5.96878e+06
293T_TFF1_DNA_Pool-1_6H:N6:O9:05	23	1.00001e+06	1.05256e+06	607668	806453	0
293T_TFF1_DNA_Pool-1_6H:N9:08:02	119	1.00001e+06	795757	985178	722095	308965
293T_TFF1_DNA_Pool-1_6H:N9:0N:02	36	1.00001e+06	305129	915234	850595	198763
293T_TFF1_DNA_Pool-1_6H:N9:17:09	35	1.00001e+06	1.35445e+06	535403	714470	104472
293T_TFF1_DNA_Pool-1_6H:N9:46:11	65	1.00001e+06	0	1.12575e+06	770785	137669
293T_TFF1_DNA_Pool-1_6H:N9:E6:10	94	1.00001e+06	2.23431e+06	1.01866e+06	906384	3.82022e+06
293T_TFF1_DNA_Pool-1_6H:N9:O1:08	28	1.00001e+06	1.64729e+06	734334	754688	629219
293T_TFF1_DNA_Pool-1_6H:N9:T2:02	43	1.00001e+06	0	923033	765691	558244
293T_TFF1_DNA_Pool-1_6H:N9:Y5:02	83	1.00001e+06	1.16773e+06	1.44238e+06	1.51171e+06	1.14288e+06
293T_TFF1_DNA_Pool-1_6H:R1:U6:08	221	1.00001e+06	0	1.44393e+06	1.51666e+06	1.34854e+06
293T_TFF1_DNA_Pool-1_6H:S0:I0:08	156	1.00001e+06	2.09136e+06	1.54978e+06	1.21857e+06	1.76262e+06
293T_TFF1_DNA_Pool-1_6H:S7:H2:12	32	1.00001e+06	2.3093e+06	623638	817477	284945
293T_TFF1_DNA_Pool-1_6H:S8:B0:08	25	NA	0	121782	8197.17	197095
293T_TFF1_DNA_Pool-1_6H:S8:R4:11	25	1.00001e+06	3.36884e+06	3.76676e+06	487395	341020
293T_TFF1_DNA_Pool-1_6H:S8:S9:02	370	1.00001e+06	0	1.89911e+06	2.17732e+06	1.0687e+06
293T_TFF1_DNA_Pool-1_6H:S8:S9:04	57	1.00001e+06	1.5358e+06	1.51601e+06	1.00711e+06	1.38751e+06
293T_TFF1_DNA_Pool-1_6H:U0:08:03	24	1.00001e+06	1.78663e+06	702126	592290	794194
293T_TFF1_DNA_Pool-1_6H:U4:0N:11	24	1.00001e+06	0	306837	54996.5	229318
293T_TFF1_DNA_Pool-1_6H:V1:Q8:08	44	1.00001e+06	0	808857	768559	107224
293T_TFF1_DNA_Pool-1_6H:V2:B3:10	30	1.00001e+06	1.79432e+06	672874	811873	555513
293T_TFF1_DNA_Pool-1_6H:V2:H2:12	22	1.00001e+06	1.58252e+06	347556	27048.6	88216.3
293T_TFF1_DNA_Pool-1_6H:V2:K5:09	27	1.00001e+06	1.87974e+06	695709	785991	0
293T_TFF1_DNA_Pool-1_6H:V2:T4:08	31	1.00001e+06	1.66411e+06	626304	683192	543863
293T_TFF1_DNA_Pool-1_6H:V6:M4:08	41	1.00001e+06	0	1.17623e+06	776851	3.55588e+06
293T_TFF1_DNA_Pool-1_6H:V6:X3:05	43	1.00001e+06	0	1.00156e+06	944914	327315
293T_TFF1_DNA_Pool-1_6H:X5:80:08	24	1.00001e+06	0	1.21997e+06	611181	146626
293T_TFF1_DNA_Pool-1_6H:X5:97:02	154	1.00001e+06	1.84115e+06	1.13985e+06	817424	751688
293T_TFF1_DNA_Pool-1_6H:X5:C0:08	53	1.00001e+06	2.3615e+06	1.38545e+06	766835	3.14644e+06
293T_TFF1_DNA_Pool-1_6H:X5:C8:02	39	1.00001e+06	0	749178	800145	360827
293T_TFF1_DNA_Pool-1_6H:X5:G2:08	25	1.00001e+06	0	477025	716924	515546
293T_TFF1_DNA_Pool-1_6H:X5:P4:08	20	1.00001e+06	1.3895e+06	504610	468798	449143
293T_TFF1_DNA_Pool-1_6H:X6:D7:08	22	1.00001e+06	1.54456e+06	417450	790195	295958
293T_TFF1_DNA_Pool-1_6H:Y3:E2:08	701	1.00001e+06	0	3.30393e+06	8.71442e+06	2.94419e+06
293T_TFF1_DNA_Pool-1_6H:Z9:N8:09	23	1.00001e+06	186036	367079	929241	138257
293T_TFF1_DNA_Pool-1_6G:03:E6:03	29	1.00001e+06	0	805317	860536	66336.5
293T_TFF1_DNA_Pool-1_6G:03:E6:07	24	1.00001e+06	169596	711217	779286	0
293T_TFF1_DNA_Pool-1_6G:08:D2:01	26	1.00001e+06	1.60141e+06	380439	777051	0
293T_TFF1_DNA_Pool-1_6G:08:X8:07	26	1.00001e+06	0	630204	15765.1	124434
293T_TFF1_DNA_Pool-1_6G:0H:T8:07	388	1.00001e+06	4.37456e+06	1.82648e+06	1.65779e+06	903366
293T_TFF1_DNA_Pool-1_6G:0X:34:03	27	1.00001e+06	2.10301e+06	656576	867990	0
293T_TFF1_DNA_Pool-1_6G:0X:Q6:07	31	1.00001e+06	1.73763e+06	667616	776669	384571
293T_TFF1_DNA_Pool-1_6G:0X:W0:11	29	1.00001e+06	727288	886909	636751	254429
293T_TFF1_DNA_Pool-1_6G:0X:Z6:01	86	1.00001e+06	396955	1.00764e+06	861859	269827
293T_TFF1_DNA_Pool-1_6G:0Y:68:01	31	1.00001e+06	0	2.74466e+06	769450	2.0351e+06
293T_TFF1_DNA_Pool-1_6G:0Y:97:03	38	1.00001e+06	0	738110	680761	198034
293T_TFF1_DNA_Pool-1_6G:0Y:H2:07	53	1.00001e+06	1.84954e+06	1.28674e+06	906517	3.34751e+06
293T_TFF1_DNA_Pool-1_6G:27:O1:04	158	1.00001e+06	1.49717e+06	1.34818e+06	1.39103e+06	563957
293T_TFF1_DNA_Pool-1_6G:35:54:07	57	1.00001e+06	0	1.17217e+06	793066	943538
293T_TFF1_DNA_Pool-1_6G:39:61:07	36	1.00001e+06	0	805644	706942	768776
293T_TFF1_DNA_Pool-1_6G:47:G8:09	20	1.00001e+06	779701	536220	744649	598111
293T_TFF1_DNA_Pool-1_6G:56:A6:07	29	1.00001e+06	1.97256e+06	718249	872442	136159
293T_TFF1_DNA_Pool-1_6G:64:N8:03	21	1.00001e+06	641578	550678	157580	776366
293T_TFF1_DNA_Pool-1_6G:68:T4:07	30	1.00001e+06	0	745942	832999	1.051e+06
293T_TFF1_DNA_Pool-1_6G:83:S5:03	69	1.00001e+06	321330	1.14124e+06	905298	1.49117e+06
293T_TFF1_DNA_Pool-1_6G:83:Y6:10	34	1.00001e+06	175715	395975	806872	339732
293T_TFF1_DNA_Pool-1_6G:87:26:03	37	1.00001e+06	2.04016e+06	919653	14829.6	321437
293T_TFF1_DNA_Pool-1_6G:87:O1:02	30	1.00001e+06	626383	1.06376e+06	1.21132e+06	491243
293T_TFF1_DNA_Pool-1_6G:91:G0:01	21	1.00001e+06	1.40689e+06	306647	506534	0
293T_TFF1_DNA_Pool-1_6G:91:U1:03	33	1.00001e+06	0	906934	1.00717e+06	1.09496e+06
293T_TFF1_DNA_Pool-1_6G:95:D3:07	34	1.00001e+06	2.12072e+06	701153	975680	0
293T_TFF1_DNA_Pool-1_6G:B5:54:05	43	1.00001e+06	0	1.55947e+06	563953	350101
293T_TFF1_DNA_Pool-1_6G:B5:D3:01	107	1.00001e+06	208800	1.19354e+06	826342	689632
293T_TFF1_DNA_Pool-1_6G:B9:T0:01	32	1.00001e+06	187228	353720	757847	142539
293T_TFF1_DNA_Pool-1_6G:C8:0F:10	81	1.00001e+06	0	1.24397e+06	748948	1.16012e+06
293T_TFF1_DNA_Pool-1_6G:E0:B3:01	198	1.00001e+06	675221	1.38761e+06	1.27222e+06	1.32992e+06
293T_TFF1_DNA_Pool-1_6G:E0:D3:01	54	1.00001e+06	0	974407	853072	291205
293T_TFF1_DNA_Pool-1_6G:E0:W0:01	40	1.00001e+06	0	3.26411e+06	2.27396e+06	125012
293T_TFF1_DNA_Pool-1_6G:E3:L0:05	36	1.00001e+06	698256	773598	823517	201798
293T_TFF1_DNA_Pool-1_6G:F2:46:07	38	1.00001e+06	455767	852715	851622	229119
293T_TFF1_DNA_Pool-1_6G:F7:46:03	52	1.00001e+06	1.87615e+06	674843	801685	98622.7
293T_TFF1_DNA_Pool-1_6G:F7:93:07	132	1.00001e+06	0	1.67715e+06	1.17327e+06	3.84555e+06
293T_TFF1_DNA_Pool-1_6G:F7:S5:03	38	1.00001e+06	308289	868411	861061	447800
293T_TFF1_DNA_Pool-1_6G:G4:Y1:07	21	1.00001e+06	1.26834e+06	1.13933e+06	887072	0
293T_TFF1_DNA_Pool-1_6G:H1:O1:03	988	1.00001e+06	9.84648e+06	3.56429e+06	1.16038e+07	2.56884e+06
293T_TFF1_DNA_Pool-1_6G:H2:46:07	66	1.00001e+06	0	1.41259e+06	860599	1.86891e+06
293T_TFF1_DNA_Pool-1_6G:H5:T8:07	30	1.00001e+06	1.79752e+06	585331	41624.5	454906
293T_TFF1_DNA_Pool-1_6G:H6:25:02	20	1.00001e+06	0	787024	774331	4.10377e+06
293T_TFF1_DNA_Pool-1_6G:J1:V0:03	32	1.00001e+06	160256	599406	798288	170816
293T_TFF1_DNA_Pool-1_6G:J1:Z0:07	25	1.00001e+06	624797	510577	215326	0
293T_TFF1_DNA_Pool-1_6G:J9:U5:03	53	1.00001e+06	2.144e+06	804506	670224	2.41636e+06
293T_TFF1_DNA_Pool-1_6G:K7:E6:10	29	1.00001e+06	0	633778	610720	452591
293T_TFF1_DNA_Pool-1_6G:L1:54:01	20	1.00001e+06	1.12675e+06	611649	837031	125782
293T_TFF1_DNA_Pool-1_6G:L6:Z2:07	38	1.00001e+06	2.073e+06	686626	767943	0
293T_TFF1_DNA_Pool-1_6G:M3:S6:07	39	1.00001e+06	225199	1.01878e+06	788263	299462
293T_TFF1_DNA_Pool-1_6G:M7:A6:07	103	1.00001e+06	0	1.65988e+06	1.31201e+06	839217
293T_TFF1_DNA_Pool-1_6G:M7:E2:03	131	1.00001e+06	3.14434e+06	1.5531e+06	907896	2.27948e+06
293T_TFF1_DNA_Pool-1_6G:M7:K1:03	26	1.00001e+06	1.34567e+06	323748	716903	255826
293T_TFF1_DNA_Pool-1_6G:N1:0J:07	23	1.00001e+06	1.02237e+06	744626	730963	0
293T_TFF1_DNA_Pool-1_6G:N1:41:03	46	1.00001e+06	1.87143e+06	793690	573054	176412
293T_TFF1_DNA_Pool-1_6G:N1:46:03	35	1.00001e+06	1.84703e+06	825730	830643	465949
293T_TFF1_DNA_Pool-1_6G:N9:X7:03	124	1.00001e+06	2.15264e+06	1.62215e+06	864509	3.54023e+06
293T_TFF1_DNA_Pool-1_6G:O7:14:03	28	1.00001e+06	1.84449e+06	478187	619376	214535
293T_TFF1_DNA_Pool-1_6G:O7:E6:07	37	1.00001e+06	1.95524e+06	618810	747378	243900
293T_TFF1_DNA_Pool-1_6G:O7:M0:03	34	1.00001e+06	1.62713e+06	718012	880620	1.19046e+06
293T_TFF1_DNA_Pool-1_6G:P5:K1:03	37	1.00001e+06	0	567901	923651	412454
293T_TFF1_DNA_Pool-1_6G:P5:K1:07	37	1.00001e+06	0	291552	617470	0
293T_TFF1_DNA_Pool-1_6G:P5:N8:07	21	1.00001e+06	1.81306e+06	929962	663249	149149
293T_TFF1_DNA_Pool-1_6G:Q8:E2:03	42	1.00001e+06	1.66208e+06	615228	908983	93450.4
293T_TFF1_DNA_Pool-1_6G:Q8:E2:09	25	1.00001e+06	0	417911	19021.1	0
293T_TFF1_DNA_Pool-1_6G:R1:0F:10	50	1.00001e+06	521120	1.13547e+06	897234	0
293T_TFF1_DNA_Pool-1_6G:R1:26:07	21	NA	1.35855e+06	222798	633733	131995
293T_TFF1_DNA_Pool-1_6G:R1:K2:03	25	1.00001e+06	683635	695165	471664	2.5806e+06
293T_TFF1_DNA_Pool-1_6G:S0:G5:07	23	1.00001e+06	0	689185	793721	949466
293T_TFF1_DNA_Pool-1_6G:S3:E2:01	40	1.00001e+06	0	1.19116e+06	879599	665748
293T_TFF1_DNA_Pool-1_6G:S7:45:11	59	1.00001e+06	1.36538e+06	690611	438909	70549.4
293T_TFF1_DNA_Pool-1_6G:S7:F2:01	54	1.00001e+06	198318	591025	687717	1.12859e+06
293T_TFF1_DNA_Pool-1_6G:S7:H2:08	21	1.00001e+06	1.85732e+06	538641	740965	256456
293T_TFF1_DNA_Pool-1_6G:S7:J8:07	30	1.00001e+06	0	791617	697472	1.09158e+06
293T_TFF1_DNA_Pool-1_6G:S7:M8:03	123	1.00001e+06	1.37877e+06	1.59673e+06	942479	1.56125e+06
293T_TFF1_DNA_Pool-1_6G:S8:K2:03	40	1.00001e+06	1.23115e+06	756908	801397	328612
293T_TFF1_DNA_Pool-1_6G:U4:Z6:01	21	1.00001e+06	0	783123	735701	0
293T_TFF1_DNA_Pool-1_6G:U8:M8:03	42	1.00001e+06	0	904146	817228	479167
293T_TFF1_DNA_Pool-1_6G:V2:G9:03	38	1.00001e+06	308839	622498	772720	55595.8
293T_TFF1_DNA_Pool-1_6G:V9:0R:03	38	1.00001e+06	984860	936935	898921	489405
293T_TFF1_DNA_Pool-1_6G:V9:Y6:05	27	1.00001e+06	216834	913440	730408	360951
293T_TFF1_DNA_Pool-1_6G:W4:0R:01	61	1.00001e+06	1.90874e+06	697942	822345	394117
293T_TFF1_DNA_Pool-1_6G:W8:Y2:03	29	1.00001e+06	0	614719	800888	109607
293T_TFF1_DNA_Pool-1_6G:X1:0R:07	39	1.00001e+06	0	755005	734980	1.40366e+06
293T_TFF1_DNA_Pool-1_6G:X5:45:11	74	1.00001e+06	1.70025e+06	606510	771084	471563
293T_TFF1_DNA_Pool-1_6G:X5:78:03	52	1.00001e+06	0	733556	825657	723787
293T_TFF1_DNA_Pool-1_6G:X5:H7:03	52	1.00001e+06	0	1.03753e+06	648435	654133
293T_TFF1_DNA_Pool-1_6G:X5:L0:05	64	1.00001e+06	2.21816e+06	1.22108e+06	755024	214088
293T_TFF1_DNA_Pool-1_6G:X5:N3:07	54	1.00001e+06	2.41366e+06	982624	630696	3.77349e+06
293T_TFF1_DNA_Pool-1_6G:X5:S5:02	67	1.00001e+06	2.28682e+06	825443	787741	798908
293T_TFF1_DNA_Pool-1_6G:Z1:T7:03	31	1.00001e+06	2.08807e+06	848784	812685	529518
293T_TFF1_DNA_Pool-1_6G:Z6:R0:01	31	1.00001e+06	1.69091e+06	508804	27058.8	313174
293T_TFF1_DNA_Pool-1_6G:Z6:Z6:03	20	1.00001e+06	1.79075e+06	392501	10964.3	0
293T_TFF1_DNA_Pool-1_6F:04:54:01	31	1.00001e+06	0	1.09775e+06	756389	1.63476e+06
293T_TFF1_DNA_Pool-1_6F:08:S6:07	43	1.00001e+06	1.72696e+06	1.04343e+06	862093	1.31833e+06
293T_TFF1_DNA_Pool-1_6F:08:X3:01	96	1.00001e+06	0	909629	673038	0
293T_TFF1_DNA_Pool-1_6F:0D:09:01	25	1.00001e+06	1.97326e+06	606263	590647	105788
293T_TFF1_DNA_Pool-1_6F:0H:98:01	38	1.00001e+06	0	886703	776553	326659
293T_TFF1_DNA_Pool-1_6F:0H:J6:07	78	1.00001e+06	0	915319	926781	582771
293T_TFF1_DNA_Pool-1_6F:0H:N7:05	39	1.00001e+06	1.73661e+06	1.02883e+06	1.08573e+06	779599
293T_TFF1_DNA_Pool-1_6F:0L:17:07	38	1.00001e+06	1.1103e+06	636326	745172	913615
293T_TFF1_DNA_Pool-1_6F:0L:F8:01	22	1.00001e+06	1.7795e+06	813141	641893	458090
293T_TFF1_DNA_Pool-1_6F:0P:J4:01	44	1.00001e+06	0	574893	925087	331277
293T_TFF1_DNA_Pool-1_6F:0Q:Q6:07	48	1.00001e+06	0	2.12253e+06	819045	4.39894e+06
293T_TFF1_DNA_Pool-1_6F:0T:O5:01	29	1.00001e+06	642669	495612	28596.4	117543
293T_TFF1_DNA_Pool-1_6F:0X:97:07	39	1.00001e+06	0	1.20067e+06	862864	1.56243e+06
293T_TFF1_DNA_Pool-1_6F:0X:A6:07	69	1.00001e+06	845953	1.27241e+06	919956	1.46805e+06
293T_TFF1_DNA_Pool-1_6F:0X:B3:02	258	1.00001e+06	0	2.11396e+06	1.76726e+06	3.20435e+06
293T_TFF1_DNA_Pool-1_6F:0X:D7:07	45	1.00001e+06	2.29057e+06	854338	741195	852807
293T_TFF1_DNA_Pool-1_6F:0X:G0:07	64	1.00001e+06	2.17563e+06	806453	800027	305794
293T_TFF1_DNA_Pool-1_6F:0X:G4:02	57	1.00001e+06	0	1.35251e+06	731932	724010
293T_TFF1_DNA_Pool-1_6F:0X:J3:01	118	1.00001e+06	0	1.51708e+06	779921	2.07285e+06
293T_TFF1_DNA_Pool-1_6F:0X:O9:02	51	1.00001e+06	0	1.34773e+06	693554	3.38062e+06
293T_TFF1_DNA_Pool-1_6F:0X:X0:01	156	1.00001e+06	1.55246e+06	1.48174e+06	907453	425264
293T_TFF1_DNA_Pool-1_6F:0Y:0O:06	43	1.00001e+06	2.07829e+06	957208	977724	305116
293T_TFF1_DNA_Pool-1_6F:0Y:61:01	88	1.00001e+06	0	1.27795e+06	821348	465644
293T_TFF1_DNA_Pool-1_6F:0Y:B2:01	206	1.00001e+06	0	1.81743e+06	875250	2.93004e+06
293T_TFF1_DNA_Pool-1_6F:0Y:C0:07	28	1.00001e+06	1.78481e+06	447503	536147	0
293T_TFF1_DNA_Pool-1_6F:0Y:E6:07	77	1.00001e+06	883786	1.09521e+06	920812	502649
293T_TFF1_DNA_Pool-1_6F:0Y:G8:12	34	1.00001e+06	0	472823	474607	0
293T_TFF1_DNA_Pool-1_6F:0Y:L3:02	101	1.00001e+06	621651	1.62182e+06	914414	1.55369e+06
293T_TFF1_DNA_Pool-1_6F:0Y:O6:01	74	1.00001e+06	189350	862223	876763	655382
293T_TFF1_DNA_Pool-1_6F:0Y:T7:03	66	1.00001e+06	0	1.27868e+06	963286	586672
293T_TFF1_DNA_Pool-1_6F:0Y:V6:02	25	1.00001e+06	1.59889e+06	230051	494131	0
293T_TFF1_DNA_Pool-1_6F:0Y:Y2:01	185	1.00001e+06	1.52174e+06	1.25014e+06	2.45617e+06	879296
293T_TFF1_DNA_Pool-1_6F:12:K5:01	34	1.00001e+06	0	607534	848080	149149
293T_TFF1_DNA_Pool-1_6F:12:Y2:07	50	1.00001e+06	0	882186	945744	816235
293T_TFF1_DNA_Pool-1_6F:12:Z6:12	62	1.00001e+06	0	1.19096e+06	646666	787745
293T_TFF1_DNA_Pool-1_6F:15:E6:01	58	1.00001e+06	1.12439e+06	586485	702149	529035
293T_TFF1_DNA_Pool-1_6F:19:G2:01	22	1.00001e+06	2.03259e+06	972918	633860	237878
293T_TFF1_DNA_Pool-1_6F:20:Y2:02	20	1.00001e+06	0	277760	513282	285272
293T_TFF1_DNA_Pool-1_6F:24:Y6:07	59	1.00001e+06	0	982539	778387	475789
293T_TFF1_DNA_Pool-1_6F:27:46:01	105	1.00001e+06	2.00375e+06	1.54297e+06	873903	440492
293T_TFF1_DNA_Pool-1_6F:27:E2:01	28	1.00001e+06	0	425273	15152.3	874112
293T_TFF1_DNA_Pool-1_6F:27:Y2:07	197	1.00001e+06	0	1.24127e+06	1.14087e+06	694323
293T_TFF1_DNA_Pool-1_6F:32:M4:01	25	1.00001e+06	0	517883	31047.3	249331
293T_TFF1_DNA_Pool-1_6F:39:76:05	43	1.00001e+06	522183	865756	961875	164805
293T_TFF1_DNA_Pool-1_6F:40:0W:01	72	1.00001e+06	1.88441e+06	927896	939754	2.11332e+06
293T_TFF1_DNA_Pool-1_6F:40:54:02	29	1.00001e+06	1.78376e+06	1.12602e+06	732357	1.57469e+06
293T_TFF1_DNA_Pool-1_6F:40:76:07	121	1.00001e+06	0	1.18797e+06	1.1519e+06	911408
293T_TFF1_DNA_Pool-1_6F:43:0B:02	63	1.00001e+06	797740	1.55845e+06	587542	3.32786e+06
293T_TFF1_DNA_Pool-1_6F:43:G5:01	35	1.00001e+06	2.17726e+06	799916	860109	3.38992e+06
293T_TFF1_DNA_Pool-1_6F:47:02:01	114	1.00001e+06	1.04597e+06	1.74636e+06	1.40046e+06	3.62718e+06
293T_TFF1_DNA_Pool-1_6F:47:0R:01	77	1.00001e+06	846080	963724	764942	1.41735e+06
293T_TFF1_DNA_Pool-1_6F:47:46:07	106	1.00001e+06	1.08928e+06	1.21549e+06	858212	312926
293T_TFF1_DNA_Pool-1_6F:47:72:02	43	1.00001e+06	350464	1.20205e+06	837701	1.29739e+06
293T_TFF1_DNA_Pool-1_6F:47:A4:01	47	1.00001e+06	1.32615e+06	1.00269e+06	915865	523912
293T_TFF1_DNA_Pool-1_6F:47:B3:02	169	1.00001e+06	3.1067e+06	1.62163e+06	872486	1.04435e+06
293T_TFF1_DNA_Pool-1_6F:47:F2:01	435	1.00001e+06	2.4907e+06	2.43487e+06	3.40081e+06	1.83738e+06
293T_TFF1_DNA_Pool-1_6F:47:J0:07	73	1.00001e+06	2.47596e+06	1.2461e+06	946087	2.55665e+06
293T_TFF1_DNA_Pool-1_6F:47:L4:02	46	1.00001e+06	300603	512495	801731	364611
293T_TFF1_DNA_Pool-1_6F:47:N7:03	55	1.00001e+06	1.08535e+06	1.35854e+06	711015	507004
293T_TFF1_DNA_Pool-1_6F:47:T8:07	21	1.00001e+06	1.59553e+06	643026	777251	512823
293T_TFF1_DNA_Pool-1_6F:48:T0:07	255	1.00001e+06	1.3848e+06	1.65226e+06	1.56969e+06	772056
293T_TFF1_DNA_Pool-1_6F:52:T0:01	45	1.00001e+06	0	690743	739392	564149
293T_TFF1_DNA_Pool-1_6F:60:I9:02	28	1.00001e+06	0	593151	240338	0
293T_TFF1_DNA_Pool-1_6F:60:W2:01	32	1.00001e+06	629394	506468	778439	455197
293T_TFF1_DNA_Pool-1_6F:64:N8:01	36	1.00001e+06	0	838006	26793.3	854254
293T_TFF1_DNA_Pool-1_6F:68:24:01	32	1.00001e+06	1.87147e+06	760381	792828	634587
293T_TFF1_DNA_Pool-1_6F:68:T4:02	32	1.00001e+06	0	899536	645627	1.17044e+06
293T_TFF1_DNA_Pool-1_6F:71:41:01	58	1.00001e+06	0	629416	727867	0
293T_TFF1_DNA_Pool-1_6F:72:P3:03	1188	1.00001e+06	1.36045e+07	3.75671e+06	1.32082e+07	2.77455e+06
293T_TFF1_DNA_Pool-1_6F:80:P4:07	43	1.00001e+06	1.02942e+06	1.63441e+06	765840	2.826e+06
293T_TFF1_DNA_Pool-1_6F:91:J6:08	128	1.00001e+06	1.66275e+06	1.24853e+06	1.54618e+06	1.77068e+06
293T_TFF1_DNA_Pool-1_6F:95:0W:01	147	1.00001e+06	2.29066e+06	2.25184e+06	1.20964e+06	1.04196e+06
293T_TFF1_DNA_Pool-1_6F:95:H2:12	34	1.00001e+06	1.75325e+06	748706	236453	1.05468e+06
293T_TFF1_DNA_Pool-1_6F:95:I9:07	75	1.00001e+06	2.12709e+06	1.17877e+06	861674	2.61681e+06
293T_TFF1_DNA_Pool-1_6F:95:P4:07	61	1.00001e+06	647073	1.25758e+06	717484	1.00284e+06
293T_TFF1_DNA_Pool-1_6F:99:41:01	31	1.00001e+06	0	354081	539451	0
293T_TFF1_DNA_Pool-1_6F:99:A0:07	21	1.00001e+06	1.81281e+06	448374	558111	195028
293T_TFF1_DNA_Pool-1_6F:99:T0:02	65	1.00001e+06	944636	677619	874221	529007
293T_TFF1_DNA_Pool-1_6F:99:Y6:01	36	1.00001e+06	2.77624e+06	1.16367e+06	795157	4.0941e+06
293T_TFF1_DNA_Pool-1_6F:A3:E2:01	39	1.00001e+06	1.20865e+06	1.11158e+06	36242.6	750576
293T_TFF1_DNA_Pool-1_6F:A7:24:01	30	1.00001e+06	1.31812e+06	614084	626268	5.34632e+06
293T_TFF1_DNA_Pool-1_6F:A7:49:01	23	NA	1.58217e+06	319413	817926	1.56945e+06
293T_TFF1_DNA_Pool-1_6F:A7:61:06	24	NA	0	59753.7	7542.05	0
293T_TFF1_DNA_Pool-1_6F:A7:I6:01	37	1.00001e+06	937327	756576	878721	0
293T_TFF1_DNA_Pool-1_6F:B6:24:01	35	1.00001e+06	1.14513e+06	802934	730188	3.9201e+06
293T_TFF1_DNA_Pool-1_6F:C0:E8:01	34	1.00001e+06	1.35754e+06	434760	543107	0
293T_TFF1_DNA_Pool-1_6F:C4:A4:07	37	1.00001e+06	1.5715e+06	1.08971e+06	806805	2.00453e+06
293T_TFF1_DNA_Pool-1_6F:D2:L4:07	56	1.00001e+06	772789	967566	902429	1.00304e+06
293T_TFF1_DNA_Pool-1_6F:E3:06:01	28	1.00001e+06	0	441571	18163.3	0
293T_TFF1_DNA_Pool-1_6F:E3:A0:03	27	1.00001e+06	0	491303	640316	3.79573e+06
293T_TFF1_DNA_Pool-1_6F:E3:H7:01	41	1.00001e+06	0	565677	767359	333697
293T_TFF1_DNA_Pool-1_6F:E3:K6:07	24	1.00001e+06	373306	489372	695274	0
293T_TFF1_DNA_Pool-1_6F:E3:L4:07	37	1.00001e+06	0	668817	771590	3.27134e+06
293T_TFF1_DNA_Pool-1_6F:E3:S6:07	94	1.00001e+06	855205	1.18869e+06	765014	1.40428e+06
293T_TFF1_DNA_Pool-1_6F:E4:F2:01	84	1.00001e+06	0	1.50125e+06	1.0417e+06	1.56718e+06
293T_TFF1_DNA_Pool-1_6F:E4:M4:07	32	1.00001e+06	1.62237e+06	590565	784204	348027
293T_TFF1_DNA_Pool-1_6F:E8:94:07	24	1.00001e+06	0	738098	216955	0
293T_TFF1_DNA_Pool-1_6F:F1:97:01	76	1.00001e+06	1.55715e+06	1.25067e+06	910403	1.32153e+06
293T_TFF1_DNA_Pool-1_6F:F1:M4:01	69	1.00001e+06	605021	1.68035e+06	888840	1.18105e+06
293T_TFF1_DNA_Pool-1_6F:F1:U5:01	32	1.00001e+06	0	1.58118e+06	723917	6.3049e+06
293T_TFF1_DNA_Pool-1_6F:F7:Y1:01	21	1.00001e+06	0	684885	809096	2.04027e+06
293T_TFF1_DNA_Pool-1_6F:G0:N0:12	20	1.00001e+06	0	569271	781922	324650
293T_TFF1_DNA_Pool-1_6F:G3:54:07	88	1.00001e+06	1.12743e+06	1.1348e+06	850995	1.3219e+06
293T_TFF1_DNA_Pool-1_6F:G4:0R:02	30	1.00001e+06	744568	692882	642494	810506
293T_TFF1_DNA_Pool-1_6F:G7:R0:01	54	1.00001e+06	1.28256e+06	1.05104e+06	820640	843546
293T_TFF1_DNA_Pool-1_6F:H9:50:07	28	1.00001e+06	476138	463999	747509	582464
293T_TFF1_DNA_Pool-1_6F:I0:L3:01	54	1.00001e+06	2.09331e+06	833794	627527	1.2827e+06
293T_TFF1_DNA_Pool-1_6F:I0:T4:01	59	1.00001e+06	822079	1.28346e+06	753059	846074
293T_TFF1_DNA_Pool-1_6F:I0:W2:02	57	1.00001e+06	0	763858	809029	1.41471e+06
293T_TFF1_DNA_Pool-1_6F:I3:97:01	47	1.00001e+06	610692	1.19202e+06	726157	3.21416e+06
293T_TFF1_DNA_Pool-1_6F:J1:09:01	91	1.00001e+06	0	1.10566e+06	820096	1.45989e+06
293T_TFF1_DNA_Pool-1_6F:J1:54:01	214	1.00001e+06	0	1.7848e+06	4.74643e+06	1.66245e+06
293T_TFF1_DNA_Pool-1_6F:J1:76:07	64	1.00001e+06	1.34079e+06	1.22285e+06	882345	1.46842e+06
293T_TFF1_DNA_Pool-1_6F:J1:I2:01	51	1.00001e+06	1.97706e+06	1.02556e+06	748646	504054
293T_TFF1_DNA_Pool-1_6F:J1:T0:02	173	1.00001e+06	0	1.79007e+06	1.04566e+06	1.00154e+06
293T_TFF1_DNA_Pool-1_6F:J1:X4:07	66	1.00001e+06	457767	1.0169e+06	1.13687e+06	679642
293T_TFF1_DNA_Pool-1_6F:K3:C9:02	31	1.00001e+06	2.45331e+06	723599	794349	411533
293T_TFF1_DNA_Pool-1_6F:K3:N7:03	63	1.00001e+06	625437	561364	761172	139576
293T_TFF1_DNA_Pool-1_6F:K3:Y6:07	56	1.00001e+06	2.17586e+06	752888	854726	908378
293T_TFF1_DNA_Pool-1_6F:K7:B3:02	69	1.00001e+06	1.57845e+06	1.08041e+06	826542	1.32231e+06
293T_TFF1_DNA_Pool-1_6F:K8:J4:07	44	1.00001e+06	2.55843e+06	741285	718951	77065.7
293T_TFF1_DNA_Pool-1_6F:K8:J6:01	30	1.00001e+06	0	591036	750935	1.39146e+06
293T_TFF1_DNA_Pool-1_6F:L1:B3:02	35	1.00001e+06	2.13823e+06	1.1076e+06	750840	437633
293T_TFF1_DNA_Pool-1_6F:L2:34:02	33	1.00001e+06	0	1.10775e+06	852496	79266.1
293T_TFF1_DNA_Pool-1_6F:M4:C8:01	63	1.00001e+06	1.52538e+06	1.10893e+06	880471	758078
293T_TFF1_DNA_Pool-1_6F:M4:E1:01	33	1.00001e+06	0	637557	650939	44369.7
293T_TFF1_DNA_Pool-1_6F:N5:H3:01	37	1.00001e+06	1.12057e+06	888783	744527	624939
293T_TFF1_DNA_Pool-1_6F:N5:L6:03	542	1.00001e+06	0	3.17507e+06	6.12254e+06	3.46921e+06
293T_TFF1_DNA_Pool-1_6F:N5:O6:01	21	1.00001e+06	197689	436833	726900	0
293T_TFF1_DNA_Pool-1_6F:N9:0O:06	42	1.00001e+06	0	741230	780110	244008
293T_TFF1_DNA_Pool-1_6F:N9:34:07	51	1.00001e+06	0	1.27262e+06	970728	1.30171e+06
293T_TFF1_DNA_Pool-1_6F:N9:65:01	21	1.00001e+06	0	398443	507218	0
293T_TFF1_DNA_Pool-1_6F:N9:66:01	40	1.00001e+06	2.26677e+06	823494	789377	948645
293T_TFF1_DNA_Pool-1_6F:N9:C9:02	125	1.00001e+06	1.97897e+06	1.2738e+06	1.18766e+06	1.35102e+06
293T_TFF1_DNA_Pool-1_6F:N9:E2:01	404	1.00001e+06	5.79653e+06	2.40531e+06	3.65871e+06	4.09292e+06
293T_TFF1_DNA_Pool-1_6F:N9:G0:01	99	1.00001e+06	0	1.01621e+06	722831	444007
293T_TFF1_DNA_Pool-1_6F:N9:L7:01	23	1.00001e+06	0	610448	805890	115607
293T_TFF1_DNA_Pool-1_6F:O7:K2:03	21	1.00001e+06	1.71615e+06	338245	613556	134759
293T_TFF1_DNA_Pool-1_6F:O7:S6:01	54	1.00001e+06	482440	1.16207e+06	707178	3.6498e+06
293T_TFF1_DNA_Pool-1_6F:P2:98:01	28	1.00001e+06	0	1.2163e+06	924623	1.04108e+06
293T_TFF1_DNA_Pool-1_6F:P2:H0:07	38	1.00001e+06	979504	532850	229357	48040.6
293T_TFF1_DNA_Pool-1_6F:P2:L4:07	68	1.00001e+06	2.38518e+06	960817	1.10995e+06	692241
293T_TFF1_DNA_Pool-1_6F:Q0:78:01	43	1.00001e+06	1.3342e+06	961165	906319	1.25397e+06
293T_TFF1_DNA_Pool-1_6F:Q0:M1:01	65	1.00001e+06	987787	896331	726018	249774
293T_TFF1_DNA_Pool-1_6F:Q0:T0:01	62	1.00001e+06	0	732932	769959	688206
293T_TFF1_DNA_Pool-1_6F:Q3:F8:07	34	1.00001e+06	1.45456e+06	286387	14729.2	81267.6
293T_TFF1_DNA_Pool-1_6F:Q7:17:07	40	1.00001e+06	2.63374e+06	1.22485e+06	838857	739514
293T_TFF1_DNA_Pool-1_6F:Q7:B6:03	20	1.00001e+06	637221	410087	463182	250485
293T_TFF1_DNA_Pool-1_6F:Q8:B3:02	52	1.00001e+06	0	948378	884698	983452
293T_TFF1_DNA_Pool-1_6F:Q8:Y9:02	26	1.00001e+06	548129	458434	830664	69453.1
293T_TFF1_DNA_Pool-1_6F:R1:A5:07	99	1.00001e+06	0	957280	859339	557358
293T_TFF1_DNA_Pool-1_6F:R1:J8:07	32	1.00001e+06	1.60121e+06	458174	755024	194487
293T_TFF1_DNA_Pool-1_6F:R1:L4:02	30	1.00001e+06	1.73926e+06	717339	744912	234230
293T_TFF1_DNA_Pool-1_6F:R1:T0:07	53	1.00001e+06	1.40591e+06	716811	694917	324177
293T_TFF1_DNA_Pool-1_6F:R6:O2:01	111	1.00001e+06	0	1.5894e+06	916172	3.72509e+06
293T_TFF1_DNA_Pool-1_6F:R9:61:01	267	1.00001e+06	651906	1.49529e+06	2.06227e+06	455405
293T_TFF1_DNA_Pool-1_6F:S3:E6:07	33	1.00001e+06	0	810132	864932	665148
293T_TFF1_DNA_Pool-1_6F:S7:72:03	58	1.00001e+06	0	1.77941e+06	952500	5.23007e+06
293T_TFF1_DNA_Pool-1_6F:S7:H2:04	49	1.00001e+06	698813	1.02727e+06	788691	707857
293T_TFF1_DNA_Pool-1_6F:S7:J8:01	60	1.00001e+06	647570	898151	690674	386930
293T_TFF1_DNA_Pool-1_6F:S7:N8:09	59	1.00001e+06	641928	1.09653e+06	802672	4.18095e+06
293T_TFF1_DNA_Pool-1_6F:S7:X8:01	170	1.00001e+06	2.46304e+06	1.91038e+06	1.58514e+06	1.82111e+06
293T_TFF1_DNA_Pool-1_6F:S8:56:03	85	1.00001e+06	2.13847e+06	824275	829222	328699
293T_TFF1_DNA_Pool-1_6F:S8:B3:01	37	1.00001e+06	1.56689e+06	985442	26710	161103
293T_TFF1_DNA_Pool-1_6F:T1:N8:03	35	1.00001e+06	0	601127	377244	0
293T_TFF1_DNA_Pool-1_6F:T5:17:07	38	1.00001e+06	1.97669e+06	843678	743902	3.1597e+06
293T_TFF1_DNA_Pool-1_6F:U4:Y9:07	25	1.00001e+06	366645	2.11508e+06	712125	920586
293T_TFF1_DNA_Pool-1_6F:U7:J6:03	21	1.00001e+06	1.65332e+06	2.22256e+06	750193	342138
293T_TFF1_DNA_Pool-1_6F:U8:54:01	51	1.00001e+06	2.46289e+06	983477	751387	343108
293T_TFF1_DNA_Pool-1_6F:U8:Y6:02	53	1.00001e+06	0	961961	761474	1.21492e+06
293T_TFF1_DNA_Pool-1_6F:V2:Y6:07	36	1.00001e+06	394084	957580	501833	1.1176e+06
293T_TFF1_DNA_Pool-1_6F:V6:02:10	22	1.00001e+06	444243	574194	600271	312071
293T_TFF1_DNA_Pool-1_6F:V6:0R:01	144	1.00001e+06	0	1.5237e+06	1.22482e+06	4.77866e+06
293T_TFF1_DNA_Pool-1_6F:V6:56:04	30	1.00001e+06	0	1.19766e+06	768616	2.79858e+06
293T_TFF1_DNA_Pool-1_6F:V6:E6:01	48	1.00001e+06	2.27685e+06	831040	952537	1.33625e+06
293T_TFF1_DNA_Pool-1_6F:V6:T2:01	48	1.00001e+06	969344	537500	634825	119672
293T_TFF1_DNA_Pool-1_6F:V9:41:02	24	1.00001e+06	0	764336	676067	113591
293T_TFF1_DNA_Pool-1_6F:V9:T4:01	72	1.00001e+06	0	1.20462e+06	916365	3.08591e+06
293T_TFF1_DNA_Pool-1_6F:W8:X3:01	20	1.00001e+06	0	360609	17071.1	189548
293T_TFF1_DNA_Pool-1_6F:X5:0B:02	245	1.00001e+06	0	2.01147e+06	2.41762e+06	3.40648e+06
293T_TFF1_DNA_Pool-1_6F:X5:61:07	46	1.00001e+06	1.2696e+06	1.5688e+06	830805	441314
293T_TFF1_DNA_Pool-1_6F:X5:65:01	48	1.00001e+06	0	380515	707202	514100
293T_TFF1_DNA_Pool-1_6F:X5:B7:01	26	1.00001e+06	0	360093	772198	286783
293T_TFF1_DNA_Pool-1_6F:X5:C8:04	29	1.00001e+06	682184	359272	300205	423226
293T_TFF1_DNA_Pool-1_6F:X5:J6:05	157	1.00001e+06	708401	1.26544e+06	1.14971e+06	849038
293T_TFF1_DNA_Pool-1_6F:X5:L8:01	403	1.00001e+06	0	1.81525e+06	2.31865e+06	913076
293T_TFF1_DNA_Pool-1_6F:X5:O9:01	183	1.00001e+06	842792	1.61462e+06	1.21293e+06	1.69189e+06
293T_TFF1_DNA_Pool-1_6F:X6:84:01	25	1.00001e+06	372322	540771	522999	0
293T_TFF1_DNA_Pool-1_6F:Z2:06:02	21	1.00001e+06	1.47256e+06	667836	817373	454327
293T_TFF1_DNA_Pool-1_6F:Z2:41:07	32	1.00001e+06	0	872321	653731	351863
293T_TFF1_DNA_Pool-1_6F:Z2:54:01	43	1.00001e+06	0	745861	682190	83330.7
293T_TFF1_DNA_Pool-1_6F:Z2:58:01	43	1.00001e+06	0	1.36072e+06	927113	511798
293T_TFF1_DNA_Pool-1_6F:Z2:R7:07	27	1.00001e+06	1.36485e+06	700291	805429	159635
293T_TFF1_DNA_Pool-1_6F:Z5:20:01	24	1.00001e+06	623904	516481	22034.9	424039
293T_TFF1_DNA_Pool-1_6E:04:T0:11	22	1.00001e+06	1.59067e+06	517307	707914	0
293T_TFF1_DNA_Pool-1_6E:0I:Y6:04	28	1.00001e+06	2.32772e+06	1.08422e+06	730643	401837
293T_TFF1_DNA_Pool-1_6E:0X:B2:12	66	1.00001e+06	2.15497e+06	1.13436e+06	878822	819826
293T_TFF1_DNA_Pool-1_6E:0X:K1:12	44	1.00001e+06	0	944142	674586	0
293T_TFF1_DNA_Pool-1_6E:0X:Z8:04	120	1.00001e+06	0	1.22989e+06	996821	1.02759e+06
293T_TFF1_DNA_Pool-1_6E:0Y:41:11	34	1.00001e+06	2.56672e+06	882656	798363	598412
293T_TFF1_DNA_Pool-1_6E:0Y:C0:12	27	1.00001e+06	2.19805e+06	667958	747908	0
293T_TFF1_DNA_Pool-1_6E:0Y:U6:01	93	1.00001e+06	0	1.29813e+06	949945	781822
293T_TFF1_DNA_Pool-1_6E:16:Q8:11	443	1.00001e+06	1.08396e+07	2.78867e+06	6.04913e+06	3.12396e+06
293T_TFF1_DNA_Pool-1_6E:20:Y6:04	21	1.00001e+06	625592	332832	777470	0
293T_TFF1_DNA_Pool-1_6E:39:O6:07	35	1.00001e+06	0	1.89491e+06	4.3884e+06	0
293T_TFF1_DNA_Pool-1_6E:47:B3:02	32	1.00001e+06	0	863711	761283	479897
293T_TFF1_DNA_Pool-1_6E:47:K1:11	65	1.00001e+06	1.10125e+06	1.14664e+06	785966	1.01357e+06
293T_TFF1_DNA_Pool-1_6E:A3:Q8:01	103	1.00001e+06	1.49422e+06	1.13584e+06	814334	643925
293T_TFF1_DNA_Pool-1_6E:A7:J8:04	45	1.00001e+06	500969	992609	733454	251182
293T_TFF1_DNA_Pool-1_6E:B2:F8:12	20	1.00001e+06	0	662894	778255	0
293T_TFF1_DNA_Pool-1_6E:C7:E6:10	23	1.00001e+06	1.73419e+06	534463	193774	505942
293T_TFF1_DNA_Pool-1_6E:C8:Y5:12	32	1.00001e+06	1.60091e+06	396440	605110	126360
293T_TFF1_DNA_Pool-1_6E:D9:T0:04	62	1.00001e+06	1.76427e+06	1.19202e+06	1.0143e+06	3.09946e+06
293T_TFF1_DNA_Pool-1_6E:E3:G1:08	27	NA	2.11323e+06	489188	958823	2.68268e+06
293T_TFF1_DNA_Pool-1_6E:E3:Y2:01	88	1.00001e+06	0	1.45201e+06	1.06915e+06	1.2848e+06
293T_TFF1_DNA_Pool-1_6E:E8:K2:12	146	1.00001e+06	2.09252e+06	1.42459e+06	1.56819e+06	1.89167e+06
293T_TFF1_DNA_Pool-1_6E:E8:X3:09	268	1.00001e+06	2.2532e+06	1.84589e+06	1.28553e+06	1.76559e+06
293T_TFF1_DNA_Pool-1_6E:F1:E6:10	21	1.00001e+06	1.59609e+06	659394	814489	506672
293T_TFF1_DNA_Pool-1_6E:G8:N7:04	22	1.00001e+06	1.37092e+06	1.14539e+06	883734	2.27538e+06
293T_TFF1_DNA_Pool-1_6E:H1:Z8:04	38	1.00001e+06	224647	1.29645e+06	809356	2.0752e+06
293T_TFF1_DNA_Pool-1_6E:I3:T0:03	23	1.00001e+06	0	488480	13011.3	326685
293T_TFF1_DNA_Pool-1_6E:J1:D3:01	48	1.00001e+06	2.2042e+06	1.6344e+06	763729	2.01037e+06
293T_TFF1_DNA_Pool-1_6E:J9:72:10	56	1.00001e+06	2.10179e+06	808166	870392	309913
293T_TFF1_DNA_Pool-1_6E:K7:E6:10	23	1.00001e+06	476580	321037	461510	0
293T_TFF1_DNA_Pool-1_6E:L1:M0:01	52	1.00001e+06	0	574642	23226.2	242390
293T_TFF1_DNA_Pool-1_6E:M3:H8:01	23	1.00001e+06	0	770205	825732	153504
293T_TFF1_DNA_Pool-1_6E:M3:J6:04	97	1.00001e+06	484401	1.01751e+06	828199	668924
293T_TFF1_DNA_Pool-1_6E:N9:66:10	35	1.00001e+06	2.24866e+06	739658	673390	293907
293T_TFF1_DNA_Pool-1_6E:N9:98:09	61	1.00001e+06	0	699317	988436	133091
293T_TFF1_DNA_Pool-1_6E:N9:C9:02	20	1.00001e+06	0	1.42608e+06	661501	2.9469e+06
293T_TFF1_DNA_Pool-1_6E:N9:E6:10	66	1.00001e+06	0	959567	738669	2.06865e+06
293T_TFF1_DNA_Pool-1_6E:N9:Q0:10	47	1.00001e+06	177986	795181	804246	296118
293T_TFF1_DNA_Pool-1_6E:N9:U5:04	43	1.00001e+06	332188	887416	823273	515634
293T_TFF1_DNA_Pool-1_6E:P6:Y6:11	20	1.00001e+06	0	876980	830916	1.29735e+06
293T_TFF1_DNA_Pool-1_6E:S8:A4:12	24	1.00001e+06	0	817153	647151	759326
293T_TFF1_DNA_Pool-1_6E:T5:E2:11	37	1.00001e+06	1.90642e+06	637864	808736	1.3703e+06
293T_TFF1_DNA_Pool-1_6E:U3:E6:10	24	1.00001e+06	0	519512	34448	4.9598e+06
293T_TFF1_DNA_Pool-1_6E:U8:77:12	21	1.00001e+06	1.37743e+06	1.02937e+06	759789	163870
293T_TFF1_DNA_Pool-1_6E:U8:D4:11	28	1.00001e+06	0	418248	835153	110958
293T_TFF1_DNA_Pool-1_6E:W8:H3:04	26	1.00001e+06	1.8715e+06	760938	537807	0
293T_TFF1_DNA_Pool-1_6E:X1:U6:01	31	1.00001e+06	0	429950	612561	4.0894e+06
293T_TFF1_DNA_Pool-1_6E:X5:D7:04	25	1.00001e+06	1.84426e+06	473421	15086.8	638790
293T_TFF1_DNA_Pool-1_6E:X5:H4:12	44	1.00001e+06	2.84148e+06	1.04533e+06	852196	699193
293T_TFF1_DNA_Pool-1_6E:Y3:E2:08	34	1.00001e+06	0	690260	622858	1.0259e+06
293T_TFF1_DNA_Pool-1_6E:Z5:P0:09	40	1.00001e+06	0	600559	470618	573690
293T_TFF1_DNA_Pool-1_6E:Z6:54:11	48	1.00001e+06	2.96315e+06	1.8702e+06	835955	1.56094e+06
293T_TFF1_DNA_Pool-1_6D:0H:E2:08	40	1.00001e+06	818813	632240	800935	574268
293T_TFF1_DNA_Pool-1_6D:0H:S6:07	24	1.00001e+06	197088	708278	669890	703403
293T_TFF1_DNA_Pool-1_6D:0U:N8:07	37	1.00001e+06	1.65971e+06	496966	612523	0
293T_TFF1_DNA_Pool-1_6D:0X:0N:04	39	1.00001e+06	197590	968380	833452	0
293T_TFF1_DNA_Pool-1_6D:0X:A6:07	1072	1.00001e+06	0	3.35938e+06	1.42583e+07	2.5696e+06
293T_TFF1_DNA_Pool-1_6D:0X:B2:07	48	1.00001e+06	2.16127e+06	1.0348e+06	839702	2.78768e+06
293T_TFF1_DNA_Pool-1_6D:0X:H2:04	94	1.00001e+06	0	925705	800853	869996
293T_TFF1_DNA_Pool-1_6D:0X:T2:03	330	1.00001e+06	2.07713e+06	2.30347e+06	3.28247e+06	1.67467e+06
293T_TFF1_DNA_Pool-1_6D:0X:T4:07	169	1.00001e+06	0	1.31377e+06	1.07846e+06	1.28949e+06
293T_TFF1_DNA_Pool-1_6D:0Y:J0:07	48	1.00001e+06	0	1.26128e+06	648366	3.50426e+06
293T_TFF1_DNA_Pool-1_6D:19:T7:02	55	1.00001e+06	1.32603e+06	1.07343e+06	790681	717056
293T_TFF1_DNA_Pool-1_6D:24:Y1:01	30	1.00001e+06	626663	574724	784605	0
293T_TFF1_DNA_Pool-1_6D:39:18:04	23	1.00001e+06	2.27801e+06	666133	761494	508650
293T_TFF1_DNA_Pool-1_6D:39:R7:07	21	1.00001e+06	0	665888	847807	149995
293T_TFF1_DNA_Pool-1_6D:47:G2:09	43	1.00001e+06	2.64473e+06	923564	834604	265354
293T_TFF1_DNA_Pool-1_6D:63:56:07	45	1.00001e+06	625655	666252	832256	106863
293T_TFF1_DNA_Pool-1_6D:71:P3:07	25	1.00001e+06	0	564343	24735.5	0
293T_TFF1_DNA_Pool-1_6D:95:97:04	52	1.00001e+06	0	1.10137e+06	815324	470857
293T_TFF1_DNA_Pool-1_6D:A4:90:03	22	1.00001e+06	1.82654e+06	674015	710929	900964
293T_TFF1_DNA_Pool-1_6D:A7:58:07	29	1.00001e+06	286040	333282	12699.2	0
293T_TFF1_DNA_Pool-1_6D:B1:34:07	50	1.00001e+06	2.10925e+06	1.12817e+06	813713	448950
293T_TFF1_DNA_Pool-1_6D:B5:J0:07	26	1.00001e+06	2.07122e+06	664706	827491	742359
293T_TFF1_DNA_Pool-1_6D:B9:H0:08	22	1.00001e+06	1.70598e+06	419342	754179	404845
293T_TFF1_DNA_Pool-1_6D:C3:Y2:07	28	1.00001e+06	931910	1.38264e+06	966157	1.07574e+06
293T_TFF1_DNA_Pool-1_6D:C4:20:03	23	1.00001e+06	1.6327e+06	393130	155598	135246
293T_TFF1_DNA_Pool-1_6D:E3:0N:04	26	1.00001e+06	0	793644	775468	3.83339e+06
293T_TFF1_DNA_Pool-1_6D:E3:U5:08	37	1.00001e+06	687230	908025	878137	2.15366e+06
293T_TFF1_DNA_Pool-1_6D:G3:J0:02	40	1.00001e+06	1.19668e+06	834572	746445	440891
293T_TFF1_DNA_Pool-1_6D:H5:50:04	31	1.00001e+06	1.85167e+06	562857	827010	250731
293T_TFF1_DNA_Pool-1_6D:I4:37:04	23	1.00001e+06	0	426778	16474.7	0
293T_TFF1_DNA_Pool-1_6D:I4:37:08	273	1.00001e+06	0	1.75251e+06	1.24088e+06	687701
293T_TFF1_DNA_Pool-1_6D:J1:P0:10	22	1.00001e+06	168101	395472	17049.9	0
293T_TFF1_DNA_Pool-1_6D:J2:B6:07	59	1.00001e+06	686999	754849	783813	685628
293T_TFF1_DNA_Pool-1_6D:K7:H8:04	28	1.00001e+06	169482	740652	538527	340137
293T_TFF1_DNA_Pool-1_6D:K8:49:08	518	1.00001e+06	1.25603e+06	2.00334e+06	5.93789e+06	2.80112e+06
293T_TFF1_DNA_Pool-1_6D:L6:P3:07	31	1.00001e+06	0	629510	771392	394591
293T_TFF1_DNA_Pool-1_6D:M3:J4:01	23	NA	0	181051	770716	24817.1
293T_TFF1_DNA_Pool-1_6D:N9:84:12	25	1.00001e+06	1.61902e+06	605301	671106	711830
293T_TFF1_DNA_Pool-1_6D:N9:C0:11	34	1.00001e+06	130310	508979	683954	439165
293T_TFF1_DNA_Pool-1_6D:O3:08:04	32	1.00001e+06	0	676098	828380	0
293T_TFF1_DNA_Pool-1_6D:O7:0R:07	42	1.00001e+06	329918	987891	798701	3.01167e+06
293T_TFF1_DNA_Pool-1_6D:P9:84:12	21	NA	0	262647	759333	0
293T_TFF1_DNA_Pool-1_6D:Q3:T0:07	146	1.00001e+06	0	1.54026e+06	5.22657e+06	729884
293T_TFF1_DNA_Pool-1_6D:R1:A6:01	37	1.00001e+06	0	1.62089e+06	1.13816e+06	281861
293T_TFF1_DNA_Pool-1_6D:S7:E1:04	1006	1.00001e+06	0	3.32486e+06	1.06607e+07	2.58787e+06
293T_TFF1_DNA_Pool-1_6D:S7:U5:08	53	1.00001e+06	2.58779e+06	1.72246e+06	1.05074e+06	2.22634e+06
293T_TFF1_DNA_Pool-1_6D:S8:0F:01	40	1.00001e+06	0	605105	708750	728529
293T_TFF1_DNA_Pool-1_6D:S8:E6:08	26	1.00001e+06	2.36882e+06	861105	899695	0
293T_TFF1_DNA_Pool-1_6D:S8:G8:07	34	1.00001e+06	1.77387e+06	545932	905358	303161
293T_TFF1_DNA_Pool-1_6D:U4:I1:09	26	1.00001e+06	2.02231e+06	569643	621795	888524
293T_TFF1_DNA_Pool-1_6D:V6:N7:04	21	1.00001e+06	1.62799e+06	266103	15922.9	119900
293T_TFF1_DNA_Pool-1_6D:W3:I9:08	95	1.00001e+06	1.67619e+06	1.09671e+06	919806	2.2837e+06
293T_TFF1_DNA_Pool-1_6D:X5:0N:04	34	1.00001e+06	1.08472e+06	678070	974400	1.67694e+06
293T_TFF1_DNA_Pool-1_6D:X5:D7:10	37	1.00001e+06	0	715355	810041	675861
293T_TFF1_DNA_Pool-1_6D:X5:E2:04	174	1.00001e+06	481930	1.44225e+06	1.67883e+06	1.37293e+06
293T_TFF1_DNA_Pool-1_6D:X5:I9:07	94	1.00001e+06	0	1.13772e+06	776484	4.16439e+06
293T_TFF1_DNA_Pool-1_6D:X5:M1:01	29	1.00001e+06	0	666771	1.06646e+06	387926
293T_TFF1_DNA_Pool-1_6D:Y3:G1:07	24	1.00001e+06	704342	358387	697610	0
293T_TFF1_DNA_Pool-1_6D:Y8:14:03	22	1.00001e+06	451985	698947	821866	1.58038e+06
293T_TFF1_DNA_Pool-1_6C:0X:20:03	21	1.00001e+06	1.60491e+06	334539	16445.8	520255
293T_TFF1_DNA_Pool-1_6C:0X:G0:01	65	1.00001e+06	0	1.22466e+06	729255	2.1613e+06
293T_TFF1_DNA_Pool-1_6C:0X:N7:01	46	1.00001e+06	534855	1.37604e+06	821959	3.27141e+06
293T_TFF1_DNA_Pool-1_6C:0Y:84:11	55	1.00001e+06	0	1.49064e+06	729037	1.91914e+06
293T_TFF1_DNA_Pool-1_6C:0Y:T2:05	26	1.00001e+06	0	818498	740077	482504
293T_TFF1_DNA_Pool-1_6C:47:46:08	36	1.00001e+06	1.13716e+06	1.50028e+06	731517	539624
293T_TFF1_DNA_Pool-1_6C:47:D7:06	33	1.00001e+06	0	532792	777757	353411
293T_TFF1_DNA_Pool-1_6C:47:Q0:10	35	1.00001e+06	0	638271	755103	197683
293T_TFF1_DNA_Pool-1_6C:52:24:01	105	1.00001e+06	0	1.15945e+06	1.31857e+06	617628
293T_TFF1_DNA_Pool-1_6C:95:N3:06	26	1.00001e+06	0	260358	12465	0
293T_TFF1_DNA_Pool-1_6C:96:C8:01	24	1.00001e+06	1.36505e+06	261982	686215	0
293T_TFF1_DNA_Pool-1_6C:A7:R4:10	36	1.00001e+06	1.43654e+06	446406	19543.8	293972
293T_TFF1_DNA_Pool-1_6C:B5:D3:01	31	1.00001e+06	1.76756e+06	773100	839573	476218
293T_TFF1_DNA_Pool-1_6C:D9:O6:06	33	1.00001e+06	206835	798034	532750	620673
293T_TFF1_DNA_Pool-1_6C:E0:E2:06	23	1.00001e+06	1.19896e+06	490414	638779	803925
293T_TFF1_DNA_Pool-1_6C:E3:A4:06	21	1.00001e+06	2.0289e+06	1.10364e+06	1.27891e+06	2.33782e+06
293T_TFF1_DNA_Pool-1_6C:E3:D4:01	36	1.00001e+06	0	313058	679420	0
293T_TFF1_DNA_Pool-1_6C:H9:33:10	153	1.00001e+06	1.248e+06	1.33464e+06	1.00085e+06	1.78665e+06
293T_TFF1_DNA_Pool-1_6C:H9:E2:11	26	1.00001e+06	0	1.52304e+06	719994	325702
293T_TFF1_DNA_Pool-1_6C:J1:X8:06	50	1.00001e+06	0	947855	900158	890959
293T_TFF1_DNA_Pool-1_6C:L6:F3:11	27	1.00001e+06	0	800454	637802	5.19998e+06
293T_TFF1_DNA_Pool-1_6C:L9:M8:05	20	NA	0	429771	802076	603225
293T_TFF1_DNA_Pool-1_6C:N9:76:06	49	1.00001e+06	2.31788e+06	968305	765042	428567
293T_TFF1_DNA_Pool-1_6C:N9:E6:10	137	1.00001e+06	1.16507e+06	1.47116e+06	1.12804e+06	678392
293T_TFF1_DNA_Pool-1_6C:O7:90:02	50	1.00001e+06	2.26694e+06	756668	788387	4.48108e+06
293T_TFF1_DNA_Pool-1_6C:P5:X3:01	29	1.00001e+06	1.36532e+06	385759	631606	81339.4
293T_TFF1_DNA_Pool-1_6C:Q3:N7:06	20	1.00001e+06	0	429264	808044	583920
293T_TFF1_DNA_Pool-1_6C:Q4:45:01	22	NA	1.6014e+06	270715	468605	0
293T_TFF1_DNA_Pool-1_6C:S7:B8:06	69	1.00001e+06	2.04583e+06	1.03442e+06	972144	3.76852e+06
293T_TFF1_DNA_Pool-1_6C:S7:K5:11	28	1.00001e+06	0	861023	654697	1.24947e+06
293T_TFF1_DNA_Pool-1_6C:S8:54:06	20	1.00001e+06	0	473245	736628	42539.4
293T_TFF1_DNA_Pool-1_6C:U8:J0:11	56	1.00001e+06	0	879237	892974	1.02428e+06
293T_TFF1_DNA_Pool-1_6C:V9:J0:06	32	1.00001e+06	1.61625e+06	726308	762131	0
293T_TFF1_DNA_Pool-1_6C:X5:0A:04	20	1.00001e+06	169834	518825	19164.1	915331
293T_TFF1_DNA_Pool-1_6C:X5:G1:06	84	1.00001e+06	986016	1.20354e+06	732799	1.51425e+06
293T_TFF1_DNA_Pool-1_6C:Y3:E2:08	22	1.00001e+06	1.81138e+06	669976	753883	397015
293T_TFF1_DNA_Pool-1_6C:Y3:N7:03	44	1.00001e+06	1.81807e+06	782012	741618	642733
293T_TFF1_DNA_Pool-1_6C:Z6:B8:06	27	1.00001e+06	0	613490	709354	143031
293T_TFF1_DNA_Pool-1_6C:Z6:R4:10	39	1.00001e+06	2.3927e+06	968928	847460	521105
293T_TFF1_DNA_Pool-1_6B:08:I0:07	32	1.00001e+06	0	806110	797891	1.49232e+06
293T_TFF1_DNA_Pool-1_6B:08:Z3:09	30	1.00001e+06	1.78271e+06	370687	891870	105079
293T_TFF1_DNA_Pool-1_6B:0E:45:10	21	1.00001e+06	0	724046	730512	258613
293T_TFF1_DNA_Pool-1_6B:0U:J4:10	24	1.00001e+06	2.17535e+06	472183	209689	601975
293T_TFF1_DNA_Pool-1_6B:0X:B3:02	38	1.00001e+06	1.8292e+06	813623	684422	138035
293T_TFF1_DNA_Pool-1_6B:0X:T8:08	83	1.00001e+06	1.93579e+06	1.41483e+06	802840	1.23934e+06
293T_TFF1_DNA_Pool-1_6B:0Y:O9:03	33	1.00001e+06	2.2129e+06	835962	842309	416083
293T_TFF1_DNA_Pool-1_6B:0Y:Y2:08	88	1.00001e+06	2.48041e+06	1.1145e+06	831001	462536
293T_TFF1_DNA_Pool-1_6B:47:B3:02	26	1.00001e+06	0	381739	605685	344238
293T_TFF1_DNA_Pool-1_6B:52:G8:01	20	1.00001e+06	1.59165e+06	809571	759582	1.0991e+06
293T_TFF1_DNA_Pool-1_6B:55:M4:08	32	1.00001e+06	0	864328	1.03386e+06	2.10951e+06
293T_TFF1_DNA_Pool-1_6B:56:A6:07	23	1.00001e+06	0	725989	605587	199997
293T_TFF1_DNA_Pool-1_6B:79:H8:10	20	1.00001e+06	0	569801	786266	250385
293T_TFF1_DNA_Pool-1_6B:80:O6:10	28	1.00001e+06	1.74167e+06	684287	661223	157859
293T_TFF1_DNA_Pool-1_6B:95:N0:10	91	1.00001e+06	0	1.29319e+06	896720	848296
293T_TFF1_DNA_Pool-1_6B:B1:Q8:02	28	1.00001e+06	0	628024	869913	700214
293T_TFF1_DNA_Pool-1_6B:B6:14:02	33	1.00001e+06	1.0314e+06	1.71035e+06	713087	1.95818e+06
293T_TFF1_DNA_Pool-1_6B:B6:Y9:05	27	1.00001e+06	2.17322e+06	628204	611736	471497
293T_TFF1_DNA_Pool-1_6B:C4:46:08	25	1.00001e+06	436999	624143	13981.7	422277
293T_TFF1_DNA_Pool-1_6B:D9:45:10	24	1.00001e+06	0	648925	794151	117685
293T_TFF1_DNA_Pool-1_6B:E3:Q8:02	76	1.00001e+06	1.07176e+06	1.36847e+06	1.04157e+06	2.72835e+06
293T_TFF1_DNA_Pool-1_6B:F6:G8:01	21	1.00001e+06	0	1.0911e+06	1.00258e+06	2.48391e+06
293T_TFF1_DNA_Pool-1_6B:H6:G8:01	37	1.00001e+06	1.60287e+06	677683	613558	398253
293T_TFF1_DNA_Pool-1_6B:J1:D3:01	32	1.00001e+06	253682	1.04568e+06	564870	575241
293T_TFF1_DNA_Pool-1_6B:J1:M8:08	24	NA	95725	146407	616566	0
293T_TFF1_DNA_Pool-1_6B:L1:25:12	21	NA	1.36907e+06	210260	594689	0
293T_TFF1_DNA_Pool-1_6B:L1:B3:02	21	1.00001e+06	1.70611e+06	981453	670433	1.49076e+06
293T_TFF1_DNA_Pool-1_6B:M4:G9:10	59	1.00001e+06	1.34653e+06	1.0173e+06	734467	1.0548e+06
293T_TFF1_DNA_Pool-1_6B:N9:C9:02	34	1.00001e+06	0	463227	712683	731645
293T_TFF1_DNA_Pool-1_6B:P6:09:02	28	1.00001e+06	0	606431	653705	751175
293T_TFF1_DNA_Pool-1_6B:Q3:E2:06	23	1.00001e+06	2.06835e+06	803408	713222	416906
293T_TFF1_DNA_Pool-1_6B:Q8:G8:01	42	1.00001e+06	0	526345	880244	2.95341e+06
293T_TFF1_DNA_Pool-1_6B:S0:O1:10	26	1.00001e+06	197692	527666	768813	334563
293T_TFF1_DNA_Pool-1_6B:S7:45:11	76	1.00001e+06	0	1.05346e+06	909461	811961
293T_TFF1_DNA_Pool-1_6B:X5:0R:04	153	1.00001e+06	1.29067e+06	1.81195e+06	4.53601e+06	1.09053e+06
293T_TFF1_DNA_Pool-1_6B:X5:0V:05	24	1.00001e+06	0	864700	684762	2.70732e+06
293T_TFF1_DNA_Pool-1_6B:X5:G1:10	101	1.00001e+06	952966	2.03341e+06	910987	3.39931e+06
293T_TFF1_DNA_Pool-1_6B:X5:M8:12	77	1.00001e+06	1.50053e+06	1.98056e+06	2.78506e+06	3.25093e+06
293T_TFF1_DNA_Pool-1_6B:Z9:O5:06	31	1.00001e+06	0	1.33868e+06	663411	207756
293T_TFF1_DNA_Pool-1_6A:08:E2:05	82	1.00001e+06	1.03045e+06	1.14138e+06	919176	2.7237e+06
293T_TFF1_DNA_Pool-1_6A:08:G2:10	21	1.00001e+06	0	2.01195e+06	29319	297628
293T_TFF1_DNA_Pool-1_6A:08:J0:09	37	1.00001e+06	0	366250	533782	0
293T_TFF1_DNA_Pool-1_6A:0A:17:05	27	1.00001e+06	1.92039e+06	482507	16076.1	125695
293T_TFF1_DNA_Pool-1_6A:0A:H2:10	28	1.00001e+06	2.13816e+06	491545	658649	627265
293T_TFF1_DNA_Pool-1_6A:0H:Q5:08	186	1.00001e+06	3.49665e+06	2.04303e+06	1.33606e+06	3.35395e+06
293T_TFF1_DNA_Pool-1_6A:0X:66:11	34	1.00001e+06	1.97675e+06	858242	832928	456584
293T_TFF1_DNA_Pool-1_6A:0Y:J8:10	36	1.00001e+06	313904	1.19337e+06	973633	3.74094e+06
293T_TFF1_DNA_Pool-1_6A:24:J0:10	26	1.00001e+06	0	333335	728512	0
293T_TFF1_DNA_Pool-1_6A:31:T4:08	42	1.00001e+06	0	754466	737065	321545
293T_TFF1_DNA_Pool-1_6A:43:08:09	29	1.00001e+06	0	439543	279914	0
293T_TFF1_DNA_Pool-1_6A:47:G0:06	40	1.00001e+06	2.03398e+06	747295	477250	1.17372e+06
293T_TFF1_DNA_Pool-1_6A:47:P0:01	66	1.00001e+06	2.21806e+06	793190	725721	172563
293T_TFF1_DNA_Pool-1_6A:51:M8:04	21	1.00001e+06	202882	233010	8583.01	78449.1
293T_TFF1_DNA_Pool-1_6A:71:N7:11	21	1.00001e+06	2.25198e+06	783188	836918	0
293T_TFF1_DNA_Pool-1_6A:72:D7:04	35	1.00001e+06	1.8516e+06	842558	741216	140354
293T_TFF1_DNA_Pool-1_6A:72:Y1:09	47	1.00001e+06	1.81088e+06	991820	801336	764434
293T_TFF1_DNA_Pool-1_6A:80:T2:08	23	1.00001e+06	1.58225e+06	782419	14359	307844
293T_TFF1_DNA_Pool-1_6A:95:54:04	71	1.00001e+06	965146	1.12943e+06	699312	851818
293T_TFF1_DNA_Pool-1_6A:95:E1:03	86	1.00001e+06	762083	1.25392e+06	816288	4.29002e+06
293T_TFF1_DNA_Pool-1_6A:95:Q0:10	93	1.00001e+06	505171	1.00104e+06	851621	203310
293T_TFF1_DNA_Pool-1_6A:99:O1:11	47	1.00001e+06	0	1.09813e+06	819980	672578
293T_TFF1_DNA_Pool-1_6A:A7:17:05	28	1.00001e+06	300623	630081	726365	156360
293T_TFF1_DNA_Pool-1_6A:B5:L7:10	42	1.00001e+06	1.97596e+06	867788	757672	755949
293T_TFF1_DNA_Pool-1_6A:B5:M1:01	21	1.00001e+06	0	548028	758907	254066
293T_TFF1_DNA_Pool-1_6A:B6:D7:04	34	1.00001e+06	0	347303	16663.9	0
293T_TFF1_DNA_Pool-1_6A:B6:O1:11	40	1.00001e+06	0	1.24277e+06	798059	564516
293T_TFF1_DNA_Pool-1_6A:D9:N7:03	32	1.00001e+06	899369	865340	804632	743560
293T_TFF1_DNA_Pool-1_6A:E3:B3:02	72	1.00001e+06	322538	1.24148e+06	758873	1.22838e+06
293T_TFF1_DNA_Pool-1_6A:E3:G0:06	56	1.00001e+06	2.40994e+06	1.0949e+06	708239	428475
293T_TFF1_DNA_Pool-1_6A:E3:H2:03	28	1.00001e+06	402182	1.19985e+06	851883	502918
293T_TFF1_DNA_Pool-1_6A:F7:D7:04	25	1.00001e+06	1.61876e+06	606857	454167	204352
293T_TFF1_DNA_Pool-1_6A:G3:G0:06	39	1.00001e+06	2.09841e+06	1.03123e+06	759609	814573
293T_TFF1_DNA_Pool-1_6A:G3:Q8:09	36	1.00001e+06	0	672625	14982.3	37514.8
293T_TFF1_DNA_Pool-1_6A:I0:H2:10	28	1.00001e+06	0	549185	909167	0
293T_TFF1_DNA_Pool-1_6A:J1:G0:06	47	1.00001e+06	1.87186e+06	806730	759808	543894
293T_TFF1_DNA_Pool-1_6A:J1:Y5:12	46	1.00001e+06	640184	867540	907240	522328
293T_TFF1_DNA_Pool-1_6A:K3:X4:03	20	1.00001e+06	0	967625	777157	379366
293T_TFF1_DNA_Pool-1_6A:M4:H2:10	89	1.00001e+06	1.78273e+06	1.48604e+06	1.04352e+06	993750
293T_TFF1_DNA_Pool-1_6A:M4:V3:06	51	1.00001e+06	1.89408e+06	887822	677381	648321
293T_TFF1_DNA_Pool-1_6A:N9:13:03	71	1.00001e+06	2.12373e+06	1.49302e+06	958197	751031
293T_TFF1_DNA_Pool-1_6A:N9:28:01	120	1.00001e+06	1.38279e+06	931526	813509	1.45197e+06
293T_TFF1_DNA_Pool-1_6A:N9:E6:10	56	1.00001e+06	239803	807566	781534	899339
293T_TFF1_DNA_Pool-1_6A:S7:Y1:08	28	1.00001e+06	0	595452	532725	233785
293T_TFF1_DNA_Pool-1_6A:S8:50:07	95	1.00001e+06	1.57784e+06	1.16293e+06	1.07235e+06	3.23904e+06
293T_TFF1_DNA_Pool-1_6A:V2:H2:10	65	1.00001e+06	328673	978189	835805	767107
293T_TFF1_DNA_Pool-1_6A:X5:30:09	71	1.00001e+06	0	935395	820149	182578
293T_TFF1_DNA_Pool-1_6A:X5:32:12	21	1.00001e+06	1.81244e+06	830815	911210	519723
293T_TFF1_DNA_Pool-1_6A:X5:69:10	63	1.00001e+06	1.79552e+06	872271	654305	207803
293T_TFF1_DNA_Pool-1_6A:X5:B2:07	140	1.00001e+06	2.35609e+06	1.311e+06	857755	698385
293T_TFF1_DNA_Pool-1_6A:X5:F8:08	120	1.00001e+06	865330	1.29014e+06	1.00279e+06	1.17953e+06
293T_TFF1_DNA_Pool-1_6A:Y0:17:05	25	1.00001e+06	395614	931659	885189	339749
293T_TFF1_DNA_Pool-1_6A:Y0:G9:01	24	1.00001e+06	0	1.10101e+06	634330	3.51201e+06
293T_TFF1_DNA_Pool-1_6A:Y3:E2:08	22	1.00001e+06	1.72684e+06	614883	217525	202031
293T_TFF1_DNA_Pool-1_6A:Z2:N7:11	23	1.00001e+06	1.62332e+06	508267	604146	460317
293T_TFF1_DNA_Pool-1_7H:0A:C8:01	23	1.00001e+06	1.2875e+06	596793	813942	0
293T_TFF1_DNA_Pool-1_7H:0H:E2:11	45	1.00001e+06	169232	513411	20234.4	281776
293T_TFF1_DNA_Pool-1_7H:0X:B8:07	23	1.00001e+06	625861	574634	799046	0
293T_TFF1_DNA_Pool-1_7H:0X:K1:12	85	1.00001e+06	1.17473e+06	1.76989e+06	1.08209e+06	1.87096e+06
293T_TFF1_DNA_Pool-1_7H:0X:S6:11	44	1.00001e+06	0	770605	837860	243185
293T_TFF1_DNA_Pool-1_7H:0Y:A4:11	93	1.00001e+06	2.63964e+06	1.3765e+06	997870	1.75125e+06
293T_TFF1_DNA_Pool-1_7H:24:J0:10	66	1.00001e+06	1.94088e+06	659581	748218	398163
293T_TFF1_DNA_Pool-1_7H:27:30:11	63	1.00001e+06	437236	901276	736987	198372
293T_TFF1_DNA_Pool-1_7H:36:56:12	22	1.00001e+06	1.85376e+06	721915	456752	453223
293T_TFF1_DNA_Pool-1_7H:64:61:11	81	1.00001e+06	0	1.2159e+06	1.06001e+06	730179
293T_TFF1_DNA_Pool-1_7H:80:T4:02	30	1.00001e+06	1.57457e+06	619038	889821	0
293T_TFF1_DNA_Pool-1_7H:83:98:07	1002	1.00001e+06	1.21449e+07	3.64662e+06	1.13877e+07	2.44756e+06
293T_TFF1_DNA_Pool-1_7H:95:09:09	32	1.00001e+06	0	400687	14236.2	1.24197e+06
293T_TFF1_DNA_Pool-1_7H:95:72:11	34	1.00001e+06	1.3192e+06	423558	643576	439765
293T_TFF1_DNA_Pool-1_7H:95:E1:03	74	1.00001e+06	2.34442e+06	1.29381e+06	862683	2.03457e+06
293T_TFF1_DNA_Pool-1_7H:95:E2:11	147	1.00001e+06	846445	1.44643e+06	1.15525e+06	1.20265e+06
293T_TFF1_DNA_Pool-1_7H:95:P8:12	110	1.00001e+06	1.64251e+06	1.2402e+06	713211	1.10461e+06
293T_TFF1_DNA_Pool-1_7H:96:E1:11	29	1.00001e+06	0	973810	760766	740812
293T_TFF1_DNA_Pool-1_7H:B1:H8:07	59	1.00001e+06	170629	577986	810255	467304
293T_TFF1_DNA_Pool-1_7H:C4:76:11	52	1.00001e+06	1.11874e+06	1.00245e+06	782327	1.25775e+06
293T_TFF1_DNA_Pool-1_7H:E0:W0:01	65	1.00001e+06	0	1.37608e+06	1.80355e+06	609891
293T_TFF1_DNA_Pool-1_7H:H5:E2:11	27	1.00001e+06	1.80197e+06	661954	841780	215469
293T_TFF1_DNA_Pool-1_7H:J1:H0:08	32	1.00001e+06	2.0396e+06	746902	70234.6	340866
293T_TFF1_DNA_Pool-1_7H:J1:P0:07	49	1.00001e+06	0	968353	751247	431211
293T_TFF1_DNA_Pool-1_7H:L1:K2:11	25	1.00001e+06	0	415707	810181	1.02997e+06
293T_TFF1_DNA_Pool-1_7H:N9:0N:11	24	1.00001e+06	1.57171e+06	548556	783920	5.39562e+06
293T_TFF1_DNA_Pool-1_7H:N9:Q1:11	31	1.00001e+06	1.20088e+06	884953	990898	619306
293T_TFF1_DNA_Pool-1_7H:S7:0W:01	85	1.00001e+06	659001	1.18247e+06	1.00298e+06	1.97823e+06
293T_TFF1_DNA_Pool-1_7H:S7:72:08	27	1.00001e+06	0	556071	491754	1.54749e+06
293T_TFF1_DNA_Pool-1_7H:U4:P0:10	23	1.00001e+06	398394	436297	560829	1.28946e+06
293T_TFF1_DNA_Pool-1_7H:V2:K5:09	50	1.00001e+06	1.63686e+06	899276	854937	130297
293T_TFF1_DNA_Pool-1_7H:Y3:E2:08	26	1.00001e+06	1.11943e+06	817038	722886	0
293T_TFF1_DNA_Pool-1_7G:03:97:01	123	1.00001e+06	2.29685e+06	959044	739651	1.0347e+06
293T_TFF1_DNA_Pool-1_7G:08:G9:11	321	1.00001e+06	3.6486e+06	2.29767e+06	3.1259e+06	1.69104e+06
293T_TFF1_DNA_Pool-1_7G:0E:0O:01	21	1.00001e+06	0	829115	810916	69750.2
293T_TFF1_DNA_Pool-1_7G:0H:F6:01	35	1.00001e+06	0	699825	878311	553801
293T_TFF1_DNA_Pool-1_7G:0Q:T0:01	37	1.00001e+06	0	1.38601e+06	741570	75898.9
293T_TFF1_DNA_Pool-1_7G:0T:H2:11	21	1.00001e+06	2.50194e+06	976786	635231	1.41651e+06
293T_TFF1_DNA_Pool-1_7G:0X:61:01	81	1.00001e+06	0	953110	693150	342485
293T_TFF1_DNA_Pool-1_7G:0X:J4:11	110	1.00001e+06	2.42064e+06	1.43664e+06	948005	1.2673e+06
293T_TFF1_DNA_Pool-1_7G:0X:Y1:11	98	1.00001e+06	2.08723e+06	1.11518e+06	973023	347472
293T_TFF1_DNA_Pool-1_7G:0Y:0I:11	27	1.00001e+06	0	878588	829097	436374
293T_TFF1_DNA_Pool-1_7G:0Y:C8:11	44	1.00001e+06	2.37122e+06	861955	722017	281844
293T_TFF1_DNA_Pool-1_7G:0Y:E8:01	77	1.00001e+06	0	1.25294e+06	776822	227998
293T_TFF1_DNA_Pool-1_7G:0Y:G0:01	105	1.00001e+06	1.11706e+06	1.55859e+06	858504	5.37927e+06
293T_TFF1_DNA_Pool-1_7G:0Y:H8:01	214	1.00001e+06	0	1.62832e+06	1.33111e+06	1.48094e+06
293T_TFF1_DNA_Pool-1_7G:0Y:Q0:11	172	1.00001e+06	1.48587e+06	1.65853e+06	930280	1.11565e+06
293T_TFF1_DNA_Pool-1_7G:15:A0:11	22	1.00001e+06	2.24742e+06	705454	770919	58748
293T_TFF1_DNA_Pool-1_7G:20:N8:01	26	1.00001e+06	1.35816e+06	780679	756178	343923
293T_TFF1_DNA_Pool-1_7G:23:S6:11	25	1.00001e+06	0	2.21358e+06	1.13661e+06	471826
293T_TFF1_DNA_Pool-1_7G:47:24:04	26	1.00001e+06	1.57197e+06	348261	812751	145061
293T_TFF1_DNA_Pool-1_7G:47:N7:03	36	1.00001e+06	451108	704902	45622.7	72679.9
293T_TFF1_DNA_Pool-1_7G:47:T4:11	36	1.00001e+06	301532	686196	871410	0
293T_TFF1_DNA_Pool-1_7G:47:Y6:05	41	1.00001e+06	0	807797	831276	144109
293T_TFF1_DNA_Pool-1_7G:52:O2:11	24	1.00001e+06	0	604540	722628	607926
293T_TFF1_DNA_Pool-1_7G:52:P8:10	34	1.00001e+06	856490	1.02313e+06	676598	2.45299e+06
293T_TFF1_DNA_Pool-1_7G:63:84:11	36	1.00001e+06	0	874613	765125	2.34235e+06
293T_TFF1_DNA_Pool-1_7G:68:Y6:11	31	1.00001e+06	177202	479146	629521	221540
293T_TFF1_DNA_Pool-1_7G:71:Y5:01	63	1.00001e+06	2.18105e+06	919855	756069	358496
293T_TFF1_DNA_Pool-1_7G:80:Q0:11	60	1.00001e+06	0	886447	896563	380429
293T_TFF1_DNA_Pool-1_7G:80:Y6:05	20	1.00001e+06	2.17062e+06	833520	767015	0
293T_TFF1_DNA_Pool-1_7G:83:O6:11	28	1.00001e+06	2.14831e+06	2.39203e+06	761044	3.44501e+06
293T_TFF1_DNA_Pool-1_7G:91:S9:03	23	1.00001e+06	0	903914	205997	2.09961e+06
293T_TFF1_DNA_Pool-1_7G:95:E1:03	29	1.00001e+06	184528	437717	744446	0
293T_TFF1_DNA_Pool-1_7G:95:M8:01	127	1.00001e+06	0	1.42832e+06	732538	1.01941e+06
293T_TFF1_DNA_Pool-1_7G:95:O2:11	28	1.00001e+06	199297	503161	875160	746538
293T_TFF1_DNA_Pool-1_7G:95:S1:01	35	1.00001e+06	197744	522054	622477	308435
293T_TFF1_DNA_Pool-1_7G:A3:M4:11	716	1.00001e+06	1.16361e+07	3.20043e+06	9.22486e+06	1.85451e+06
293T_TFF1_DNA_Pool-1_7G:A4:E1:11	25	1.00001e+06	1.11993e+06	656421	831842	648454
293T_TFF1_DNA_Pool-1_7G:A7:49:01	35	1.00001e+06	0	709385	763854	3.13923e+06
293T_TFF1_DNA_Pool-1_7G:B6:Z8:01	37	1.00001e+06	186260	398342	634930	0
293T_TFF1_DNA_Pool-1_7G:B9:O5:01	81	1.00001e+06	1.69968e+06	1.08376e+06	818711	1.41112e+06
293T_TFF1_DNA_Pool-1_7G:E0:T0:01	38	1.00001e+06	0	445069	763554	0
293T_TFF1_DNA_Pool-1_7G:E0:W0:01	1785	1.00001e+06	8.94784e+06	6.23862e+06	7.60036e+06	3.98434e+06
293T_TFF1_DNA_Pool-1_7G:E0:X8:11	22	1.00001e+06	1.62769e+06	707362	575275	242441
293T_TFF1_DNA_Pool-1_7G:E0:Z6:11	35	1.00001e+06	2.12471e+06	621303	761839	434496
293T_TFF1_DNA_Pool-1_7G:E3:D4:01	45	1.00001e+06	583327	816310	89827.4	1.5095e+06
293T_TFF1_DNA_Pool-1_7G:E3:F3:01	52	1.00001e+06	2.12969e+06	684950	733396	536350
293T_TFF1_DNA_Pool-1_7G:E3:G4:11	23	1.00001e+06	0	934578	796573	1.92653e+06
293T_TFF1_DNA_Pool-1_7G:E3:S9:07	21	1.00001e+06	1.80793e+06	401694	758773	341952
293T_TFF1_DNA_Pool-1_7G:E3:W2:01	20	1.00001e+06	1.12506e+06	1.39752e+06	799970	2.98218e+06
293T_TFF1_DNA_Pool-1_7G:E4:F3:10	52	1.00001e+06	2.07011e+06	919866	713792	683936
293T_TFF1_DNA_Pool-1_7G:E8:H8:01	21	1.00001e+06	1.65679e+06	836450	735967	4.18068e+06
293T_TFF1_DNA_Pool-1_7G:F1:E2:03	20	NA	185913	270441	7516.95	0
293T_TFF1_DNA_Pool-1_7G:F7:P8:01	29	1.00001e+06	1.36551e+06	401642	689427	0
293T_TFF1_DNA_Pool-1_7G:H2:E1:01	57	1.00001e+06	0	652515	751796	307741
293T_TFF1_DNA_Pool-1_7G:H2:O2:11	21	1.00001e+06	206823	706113	886950	4.03707e-31
293T_TFF1_DNA_Pool-1_7G:H2:S1:01	39	1.00001e+06	1.64442e+06	660601	671802	1.88725e+06
293T_TFF1_DNA_Pool-1_7G:H5:T2:01	66	1.00001e+06	1.62992e+06	984357	835456	1.21391e+06
293T_TFF1_DNA_Pool-1_7G:H6:G8:01	28	1.00001e+06	478592	838363	799736	627049
293T_TFF1_DNA_Pool-1_7G:H6:Y5:01	115	1.00001e+06	952911	1.23184e+06	1.18874e+06	1.40096e+06
293T_TFF1_DNA_Pool-1_7G:I3:H6:01	66	1.00001e+06	197866	634983	664642	237462
293T_TFF1_DNA_Pool-1_7G:J1:E2:11	70	1.00001e+06	0	906855	761287	2.42066e+06
293T_TFF1_DNA_Pool-1_7G:J1:H2:09	49	1.00001e+06	1.79662e+06	1.01566e+06	724744	1.50454e+06
293T_TFF1_DNA_Pool-1_7G:J2:58:01	50	1.00001e+06	0	676123	773902	0
293T_TFF1_DNA_Pool-1_7G:K0:K2:01	20	1.00001e+06	120578	663566	760574	438616
293T_TFF1_DNA_Pool-1_7G:K7:09:01	21	1.00001e+06	593187	646877	617871	358345
293T_TFF1_DNA_Pool-1_7G:K7:0R:01	20	1.00001e+06	0	570681	17867.7	1.16622e+06
293T_TFF1_DNA_Pool-1_7G:K7:0W:01	28	1.00001e+06	0	1.10627e+06	773813	317843
293T_TFF1_DNA_Pool-1_7G:K7:J3:01	25	1.00001e+06	0	1.04404e+06	759116	1.37654e+06
293T_TFF1_DNA_Pool-1_7G:L1:X8:01	23	1.00001e+06	440031	889128	636610	357584
293T_TFF1_DNA_Pool-1_7G:M0:F8:01	53	1.00001e+06	0	1.3474e+06	914432	1.27704e+06
293T_TFF1_DNA_Pool-1_7G:M7:F2:11	22	1.00001e+06	524257	931561	736698	1.5498e+06
293T_TFF1_DNA_Pool-1_7G:M8:78:01	62	1.00001e+06	0	1.00131e+06	800338	1.44186e+06
293T_TFF1_DNA_Pool-1_7G:M8:F3:11	33	1.00001e+06	207174	659498	672654	773026
293T_TFF1_DNA_Pool-1_7G:M8:J0:11	20	1.00001e+06	0	663498	266519	0
293T_TFF1_DNA_Pool-1_7G:N9:0N:11	31	1.00001e+06	1.80752e+06	897902	991513	3.18219e+06
293T_TFF1_DNA_Pool-1_7G:N9:F2:04	389	1.00001e+06	6.75862e+06	2.04115e+06	3.46139e+06	1.61652e+06
293T_TFF1_DNA_Pool-1_7G:N9:Z6:01	23	1.00001e+06	1.56476e+06	580840	42354.8	129976
293T_TFF1_DNA_Pool-1_7G:O0:J4:01	931	1.00001e+06	9.02733e+06	4.04781e+06	1.37222e+07	3.54893e+06
293T_TFF1_DNA_Pool-1_7G:O3:T0:01	67	1.00001e+06	961459	821956	800715	719428
293T_TFF1_DNA_Pool-1_7G:O7:84:06	39	1.00001e+06	1.71988e+06	716117	772578	504229
293T_TFF1_DNA_Pool-1_7G:O7:H6:01	30	1.00001e+06	0	557404	609202	791151
293T_TFF1_DNA_Pool-1_7G:O8:H2:01	29	1.00001e+06	1.63782e+06	340092	618091	205648
293T_TFF1_DNA_Pool-1_7G:P2:09:11	40	1.00001e+06	1.10194e+06	779156	821010	923916
293T_TFF1_DNA_Pool-1_7G:P2:78:01	31	1.00001e+06	971006	1.04858e+06	806859	1.43235e+06
293T_TFF1_DNA_Pool-1_7G:P5:N8:11	22	NA	1.60235e+06	318061	9290.99	0
293T_TFF1_DNA_Pool-1_7G:P9:X8:11	25	1.00001e+06	0	294122	652526	863740
293T_TFF1_DNA_Pool-1_7G:Q8:B0:01	26	1.00001e+06	0	387810	16321	0
293T_TFF1_DNA_Pool-1_7G:R1:T4:01	53	1.00001e+06	2.12087e+06	855246	813476	918795
293T_TFF1_DNA_Pool-1_7G:R1:T4:11	109	1.00001e+06	878191	1.06331e+06	1.0135e+06	972361
293T_TFF1_DNA_Pool-1_7G:R1:W2:02	26	1.00001e+06	1.60157e+06	255987	50970.5	0
293T_TFF1_DNA_Pool-1_7G:R2:46:01	25	1.00001e+06	324316	1.37688e+06	811267	288886
293T_TFF1_DNA_Pool-1_7G:R5:54:01	32	1.00001e+06	0	436268	15482.2	0
293T_TFF1_DNA_Pool-1_7G:R5:J4:01	49	1.00001e+06	0	1.11744e+06	829450	1.00485e+06
293T_TFF1_DNA_Pool-1_7G:S7:17:11	25	1.00001e+06	2.03227e+06	939592	757985	572787
293T_TFF1_DNA_Pool-1_7G:S7:20:11	37	1.00001e+06	0	914819	869788	564629
293T_TFF1_DNA_Pool-1_7G:S7:B6:01	87	1.00001e+06	1.37077e+06	1.09401e+06	830090	843788
293T_TFF1_DNA_Pool-1_7G:S7:E6:09	53	1.00001e+06	0	1.11664e+06	717756	552268
293T_TFF1_DNA_Pool-1_7G:S7:T0:01	149	1.00001e+06	6.27198e+06	1.42968e+06	1.19179e+06	2.23858e+06
293T_TFF1_DNA_Pool-1_7G:S8:54:01	71	1.00001e+06	1.66501e+06	1.03368e+06	709260	387830
293T_TFF1_DNA_Pool-1_7G:U4:Q0:11	48	1.00001e+06	2.59053e+06	1.15805e+06	746426	898938
293T_TFF1_DNA_Pool-1_7G:V2:F2:11	64	1.00001e+06	0	1.15504e+06	764103	750515
293T_TFF1_DNA_Pool-1_7G:V2:R4:01	164	1.00001e+06	0	1.80359e+06	2.24187e+06	424804
293T_TFF1_DNA_Pool-1_7G:V5:T2:01	25	1.00001e+06	1.44261e+06	703107	864133	989906
293T_TFF1_DNA_Pool-1_7G:V9:0N:01	24	1.00001e+06	0	534967	15827.4	127557
293T_TFF1_DNA_Pool-1_7G:W3:50:11	24	1.00001e+06	0	438521	877393	0
293T_TFF1_DNA_Pool-1_7G:X2:78:11	43	1.00001e+06	2.39112e+06	670136	851041	124411
293T_TFF1_DNA_Pool-1_7G:X5:22:01	25	1.00001e+06	0	786020	763471	1.14474e+06
293T_TFF1_DNA_Pool-1_7G:X5:25:06	30	1.00001e+06	330262	967946	813204	217587
293T_TFF1_DNA_Pool-1_7G:X5:61:01	54	1.00001e+06	1.81584e+06	716345	731544	915303
293T_TFF1_DNA_Pool-1_7G:X5:A5:01	29	1.00001e+06	1.3437e+06	1.76907e+06	827080	2.02124e+06
293T_TFF1_DNA_Pool-1_7G:X5:L6:01	38	1.00001e+06	2.23456e+06	786404	779444	337437
293T_TFF1_DNA_Pool-1_7G:X5:S6:01	730	1.00001e+06	0	2.82469e+06	1.14437e+07	2.6976e+06
293T_TFF1_DNA_Pool-1_7G:X5:S9:01	74	1.00001e+06	1.73946e+06	1.87279e+06	1.2669e+06	1.17252e+06
293T_TFF1_DNA_Pool-1_7G:X6:G1:11	42	1.00001e+06	786024	921224	909826	679982
293T_TFF1_DNA_Pool-1_7G:X6:U6:09	25	1.00001e+06	1.84365e+06	773298	761184	962492
293T_TFF1_DNA_Pool-1_7G:X9:Y5:01	76	1.00001e+06	0	1.09489e+06	810337	649349
293T_TFF1_DNA_Pool-1_7G:Z1:B2:03	22	1.00001e+06	175753	492907	523997	122754
293T_TFF1_DNA_Pool-2_7F:07:E2:03	109	1.00001e+06	1.40827e+06	1.18209e+06	747915	551697
293T_TFF1_DNA_Pool-2_7F:08:N8:03	63	1.00001e+06	614204	1.10112e+06	1.02369e+06	570073
293T_TFF1_DNA_Pool-2_7F:0M:D0:03	20	1.00001e+06	0	926690	753756	528665
293T_TFF1_DNA_Pool-2_7F:0Q:B0:08	21	1.00001e+06	1.5928e+06	439847	742960	396894
293T_TFF1_DNA_Pool-2_7F:0X:B3:02	45	1.00001e+06	1.3736e+06	1.15051e+06	1.02409e+06	695334
293T_TFF1_DNA_Pool-2_7F:0X:E9:09	58	1.00001e+06	1.89711e+06	1.17734e+06	1.06251e+06	2.42086e+06
293T_TFF1_DNA_Pool-2_7F:0X:I2:03	42	1.00001e+06	879915	640519	834229	887222
293T_TFF1_DNA_Pool-2_7F:0Y:93:11	134	1.00001e+06	1.6574e+06	1.3977e+06	1.15406e+06	1.3171e+06
293T_TFF1_DNA_Pool-2_7F:0Y:O9:11	26	1.00001e+06	1.44932e+06	668781	601328	346019
293T_TFF1_DNA_Pool-2_7F:0Y:R2:04	26	1.00001e+06	0	1.02269e+06	616528	1.15133e+06
293T_TFF1_DNA_Pool-2_7F:16:N7:03	60	1.00001e+06	1.92989e+06	1.02005e+06	1.31102e+06	1.0689e+06
293T_TFF1_DNA_Pool-2_7F:24:J0:10	48	1.00001e+06	2.07971e+06	760153	2.908e+06	577810
293T_TFF1_DNA_Pool-2_7F:39:76:05	30	1.00001e+06	783755	1.73294e+06	845995	498563
293T_TFF1_DNA_Pool-2_7F:47:56:04	44	1.00001e+06	2.2072e+06	930611	637146	615224
293T_TFF1_DNA_Pool-2_7F:47:D7:04	94	1.00001e+06	792273	1.75588e+06	821389	2.03298e+06
293T_TFF1_DNA_Pool-2_7F:47:N7:03	2355	1.00001e+06	0	4.93343e+06	6.21225e+06	3.40267e+06
293T_TFF1_DNA_Pool-2_7F:59:I9:03	21	NA	0	368682	23338.7	0
293T_TFF1_DNA_Pool-2_7F:63:C0:03	24	1.00001e+06	0	718586	783088	445788
293T_TFF1_DNA_Pool-2_7F:72:A0:09	172	1.00001e+06	0	2.09888e+06	3.91222e+06	1.4288e+06
293T_TFF1_DNA_Pool-2_7F:79:13:01	25	1.00001e+06	0	353558	495211	0
293T_TFF1_DNA_Pool-2_7F:80:50:03	53	1.00001e+06	1.08429e+06	786168	722032	862265
293T_TFF1_DNA_Pool-2_7F:95:E1:03	111	1.00001e+06	1.43246e+06	1.73887e+06	1.29015e+06	1.21581e+06
293T_TFF1_DNA_Pool-2_7F:B1:56:04	22	1.00001e+06	443877	751801	698392	565509
293T_TFF1_DNA_Pool-2_7F:B1:78:11	53	1.00001e+06	509963	897518	830572	603806
293T_TFF1_DNA_Pool-2_7F:B2:Z3:08	48	1.00001e+06	1.7994e+06	733303	725675	902289
293T_TFF1_DNA_Pool-2_7F:B6:M0:08	33	1.00001e+06	597243	632105	835609	281424
293T_TFF1_DNA_Pool-2_7F:D1:T4:08	21	1.00001e+06	320121	1.12178e+06	762545	179228
293T_TFF1_DNA_Pool-2_7F:D9:D3:11	22	1.00001e+06	213012	854318	459177	3.81495e+06
293T_TFF1_DNA_Pool-2_7F:E3:D3:05	61	1.00001e+06	0	1.34681e+06	647700	2.89153e+06
293T_TFF1_DNA_Pool-2_7F:F5:P0:01	21	1.00001e+06	0	753308	748368	0
293T_TFF1_DNA_Pool-2_7F:G3:M0:02	20	1.00001e+06	2.25898e+06	808401	709301	247365
293T_TFF1_DNA_Pool-2_7F:G4:N8:03	65	1.00001e+06	507157	1.07641e+06	803631	460629
293T_TFF1_DNA_Pool-2_7F:H1:B8:08	21	1.00001e+06	0	644158	470582	342482
293T_TFF1_DNA_Pool-2_7F:J1:78:03	103	1.00001e+06	0	1.38647e+06	1.02522e+06	1.47125e+06
293T_TFF1_DNA_Pool-2_7F:J1:F8:03	113	1.00001e+06	376987	1.02933e+06	838724	696131
293T_TFF1_DNA_Pool-2_7F:K3:N7:03	43	1.00001e+06	0	547885	826444	687431
293T_TFF1_DNA_Pool-2_7F:L9:14:01	21	1.00001e+06	0	781048	629672	354888
293T_TFF1_DNA_Pool-2_7F:N2:F3:04	23	1.00001e+06	1.66495e+06	470392	862757	0
293T_TFF1_DNA_Pool-2_7F:N9:0I:01	65	1.00001e+06	0	997898	873292	698434
293T_TFF1_DNA_Pool-2_7F:N9:L3:01	54	1.00001e+06	2.67523e+06	855358	864659	770285
293T_TFF1_DNA_Pool-2_7F:Q8:56:04	21	1.00001e+06	0	2.67686e+06	801706	781021
293T_TFF1_DNA_Pool-2_7F:Q8:S9:07	36	1.00001e+06	373884	565685	589651	273292
293T_TFF1_DNA_Pool-2_7F:S7:77:02	35	1.00001e+06	1.58252e+06	722218	829767	307897
293T_TFF1_DNA_Pool-2_7F:S7:J4:03	192	1.00001e+06	1.55373e+06	1.8579e+06	1.14801e+06	2.10284e+06
293T_TFF1_DNA_Pool-2_7F:S8:H2:08	20	1.00001e+06	1.34555e+06	485466	469233	0
293T_TFF1_DNA_Pool-2_7F:U0:50:01	33	1.00001e+06	0	750905	767327	429415
293T_TFF1_DNA_Pool-2_7F:U0:54:03	45	1.00001e+06	2.78607e+06	1.04308e+06	925425	705220
293T_TFF1_DNA_Pool-2_7F:U4:P0:10	66	1.00001e+06	2.13887e+06	853505	742945	2.14785e+06
293T_TFF1_DNA_Pool-2_7F:V6:0F:01	35	1.00001e+06	2.18272e+06	763574	652163	484430
293T_TFF1_DNA_Pool-2_7F:W7:61:03	29	1.00001e+06	197493	618463	834277	515131
293T_TFF1_DNA_Pool-2_7F:W7:A4:07	23	NA	684617	316131	579834	0
293T_TFF1_DNA_Pool-2_7F:X5:29:02	41	1.00001e+06	1.72396e+06	755102	566399	1.6788e+06
293T_TFF1_DNA_Pool-2_7F:X5:56:04	131	1.00001e+06	710020	1.37941e+06	919263	1.1371e+06
293T_TFF1_DNA_Pool-2_7F:X5:98:03	117	1.00001e+06	1.26729e+06	1.2716e+06	1.15374e+06	1.64965e+06
293T_TFF1_DNA_Pool-2_7F:X5:C8:04	192	1.00001e+06	1.42065e+06	1.50635e+06	2.13174e+06	814193
293T_TFF1_DNA_Pool-2_7F:X5:P0:10	272	1.00001e+06	1.11554e+06	1.5388e+06	1.54422e+06	947314
293T_TFF1_DNA_Pool-2_7F:X6:S1:03	20	NA	0	204649	7887.04	0
293T_TFF1_DNA_Pool-2_7E:0Q:R0:05	36	1.00001e+06	0	1.48027e+06	845351	1.03812e+06
293T_TFF1_DNA_Pool-2_7E:0X:98:12	84	1.00001e+06	0	1.40612e+06	878519	3.07708e+06
293T_TFF1_DNA_Pool-2_7E:0X:H0:12	21	1.00001e+06	116032	314282	40594.1	0
293T_TFF1_DNA_Pool-2_7E:0X:T0:03	307	1.00001e+06	692874	1.87839e+06	1.81104e+06	1.80868e+06
293T_TFF1_DNA_Pool-2_7E:0X:Y6:12	58	1.00001e+06	686087	598097	834294	866028
293T_TFF1_DNA_Pool-2_7E:15:P4:02	75	1.00001e+06	0	2.11747e+06	1.18456e+06	1.04217e+06
293T_TFF1_DNA_Pool-2_7E:24:J0:10	39	1.00001e+06	622086	734485	736482	415369
293T_TFF1_DNA_Pool-2_7E:28:X8:11	21	1.00001e+06	0	592016	781374	690793
293T_TFF1_DNA_Pool-2_7E:39:O6:02	75	1.00001e+06	0	1.08481e+06	875254	385135
293T_TFF1_DNA_Pool-2_7E:56:33:05	24	1.00001e+06	1.59404e+06	922350	606187	312723
293T_TFF1_DNA_Pool-2_7E:68:U6:01	25	1.00001e+06	115047	419965	692764	197239
293T_TFF1_DNA_Pool-2_7E:72:A0:09	31	1.00001e+06	1.63132e+06	543977	719210	0
293T_TFF1_DNA_Pool-2_7E:87:D3:02	23	1.00001e+06	1.19596e+06	563725	684560	0
293T_TFF1_DNA_Pool-2_7E:95:E1:03	72	1.00001e+06	0	1.30747e+06	787777	624006
293T_TFF1_DNA_Pool-2_7E:95:O6:03	135	1.00001e+06	0	1.39275e+06	776335	1.3122e+06
293T_TFF1_DNA_Pool-2_7E:A4:E2:12	41	1.00001e+06	0	800686	510211	1.77764e+06
293T_TFF1_DNA_Pool-2_7E:B1:O2:08	34	1.00001e+06	117007	721321	754030	684914
293T_TFF1_DNA_Pool-2_7E:E0:58:06	30	1.00001e+06	2.46256e+06	906544	800314	644920
293T_TFF1_DNA_Pool-2_7E:E3:D4:01	30	1.00001e+06	466510	716596	774595	885378
293T_TFF1_DNA_Pool-2_7E:F1:V7:10	100	1.00001e+06	0	1.26968e+06	1.23277e+06	2.32355e+06
293T_TFF1_DNA_Pool-2_7E:F2:T4:02	46	1.00001e+06	1.94388e+06	949593	763901	770825
293T_TFF1_DNA_Pool-2_7E:F7:O6:05	41	1.00001e+06	0	550199	866010	408739
293T_TFF1_DNA_Pool-2_7E:I3:50:02	35	1.00001e+06	2.00197e+06	556997	708268	0
293T_TFF1_DNA_Pool-2_7E:K0:78:02	20	1.00001e+06	1.94e+06	748611	680624	233920
293T_TFF1_DNA_Pool-2_7E:K3:Y2:01	22	1.00001e+06	1.81783e+06	773031	584056	627545
293T_TFF1_DNA_Pool-2_7E:L1:M0:01	106	1.00001e+06	0	3.89434e+06	3.59257e+06	570427
293T_TFF1_DNA_Pool-2_7E:L9:X8:01	336	1.00001e+06	2.07114e+06	2.53451e+06	2.68643e+06	5.21002e+06
293T_TFF1_DNA_Pool-2_7E:M3:B6:11	22	1.00001e+06	2.45966e+06	834589	573099	1.5213e+06
293T_TFF1_DNA_Pool-2_7E:M3:K5:12	20	1.00001e+06	0	245365	12039.6	0
293T_TFF1_DNA_Pool-2_7E:M4:G0:05	43	1.00001e+06	1.79124e+06	1.25843e+06	806223	1.77622e+06
293T_TFF1_DNA_Pool-2_7E:N6:G4:06	27	1.00001e+06	831795	925809	873430	2.62237e+06
293T_TFF1_DNA_Pool-2_7E:N9:25:06	27	1.00001e+06	0	529053	236957	234019
293T_TFF1_DNA_Pool-2_7E:R1:46:02	62	1.00001e+06	2.54507e+06	1.05024e+06	720990	4.63794e+06
293T_TFF1_DNA_Pool-2_7E:R6:17:02	37	1.00001e+06	1.72217e+06	1.19183e+06	703472	1.01481e+06
293T_TFF1_DNA_Pool-2_7E:S0:I0:02	48	1.00001e+06	1.3407e+06	1.07575e+06	964306	491568
293T_TFF1_DNA_Pool-2_7E:S7:Q8:01	136	1.00001e+06	0	1.08583e+06	1.01674e+06	604887
293T_TFF1_DNA_Pool-2_7E:S8:98:11	61	1.00001e+06	2.48239e+06	1.14084e+06	1.23944e+06	705055
293T_TFF1_DNA_Pool-2_7E:T1:17:11	29	1.00001e+06	95995.2	482753	798146	0
293T_TFF1_DNA_Pool-2_7E:X1:0N:11	29	1.00001e+06	1.44078e+06	1.00479e+06	732209	2.24566e+06
293T_TFF1_DNA_Pool-2_7E:X5:25:06	54	1.00001e+06	0	516763	681363	0
293T_TFF1_DNA_Pool-2_7E:X5:D2:02	167	1.00001e+06	1.68477e+06	1.36564e+06	1.4476e+06	915861
293T_TFF1_DNA_Pool-2_7E:X5:D3:02	119	1.00001e+06	1.28901e+06	1.13056e+06	852191	1.34758e+06
293T_TFF1_DNA_Pool-2_7E:X5:M8:10	49	1.00001e+06	0	1.35699e+06	802857	2.98652e+06
293T_TFF1_DNA_Pool-2_7E:X6:0J:02	54	1.00001e+06	1.68847e+06	1.25049e+06	835040	720630
293T_TFF1_DNA_Pool-2_7E:Z1:69:04	21	1.00001e+06	0	704743	728834	88824.1
293T_TFF1_DNA_Pool-2_7E:Z2:B0:02	39	1.00001e+06	1.78313e+06	557810	20560.4	166894
293T_TFF1_DNA_Pool-2_7E:Z6:W1:02	39	1.00001e+06	0	1.46093e+06	993876	167507
293T_TFF1_DNA_Pool-2_7D:08:0N:04	35	1.00001e+06	1.58897e+06	1.55316e+06	800934	3.3216e+06
293T_TFF1_DNA_Pool-2_7D:08:24:02	25	1.00001e+06	0	308575	579705	65576.2
293T_TFF1_DNA_Pool-2_7D:08:58:12	26	1.00001e+06	646956	603686	717049	489548
293T_TFF1_DNA_Pool-2_7D:0I:0N:11	22	1.00001e+06	501950	895636	837433	0
293T_TFF1_DNA_Pool-2_7D:0I:20:03	33	1.00001e+06	0	878595	876914	131399
293T_TFF1_DNA_Pool-2_7D:0P:20:03	44	1.00001e+06	0	1.11156e+06	1.06033e+06	2.1591e+06
293T_TFF1_DNA_Pool-2_7D:0Q:H4:02	43	1.00001e+06	900453	1.08652e+06	749869	780236
293T_TFF1_DNA_Pool-2_7D:0T:20:03	49	1.00001e+06	1.90962e+06	629198	898448	193280
293T_TFF1_DNA_Pool-2_7D:0T:Z3:12	22	1.00001e+06	1.40366e+06	1.03339e+06	870372	1.13001e+06
293T_TFF1_DNA_Pool-2_7D:0X:A2:12	638	1.00001e+06	1.29055e+07	2.72963e+06	8.80425e+06	3.15149e+06
293T_TFF1_DNA_Pool-2_7D:0X:A6:07	28	1.00001e+06	202290	473233	13574.4	317526
293T_TFF1_DNA_Pool-2_7D:0X:C8:03	64	1.00001e+06	2.1057e+06	930377	717312	384232
293T_TFF1_DNA_Pool-2_7D:0X:T4:04	56	1.00001e+06	0	998143	828272	792775
293T_TFF1_DNA_Pool-2_7D:0Y:0N:04	813	1.00001e+06	3.14165e+06	3.37418e+06	1.11826e+07	2.27956e+06
293T_TFF1_DNA_Pool-2_7D:0Y:90:02	21	1.00001e+06	1.81383e+06	625921	759854	524038
293T_TFF1_DNA_Pool-2_7D:0Y:Q0:04	22	1.00001e+06	1.86072e+06	1.03557e+06	720890	187909
293T_TFF1_DNA_Pool-2_7D:0Y:T4:04	52	1.00001e+06	285825	686104	34614.2	1.40333e+06
293T_TFF1_DNA_Pool-2_7D:19:76:04	70	1.00001e+06	0	801890	684127	675448
293T_TFF1_DNA_Pool-2_7D:24:Y1:01	46	1.00001e+06	0	719359	802280	477714
293T_TFF1_DNA_Pool-2_7D:27:O6:10	29	1.00001e+06	1.6053e+06	620906	29111.6	512947
293T_TFF1_DNA_Pool-2_7D:40:G4:01	34	1.00001e+06	0	374405	814566	572432
293T_TFF1_DNA_Pool-2_7D:47:0N:04	42	1.00001e+06	2.08111e+06	978631	335528	6.11862e+06
293T_TFF1_DNA_Pool-2_7D:56:T8:05	20	1.00001e+06	1.97365e+06	542896	553542	119445
293T_TFF1_DNA_Pool-2_7D:60:T0:02	66	1.00001e+06	2.42673e+06	1.20412e+06	782052	2.76684e+06
293T_TFF1_DNA_Pool-2_7D:63:A4:02	21	1.00001e+06	238388	492330	706803	0
293T_TFF1_DNA_Pool-2_7D:64:S6:04	27	1.00001e+06	1.55485e+06	574768	770946	356075
293T_TFF1_DNA_Pool-2_7D:67:45:04	27	1.00001e+06	1.53124e+06	749320	754520	694635
293T_TFF1_DNA_Pool-2_7D:72:20:03	32	1.00001e+06	287509	447995	766424	2.4404e+06
293T_TFF1_DNA_Pool-2_7D:72:X7:03	39	1.00001e+06	0	3.40985e+06	3.27062e+06	0
293T_TFF1_DNA_Pool-2_7D:83:K2:03	34	1.00001e+06	2.32745e+06	846394	840829	966646
293T_TFF1_DNA_Pool-2_7D:91:X0:02	21	1.00001e+06	1.81637e+06	919830	921310	1.24119e+06
293T_TFF1_DNA_Pool-2_7D:95:0N:04	64	1.00001e+06	469417	1.22451e+06	819481	607595
293T_TFF1_DNA_Pool-2_7D:95:E1:03	61	1.00001e+06	1.07083e+06	1.19947e+06	780178	71474.3
293T_TFF1_DNA_Pool-2_7D:95:K4:03	41	1.00001e+06	2.01154e+06	1.02895e+06	809933	1.1646e+06
293T_TFF1_DNA_Pool-2_7D:96:34:04	40	1.00001e+06	2.03315e+06	935395	814060	384516
293T_TFF1_DNA_Pool-2_7D:96:G1:02	22	1.00001e+06	1.88944e+06	606985	734675	169117
293T_TFF1_DNA_Pool-2_7D:96:M4:04	22	1.00001e+06	1.80202e+06	488134	580423	263539
293T_TFF1_DNA_Pool-2_7D:99:E2:03	35	1.00001e+06	1.9928e+06	2.20053e+06	833889	1.72493e+06
293T_TFF1_DNA_Pool-2_7D:A4:94:02	28	1.00001e+06	1.82292e+06	763272	651080	381772
293T_TFF1_DNA_Pool-2_7D:A7:S6:12	28	1.00001e+06	1.80154e+06	378829	486952	0
293T_TFF1_DNA_Pool-2_7D:B2:45:12	28	1.00001e+06	286527	416969	796702	0
293T_TFF1_DNA_Pool-2_7D:B2:H4:02	50	1.00001e+06	1.73019e+06	652229	697682	495668
293T_TFF1_DNA_Pool-2_7D:B2:Y6:02	235	1.00001e+06	0	1.61404e+06	1.6987e+06	802305
293T_TFF1_DNA_Pool-2_7D:D6:V7:03	906	1.00001e+06	1.7333e+07	3.84523e+06	1.1877e+07	3.18115e+06
293T_TFF1_DNA_Pool-2_7D:E3:0N:04	61	1.00001e+06	0	1.02702e+06	176386	247884
293T_TFF1_DNA_Pool-2_7D:E3:17:04	21	1.00001e+06	0	346810	203225	239320
293T_TFF1_DNA_Pool-2_7D:E3:C0:12	44	1.00001e+06	1.33287e+06	1.09352e+06	850055	1.19304e+06
293T_TFF1_DNA_Pool-2_7D:E3:U5:08	31	1.00001e+06	1.95609e+06	1.56039e+06	780136	0
293T_TFF1_DNA_Pool-2_7D:E4:0N:04	28	1.00001e+06	471264	992889	733096	664464
293T_TFF1_DNA_Pool-2_7D:F1:E6:06	25	1.00001e+06	0	780250	763810	0
293T_TFF1_DNA_Pool-2_7D:G0:17:12	30	1.00001e+06	0	690519	785948	384048
293T_TFF1_DNA_Pool-2_7D:G0:Y6:04	26	1.00001e+06	749572	690072	777981	339203
293T_TFF1_DNA_Pool-2_7D:G8:T7:12	26	1.00001e+06	1.39311e+06	323011	15769.5	193975
293T_TFF1_DNA_Pool-2_7D:H2:C0:04	27	1.00001e+06	1.12157e+06	773563	689908	383011
293T_TFF1_DNA_Pool-2_7D:I4:R4:12	516	1.00001e+06	7.75637e+06	2.51703e+06	5.88567e+06	1.65336e+06
293T_TFF1_DNA_Pool-2_7D:J1:0N:04	649	1.00001e+06	8.57431e+06	3.08724e+06	7.1799e+06	2.15946e+06
293T_TFF1_DNA_Pool-2_7D:J1:46:02	58	1.00001e+06	450073	884339	960234	945790
293T_TFF1_DNA_Pool-2_7D:J1:54:12	39	1.00001e+06	1.01345e+06	645827	778157	298012
293T_TFF1_DNA_Pool-2_7D:J1:77:04	25	1.00001e+06	0	208957	184914	0
293T_TFF1_DNA_Pool-2_7D:J1:F2:04	65	1.00001e+06	1.64158e+06	682668	775213	470068
293T_TFF1_DNA_Pool-2_7D:J1:I0:04	79	1.00001e+06	1.18536e+06	1.26162e+06	907213	818155
293T_TFF1_DNA_Pool-2_7D:J1:S6:04	92	1.00001e+06	2.35355e+06	982173	813279	325675
293T_TFF1_DNA_Pool-2_7D:J2:T2:04	24	1.00001e+06	0	673285	700536	336764
293T_TFF1_DNA_Pool-2_7D:J9:V0:12	162	1.00001e+06	0	1.43587e+06	1.27575e+06	3.34015e+06
293T_TFF1_DNA_Pool-2_7D:K3:N7:03	22	1.00001e+06	1.59195e+06	561834	516066	166920
293T_TFF1_DNA_Pool-2_7D:K4:0N:02	25	1.00001e+06	175403	315388	27301.3	0
293T_TFF1_DNA_Pool-2_7D:K7:J3:03	28	1.00001e+06	0	678242	584192	488408
293T_TFF1_DNA_Pool-2_7D:K7:Q0:02	69	1.00001e+06	2.17301e+06	860048	796371	1.89999e+06
293T_TFF1_DNA_Pool-2_7D:L5:F3:01	26	1.00001e+06	1.60713e+06	434269	730637	41633.2
293T_TFF1_DNA_Pool-2_7D:L5:F8:09	1874	1.00001e+06	0	4.91632e+06	1.05381e+07	3.5372e+06
293T_TFF1_DNA_Pool-2_7D:M0:41:02	57	1.00001e+06	0	1.12213e+06	839863	812935
293T_TFF1_DNA_Pool-2_7D:M3:H2:04	23	1.00001e+06	0	387735	590962	288187
293T_TFF1_DNA_Pool-2_7D:N5:H3:04	44	1.00001e+06	0	693101	791259	0
293T_TFF1_DNA_Pool-2_7D:N9:0N:04	67	1.00001e+06	0	1.31876e+06	795543	1.30422e+06
293T_TFF1_DNA_Pool-2_7D:O0:T8:02	22	1.00001e+06	198019	481232	526084	249046
293T_TFF1_DNA_Pool-2_7D:O7:0F:01	32	1.00001e+06	1.88888e+06	689559	757247	1.17863e+06
293T_TFF1_DNA_Pool-2_7D:O7:X8:08	20	1.00001e+06	0	866129	18077.3	166979
293T_TFF1_DNA_Pool-2_7D:P1:20:03	28	1.00001e+06	0	1.24152e+06	949930	2.07917e+06
293T_TFF1_DNA_Pool-2_7D:P6:0N:04	25	1.00001e+06	0	760928	776983	782654
293T_TFF1_DNA_Pool-2_7D:Q0:P0:02	25	1.00001e+06	1.73017e+06	845754	708525	3.5547e+06
293T_TFF1_DNA_Pool-2_7D:Q4:Y6:04	86	1.00001e+06	0	669076	849847	225200
293T_TFF1_DNA_Pool-2_7D:Q8:G2:01	23	1.00001e+06	1.59255e+06	306111	560946	0
293T_TFF1_DNA_Pool-2_7D:R1:50:02	35	1.00001e+06	2.38609e+06	930601	820438	983675
293T_TFF1_DNA_Pool-2_7D:R1:A6:01	36	1.00001e+06	500507	692477	682935	148659
293T_TFF1_DNA_Pool-2_7D:R1:X7:04	241	1.00001e+06	0	1.9801e+06	3.57701e+06	866449
293T_TFF1_DNA_Pool-2_7D:R5:C0:11	50	1.00001e+06	1.45631e+06	1.75433e+06	891644	592343
293T_TFF1_DNA_Pool-2_7D:R5:F6:04	25	1.00001e+06	1.61095e+06	556675	254800	267998
293T_TFF1_DNA_Pool-2_7D:S0:J0:03	24	1.00001e+06	0	439749	9218.05	785419
293T_TFF1_DNA_Pool-2_7D:S4:N7:02	80	1.00001e+06	1.07113e+06	1.34513e+06	984693	2.36202e+06
293T_TFF1_DNA_Pool-2_7D:S7:22:12	43	1.00001e+06	2.75044e+06	865125	783685	1.7652e+06
293T_TFF1_DNA_Pool-2_7D:S7:E1:04	61	1.00001e+06	2.34339e+06	625587	802362	167566
293T_TFF1_DNA_Pool-2_7D:S7:N7:04	79	1.00001e+06	1.11711e+06	1.08451e+06	699205	733382
293T_TFF1_DNA_Pool-2_7D:S7:V0:04	69	1.00001e+06	0	838330	661178	455070
293T_TFF1_DNA_Pool-2_7D:S8:0F:01	78	1.00001e+06	1.29663e+06	1.09747e+06	879658	651136
293T_TFF1_DNA_Pool-2_7D:S8:37:04	55	1.00001e+06	1.66245e+06	538720	791377	40596
293T_TFF1_DNA_Pool-2_7D:S8:B7:12	21	1.00001e+06	0	573007	748801	914309
293T_TFF1_DNA_Pool-2_7D:S8:N8:12	41	1.00001e+06	1.90423e+06	1.60264e+06	862638	1.46491e+06
293T_TFF1_DNA_Pool-2_7D:U0:29:04	33	1.00001e+06	1.00919e+06	1.4563e+06	949816	625286
293T_TFF1_DNA_Pool-2_7D:U0:M1:12	60	1.00001e+06	0	1.23102e+06	768840	1.12615e+06
293T_TFF1_DNA_Pool-2_7D:U4:P0:10	35	1.00001e+06	1.2855e+06	609627	708204	2.70594e-24
293T_TFF1_DNA_Pool-2_7D:V9:H3:04	60	1.00001e+06	262731	872942	860677	739908
293T_TFF1_DNA_Pool-2_7D:W3:W2:04	53	1.00001e+06	0	483853	634013	211537
293T_TFF1_DNA_Pool-2_7D:W7:L0:03	27	1.00001e+06	683203	2.0599e+06	630684	1.86799e+06
293T_TFF1_DNA_Pool-2_7D:X1:0N:04	20	NA	1.58452e+06	307740	795855	0
293T_TFF1_DNA_Pool-2_7D:X5:06:02	107	1.00001e+06	1.86188e+06	886538	914181	241142
293T_TFF1_DNA_Pool-2_7D:X5:0N:04	116	1.00001e+06	1.74197e+06	1.75373e+06	1.06402e+06	1.32187e+06
293T_TFF1_DNA_Pool-2_7D:X5:34:04	25	1.00001e+06	0	558174	777884	0
293T_TFF1_DNA_Pool-2_7D:X5:B0:04	29	1.00001e+06	422937	1.6212e+06	794476	2.53929e+06
293T_TFF1_DNA_Pool-2_7D:X5:B7:08	30	1.00001e+06	0	620686	261621	301247
293T_TFF1_DNA_Pool-2_7D:X5:D7:10	36	1.00001e+06	0	1.04249e+06	805542	736222
293T_TFF1_DNA_Pool-2_7D:X5:F3:01	93	1.00001e+06	0	860417	791541	394978
293T_TFF1_DNA_Pool-2_7D:X5:P0:10	279	1.00001e+06	0	1.77081e+06	2.92384e+06	1.66045e+06
293T_TFF1_DNA_Pool-2_7D:X5:Y5:02	99	1.00001e+06	1.01021e+06	1.15234e+06	757614	209294
293T_TFF1_DNA_Pool-2_7D:X6:56:12	41	1.00001e+06	1.71588e+06	690360	859436	456103
293T_TFF1_DNA_Pool-2_7D:X9:M0:01	31	1.00001e+06	397293	558389	788085	294916
293T_TFF1_DNA_Pool-2_7D:Z1:45:03	25	1.00001e+06	0	615893	480636	759467
293T_TFF1_DNA_Pool-2_7D:Z1:D2:12	24	1.00001e+06	1.62872e+06	525773	610958	643519
293T_TFF1_DNA_Pool-2_7D:Z1:Z8:02	44	1.00001e+06	0	661234	639423	766200
293T_TFF1_DNA_Pool-2_7D:Z5:F3:03	22	1.00001e+06	0	257515	221758	100997
293T_TFF1_DNA_Pool-2_7D:Z5:Y1:02	132	1.00001e+06	0	1.49897e+06	966960	1.72812e+06
293T_TFF1_DNA_Pool-2_7C:07:22:01	42	1.00001e+06	0	906019	760757	4.56154e+06
293T_TFF1_DNA_Pool-2_7C:0E:H6:01	37	1.00001e+06	0	507365	635473	347984
293T_TFF1_DNA_Pool-2_7C:0I:E1:01	65	1.00001e+06	0	1.08382e+06	1.07936e+06	1.073e+06
293T_TFF1_DNA_Pool-2_7C:0I:T0:03	20	1.00001e+06	1.71243e+06	485285	938919	0
293T_TFF1_DNA_Pool-2_7C:0M:G9:01	35	1.00001e+06	624054	516726	233095	412501
293T_TFF1_DNA_Pool-2_7C:0P:76:01	35	1.00001e+06	0	1.19103e+06	743686	1.55629e+06
293T_TFF1_DNA_Pool-2_7C:0T:H7:01	20	1.00001e+06	2.18825e+06	752964	654770	589325
293T_TFF1_DNA_Pool-2_7C:0X:G0:01	142	1.00001e+06	2.8774e+06	2.04699e+06	1.87047e+06	1.255e+06
293T_TFF1_DNA_Pool-2_7C:0X:N7:01	80	1.00001e+06	3.39307e+06	974466	1.01657e+06	3.63384e+06
293T_TFF1_DNA_Pool-2_7C:0X:N7:09	74	1.00001e+06	1.48903e+06	1.15693e+06	754309	688162
293T_TFF1_DNA_Pool-2_7C:0X:T4:01	163	1.00001e+06	1.02507e+06	1.66463e+06	1.20877e+06	2.09953e+06
293T_TFF1_DNA_Pool-2_7C:0Y:0R:01	248	1.00001e+06	1.58299e+06	2.32431e+06	2.07491e+06	4.10558e+06
293T_TFF1_DNA_Pool-2_7C:0Y:G4:09	89	1.00001e+06	771079	867196	775227	453969
293T_TFF1_DNA_Pool-2_7C:0Y:T2:05	112	1.00001e+06	1.80653e+06	1.06568e+06	783227	437230
293T_TFF1_DNA_Pool-2_7C:0Y:T4:01	74	1.00001e+06	1.09445e+06	1.14583e+06	896237	794411
293T_TFF1_DNA_Pool-2_7C:0Y:V0:09	30	1.00001e+06	676079	2.49053e+06	825456	199523
293T_TFF1_DNA_Pool-2_7C:11:F3:10	29	1.00001e+06	0	1.02758e+06	15499.4	306358
293T_TFF1_DNA_Pool-2_7C:12:K5:01	1989	1.00001e+06	8.161e+06	4.61976e+06	8.26377e+06	3.67436e+06
293T_TFF1_DNA_Pool-2_7C:19:Y5:01	27	1.00001e+06	1.87817e+06	684183	550726	596638
293T_TFF1_DNA_Pool-2_7C:24:C0:01	24	1.00001e+06	319280	656310	883674	108100
293T_TFF1_DNA_Pool-2_7C:47:0A:04	28	1.00001e+06	1.90633e+06	776412	751746	433090
293T_TFF1_DNA_Pool-2_7C:47:E2:01	150	1.00001e+06	0	1.19633e+06	802741	1.40427e+06
293T_TFF1_DNA_Pool-2_7C:47:F3:09	87	1.00001e+06	0	1.09286e+06	938262	743827
293T_TFF1_DNA_Pool-2_7C:47:L4:09	44	1.00001e+06	216425	418923	232334	271439
293T_TFF1_DNA_Pool-2_7C:55:F3:01	51	1.00001e+06	2.83696e+06	2.15904e+06	814220	3.03124e+06
293T_TFF1_DNA_Pool-2_7C:60:T4:01	22	1.00001e+06	1.90057e+06	863724	810032	312738
293T_TFF1_DNA_Pool-2_7C:63:X4:07	64	1.00001e+06	0	1.32117e+06	689678	645810
293T_TFF1_DNA_Pool-2_7C:64:C0:01	31	1.00001e+06	1.81485e+06	1.17008e+06	803962	0
293T_TFF1_DNA_Pool-2_7C:71:M8:01	27	1.00001e+06	2.26673e+06	918694	809926	409308
293T_TFF1_DNA_Pool-2_7C:72:A0:01	22	1.00001e+06	2.02725e+06	1.13654e+06	714186	292199
293T_TFF1_DNA_Pool-2_7C:80:18:01	26	1.00001e+06	1.81557e+06	518313	758772	926939
293T_TFF1_DNA_Pool-2_7C:80:Q4:01	30	1.00001e+06	1.12616e+06	572041	692391	0
293T_TFF1_DNA_Pool-2_7C:87:M8:01	47	1.00001e+06	0	678219	748675	2.56926e+06
293T_TFF1_DNA_Pool-2_7C:91:Q4:01	48	1.00001e+06	0	1.03618e+06	809109	1.13723e+06
293T_TFF1_DNA_Pool-2_7C:95:E1:03	76	1.00001e+06	0	980781	800085	378868
293T_TFF1_DNA_Pool-2_7C:95:O1:01	81	1.00001e+06	567408	1.11687e+06	799791	1.78386e+06
293T_TFF1_DNA_Pool-2_7C:95:X8:01	1757	1.00001e+06	2.03445e+07	4.5075e+06	1.12921e+07	2.72405e+06
293T_TFF1_DNA_Pool-2_7C:96:C8:01	26	1.00001e+06	2.18317e+06	1.5184e+06	1.48204e+06	2.60607e+06
293T_TFF1_DNA_Pool-2_7C:A4:08:01	33	1.00001e+06	1.63161e+06	450607	710103	2.88595e+06
293T_TFF1_DNA_Pool-2_7C:A4:E6:01	20	1.00001e+06	121049	307287	586904	0
293T_TFF1_DNA_Pool-2_7C:A4:M8:01	100	1.00001e+06	2.68544e+06	1.43411e+06	847310	1.91476e+06
293T_TFF1_DNA_Pool-2_7C:A7:46:08	90	1.00001e+06	1.05841e+06	1.14429e+06	804806	447540
293T_TFF1_DNA_Pool-2_7C:A7:M0:11	30	1.00001e+06	0	1.33165e+06	836107	1.18154e+06
293T_TFF1_DNA_Pool-2_7C:B5:P4:01	29	1.00001e+06	1.60785e+06	931730	722435	1.13019e+06
293T_TFF1_DNA_Pool-2_7C:D5:G4:09	26	1.00001e+06	1.70972e+06	843784	833655	442941
293T_TFF1_DNA_Pool-2_7C:E3:0A:04	22	1.00001e+06	0	844299	791516	5.0554e+06
293T_TFF1_DNA_Pool-2_7C:E3:C9:01	24	1.00001e+06	0	768577	731527	504712
293T_TFF1_DNA_Pool-2_7C:E3:D4:01	1088	1.00001e+06	9.9748e+06	4.80058e+06	1.3971e+07	3.77894e+06
293T_TFF1_DNA_Pool-2_7C:F1:54:01	53	1.00001e+06	2.14106e+06	782441	734778	512762
293T_TFF1_DNA_Pool-2_7C:F2:54:01	30	1.00001e+06	2.09497e+06	780736	763948	0
293T_TFF1_DNA_Pool-2_7C:F7:O6:01	36	1.00001e+06	0	930955	746565	1.07819e+06
293T_TFF1_DNA_Pool-2_7C:G3:0O:01	36	1.00001e+06	399005	396236	788546	143102
293T_TFF1_DNA_Pool-2_7C:G4:X7:01	52	1.00001e+06	1.16044e+06	869601	851516	870970
293T_TFF1_DNA_Pool-2_7C:H1:Y5:01	47	1.00001e+06	185657	585709	14009.7	370007
293T_TFF1_DNA_Pool-2_7C:J1:45:01	221	1.00001e+06	5.26955e+06	1.72278e+06	1.43717e+06	2.5517e+06
293T_TFF1_DNA_Pool-2_7C:J1:F3:09	128	1.00001e+06	2.64193e+06	1.71726e+06	1.53725e+06	1.07572e+06
293T_TFF1_DNA_Pool-2_7C:J2:76:01	91	1.00001e+06	0	1.48253e+06	1.09691e+06	1.35163e+06
293T_TFF1_DNA_Pool-2_7C:J9:K2:01	20	1.00001e+06	113794	245849	832812	0
293T_TFF1_DNA_Pool-2_7C:L2:T8:01	28	1.00001e+06	0	1.06932e+06	261878	0
293T_TFF1_DNA_Pool-2_7C:L5:N8:01	27	1.00001e+06	1.81204e+06	644904	627681	0
293T_TFF1_DNA_Pool-2_7C:L9:54:01	24	1.00001e+06	2.03184e+06	789858	831328	1.31442e+06
293T_TFF1_DNA_Pool-2_7C:M3:84:01	21	1.00001e+06	1.71964e+06	437710	677423	119830
293T_TFF1_DNA_Pool-2_7C:M4:T4:01	38	1.00001e+06	1.63776e+06	845361	754427	2.01464e+06
293T_TFF1_DNA_Pool-2_7C:M8:Y6:01	51	1.00001e+06	753168	855071	1.11206e+06	536468
293T_TFF1_DNA_Pool-2_7C:N9:0A:04	30	1.00001e+06	246181	1.11269e+06	720676	2.73486e+06
293T_TFF1_DNA_Pool-2_7C:N9:56:09	42	1.00001e+06	1.59619e+06	540406	876626	162020
293T_TFF1_DNA_Pool-2_7C:N9:E2:01	1123	1.00001e+06	3.1026e+06	3.08501e+06	1.13374e+07	2.76618e+06
293T_TFF1_DNA_Pool-2_7C:O3:49:01	50	1.00001e+06	0	780196	805954	222634
293T_TFF1_DNA_Pool-2_7C:O7:54:01	46	1.00001e+06	1.81317e+06	713100	919094	148947
293T_TFF1_DNA_Pool-2_7C:O7:K1:01	35	1.00001e+06	0	620718	762782	602210
293T_TFF1_DNA_Pool-2_7C:Q4:G1:09	29	1.00001e+06	2.30631e+06	957080	18675.8	243932
293T_TFF1_DNA_Pool-2_7C:R1:0A:04	21	1.00001e+06	0	417942	778238	181758
293T_TFF1_DNA_Pool-2_7C:R5:E2:01	45	1.00001e+06	0	688792	741157	399353
293T_TFF1_DNA_Pool-2_7C:R6:32:09	26	1.00001e+06	0	424886	805907	256072
293T_TFF1_DNA_Pool-2_7C:R6:F8:09	48	1.00001e+06	685377	629092	675142	351391
293T_TFF1_DNA_Pool-2_7C:R6:Z8:01	104	1.00001e+06	870086	872396	707459	380898
293T_TFF1_DNA_Pool-2_7C:S7:94:01	77	1.00001e+06	0	720189	987133	452805
293T_TFF1_DNA_Pool-2_7C:S7:H2:01	107	1.00001e+06	0	1.40506e+06	846310	1.33958e+06
293T_TFF1_DNA_Pool-2_7C:U3:E6:07	23	1.00001e+06	2.27289e+06	1.16017e+06	815016	1.57228e+06
293T_TFF1_DNA_Pool-2_7C:V2:06:07	22	1.00001e+06	0	604766	775012	73621.4
293T_TFF1_DNA_Pool-2_7C:V9:N8:01	35	1.00001e+06	0	1.08712e+06	827521	622565
293T_TFF1_DNA_Pool-2_7C:X5:76:01	123	1.00001e+06	0	1.55002e+06	1.33035e+06	1.23682e+06
293T_TFF1_DNA_Pool-2_7C:X5:81:01	80	1.00001e+06	3.25495e+06	1.08821e+06	1.05229e+06	903682
293T_TFF1_DNA_Pool-2_7C:X5:C0:01	149	1.00001e+06	1.76063e+06	1.28398e+06	844437	713612
293T_TFF1_DNA_Pool-2_7C:X5:I9:09	39	1.00001e+06	2.1104e+06	919801	770369	607185
293T_TFF1_DNA_Pool-2_7C:X5:J4:01	47	1.00001e+06	2.0864e+06	983955	866702	844819
293T_TFF1_DNA_Pool-2_7C:X5:O1:01	181	1.00001e+06	1.13755e+06	1.92545e+06	2.12772e+06	509640
293T_TFF1_DNA_Pool-2_7C:X5:T0:06	42	1.00001e+06	1.97663e+06	652644	819388	0
293T_TFF1_DNA_Pool-2_7C:X6:46:11	34	1.00001e+06	1.59134e+06	530195	784716	219777
293T_TFF1_DNA_Pool-2_7C:X6:M8:01	58	1.00001e+06	2.02498e+06	1.0027e+06	58313.3	2.40596e+06
293T_TFF1_DNA_Pool-2_7C:X6:N8:01	37	1.00001e+06	0	502916	696957	418899
293T_TFF1_DNA_Pool-2_7C:X6:T0:01	48	1.00001e+06	0	351107	13834	968307
293T_TFF1_DNA_Pool-2_7C:X9:J0:01	34	1.00001e+06	639418	575594	766487	979170
293T_TFF1_DNA_Pool-2_7C:Y3:E2:08	20	1.00001e+06	0	467713	585221	55642.5
293T_TFF1_DNA_Pool-2_7C:Y7:E2:01	31	1.00001e+06	1.34529e+06	528515	25045.8	50006.5
293T_TFF1_DNA_Pool-2_7C:Y7:G8:08	81	1.00001e+06	2.37148e+06	959944	767402	354913
293T_TFF1_DNA_Pool-2_7B:0I:20:03	21	1.00001e+06	1.55482e+06	270366	668208	357044
293T_TFF1_DNA_Pool-2_7B:0X:20:06	35	1.00001e+06	2.32444e+06	938704	729087	730742
293T_TFF1_DNA_Pool-2_7B:0X:61:01	103	1.00001e+06	0	1.24438e+06	921120	674208
293T_TFF1_DNA_Pool-2_7B:0X:69:08	32	1.00001e+06	0	680690	790910	458232
293T_TFF1_DNA_Pool-2_7B:0X:B3:11	21	1.00001e+06	1.56647e+06	541836	799000	667073
293T_TFF1_DNA_Pool-2_7B:0X:K0:06	24	1.00001e+06	0	792118	653445	0
293T_TFF1_DNA_Pool-2_7B:0Y:41:06	68	1.00001e+06	1.76735e+06	1.31419e+06	867126	1.10129e+06
293T_TFF1_DNA_Pool-2_7B:12:0O:02	25	1.00001e+06	0	1.01523e+06	745029	1.56155e+06
293T_TFF1_DNA_Pool-2_7B:12:0O:09	26	1.00001e+06	1.62327e+06	517239	551419	1.03387e+06
293T_TFF1_DNA_Pool-2_7B:15:T0:03	22	1.00001e+06	1.43908e+06	1.00641e+06	742169	0
293T_TFF1_DNA_Pool-2_7B:20:F8:12	32	1.00001e+06	1.69953e+06	1.00632e+06	1.81646e+06	461116
293T_TFF1_DNA_Pool-2_7B:24:J0:10	22	1.00001e+06	0	474524	2.09871e+06	3.04985e+06
293T_TFF1_DNA_Pool-2_7B:32:N0:05	25	1.00001e+06	804554	820086	938631	557790
293T_TFF1_DNA_Pool-2_7B:36:T0:06	21	NA	1.35881e+06	60001.1	7367.36	0
293T_TFF1_DNA_Pool-2_7B:39:T0:06	37	1.00001e+06	434536	516571	229038	0
293T_TFF1_DNA_Pool-2_7B:43:0V:06	39	1.00001e+06	2.08205e+06	1.05167e+06	741821	494746
293T_TFF1_DNA_Pool-2_7B:43:Y6:02	31	1.00001e+06	1.36151e+06	507818	634536	0
293T_TFF1_DNA_Pool-2_7B:47:56:06	37	1.00001e+06	197273	676223	816590	624895
293T_TFF1_DNA_Pool-2_7B:47:O9:03	38	1.00001e+06	0	849156	203772	1.08217e+06
293T_TFF1_DNA_Pool-2_7B:55:S1:07	20	1.00001e+06	1.56631e+06	370985	578812	589868
293T_TFF1_DNA_Pool-2_7B:64:0V:05	37	1.00001e+06	1.87655e+06	619567	778658	0
293T_TFF1_DNA_Pool-2_7B:92:98:02	21	1.00001e+06	1.06297e+06	541832	699903	610318
293T_TFF1_DNA_Pool-2_7B:95:02:02	32	1.00001e+06	2.76823e+06	809551	219711	294740
293T_TFF1_DNA_Pool-2_7B:95:E1:03	84	1.00001e+06	669511	1.98178e+06	846571	3.16454e+06
293T_TFF1_DNA_Pool-2_7B:95:L0:07	20	1.00001e+06	1.38147e+06	479255	615241	0
293T_TFF1_DNA_Pool-2_7B:C4:G8:02	77	1.00001e+06	2.67576e+06	1.25395e+06	858813	2.00384e+06
293T_TFF1_DNA_Pool-2_7B:E3:09:06	25	1.00001e+06	1.84043e+06	808344	845656	1.15176e+06
293T_TFF1_DNA_Pool-2_7B:E3:D4:01	26	1.00001e+06	2.14142e+06	1.02683e+06	737781	3.18046e+06
293T_TFF1_DNA_Pool-2_7B:E3:U5:08	21	1.00001e+06	1.56585e+06	547817	540142	94940.9
293T_TFF1_DNA_Pool-2_7B:E3:Y2:02	128	1.00001e+06	0	2.21616e+06	2.04729e+06	1.97995e+06
293T_TFF1_DNA_Pool-2_7B:H6:0V:06	21	1.00001e+06	1.62007e+06	324699	494136	1.02394e+06
293T_TFF1_DNA_Pool-2_7B:H6:X7:03	66	1.00001e+06	1.0841e+06	1.40223e+06	741499	1.72174e+06
293T_TFF1_DNA_Pool-2_7B:J1:20:06	27	1.00001e+06	0	405038	18276.4	68290.8
293T_TFF1_DNA_Pool-2_7B:K7:14:02	80	1.00001e+06	435220	1.09551e+06	1.01652e+06	427411
293T_TFF1_DNA_Pool-2_7B:L6:Q5:03	20	1.00001e+06	0	579555	782295	46086.3
293T_TFF1_DNA_Pool-2_7B:M4:0K:02	39	1.00001e+06	1.93503e+06	753399	744616	792314
293T_TFF1_DNA_Pool-2_7B:M8:54:06	38	1.00001e+06	0	1.39756e+06	828555	2.05053e+06
293T_TFF1_DNA_Pool-2_7B:N9:0V:05	42	1.00001e+06	2.03543e+06	620168	649981	0
293T_TFF1_DNA_Pool-2_7B:N9:L8:02	51	1.00001e+06	356773	747121	806816	746828
293T_TFF1_DNA_Pool-2_7B:O7:0N:11	32	1.00001e+06	1.6268e+06	444833	803517	358765
293T_TFF1_DNA_Pool-2_7B:P6:G8:01	35	1.00001e+06	197319	436864	787995	267134
293T_TFF1_DNA_Pool-2_7B:S7:0V:05	29	1.00001e+06	1.97744e+06	650236	27387.7	1.85446e+06
293T_TFF1_DNA_Pool-2_7B:S7:B0:06	27	1.00001e+06	0	483823	859789	715839
293T_TFF1_DNA_Pool-2_7B:S7:U5:08	29	1.00001e+06	769522	1.19998e+06	853157	592373
293T_TFF1_DNA_Pool-2_7B:S8:72:04	56	1.00001e+06	218834	1.18658e+06	746715	2.84429e+06
293T_TFF1_DNA_Pool-2_7B:S8:K1:01	48	1.00001e+06	522164	1.31484e+06	967233	1.33196e+06
293T_TFF1_DNA_Pool-2_7B:U3:T0:06	27	1.00001e+06	215629	1.03261e+06	472021	2.45877e+06
293T_TFF1_DNA_Pool-2_7B:U4:P0:10	20	NA	1.35143e+06	112403	774252	0
293T_TFF1_DNA_Pool-2_7B:V9:17:09	20	1.00001e+06	2.0536e+06	562594	784425	348572
293T_TFF1_DNA_Pool-2_7B:W8:X3:07	30	1.00001e+06	670758	606903	15074.2	1.27104e+06
293T_TFF1_DNA_Pool-2_7B:X5:0R:04	86	1.00001e+06	1.04963e+06	1.16491e+06	1.25921e+06	1.25698e+06
293T_TFF1_DNA_Pool-2_7B:X5:0V:05	71	1.00001e+06	0	968494	906031	1.32407e+06
293T_TFF1_DNA_Pool-2_7B:X5:M8:12	35	1.00001e+06	683991	1.04302e+06	781405	3.33281e+06
293T_TFF1_DNA_Pool-2_7B:X5:O9:03	69	1.00001e+06	715927	1.05952e+06	975002	1.30021e+06
293T_TFF1_DNA_Pool-2_7B:Y0:X7:06	36	1.00001e+06	1.73638e+06	616775	795369	864765
293T_TFF1_DNA_Pool-2_7A:03:B6:10	98	1.00001e+06	0	925679	761426	798578
293T_TFF1_DNA_Pool-2_7A:03:M4:10	1426	1.00001e+06	1.13111e+07	4.46679e+06	1.34063e+07	3.40111e+06
293T_TFF1_DNA_Pool-2_7A:08:G8:01	36	1.00001e+06	0	1.29222e+06	799146	1.79384e+06
293T_TFF1_DNA_Pool-2_7A:0H:61:03	26	1.00001e+06	1.55156e+06	2.16641e+06	4.21333e+06	326679
293T_TFF1_DNA_Pool-2_7A:0H:I9:11	778	1.00001e+06	8.02141e+06	2.71367e+06	9.39446e+06	3.41279e+06
293T_TFF1_DNA_Pool-2_7A:0I:0R:01	29	1.00001e+06	2.1455e+06	798824	699616	792762
293T_TFF1_DNA_Pool-2_7A:0I:B6:01	82	1.00001e+06	0	1.60099e+06	781716	1.55679e+06
293T_TFF1_DNA_Pool-2_7A:0L:F3:10	35	1.00001e+06	0	2.00829e+06	712525	568673
293T_TFF1_DNA_Pool-2_7A:0P:X3:03	29	1.00001e+06	1.63749e+06	924280	688397	588800
293T_TFF1_DNA_Pool-2_7A:0Q:K5:01	21	1.00001e+06	0	641248	907247	1.03747e+06
293T_TFF1_DNA_Pool-2_7A:0T:E2:01	43	1.00001e+06	0	762645	733548	3.77557e+06
293T_TFF1_DNA_Pool-2_7A:0T:E6:01	32	1.00001e+06	1.77715e+06	512698	798567	637530
293T_TFF1_DNA_Pool-2_7A:0T:F3:10	43	1.00001e+06	0	1.11081e+06	724268	953209
293T_TFF1_DNA_Pool-2_7A:0T:F3:11	47	1.00001e+06	0	859709	822893	463968
293T_TFF1_DNA_Pool-2_7A:0T:M8:10	31	1.00001e+06	0	1.309e+06	648670	1.01407e+06
293T_TFF1_DNA_Pool-2_7A:0X:02:10	68	1.00001e+06	516013	1.04746e+06	1.03143e+06	150362
293T_TFF1_DNA_Pool-2_7A:0X:0A:10	61	1.00001e+06	0	1.09527e+06	918712	491207
293T_TFF1_DNA_Pool-2_7A:0X:17:05	45	1.00001e+06	116519	779001	775463	169328
293T_TFF1_DNA_Pool-2_7A:0X:66:11	31	1.00001e+06	0	686795	471319	507628
293T_TFF1_DNA_Pool-2_7A:0X:90:01	81	1.00001e+06	1.11631e+06	979498	758977	580896
293T_TFF1_DNA_Pool-2_7A:0X:C0:01	109	1.00001e+06	0	1.67619e+06	957230	944136
293T_TFF1_DNA_Pool-2_7A:0X:C0:03	128	1.00001e+06	0	1.56727e+06	1.46313e+06	2.50269e+06
293T_TFF1_DNA_Pool-2_7A:0X:G0:06	56	1.00001e+06	0	978321	710763	370436
293T_TFF1_DNA_Pool-2_7A:0X:G2:10	59	1.00001e+06	0	1.19288e+06	741868	5.33408e+06
293T_TFF1_DNA_Pool-2_7A:0X:H6:01	197	1.00001e+06	1.93638e+06	1.45941e+06	1.39651e+06	1.236e+06
293T_TFF1_DNA_Pool-2_7A:0X:K1:01	186	1.00001e+06	2.93479e+06	1.49311e+06	1.74145e+06	1.30157e+06
293T_TFF1_DNA_Pool-2_7A:0X:K2:03	37	1.00001e+06	0	844553	720303	292035
293T_TFF1_DNA_Pool-2_7A:0X:O2:10	56	1.00001e+06	1.86464e+06	1.11389e+06	831516	1.62976e+06
293T_TFF1_DNA_Pool-2_7A:0X:R2:01	27	1.00001e+06	0	476943	649676	0
293T_TFF1_DNA_Pool-2_7A:0X:R3:01	52	1.00001e+06	1.68056e+06	611858	709944	719985
293T_TFF1_DNA_Pool-2_7A:0X:T0:03	89	1.00001e+06	1.18391e+06	1.01332e+06	721000	904052
293T_TFF1_DNA_Pool-2_7A:0X:T4:03	142	1.00001e+06	0	1.64892e+06	1.00531e+06	1.48322e+06
293T_TFF1_DNA_Pool-2_7A:0X:Y1:10	84	1.00001e+06	1.06485e+06	902608	938752	587469
293T_TFF1_DNA_Pool-2_7A:0X:Y6:04	64	1.00001e+06	763511	1.32259e+06	791886	2.059e+06
293T_TFF1_DNA_Pool-2_7A:0Y:0N:11	37	1.00001e+06	1.97757e+06	765911	590005	621551
293T_TFF1_DNA_Pool-2_7A:0Y:17:05	35	1.00001e+06	1.69497e+06	488690	13803.7	387275
293T_TFF1_DNA_Pool-2_7A:0Y:20:03	45	1.00001e+06	310196	950508	845117	796955
293T_TFF1_DNA_Pool-2_7A:0Y:54:01	103	1.00001e+06	807045	1.23761e+06	731510	2.56729e+06
293T_TFF1_DNA_Pool-2_7A:0Y:B3:02	29	1.00001e+06	0	1.32968e+06	1.03128e+06	1.18803e+06
293T_TFF1_DNA_Pool-2_7A:0Y:I2:03	39	1.00001e+06	0	956423	780657	692915
293T_TFF1_DNA_Pool-2_7A:0Y:Q1:01	32	1.00001e+06	207697	608671	765224	0
293T_TFF1_DNA_Pool-2_7A:15:M0:01	92	1.00001e+06	1.1274e+06	1.01972e+06	858389	503852
293T_TFF1_DNA_Pool-2_7A:16:J0:01	61	1.00001e+06	769310	987292	834850	476467
293T_TFF1_DNA_Pool-2_7A:19:T0:01	67	1.00001e+06	0	1.58229e+06	965354	1.8877e+06
293T_TFF1_DNA_Pool-2_7A:24:J0:10	1324	1.00001e+06	2.06434e+07	4.69812e+06	1.269e+07	3.5357e+06
293T_TFF1_DNA_Pool-2_7A:27:P0:01	29	1.00001e+06	1.72824e+06	843644	471549	917570
293T_TFF1_DNA_Pool-2_7A:27:S9:03	28	1.00001e+06	2.10737e+06	742148	775671	476428
293T_TFF1_DNA_Pool-2_7A:35:H0:01	22	1.00001e+06	683351	357596	835465	349221
293T_TFF1_DNA_Pool-2_7A:39:0F:01	36	1.00001e+06	0	645267	769582	305159
293T_TFF1_DNA_Pool-2_7A:43:H6:11	54	1.00001e+06	1.34709e+06	1.09041e+06	712213	889470
293T_TFF1_DNA_Pool-2_7A:47:B3:02	23	1.00001e+06	1.90107e+06	780244	727513	0
293T_TFF1_DNA_Pool-2_7A:47:E2:01	310	1.00001e+06	4.06805e+06	1.78593e+06	1.48842e+06	732763
293T_TFF1_DNA_Pool-2_7A:47:H7:04	44	1.00001e+06	2.34229e+06	859571	776884	849987
293T_TFF1_DNA_Pool-2_7A:47:P0:01	86	1.00001e+06	0	1.2955e+06	1.47068e+06	2.79363e+06
293T_TFF1_DNA_Pool-2_7A:47:T2:10	44	1.00001e+06	655589	953624	719879	1.78998e+06
293T_TFF1_DNA_Pool-2_7A:47:X7:02	177	1.00001e+06	2.06686e+06	2.03074e+06	1.65117e+06	1.12006e+06
293T_TFF1_DNA_Pool-2_7A:47:Y6:10	59	1.00001e+06	1.10946e+06	1.04323e+06	857651	938158
293T_TFF1_DNA_Pool-2_7A:55:81:03	47	1.00001e+06	117517	605142	853418	210014
293T_TFF1_DNA_Pool-2_7A:55:P3:01	39	1.00001e+06	2.80676e+06	1.82035e+06	4.67077e+06	580551
293T_TFF1_DNA_Pool-2_7A:55:X8:09	37	1.00001e+06	870202	807637	700082	1.27389e+06
293T_TFF1_DNA_Pool-2_7A:56:Q8:03	70	1.00001e+06	1.32761e+06	1.27536e+06	1.00545e+06	1.87887e+06
293T_TFF1_DNA_Pool-2_7A:59:G0:03	189	1.00001e+06	0	1.24052e+06	845018	1.68495e+06
293T_TFF1_DNA_Pool-2_7A:60:K0:02	50	1.00001e+06	1.53809e+06	2.34888e+06	2.07093e+06	627629
293T_TFF1_DNA_Pool-2_7A:64:G8:01	53	1.00001e+06	0	919075	928004	1.5995e+06
293T_TFF1_DNA_Pool-2_7A:64:J4:10	50	1.00001e+06	401745	777772	757048	1.26278e+06
293T_TFF1_DNA_Pool-2_7A:64:N8:01	158	1.00001e+06	389439	1.53236e+06	1.00563e+06	3.53714e+06
293T_TFF1_DNA_Pool-2_7A:64:N8:10	129	1.00001e+06	741428	1.38412e+06	1.76956e+06	633346
293T_TFF1_DNA_Pool-2_7A:67:E2:10	24	1.00001e+06	175965	336662	9526.33	272578
293T_TFF1_DNA_Pool-2_7A:67:P0:10	23	1.00001e+06	1.73947e+06	724502	745304	787282
293T_TFF1_DNA_Pool-2_7A:68:M8:10	39	1.00001e+06	2.08114e+06	1.08728e+06	751260	841901
293T_TFF1_DNA_Pool-2_7A:72:G9:11	49	1.00001e+06	808564	866565	769616	1.43893e+06
293T_TFF1_DNA_Pool-2_7A:83:Y1:01	44	1.00001e+06	1.90846e+06	766041	807013	652760
293T_TFF1_DNA_Pool-2_7A:91:72:01	37	1.00001e+06	2.18567e+06	713734	606126	0
293T_TFF1_DNA_Pool-2_7A:95:34:01	26	1.00001e+06	0	599151	761217	2.86363e+06
293T_TFF1_DNA_Pool-2_7A:95:D0:10	23	1.00001e+06	626377	535128	17153.6	202137
293T_TFF1_DNA_Pool-2_7A:95:E1:03	528	1.00001e+06	0	3.92307e+06	6.05698e+06	2.50263e+06
293T_TFF1_DNA_Pool-2_7A:95:E1:06	76	1.00001e+06	0	1.50547e+06	1.40045e+06	1.99482e+06
293T_TFF1_DNA_Pool-2_7A:95:E1:10	52	1.00001e+06	0	1.49433e+06	544240	1.60895e+06
293T_TFF1_DNA_Pool-2_7A:95:G0:06	40	1.00001e+06	445904	550454	787957	391157
293T_TFF1_DNA_Pool-2_7A:95:N7:11	59	1.00001e+06	1.95157e+06	962621	894596	1.33333e+06
293T_TFF1_DNA_Pool-2_7A:95:N8:10	179	1.00001e+06	0	1.66681e+06	1.16641e+06	1.39221e+06
293T_TFF1_DNA_Pool-2_7A:95:U1:03	357	1.00001e+06	0	1.88022e+06	2.72993e+06	1.16933e+06
293T_TFF1_DNA_Pool-2_7A:95:U6:07	84	1.00001e+06	1.20122e+06	1.33707e+06	845991	531950
293T_TFF1_DNA_Pool-2_7A:96:78:01	66	1.00001e+06	1.28814e+06	1.20357e+06	881103	2.11558e+06
293T_TFF1_DNA_Pool-2_7A:A4:68:07	417	1.00001e+06	0	2.15354e+06	5.39735e+06	1.33014e+06
293T_TFF1_DNA_Pool-2_7A:A7:E8:10	220	1.00001e+06	1.49697e+06	1.48976e+06	1.1861e+06	697095
293T_TFF1_DNA_Pool-2_7A:A7:U5:08	36	1.00001e+06	1.93483e+06	1.11789e+06	21856.8	0
293T_TFF1_DNA_Pool-2_7A:B1:P8:11	88	1.00001e+06	1.71123e+06	744035	698138	513777
293T_TFF1_DNA_Pool-2_7A:B2:H6:01	48	1.00001e+06	1.25509e+06	727393	713908	203846
293T_TFF1_DNA_Pool-2_7A:B5:45:03	27	1.00001e+06	203426	1.07276e+06	718247	1.62319e+06
293T_TFF1_DNA_Pool-2_7A:B5:D0:10	83	1.00001e+06	1.4344e+06	1.34768e+06	753877	1.58479e+06
293T_TFF1_DNA_Pool-2_7A:B5:F2:10	108	1.00001e+06	1.00042e+06	1.73443e+06	1.14543e+06	2.57967e+06
293T_TFF1_DNA_Pool-2_7A:B5:M0:11	51	1.00001e+06	0	764277	698926	677084
293T_TFF1_DNA_Pool-2_7A:C3:P0:01	35	1.00001e+06	0	539852	759262	757399
293T_TFF1_DNA_Pool-2_7A:C4:Y6:01	172	1.00001e+06	2.02469e+06	1.23761e+06	1.12997e+06	4.14757e+06
293T_TFF1_DNA_Pool-2_7A:C7:M8:04	52	1.00001e+06	0	764987	749927	383898
293T_TFF1_DNA_Pool-2_7A:C7:R4:10	22	1.00001e+06	1.60158e+06	524222	230574	352869
293T_TFF1_DNA_Pool-2_7A:C8:X8:10	33	1.00001e+06	1.77028e+06	490496	557512	386244
293T_TFF1_DNA_Pool-2_7A:D9:P0:01	35	1.00001e+06	0	1.17971e+06	773480	1.63645e+06
293T_TFF1_DNA_Pool-2_7A:E0:25:02	28	1.00001e+06	1.35478e+06	584150	858057	195607
293T_TFF1_DNA_Pool-2_7A:E3:B3:02	20	1.00001e+06	1.28043e+06	823791	868107	221825
293T_TFF1_DNA_Pool-2_7A:E3:I0:10	52	1.00001e+06	1.34013e+06	1.56666e+06	1.13818e+06	207829
293T_TFF1_DNA_Pool-2_7A:E3:L6:12	23	1.00001e+06	2.29424e+06	1.00341e+06	696800	280555
293T_TFF1_DNA_Pool-2_7A:E3:M4:01	99	1.00001e+06	545176	829013	786134	659092
293T_TFF1_DNA_Pool-2_7A:E3:N8:03	112	1.00001e+06	0	1.40051e+06	1.09441e+06	1.46337e+06
293T_TFF1_DNA_Pool-2_7A:E3:U5:03	65	1.00001e+06	1.80894e+06	1.06151e+06	843936	1.03966e+06
293T_TFF1_DNA_Pool-2_7A:E3:U5:08	106	1.00001e+06	0	1.14345e+06	803630	762065
293T_TFF1_DNA_Pool-2_7A:E3:W2:01	74	1.00001e+06	1.05298e+06	1.22235e+06	1.07348e+06	979488
293T_TFF1_DNA_Pool-2_7A:E4:54:10	36	1.00001e+06	0	534323	680768	665180
293T_TFF1_DNA_Pool-2_7A:E4:76:10	23	1.00001e+06	1.70479e+06	396807	674351	3.15254e-25
293T_TFF1_DNA_Pool-2_7A:E7:X8:10	135	1.00001e+06	534191	1.72671e+06	1.14642e+06	3.32179e+06
293T_TFF1_DNA_Pool-2_7A:F1:0R:01	35	1.00001e+06	1.4312e+06	712041	677385	0
293T_TFF1_DNA_Pool-2_7A:F1:K5:03	57	1.00001e+06	0	1.01158e+06	713416	821112
293T_TFF1_DNA_Pool-2_7A:F1:M8:04	65	1.00001e+06	3.36021e+06	857576	709729	609912
293T_TFF1_DNA_Pool-2_7A:F1:O9:10	31	1.00001e+06	298069	974884	832017	1.69784e+06
293T_TFF1_DNA_Pool-2_7A:F2:S5:04	21	1.00001e+06	2.19749e+06	736418	745923	317210
293T_TFF1_DNA_Pool-2_7A:F5:0J:11	49	1.00001e+06	0	1.00002e+06	836699	137236
293T_TFF1_DNA_Pool-2_7A:F5:C4:01	147	1.00001e+06	2.61999e+06	1.66601e+06	805579	1.1944e+06
293T_TFF1_DNA_Pool-2_7A:F5:F3:01	46	1.00001e+06	0	1.73063e+06	1.17213e+06	1.13755e+06
293T_TFF1_DNA_Pool-2_7A:G3:A6:01	174	1.00001e+06	1.88242e+06	1.63284e+06	1.08544e+06	1.1944e+06
293T_TFF1_DNA_Pool-2_7A:G4:Y6:03	40	1.00001e+06	0	1.11596e+06	1.02972e+06	1.37221e+06
293T_TFF1_DNA_Pool-2_7A:G8:M8:10	31	1.00001e+06	0	452958	849156	53966.6
293T_TFF1_DNA_Pool-2_7A:G8:O2:10	24	1.00001e+06	0	1.21447e+06	774388	407132
293T_TFF1_DNA_Pool-2_7A:G8:P8:01	21	1.00001e+06	0	729505	810998	559026
293T_TFF1_DNA_Pool-2_7A:G8:P8:03	24	1.00001e+06	1.38475e+06	628060	820961	0
293T_TFF1_DNA_Pool-2_7A:H5:T0:01	66	1.00001e+06	1.23954e+06	1.31139e+06	1.12946e+06	1.00477e+06
293T_TFF1_DNA_Pool-2_7A:H9:78:01	47	1.00001e+06	1.85872e+06	1.21466e+06	822229	3.63242e+06
293T_TFF1_DNA_Pool-2_7A:H9:T0:01	37	1.00001e+06	0	691533	788781	238106
293T_TFF1_DNA_Pool-2_7A:I4:0V:10	421	1.00001e+06	4.57628e+06	2.50476e+06	4.28905e+06	1.77028e+06
293T_TFF1_DNA_Pool-2_7A:I4:G8:03	22	1.00001e+06	171097	558551	796943	1.04125e+06
293T_TFF1_DNA_Pool-2_7A:I8:F2:01	47	1.00001e+06	0	897271	847480	432293
293T_TFF1_DNA_Pool-2_7A:I8:J6:10	57	1.00001e+06	1.77461e+06	607687	632211	802080
293T_TFF1_DNA_Pool-2_7A:I8:N7:11	22	1.00001e+06	626708	432566	800350	968307
293T_TFF1_DNA_Pool-2_7A:I8:O6:04	24	1.00001e+06	2.14912e+06	808967	796286	361770
293T_TFF1_DNA_Pool-2_7A:I8:X7:10	20	1.00001e+06	0	726180	627772	118431
293T_TFF1_DNA_Pool-2_7A:J1:54:03	81	1.00001e+06	0	1.84707e+06	1.37323e+06	2.50588e+06
293T_TFF1_DNA_Pool-2_7A:J1:98:01	1807	1.00001e+06	0	4.34676e+06	1.37665e+07	3.44302e+06
293T_TFF1_DNA_Pool-2_7A:J1:H0:10	20	NA	0	329479	703286	0
293T_TFF1_DNA_Pool-2_7A:J1:H2:09	74	1.00001e+06	0	1.06417e+06	822022	935356
293T_TFF1_DNA_Pool-2_7A:J1:Q8:03	90	1.00001e+06	709188	1.24198e+06	864359	894423
293T_TFF1_DNA_Pool-2_7A:J6:08:01	42	1.00001e+06	0	498838	14350.2	0
293T_TFF1_DNA_Pool-2_7A:J6:M1:10	35	1.00001e+06	1.63133e+06	413606	590666	183732
293T_TFF1_DNA_Pool-2_7A:J9:F8:10	21	1.00001e+06	2.14865e+06	1.56725e+06	880775	4.43707e+06
293T_TFF1_DNA_Pool-2_7A:K0:E2:11	25	1.00001e+06	2.02851e+06	953207	746859	759210
293T_TFF1_DNA_Pool-2_7A:K7:G8:01	63	1.00001e+06	1.44152e+06	1.75873e+06	1.33511e+06	2.74804e+06
293T_TFF1_DNA_Pool-2_7A:K7:X7:10	27	1.00001e+06	0	489667	28047.3	2.78698e+06
293T_TFF1_DNA_Pool-2_7A:L1:S9:03	29	1.00001e+06	0	928071	756161	4.14953e+06
293T_TFF1_DNA_Pool-2_7A:L2:94:01	148	1.00001e+06	2.9258e+06	1.88626e+06	870064	2.91955e+06
293T_TFF1_DNA_Pool-2_7A:L2:P0:03	31	1.00001e+06	1.62995e+06	617330	713533	385277
293T_TFF1_DNA_Pool-2_7A:L6:Z6:01	34	1.00001e+06	176867	854827	705024	0
293T_TFF1_DNA_Pool-2_7A:M0:K1:10	24	1.00001e+06	0	778301	592391	210831
293T_TFF1_DNA_Pool-2_7A:M3:T4:10	26	1.00001e+06	1.87477e+06	733029	761350	601244
293T_TFF1_DNA_Pool-2_7A:M4:41:01	21	1.00001e+06	0	823548	779717	852846
293T_TFF1_DNA_Pool-2_7A:M4:K5:03	22	1.00001e+06	0	947486	785533	1.17208e+06
293T_TFF1_DNA_Pool-2_7A:M8:76:03	34	1.00001e+06	0	523970	758911	90569
293T_TFF1_DNA_Pool-2_7A:N1:0W:03	21	1.00001e+06	0	773243	840019	5.66701e+06
293T_TFF1_DNA_Pool-2_7A:N2:F3:09	20	1.00001e+06	0	390953	16730.6	596640
293T_TFF1_DNA_Pool-2_7A:N5:B0:11	21	NA	185594	308892	580792	101900
293T_TFF1_DNA_Pool-2_7A:N9:14:10	30	1.00001e+06	242034	590852	590924	56788.1
293T_TFF1_DNA_Pool-2_7A:N9:28:01	88	1.00001e+06	1.49123e+06	1.0269e+06	970838	293958
293T_TFF1_DNA_Pool-2_7A:N9:45:10	87	1.00001e+06	0	916406	914121	657912
293T_TFF1_DNA_Pool-2_7A:N9:N7:11	48	1.00001e+06	0	823150	715478	474066
293T_TFF1_DNA_Pool-2_7A:N9:P4:03	41	1.00001e+06	883580	1.03745e+06	878807	3.08652e+06
293T_TFF1_DNA_Pool-2_7A:N9:X8:10	134	1.00001e+06	2.06421e+06	1.61189e+06	778614	2.72618e+06
293T_TFF1_DNA_Pool-2_7A:O0:98:11	27	1.00001e+06	0	728478	800410	953897
293T_TFF1_DNA_Pool-2_7A:O3:L7:02	24	1.00001e+06	546450	471320	530253	547247
293T_TFF1_DNA_Pool-2_7A:Q0:54:04	300	1.00001e+06	2.08831e+06	1.77778e+06	2.31804e+06	1.27353e+06
293T_TFF1_DNA_Pool-2_7A:Q0:B2:07	30	1.00001e+06	0	811021	810316	891984
293T_TFF1_DNA_Pool-2_7A:Q0:U6:11	27	1.00001e+06	363002	394356	609991	0
293T_TFF1_DNA_Pool-2_7A:Q3:F3:10	25	1.00001e+06	1.36512e+06	478636	657019	186700
293T_TFF1_DNA_Pool-2_7A:Q3:U5:08	38	1.00001e+06	161160	801732	745533	0
293T_TFF1_DNA_Pool-2_7A:Q4:O5:10	20	1.00001e+06	960606	615861	770862	206401
293T_TFF1_DNA_Pool-2_7A:Q8:O1:01	47	1.00001e+06	0	867685	801497	994253
293T_TFF1_DNA_Pool-2_7A:Q8:X7:04	1700	1.00001e+06	0	4.67544e+06	1.17303e+07	3.79244e+06
293T_TFF1_DNA_Pool-2_7A:Q8:Y6:11	36	1.00001e+06	0	1.49745e+06	845186	2.56962e+06
293T_TFF1_DNA_Pool-2_7A:R1:D3:01	35	1.00001e+06	0	1.1475e+06	802003	363716
293T_TFF1_DNA_Pool-2_7A:R1:P3:05	25	1.00001e+06	0	1.06352e+06	1.01509e+06	81777.8
293T_TFF1_DNA_Pool-2_7A:R2:N8:03	21	1.00001e+06	207324	662718	737507	0
293T_TFF1_DNA_Pool-2_7A:R6:X7:01	21	1.00001e+06	0	859108	763235	1.1518e+06
293T_TFF1_DNA_Pool-2_7A:R9:84:09	209	1.00001e+06	1.59816e+06	1.63297e+06	1.83539e+06	2.50048e+06
293T_TFF1_DNA_Pool-2_7A:S3:Y6:03	46	1.00001e+06	1.92964e+06	673390	691841	284178
293T_TFF1_DNA_Pool-2_7A:S7:A0:03	31	1.00001e+06	2.23134e+06	574035	719022	162453
293T_TFF1_DNA_Pool-2_7A:S7:F6:01	93	1.00001e+06	786821	1.2038e+06	892848	1.88836e+06
293T_TFF1_DNA_Pool-2_7A:S7:M8:01	48	1.00001e+06	968884	907186	661437	394303
293T_TFF1_DNA_Pool-2_7A:S7:Q0:11	32	1.00001e+06	0	792841	765848	119081
293T_TFF1_DNA_Pool-2_7A:S8:72:01	69	1.00001e+06	1.66442e+06	1.44524e+06	1.0499e+06	2.70486e+06
293T_TFF1_DNA_Pool-2_7A:S8:K4:11	20	NA	781819	293220	728065	197937
293T_TFF1_DNA_Pool-2_7A:S8:T7:01	43	1.00001e+06	996745	1.01423e+06	1.04094e+06	1.0759e+06
293T_TFF1_DNA_Pool-2_7A:S8:Z2:03	29	1.00001e+06	1.97693e+06	416747	836837	1.31493e+06
293T_TFF1_DNA_Pool-2_7A:U3:45:01	29	1.00001e+06	790742	766508	810920	703577
293T_TFF1_DNA_Pool-2_7A:U3:F2:01	77	1.00001e+06	1.09984e+06	1.32207e+06	884643	842098
293T_TFF1_DNA_Pool-2_7A:U3:G0:06	20	1.00001e+06	643333	640007	793297	0
293T_TFF1_DNA_Pool-2_7A:U7:M8:11	23	1.00001e+06	0	777188	781514	255651
293T_TFF1_DNA_Pool-2_7A:V2:76:01	25	1.00001e+06	1.58252e+06	406065	828048	196023
293T_TFF1_DNA_Pool-2_7A:V6:M1:01	24	1.00001e+06	1.71183e+06	920928	750602	4.00145e+06
293T_TFF1_DNA_Pool-2_7A:V9:28:01	41	1.00001e+06	1.28821e+06	811755	859873	113043
293T_TFF1_DNA_Pool-2_7A:V9:M8:10	48	1.00001e+06	1.78705e+06	1.32636e+06	808385	595596
293T_TFF1_DNA_Pool-2_7A:W0:P0:01	45	1.00001e+06	0	690973	653696	149294
293T_TFF1_DNA_Pool-2_7A:W3:17:03	111	1.00001e+06	2.82747e+06	1.72892e+06	1.18219e+06	3.57843e+06
293T_TFF1_DNA_Pool-2_7A:W4:Y6:03	56	1.00001e+06	1.70241e+06	751564	807688	421801
293T_TFF1_DNA_Pool-2_7A:W7:E2:11	30	1.00001e+06	0	791079	635146	2.3607e+06
293T_TFF1_DNA_Pool-2_7A:X1:54:04	149	1.00001e+06	1.89446e+06	1.32288e+06	1.03066e+06	1.0474e+06
293T_TFF1_DNA_Pool-2_7A:X5:30:09	104	1.00001e+06	1.92741e+06	1.79608e+06	1.18441e+06	2.31914e+06
293T_TFF1_DNA_Pool-2_7A:X5:B3:02	35	1.00001e+06	1.70409e+06	681477	758257	136502
293T_TFF1_DNA_Pool-2_7A:X5:D7:10	128	1.00001e+06	1.84736e+06	1.02953e+06	842835	2.20052e+06
293T_TFF1_DNA_Pool-2_7A:X5:F2:10	73	1.00001e+06	1.2144e+06	1.25003e+06	933146	1.07277e+06
293T_TFF1_DNA_Pool-2_7A:X5:F3:10	119	1.00001e+06	0	1.49972e+06	873388	4.51973e+06
293T_TFF1_DNA_Pool-2_7A:X5:M8:10	190	1.00001e+06	1.65218e+06	1.93952e+06	1.89495e+06	2.11492e+06
293T_TFF1_DNA_Pool-2_7A:X5:W6:04	63	1.00001e+06	0	1.03875e+06	1.77443e+06	888630
293T_TFF1_DNA_Pool-2_7A:X5:Y1:03	187	1.00001e+06	1.57549e+06	1.8471e+06	3.01821e+06	2.75318e+06
293T_TFF1_DNA_Pool-2_7A:X9:0R:01	24	1.00001e+06	1.63628e+06	503786	804154	0
293T_TFF1_DNA_Pool-2_7A:X9:22:03	75	1.00001e+06	2.56307e+06	1.63795e+06	5.02943e+06	830701
293T_TFF1_DNA_Pool-2_7A:X9:98:03	24	1.00001e+06	0	298569	695906	670157
293T_TFF1_DNA_Pool-2_7A:X9:T4:10	38	1.00001e+06	2.15832e+06	805348	585166	819081
293T_TFF1_DNA_Pool-2_7A:Y3:F3:11	40	1.00001e+06	0	855885	726859	1.36167e+06
293T_TFF1_DNA_Pool-2_7A:Y3:N7:11	25	1.00001e+06	2.2591e+06	972561	568114	1.35956e+06
293T_TFF1_DNA_Pool-2_7A:Y3:P8:01	48	1.00001e+06	0	915593	856560	1.40257e+06
293T_TFF1_DNA_Pool-2_7A:Z5:94:10	97	1.00001e+06	1.10158e+06	980607	2.23511e+06	134925
293T_TFF1_DNA_Pool-2_8H:0X:0A:04	24	NA	374308	287857	7402.71	0
293T_TFF1_DNA_Pool-2_8H:0X:E2:12	142	1.00001e+06	1.46182e+06	1.4975e+06	1.37623e+06	480688
293T_TFF1_DNA_Pool-2_8H:24:P0:01	25	1.00001e+06	843971	860454	829799	3.40175e+06
293T_TFF1_DNA_Pool-2_8H:27:S6:01	1109	1.00001e+06	0	3.52941e+06	1.2408e+07	2.86729e+06
293T_TFF1_DNA_Pool-2_8H:32:E2:12	21	1.00001e+06	627141	663710	727128	157018
293T_TFF1_DNA_Pool-2_8H:36:E2:03	27	1.00001e+06	834632	786894	840965	0
293T_TFF1_DNA_Pool-2_8H:39:76:05	26	1.00001e+06	2.17018e+06	801927	24869	387676
293T_TFF1_DNA_Pool-2_8H:60:M8:09	24	1.00001e+06	696505	638173	728082	1.25524e+06
293T_TFF1_DNA_Pool-2_8H:72:E6:01	281	1.00001e+06	1.17232e+06	1.48895e+06	1.54108e+06	1.51669e+06
293T_TFF1_DNA_Pool-2_8H:95:0N:11	31	1.00001e+06	0	917099	713595	944668
293T_TFF1_DNA_Pool-2_8H:95:Y1:04	60	1.00001e+06	0	552199	730966	0
293T_TFF1_DNA_Pool-2_8H:95:Y2:09	53	1.00001e+06	1.26295e+06	1.37368e+06	787847	868098
293T_TFF1_DNA_Pool-2_8H:96:E1:11	21	1.00001e+06	0	852667	561715	1.39169e+06
293T_TFF1_DNA_Pool-2_8H:E4:E2:12	22	1.00001e+06	1.58252e+06	255906	641423	0
293T_TFF1_DNA_Pool-2_8H:H6:T2:09	28	1.00001e+06	0	579596	782519	443735
293T_TFF1_DNA_Pool-2_8H:I3:H0:08	65	1.00001e+06	0	1.25064e+06	938865	2.2149e+06
293T_TFF1_DNA_Pool-2_8H:I7:0R:11	26	1.00001e+06	326361	551535	749335	0
293T_TFF1_DNA_Pool-2_8H:J1:72:12	39	1.00001e+06	900244	990681	1.2447e+06	1.26453e+06
293T_TFF1_DNA_Pool-2_8H:J2:P0:01	24	1.00001e+06	1.58252e+06	347066	13497.8	465506
293T_TFF1_DNA_Pool-2_8H:K7:94:01	26	1.00001e+06	2.10718e+06	445588	611592	459255
293T_TFF1_DNA_Pool-2_8H:K7:E6:10	20	1.00001e+06	176547	831302	749392	4.13978e+06
293T_TFF1_DNA_Pool-2_8H:L1:94:01	35	1.00001e+06	1.73773e+06	515539	762005	632707
293T_TFF1_DNA_Pool-2_8H:M0:E2:12	27	1.00001e+06	437629	972155	704850	1.85986e+06
293T_TFF1_DNA_Pool-2_8H:M3:M8:05	26	1.00001e+06	0	423861	660831	687533
293T_TFF1_DNA_Pool-2_8H:N9:17:04	74	1.00001e+06	1.68975e+06	1.13804e+06	703307	479319
293T_TFF1_DNA_Pool-2_8H:N9:E2:12	89	1.00001e+06	0	1.28728e+06	1.4303e+06	511533
293T_TFF1_DNA_Pool-2_8H:N9:G4:12	54	1.00001e+06	1.06435e+06	811185	714888	361302
293T_TFF1_DNA_Pool-2_8H:Q0:Y1:04	24	1.00001e+06	1.36538e+06	320880	605313	0
293T_TFF1_DNA_Pool-2_8H:R9:E2:04	23	1.00001e+06	1.5929e+06	350938	754504	538176
293T_TFF1_DNA_Pool-2_8H:S7:54:12	31	1.00001e+06	1.05995e+06	438033	583148	485234
293T_TFF1_DNA_Pool-2_8H:S7:E1:11	121	1.00001e+06	0	844349	700828	119152
293T_TFF1_DNA_Pool-2_8H:S7:O6:11	39	1.00001e+06	1.27067e+06	1.07525e+06	739806	6.32705e+06
293T_TFF1_DNA_Pool-2_8H:S7:V0:11	58	1.00001e+06	438314	1.15647e+06	859692	818095
293T_TFF1_DNA_Pool-2_8H:X5:0A:04	27	1.00001e+06	0	746153	753603	5.62908e-15
293T_TFF1_DNA_Pool-2_8H:X5:81:02	35	1.00001e+06	1.365e+06	561661	759154	309075
293T_TFF1_DNA_Pool-2_8H:X5:94:01	337	1.00001e+06	1.62424e+06	1.84792e+06	1.37259e+06	1.27002e+06
293T_TFF1_DNA_Pool-2_8H:X5:E2:12	110	1.00001e+06	0	1.57085e+06	1.29231e+06	3.68625e+06
293T_TFF1_DNA_Pool-2_8H:X5:T7:02	70	1.00001e+06	0	1.11547e+06	1.15434e+06	326270
293T_TFF1_DNA_Pool-2_8H:X6:B2:11	37	1.00001e+06	1.11982e+06	845403	722865	212953
293T_TFF1_DNA_Pool-2_8H:Y3:E2:08	26	1.00001e+06	2.0815e+06	731486	761574	399349
293T_TFF1_DNA_Pool-2_8G:08:94:01	92	1.00001e+06	1.8108e+06	1.31236e+06	911811	1.90319e+06
293T_TFF1_DNA_Pool-2_8G:0H:13:10	29	1.00001e+06	0	465351	725230	0
293T_TFF1_DNA_Pool-2_8G:0T:B2:03	76	1.00001e+06	0	619607	799346	646972
293T_TFF1_DNA_Pool-2_8G:0T:D3:01	29	1.00001e+06	2.18546e+06	510699	776534	305109
293T_TFF1_DNA_Pool-2_8G:0T:M0:10	31	1.00001e+06	2.04481e+06	793336	737604	3.30584e+06
293T_TFF1_DNA_Pool-2_8G:0X:0A:04	52	1.00001e+06	662444	1.21298e+06	757358	836008
293T_TFF1_DNA_Pool-2_8G:0X:25:02	87	1.00001e+06	941143	1.33652e+06	1.06856e+06	571518
293T_TFF1_DNA_Pool-2_8G:0X:78:07	47	1.00001e+06	0	621158	1.75869e+06	512517
293T_TFF1_DNA_Pool-2_8G:0X:D2:05	45	1.00001e+06	1.56744e+06	925647	957596	2.02661e+06
293T_TFF1_DNA_Pool-2_8G:0X:F8:07	88	1.00001e+06	1.39035e+06	1.22224e+06	834875	3.66974e+06
293T_TFF1_DNA_Pool-2_8G:0X:K5:10	50	1.00001e+06	0	1.72717e+06	755752	3.71421e+06
293T_TFF1_DNA_Pool-2_8G:0X:M0:07	371	1.00001e+06	3.27298e+06	2.24784e+06	3.18796e+06	4.29073e+06
293T_TFF1_DNA_Pool-2_8G:0X:N0:10	36	1.00001e+06	0	1.18564e+06	741069	5.43873e+06
293T_TFF1_DNA_Pool-2_8G:0Y:18:07	51	1.00001e+06	2.07351e+06	512514	773799	345883
293T_TFF1_DNA_Pool-2_8G:0Y:B2:07	51	1.00001e+06	1.42463e+06	1.09359e+06	781017	371198
293T_TFF1_DNA_Pool-2_8G:0Y:E6:03	69	1.00001e+06	962094	1.27191e+06	867951	159044
293T_TFF1_DNA_Pool-2_8G:27:Y6:05	23	1.00001e+06	2.61702e+06	1.13421e+06	614027	1.44432e+06
293T_TFF1_DNA_Pool-2_8G:28:X0:07	25	1.00001e+06	984741	469333	13075.3	626076
293T_TFF1_DNA_Pool-2_8G:31:X8:12	27	1.00001e+06	764414	1.01698e+06	756435	1.77533e+06
293T_TFF1_DNA_Pool-2_8G:39:54:07	30	1.00001e+06	197649	662804	232213	294009
293T_TFF1_DNA_Pool-2_8G:39:76:05	21	1.00001e+06	0	1.03792e+06	782091	245269
293T_TFF1_DNA_Pool-2_8G:39:C9:10	27	1.00001e+06	2.16954e+06	504852	474688	92863.8
293T_TFF1_DNA_Pool-2_8G:47:08:10	31	1.00001e+06	2.44666e+06	1.03736e+06	805254	0
293T_TFF1_DNA_Pool-2_8G:47:0R:10	133	1.00001e+06	0	1.60858e+06	1.31259e+06	878693
293T_TFF1_DNA_Pool-2_8G:47:24:04	29	1.00001e+06	2.04313e+06	809540	251025	1.19493e+06
293T_TFF1_DNA_Pool-2_8G:47:G8:10	41	1.00001e+06	225353	881485	816386	523669
293T_TFF1_DNA_Pool-2_8G:47:T0:10	82	1.00001e+06	0	1.00416e+06	746830	572460
293T_TFF1_DNA_Pool-2_8G:52:X3:07	1075	1.00001e+06	7.83382e+06	3.58928e+06	1.27685e+07	2.56823e+06
293T_TFF1_DNA_Pool-2_8G:60:45:10	40	1.00001e+06	0	863006	714382	621919
293T_TFF1_DNA_Pool-2_8G:75:C8:07	21	1.00001e+06	212300	665113	870546	682487
293T_TFF1_DNA_Pool-2_8G:76:0F:10	29	1.00001e+06	0	788446	659684	6.54682e+06
293T_TFF1_DNA_Pool-2_8G:79:C0:10	26	1.00001e+06	1.77622e+06	460181	708446	2.37318e+06
293T_TFF1_DNA_Pool-2_8G:80:O2:07	44	1.00001e+06	1.52796e+06	833076	1.08337e+06	1.28496e+06
293T_TFF1_DNA_Pool-2_8G:95:O1:10	62	1.00001e+06	2.89253e+06	910279	475291	722936
293T_TFF1_DNA_Pool-2_8G:95:P0:07	27	1.00001e+06	2.3683e+06	825103	520130	1.81477e+06
293T_TFF1_DNA_Pool-2_8G:95:S9:01	76	1.00001e+06	448738	912655	674682	344926
293T_TFF1_DNA_Pool-2_8G:95:Y2:09	453	1.00001e+06	1.40302e+06	2.00008e+06	2.58495e+06	1.11385e+06
293T_TFF1_DNA_Pool-2_8G:96:C8:01	26	1.00001e+06	216585	944497	749881	1.27038e+06
293T_TFF1_DNA_Pool-2_8G:A0:46:10	28	1.00001e+06	0	1.34033e+06	723337	5.51998e+06
293T_TFF1_DNA_Pool-2_8G:A0:W2:11	20	1.00001e+06	0	563187	765267	0
293T_TFF1_DNA_Pool-2_8G:A4:58:07	37	1.00001e+06	1.81009e+06	508852	812057	0
293T_TFF1_DNA_Pool-2_8G:A4:G4:07	49	1.00001e+06	0	827848	733881	982687
293T_TFF1_DNA_Pool-2_8G:A4:L6:01	20	1.00001e+06	197561	388784	777540	296285
293T_TFF1_DNA_Pool-2_8G:B5:46:02	29	1.00001e+06	0	963298	653224	1.31483e+06
293T_TFF1_DNA_Pool-2_8G:C7:E2:01	66	1.00001e+06	0	1.21654e+06	872551	3.2738e+06
293T_TFF1_DNA_Pool-2_8G:C8:U5:10	43	1.00001e+06	1.72247e+06	720378	930618	0
293T_TFF1_DNA_Pool-2_8G:D1:R3:10	29	1.00001e+06	2.08711e+06	850514	238732	1.4657e+06
293T_TFF1_DNA_Pool-2_8G:E0:M0:07	72	1.00001e+06	0	1.18712e+06	744897	256907
293T_TFF1_DNA_Pool-2_8G:E0:W0:01	26	1.00001e+06	1.70418e+06	565232	800679	931003
293T_TFF1_DNA_Pool-2_8G:E3:78:07	26	1.00001e+06	0	671411	1.46333e+06	105807
293T_TFF1_DNA_Pool-2_8G:E7:S6:08	155	1.00001e+06	0	1.57769e+06	1.10553e+06	939457
293T_TFF1_DNA_Pool-2_8G:F7:54:07	22	1.00001e+06	1.35855e+06	389602	585293	0
293T_TFF1_DNA_Pool-2_8G:F7:T0:10	47	1.00001e+06	1.60387e+06	679222	657352	521651
293T_TFF1_DNA_Pool-2_8G:H1:M0:07	37	1.00001e+06	0	882237	773116	2.2274e+06
293T_TFF1_DNA_Pool-2_8G:H5:F8:07	130	1.00001e+06	0	1.1418e+06	1.11093e+06	638882
293T_TFF1_DNA_Pool-2_8G:H5:T8:07	36	1.00001e+06	1.3913e+06	316812	12872.4	0
293T_TFF1_DNA_Pool-2_8G:H9:T4:10	34	1.00001e+06	348966	511877	778891	214223
293T_TFF1_DNA_Pool-2_8G:H9:X7:07	27	1.00001e+06	372497	340536	238696	360533
293T_TFF1_DNA_Pool-2_8G:I3:T8:10	24	1.00001e+06	1.62704e+06	1.10399e+06	815655	288454
293T_TFF1_DNA_Pool-2_8G:I4:O1:01	22	1.00001e+06	1.33607e+06	478074	769411	4.45177e+06
293T_TFF1_DNA_Pool-2_8G:J1:93:07	55	1.00001e+06	1.99504e+06	1.08356e+06	995597	317741
293T_TFF1_DNA_Pool-2_8G:J1:C9:07	77	1.00001e+06	492129	894389	734766	973973
293T_TFF1_DNA_Pool-2_8G:J1:F8:10	88	1.00001e+06	0	1.07124e+06	974648	976905
293T_TFF1_DNA_Pool-2_8G:J1:G9:07	27	1.00001e+06	0	728440	830798	294003
293T_TFF1_DNA_Pool-2_8G:J1:H6:01	162	1.00001e+06	625513	1.53265e+06	1.75766e+06	2.274e+06
293T_TFF1_DNA_Pool-2_8G:J1:K4:06	44	1.00001e+06	940439	470937	802907	0
293T_TFF1_DNA_Pool-2_8G:J1:M4:04	44	1.00001e+06	1.97347e+06	831912	822463	474828
293T_TFF1_DNA_Pool-2_8G:J1:U1:11	44	1.00001e+06	0	989071	777059	172888
293T_TFF1_DNA_Pool-2_8G:J1:Z0:10	55	1.00001e+06	0	1.52579e+06	793809	797582
293T_TFF1_DNA_Pool-2_8G:K8:Y2:07	154	1.00001e+06	0	1.44494e+06	1.04123e+06	1.04699e+06
293T_TFF1_DNA_Pool-2_8G:L2:S6:07	30	1.00001e+06	1.65791e+06	626277	778298	104472
293T_TFF1_DNA_Pool-2_8G:L5:Y6:07	565	1.00001e+06	0	3.23612e+06	5.21988e+06	2.18058e+06
293T_TFF1_DNA_Pool-2_8G:M0:58:07	269	1.00001e+06	0	2.32136e+06	1.67723e+06	1.02416e+06
293T_TFF1_DNA_Pool-2_8G:M8:Y6:05	42	1.00001e+06	286831	778737	18098.8	996997
293T_TFF1_DNA_Pool-2_8G:N1:F8:01	30	1.00001e+06	2.12163e+06	968907	760714	3.5803e+06
293T_TFF1_DNA_Pool-2_8G:N2:U5:10	64	1.00001e+06	1.41194e+06	881452	811589	562697
293T_TFF1_DNA_Pool-2_8G:N9:0A:04	27	1.00001e+06	0	801388	834313	1.48294e+06
293T_TFF1_DNA_Pool-2_8G:N9:I1:11	47	1.00001e+06	1.42502e+06	1.60751e+06	793781	3.90776e+06
293T_TFF1_DNA_Pool-2_8G:N9:O6:07	68	1.00001e+06	0	912323	727236	458842
293T_TFF1_DNA_Pool-2_8G:N9:Q5:07	66	1.00001e+06	2.18707e+06	605284	747849	1.91872e+06
293T_TFF1_DNA_Pool-2_8G:N9:W6:10	47	1.00001e+06	0	722306	707468	3.63476e+06
293T_TFF1_DNA_Pool-2_8G:O8:G0:07	25	1.00001e+06	400830	840455	551532	40032.9
293T_TFF1_DNA_Pool-2_8G:O8:G0:10	28	1.00001e+06	0	486575	637614	6.08385e+06
293T_TFF1_DNA_Pool-2_8G:P5:61:09	22	1.00001e+06	600295	2.17157e+06	1.06505e+06	228373
293T_TFF1_DNA_Pool-2_8G:P6:Q0:10	42	1.00001e+06	628522	908882	726826	737159
293T_TFF1_DNA_Pool-2_8G:P6:S9:03	21	1.00001e+06	465401	706285	792425	505738
293T_TFF1_DNA_Pool-2_8G:R1:76:07	100	1.00001e+06	0	1.14042e+06	984780	451366
293T_TFF1_DNA_Pool-2_8G:R2:Y6:05	27	1.00001e+06	758174	486288	734316	221764
293T_TFF1_DNA_Pool-2_8G:R6:G1:10	30	1.00001e+06	2.19386e+06	1.63314e+06	766130	3.09184e+06
293T_TFF1_DNA_Pool-2_8G:S0:U5:07	58	1.00001e+06	2.07438e+06	946851	770445	800782
293T_TFF1_DNA_Pool-2_8G:S7:0A:04	35	1.00001e+06	0	839743	635078	519260
293T_TFF1_DNA_Pool-2_8G:S7:45:11	71	1.00001e+06	1.54173e+06	1.26078e+06	1.46545e+06	4.02348e+06
293T_TFF1_DNA_Pool-2_8G:S7:O6:07	49	1.00001e+06	0	1.19441e+06	817593	362800
293T_TFF1_DNA_Pool-2_8G:S8:28:10	42	1.00001e+06	1.58252e+06	538231	640007	419228
293T_TFF1_DNA_Pool-2_8G:S8:58:10	37	1.00001e+06	2.29959e+06	514798	903501	1.29929e+06
293T_TFF1_DNA_Pool-2_8G:S8:Y6:05	93	1.00001e+06	1.39109e+06	1.41913e+06	1.35545e+06	820197
293T_TFF1_DNA_Pool-2_8G:U0:94:07	29	1.00001e+06	1.69425e+06	1.1438e+06	787428	3.86487e+06
293T_TFF1_DNA_Pool-2_8G:U0:N8:11	38	1.00001e+06	1.34883e+06	873771	778385	592425
293T_TFF1_DNA_Pool-2_8G:U4:45:01	30	1.00001e+06	0	548171	669896	0
293T_TFF1_DNA_Pool-2_8G:V6:0F:01	37	1.00001e+06	681548	929655	913117	244227
293T_TFF1_DNA_Pool-2_8G:V9:C4:10	20	1.00001e+06	1.62848e+06	613599	216813	0
293T_TFF1_DNA_Pool-2_8G:V9:D3:07	35	1.00001e+06	0	1.47202e+06	809973	0
293T_TFF1_DNA_Pool-2_8G:V9:T7:07	42	1.00001e+06	1.87261e+06	865709	866398	562089
293T_TFF1_DNA_Pool-2_8G:V9:V0:07	33	1.00001e+06	0	634587	802114	108627
293T_TFF1_DNA_Pool-2_8G:V9:Y5:02	56	1.00001e+06	0	1.6315e+06	908310	1.56211e+06
293T_TFF1_DNA_Pool-2_8G:W0:L4:10	20	1.00001e+06	487909	761336	1.03413e+06	69913
293T_TFF1_DNA_Pool-2_8G:X2:E8:01	34	1.00001e+06	285437	540938	859169	201630
293T_TFF1_DNA_Pool-2_8G:X5:0A:04	36	1.00001e+06	1.14704e+06	1.33035e+06	890467	4.26799e+06
293T_TFF1_DNA_Pool-2_8G:X5:A4:10	113	1.00001e+06	0	1.18311e+06	1.31198e+06	1.08629e+06
293T_TFF1_DNA_Pool-2_8G:X5:C4:10	70	1.00001e+06	0	845014	747646	822154
293T_TFF1_DNA_Pool-2_8G:X5:N0:07	43	1.00001e+06	0	644107	804093	487970
293T_TFF1_DNA_Pool-2_8G:X5:S9:03	116	1.00001e+06	495191	1.1874e+06	899398	254534
293T_TFF1_DNA_Pool-2_8G:X5:T2:07	50	1.00001e+06	94269.8	720424	781647	173450
293T_TFF1_DNA_Pool-2_8G:X5:X0:09	35	1.00001e+06	1.31515e+06	1.25946e+06	847367	118411
293T_TFF1_DNA_Pool-2_8G:X5:X7:10	288	1.00001e+06	6.89192e+06	1.87796e+06	2.78853e+06	2.12198e+06
293T_TFF1_DNA_Pool-2_8G:X5:Z6:01	25	1.00001e+06	2.12664e+06	788225	814192	219638
293T_TFF1_DNA_Pool-2_8G:Y4:M0:07	41	1.00001e+06	1.49207e+06	778238	744058	229779
293T_TFF1_DNA_Pool-2_8G:Z2:93:07	20	1.00001e+06	1.61763e+06	873422	634914	252816
293T_TFF1_DNA_Pool-2_8G:Z5:T4:07	30	1.00001e+06	0	1.06465e+06	732178	2.10309e+06
293T_TFF1_DNA_Pool-2_8G:Z5:Y2:09	25	1.00001e+06	241995	272091	614119	0
293T_TFF1_DNA_Pool-2_8G:Z6:94:07	23	1.00001e+06	1.34443e+06	1.326e+06	773876	614849
293T_TFF1_DNA_Pool-2_8F:03:E2:12	42	1.00001e+06	2.30765e+06	810588	747023	0
293T_TFF1_DNA_Pool-2_8F:07:H6:01	60	1.00001e+06	2.3254e+06	825417	991537	556618
293T_TFF1_DNA_Pool-2_8F:08:30:08	26	NA	1.35968e+06	103517	12152.9	0
293T_TFF1_DNA_Pool-2_8F:08:77:02	26	1.00001e+06	0	669009	19170.7	375449
293T_TFF1_DNA_Pool-2_8F:0E:E1:09	29	1.00001e+06	0	692851	1.2225e+06	1.62348e+06
293T_TFF1_DNA_Pool-2_8F:0E:Y5:08	47	1.00001e+06	0	828015	878628	331707
293T_TFF1_DNA_Pool-2_8F:0H:F2:04	1290	1.00001e+06	0	4.20992e+06	1.39723e+07	3.20058e+06
293T_TFF1_DNA_Pool-2_8F:0H:P0:01	40	1.00001e+06	1.92793e+06	703404	658822	1.48298e+06
293T_TFF1_DNA_Pool-2_8F:0H:Y2:05	44	1.00001e+06	0	663281	745955	501460
293T_TFF1_DNA_Pool-2_8F:0I:72:01	47	1.00001e+06	0	907034	785000	576650
293T_TFF1_DNA_Pool-2_8F:0M:0F:04	21	1.00001e+06	0	605136	793592	616176
293T_TFF1_DNA_Pool-2_8F:0M:Z3:11	47	1.00001e+06	0	818279	682957	125740
293T_TFF1_DNA_Pool-2_8F:0P:0R:11	22	1.00001e+06	203205	609399	803039	933377
293T_TFF1_DNA_Pool-2_8F:0P:M0:11	43	1.00001e+06	1.90105e+06	1.03123e+06	821952	492629
293T_TFF1_DNA_Pool-2_8F:0Q:E2:05	164	1.00001e+06	383332	1.21733e+06	1.36131e+06	2.59117e+06
293T_TFF1_DNA_Pool-2_8F:0Q:K2:05	30	1.00001e+06	0	665780	837709	816888
293T_TFF1_DNA_Pool-2_8F:0X:0W:05	54	1.00001e+06	1.25074e+06	1.62247e+06	928198	1.40511e+06
293T_TFF1_DNA_Pool-2_8F:0X:32:04	31	1.00001e+06	1.62593e+06	464015	529159	0
293T_TFF1_DNA_Pool-2_8F:0X:46:04	145	1.00001e+06	1.56234e+06	1.62958e+06	1.5549e+06	1.70262e+06
293T_TFF1_DNA_Pool-2_8F:0X:56:12	72	1.00001e+06	0	1.09618e+06	971878	222240
293T_TFF1_DNA_Pool-2_8F:0X:A4:11	89	1.00001e+06	2.20453e+06	1.02518e+06	947184	1.22935e+06
293T_TFF1_DNA_Pool-2_8F:0X:D7:04	93	1.00001e+06	1.4524e+06	1.35851e+06	834816	846141
293T_TFF1_DNA_Pool-2_8F:0X:H7:04	30	1.00001e+06	1.79162e+06	530225	775552	1.42217e+06
293T_TFF1_DNA_Pool-2_8F:0X:J6:05	100	1.00001e+06	1.45277e+06	1.89707e+06	888320	1.16533e+06
293T_TFF1_DNA_Pool-2_8F:0X:K4:06	49	1.00001e+06	0	786062	863486	0
293T_TFF1_DNA_Pool-2_8F:0X:M4:04	139	1.00001e+06	2.19745e+06	1.81388e+06	2.16482e+06	750207
293T_TFF1_DNA_Pool-2_8F:0X:N0:05	215	1.00001e+06	1.27309e+06	1.34399e+06	3.20011e+06	411060
293T_TFF1_DNA_Pool-2_8F:0X:P8:08	54	1.00001e+06	0	1.09045e+06	772393	3.1139e+06
293T_TFF1_DNA_Pool-2_8F:0X:P8:11	44	1.00001e+06	0	551318	728158	380847
293T_TFF1_DNA_Pool-2_8F:0X:Q8:04	90	1.00001e+06	3.67198e+06	1.38772e+06	959723	933337
293T_TFF1_DNA_Pool-2_8F:0Y:D3:05	34	1.00001e+06	1.5473e+06	589681	690605	161878
293T_TFF1_DNA_Pool-2_8F:0Y:E2:11	100	1.00001e+06	0	1.31566e+06	828128	1.01669e+06
293T_TFF1_DNA_Pool-2_8F:0Y:F8:08	23	1.00001e+06	1.57629e+06	569650	258939	136531
293T_TFF1_DNA_Pool-2_8F:0Y:I2:01	40	1.00001e+06	453852	904625	784964	1.43997e+06
293T_TFF1_DNA_Pool-2_8F:0Y:J3:11	121	1.00001e+06	3.4276e+06	1.60504e+06	1.56744e+06	1.74696e+06
293T_TFF1_DNA_Pool-2_8F:0Y:L6:12	28	1.00001e+06	0	580627	764174	113139
293T_TFF1_DNA_Pool-2_8F:0Y:N8:05	108	1.00001e+06	0	1.17837e+06	928351	622064
293T_TFF1_DNA_Pool-2_8F:12:H2:10	21	1.00001e+06	1.11504e+06	2.05658e+06	4.43805e+06	0
293T_TFF1_DNA_Pool-2_8F:15:09:01	62	1.00001e+06	0	1.04523e+06	825320	845449
293T_TFF1_DNA_Pool-2_8F:15:T4:01	26	1.00001e+06	0	533962	839653	387055
293T_TFF1_DNA_Pool-2_8F:16:54:01	42	1.00001e+06	1.52815e+06	1.54653e+06	867231	2.15329e+06
293T_TFF1_DNA_Pool-2_8F:20:A6:05	30	1.00001e+06	160956	659780	730829	371117
293T_TFF1_DNA_Pool-2_8F:27:41:05	26	1.00001e+06	638612	473466	560570	210388
293T_TFF1_DNA_Pool-2_8F:32:A6:05	57	1.00001e+06	0	1.72177e+06	712987	5.52385e+06
293T_TFF1_DNA_Pool-2_8F:32:I2:05	28	1.00001e+06	1.68432e+06	1.78065e+06	942961	3.18521e+06
293T_TFF1_DNA_Pool-2_8F:32:O9:11	24	1.00001e+06	1.77912e+06	359454	14458.7	493997
293T_TFF1_DNA_Pool-2_8F:39:72:11	40	1.00001e+06	2.07665e+06	779236	831825	528451
293T_TFF1_DNA_Pool-2_8F:39:76:05	897	1.00001e+06	1.47655e+07	5.13511e+06	1.03484e+07	3.4965e+06
293T_TFF1_DNA_Pool-2_8F:39:O5:11	30	1.00001e+06	0	554894	624982	730140
293T_TFF1_DNA_Pool-2_8F:44:72:11	41	1.00001e+06	1.86175e+06	613579	600945	1.05967e+06
293T_TFF1_DNA_Pool-2_8F:47:0R:05	30	1.00001e+06	1.38995e+06	428869	770972	0
293T_TFF1_DNA_Pool-2_8F:47:54:08	93	1.00001e+06	1.81136e+06	913722	957770	173758
293T_TFF1_DNA_Pool-2_8F:47:G5:04	26	1.00001e+06	1.71064e+06	670442	716482	0
293T_TFF1_DNA_Pool-2_8F:47:H2:01	51	1.00001e+06	1.54839e+06	1.07681e+06	805519	2.5776e+06
293T_TFF1_DNA_Pool-2_8F:47:L4:01	31	1.00001e+06	2.1647e+06	1.0765e+06	745344	212687
293T_TFF1_DNA_Pool-2_8F:47:X7:08	37	1.00001e+06	2.19874e+06	727249	784091	3.78426e+06
293T_TFF1_DNA_Pool-2_8F:52:J4:05	945	1.00001e+06	0	3.3619e+06	1.14314e+07	3.04211e+06
293T_TFF1_DNA_Pool-2_8F:55:18:01	28	1.00001e+06	0	823922	729491	4.5216e+06
293T_TFF1_DNA_Pool-2_8F:56:X7:04	185	1.00001e+06	987141	1.49087e+06	987029	1.35859e+06
293T_TFF1_DNA_Pool-2_8F:60:M8:11	24	1.00001e+06	2.49777e+06	821441	879128	4.998e+06
293T_TFF1_DNA_Pool-2_8F:64:T4:11	34	1.00001e+06	0	675902	38474.1	0
293T_TFF1_DNA_Pool-2_8F:68:F8:01	26	1.00001e+06	1.73062e+06	692465	828958	417914
293T_TFF1_DNA_Pool-2_8F:72:J6:05	25	1.00001e+06	1.18088e+06	766227	689325	6.12223e+06
293T_TFF1_DNA_Pool-2_8F:79:13:01	32	1.00001e+06	170037	689310	690721	161951
293T_TFF1_DNA_Pool-2_8F:83:J6:03	53	1.00001e+06	0	897263	669825	204138
293T_TFF1_DNA_Pool-2_8F:84:E2:08	28	1.00001e+06	349048	802996	663328	668369
293T_TFF1_DNA_Pool-2_8F:91:F3:12	30	1.00001e+06	2.42197e+06	978302	772978	0
293T_TFF1_DNA_Pool-2_8F:91:O1:01	25	1.00001e+06	1.64755e+06	457511	526507	544997
293T_TFF1_DNA_Pool-2_8F:95:0A:04	29	1.00001e+06	1.85016e+06	1.19644e+06	768393	1.86741e+06
293T_TFF1_DNA_Pool-2_8F:95:56:04	71	1.00001e+06	1.46185e+06	1.44963e+06	1.01611e+06	1.51352e+06
293T_TFF1_DNA_Pool-2_8F:95:56:05	117	1.00001e+06	0	1.76952e+06	855927	574845
293T_TFF1_DNA_Pool-2_8F:95:E9:09	67	1.00001e+06	378139	785584	872871	545647
293T_TFF1_DNA_Pool-2_8F:95:J6:05	118	1.00001e+06	0	1.36164e+06	968184	1.13649e+06
293T_TFF1_DNA_Pool-2_8F:95:Q8:08	110	1.00001e+06	0	1.57973e+06	902829	2.00615e+06
293T_TFF1_DNA_Pool-2_8F:96:C8:01	30	1.00001e+06	786331	881272	618209	622605
293T_TFF1_DNA_Pool-2_8F:99:98:11	65	1.00001e+06	1.48621e+06	1.30168e+06	799448	1.20131e+06
293T_TFF1_DNA_Pool-2_8F:99:B2:11	54	1.00001e+06	0	779206	744369	658247
293T_TFF1_DNA_Pool-2_8F:A0:W2:11	86	1.00001e+06	1.61198e+06	1.0646e+06	680377	336083
293T_TFF1_DNA_Pool-2_8F:A3:B2:11	30	1.00001e+06	0	728048	739592	984429
293T_TFF1_DNA_Pool-2_8F:A4:81:12	24	1.00001e+06	1.78465e+06	412874	26425.3	0
293T_TFF1_DNA_Pool-2_8F:A7:E2:11	40	1.00001e+06	1.79179e+06	948427	591368	1.20601e+06
293T_TFF1_DNA_Pool-2_8F:A7:T4:01	78	1.00001e+06	0	1.12664e+06	1.30934e+06	3.32604e+06
293T_TFF1_DNA_Pool-2_8F:A8:72:08	53	1.00001e+06	439361	1.0287e+06	863573	1.25424e+06
293T_TFF1_DNA_Pool-2_8F:B5:54:05	30	1.00001e+06	0	1.01197e+06	894335	1.14013e+06
293T_TFF1_DNA_Pool-2_8F:B5:D4:05	21	NA	0	435749	762375	130243
293T_TFF1_DNA_Pool-2_8F:B5:J6:11	45	1.00001e+06	1.77981e+06	644918	723816	589879
293T_TFF1_DNA_Pool-2_8F:B5:X7:11	27	1.00001e+06	0	696190	749591	1.10662e+06
293T_TFF1_DNA_Pool-2_8F:B6:X3:01	27	1.00001e+06	197056	673246	789440	599121
293T_TFF1_DNA_Pool-2_8F:C0:W0:05	319	1.00001e+06	3.85475e+06	2.15648e+06	3.57172e+06	1.00823e+06
293T_TFF1_DNA_Pool-2_8F:C8:56:04	21	1.00001e+06	170595	736978	825692	1.85446e+06
293T_TFF1_DNA_Pool-2_8F:C8:M8:09	21	1.00001e+06	0	365598	542984	261041
293T_TFF1_DNA_Pool-2_8F:D1:B6:11	28	1.00001e+06	0	888359	482757	880472
293T_TFF1_DNA_Pool-2_8F:D1:W0:04	176	1.00001e+06	1.54661e+06	1.73727e+06	1.58248e+06	1.38121e+06
293T_TFF1_DNA_Pool-2_8F:D1:W0:05	95	1.00001e+06	0	1.53193e+06	1.06359e+06	1.98523e+06
293T_TFF1_DNA_Pool-2_8F:D1:W0:11	80	1.00001e+06	324668	1.12614e+06	930132	1.0689e+06
293T_TFF1_DNA_Pool-2_8F:E0:N7:09	22	1.00001e+06	0	696336	877668	173744
293T_TFF1_DNA_Pool-2_8F:E3:B0:08	64	1.00001e+06	0	1.26059e+06	799791	2.74259e+06
293T_TFF1_DNA_Pool-2_8F:E3:F2:11	96	1.00001e+06	1.56089e+06	1.30515e+06	850949	947903
293T_TFF1_DNA_Pool-2_8F:E3:K4:06	356	1.00001e+06	5.59943e+06	2.03231e+06	3.29683e+06	2.10927e+06
293T_TFF1_DNA_Pool-2_8F:E3:R4:11	45	1.00001e+06	2.3385e+06	1.05812e+06	808937	3.48713e+06
293T_TFF1_DNA_Pool-2_8F:E4:B2:11	41	1.00001e+06	0	1.44606e+06	981804	3.52281e+06
293T_TFF1_DNA_Pool-2_8F:E4:T8:11	58	1.00001e+06	0	675628	739542	332572
293T_TFF1_DNA_Pool-2_8F:F1:46:11	22	1.00001e+06	524328	567201	733873	1.64441e+06
293T_TFF1_DNA_Pool-2_8F:F1:56:05	39	1.00001e+06	1.96521e+06	719630	807568	287602
293T_TFF1_DNA_Pool-2_8F:F1:M0:11	308	1.00001e+06	0	1.8999e+06	2.65106e+06	1.41475e+06
293T_TFF1_DNA_Pool-2_8F:F1:O9:04	32	1.00001e+06	2.02346e+06	813559	813437	948692
293T_TFF1_DNA_Pool-2_8F:F6:B6:05	28	1.00001e+06	0	849816	646562	279186
293T_TFF1_DNA_Pool-2_8F:F7:S6:01	22	1.00001e+06	332553	621050	904238	3.33281e+06
293T_TFF1_DNA_Pool-2_8F:F7:T7:05	38	1.00001e+06	2.12756e+06	894900	978574	286762
293T_TFF1_DNA_Pool-2_8F:G3:56:04	20	1.00001e+06	0	3.43819e+06	837556	3.57419e+06
293T_TFF1_DNA_Pool-2_8F:G3:A4:07	20	1.00001e+06	217977	217874	807947	0
293T_TFF1_DNA_Pool-2_8F:G7:G4:01	30	1.00001e+06	2.66054e+06	692814	814505	4.19453e+06
293T_TFF1_DNA_Pool-2_8F:G7:N0:01	57	1.00001e+06	0	701876	805780	2.77166e+06
293T_TFF1_DNA_Pool-2_8F:G7:N0:02	1314	1.00001e+06	9.8703e+06	4.36148e+06	1.35618e+07	4.92463e+06
293T_TFF1_DNA_Pool-2_8F:G8:B2:11	54	1.00001e+06	1.2376e+06	924143	959832	1.1113e+06
293T_TFF1_DNA_Pool-2_8F:G8:D0:03	54	1.00001e+06	0	616232	864148	342467
293T_TFF1_DNA_Pool-2_8F:G8:F3:11	23	1.00001e+06	0	635104	507906	0
293T_TFF1_DNA_Pool-2_8F:H1:46:04	180	1.00001e+06	665688	1.72784e+06	1.30017e+06	1.00131e+06
293T_TFF1_DNA_Pool-2_8F:H1:F2:08	25	1.00001e+06	0	355159	728818	0
293T_TFF1_DNA_Pool-2_8F:H1:N8:10	54	1.00001e+06	2.03815e+06	541973	758815	507215
293T_TFF1_DNA_Pool-2_8F:H1:T4:09	55	1.00001e+06	1.9014e+06	884773	750412	836091
293T_TFF1_DNA_Pool-2_8F:H6:56:04	25	1.00001e+06	1.64316e+06	634815	691477	438361
293T_TFF1_DNA_Pool-2_8F:H9:G8:11	20	1.00001e+06	0	664488	526140	2.32157e+06
293T_TFF1_DNA_Pool-2_8F:I3:F8:01	32	1.00001e+06	627076	769975	23928.4	1.72296e+06
293T_TFF1_DNA_Pool-2_8F:I8:72:11	21	NA	0	161390	7326.88	0
293T_TFF1_DNA_Pool-2_8F:J1:02:12	73	1.00001e+06	952473	1.16771e+06	1.0434e+06	1.5768e+06
293T_TFF1_DNA_Pool-2_8F:J1:69:05	53	1.00001e+06	1.08106e+06	2.1722e+06	1.13558e+06	4.36252e+06
293T_TFF1_DNA_Pool-2_8F:J1:A6:11	21	1.00001e+06	1.7032e+06	567175	18608.1	364861
293T_TFF1_DNA_Pool-2_8F:J1:Q8:08	34	1.00001e+06	2.07372e+06	728076	708276	628943
293T_TFF1_DNA_Pool-2_8F:J1:R3:05	60	1.00001e+06	2.54923e+06	1.17307e+06	975536	406515
293T_TFF1_DNA_Pool-2_8F:J2:T4:01	44	1.00001e+06	0	536201	887719	324657
293T_TFF1_DNA_Pool-2_8F:J6:N0:08	30	1.00001e+06	2.03159e+06	727451	16946.4	317363
293T_TFF1_DNA_Pool-2_8F:J6:N8:01	61	1.00001e+06	0	731337	1.08686e+06	278703
293T_TFF1_DNA_Pool-2_8F:J9:54:11	45	1.00001e+06	0	745905	743283	166218
293T_TFF1_DNA_Pool-2_8F:J9:X0:12	558	1.00001e+06	1.74937e+06	3.09491e+06	6.60447e+06	2.08814e+06
293T_TFF1_DNA_Pool-2_8F:K0:H6:01	52	1.00001e+06	0	752733	786172	0
293T_TFF1_DNA_Pool-2_8F:K3:N0:01	47	1.00001e+06	0	695928	652645	403260
293T_TFF1_DNA_Pool-2_8F:K7:32:08	20	1.00001e+06	0	639308	768984	496013
293T_TFF1_DNA_Pool-2_8F:K7:56:04	26	1.00001e+06	0	950489	810023	1.53798e+06
293T_TFF1_DNA_Pool-2_8F:K7:H2:11	31	1.00001e+06	221129	585010	715206	371338
293T_TFF1_DNA_Pool-2_8F:K8:B2:11	33	1.00001e+06	1.8573e+06	655339	825671	0
293T_TFF1_DNA_Pool-2_8F:K8:E2:11	55	1.00001e+06	2.61992e+06	1.03714e+06	826481	531531
293T_TFF1_DNA_Pool-2_8F:L1:J6:05	59	1.00001e+06	0	883423	766318	325942
293T_TFF1_DNA_Pool-2_8F:L1:N7:01	38	1.00001e+06	0	867092	771733	316445
293T_TFF1_DNA_Pool-2_8F:L6:56:04	32	1.00001e+06	1.04321e+06	801589	847797	1.23204e+06
293T_TFF1_DNA_Pool-2_8F:M0:98:04	36	1.00001e+06	0	616973	719778	323548
293T_TFF1_DNA_Pool-2_8F:M0:K5:01	57	1.00001e+06	1.35487e+06	1.20705e+06	790998	2.74112e+06
293T_TFF1_DNA_Pool-2_8F:M4:Z3:05	22	1.00001e+06	0	662019	20950.6	375442
293T_TFF1_DNA_Pool-2_8F:N1:B6:01	20	1.00001e+06	0	521184	284300	0
293T_TFF1_DNA_Pool-2_8F:N1:L6:01	28	1.00001e+06	0	423309	21307.6	0
293T_TFF1_DNA_Pool-2_8F:N1:X3:12	54	1.00001e+06	0	858324	730129	295515
293T_TFF1_DNA_Pool-2_8F:N2:F2:04	62	1.00001e+06	995259	967694	825875	3.32305e+06
293T_TFF1_DNA_Pool-2_8F:N9:0A:04	26	1.00001e+06	0	1.15339e+06	754789	648306
293T_TFF1_DNA_Pool-2_8F:N9:I0:11	36	1.00001e+06	625854	606610	829793	2.81406e+06
293T_TFF1_DNA_Pool-2_8F:N9:Q8:11	48	1.00001e+06	0	988172	684419	364500
293T_TFF1_DNA_Pool-2_8F:O0:O1:11	54	1.00001e+06	0	1.07467e+06	851891	785650
293T_TFF1_DNA_Pool-2_8F:O0:Y5:11	35	1.00001e+06	0	1.20637e+06	796925	1.24803e+06
293T_TFF1_DNA_Pool-2_8F:O3:U6:04	174	1.00001e+06	1.12912e+06	1.60566e+06	1.51693e+06	891911
293T_TFF1_DNA_Pool-2_8F:O7:94:04	86	1.00001e+06	736061	1.33412e+06	783898	2.35889e+06
293T_TFF1_DNA_Pool-2_8F:O7:C9:11	52	1.00001e+06	3.65818e+06	2.76142e+06	1.11276e+06	6.80811e+06
293T_TFF1_DNA_Pool-2_8F:O7:D3:07	45	1.00001e+06	252143	510885	820015	875073
293T_TFF1_DNA_Pool-2_8F:O7:L7:01	21	1.00001e+06	0	673847	222364	1.06739e+06
293T_TFF1_DNA_Pool-2_8F:O7:Y2:03	64	1.00001e+06	1.02953e+06	859127	1.03903e+06	419246
293T_TFF1_DNA_Pool-2_8F:P5:N8:01	37	1.00001e+06	1.68948e+06	681803	241392	379574
293T_TFF1_DNA_Pool-2_8F:Q0:B8:08	23	1.00001e+06	0	812610	730058	249384
293T_TFF1_DNA_Pool-2_8F:Q0:J0:01	37	1.00001e+06	1.76558e+06	544945	843339	379930
293T_TFF1_DNA_Pool-2_8F:R1:54:04	60	1.00001e+06	2.75783e+06	782892	965842	580312
293T_TFF1_DNA_Pool-2_8F:R1:56:04	66	1.00001e+06	1.08921e+06	979020	926485	1.0881e+06
293T_TFF1_DNA_Pool-2_8F:R1:56:05	79	1.00001e+06	579808	1.37571e+06	986117	2.11254e+06
293T_TFF1_DNA_Pool-2_8F:R1:E2:08	79	1.00001e+06	0	948795	702064	1.76045e+06
293T_TFF1_DNA_Pool-2_8F:R1:O2:12	52	1.00001e+06	2.1327e+06	803254	680035	2.22853e+06
293T_TFF1_DNA_Pool-2_8F:R9:46:02	45	1.00001e+06	1.40891e+06	1.24475e+06	791260	3.12993e+06
293T_TFF1_DNA_Pool-2_8F:S0:E2:04	23	1.00001e+06	1.69524e+06	603525	765757	189312
293T_TFF1_DNA_Pool-2_8F:S0:J3:11	43	1.00001e+06	624133	999058	962598	407402
293T_TFF1_DNA_Pool-2_8F:S7:08:08	42	1.00001e+06	1.52239e+06	925844	801098	74017.5
293T_TFF1_DNA_Pool-2_8F:S7:17:04	80	1.00001e+06	0	1.5058e+06	1.00612e+06	731929
293T_TFF1_DNA_Pool-2_8F:S7:41:12	21	1.00001e+06	2.19176e+06	1.01042e+06	709424	2.58208e+06
293T_TFF1_DNA_Pool-2_8F:S7:56:04	83	1.00001e+06	0	1.07138e+06	1.04968e+06	3.75174e+06
293T_TFF1_DNA_Pool-2_8F:S7:G8:12	22	1.00001e+06	1.63402e+06	560558	19994.3	1.76202e+06
293T_TFF1_DNA_Pool-2_8F:S7:H0:08	23	1.00001e+06	1.77706e+06	687686	742445	353966
293T_TFF1_DNA_Pool-2_8F:S7:L6:12	31	1.00001e+06	0	781830	722271	546494
293T_TFF1_DNA_Pool-2_8F:S7:N7:03	49	1.00001e+06	0	997879	851434	247398
293T_TFF1_DNA_Pool-2_8F:S7:P0:01	230	1.00001e+06	2.30401e+06	1.96747e+06	2.45521e+06	2.43684e+06
293T_TFF1_DNA_Pool-2_8F:S7:R3:11	23	1.00001e+06	446744	574559	729567	274075
293T_TFF1_DNA_Pool-2_8F:S8:D3:01	40	1.00001e+06	1.69301e+06	569154	750269	717293
293T_TFF1_DNA_Pool-2_8F:S8:P0:01	78	1.00001e+06	2.78243e+06	1.5084e+06	865854	757748
293T_TFF1_DNA_Pool-2_8F:S8:P0:04	29	1.00001e+06	1.9847e+06	545913	25843.2	91198.6
293T_TFF1_DNA_Pool-2_8F:S8:T0:09	78	1.00001e+06	348526	1.16765e+06	890807	517799
293T_TFF1_DNA_Pool-2_8F:S8:Y9:08	36	1.00001e+06	2.58845e+06	1.155e+06	777238	2.90281e+06
293T_TFF1_DNA_Pool-2_8F:U0:E6:04	25	1.00001e+06	215468	312993	681993	2.15512e-12
293T_TFF1_DNA_Pool-2_8F:U0:T8:11	207	1.00001e+06	0	1.55571e+06	1.05229e+06	1.10928e+06
293T_TFF1_DNA_Pool-2_8F:U4:09:04	28	1.00001e+06	869585	825056	704638	4.49709e+06
293T_TFF1_DNA_Pool-2_8F:U4:P3:11	24	1.00001e+06	118988	670021	737818	0
293T_TFF1_DNA_Pool-2_8F:U7:O6:12	25	1.00001e+06	0	1.04584e+06	581091	327326
293T_TFF1_DNA_Pool-2_8F:U7:X8:04	32	1.00001e+06	1.62191e+06	650924	809319	302779
293T_TFF1_DNA_Pool-2_8F:V1:K5:05	74	1.00001e+06	1.85861e+06	1.17949e+06	802079	1.1405e+06
293T_TFF1_DNA_Pool-2_8F:V2:54:05	42	1.00001e+06	1.62971e+06	487571	772452	140825
293T_TFF1_DNA_Pool-2_8F:V2:P0:03	57	1.00001e+06	1.68984e+06	703356	624757	386706
293T_TFF1_DNA_Pool-2_8F:V6:0F:01	36	1.00001e+06	0	833082	790203	1.54793e+06
293T_TFF1_DNA_Pool-2_8F:V6:56:04	21	1.00001e+06	1.88698e+06	710129	745409	503691
293T_TFF1_DNA_Pool-2_8F:W0:B2:11	24	1.00001e+06	183855	679633	19564.9	2.07175e+06
293T_TFF1_DNA_Pool-2_8F:W8:N8:05	41	1.00001e+06	2.48885e+06	1.33611e+06	712092	2.67796e+06
293T_TFF1_DNA_Pool-2_8F:W8:Y1:05	24	1.00001e+06	0	481118	13268.7	88800.4
293T_TFF1_DNA_Pool-2_8F:X1:G4:08	59	1.00001e+06	0	1.02826e+06	874490	280833
293T_TFF1_DNA_Pool-2_8F:X1:H3:01	23	1.00001e+06	132452	902175	997884	248361
293T_TFF1_DNA_Pool-2_8F:X5:0A:04	35	1.00001e+06	244818	589732	767051	116101
293T_TFF1_DNA_Pool-2_8F:X5:A4:04	123	1.00001e+06	0	1.74737e+06	1.28991e+06	2.00981e+06
293T_TFF1_DNA_Pool-2_8F:X5:B0:08	114	1.00001e+06	2.2125e+06	1.52085e+06	1.15019e+06	1.54237e+06
293T_TFF1_DNA_Pool-2_8F:X5:B0:11	181	1.00001e+06	0	1.78896e+06	801992	542817
293T_TFF1_DNA_Pool-2_8F:X5:B2:11	592	1.00001e+06	1.85686e+06	2.70389e+06	8.62458e+06	2.33654e+06
293T_TFF1_DNA_Pool-2_8F:X5:C0:08	100	1.00001e+06	0	1.12717e+06	1.11039e+06	1.16961e+06
293T_TFF1_DNA_Pool-2_8F:X5:C8:04	115	1.00001e+06	1.24995e+06	1.07733e+06	666375	401813
293T_TFF1_DNA_Pool-2_8F:X5:J3:05	43	1.00001e+06	1.46085e+06	1.25004e+06	894338	794446
293T_TFF1_DNA_Pool-2_8F:X5:J8:05	45	1.00001e+06	116197	647661	662852	618694
293T_TFF1_DNA_Pool-2_8F:X5:L4:04	57	1.00001e+06	2.27867e+06	911118	760900	632293
293T_TFF1_DNA_Pool-2_8F:X5:N7:03	68	1.00001e+06	1.82381e+06	1.22728e+06	803812	3.15345e+06
293T_TFF1_DNA_Pool-2_8F:X5:O1:11	161	1.00001e+06	1.75164e+06	1.74362e+06	1.24795e+06	3.09218e+06
293T_TFF1_DNA_Pool-2_8F:X5:R3:11	51	1.00001e+06	0	667362	580201	645121
293T_TFF1_DNA_Pool-2_8F:X5:R7:07	38	1.00001e+06	0	609328	768223	545089
293T_TFF1_DNA_Pool-2_8F:X5:X7:01	125	1.00001e+06	607787	1.48316e+06	805572	807092
293T_TFF1_DNA_Pool-2_8F:X5:Y2:11	95	1.00001e+06	441164	1.32941e+06	952288	1.76364e+06
293T_TFF1_DNA_Pool-2_8F:X5:Y6:11	171	1.00001e+06	2.80543e+06	1.93713e+06	1.33622e+06	1.10997e+06
293T_TFF1_DNA_Pool-2_8F:Y3:93:05	31	1.00001e+06	115961	481090	843639	437032
293T_TFF1_DNA_Pool-2_8F:Z5:46:11	114	1.00001e+06	770049	1.16212e+06	883857	598388
293T_TFF1_DNA_Pool-2_8F:Z5:G4:05	27	1.00001e+06	188334	1.00358e+06	809308	1.08867e+06
293T_TFF1_DNA_Pool-2_8E:08:T4:07	33	1.00001e+06	207064	527635	795989	272243
293T_TFF1_DNA_Pool-2_8E:0E:I1:04	116	1.00001e+06	585185	1.31813e+06	1.12585e+06	1.72287e+06
293T_TFF1_DNA_Pool-2_8E:0H:C4:09	85	1.00001e+06	0	1.21328e+06	1.44059e+06	924457
293T_TFF1_DNA_Pool-2_8E:0H:S1:08	24	1.00001e+06	0	393174	839136	259858
293T_TFF1_DNA_Pool-2_8E:0M:P3:04	21	1.00001e+06	94636.4	390022	18987.6	63735.5
293T_TFF1_DNA_Pool-2_8E:0Q:H8:04	27	1.00001e+06	1.57696e+06	419387	160774	301673
293T_TFF1_DNA_Pool-2_8E:0Q:M8:09	30	1.00001e+06	0	774034	791518	0
293T_TFF1_DNA_Pool-2_8E:0T:M4:11	24	1.00001e+06	2.24233e+06	1.21302e+06	661065	540032
293T_TFF1_DNA_Pool-2_8E:0T:T4:08	52	1.00001e+06	1.87563e+06	698456	852790	856158
293T_TFF1_DNA_Pool-2_8E:0X:0A:04	31	1.00001e+06	197946	407485	728059	620103
293T_TFF1_DNA_Pool-2_8E:0X:C4:09	37	1.00001e+06	1.64258e+06	659879	647950	146874
293T_TFF1_DNA_Pool-2_8E:0X:F8:08	47	1.00001e+06	2.85943e+06	677163	785732	279855
293T_TFF1_DNA_Pool-2_8E:0X:L0:08	69	1.00001e+06	914657	1.2087e+06	835442	824856
293T_TFF1_DNA_Pool-2_8E:0X:N0:08	42	1.00001e+06	0	320268	595729	75496.7
293T_TFF1_DNA_Pool-2_8E:0X:O1:08	47	1.00001e+06	333608	821364	891707	410296
293T_TFF1_DNA_Pool-2_8E:0X:Q0:10	131	1.00001e+06	0	1.37782e+06	1.2506e+06	1.23126e+06
293T_TFF1_DNA_Pool-2_8E:0X:Z8:04	429	1.00001e+06	1.26488e+07	2.49295e+06	4.7651e+06	2.40312e+06
293T_TFF1_DNA_Pool-2_8E:0Y:N7:08	35	1.00001e+06	0	532546	606468	454496
293T_TFF1_DNA_Pool-2_8E:0Y:S9:08	21	1.00001e+06	1.72235e+06	554615	16133.4	0
293T_TFF1_DNA_Pool-2_8E:11:N8:09	52	1.00001e+06	1.55261e+06	1.37361e+06	780439	1.16574e+06
293T_TFF1_DNA_Pool-2_8E:19:0R:08	147	1.00001e+06	0	1.71188e+06	828766	611165
293T_TFF1_DNA_Pool-2_8E:32:Y5:08	26	1.00001e+06	1.97387e+06	566769	652550	0
293T_TFF1_DNA_Pool-2_8E:39:J4:08	41	1.00001e+06	2.03971e+06	1.08136e+06	902874	892142
293T_TFF1_DNA_Pool-2_8E:39:K0:09	37	1.00001e+06	0	968774	817040	640322
293T_TFF1_DNA_Pool-2_8E:47:08:07	44	1.00001e+06	1.71664e+06	375245	723959	0
293T_TFF1_DNA_Pool-2_8E:47:46:04	64	1.00001e+06	1.42161e+06	1.1651e+06	710934	1.57328e+06
293T_TFF1_DNA_Pool-2_8E:47:98:09	98	1.00001e+06	582382	1.51165e+06	1.31497e+06	1.32325e+06
293T_TFF1_DNA_Pool-2_8E:47:E2:09	67	1.00001e+06	0	1.33654e+06	727099	704769
293T_TFF1_DNA_Pool-2_8E:52:J0:08	34	1.00001e+06	0	714637	814058	980258
293T_TFF1_DNA_Pool-2_8E:52:P8:10	25	1.00001e+06	1.16112e+06	651428	475374	440821
293T_TFF1_DNA_Pool-2_8E:55:0R:08	41	1.00001e+06	968310	972559	808166	1.01721e+06
293T_TFF1_DNA_Pool-2_8E:91:E8:05	59	1.00001e+06	1.70501e+06	852793	1.01316e+06	235605
293T_TFF1_DNA_Pool-2_8E:91:J4:04	58	1.00001e+06	2.08111e+06	995563	826428	1.17924e+06
293T_TFF1_DNA_Pool-2_8E:91:Y1:04	31	1.00001e+06	0	1.39988e+06	812906	375293
293T_TFF1_DNA_Pool-2_8E:92:T4:04	31	1.00001e+06	428350	911892	913223	5.14528e+06
293T_TFF1_DNA_Pool-2_8E:95:K5:04	27	1.00001e+06	0	869742	653592	824596
293T_TFF1_DNA_Pool-2_8E:95:O6:04	72	1.00001e+06	2.61847e+06	903113	734987	1.7807e+06
293T_TFF1_DNA_Pool-2_8E:95:T7:08	78	1.00001e+06	1.55002e+06	1.11119e+06	983862	785554
293T_TFF1_DNA_Pool-2_8E:95:Y1:09	219	1.00001e+06	1.48003e+06	1.73098e+06	851087	1.35233e+06
293T_TFF1_DNA_Pool-2_8E:A0:O2:04	20	1.00001e+06	2.399e+06	567093	721172	397140
293T_TFF1_DNA_Pool-2_8E:A7:0W:08	30	1.00001e+06	0	994045	636560	5.24691e+06
293T_TFF1_DNA_Pool-2_8E:A8:72:08	34	1.00001e+06	2.26707e+06	794584	725028	622482
293T_TFF1_DNA_Pool-2_8E:B5:0W:08	32	1.00001e+06	1.56756e+06	578404	775168	400888
293T_TFF1_DNA_Pool-2_8E:C0:98:05	20	1.00001e+06	0	871315	571984	149586
293T_TFF1_DNA_Pool-2_8E:C4:I2:07	23	1.00001e+06	0	418816	577633	78475.2
293T_TFF1_DNA_Pool-2_8E:C8:Y5:03	32	1.00001e+06	0	412975	518822	296218
293T_TFF1_DNA_Pool-2_8E:E4:T0:04	32	1.00001e+06	185552	604184	811213	0
293T_TFF1_DNA_Pool-2_8E:F5:N8:04	22	1.00001e+06	1.5501e+06	373979	157634	92814.9
293T_TFF1_DNA_Pool-2_8E:F7:98:11	22	1.00001e+06	1.60932e+06	470063	15478.1	0
293T_TFF1_DNA_Pool-2_8E:F7:H2:09	37	1.00001e+06	1.05553e+06	345117	827872	0
293T_TFF1_DNA_Pool-2_8E:G0:94:08	22	1.00001e+06	1.39482e+06	333744	705088	370009
293T_TFF1_DNA_Pool-2_8E:G8:N7:04	24	1.00001e+06	1.63044e+06	660860	765212	164263
293T_TFF1_DNA_Pool-2_8E:G8:U5:04	84	1.00001e+06	838015	1.32155e+06	816840	884359
293T_TFF1_DNA_Pool-2_8E:H2:72:08	642	1.00001e+06	4.81324e+06	2.65041e+06	7.13299e+06	1.56532e+06
293T_TFF1_DNA_Pool-2_8E:H9:93:07	45	1.00001e+06	2.48473e+06	805775	871738	481352
293T_TFF1_DNA_Pool-2_8E:I8:76:08	45	1.00001e+06	2.04347e+06	698911	906243	152935
293T_TFF1_DNA_Pool-2_8E:J1:58:08	20	1.00001e+06	2.06124e+06	644072	768453	4.94964e+06
293T_TFF1_DNA_Pool-2_8E:J1:G8:07	28	1.00001e+06	1.82113e+06	467189	715115	149824
293T_TFF1_DNA_Pool-2_8E:J1:H2:12	23	1.00001e+06	1.61381e+06	540260	746208	3.6164e+06
293T_TFF1_DNA_Pool-2_8E:J2:93:08	22	1.00001e+06	1.39041e+06	414149	41018.4	0
293T_TFF1_DNA_Pool-2_8E:J9:S5:09	46	1.00001e+06	0	1.13992e+06	905241	714331
293T_TFF1_DNA_Pool-2_8E:K7:H2:04	35	1.00001e+06	215906	746967	851659	852298
293T_TFF1_DNA_Pool-2_8E:L5:72:08	31	1.00001e+06	0	555709	591468	431512
293T_TFF1_DNA_Pool-2_8E:L5:Y5:03	34	1.00001e+06	2.32681e+06	729444	757539	1.7337e+06
293T_TFF1_DNA_Pool-2_8E:M0:T4:04	56	1.00001e+06	0	1.11305e+06	746952	1.64213e+06
293T_TFF1_DNA_Pool-2_8E:M3:84:09	22	1.00001e+06	208425	856565	649857	944596
293T_TFF1_DNA_Pool-2_8E:M3:A5:09	23	1.00001e+06	720722	531203	719034	4.16453e+06
293T_TFF1_DNA_Pool-2_8E:N5:T7:04	36	1.00001e+06	0	639228	732204	0
293T_TFF1_DNA_Pool-2_8E:N5:Z3:09	21	1.00001e+06	137068	296022	66779.8	125273
293T_TFF1_DNA_Pool-2_8E:N9:45:08	83	1.00001e+06	2.34294e+06	972815	723478	2.01195e+06
293T_TFF1_DNA_Pool-2_8E:N9:54:07	80	1.00001e+06	2.69085e+06	1.28846e+06	721442	2.99352e+06
293T_TFF1_DNA_Pool-2_8E:N9:98:09	133	1.00001e+06	0	1.31108e+06	793924	1.64251e+06
293T_TFF1_DNA_Pool-2_8E:N9:N4:04	159	1.00001e+06	0	1.29243e+06	861608	3.24984e+06
293T_TFF1_DNA_Pool-2_8E:N9:N4:08	30	1.00001e+06	0	699443	723104	1.26624e+06
293T_TFF1_DNA_Pool-2_8E:N9:P8:08	46	1.00001e+06	2.75798e+06	1.22538e+06	904328	2.12698e+06
293T_TFF1_DNA_Pool-2_8E:N9:T2:08	35	1.00001e+06	2.49362e+06	630434	755903	971456
293T_TFF1_DNA_Pool-2_8E:N9:U1:08	22	1.00001e+06	0	211114	179044	0
293T_TFF1_DNA_Pool-2_8E:N9:U5:03	53	1.00001e+06	1.26301e+06	1.14172e+06	843341	213283
293T_TFF1_DNA_Pool-2_8E:N9:U5:04	290	1.00001e+06	1.74011e+06	2.00752e+06	1.47036e+06	2.22499e+06
293T_TFF1_DNA_Pool-2_8E:O3:B2:08	23	1.00001e+06	0	633027	709680	1.84291e+06
293T_TFF1_DNA_Pool-2_8E:O3:B2:09	485	1.00001e+06	6.02487e+06	2.76536e+06	5.1227e+06	2.70087e+06
293T_TFF1_DNA_Pool-2_8E:O7:N7:07	27	1.00001e+06	2.10544e+06	874309	800153	588685
293T_TFF1_DNA_Pool-2_8E:P2:E1:04	28	1.00001e+06	0	1.05071e+06	842913	2.49259e+06
293T_TFF1_DNA_Pool-2_8E:P5:J6:08	35	1.00001e+06	2.0805e+06	1.67465e+06	16556.4	2.96232e+06
293T_TFF1_DNA_Pool-2_8E:P6:84:07	20	1.00001e+06	689503	550908	718513	0
293T_TFF1_DNA_Pool-2_8E:P6:U5:04	47	1.00001e+06	2.17838e+06	761215	964754	306114
293T_TFF1_DNA_Pool-2_8E:P6:Y5:08	23	1.00001e+06	0	268075	755851	0
293T_TFF1_DNA_Pool-2_8E:Q0:02:08	39	1.00001e+06	428791	575072	790889	100900
293T_TFF1_DNA_Pool-2_8E:Q4:I9:08	20	1.00001e+06	0	531695	726627	4.81023e+06
293T_TFF1_DNA_Pool-2_8E:Q7:29:08	272	1.00001e+06	0	2.09274e+06	2.71488e+06	1.71726e+06
293T_TFF1_DNA_Pool-2_8E:Q8:A0:09	37	1.00001e+06	0	454596	509327	725928
293T_TFF1_DNA_Pool-2_8E:R6:17:11	22	1.00001e+06	1.62714e+06	361399	521218	1.89692e+06
293T_TFF1_DNA_Pool-2_8E:R6:50:09	29	1.00001e+06	1.39694e+06	660070	677231	114396
293T_TFF1_DNA_Pool-2_8E:R6:68:09	188	1.00001e+06	4.20926e+06	1.57685e+06	1.48577e+06	3.66968e+06
293T_TFF1_DNA_Pool-2_8E:R9:Y1:04	29	1.00001e+06	2.65777e+06	1.08929e+06	837769	801984
293T_TFF1_DNA_Pool-2_8E:S7:C0:08	49	1.00001e+06	718162	675118	704269	649140
293T_TFF1_DNA_Pool-2_8E:S7:L6:04	35	1.00001e+06	2.32848e+06	804256	816229	922831
293T_TFF1_DNA_Pool-2_8E:S8:13:07	20	1.00001e+06	0	805049	703345	115892
293T_TFF1_DNA_Pool-2_8E:S8:X4:07	30	1.00001e+06	0	455168	260250	195675
293T_TFF1_DNA_Pool-2_8E:V2:K6:08	66	1.00001e+06	0	1.18097e+06	584333	994262
293T_TFF1_DNA_Pool-2_8E:V2:U5:04	61	1.00001e+06	2.13433e+06	1.17038e+06	1.13423e+06	955716
293T_TFF1_DNA_Pool-2_8E:V6:0F:01	80	1.00001e+06	1.89622e+06	1.20924e+06	904095	1.09746e+06
293T_TFF1_DNA_Pool-2_8E:V9:0I:08	20	1.00001e+06	0	464830	706523	54459.2
293T_TFF1_DNA_Pool-2_8E:V9:E2:04	121	1.00001e+06	1.53246e+06	1.44965e+06	1.24252e+06	760718
293T_TFF1_DNA_Pool-2_8E:W0:D0:04	25	1.00001e+06	0	691708	779364	717759
293T_TFF1_DNA_Pool-2_8E:W4:E2:04	63	1.00001e+06	2.80312e+06	1.24105e+06	998883	895959
293T_TFF1_DNA_Pool-2_8E:W7:E9:08	28	1.00001e+06	0	360925	741007	82968.2
293T_TFF1_DNA_Pool-2_8E:X5:17:09	178	1.00001e+06	3.54229e+06	1.61762e+06	1.04948e+06	688638
293T_TFF1_DNA_Pool-2_8E:X5:98:04	122	1.00001e+06	2.43699e+06	1.27757e+06	1.09933e+06	3.33902e+06
293T_TFF1_DNA_Pool-2_8E:X5:I1:09	53	1.00001e+06	1.31658e+06	1.046e+06	819300	0
293T_TFF1_DNA_Pool-2_8E:X5:W0:05	754	1.00001e+06	0	3.17538e+06	8.72666e+06	2.47939e+06
293T_TFF1_DNA_Pool-2_8E:X5:Y5:08	268	1.00001e+06	4.74107e+06	1.46941e+06	893833	1.07995e+06
293T_TFF1_DNA_Pool-2_8E:X6:45:04	24	1.00001e+06	0	634975	814905	312436
293T_TFF1_DNA_Pool-2_8E:Z5:0R:08	23	NA	0	254220	769581	0
293T_TFF1_DNA_Pool-2_8D:0U:22:07	27	1.00001e+06	0	788881	611796	3.44501e+06
293T_TFF1_DNA_Pool-2_8D:0X:0F:07	29	1.00001e+06	1.69651e+06	634174	212282	513175
293T_TFF1_DNA_Pool-2_8D:0X:45:06	38	1.00001e+06	120955	548672	757775	0
293T_TFF1_DNA_Pool-2_8D:0X:54:07	118	1.00001e+06	1.96891e+06	1.5985e+06	1.09029e+06	2.96901e+06
293T_TFF1_DNA_Pool-2_8D:0X:84:07	96	1.00001e+06	1.3853e+06	1.4127e+06	1.25837e+06	722693
293T_TFF1_DNA_Pool-2_8D:0X:A6:07	27	1.00001e+06	0	310037	881817	0
293T_TFF1_DNA_Pool-2_8D:0X:D0:07	21	1.00001e+06	2.17828e+06	486368	792455	3.10319e-11
293T_TFF1_DNA_Pool-2_8D:0X:J0:07	158	1.00001e+06	933309	1.67363e+06	1.16845e+06	1.66854e+06
293T_TFF1_DNA_Pool-2_8D:0X:K4:06	42	1.00001e+06	1.22532e+06	724087	471638	823815
293T_TFF1_DNA_Pool-2_8D:0X:M1:01	29	1.00001e+06	2.46498e+06	1.0582e+06	733434	3.61638e+06
293T_TFF1_DNA_Pool-2_8D:0X:S9:09	68	1.00001e+06	905480	745378	895541	360616
293T_TFF1_DNA_Pool-2_8D:0X:X7:12	42	1.00001e+06	444055	1.02515e+06	725622	1.12619e+06
293T_TFF1_DNA_Pool-2_8D:0Y:H8:07	29	1.00001e+06	1.63932e+06	449853	844261	387353
293T_TFF1_DNA_Pool-2_8D:0Y:J0:07	91	1.00001e+06	957843	1.13209e+06	688533	1.41977e+06
293T_TFF1_DNA_Pool-2_8D:0Y:J6:07	37	1.00001e+06	0	650763	638554	541777
293T_TFF1_DNA_Pool-2_8D:19:T7:02	47	1.00001e+06	1.68407e+06	1.10532e+06	587334	646353
293T_TFF1_DNA_Pool-2_8D:39:76:05	25	1.00001e+06	0	1.22363e+06	90330.9	358622
293T_TFF1_DNA_Pool-2_8D:52:F3:07	75	1.00001e+06	210118	839444	746125	622073
293T_TFF1_DNA_Pool-2_8D:56:56:04	20	1.00001e+06	0	578907	707199	0
293T_TFF1_DNA_Pool-2_8D:59:C0:07	38	1.00001e+06	1.59314e+06	613024	726723	98433.2
293T_TFF1_DNA_Pool-2_8D:71:L3:01	45	1.00001e+06	0	652686	636353	328307
293T_TFF1_DNA_Pool-2_8D:72:X7:03	42	1.00001e+06	0	2.01061e+06	3.35751e+06	1.24166e+06
293T_TFF1_DNA_Pool-2_8D:76:F3:07	96	1.00001e+06	2.4008e+06	984139	764354	679327
293T_TFF1_DNA_Pool-2_8D:80:P0:07	27	1.00001e+06	126769	293647	50600.3	0
293T_TFF1_DNA_Pool-2_8D:99:Q0:01	30	1.00001e+06	1.38952e+06	785993	791715	4.80851e+06
293T_TFF1_DNA_Pool-2_8D:A4:65:04	21	1.00001e+06	1.35375e+06	611452	1.00623e+06	1.26244e+06
293T_TFF1_DNA_Pool-2_8D:A7:F3:07	54	1.00001e+06	2.48815e+06	1.10235e+06	859336	752659
293T_TFF1_DNA_Pool-2_8D:C4:E9:07	26	1.00001e+06	0	731719	778342	756563
293T_TFF1_DNA_Pool-2_8D:D9:54:07	25	1.00001e+06	1.60286e+06	545950	632664	58198.7
293T_TFF1_DNA_Pool-2_8D:E3:02:07	31	1.00001e+06	851964	830559	816078	1.19664e+06
293T_TFF1_DNA_Pool-2_8D:E3:66:07	35	1.00001e+06	0	484493	819735	204169
293T_TFF1_DNA_Pool-2_8D:E3:D4:07	30	1.00001e+06	0	984412	752054	611823
293T_TFF1_DNA_Pool-2_8D:E3:G8:07	84	1.00001e+06	0	913663	904033	850623
293T_TFF1_DNA_Pool-2_8D:E3:S6:07	68	1.00001e+06	174225	1.12658e+06	849399	0
293T_TFF1_DNA_Pool-2_8D:E3:T4:07	50	1.00001e+06	3.61424e+06	1.46234e+06	798928	1.20819e+06
293T_TFF1_DNA_Pool-2_8D:H5:O6:01	30	1.00001e+06	94360.2	343428	756251	0
293T_TFF1_DNA_Pool-2_8D:I4:O5:07	24	1.00001e+06	0	1.02726e+06	770692	2.52423e+06
293T_TFF1_DNA_Pool-2_8D:J1:0A:04	25	1.00001e+06	0	641749	818387	131101
293T_TFF1_DNA_Pool-2_8D:J1:F2:01	48	1.00001e+06	0	893102	813609	4.55561e+06
293T_TFF1_DNA_Pool-2_8D:J1:W2:07	36	1.00001e+06	1.51608e+06	256689	19553.7	107791
293T_TFF1_DNA_Pool-2_8D:K8:25:02	782	1.00001e+06	0	3.83408e+06	8.16388e+06	3.14088e+06
293T_TFF1_DNA_Pool-2_8D:L9:14:01	37	1.00001e+06	374991	550237	804611	274844
293T_TFF1_DNA_Pool-2_8D:N9:E2:07	67	1.00001e+06	2.89795e+06	1.0219e+06	770352	1.22464e+06
293T_TFF1_DNA_Pool-2_8D:N9:M1:01	21	1.00001e+06	0	677821	691141	0
293T_TFF1_DNA_Pool-2_8D:N9:N8:07	38	1.00001e+06	1.95601e+06	764386	818744	681746
293T_TFF1_DNA_Pool-2_8D:N9:W2:03	44	1.00001e+06	0	1.35065e+06	728097	704308
293T_TFF1_DNA_Pool-2_8D:O7:84:07	37	1.00001e+06	269823	523100	29358.3	234401
293T_TFF1_DNA_Pool-2_8D:O7:B2:02	246	1.00001e+06	731439	1.90829e+06	1.31733e+06	1.42133e+06
293T_TFF1_DNA_Pool-2_8D:Q8:R0:02	20	1.00001e+06	0	569180	1.06741e+06	357583
293T_TFF1_DNA_Pool-2_8D:R1:W6:07	44	1.00001e+06	0	671629	744393	145746
293T_TFF1_DNA_Pool-2_8D:R9:B2:07	22	1.00001e+06	0	319531	257443	0
293T_TFF1_DNA_Pool-2_8D:S7:09:09	21	1.00001e+06	735241	729544	768146	552934
293T_TFF1_DNA_Pool-2_8D:S7:0A:04	30	1.00001e+06	1.3585e+06	516943	759783	77829.2
293T_TFF1_DNA_Pool-2_8D:S7:G5:07	51	1.00001e+06	403697	767653	928277	420532
293T_TFF1_DNA_Pool-2_8D:S7:T0:07	58	1.00001e+06	0	855533	745700	0
293T_TFF1_DNA_Pool-2_8D:S7:Y5:07	33	1.00001e+06	876099	1.23992e+06	751398	1.27429e+06
293T_TFF1_DNA_Pool-2_8D:U4:X7:07	156	1.00001e+06	3.33147e+06	1.30384e+06	1.05293e+06	227545
293T_TFF1_DNA_Pool-2_8D:V9:J0:07	26	1.00001e+06	0	861266	683904	116582
293T_TFF1_DNA_Pool-2_8D:X5:09:07	59	1.00001e+06	0	1.19008e+06	1.31755e+06	2.31496e+06
293T_TFF1_DNA_Pool-2_8D:X5:0A:04	31	1.00001e+06	0	794440	567833	565054
293T_TFF1_DNA_Pool-2_8D:X5:A4:07	76	1.00001e+06	0	1.00798e+06	716228	568306
293T_TFF1_DNA_Pool-2_8D:X5:C8:04	62	1.00001e+06	2.52279e+06	1.8088e+06	4.7089e+06	924218
293T_TFF1_DNA_Pool-2_8D:X5:G2:01	125	1.00001e+06	0	1.06499e+06	708036	1.99399e+06
293T_TFF1_DNA_Pool-2_8D:X5:I0:07	38	1.00001e+06	0	970352	835351	1.04521e+06
293T_TFF1_DNA_Pool-2_8D:X5:P3:07	26	1.00001e+06	0	871407	715870	3.10837e+06
293T_TFF1_DNA_Pool-2_8D:X5:X8:07	145	1.00001e+06	0	1.51649e+06	1.08902e+06	1.99621e+06
293T_TFF1_DNA_Pool-2_8D:X5:Z8:07	70	1.00001e+06	1.05313e+06	835733	662546	2.18705e+06
293T_TFF1_DNA_Pool-2_8D:Z9:J4:07	53	1.00001e+06	2.09155e+06	797436	724698	313153
293T_TFF1_DNA_Pool-2_8C:04:K0:01	391	1.00001e+06	4.16605e+06	2.07904e+06	3.59595e+06	1.32705e+06
293T_TFF1_DNA_Pool-2_8C:08:F3:01	123	1.00001e+06	1.57244e+06	1.14873e+06	640157	1.36426e+06
293T_TFF1_DNA_Pool-2_8C:0E:E2:10	95	1.00001e+06	353192	1.1263e+06	720599	961674
293T_TFF1_DNA_Pool-2_8C:0H:N8:04	24	1.00001e+06	1.90684e+06	867888	839796	85006.5
293T_TFF1_DNA_Pool-2_8C:0H:O2:01	31	1.00001e+06	2.95457e+06	843024	728720	332260
293T_TFF1_DNA_Pool-2_8C:0H:O9:01	84	1.00001e+06	492133	749581	833698	11509.5
293T_TFF1_DNA_Pool-2_8C:0M:J0:01	23	1.00001e+06	0	525440	680727	1.96613e+06
293T_TFF1_DNA_Pool-2_8C:0M:J6:01	21	1.00001e+06	1.60137e+06	355057	11126.6	0
293T_TFF1_DNA_Pool-2_8C:0Q:H2:04	35	1.00001e+06	1.25043e+06	1.29042e+06	768763	388758
293T_TFF1_DNA_Pool-2_8C:0Q:I2:01	25	1.00001e+06	185457	570792	617515	0
293T_TFF1_DNA_Pool-2_8C:0Q:O9:10	26	1.00001e+06	673402	677007	735672	983115
293T_TFF1_DNA_Pool-2_8C:0T:E9:01	46	1.00001e+06	0	913669	710582	1.10359e+06
293T_TFF1_DNA_Pool-2_8C:0T:J4:02	24	1.00001e+06	1.87923e+06	607826	747124	1.36217e+06
293T_TFF1_DNA_Pool-2_8C:0X:0A:04	326	1.00001e+06	9.55251e+06	2.53204e+06	2.47413e+06	3.58129e+06
293T_TFF1_DNA_Pool-2_8C:0X:98:10	57	1.00001e+06	1.30005e+06	1.06693e+06	833185	305097
293T_TFF1_DNA_Pool-2_8C:0X:G0:01	124	1.00001e+06	517280	1.4159e+06	1.67797e+06	436236
293T_TFF1_DNA_Pool-2_8C:0X:N7:01	125	1.00001e+06	3.95724e+06	1.66898e+06	1.25567e+06	835376
293T_TFF1_DNA_Pool-2_8C:0X:P0:01	94	1.00001e+06	1.20388e+06	1.20235e+06	710439	1.08333e+06
293T_TFF1_DNA_Pool-2_8C:0X:Q8:10	44	1.00001e+06	1.3028e+06	1.50514e+06	847146	2.11613e+06
293T_TFF1_DNA_Pool-2_8C:0Y:0A:04	42	1.00001e+06	2.14112e+06	1.20119e+06	766518	4.67926e+06
293T_TFF1_DNA_Pool-2_8C:0Y:0N:04	59	1.00001e+06	946932	1.10476e+06	851327	4.65298e+06
293T_TFF1_DNA_Pool-2_8C:0Y:E2:01	300	1.00001e+06	0	2.09383e+06	3.16312e+06	1.68988e+06
293T_TFF1_DNA_Pool-2_8C:0Y:E9:08	125	1.00001e+06	707053	834241	808505	112000
293T_TFF1_DNA_Pool-2_8C:0Y:F8:10	22	1.00001e+06	2.14183e+06	653401	929029	401359
293T_TFF1_DNA_Pool-2_8C:11:F3:10	418	1.00001e+06	0	2.78238e+06	3.2546e+06	2.44584e+06
293T_TFF1_DNA_Pool-2_8C:12:54:01	30	1.00001e+06	0	515248	28549.6	87173.6
293T_TFF1_DNA_Pool-2_8C:12:A4:01	21	1.00001e+06	0	718605	580778	490269
293T_TFF1_DNA_Pool-2_8C:15:G4:01	43	1.00001e+06	2.08806e+06	1.037e+06	1.13475e+06	673003
293T_TFF1_DNA_Pool-2_8C:15:T2:01	120	1.00001e+06	0	1.43758e+06	1.14788e+06	643383
293T_TFF1_DNA_Pool-2_8C:39:76:05	45	1.00001e+06	1.20432e+06	1.31109e+06	848245	3.74906e+06
293T_TFF1_DNA_Pool-2_8C:39:80:01	37	1.00001e+06	130461	541705	933244	61594.5
293T_TFF1_DNA_Pool-2_8C:47:0A:04	28	1.00001e+06	0	883781	827649	131949
293T_TFF1_DNA_Pool-2_8C:47:G8:04	28	1.00001e+06	0	2.05617e+06	848393	2.23776e+06
293T_TFF1_DNA_Pool-2_8C:47:Q0:10	954	1.00001e+06	5.5861e+06	2.5889e+06	1.19701e+07	2.77754e+06
293T_TFF1_DNA_Pool-2_8C:47:Y9:01	55	1.00001e+06	0	751081	656138	414486
293T_TFF1_DNA_Pool-2_8C:52:T0:01	116	1.00001e+06	2.26695e+06	1.24212e+06	793003	1.23629e+06
293T_TFF1_DNA_Pool-2_8C:55:97:10	34	1.00001e+06	0	590256	790903	0
293T_TFF1_DNA_Pool-2_8C:80:G4:01	53	1.00001e+06	0	1.04063e+06	588225	2.39563e+06
293T_TFF1_DNA_Pool-2_8C:83:R7:01	54	1.00001e+06	0	1.30319e+06	850454	1.04655e+06
293T_TFF1_DNA_Pool-2_8C:88:H0:01	23	1.00001e+06	1.62363e+06	580040	685276	0
293T_TFF1_DNA_Pool-2_8C:91:90:10	33	1.00001e+06	1.88467e+06	1.00889e+06	730419	1.22383e+06
293T_TFF1_DNA_Pool-2_8C:91:94:01	76	1.00001e+06	0	1.07051e+06	859686	1.41498e+06
293T_TFF1_DNA_Pool-2_8C:95:0A:04	37	1.00001e+06	0	977918	885488	957303
293T_TFF1_DNA_Pool-2_8C:95:30:01	79	1.00001e+06	0	654593	783507	236193
293T_TFF1_DNA_Pool-2_8C:95:46:01	256	1.00001e+06	0	1.57548e+06	1.22323e+06	1.23063e+06
293T_TFF1_DNA_Pool-2_8C:95:76:01	98	1.00001e+06	0	938487	856880	532670
293T_TFF1_DNA_Pool-2_8C:95:E9:09	53	1.00001e+06	1.66274e+06	824691	875097	47732.7
293T_TFF1_DNA_Pool-2_8C:95:H3:01	23	NA	0	246220	8344.99	121740
293T_TFF1_DNA_Pool-2_8C:95:V7:01	79	1.00001e+06	1.68732e+06	865685	733011	439758
293T_TFF1_DNA_Pool-2_8C:96:C8:01	1235	1.00001e+06	1.62362e+07	4.67284e+06	1.35651e+07	4.17518e+06
293T_TFF1_DNA_Pool-2_8C:99:B6:10	23	1.00001e+06	2.5107e+06	640419	835896	516420
293T_TFF1_DNA_Pool-2_8C:B2:E2:10	34	1.00001e+06	0	417687	755769	5.66852e+06
293T_TFF1_DNA_Pool-2_8C:B5:09:01	22	1.00001e+06	217829	490806	590569	329572
293T_TFF1_DNA_Pool-2_8C:B5:X3:01	39	1.00001e+06	671014	1.26168e+06	731405	944922
293T_TFF1_DNA_Pool-2_8C:C0:T4:01	67	1.00001e+06	457829	1.00674e+06	706511	939759
293T_TFF1_DNA_Pool-2_8C:C3:T2:01	52	1.00001e+06	684411	1.08107e+06	872719	522519
293T_TFF1_DNA_Pool-2_8C:C4:H2:04	32	1.00001e+06	0	727701	673593	170579
293T_TFF1_DNA_Pool-2_8C:C8:O2:04	28	1.00001e+06	0	1.15324e+06	834184	2.15228e+06
293T_TFF1_DNA_Pool-2_8C:D5:46:01	24	1.00001e+06	1.34524e+06	956743	816178	4.29141e+06
293T_TFF1_DNA_Pool-2_8C:E3:0A:04	44	1.00001e+06	1.05667e+06	1.35698e+06	759901	2.44836e+06
293T_TFF1_DNA_Pool-2_8C:E3:37:10	318	1.00001e+06	762788	1.92364e+06	1.41625e+06	2.37551e+06
293T_TFF1_DNA_Pool-2_8C:E3:61:01	35	1.00001e+06	1.62178e+06	964225	814278	356434
293T_TFF1_DNA_Pool-2_8C:E3:D4:01	37	1.00001e+06	0	858853	988844	340722
293T_TFF1_DNA_Pool-2_8C:E3:G8:07	59	1.00001e+06	2.09882e+06	772762	633424	684154
293T_TFF1_DNA_Pool-2_8C:E4:H2:01	35	1.00001e+06	675894	522462	527879	0
293T_TFF1_DNA_Pool-2_8C:E4:U6:04	20	1.00001e+06	1.3459e+06	358721	718413	0
293T_TFF1_DNA_Pool-2_8C:F1:A0:01	26	1.00001e+06	624187	480427	566473	411987
293T_TFF1_DNA_Pool-2_8C:F5:50:01	20	1.00001e+06	132693	458181	17081	118431
293T_TFF1_DNA_Pool-2_8C:F5:97:09	25	1.00001e+06	330117	817395	950048	1.20856e+06
293T_TFF1_DNA_Pool-2_8C:F9:50:01	23	1.00001e+06	627569	483751	796709	165998
293T_TFF1_DNA_Pool-2_8C:G3:Y2:01	24	1.00001e+06	1.81506e+06	865360	838774	573160
293T_TFF1_DNA_Pool-2_8C:G8:0A:04	20	1.00001e+06	0	880318	677807	0
293T_TFF1_DNA_Pool-2_8C:G8:K2:01	26	1.00001e+06	1.12361e+06	698589	833276	648824
293T_TFF1_DNA_Pool-2_8C:H1:50:01	23	1.00001e+06	0	404005	244476	622426
293T_TFF1_DNA_Pool-2_8C:H2:Z2:01	24	1.00001e+06	2.09202e+06	753101	894732	2.66259e+06
293T_TFF1_DNA_Pool-2_8C:I0:J6:04	23	1.00001e+06	0	368425	14494.1	0
293T_TFF1_DNA_Pool-2_8C:I4:90:01	21	1.00001e+06	0	731314	844962	669623
293T_TFF1_DNA_Pool-2_8C:J1:08:05	40	1.00001e+06	1.20769e+06	959841	757804	564492
293T_TFF1_DNA_Pool-2_8C:J1:0A:04	41	1.00001e+06	532985	1.18335e+06	816771	547422
293T_TFF1_DNA_Pool-2_8C:J1:50:10	87	1.00001e+06	0	1.31039e+06	803101	590815
293T_TFF1_DNA_Pool-2_8C:J1:C4:04	28	1.00001e+06	0	1.39346e+06	1.04041e+06	278236
293T_TFF1_DNA_Pool-2_8C:J1:D7:04	65	1.00001e+06	1.54667e+06	1.28382e+06	1.07636e+06	2.37006e+06
293T_TFF1_DNA_Pool-2_8C:J9:P3:01	414	1.00001e+06	0	2.0217e+06	2.19726e+06	2.15067e+06
293T_TFF1_DNA_Pool-2_8C:L2:H2:04	23	1.00001e+06	1.71572e+06	731642	519265	0
293T_TFF1_DNA_Pool-2_8C:M0:28:01	119	1.00001e+06	0	1.27131e+06	800558	2.34263e+06
293T_TFF1_DNA_Pool-2_8C:M3:C8:10	25	1.00001e+06	1.60257e+06	650143	717578	414476
293T_TFF1_DNA_Pool-2_8C:M3:Y1:10	85	1.00001e+06	1.97358e+06	787486	735957	352521
293T_TFF1_DNA_Pool-2_8C:N1:C4:09	21	1.00001e+06	1.93184e+06	743902	835478	701397
293T_TFF1_DNA_Pool-2_8C:N9:0A:04	34	1.00001e+06	0	997525	733875	993638
293T_TFF1_DNA_Pool-2_8C:N9:0J:01	105	1.00001e+06	1.64486e+06	1.13281e+06	858922	479285
293T_TFF1_DNA_Pool-2_8C:N9:H2:10	41	1.00001e+06	1.73763e+06	770756	797798	477894
293T_TFF1_DNA_Pool-2_8C:N9:O9:10	53	1.00001e+06	1.45948e+06	778731	884035	325205
293T_TFF1_DNA_Pool-2_8C:N9:P3:01	54	1.00001e+06	1.65661e+06	1.00246e+06	838614	511199
293T_TFF1_DNA_Pool-2_8C:N9:S5:01	50	1.00001e+06	0	674743	689731	512961
293T_TFF1_DNA_Pool-2_8C:N9:T7:01	527	1.00001e+06	1.44038e+06	2.09729e+06	5.09023e+06	1.05784e+06
293T_TFF1_DNA_Pool-2_8C:O3:20:01	21	1.00001e+06	1.34521e+06	457265	1.2522e+06	0
293T_TFF1_DNA_Pool-2_8C:O7:0A:04	29	1.00001e+06	1.33727e+06	1.55252e+06	808444	1.7165e+06
293T_TFF1_DNA_Pool-2_8C:O7:U5:01	135	1.00001e+06	1.9578e+06	1.13787e+06	785846	1.4335e+06
293T_TFF1_DNA_Pool-2_8C:Q0:P0:03	32	1.00001e+06	2.07527e+06	676572	538002	69277.7
293T_TFF1_DNA_Pool-2_8C:Q4:0A:04	26	1.00001e+06	0	1.31259e+06	759630	843753
293T_TFF1_DNA_Pool-2_8C:Q4:K2:01	61	1.00001e+06	1.02061e+06	1.21149e+06	742778	904354
293T_TFF1_DNA_Pool-2_8C:Q4:O9:10	24	1.00001e+06	2.18965e+06	921743	702419	879565
293T_TFF1_DNA_Pool-2_8C:Q7:G2:01	25	1.00001e+06	1.61138e+06	472776	788566	1.57472e+06
293T_TFF1_DNA_Pool-2_8C:R1:T4:01	48	1.00001e+06	1.0565e+06	652284	753957	91492
293T_TFF1_DNA_Pool-2_8C:S3:0R:01	28	1.00001e+06	2.44345e+06	618160	789508	696629
293T_TFF1_DNA_Pool-2_8C:S4:H6:01	25	1.00001e+06	626058	466012	51752.9	0
293T_TFF1_DNA_Pool-2_8C:S7:0A:04	59	1.00001e+06	2.54959e+06	1.18539e+06	810978	1.70679e+06
293T_TFF1_DNA_Pool-2_8C:S7:61:01	64	1.00001e+06	0	676114	716274	494358
293T_TFF1_DNA_Pool-2_8C:S7:61:04	34	1.00001e+06	0	789990	17290.2	584925
293T_TFF1_DNA_Pool-2_8C:S7:90:01	35	1.00001e+06	0	622963	805247	233916
293T_TFF1_DNA_Pool-2_8C:S7:E2:10	279	1.00001e+06	621468	1.87486e+06	1.21614e+06	1.19033e+06
293T_TFF1_DNA_Pool-2_8C:S7:F8:01	44	1.00001e+06	0	854709	746726	890352
293T_TFF1_DNA_Pool-2_8C:S7:H8:01	79	1.00001e+06	1.65807e+06	1.06786e+06	944959	922548
293T_TFF1_DNA_Pool-2_8C:S7:J6:04	87	1.00001e+06	1.40717e+06	1.55473e+06	751302	1.5144e+06
293T_TFF1_DNA_Pool-2_8C:S7:Q8:04	26	1.00001e+06	288782	691023	674084	201886
293T_TFF1_DNA_Pool-2_8C:S7:Y6:01	88	1.00001e+06	0	1.09054e+06	1.2063e+06	1.00432e+06
293T_TFF1_DNA_Pool-2_8C:S8:F3:05	47	1.00001e+06	594097	1.11593e+06	741565	1.16394e+06
293T_TFF1_DNA_Pool-2_8C:S8:N7:10	36	1.00001e+06	439399	1.12841e+06	943356	485678
293T_TFF1_DNA_Pool-2_8C:V1:V6:01	22	1.00001e+06	95082.9	548031	819359	112122
293T_TFF1_DNA_Pool-2_8C:V2:B0:01	34	1.00001e+06	595542	441857	773787	100856
293T_TFF1_DNA_Pool-2_8C:V2:Z2:01	27	1.00001e+06	1.72309e+06	798277	564104	1.88092e+06
293T_TFF1_DNA_Pool-2_8C:V6:0F:01	29	1.00001e+06	0	983501	686163	232848
293T_TFF1_DNA_Pool-2_8C:V9:O6:01	42	1.00001e+06	1.87228e+06	631782	882069	584784
293T_TFF1_DNA_Pool-2_8C:W7:J0:04	20	1.00001e+06	1.57176e+06	456468	690579	0
293T_TFF1_DNA_Pool-2_8C:X5:0A:04	72	1.00001e+06	0	1.14191e+06	966505	547502
293T_TFF1_DNA_Pool-2_8C:X5:61:01	71	1.00001e+06	1.39606e+06	516245	638688	270026
293T_TFF1_DNA_Pool-2_8C:X5:94:01	234	1.00001e+06	1.95787e+06	1.82842e+06	1.92071e+06	4.97832e+06
293T_TFF1_DNA_Pool-2_8C:X5:H0:06	38	1.00001e+06	1.54752e+06	870487	784265	404724
293T_TFF1_DNA_Pool-2_8C:X5:J6:10	57	1.00001e+06	1.21081e+06	1.02466e+06	851299	643855
293T_TFF1_DNA_Pool-2_8C:X5:Z8:01	39	1.00001e+06	0	855448	661330	1.39357e+06
293T_TFF1_DNA_Pool-2_8C:X6:97:01	55	1.00001e+06	0	922385	840202	651665
293T_TFF1_DNA_Pool-2_8C:X6:G2:01	22	1.00001e+06	2.16085e+06	415419	139851	0
293T_TFF1_DNA_Pool-2_8C:X6:O2:01	27	1.00001e+06	0	661037	857691	313620
293T_TFF1_DNA_Pool-2_8C:X6:P0:09	30	1.00001e+06	917985	639316	691068	1.27826e+06
293T_TFF1_DNA_Pool-2_8C:X6:T4:10	28	1.00001e+06	161821	307029	17068.1	0
293T_TFF1_DNA_Pool-2_8C:X9:F3:04	20	1.00001e+06	1.89733e+06	484410	823644	0
293T_TFF1_DNA_Pool-2_8C:X9:T2:01	86	1.00001e+06	308260	1.06418e+06	982099	111546
293T_TFF1_DNA_Pool-2_8C:Y4:X3:10	20	1.00001e+06	1.16541e+06	581119	682999	0
293T_TFF1_DNA_Pool-2_8C:Z2:A5:10	67	1.00001e+06	2.39781e+06	933049	717657	853308
293T_TFF1_DNA_Pool-2_8C:Z9:T7:01	31	1.00001e+06	2.07133e+06	1.03827e+06	148157	2.1031e+06
293T_TFF1_DNA_Pool-2_8B:0M:I9:01	24	1.00001e+06	1.48594e+06	816224	1.11399e+06	410435
293T_TFF1_DNA_Pool-2_8B:0X:61:01	205	1.00001e+06	0	1.55691e+06	1.29112e+06	3.19552e+06
293T_TFF1_DNA_Pool-2_8B:0X:B7:04	36	1.00001e+06	459266	984634	2.21065e+06	0
293T_TFF1_DNA_Pool-2_8B:0X:K4:06	71	1.00001e+06	753699	1.06828e+06	647149	771995
293T_TFF1_DNA_Pool-2_8B:0X:M8:05	40	1.00001e+06	0	801890	780269	835580
293T_TFF1_DNA_Pool-2_8B:0X:Y6:07	66	1.00001e+06	0	1.0038e+06	839190	358480
293T_TFF1_DNA_Pool-2_8B:0Y:28:04	24	1.00001e+06	0	327240	661810	295315
293T_TFF1_DNA_Pool-2_8B:15:J4:01	23	1.00001e+06	0	509703	672287	173778
293T_TFF1_DNA_Pool-2_8B:15:T4:03	47	1.00001e+06	0	671077	17875	535894
293T_TFF1_DNA_Pool-2_8B:20:F8:12	28	1.00001e+06	2.35161e+06	1.10534e+06	1.93379e+06	321914
293T_TFF1_DNA_Pool-2_8B:20:N3:04	28	1.00001e+06	2.79351e+06	2.09991e+06	575519	319748
293T_TFF1_DNA_Pool-2_8B:39:20:06	49	1.00001e+06	1.03789e+06	930068	919417	372696
293T_TFF1_DNA_Pool-2_8B:39:76:05	27	1.00001e+06	0	1.22035e+06	706636	182867
293T_TFF1_DNA_Pool-2_8B:39:D0:03	24	1.00001e+06	206968	566313	13272.7	484994
293T_TFF1_DNA_Pool-2_8B:47:H4:04	20	1.00001e+06	0	461468	666419	916726
293T_TFF1_DNA_Pool-2_8B:68:T7:04	20	1.00001e+06	1.59298e+06	863741	685009	211412
293T_TFF1_DNA_Pool-2_8B:79:J6:03	50	1.00001e+06	0	1.08975e+06	659692	1.38855e+06
293T_TFF1_DNA_Pool-2_8B:80:E1:07	26	1.00001e+06	799051	925500	966328	0
293T_TFF1_DNA_Pool-2_8B:91:B2:11	22	1.00001e+06	776654	690384	628931	1.63481e+06
293T_TFF1_DNA_Pool-2_8B:95:C0:03	45	1.00001e+06	457161	963298	829106	690359
293T_TFF1_DNA_Pool-2_8B:95:H4:03	41	1.00001e+06	2.09637e+06	882079	766718	450930
293T_TFF1_DNA_Pool-2_8B:95:Y2:09	31	1.00001e+06	1.55442e+06	556688	690570	0
293T_TFF1_DNA_Pool-2_8B:B1:G5:04	639	1.00001e+06	0	2.40097e+06	8.04583e+06	1.73123e+06
293T_TFF1_DNA_Pool-2_8B:C0:J0:03	50	1.00001e+06	2.63366e+06	997808	852674	1.07166e+06
293T_TFF1_DNA_Pool-2_8B:C3:G4:03	24	1.00001e+06	1.63266e+06	696303	738180	1.39996e+06
293T_TFF1_DNA_Pool-2_8B:D5:Q6:03	85	1.00001e+06	1.29607e+06	1.03531e+06	996551	42996.3
293T_TFF1_DNA_Pool-2_8B:D9:94:01	44	1.00001e+06	1.69709e+06	747509	593526	0
293T_TFF1_DNA_Pool-2_8B:E3:72:04	39	1.00001e+06	1.72175e+06	674864	774355	82486.2
293T_TFF1_DNA_Pool-2_8B:G8:33:04	23	1.00001e+06	1.71442e+06	1.17687e+06	1.13752e+06	1.47506e+06
293T_TFF1_DNA_Pool-2_8B:G8:P3:04	264	1.00001e+06	0	1.72474e+06	1.21785e+06	787040
293T_TFF1_DNA_Pool-2_8B:H2:80:07	853	1.00001e+06	5.93951e+06	2.94818e+06	1.13486e+07	3.61047e+06
293T_TFF1_DNA_Pool-2_8B:H6:S9:03	48	1.00001e+06	1.23991e+06	1.446e+06	1.30555e+06	998844
293T_TFF1_DNA_Pool-2_8B:I3:S9:03	32	1.00001e+06	0	759150	732395	290421
293T_TFF1_DNA_Pool-2_8B:I3:V3:03	81	1.00001e+06	488450	986667	755428	698179
293T_TFF1_DNA_Pool-2_8B:J1:69:09	22	1.00001e+06	0	431113	749725	0
293T_TFF1_DNA_Pool-2_8B:J1:P4:03	148	1.00001e+06	0	1.42996e+06	1.2733e+06	1.66449e+06
293T_TFF1_DNA_Pool-2_8B:J2:Y2:06	33	1.00001e+06	1.41127e+06	268901	615642	0
293T_TFF1_DNA_Pool-2_8B:L1:20:06	32	1.00001e+06	2.20397e+06	649057	869498	147066
293T_TFF1_DNA_Pool-2_8B:L5:H8:04	21	1.00001e+06	1.39638e+06	409264	548998	162479
293T_TFF1_DNA_Pool-2_8B:M0:E2:03	32	1.00001e+06	1.87124e+06	798315	903002	1.60465e+06
293T_TFF1_DNA_Pool-2_8B:M8:R7:03	20	1.00001e+06	0	959237	666117	1.15746e+06
293T_TFF1_DNA_Pool-2_8B:N9:14:02	21	1.00001e+06	0	656063	611135	163322
293T_TFF1_DNA_Pool-2_8B:N9:G0:07	62	1.00001e+06	2.23807e+06	608578	861708	597115
293T_TFF1_DNA_Pool-2_8B:N9:G8:01	33	1.00001e+06	0	1.1291e+06	1.0465e+06	2.77658e+06
293T_TFF1_DNA_Pool-2_8B:N9:H0:03	46	1.00001e+06	1.87527e+06	1.56562e+06	1.122e+06	1.18605e+06
293T_TFF1_DNA_Pool-2_8B:N9:X8:06	200	1.00001e+06	0	1.43391e+06	714587	566051
293T_TFF1_DNA_Pool-2_8B:R6:20:07	22	NA	0	90522.2	806148	0
293T_TFF1_DNA_Pool-2_8B:R6:Z3:11	42	1.00001e+06	0	970586	805418	714959
293T_TFF1_DNA_Pool-2_8B:S7:0A:04	31	1.00001e+06	1.09672e+06	1.23089e+06	858576	4.04973e+06
293T_TFF1_DNA_Pool-2_8B:S7:O9:03	25	1.00001e+06	1.6091e+06	582917	16797.8	0
293T_TFF1_DNA_Pool-2_8B:S7:Z6:01	72	1.00001e+06	1.66976e+06	1.13974e+06	822503	2.10875e+06
293T_TFF1_DNA_Pool-2_8B:T6:C4:03	24	NA	0	261298	15969.7	1.65258e+06
293T_TFF1_DNA_Pool-2_8B:V2:T4:07	59	1.00001e+06	0	958283	903487	432558
293T_TFF1_DNA_Pool-2_8B:W8:X3:07	43	1.00001e+06	1.72828e+06	837784	983512	164670
293T_TFF1_DNA_Pool-2_8B:X5:0A:04	37	1.00001e+06	921146	1.42421e+06	838295	3.15084e+06
293T_TFF1_DNA_Pool-2_8B:X5:I0:04	50	1.00001e+06	0	1.05495e+06	776102	4.20511e+06
293T_TFF1_DNA_Pool-2_8B:X5:M8:12	188	1.00001e+06	2.17401e+06	2.00383e+06	1.25665e+06	2.74564e+06
293T_TFF1_DNA_Pool-2_8B:Z5:L3:04	35	1.00001e+06	0	2.00109e+06	774095	3.51389e+06
293T_TFF1_DNA_Pool-2_8A:08:Y2:01	59	1.00001e+06	607857	854505	795642	147124
293T_TFF1_DNA_Pool-2_8A:0H:61:03	26	1.00001e+06	0	3.52176e+06	4.4999e+06	1.13165e+06
293T_TFF1_DNA_Pool-2_8A:0P:A5:11	31	1.00001e+06	827662	733034	801474	603366
293T_TFF1_DNA_Pool-2_8A:0X:0A:10	55	1.00001e+06	2.46981e+06	993148	818466	526035
293T_TFF1_DNA_Pool-2_8A:0X:17:05	47	1.00001e+06	1.81684e+06	704758	820474	2.49725e+06
293T_TFF1_DNA_Pool-2_8A:0X:E1:09	91	1.00001e+06	0	1.15207e+06	976075	1.49142e+06
293T_TFF1_DNA_Pool-2_8A:0X:P8:09	69	1.00001e+06	462253	1.19618e+06	724827	1.27991e+06
293T_TFF1_DNA_Pool-2_8A:0Y:0A:04	64	1.00001e+06	0	912227	864585	67075
293T_TFF1_DNA_Pool-2_8A:0Y:B2:03	187	1.00001e+06	1.93583e+06	1.25918e+06	1.45891e+06	1.54472e+06
293T_TFF1_DNA_Pool-2_8A:0Y:D7:04	24	1.00001e+06	0	837240	836952	149987
293T_TFF1_DNA_Pool-2_8A:0Y:P8:09	68	1.00001e+06	835997	1.35298e+06	1.58196e+06	978660
293T_TFF1_DNA_Pool-2_8A:24:J0:10	87	1.00001e+06	568290	1.56316e+06	5.85618e+06	1.57584e+06
293T_TFF1_DNA_Pool-2_8A:39:76:05	33	1.00001e+06	169642	861387	825153	1.00237e+06
293T_TFF1_DNA_Pool-2_8A:39:C4:07	20	1.00001e+06	114328	290066	10475.8	0
293T_TFF1_DNA_Pool-2_8A:39:D2:01	39	1.00001e+06	0	874567	695432	450125
293T_TFF1_DNA_Pool-2_8A:39:O6:09	48	1.00001e+06	0	665432	760106	186833
293T_TFF1_DNA_Pool-2_8A:51:46:03	24	1.00001e+06	0	570509	694760	708644
293T_TFF1_DNA_Pool-2_8A:60:F2:01	33	1.00001e+06	0	796424	709965	529927
293T_TFF1_DNA_Pool-2_8A:67:T2:10	41	1.00001e+06	0	874448	737824	3.01742e+06
293T_TFF1_DNA_Pool-2_8A:72:E2:09	20	1.00001e+06	169583	548746	570660	708644
293T_TFF1_DNA_Pool-2_8A:87:C0:01	32	1.00001e+06	1.5454e+06	674664	759206	156656
293T_TFF1_DNA_Pool-2_8A:91:S9:09	31	1.00001e+06	0	718620	565677	2.54005e+06
293T_TFF1_DNA_Pool-2_8A:95:0A:04	46	1.00001e+06	1.87329e+06	1.02495e+06	259625	438496
293T_TFF1_DNA_Pool-2_8A:95:E1:03	61	1.00001e+06	480360	1.38654e+06	912192	359863
293T_TFF1_DNA_Pool-2_8A:95:E9:09	25	1.00001e+06	1.34311e+06	569627	193953	353654
293T_TFF1_DNA_Pool-2_8A:95:I9:10	41	1.00001e+06	0	480495	735384	395008
293T_TFF1_DNA_Pool-2_8A:95:M8:05	52	1.00001e+06	2.53342e+06	1.02344e+06	858997	1.87946e+06
293T_TFF1_DNA_Pool-2_8A:95:S9:09	88	1.00001e+06	4.0928e+06	1.33188e+06	872613	2.44798e+06
293T_TFF1_DNA_Pool-2_8A:B1:C0:01	26	1.00001e+06	1.74899e+06	620571	765832	0
293T_TFF1_DNA_Pool-2_8A:B1:O2:08	26	1.00001e+06	0	1.46356e+06	797152	3.64568e+06
293T_TFF1_DNA_Pool-2_8A:C7:54:09	28	1.00001e+06	0	937948	780762	1.35345e+06
293T_TFF1_DNA_Pool-2_8A:E3:0A:04	61	1.00001e+06	1.17122e+06	1.05896e+06	1.01178e+06	308570
293T_TFF1_DNA_Pool-2_8A:E3:B3:02	22	1.00001e+06	2.65114e+06	848801	751204	1.32633e+06
293T_TFF1_DNA_Pool-2_8A:E3:K1:09	68	1.00001e+06	1.90128e+06	985402	779428	516722
293T_TFF1_DNA_Pool-2_8A:H1:0A:04	41	1.00001e+06	2.62595e+06	1.98591e+06	848061	638739
293T_TFF1_DNA_Pool-2_8A:H1:A4:09	42	1.00001e+06	0	901122	1.03794e+06	384887
293T_TFF1_DNA_Pool-2_8A:H2:0A:04	25	1.00001e+06	0	791452	792953	128462
293T_TFF1_DNA_Pool-2_8A:I7:O1:08	24	1.00001e+06	1.06216e+06	1.44394e+06	962818	1.41306e+06
293T_TFF1_DNA_Pool-2_8A:J1:54:09	65	1.00001e+06	0	1.36067e+06	1.01629e+06	532236
293T_TFF1_DNA_Pool-2_8A:J1:I9:04	35	1.00001e+06	0	898909	810284	1.43775e+06
293T_TFF1_DNA_Pool-2_8A:J2:M0:09	25	1.00001e+06	781899	1.09807e+06	927736	181499
293T_TFF1_DNA_Pool-2_8A:J2:T2:09	24	1.00001e+06	0	772179	179233	205453
293T_TFF1_DNA_Pool-2_8A:M3:M8:05	24	1.00001e+06	0	473169	821396	213019
293T_TFF1_DNA_Pool-2_8A:M4:0F:02	26	1.00001e+06	0	342707	828567	0
293T_TFF1_DNA_Pool-2_8A:M4:Y2:11	32	1.00001e+06	2.15152e+06	865452	576290	2.76355e+06
293T_TFF1_DNA_Pool-2_8A:N9:0A:04	66	1.00001e+06	0	1.63036e+06	842809	5.72804e+06
293T_TFF1_DNA_Pool-2_8A:N9:Q6:09	24	1.00001e+06	0	443558	643783	336944
293T_TFF1_DNA_Pool-2_8A:N9:T2:09	77	1.00001e+06	342817	1.43465e+06	816988	1.01989e+06
293T_TFF1_DNA_Pool-2_8A:O7:0I:07	37	1.00001e+06	1.87464e+06	688470	537194	278160
293T_TFF1_DNA_Pool-2_8A:Q0:97:11	21	1.00001e+06	286025	442032	18694.2	254070
293T_TFF1_DNA_Pool-2_8A:R1:54:09	37	1.00001e+06	0	966360	767474	4.15059e+06
293T_TFF1_DNA_Pool-2_8A:R1:J8:03	27	1.00001e+06	0	620072	16971.2	4.28495e+06
293T_TFF1_DNA_Pool-2_8A:S7:0A:04	76	1.00001e+06	1.89354e+06	1.15536e+06	745249	1.41672e+06
293T_TFF1_DNA_Pool-2_8A:S7:0R:05	45	1.00001e+06	0	802797	768165	1.02132e+06
293T_TFF1_DNA_Pool-2_8A:S8:T4:09	77	1.00001e+06	2.27046e+06	881745	754471	1.10067e+06
293T_TFF1_DNA_Pool-2_8A:T2:N8:03	21	NA	0	255537	10936	357159
293T_TFF1_DNA_Pool-2_8A:U3:0A:04	23	1.00001e+06	0	771719	810627	1.29389e+06
293T_TFF1_DNA_Pool-2_8A:V6:0F:01	45	1.00001e+06	2.17921e+06	950037	880998	925349
293T_TFF1_DNA_Pool-2_8A:V9:Y1:01	43	1.00001e+06	469776	474685	571670	0
293T_TFF1_DNA_Pool-2_8A:W8:E2:09	41	1.00001e+06	754238	1.79712e+06	1.43127e+06	2.90846e+06
293T_TFF1_DNA_Pool-2_8A:X5:0A:04	131	1.00001e+06	1.25518e+06	1.74318e+06	823775	857132
293T_TFF1_DNA_Pool-2_8A:X5:61:03	31	1.00001e+06	0	613759	725236	323136
293T_TFF1_DNA_Pool-2_8A:X5:61:09	41	1.00001e+06	1.81568e+06	531161	744526	231406
293T_TFF1_DNA_Pool-2_8A:X6:E2:03	53	1.00001e+06	0	803860	828962	1.15384e+06
293T_TFF1_DNA_Pool-2_8A:X9:E2:09	30	1.00001e+06	959619	1.21615e+06	832099	1.77061e+06
293T_TFF1_DNA_Pool-2_8A:Z9:S9:09	635	1.00001e+06	0	3.65732e+06	1.02172e+07	3.11955e+06
293T_TFF1_DNA_Pool-2_9H:0X:90:08	51	1.00001e+06	1.69412e+06	553414	217691	1.78679e+06
293T_TFF1_DNA_Pool-2_9H:0Y:33:01	383	1.00001e+06	1.56739e+06	2.03338e+06	2.60058e+06	3.32228e+06
293T_TFF1_DNA_Pool-2_9H:0Y:Y1:09	109	1.00001e+06	1.06095e+06	1.37733e+06	1.18225e+06	173247
293T_TFF1_DNA_Pool-2_9H:31:06:11	266	1.00001e+06	4.16023e+06	2.73043e+06	3.88664e+06	2.16591e+06
293T_TFF1_DNA_Pool-2_9H:35:N8:08	31	1.00001e+06	2.0731e+06	785753	577501	79623.8
293T_TFF1_DNA_Pool-2_9H:40:98:11	24	1.00001e+06	221903	719202	731291	180451
293T_TFF1_DNA_Pool-2_9H:47:K1:11	38	1.00001e+06	2.10566e+06	839213	610057	159370
293T_TFF1_DNA_Pool-2_9H:52:C0:11	21	1.00001e+06	0	730443	819871	381814
293T_TFF1_DNA_Pool-2_9H:80:F3:08	24	1.00001e+06	0	621919	664738	0
293T_TFF1_DNA_Pool-2_9H:91:98:08	34	1.00001e+06	1.88634e+06	702295	13364.9	514956
293T_TFF1_DNA_Pool-2_9H:95:90:08	125	1.00001e+06	0	1.45232e+06	838582	4.09155e+06
293T_TFF1_DNA_Pool-2_9H:A4:N3:02	23	1.00001e+06	1.82902e+06	756826	715322	89093.4
293T_TFF1_DNA_Pool-2_9H:B1:H8:03	22	1.00001e+06	1.89866e+06	1.09836e+06	782477	603058
293T_TFF1_DNA_Pool-2_9H:C3:C8:11	20	1.00001e+06	1.90205e+06	873439	819764	775460
293T_TFF1_DNA_Pool-2_9H:D9:30:03	27	1.00001e+06	1.67472e+06	471942	720758	302213
293T_TFF1_DNA_Pool-2_9H:E3:T4:11	87	1.00001e+06	1.09386e+06	921080	824234	1.32179e+06
293T_TFF1_DNA_Pool-2_9H:H6:X8:11	44	1.00001e+06	2.08811e+06	1.54692e+06	883887	1.67746e+06
293T_TFF1_DNA_Pool-2_9H:J1:13:05	60	1.00001e+06	0	2.18718e+06	1.16128e+06	2.13246e+06
293T_TFF1_DNA_Pool-2_9H:J1:C8:08	71	1.00001e+06	2.09863e+06	822540	1.14628e+06	3.72363e+06
293T_TFF1_DNA_Pool-2_9H:K3:E2:12	31	1.00001e+06	1.70194e+06	453538	545859	144800
293T_TFF1_DNA_Pool-2_9H:N9:13:11	61	1.00001e+06	1.30282e+06	1.06196e+06	673982	443624
293T_TFF1_DNA_Pool-2_9H:N9:L0:11	57	1.00001e+06	2.1075e+06	898620	942496	560785
293T_TFF1_DNA_Pool-2_9H:Q3:F3:12	29	1.00001e+06	0	921468	781883	0
293T_TFF1_DNA_Pool-2_9H:S3:97:05	28	1.00001e+06	1.14175e+06	636875	859209	212027
293T_TFF1_DNA_Pool-2_9H:S7:0R:11	66	1.00001e+06	0	1.42423e+06	973830	4.90069e+06
293T_TFF1_DNA_Pool-2_9H:S7:84:08	52	1.00001e+06	0	734566	809822	614927
293T_TFF1_DNA_Pool-2_9H:S7:E2:11	180	1.00001e+06	2.3908e+06	1.84797e+06	901020	2.57256e+06
293T_TFF1_DNA_Pool-2_9H:U7:B2:11	22	1.00001e+06	1.59278e+06	323968	616866	0
293T_TFF1_DNA_Pool-2_9H:W0:H8:03	21	1.00001e+06	686928	827388	763527	118808
293T_TFF1_DNA_Pool-2_9H:W7:E6:03	31	1.00001e+06	2.13913e+06	739244	845319	744576
293T_TFF1_DNA_Pool-2_9H:W7:N8:11	26	1.00001e+06	0	958481	859410	5.29005e+06
293T_TFF1_DNA_Pool-2_9H:X5:0N:11	24	1.00001e+06	2.83442e+06	2.28759e+06	747620	3.67164e+06
293T_TFF1_DNA_Pool-2_9H:X5:30:09	23	1.00001e+06	2.41181e+06	941595	1.05031e+06	512038
293T_TFF1_DNA_Pool-2_9H:X5:72:11	42	1.00001e+06	329411	952072	953773	815212
293T_TFF1_DNA_Pool-2_9H:X5:D3:04	27	1.00001e+06	0	344694	743609	369345
293T_TFF1_DNA_Pool-2_9H:Y4:Y2:02	28	1.00001e+06	215967	732479	629927	4.42177e+06
293T_TFF1_DNA_Pool-2_9G:0H:T8:07	27	1.00001e+06	0	574068	994887	471885
293T_TFF1_DNA_Pool-2_9G:0X:56:07	57	1.00001e+06	654162	904274	738659	781971
293T_TFF1_DNA_Pool-2_9G:0X:90:08	50	1.00001e+06	0	778275	808848	156854
293T_TFF1_DNA_Pool-2_9G:0X:A2:12	78	1.00001e+06	2.06431e+06	713420	801780	258824
293T_TFF1_DNA_Pool-2_9G:0X:E2:08	149	1.00001e+06	1.75913e+06	1.40351e+06	963128	360934
293T_TFF1_DNA_Pool-2_9G:0X:W1:02	87	1.00001e+06	831999	1.13445e+06	861671	1.17027e+06
293T_TFF1_DNA_Pool-2_9G:0X:Z6:01	43	1.00001e+06	0	666834	801161	538180
293T_TFF1_DNA_Pool-2_9G:0Y:28:07	25	1.00001e+06	1.22857e+06	551466	621723	0
293T_TFF1_DNA_Pool-2_9G:0Y:78:07	287	1.00001e+06	0	1.64848e+06	2.2987e+06	739714
293T_TFF1_DNA_Pool-2_9G:0Y:D3:01	25	1.00001e+06	0	813758	795087	355389
293T_TFF1_DNA_Pool-2_9G:0Y:T4:02	50	1.00001e+06	273327	856252	627392	560185
293T_TFF1_DNA_Pool-2_9G:0Y:Z6:01	25	1.00001e+06	0	476609	26560.7	0
293T_TFF1_DNA_Pool-2_9G:20:E6:09	23	1.00001e+06	0	361669	10233.3	0
293T_TFF1_DNA_Pool-2_9G:24:93:02	23	1.00001e+06	0	633279	756852	215151
293T_TFF1_DNA_Pool-2_9G:32:T2:02	48	1.00001e+06	2.53217e+06	1.03796e+06	767355	1.05809e+06
293T_TFF1_DNA_Pool-2_9G:47:80:07	28	1.00001e+06	176373	607311	690250	0
293T_TFF1_DNA_Pool-2_9G:52:B2:02	20	1.00001e+06	0	792008	741536	333395
293T_TFF1_DNA_Pool-2_9G:55:G4:03	34	1.00001e+06	741741	487903	813829	829847
293T_TFF1_DNA_Pool-2_9G:56:X0:02	50	1.00001e+06	0	739114	1.00209e+06	0
293T_TFF1_DNA_Pool-2_9G:59:Y1:10	24	1.00001e+06	2.06398e+06	623887	563299	0
293T_TFF1_DNA_Pool-2_9G:79:Y6:04	188	1.00001e+06	1.48764e+06	1.51139e+06	991976	922833
293T_TFF1_DNA_Pool-2_9G:80:L0:05	22	1.00001e+06	0	2.06929e+06	4.09285e+06	418107
293T_TFF1_DNA_Pool-2_9G:84:K2:02	118	1.00001e+06	1.29823e+06	1.25328e+06	730995	1.50157e+06
293T_TFF1_DNA_Pool-2_9G:95:0J:06	44	1.00001e+06	0	877885	869835	492211
293T_TFF1_DNA_Pool-2_9G:95:A4:02	37	1.00001e+06	1.36154e+06	894179	829016	1.09463e+06
293T_TFF1_DNA_Pool-2_9G:95:L0:05	25	1.00001e+06	2.30107e+06	679104	781933	3.2908e+06
293T_TFF1_DNA_Pool-2_9G:96:90:08	533	1.00001e+06	3.45284e+06	2.39759e+06	6.16888e+06	1.76668e+06
293T_TFF1_DNA_Pool-2_9G:99:O6:02	28	1.00001e+06	662159	946510	762716	2.9027e+06
293T_TFF1_DNA_Pool-2_9G:A0:Z8:02	23	1.00001e+06	1.70216e+06	462954	26003.9	0
293T_TFF1_DNA_Pool-2_9G:A4:78:07	5287	1.00001e+06	2.21843e+07	8.60979e+06	6.33265e+06	4.93552e+06
293T_TFF1_DNA_Pool-2_9G:B2:A0:10	21	1.00001e+06	217200	634835	820146	185421
293T_TFF1_DNA_Pool-2_9G:C4:H4:02	21	1.00001e+06	1.595e+06	443358	16897.6	1.47016e+06
293T_TFF1_DNA_Pool-2_9G:C8:25:02	67	1.00001e+06	1.15858e+06	1.29603e+06	717405	557926
293T_TFF1_DNA_Pool-2_9G:E3:02:08	316	1.00001e+06	2.83228e+06	2.09916e+06	2.2637e+06	2.98733e+06
293T_TFF1_DNA_Pool-2_9G:H5:T8:07	22	1.00001e+06	0	857933	714128	165697
293T_TFF1_DNA_Pool-2_9G:I8:U6:07	25	1.00001e+06	1.05635e+06	543627	742368	0
293T_TFF1_DNA_Pool-2_9G:J1:D3:01	32	1.00001e+06	213164	557210	789252	237388
293T_TFF1_DNA_Pool-2_9G:J1:K4:07	62	1.00001e+06	1.59852e+06	579677	766137	171807
293T_TFF1_DNA_Pool-2_9G:J1:M0:07	83	1.00001e+06	0	1.31964e+06	873301	730223
293T_TFF1_DNA_Pool-2_9G:J1:T2:08	32	1.00001e+06	865219	771742	797164	766266
293T_TFF1_DNA_Pool-2_9G:L1:M0:01	108	1.00001e+06	609162	1.98e+06	2.76909e+06	1.22152e+06
293T_TFF1_DNA_Pool-2_9G:N9:E6:09	123	1.00001e+06	380744	1.16251e+06	927924	734972
293T_TFF1_DNA_Pool-2_9G:N9:J8:07	204	1.00001e+06	2.3912e+06	2.02611e+06	5.12367e+06	1.71598e+06
293T_TFF1_DNA_Pool-2_9G:P9:C4:07	20	1.00001e+06	528193	682408	783388	539306
293T_TFF1_DNA_Pool-2_9G:R1:90:02	169	1.00001e+06	1.38497e+06	1.51682e+06	1.04768e+06	733351
293T_TFF1_DNA_Pool-2_9G:S4:H7:02	22	1.00001e+06	0	448400	854651	0
293T_TFF1_DNA_Pool-2_9G:S8:O2:04	50	1.00001e+06	0	1.25482e+06	1.13898e+06	795324
293T_TFF1_DNA_Pool-2_9G:S8:X4:04	21	1.00001e+06	0	545039	775186	411087
293T_TFF1_DNA_Pool-2_9G:T5:T4:02	24	1.00001e+06	1.90287e+06	585145	662701	337021
293T_TFF1_DNA_Pool-2_9G:V2:Y1:01	20	1.00001e+06	1.71966e+06	403968	623515	0
293T_TFF1_DNA_Pool-2_9G:W4:S6:07	23	1.00001e+06	1.62864e+06	411828	765763	416249
293T_TFF1_DNA_Pool-2_9G:W8:T2:02	43	1.00001e+06	2.09719e+06	791742	725701	498233
293T_TFF1_DNA_Pool-2_9G:X1:25:02	40	1.00001e+06	1.91497e+06	580370	794991	178850
293T_TFF1_DNA_Pool-2_9G:X5:30:09	20	1.00001e+06	0	549184	17411.5	0
293T_TFF1_DNA_Pool-2_9G:X5:G2:02	72	1.00001e+06	0	880721	903955	372190
293T_TFF1_DNA_Pool-2_9F:03:L0:06	47	1.00001e+06	1.34474e+06	737948	836575	606766
293T_TFF1_DNA_Pool-2_9F:0X:C0:06	66	1.00001e+06	875424	1.51909e+06	753847	2.15557e+06
293T_TFF1_DNA_Pool-2_9F:0X:D7:04	97	1.00001e+06	2.52149e+06	1.52486e+06	732364	2.20294e+06
293T_TFF1_DNA_Pool-2_9F:0X:Y1:10	273	1.00001e+06	1.48636e+06	1.77273e+06	3.91101e+06	2.10699e+06
293T_TFF1_DNA_Pool-2_9F:0Y:34:12	20	1.00001e+06	286477	803314	804944	838724
293T_TFF1_DNA_Pool-2_9F:0Y:56:04	88	1.00001e+06	2.45933e+06	977243	725938	505208
293T_TFF1_DNA_Pool-2_9F:0Y:78:07	36	1.00001e+06	1.60277e+06	570159	771112	263024
293T_TFF1_DNA_Pool-2_9F:39:76:05	72	1.00001e+06	576046	2.23261e+06	680810	496413
293T_TFF1_DNA_Pool-2_9F:47:Y1:10	62	1.00001e+06	754514	1.17825e+06	667966	408048
293T_TFF1_DNA_Pool-2_9F:64:46:05	24	1.00001e+06	286314	476832	848888	719856
293T_TFF1_DNA_Pool-2_9F:72:Y1:10	29	1.00001e+06	0	1.02034e+06	807949	571500
293T_TFF1_DNA_Pool-2_9F:95:76:06	20	1.00001e+06	1.71961e+06	160581	557821	0
293T_TFF1_DNA_Pool-2_9F:95:W1:02	35	1.00001e+06	1.62709e+06	764459	17153.9	0
293T_TFF1_DNA_Pool-2_9F:95:Y1:10	61	1.00001e+06	0	1.27513e+06	782913	3.52554e+06
293T_TFF1_DNA_Pool-2_9F:96:Y6:06	26	1.00001e+06	1.65043e+06	435681	664579	320476
293T_TFF1_DNA_Pool-2_9F:A4:78:07	54	1.00001e+06	1.69221e+06	1.3186e+06	2.1059e+06	361728
293T_TFF1_DNA_Pool-2_9F:B6:56:04	29	1.00001e+06	0	653792	658437	857045
293T_TFF1_DNA_Pool-2_9F:E3:30:09	31	1.00001e+06	0	842161	637150	3.98442e+06
293T_TFF1_DNA_Pool-2_9F:I4:N8:03	25	1.00001e+06	0	392543	709554	0
293T_TFF1_DNA_Pool-2_9F:J1:J6:05	59	1.00001e+06	2.55863e+06	1.16648e+06	805996	975482
293T_TFF1_DNA_Pool-2_9F:J1:V0:10	28	1.00001e+06	1.49383e+06	818171	843581	223742
293T_TFF1_DNA_Pool-2_9F:L1:J6:05	20	1.00001e+06	1.58252e+06	434919	11767.9	0
293T_TFF1_DNA_Pool-2_9F:N9:77:02	20	1.00001e+06	0	615936	731595	4.49778e+06
293T_TFF1_DNA_Pool-2_9F:P5:78:12	26	1.00001e+06	0	326279	773429	0
293T_TFF1_DNA_Pool-2_9F:Q8:B3:02	42	1.00001e+06	0	998270	800117	1.45585e+06
293T_TFF1_DNA_Pool-2_9F:Q8:S9:07	20	1.00001e+06	1.35833e+06	360678	221561	0
293T_TFF1_DNA_Pool-2_9F:S7:O6:06	29	1.00001e+06	0	584606	669154	185807
293T_TFF1_DNA_Pool-2_9F:T2:56:04	21	1.00001e+06	2.57956e+06	811384	191387	299234
293T_TFF1_DNA_Pool-2_9F:V6:0F:01	65	1.00001e+06	0	1.2462e+06	823320	3.05823e+06
293T_TFF1_DNA_Pool-2_9F:V6:56:04	32	1.00001e+06	264659	985506	824970	4.16982e+06
293T_TFF1_DNA_Pool-2_9F:W0:A4:07	33	1.00001e+06	307946	705501	757841	921062
293T_TFF1_DNA_Pool-2_9F:X5:02:10	44	1.00001e+06	1.34672e+06	904151	844474	1.31701e+06
293T_TFF1_DNA_Pool-2_9F:X5:0I:01	114	1.00001e+06	1.38758e+06	1.4394e+06	751839	1.98573e+06
293T_TFF1_DNA_Pool-2_9F:X5:C0:06	63	1.00001e+06	1.19358e+06	1.08645e+06	991824	1.16456e+06
293T_TFF1_DNA_Pool-2_9F:X5:C8:04	55	1.00001e+06	1.9955e+06	728017	797047	623754
293T_TFF1_DNA_Pool-2_9F:Z2:41:07	31	1.00001e+06	1.75833e+06	483299	705304	291526
293T_TFF1_DNA_Pool-2_9E:0H:F3:01	48	1.00001e+06	1.85206e+06	939024	695788	388641
293T_TFF1_DNA_Pool-2_9E:0H:Q8:10	56	1.00001e+06	0	1.01375e+06	753361	1.18515e+06
293T_TFF1_DNA_Pool-2_9E:0H:Y5:10	26	1.00001e+06	0	516924	803266	431979
293T_TFF1_DNA_Pool-2_9E:0M:50:04	152	1.00001e+06	3.32656e+06	1.53259e+06	899044	483464
293T_TFF1_DNA_Pool-2_9E:0Q:46:04	37	1.00001e+06	2.1565e+06	737421	882832	732379
293T_TFF1_DNA_Pool-2_9E:0T:49:01	33	1.00001e+06	0	851838	835654	1.18791e+06
293T_TFF1_DNA_Pool-2_9E:0T:80:03	28	1.00001e+06	1.97883e+06	818335	809835	1.08364e+06
293T_TFF1_DNA_Pool-2_9E:0U:W6:03	20	1.00001e+06	285971	474962	184665	0
293T_TFF1_DNA_Pool-2_9E:0X:25:06	21	1.00001e+06	2.18058e+06	624250	48069.5	355449
293T_TFF1_DNA_Pool-2_9E:0X:B2:02	119	1.00001e+06	0	1.53033e+06	754262	2.38233e+06
293T_TFF1_DNA_Pool-2_9E:0X:C0:06	52	1.00001e+06	1.62857e+06	690439	794357	633868
293T_TFF1_DNA_Pool-2_9E:0X:D3:03	62	1.00001e+06	1.01702e+06	1.13337e+06	994004	1.04581e+06
293T_TFF1_DNA_Pool-2_9E:0X:E2:04	120	1.00001e+06	527749	1.0245e+06	853878	326856
293T_TFF1_DNA_Pool-2_9E:0X:F3:04	73	1.00001e+06	2.0891e+06	1.08593e+06	809288	802299
293T_TFF1_DNA_Pool-2_9E:0X:H0:12	32	1.00001e+06	1.95734e+06	1.18297e+06	16703.9	0
293T_TFF1_DNA_Pool-2_9E:0X:H6:04	58	1.00001e+06	2.21498e+06	1.09949e+06	1.06853e+06	1.34872e+06
293T_TFF1_DNA_Pool-2_9E:0X:J8:08	42	1.00001e+06	0	697327	793564	297784
293T_TFF1_DNA_Pool-2_9E:0Y:08:01	313	1.00001e+06	2.95569e+06	1.94147e+06	2.10617e+06	1.32151e+06
293T_TFF1_DNA_Pool-2_9E:0Y:14:10	21	1.00001e+06	1.81303e+06	555572	941075	361622
293T_TFF1_DNA_Pool-2_9E:0Y:80:04	34	1.00001e+06	1.95791e+06	491589	720939	662158
293T_TFF1_DNA_Pool-2_9E:0Y:98:11	58	1.00001e+06	908803	837868	749890	722155
293T_TFF1_DNA_Pool-2_9E:0Y:E2:10	109	1.00001e+06	1.33879e+06	1.24806e+06	790055	942578
293T_TFF1_DNA_Pool-2_9E:0Y:W6:04	41	1.00001e+06	1.66117e+06	655147	601584	700009
293T_TFF1_DNA_Pool-2_9E:11:0N:01	29	1.00001e+06	1.74694e+06	978230	865893	831381
293T_TFF1_DNA_Pool-2_9E:16:S6:01	44	1.00001e+06	0	662507	855643	1.30594e+06
293T_TFF1_DNA_Pool-2_9E:20:F3:01	44	1.00001e+06	169521	439866	775510	197552
293T_TFF1_DNA_Pool-2_9E:20:H7:01	30	1.00001e+06	1.58252e+06	546532	748625	53649.4
293T_TFF1_DNA_Pool-2_9E:20:O1:03	34	1.00001e+06	0	805592	813353	2.83106e+06
293T_TFF1_DNA_Pool-2_9E:24:X7:04	21	1.00001e+06	0	512131	773384	500843
293T_TFF1_DNA_Pool-2_9E:24:X8:03	36	1.00001e+06	2.22559e+06	682065	644912	1.89248e+06
293T_TFF1_DNA_Pool-2_9E:24:Y9:03	28	1.00001e+06	439965	770132	909383	532870
293T_TFF1_DNA_Pool-2_9E:27:0R:03	53	1.00001e+06	1.36499e+06	1.00895e+06	863214	926192
293T_TFF1_DNA_Pool-2_9E:39:V7:06	26	1.00001e+06	123373	697393	686824	317879
293T_TFF1_DNA_Pool-2_9E:47:Q0:04	77	1.00001e+06	2.8092e+06	1.17106e+06	786087	383351
293T_TFF1_DNA_Pool-2_9E:47:T0:04	52	1.00001e+06	0	888235	822436	519118
293T_TFF1_DNA_Pool-2_9E:47:Y1:10	34	1.00001e+06	0	671091	772158	1.18751e+06
293T_TFF1_DNA_Pool-2_9E:56:33:05	22	1.00001e+06	0	683356	667787	0
293T_TFF1_DNA_Pool-2_9E:60:50:01	22	1.00001e+06	0	909965	689104	378768
293T_TFF1_DNA_Pool-2_9E:60:Q0:01	168	1.00001e+06	513348	1.06641e+06	942280	1.08375e+06
293T_TFF1_DNA_Pool-2_9E:64:90:08	32	1.00001e+06	1.97311e+06	875579	772310	240906
293T_TFF1_DNA_Pool-2_9E:64:N0:04	31	1.00001e+06	1.59351e+06	552339	736487	0
293T_TFF1_DNA_Pool-2_9E:64:Y2:04	37	1.00001e+06	982117	859520	874781	979472
293T_TFF1_DNA_Pool-2_9E:71:M0:04	21	1.00001e+06	2.28978e+06	587633	510337	845754
293T_TFF1_DNA_Pool-2_9E:72:P0:01	25	1.00001e+06	0	505229	17634.5	0
293T_TFF1_DNA_Pool-2_9E:79:94:01	30	1.00001e+06	0	507520	809645	2.295e+06
293T_TFF1_DNA_Pool-2_9E:79:W2:01	56	1.00001e+06	0	890084	794671	495155
293T_TFF1_DNA_Pool-2_9E:80:H2:01	70	1.00001e+06	0	862839	789321	0
293T_TFF1_DNA_Pool-2_9E:80:N0:11	25	1.00001e+06	1.32067e+06	387481	939704	326137
293T_TFF1_DNA_Pool-2_9E:80:Q0:10	43	1.00001e+06	1.11819e+06	1.21966e+06	768233	358912
293T_TFF1_DNA_Pool-2_9E:92:X8:01	29	1.00001e+06	1.84135e+06	691548	454939	683971
293T_TFF1_DNA_Pool-2_9E:95:0R:03	192	1.00001e+06	1.8211e+06	1.69024e+06	2.703e+06	1.07249e+06
293T_TFF1_DNA_Pool-2_9E:95:54:03	66	1.00001e+06	2.19743e+06	1.36972e+06	760530	1.5811e+06
293T_TFF1_DNA_Pool-2_9E:95:65:03	44	1.00001e+06	0	1.0661e+06	717352	955042
293T_TFF1_DNA_Pool-2_9E:95:R0:01	44	1.00001e+06	597936	549635	771340	608440
293T_TFF1_DNA_Pool-2_9E:95:W1:02	38	1.00001e+06	1.83422e+06	527362	705781	428340
293T_TFF1_DNA_Pool-2_9E:99:F3:01	44	1.00001e+06	0	676947	681285	396494
293T_TFF1_DNA_Pool-2_9E:99:Y5:01	29	1.00001e+06	1.8666e+06	518755	211241	250164
293T_TFF1_DNA_Pool-2_9E:A0:H6:01	237	1.00001e+06	4.74257e+06	1.69752e+06	843168	3.20547e+06
293T_TFF1_DNA_Pool-2_9E:A3:84:04	70	1.00001e+06	0	1.04997e+06	719915	1.70989e+06
293T_TFF1_DNA_Pool-2_9E:A3:Q8:01	21	1.00001e+06	2.09683e+06	1.18264e+06	973701	754722
293T_TFF1_DNA_Pool-2_9E:A4:45:01	25	NA	444689	171799	7397.86	197442
293T_TFF1_DNA_Pool-2_9E:A4:O9:04	21	1.00001e+06	286243	551193	729744	0
293T_TFF1_DNA_Pool-2_9E:A7:K0:01	76	1.00001e+06	1.63502e+06	1.21156e+06	821355	2.54346e+06
293T_TFF1_DNA_Pool-2_9E:B2:0I:04	30	1.00001e+06	0	500690	668106	0
293T_TFF1_DNA_Pool-2_9E:B2:61:04	35	1.00001e+06	2.0491e+06	649260	776397	230565
293T_TFF1_DNA_Pool-2_9E:B5:B8:01	23	1.00001e+06	1.66725e+06	1.3674e+06	811474	770305
293T_TFF1_DNA_Pool-2_9E:B5:E2:10	47	1.00001e+06	2.10247e+06	825431	754114	561544
293T_TFF1_DNA_Pool-2_9E:B9:W6:04	44	1.00001e+06	1.30033e+06	1.12142e+06	862981	2.27976e+06
293T_TFF1_DNA_Pool-2_9E:C4:P3:01	85	1.00001e+06	1.3253e+06	982181	933195	153574
293T_TFF1_DNA_Pool-2_9E:C7:17:04	21	1.00001e+06	2.56156e+06	653282	757524	782999
293T_TFF1_DNA_Pool-2_9E:D9:0R:01	66	1.00001e+06	441615	730532	752077	784853
293T_TFF1_DNA_Pool-2_9E:D9:T2:01	26	1.00001e+06	0	1.51544e+06	794496	0
293T_TFF1_DNA_Pool-2_9E:E0:B7:01	458	1.00001e+06	6.93066e+06	2.18206e+06	2.81304e+06	875935
293T_TFF1_DNA_Pool-2_9E:E0:E2:08	25	1.00001e+06	0	515165	590005	0
293T_TFF1_DNA_Pool-2_9E:E3:06:01	73	1.00001e+06	0	1.48713e+06	1.25245e+06	700638
293T_TFF1_DNA_Pool-2_9E:E3:09:04	21	1.00001e+06	1.80545e+06	494071	23308.2	116269
293T_TFF1_DNA_Pool-2_9E:E3:B2:04	48	1.00001e+06	2.37517e+06	1.03244e+06	630609	419096
293T_TFF1_DNA_Pool-2_9E:E3:G8:07	28	1.00001e+06	1.93859e+06	673419	18963.5	0
293T_TFF1_DNA_Pool-2_9E:E4:T0:04	119	1.00001e+06	546193	1.73145e+06	969270	3.48027e+06
293T_TFF1_DNA_Pool-2_9E:E7:54:01	21	1.00001e+06	123060	522162	755539	719223
293T_TFF1_DNA_Pool-2_9E:F2:J6:01	47	1.00001e+06	0	616706	691335	594050
293T_TFF1_DNA_Pool-2_9E:F2:N0:04	33	1.00001e+06	202726	1.04954e+06	769372	498656
293T_TFF1_DNA_Pool-2_9E:F7:0I:01	47	1.00001e+06	0	1.12639e+06	808126	1.79587e+06
293T_TFF1_DNA_Pool-2_9E:G3:M0:04	27	1.00001e+06	2.21924e+06	1.00722e+06	1.13014e+06	833358
293T_TFF1_DNA_Pool-2_9E:G8:N7:04	282	1.00001e+06	1.66688e+06	1.86265e+06	1.24962e+06	1.14325e+06
293T_TFF1_DNA_Pool-2_9E:H2:A4:09	21	1.00001e+06	187571	371090	203087	151729
293T_TFF1_DNA_Pool-2_9E:I3:T0:03	63	1.00001e+06	1.6026e+06	747412	80779.7	238123
293T_TFF1_DNA_Pool-2_9E:I7:B3:08	60	1.00001e+06	0	724060	669169	483923
293T_TFF1_DNA_Pool-2_9E:I7:C0:01	53	1.00001e+06	1.01933e+06	842873	697066	597237
293T_TFF1_DNA_Pool-2_9E:I8:0R:01	68	1.00001e+06	0	949096	898160	58812.3
293T_TFF1_DNA_Pool-2_9E:J1:14:02	29	1.00001e+06	2.27968e+06	985860	736956	0
293T_TFF1_DNA_Pool-2_9E:J1:A5:04	20	1.00001e+06	0	703790	29003.8	369364
293T_TFF1_DNA_Pool-2_9E:J1:G8:07	27	1.00001e+06	1.37873e+06	356425	26600.2	0
293T_TFF1_DNA_Pool-2_9E:J1:Q8:04	60	1.00001e+06	206105	1.00831e+06	822830	1.4174e+06
293T_TFF1_DNA_Pool-2_9E:J1:W1:02	42	1.00001e+06	1.10633e+06	1.14256e+06	827914	2.35058e+06
293T_TFF1_DNA_Pool-2_9E:J9:Y2:01	21	1.00001e+06	0	335524	644029	156531
293T_TFF1_DNA_Pool-2_9E:K0:C8:01	41	1.00001e+06	0	427838	755520	202924
293T_TFF1_DNA_Pool-2_9E:K7:0I:01	68	1.00001e+06	0	1.37691e+06	845692	3.24552e+06
293T_TFF1_DNA_Pool-2_9E:K7:0I:04	756	1.00001e+06	0	2.93445e+06	9.43567e+06	2.57356e+06
293T_TFF1_DNA_Pool-2_9E:L1:66:04	26	1.00001e+06	0	615646	132339	759204
293T_TFF1_DNA_Pool-2_9E:L1:G8:01	39	1.00001e+06	2.23139e+06	807717	925887	2.65727e+06
293T_TFF1_DNA_Pool-2_9E:L1:M0:01	6479	1.00001e+06	0	1.07584e+07	5.59196e+06	7.21632e+06
293T_TFF1_DNA_Pool-2_9E:L9:O5:04	34	1.00001e+06	2.02604e+06	597094	777438	47752
293T_TFF1_DNA_Pool-2_9E:M0:69:01	28	1.00001e+06	94724.6	388871	782972	23861
293T_TFF1_DNA_Pool-2_9E:M4:A5:01	31	1.00001e+06	0	938069	798965	319862
293T_TFF1_DNA_Pool-2_9E:M4:F3:01	50	1.00001e+06	1.58571e+06	623702	720722	302288
293T_TFF1_DNA_Pool-2_9E:M4:T8:04	40	1.00001e+06	984339	1.1845e+06	821279	767099
293T_TFF1_DNA_Pool-2_9E:M7:H4:01	27	1.00001e+06	1.38189e+06	518665	864578	0
293T_TFF1_DNA_Pool-2_9E:N1:72:03	36	1.00001e+06	1.58252e+06	463478	760450	0
293T_TFF1_DNA_Pool-2_9E:N1:F3:01	28	1.00001e+06	2.10043e+06	763716	644223	871614
293T_TFF1_DNA_Pool-2_9E:N2:O2:01	121	1.00001e+06	1.53942e+06	1.3969e+06	770090	1.02414e+06
293T_TFF1_DNA_Pool-2_9E:N9:0V:01	39	1.00001e+06	322400	878853	839969	1.96528e+06
293T_TFF1_DNA_Pool-2_9E:N9:50:04	133	1.00001e+06	1.20713e+06	1.31947e+06	1.70415e+06	1.28129e+06
293T_TFF1_DNA_Pool-2_9E:N9:E2:07	188	1.00001e+06	0	2.15517e+06	2.42805e+06	3.38055e+06
293T_TFF1_DNA_Pool-2_9E:N9:G0:02	331	1.00001e+06	0	1.83405e+06	3.51099e+06	1.4223e+06
293T_TFF1_DNA_Pool-2_9E:N9:I0:03	53	1.00001e+06	963988	1.09905e+06	923122	439333
293T_TFF1_DNA_Pool-2_9E:N9:I2:01	46	1.00001e+06	0	693836	793614	1.84449e+06
293T_TFF1_DNA_Pool-2_9E:N9:T4:05	236	1.00001e+06	2.13818e+06	2.19777e+06	2.56662e+06	2.17308e+06
293T_TFF1_DNA_Pool-2_9E:N9:U1:08	42	1.00001e+06	1.40971e+06	1.3162e+06	721627	271859
293T_TFF1_DNA_Pool-2_9E:N9:V0:04	943	1.00001e+06	3.17351e+06	3.21456e+06	1.08833e+07	2.91996e+06
293T_TFF1_DNA_Pool-2_9E:N9:W1:04	31	1.00001e+06	0	1.22759e+06	605051	2.83384e+06
293T_TFF1_DNA_Pool-2_9E:O3:F3:01	138	1.00001e+06	1.48893e+06	1.68427e+06	791251	2.04333e+06
293T_TFF1_DNA_Pool-2_9E:O3:O6:04	32	1.00001e+06	120991	338098	807322	145542
293T_TFF1_DNA_Pool-2_9E:O7:78:01	26	1.00001e+06	197618	342833	722948	470666
293T_TFF1_DNA_Pool-2_9E:O7:G4:04	21	1.00001e+06	1.598e+06	401617	863189	505298
293T_TFF1_DNA_Pool-2_9E:O7:H4:01	28	1.00001e+06	1.7893e+06	591749	216590	675994
293T_TFF1_DNA_Pool-2_9E:O7:N0:01	47	1.00001e+06	1.05798e+06	1.01466e+06	702311	0
293T_TFF1_DNA_Pool-2_9E:O7:Y5:01	96	1.00001e+06	936289	916741	993107	577465
293T_TFF1_DNA_Pool-2_9E:O8:06:01	96	1.00001e+06	2.61857e+06	1.24888e+06	937666	475926
293T_TFF1_DNA_Pool-2_9E:O8:K5:01	26	1.00001e+06	1.86057e+06	626864	743244	0
293T_TFF1_DNA_Pool-2_9E:P5:G2:03	20	1.00001e+06	1.85219e+06	630063	298190	0
293T_TFF1_DNA_Pool-2_9E:P9:G4:01	22	1.00001e+06	0	477135	541061	201805
293T_TFF1_DNA_Pool-2_9E:Q3:L7:03	29	1.00001e+06	2.00965e+06	1.07315e+06	833018	5.16441e+06
293T_TFF1_DNA_Pool-2_9E:Q3:Y2:04	32	1.00001e+06	0	629753	682742	362471
293T_TFF1_DNA_Pool-2_9E:R1:17:04	84	1.00001e+06	216039	936811	673839	872915
293T_TFF1_DNA_Pool-2_9E:R1:N0:01	39	1.00001e+06	1.86834e+06	718271	824702	391938
293T_TFF1_DNA_Pool-2_9E:S0:O9:01	54	1.00001e+06	2.13868e+06	1.19423e+06	1.74577e+06	1.27526e+06
293T_TFF1_DNA_Pool-2_9E:S3:F8:01	33	1.00001e+06	1.81056e+06	699165	1.10503e+06	265459
293T_TFF1_DNA_Pool-2_9E:S4:K2:01	34	1.00001e+06	1.36527e+06	470072	886700	0
293T_TFF1_DNA_Pool-2_9E:S7:65:01	205	1.00001e+06	2.32954e+06	1.58857e+06	1.73319e+06	1.22138e+06
293T_TFF1_DNA_Pool-2_9E:S7:98:11	72	1.00001e+06	1.81483e+06	860674	717687	563230
293T_TFF1_DNA_Pool-2_9E:S7:C0:04	68	1.00001e+06	0	705220	634495	14959.3
293T_TFF1_DNA_Pool-2_9E:S7:C0:08	74	1.00001e+06	745955	1.05207e+06	869462	979613
293T_TFF1_DNA_Pool-2_9E:S7:F2:05	445	1.00001e+06	2.5701e+06	2.81216e+06	4.84622e+06	4.01866e+06
293T_TFF1_DNA_Pool-2_9E:S7:J8:01	83	1.00001e+06	500704	1.61642e+06	1.1839e+06	420501
293T_TFF1_DNA_Pool-2_9E:S7:O2:04	102	1.00001e+06	1.13906e+06	1.21567e+06	759033	725878
293T_TFF1_DNA_Pool-2_9E:S8:T4:04	27	1.00001e+06	1.60535e+06	348412	741664	250751
293T_TFF1_DNA_Pool-2_9E:S8:V0:05	21	1.00001e+06	115869	298197	752490	239615
293T_TFF1_DNA_Pool-2_9E:S8:Y2:04	85	1.00001e+06	0	1.26407e+06	1.03817e+06	562970
293T_TFF1_DNA_Pool-2_9E:T5:O2:04	73	1.00001e+06	1.11288e+06	1.30256e+06	1.22256e+06	681084
293T_TFF1_DNA_Pool-2_9E:U3:54:03	29	1.00001e+06	2.27832e+06	811020	839283	990600
293T_TFF1_DNA_Pool-2_9E:U4:I1:03	22	1.00001e+06	1.59185e+06	592407	835875	516142
293T_TFF1_DNA_Pool-2_9E:U4:T4:01	745	1.00001e+06	0	2.94541e+06	8.92179e+06	3.51175e+06
293T_TFF1_DNA_Pool-2_9E:U7:08:04	82	1.00001e+06	2.16784e+06	876417	910905	1.51788e+06
293T_TFF1_DNA_Pool-2_9E:U7:56:03	48	1.00001e+06	1.97691e+06	623629	477286	327454
293T_TFF1_DNA_Pool-2_9E:U8:66:04	29	1.00001e+06	0	799018	606719	4.48079e+06
293T_TFF1_DNA_Pool-2_9E:V2:L7:04	23	1.00001e+06	0	478810	712694	1.29676e+06
293T_TFF1_DNA_Pool-2_9E:V2:Z3:01	316	1.00001e+06	5.35494e+06	1.8679e+06	2.13156e+06	1.25564e+06
293T_TFF1_DNA_Pool-2_9E:V9:N3:01	137	1.00001e+06	2.47957e+06	1.26021e+06	1.18442e+06	620989
293T_TFF1_DNA_Pool-2_9E:V9:X8:04	37	1.00001e+06	0	914185	780084	209636
293T_TFF1_DNA_Pool-2_9E:W8:G2:04	20	1.00001e+06	0	683427	48163.3	239937
293T_TFF1_DNA_Pool-2_9E:X5:02:08	33	1.00001e+06	1.39476e+06	632148	698994	167592
293T_TFF1_DNA_Pool-2_9E:X5:30:09	23	1.00001e+06	0	345538	678744	0
293T_TFF1_DNA_Pool-2_9E:X5:C0:06	51	1.00001e+06	0	896938	654686	441021
293T_TFF1_DNA_Pool-2_9E:X5:D3:04	44	1.00001e+06	801688	860307	770925	595096
293T_TFF1_DNA_Pool-2_9E:X5:F3:01	139	1.00001e+06	3.48013e+06	2.23528e+06	1.02131e+06	2.02688e+06
293T_TFF1_DNA_Pool-2_9E:X5:G2:04	89	1.00001e+06	0	1.05322e+06	901561	519193
293T_TFF1_DNA_Pool-2_9E:X5:I0:03	273	1.00001e+06	0	1.79014e+06	1.30707e+06	1.02858e+06
293T_TFF1_DNA_Pool-2_9E:X5:Y5:01	153	1.00001e+06	4.53431e+06	1.38245e+06	939940	460332
293T_TFF1_DNA_Pool-2_9E:X6:65:01	52	1.00001e+06	0	832189	761686	588864
293T_TFF1_DNA_Pool-2_9E:X9:E2:04	20	1.00001e+06	1.96042e+06	424520	692783	646994
293T_TFF1_DNA_Pool-2_9E:X9:J0:04	116	1.00001e+06	0	1.30097e+06	961556	435690
293T_TFF1_DNA_Pool-2_9E:X9:P0:04	26	1.00001e+06	0	729909	811009	202031
293T_TFF1_DNA_Pool-2_9E:Y8:E2:08	24	1.00001e+06	0	431195	674382	0
293T_TFF1_DNA_Pool-2_9D:0E:J0:07	37	1.00001e+06	0	926519	788607	1.5111e+06
293T_TFF1_DNA_Pool-2_9D:0E:Y1:02	38	1.00001e+06	2.43185e+06	1.12934e+06	821655	918771
293T_TFF1_DNA_Pool-2_9D:0H:G4:02	56	1.00001e+06	491007	920924	789838	244624
293T_TFF1_DNA_Pool-2_9D:0X:0N:04	34	1.00001e+06	0	1.05088e+06	815810	3.5199e+06
293T_TFF1_DNA_Pool-2_9D:0X:34:08	25	1.00001e+06	2.06206e+06	574326	614106	2.17989e+06
293T_TFF1_DNA_Pool-2_9D:0X:J8:08	21	1.00001e+06	0	578457	778419	277522
293T_TFF1_DNA_Pool-2_9D:0X:V3:05	130	1.00001e+06	3.17287e+06	1.90006e+06	1.34231e+06	1.28572e+06
293T_TFF1_DNA_Pool-2_9D:0X:Y6:02	193	1.00001e+06	944475	1.68687e+06	1.48809e+06	910534
293T_TFF1_DNA_Pool-2_9D:0Y:97:02	65	1.00001e+06	309027	1.00611e+06	847762	1.17467e+06
293T_TFF1_DNA_Pool-2_9D:0Y:X0:02	47	1.00001e+06	0	762160	680946	269072
293T_TFF1_DNA_Pool-2_9D:0Y:X3:08	22	1.00001e+06	1.82763e+06	584226	605482	141102
293T_TFF1_DNA_Pool-2_9D:19:G2:02	23	1.00001e+06	1.877e+06	502316	804905	492457
293T_TFF1_DNA_Pool-2_9D:19:P3:02	20	1.00001e+06	1.71442e+06	697939	792863	1.20252e+06
293T_TFF1_DNA_Pool-2_9D:20:O6:12	52	1.00001e+06	2.81187e+06	1.08775e+06	798925	3.36733e+06
293T_TFF1_DNA_Pool-2_9D:24:Y1:01	71	1.00001e+06	0	760435	749183	451731
293T_TFF1_DNA_Pool-2_9D:27:0F:02	92	1.00001e+06	1.45983e+06	1.15168e+06	798657	2.51647e+06
293T_TFF1_DNA_Pool-2_9D:39:D7:10	20	1.00001e+06	2.50141e+06	827212	749733	754722
293T_TFF1_DNA_Pool-2_9D:43:K5:01	21	NA	0	343561	802562	353623
293T_TFF1_DNA_Pool-2_9D:47:0W:02	37	1.00001e+06	0	760112	844897	468281
293T_TFF1_DNA_Pool-2_9D:47:0W:04	25	1.00001e+06	0	274179	557060	0
293T_TFF1_DNA_Pool-2_9D:47:S9:02	92	1.00001e+06	221418	1.20445e+06	721105	1.22827e+06
293T_TFF1_DNA_Pool-2_9D:56:J0:07	56	1.00001e+06	1.69703e+06	489868	903616	174137
293T_TFF1_DNA_Pool-2_9D:60:54:02	25	1.00001e+06	264872	390934	641649	30903.2
293T_TFF1_DNA_Pool-2_9D:67:45:02	30	1.00001e+06	854014	969118	800311	1.95034e+06
293T_TFF1_DNA_Pool-2_9D:68:0O:02	52	1.00001e+06	0	1.92082e+06	985956	3.56336e+06
293T_TFF1_DNA_Pool-2_9D:68:0O:12	26	1.00001e+06	1.69102e+06	696880	779124	1.19005e+06
293T_TFF1_DNA_Pool-2_9D:72:X7:03	37	1.00001e+06	311980	2.16584e+06	3.34296e+06	306739
293T_TFF1_DNA_Pool-2_9D:80:E2:02	45	1.00001e+06	0	836929	676235	687269
293T_TFF1_DNA_Pool-2_9D:80:O1:02	28	1.00001e+06	1.5596e+06	1.75518e+06	859907	5.10225e+06
293T_TFF1_DNA_Pool-2_9D:83:25:02	22	1.00001e+06	0	1.036e+06	838577	669808
293T_TFF1_DNA_Pool-2_9D:95:G1:12	28	1.00001e+06	0	781621	793284	4.04945e+06
293T_TFF1_DNA_Pool-2_9D:A0:J6:04	24	1.00001e+06	605946	853852	799483	431824
293T_TFF1_DNA_Pool-2_9D:A4:02:04	25	1.00001e+06	1.32147e+06	716421	820038	220504
293T_TFF1_DNA_Pool-2_9D:A4:78:07	43	1.00001e+06	0	1.56034e+06	2.16382e+06	1.89692e+06
293T_TFF1_DNA_Pool-2_9D:A7:U5:08	20	1.00001e+06	0	255912	731138	0
293T_TFF1_DNA_Pool-2_9D:B2:N3:02	21	1.00001e+06	1.63399e+06	819729	712152	884870
293T_TFF1_DNA_Pool-2_9D:C4:L4:04	44	1.00001e+06	1.19431e+06	929780	904288	378785
293T_TFF1_DNA_Pool-2_9D:D9:58:12	34	1.00001e+06	1.9065e+06	812160	762523	1.32698e+06
293T_TFF1_DNA_Pool-2_9D:D9:S9:02	32	1.00001e+06	1.87285e+06	754041	825242	647262
293T_TFF1_DNA_Pool-2_9D:E3:S5:02	59	1.00001e+06	0	1.33796e+06	844817	1.81513e+06
293T_TFF1_DNA_Pool-2_9D:G3:J0:02	629	1.00001e+06	2.33218e+06	2.80749e+06	9.59246e+06	1.81621e+06
293T_TFF1_DNA_Pool-2_9D:G4:P3:07	66	1.00001e+06	251542	1.59267e+06	1.04317e+06	2.88134e+06
293T_TFF1_DNA_Pool-2_9D:G8:F8:02	21	1.00001e+06	0	468274	793388	2.59254e+06
293T_TFF1_DNA_Pool-2_9D:G8:S9:02	26	1.00001e+06	1.59934e+06	327783	702437	279502
293T_TFF1_DNA_Pool-2_9D:H2:Y6:12	33	1.00001e+06	0	699428	680501	407320
293T_TFF1_DNA_Pool-2_9D:H5:J6:02	25	1.00001e+06	1.04577e+06	773854	797705	610603
293T_TFF1_DNA_Pool-2_9D:I4:37:08	74	1.00001e+06	462106	900717	801763	459452
293T_TFF1_DNA_Pool-2_9D:I4:Q1:02	22	1.00001e+06	0	327333	567505	155802
293T_TFF1_DNA_Pool-2_9D:I7:17:12	20	1.00001e+06	94772.1	373955	750366	75898.9
293T_TFF1_DNA_Pool-2_9D:J1:0N:04	33	1.00001e+06	0	546419	790283	454301
293T_TFF1_DNA_Pool-2_9D:J1:50:02	176	1.00001e+06	0	1.6666e+06	1.42413e+06	2.42647e+06
293T_TFF1_DNA_Pool-2_9D:J1:P3:07	182	1.00001e+06	2.65276e+06	1.75706e+06	1.17687e+06	2.8305e+06
293T_TFF1_DNA_Pool-2_9D:J2:J0:07	66	1.00001e+06	1.1181e+06	1.17416e+06	780862	846075
293T_TFF1_DNA_Pool-2_9D:L2:90:02	20	1.00001e+06	0	261269	519825	0
293T_TFF1_DNA_Pool-2_9D:M0:32:02	24	1.00001e+06	0	737000	1.04355e+06	0
293T_TFF1_DNA_Pool-2_9D:M3:46:04	38	1.00001e+06	1.61209e+06	1.30694e+06	707987	2.5303e+06
293T_TFF1_DNA_Pool-2_9D:N1:0R:12	54	1.00001e+06	1.32702e+06	820252	617389	415850
293T_TFF1_DNA_Pool-2_9D:N9:26:02	37	1.00001e+06	1.81377e+06	577667	887493	775560
293T_TFF1_DNA_Pool-2_9D:N9:98:02	60	1.00001e+06	481415	1.02801e+06	900836	909476
293T_TFF1_DNA_Pool-2_9D:N9:Y6:02	141	1.00001e+06	1.25535e+06	1.34571e+06	930328	1.06235e+06
293T_TFF1_DNA_Pool-2_9D:O7:0R:12	46	1.00001e+06	0	446289	791038	243955
293T_TFF1_DNA_Pool-2_9D:O7:28:02	56	1.00001e+06	1.27128e+06	1.092e+06	832652	0
293T_TFF1_DNA_Pool-2_9D:O7:F2:02	24	1.00001e+06	1.36478e+06	628599	15039.5	195669
293T_TFF1_DNA_Pool-2_9D:P2:24:12	23	1.00001e+06	0	495104	817724	0
293T_TFF1_DNA_Pool-2_9D:Q3:E2:02	68	1.00001e+06	0	760077	684731	531975
293T_TFF1_DNA_Pool-2_9D:Q3:E2:08	261	1.00001e+06	0	1.52611e+06	1.24288e+06	881959
293T_TFF1_DNA_Pool-2_9D:Q3:S6:02	20	1.00001e+06	1.58252e+06	739909	28925	0
293T_TFF1_DNA_Pool-2_9D:Q4:Y6:02	51	1.00001e+06	0	836211	729731	674651
293T_TFF1_DNA_Pool-2_9D:R1:T2:02	72	1.00001e+06	1.85727e+06	709844	766038	72185
293T_TFF1_DNA_Pool-2_9D:R9:E2:12	23	1.00001e+06	0	585348	810318	0
293T_TFF1_DNA_Pool-2_9D:S0:Y5:02	24	1.00001e+06	1.73036e+06	528852	809886	321898
293T_TFF1_DNA_Pool-2_9D:S7:E1:04	56	1.00001e+06	0	1.31858e+06	261993	1.49781e+06
293T_TFF1_DNA_Pool-2_9D:S7:G2:11	28	1.00001e+06	2.29798e+06	893477	629047	1.06555e+06
293T_TFF1_DNA_Pool-2_9D:S7:H2:02	38	1.00001e+06	0	672214	753507	401248
293T_TFF1_DNA_Pool-2_9D:S7:P3:07	241	1.00001e+06	0	2.24979e+06	1.53024e+06	797824
293T_TFF1_DNA_Pool-2_9D:S8:0F:01	22	1.00001e+06	697454	455810	871601	348616
293T_TFF1_DNA_Pool-2_9D:S8:46:12	36	1.00001e+06	0	693416	769574	324250
293T_TFF1_DNA_Pool-2_9D:T5:G4:02	64	1.00001e+06	0	1.0194e+06	1.15736e+06	465620
293T_TFF1_DNA_Pool-2_9D:T5:Y6:02	51	1.00001e+06	1.81508e+06	717942	862855	4.7843e+06
293T_TFF1_DNA_Pool-2_9D:U0:Y6:02	32	1.00001e+06	2.30574e+06	971795	741227	1.1486e+06
293T_TFF1_DNA_Pool-2_9D:U4:J0:07	54	1.00001e+06	116641	811003	778358	405691
293T_TFF1_DNA_Pool-2_9D:V6:Y6:04	23	1.00001e+06	1.61818e+06	284036	659144	1.60791e+06
293T_TFF1_DNA_Pool-2_9D:V9:P3:07	100	1.00001e+06	482237	1.29404e+06	806924	1.368e+06
293T_TFF1_DNA_Pool-2_9D:W0:S9:02	43	1.00001e+06	2.25777e+06	857234	803401	1.29582e+06
293T_TFF1_DNA_Pool-2_9D:W0:V3:02	27	1.00001e+06	116157	564781	821539	686649
293T_TFF1_DNA_Pool-2_9D:W8:Z8:04	35	1.00001e+06	1.73121e+06	888861	799008	314652
293T_TFF1_DNA_Pool-2_9D:X5:32:02	1358	1.00001e+06	1.1487e+07	3.85883e+06	1.32921e+07	2.68595e+06
293T_TFF1_DNA_Pool-2_9D:X5:50:02	362	1.00001e+06	0	2.36066e+06	4.63087e+06	3.95662e+06
293T_TFF1_DNA_Pool-2_9D:X5:D7:04	24	1.00001e+06	203696	622320	658020	2.16038e+06
293T_TFF1_DNA_Pool-2_9D:X5:G0:07	107	1.00001e+06	0	1.014e+06	817280	435925
293T_TFF1_DNA_Pool-2_9D:X5:H8:02	41	1.00001e+06	0	1.13808e+06	769728	1.06383e+06
293T_TFF1_DNA_Pool-2_9D:X5:M1:01	84	1.00001e+06	2.732e+06	1.04171e+06	1.15889e+06	891961
293T_TFF1_DNA_Pool-2_9D:X5:P0:10	289	1.00001e+06	0	1.70832e+06	1.90025e+06	2.00218e+06
293T_TFF1_DNA_Pool-2_9D:X5:S9:02	150	1.00001e+06	1.39005e+06	1.82783e+06	1.23754e+06	2.94684e+06
293T_TFF1_DNA_Pool-2_9D:X5:Z3:02	76	1.00001e+06	470584	717209	913592	244044
293T_TFF1_DNA_Pool-2_9D:X9:32:02	23	1.00001e+06	0	1.01601e+06	1.19751e+06	1.93889e+06
293T_TFF1_DNA_Pool-2_9D:X9:J6:02	23	1.00001e+06	207324	731111	708132	422070
293T_TFF1_DNA_Pool-2_9D:Y0:P3:04	385	1.00001e+06	3.13329e+06	2.6083e+06	4.77387e+06	2.10462e+06
293T_TFF1_DNA_Pool-2_9D:Y3:Y6:12	44	1.00001e+06	1.38601e+06	956324	686576	331248
293T_TFF1_DNA_Pool-2_9D:Y8:P3:07	34	1.00001e+06	0	516572	682961	487321
293T_TFF1_DNA_Pool-2_9D:Z9:P3:07	39	1.00001e+06	0	663095	677171	738351
293T_TFF1_DNA_Pool-2_9C:08:V0:11	24	1.00001e+06	890605	712008	35441.6	834196
293T_TFF1_DNA_Pool-2_9C:0D:E1:11	35	1.00001e+06	0	381795	20636.9	400902
293T_TFF1_DNA_Pool-2_9C:0H:J3:03	40	1.00001e+06	1.59717e+06	989228	644576	1.27633e+06
293T_TFF1_DNA_Pool-2_9C:0Q:T8:04	21	1.00001e+06	1.43732e+06	321564	15483.5	273586
293T_TFF1_DNA_Pool-2_9C:0U:C8:03	21	1.00001e+06	0	383019	794396	115096
293T_TFF1_DNA_Pool-2_9C:0X:81:10	41	1.00001e+06	0	617785	810155	164805
293T_TFF1_DNA_Pool-2_9C:0X:G0:01	76	1.00001e+06	2.02843e+06	1.63914e+06	1.68033e+06	895738
293T_TFF1_DNA_Pool-2_9C:0X:G8:11	22	1.00001e+06	1.5717e+06	341820	219389	0
293T_TFF1_DNA_Pool-2_9C:0X:J8:08	94	1.00001e+06	888329	994685	774976	650996
293T_TFF1_DNA_Pool-2_9C:0X:P0:06	50	1.00001e+06	0	894649	821955	187052
293T_TFF1_DNA_Pool-2_9C:0X:W0:11	48	1.00001e+06	1.91706e+06	1.25709e+06	915497	473511
293T_TFF1_DNA_Pool-2_9C:0Y:46:11	95	1.00001e+06	163264	962505	814559	894013
293T_TFF1_DNA_Pool-2_9C:0Y:78:07	31	1.00001e+06	449096	1.01651e+06	521688	2.09655e+06
293T_TFF1_DNA_Pool-2_9C:0Y:E6:11	31	1.00001e+06	1.82054e+06	541617	829418	306168
293T_TFF1_DNA_Pool-2_9C:0Y:M1:11	64	1.00001e+06	0	793727	722491	468233
293T_TFF1_DNA_Pool-2_9C:0Y:T2:05	146	1.00001e+06	1.53179e+06	1.56252e+06	755836	717336
293T_TFF1_DNA_Pool-2_9C:0Y:X7:06	32	1.00001e+06	1.90083e+06	531528	821650	359099
293T_TFF1_DNA_Pool-2_9C:0Y:Y6:11	120	1.00001e+06	3.00396e+06	1.79798e+06	1.27676e+06	3.39209e+06
293T_TFF1_DNA_Pool-2_9C:11:F3:10	27	1.00001e+06	2.16336e+06	2.37221e+06	795799	0
293T_TFF1_DNA_Pool-2_9C:16:C8:11	44	1.00001e+06	0	1.15605e+06	801397	1.20009e+06
293T_TFF1_DNA_Pool-2_9C:19:32:05	162	1.00001e+06	1.4558e+06	1.11043e+06	1.3778e+06	1.94884e+06
293T_TFF1_DNA_Pool-2_9C:19:E1:06	22	1.00001e+06	1.78791e+06	671458	727887	232617
293T_TFF1_DNA_Pool-2_9C:19:H0:02	34	1.00001e+06	0	574592	642295	194773
293T_TFF1_DNA_Pool-2_9C:20:46:11	30	1.00001e+06	0	752169	750972	1.45489e+06
293T_TFF1_DNA_Pool-2_9C:24:Y5:06	21	1.00001e+06	1.64906e+06	525448	725256	251389
293T_TFF1_DNA_Pool-2_9C:31:R3:03	38	1.00001e+06	2.0292e+06	854969	774670	786107
293T_TFF1_DNA_Pool-2_9C:43:56:06	32	1.00001e+06	1.67948e+06	418679	14397.4	297215
293T_TFF1_DNA_Pool-2_9C:47:A5:06	497	1.00001e+06	8.33808e+06	2.34426e+06	5.57496e+06	1.03696e+06
293T_TFF1_DNA_Pool-2_9C:47:C4:11	21	1.00001e+06	1.57697e+06	364143	638573	0
293T_TFF1_DNA_Pool-2_9C:47:O2:01	50	1.00001e+06	1.92229e+06	639491	745330	211331
293T_TFF1_DNA_Pool-2_9C:47:Q0:10	86	1.00001e+06	1.69732e+06	993153	708914	635277
293T_TFF1_DNA_Pool-2_9C:55:20:02	22	1.00001e+06	1.54619e+06	816305	819907	2.1197e+06
293T_TFF1_DNA_Pool-2_9C:60:0R:09	22	1.00001e+06	624463	592307	766201	147386
293T_TFF1_DNA_Pool-2_9C:91:R3:06	29	1.00001e+06	1.59217e+06	488442	578142	612494
293T_TFF1_DNA_Pool-2_9C:95:S1:05	35	1.00001e+06	793027	1.85469e+06	808784	4.0344e+06
293T_TFF1_DNA_Pool-2_9C:99:54:06	30	1.00001e+06	1.83289e+06	390284	802752	414866
293T_TFF1_DNA_Pool-2_9C:A4:72:01	51	1.00001e+06	1.43729e+06	1.31107e+06	834230	5.70906e+06
293T_TFF1_DNA_Pool-2_9C:A4:78:07	48	1.00001e+06	0	1.46096e+06	2.11311e+06	878339
293T_TFF1_DNA_Pool-2_9C:B5:T2:07	31	1.00001e+06	0	645158	751662	398852
293T_TFF1_DNA_Pool-2_9C:B9:20:02	34	1.00001e+06	1.95181e+06	706453	27298.9	83782.6
293T_TFF1_DNA_Pool-2_9C:E3:28:03	22	1.00001e+06	0	576910	85072.9	612311
293T_TFF1_DNA_Pool-2_9C:E3:D0:02	30	1.00001e+06	857550	2.09145e+06	1.25537e+06	531693
293T_TFF1_DNA_Pool-2_9C:E3:D4:01	37	1.00001e+06	0	942646	1.22069e+06	254133
293T_TFF1_DNA_Pool-2_9C:E3:E2:06	28	1.00001e+06	0	1.2452e+06	756962	2.30941e+06
293T_TFF1_DNA_Pool-2_9C:F2:46:11	26	1.00001e+06	0	762745	743022	955703
293T_TFF1_DNA_Pool-2_9C:G0:20:02	39	1.00001e+06	1.58252e+06	977126	790992	460374
293T_TFF1_DNA_Pool-2_9C:G8:E2:11	30	1.00001e+06	1.73186e+06	1.95686e+06	884174	92785.7
293T_TFF1_DNA_Pool-2_9C:H2:E9:02	21	1.00001e+06	0	866554	59237.2	974049
293T_TFF1_DNA_Pool-2_9C:I4:Q0:02	31	1.00001e+06	0	1.40881e+06	977348	261544
293T_TFF1_DNA_Pool-2_9C:J1:14:02	36	1.00001e+06	1.86808e+06	573616	621886	195775
293T_TFF1_DNA_Pool-2_9C:J1:22:06	30	1.00001e+06	238723	585936	828063	12141.8
293T_TFF1_DNA_Pool-2_9C:J1:A0:02	45	1.00001e+06	0	613232	741011	0
293T_TFF1_DNA_Pool-2_9C:J1:Y6:11	134	1.00001e+06	0	1.14659e+06	1.23972e+06	840650
293T_TFF1_DNA_Pool-2_9C:L1:M0:01	69	1.00001e+06	751282	2.43835e+06	2.55817e+06	330920
293T_TFF1_DNA_Pool-2_9C:L2:A4:03	26	1.00001e+06	0	321016	455442	0
293T_TFF1_DNA_Pool-2_9C:M3:20:02	32	1.00001e+06	1.17883e+06	1.29698e+06	1.10373e+06	1.26306e+06
293T_TFF1_DNA_Pool-2_9C:M3:22:11	278	1.00001e+06	0	2.82461e+06	2.56538e+06	3.94278e+06
293T_TFF1_DNA_Pool-2_9C:M3:H6:11	25	1.00001e+06	0	713308	645962	498031
293T_TFF1_DNA_Pool-2_9C:M4:J8:08	20	1.00001e+06	1.35905e+06	329189	25350.6	0
293T_TFF1_DNA_Pool-2_9C:N2:E1:11	25	1.00001e+06	1.93098e+06	481411	17697	62066.4
293T_TFF1_DNA_Pool-2_9C:N9:0A:04	20	1.00001e+06	353405	1.48582e+06	912208	4.40876e+06
293T_TFF1_DNA_Pool-2_9C:N9:29:02	20	1.00001e+06	0	1.24678e+06	1.13353e+06	490696
293T_TFF1_DNA_Pool-2_9C:N9:I9:06	36	1.00001e+06	1.93981e+06	844719	787712	1.99172e+06
293T_TFF1_DNA_Pool-2_9C:P9:H8:02	23	1.00001e+06	1.97681e+06	538020	919471	82968.2
293T_TFF1_DNA_Pool-2_9C:R6:K0:02	21	1.00001e+06	169770	424143	564458	91829.7
293T_TFF1_DNA_Pool-2_9C:S3:E6:03	35	1.00001e+06	0	1.01499e+06	787162	604531
293T_TFF1_DNA_Pool-2_9C:S7:50:06	21	1.00001e+06	2.34662e+06	677214	662170	879416
293T_TFF1_DNA_Pool-2_9C:S7:A2:06	25	1.00001e+06	1.43727e+06	492313	665661	85760.7
293T_TFF1_DNA_Pool-2_9C:S7:B0:02	41	1.00001e+06	0	673461	758036	500166
293T_TFF1_DNA_Pool-2_9C:S7:J8:08	51	1.00001e+06	0	1.29451e+06	838083	1.46589e+06
293T_TFF1_DNA_Pool-2_9C:S7:N8:03	85	1.00001e+06	0	1.30825e+06	986665	3.11252e+06
293T_TFF1_DNA_Pool-2_9C:S8:Y1:10	188	1.00001e+06	0	1.50099e+06	1.20988e+06	745365
293T_TFF1_DNA_Pool-2_9C:T5:20:02	33	1.00001e+06	186816	565609	734400	201907
293T_TFF1_DNA_Pool-2_9C:U3:Y6:11	67	1.00001e+06	564758	1.41636e+06	885119	4.12763e+06
293T_TFF1_DNA_Pool-2_9C:U4:J0:07	41	1.00001e+06	0	463101	524682	0
293T_TFF1_DNA_Pool-2_9C:U4:O2:02	38	1.00001e+06	842985	945694	775621	347724
293T_TFF1_DNA_Pool-2_9C:V2:Y6:11	45	1.00001e+06	0	437519	663132	0
293T_TFF1_DNA_Pool-2_9C:X1:Y1:10	54	1.00001e+06	229776	890294	1.0873e+06	339080
293T_TFF1_DNA_Pool-2_9C:X5:30:09	26	1.00001e+06	0	958679	703820	2.11052e+06
293T_TFF1_DNA_Pool-2_9C:X5:C0:06	41	1.00001e+06	0	746197	810751	3.58503e+06
293T_TFF1_DNA_Pool-2_9C:X5:C0:11	38	1.00001e+06	2.33182e+06	739470	623360	681500
293T_TFF1_DNA_Pool-2_9C:X5:E2:02	302	1.00001e+06	7.54101e+06	2.29292e+06	2.37285e+06	2.16634e+06
293T_TFF1_DNA_Pool-2_9C:X5:K2:06	58	1.00001e+06	2.7433e+06	955311	1.03364e+06	172111
293T_TFF1_DNA_Pool-2_9C:X5:X4:11	42	1.00001e+06	0	2.02614e+06	1.40674e+06	2.95059e+06
293T_TFF1_DNA_Pool-2_9C:X9:0R:11	24	1.00001e+06	274556	617590	663856	412629
293T_TFF1_DNA_Pool-2_9C:Y8:N8:11	39	1.00001e+06	1.5647e+06	1.0358e+06	760668	1.23842e+06
293T_TFF1_DNA_Pool-2_9C:Z2:T4:05	164	1.00001e+06	0	1.25284e+06	1.05755e+06	1.8995e+06
293T_TFF1_DNA_Pool-2_9C:Z2:T4:11	34	1.00001e+06	2.5649e+06	972457	970077	1.41235e+06
293T_TFF1_DNA_Pool-2_9C:Z5:46:02	21	1.00001e+06	2.113e+06	968901	697087	3.63542e+06
293T_TFF1_DNA_Pool-2_9B:0A:D4:07	557	1.00001e+06	8.88047e+06	2.73447e+06	4.79016e+06	4.41825e+06
293T_TFF1_DNA_Pool-2_9B:0H:S1:07	283	1.00001e+06	4.43301e+06	1.88693e+06	2.36764e+06	1.35141e+06
293T_TFF1_DNA_Pool-2_9B:0Q:J6:06	39	1.00001e+06	1.51755e+06	1.15076e+06	743124	684432
293T_TFF1_DNA_Pool-2_9B:0Q:N8:03	30	1.00001e+06	1.58252e+06	474986	18814.8	384972
293T_TFF1_DNA_Pool-2_9B:0Q:T4:02	29	1.00001e+06	1.5772e+06	1.10489e+06	707327	808566
293T_TFF1_DNA_Pool-2_9B:0X:61:01	47	1.00001e+06	0	709389	723034	169265
293T_TFF1_DNA_Pool-2_9B:0X:A4:06	45	1.00001e+06	566064	1.03792e+06	677246	1.11746e+06
293T_TFF1_DNA_Pool-2_9B:0X:O9:03	29	1.00001e+06	0	877262	860358	902307
293T_TFF1_DNA_Pool-2_9B:0Y:08:07	57	1.00001e+06	2.0864e+06	797024	762291	0
293T_TFF1_DNA_Pool-2_9B:0Y:78:07	27	1.00001e+06	1.98053e+06	919053	664333	573793
293T_TFF1_DNA_Pool-2_9B:12:0R:03	55	1.00001e+06	2.2869e+06	791704	684471	119368
293T_TFF1_DNA_Pool-2_9B:12:J6:06	21	1.00001e+06	0	737865	751312	324460
293T_TFF1_DNA_Pool-2_9B:16:G0:03	23	1.00001e+06	0	729071	834695	833575
293T_TFF1_DNA_Pool-2_9B:16:G1:02	237	1.00001e+06	1.75497e+06	2.23636e+06	1.86245e+06	2.6437e+06
293T_TFF1_DNA_Pool-2_9B:19:E1:07	22	1.00001e+06	0	814619	706577	0
293T_TFF1_DNA_Pool-2_9B:24:B2:04	20	1.00001e+06	1.98302e+06	698742	780797	502982
293T_TFF1_DNA_Pool-2_9B:24:W2:03	94	1.00001e+06	0	1.35934e+06	917716	1.19678e+06
293T_TFF1_DNA_Pool-2_9B:31:R3:03	109	1.00001e+06	1.62731e+06	1.3914e+06	1.30278e+06	534341
293T_TFF1_DNA_Pool-2_9B:39:O2:03	37	1.00001e+06	2.72012e+06	653213	843621	392646
293T_TFF1_DNA_Pool-2_9B:40:0R:03	45	1.00001e+06	1.21177e+06	1.03418e+06	755366	725496
293T_TFF1_DNA_Pool-2_9B:43:0V:06	21	1.00001e+06	2.15901e+06	492659	729531	273808
293T_TFF1_DNA_Pool-2_9B:43:J6:07	43	1.00001e+06	2.4648e+06	537119	792153	564609
293T_TFF1_DNA_Pool-2_9B:47:B0:06	27	1.00001e+06	0	663654	701150	140820
293T_TFF1_DNA_Pool-2_9B:80:0R:03	74	1.00001e+06	186042	601148	829381	53473.2
293T_TFF1_DNA_Pool-2_9B:83:Y5:06	39	1.00001e+06	1.01932e+06	1.03426e+06	836220	3.92051e+06
293T_TFF1_DNA_Pool-2_9B:91:I0:06	65	1.00001e+06	1.60605e+06	735340	683564	597561
293T_TFF1_DNA_Pool-2_9B:95:O2:07	236	1.00001e+06	0	1.21249e+06	1.60632e+06	980884
293T_TFF1_DNA_Pool-2_9B:99:T4:03	33	1.00001e+06	1.60133e+06	520668	499890	301431
293T_TFF1_DNA_Pool-2_9B:A4:N8:05	27	1.00001e+06	642362	614020	755910	259686
293T_TFF1_DNA_Pool-2_9B:A7:45:06	32	1.00001e+06	1.6023e+06	662331	15352.3	106006
293T_TFF1_DNA_Pool-2_9B:A7:Q8:06	47	1.00001e+06	1.81438e+06	1.11323e+06	828010	1.23289e+06
293T_TFF1_DNA_Pool-2_9B:B5:20:06	21	1.00001e+06	207917	707065	707257	529038
293T_TFF1_DNA_Pool-2_9B:C4:E8:07	1211	1.00001e+06	0	4.06254e+06	1.18204e+07	3.46402e+06
293T_TFF1_DNA_Pool-2_9B:C8:T4:03	80	1.00001e+06	1.61842e+06	1.38839e+06	969278	1.03759e+06
293T_TFF1_DNA_Pool-2_9B:E3:M0:07	35	1.00001e+06	2.88469e+06	867753	834614	1.39272e+06
293T_TFF1_DNA_Pool-2_9B:E3:S6:03	131	1.00001e+06	425810	1.41708e+06	974460	713377
293T_TFF1_DNA_Pool-2_9B:E3:T4:03	122	1.00001e+06	896264	1.19825e+06	971560	657439
293T_TFF1_DNA_Pool-2_9B:E4:98:03	26	1.00001e+06	0	876687	876852	316745
293T_TFF1_DNA_Pool-2_9B:E4:J6:03	51	1.00001e+06	0	1.71962e+06	872131	623192
293T_TFF1_DNA_Pool-2_9B:E4:T0:04	47	1.00001e+06	2.04347e+06	869070	775354	1.181e+06
293T_TFF1_DNA_Pool-2_9B:E7:G4:03	27	1.00001e+06	1.74476e+06	645464	924709	681089
293T_TFF1_DNA_Pool-2_9B:F6:T4:03	37	1.00001e+06	114085	625324	626970	53473.2
293T_TFF1_DNA_Pool-2_9B:F7:K1:06	22	1.00001e+06	1.34835e+06	1.10319e+06	877150	3.31505e+06
293T_TFF1_DNA_Pool-2_9B:F7:M8:06	37	1.00001e+06	0	777987	828427	385510
293T_TFF1_DNA_Pool-2_9B:G3:J0:02	20	1.00001e+06	1.71965e+06	578049	55308.3	251706
293T_TFF1_DNA_Pool-2_9B:G4:X3:06	49	1.00001e+06	2.10784e+06	945427	830009	315143
293T_TFF1_DNA_Pool-2_9B:H6:A4:03	31	1.00001e+06	1.70086e+06	805029	642809	0
293T_TFF1_DNA_Pool-2_9B:H6:T4:07	33	1.00001e+06	0	1.15796e+06	730290	1.0591e+06
293T_TFF1_DNA_Pool-2_9B:J1:14:02	37	1.00001e+06	2.13792e+06	1.08701e+06	875415	2.27165e+06
293T_TFF1_DNA_Pool-2_9B:J1:20:07	56	1.00001e+06	1.26066e+06	1.09019e+06	713971	677729
293T_TFF1_DNA_Pool-2_9B:J1:A0:06	20	1.00001e+06	1.72334e+06	698782	228884	0
293T_TFF1_DNA_Pool-2_9B:J1:B3:11	21	1.00001e+06	206874	586442	815118	1.73417e+06
293T_TFF1_DNA_Pool-2_9B:J1:Y1:03	51	1.00001e+06	0	488369	725018	397444
293T_TFF1_DNA_Pool-2_9B:J2:H2:03	37	1.00001e+06	0	962965	723398	883636
293T_TFF1_DNA_Pool-2_9B:K7:E1:03	34	1.00001e+06	495221	908527	750287	3.34762e+06
293T_TFF1_DNA_Pool-2_9B:N2:E2:06	26	1.00001e+06	0	365407	683047	0
293T_TFF1_DNA_Pool-2_9B:N9:0R:07	38	1.00001e+06	0	1.03601e+06	817919	2.23371e+06
293T_TFF1_DNA_Pool-2_9B:N9:28:03	75	1.00001e+06	3.21237e+06	1.44174e+06	786850	569602
293T_TFF1_DNA_Pool-2_9B:N9:L0:02	43	1.00001e+06	0	508454	819006	633856
293T_TFF1_DNA_Pool-2_9B:N9:L8:02	42	1.00001e+06	2.10774e+06	672051	673416	0
293T_TFF1_DNA_Pool-2_9B:N9:N0:03	43	1.00001e+06	2.14013e+06	949236	868371	509708
293T_TFF1_DNA_Pool-2_9B:N9:T2:07	56	1.00001e+06	1.3363e+06	1.19662e+06	1.19359e+06	802728
293T_TFF1_DNA_Pool-2_9B:O3:X8:07	27	1.00001e+06	795386	1.05719e+06	508539	3.42738e+06
293T_TFF1_DNA_Pool-2_9B:O7:08:08	31	1.00001e+06	629220	523188	482566	0
293T_TFF1_DNA_Pool-2_9B:Q3:E2:03	90	1.00001e+06	0	1.19233e+06	804419	370358
293T_TFF1_DNA_Pool-2_9B:Q8:G4:06	22	1.00001e+06	0	739427	31333.5	1.21017e+06
293T_TFF1_DNA_Pool-2_9B:R6:T4:06	57	1.00001e+06	0	1.31667e+06	946770	2.25856e+06
293T_TFF1_DNA_Pool-2_9B:S7:09:06	22	1.00001e+06	0	532023	55212.5	0
293T_TFF1_DNA_Pool-2_9B:S8:I0:06	114	1.00001e+06	1.01355e+06	864400	734926	562693
293T_TFF1_DNA_Pool-2_9B:S8:M8:07	59	1.00001e+06	2.32989e+06	936354	601430	757585
293T_TFF1_DNA_Pool-2_9B:S8:O2:08	29	1.00001e+06	0	647755	824048	446609
293T_TFF1_DNA_Pool-2_9B:T5:X7:07	24	1.00001e+06	0	894236	793643	593649
293T_TFF1_DNA_Pool-2_9B:V9:0V:05	25	1.00001e+06	0	1.26819e+06	765400	1.16958e+06
293T_TFF1_DNA_Pool-2_9B:V9:T4:03	69	1.00001e+06	2.26213e+06	1.17113e+06	829664	1.02868e+06
293T_TFF1_DNA_Pool-2_9B:W0:56:03	42	1.00001e+06	2.29402e+06	1.94494e+06	874337	4.09967e+06
293T_TFF1_DNA_Pool-2_9B:W7:0V:05	21	1.00001e+06	1.94242e+06	627673	706973	661942
293T_TFF1_DNA_Pool-2_9B:W7:G4:02	33	1.00001e+06	528943	668467	788274	1.64012e+06
293T_TFF1_DNA_Pool-2_9B:W8:X3:07	38	1.00001e+06	909675	1.4238e+06	788813	1.41565e+06
293T_TFF1_DNA_Pool-2_9B:X1:17:03	24	1.00001e+06	1.90559e+06	619405	724136	838925
293T_TFF1_DNA_Pool-2_9B:X2:50:07	34	1.00001e+06	0	849412	926430	508829
293T_TFF1_DNA_Pool-2_9B:X5:0R:04	125	1.00001e+06	1.35075e+06	1.33747e+06	810618	431370
293T_TFF1_DNA_Pool-2_9B:X5:30:09	27	1.00001e+06	288291	516265	726301	217103
293T_TFF1_DNA_Pool-2_9B:X5:B6:03	84	1.00001e+06	4.71094e+06	1.24724e+06	876788	976959
293T_TFF1_DNA_Pool-2_9B:X5:H3:06	33	1.00001e+06	0	611962	703095	938798
293T_TFF1_DNA_Pool-2_9B:X5:M8:12	45	1.00001e+06	1.87326e+06	755055	864800	3.14168e+06
293T_TFF1_DNA_Pool-2_9B:X5:U1:07	429	1.00001e+06	1.00916e+06	2.0114e+06	2.40812e+06	4.17235e+06
293T_TFF1_DNA_Pool-2_9B:X5:Z6:03	39	1.00001e+06	0	617484	707579	516334
293T_TFF1_DNA_Pool-2_9B:X6:E1:03	48	1.00001e+06	2.59542e+06	1.02367e+06	813577	391074
293T_TFF1_DNA_Pool-2_9B:Z2:X3:06	445	1.00001e+06	3.01594e+06	2.00481e+06	2.60485e+06	1.55742e+06
293T_TFF1_DNA_Pool-2_9A:0E:R0:09	30	1.00001e+06	640226	1.11036e+06	776272	1.36161e+06
293T_TFF1_DNA_Pool-2_9A:0H:61:03	29	1.00001e+06	0	2.18009e+06	3.11345e+06	3.44665e+06
293T_TFF1_DNA_Pool-2_9A:0H:G4:09	142	1.00001e+06	0	1.65275e+06	957049	1.97688e+06
293T_TFF1_DNA_Pool-2_9A:0M:41:09	22	1.00001e+06	0	504728	839278	457558
293T_TFF1_DNA_Pool-2_9A:0P:H6:10	32	1.00001e+06	169533	629486	489938	44842.3
293T_TFF1_DNA_Pool-2_9A:0X:0A:10	24	1.00001e+06	439905	1.17779e+06	777936	0
293T_TFF1_DNA_Pool-2_9A:0X:72:04	56	1.00001e+06	1.50012e+06	650792	911338	925563
293T_TFF1_DNA_Pool-2_9A:0X:B2:07	62	1.00001e+06	2.1271e+06	579160	736072	0
293T_TFF1_DNA_Pool-2_9A:0X:L6:09	40	1.00001e+06	332514	791808	1.03099e+06	950933
293T_TFF1_DNA_Pool-2_9A:0Y:61:03	46	1.00001e+06	1.78378e+06	583454	69202.8	252183
293T_TFF1_DNA_Pool-2_9A:0Y:78:07	30	1.00001e+06	1.72708e+06	522150	513145	81724.6
293T_TFF1_DNA_Pool-2_9A:15:0N:09	197	1.00001e+06	1.70373e+06	1.85334e+06	1.55244e+06	676321
293T_TFF1_DNA_Pool-2_9A:16:30:09	23	1.00001e+06	0	740850	1.1108e+06	130847
293T_TFF1_DNA_Pool-2_9A:16:P0:01	21	1.00001e+06	0	692477	778564	131250
293T_TFF1_DNA_Pool-2_9A:24:J0:10	33	1.00001e+06	2.09997e+06	969538	4.88251e+06	258080
293T_TFF1_DNA_Pool-2_9A:47:B3:02	25	1.00001e+06	1.71965e+06	370667	771135	128100
293T_TFF1_DNA_Pool-2_9A:47:I0:02	24	1.00001e+06	0	768256	838834	604032
293T_TFF1_DNA_Pool-2_9A:47:O5:09	28	1.00001e+06	1.7706e+06	453076	681430	1.72892e+06
293T_TFF1_DNA_Pool-2_9A:47:X7:02	31	1.00001e+06	197744	503748	806083	152648
293T_TFF1_DNA_Pool-2_9A:51:G5:09	95	1.00001e+06	1.47367e+06	1.21719e+06	759724	3.23649e+06
293T_TFF1_DNA_Pool-2_9A:59:46:09	67	1.00001e+06	778773	1.84856e+06	4.35159e+06	1.14256e+06
293T_TFF1_DNA_Pool-2_9A:60:N7:11	34	1.00001e+06	993523	663496	751205	490837
293T_TFF1_DNA_Pool-2_9A:67:O2:09	30	1.00001e+06	0	566474	714092	1.03807e+06
293T_TFF1_DNA_Pool-2_9A:67:P8:09	22	1.00001e+06	0	564324	779831	0
293T_TFF1_DNA_Pool-2_9A:67:X8:09	30	1.00001e+06	1.90975e+06	629453	610532	324980
293T_TFF1_DNA_Pool-2_9A:72:D7:04	23	1.00001e+06	241816	492251	184943	0
293T_TFF1_DNA_Pool-2_9A:84:X8:09	116	1.00001e+06	0	1.20717e+06	1.07214e+06	2.32934e+06
293T_TFF1_DNA_Pool-2_9A:95:0R:09	84	1.00001e+06	207114	977217	743631	1.10594e+06
293T_TFF1_DNA_Pool-2_9A:95:17:05	23	1.00001e+06	1.67351e+06	682393	622809	0
293T_TFF1_DNA_Pool-2_9A:95:E1:03	50	1.00001e+06	1.4593e+06	1.47327e+06	619864	4.82398e+06
293T_TFF1_DNA_Pool-2_9A:95:M8:09	34	1.00001e+06	0	523187	620407	0
293T_TFF1_DNA_Pool-2_9A:95:U6:07	25	NA	0	274535	708847	0
293T_TFF1_DNA_Pool-2_9A:A3:J3:09	21	1.00001e+06	0	742310	783932	0
293T_TFF1_DNA_Pool-2_9A:A4:78:07	78	1.00001e+06	0	2.11118e+06	2.29158e+06	1.05231e+06
293T_TFF1_DNA_Pool-2_9A:A7:28:01	25	1.00001e+06	0	906606	583112	3.69689e+06
293T_TFF1_DNA_Pool-2_9A:C0:84:10	27	1.00001e+06	0	432573	739838	1.20428e+06
293T_TFF1_DNA_Pool-2_9A:C4:H2:09	40	1.00001e+06	0	897333	677090	333786
293T_TFF1_DNA_Pool-2_9A:C7:P3:10	624	1.00001e+06	0	2.99418e+06	9.26578e+06	1.92616e+06
293T_TFF1_DNA_Pool-2_9A:D1:N8:09	22	1.00001e+06	0	825684	731594	311558
293T_TFF1_DNA_Pool-2_9A:E3:B2:07	47	1.00001e+06	1.85928e+06	871171	732555	151168
293T_TFF1_DNA_Pool-2_9A:F1:Q0:09	32	1.00001e+06	176881	780409	857549	0
293T_TFF1_DNA_Pool-2_9A:F2:O6:09	52	1.00001e+06	1.88395e+06	451173	793959	655475
293T_TFF1_DNA_Pool-2_9A:G0:G2:09	71	1.00001e+06	445102	1.00598e+06	854273	441833
293T_TFF1_DNA_Pool-2_9A:G3:P0:01	25	1.00001e+06	625016	829424	641898	599712
293T_TFF1_DNA_Pool-2_9A:H2:N8:09	24	1.00001e+06	0	332069	775526	0
293T_TFF1_DNA_Pool-2_9A:H2:O2:10	25	1.00001e+06	167739	392707	730732	191119
293T_TFF1_DNA_Pool-2_9A:H6:N7:11	25	1.00001e+06	685203	564051	623128	457008
293T_TFF1_DNA_Pool-2_9A:H9:A4:10	52	1.00001e+06	1.3649e+06	746103	787593	140225
293T_TFF1_DNA_Pool-2_9A:I0:U6:09	31	1.00001e+06	0	812693	742569	340895
293T_TFF1_DNA_Pool-2_9A:J1:0R:09	88	1.00001e+06	1.38283e+06	1.26458e+06	753439	1.79524e+06
293T_TFF1_DNA_Pool-2_9A:J1:F8:06	47	1.00001e+06	1.41996e+06	1.12766e+06	730483	3.02967e+06
293T_TFF1_DNA_Pool-2_9A:J1:G0:06	28	1.00001e+06	1.52753e+06	583152	187840	0
293T_TFF1_DNA_Pool-2_9A:J2:84:10	23	1.00001e+06	1.1144e+06	720512	478847	285766
293T_TFF1_DNA_Pool-2_9A:J2:E6:12	25	1.00001e+06	1.71863e+06	754606	761482	263892
293T_TFF1_DNA_Pool-2_9A:K7:V0:09	104	1.00001e+06	230195	896799	420123	570871
293T_TFF1_DNA_Pool-2_9A:L1:M0:01	161	1.00001e+06	0	2.23277e+06	2.76155e+06	1.75098e+06
293T_TFF1_DNA_Pool-2_9A:L6:G4:09	30	1.00001e+06	759632	1.02584e+06	808337	1.03527e+06
293T_TFF1_DNA_Pool-2_9A:N9:28:01	46	1.00001e+06	2.08111e+06	990382	701114	1.23302e+06
293T_TFF1_DNA_Pool-2_9A:N9:46:03	93	1.00001e+06	0	1.31083e+06	1.15945e+06	1.68842e+06
293T_TFF1_DNA_Pool-2_9A:N9:61:09	28	1.00001e+06	2.41583e+06	1.118e+06	823635	1.52318e+06
293T_TFF1_DNA_Pool-2_9A:N9:72:04	107	1.00001e+06	977425	1.29217e+06	834789	1.5456e+06
293T_TFF1_DNA_Pool-2_9A:N9:E2:09	503	1.00001e+06	2.85761e+06	3.25694e+06	4.88139e+06	3.70108e+06
293T_TFF1_DNA_Pool-2_9A:N9:J0:03	132	1.00001e+06	3.3565e+06	1.55536e+06	1.65528e+06	1.19376e+06
293T_TFF1_DNA_Pool-2_9A:O7:61:09	23	1.00001e+06	210118	733774	20760	1.20784e+06
293T_TFF1_DNA_Pool-2_9A:O7:R7:09	43	1.00001e+06	2.04269e+06	914406	855840	134789
293T_TFF1_DNA_Pool-2_9A:O8:E2:01	50	1.00001e+06	215890	821134	758815	106837
293T_TFF1_DNA_Pool-2_9A:P5:72:04	20	1.00001e+06	0	764391	760218	2.10135e+06
293T_TFF1_DNA_Pool-2_9A:R1:28:09	26	1.00001e+06	0	475809	640735	381581
293T_TFF1_DNA_Pool-2_9A:R1:F8:09	59	1.00001e+06	2.3551e+06	968563	1.02133e+06	68059.4
293T_TFF1_DNA_Pool-2_9A:R1:P3:05	29	1.00001e+06	437175	946565	492812	261187
293T_TFF1_DNA_Pool-2_9A:R6:C0:06	32	1.00001e+06	0	382366	719868	0
293T_TFF1_DNA_Pool-2_9A:R6:Y6:11	77	1.00001e+06	836775	1.134e+06	726071	958857
293T_TFF1_DNA_Pool-2_9A:S0:0R:09	73	1.00001e+06	0	1.07492e+06	1.04965e+06	398932
293T_TFF1_DNA_Pool-2_9A:S4:46:09	26	1.00001e+06	1.81399e+06	753268	871431	763704
293T_TFF1_DNA_Pool-2_9A:S7:26:09	82	1.00001e+06	0	1.48331e+06	825149	558366
293T_TFF1_DNA_Pool-2_9A:S7:E1:09	90	1.00001e+06	0	1.35873e+06	740336	887874
293T_TFF1_DNA_Pool-2_9A:S8:I0:09	28	1.00001e+06	1.59557e+06	621915	725768	286494
293T_TFF1_DNA_Pool-2_9A:S8:Y1:10	22	1.00001e+06	0	1.06655e+06	201591	250503
293T_TFF1_DNA_Pool-2_9A:U3:30:09	21	1.00001e+06	0	936898	962509	848607
293T_TFF1_DNA_Pool-2_9A:U4:18:01	23	1.00001e+06	0	528972	16251.6	0
293T_TFF1_DNA_Pool-2_9A:U4:H7:04	31	1.00001e+06	0	757620	684900	493235
293T_TFF1_DNA_Pool-2_9A:V2:78:02	31	1.00001e+06	0	753817	292368	768832
293T_TFF1_DNA_Pool-2_9A:W0:0V:07	30	1.00001e+06	782011	844088	785409	709884
293T_TFF1_DNA_Pool-2_9A:W4:J4:09	21	1.00001e+06	1.59847e+06	500292	764702	121148
293T_TFF1_DNA_Pool-2_9A:X5:30:09	597	1.00001e+06	1.04187e+07	3.69807e+06	9.25967e+06	3.39438e+06
293T_TFF1_DNA_Pool-2_9A:X5:45:09	73	1.00001e+06	3.22045e+06	1.57845e+06	1.00023e+06	4.11061e+06
293T_TFF1_DNA_Pool-2_9A:X6:90:08	22	NA	1.58163e+06	533474	48184.2	4.55903e+06
293T_TFF1_DNA_Pool-2_9A:X6:K1:09	96	1.00001e+06	657795	1.26931e+06	883017	798579
293T_TFF1_DNA_Pool-2_9A:X6:P0:01	37	1.00001e+06	128887	230628	631262	222388
293T_TFF1_DNA_Pool-2_9A:Y0:G9:01	1376	1.00001e+06	1.0565e+07	5.79689e+06	1.31217e+07	4.22559e+06
293T_TFF1_DNA_Pool-2_9A:Y7:P0:01	29	1.00001e+06	0	393963	688953	539716
293T_TFF1_DNA_Pool-2_9A:Z9:S9:09	26	1.00001e+06	0	1.25086e+06	624223	217870
293T_TFF1_DNA_Pool-2_10H:08:H3:09	20	1.00001e+06	1.5468e+06	423725	797946	0
293T_TFF1_DNA_Pool-2_10H:0M:56:12	20	1.00001e+06	241943	836857	615031	648240
293T_TFF1_DNA_Pool-2_10H:0X:0O:12	22	1.00001e+06	0	930730	803893	359387
293T_TFF1_DNA_Pool-2_10H:0X:61:12	24	1.00001e+06	1.58252e+06	442336	14838.7	0
293T_TFF1_DNA_Pool-2_10H:0X:A6:12	68	1.00001e+06	728429	1.21256e+06	1.0431e+06	1.34039e+06
293T_TFF1_DNA_Pool-2_10H:0Y:G4:12	24	1.00001e+06	1.54346e+06	489946	695840	636649
293T_TFF1_DNA_Pool-2_10H:0Y:L7:12	20	NA	0	216131	785922	115096
293T_TFF1_DNA_Pool-2_10H:20:F8:12	20	1.00001e+06	0	516310	758001	67810.7
293T_TFF1_DNA_Pool-2_10H:47:09:01	82	1.00001e+06	544409	1.39656e+06	732640	973856
293T_TFF1_DNA_Pool-2_10H:91:I9:12	62	1.00001e+06	0	989076	764927	0
293T_TFF1_DNA_Pool-2_10H:95:M0:12	24	1.00001e+06	1.71721e+06	614457	716846	0
293T_TFF1_DNA_Pool-2_10H:E3:22:12	26	1.00001e+06	819139	628703	675252	526730
293T_TFF1_DNA_Pool-2_10H:F7:98:12	22	1.00001e+06	0	464880	14523	274992
293T_TFF1_DNA_Pool-2_10H:G3:R7:02	34	1.00001e+06	0	868038	1.10506e+06	170871
293T_TFF1_DNA_Pool-2_10H:G8:0I:12	35	1.00001e+06	0	442934	790424	1.25008e+06
293T_TFF1_DNA_Pool-2_10H:I0:0R:11	35	1.00001e+06	1.88347e+06	688110	861385	552237
293T_TFF1_DNA_Pool-2_10H:I0:Z2:02	28	1.00001e+06	0	739785	697812	443876
293T_TFF1_DNA_Pool-2_10H:J1:0A:12	46	1.00001e+06	0	1.26538e+06	1.05165e+06	222522
293T_TFF1_DNA_Pool-2_10H:J1:54:12	29	1.00001e+06	322237	943704	16496.4	369855
293T_TFF1_DNA_Pool-2_10H:K3:E2:12	49	1.00001e+06	2.10494e+06	790734	855542	1.16596e+06
293T_TFF1_DNA_Pool-2_10H:M4:E1:07	32	1.00001e+06	1.96523e+06	580300	703953	0
293T_TFF1_DNA_Pool-2_10H:N9:E1:12	66	1.00001e+06	0	858374	898336	778461
293T_TFF1_DNA_Pool-2_10H:N9:J0:12	35	1.00001e+06	2.30101e+06	1.10662e+06	750474	388399
293T_TFF1_DNA_Pool-2_10H:N9:P8:12	22	1.00001e+06	1.7329e+06	487996	762629	904624
293T_TFF1_DNA_Pool-2_10H:N9:Y1:09	53	1.00001e+06	2.03039e+06	885870	725496	437547
293T_TFF1_DNA_Pool-2_10H:N9:Z6:10	24	1.00001e+06	1.58252e+06	365758	13289.8	0
293T_TFF1_DNA_Pool-2_10H:P6:20:04	22	1.00001e+06	1.39472e+06	1.08717e+06	641574	967526
293T_TFF1_DNA_Pool-2_10H:Q3:F3:12	472	1.00001e+06	0	2.2938e+06	4.42736e+06	2.96661e+06
293T_TFF1_DNA_Pool-2_10H:R6:B6:12	35	1.00001e+06	347780	978665	1.07066e+06	1.53755e+06
293T_TFF1_DNA_Pool-2_10H:R6:Z2:02	35	1.00001e+06	1.64761e+06	735798	927534	0
293T_TFF1_DNA_Pool-2_10H:S7:T4:12	70	1.00001e+06	0	1.18127e+06	1.02049e+06	944107
293T_TFF1_DNA_Pool-2_10H:T1:I0:12	40	1.00001e+06	0	509516	797985	41986.2
293T_TFF1_DNA_Pool-2_10H:U7:F3:12	26	1.00001e+06	2.09394e+06	546147	772755	1.04908e+06
293T_TFF1_DNA_Pool-2_10H:V2:H2:12	20	1.00001e+06	2.63205e+06	1.11034e+06	783486	3.26106e+06
293T_TFF1_DNA_Pool-2_10H:V9:E1:12	23	1.00001e+06	0	693794	993942	174632
293T_TFF1_DNA_Pool-2_10H:X5:09:01	179	1.00001e+06	0	1.81354e+06	800507	1.32993e+06
293T_TFF1_DNA_Pool-2_10H:X5:14:12	34	1.00001e+06	0	610067	630086	78403
293T_TFF1_DNA_Pool-2_10H:X5:56:12	20	1.00001e+06	1.62456e+06	1.50765e+06	16454.7	0
293T_TFF1_DNA_Pool-2_10H:X5:E6:07	117	1.00001e+06	881206	1.47505e+06	1.17479e+06	1.01669e+06
293T_TFF1_DNA_Pool-2_10H:X5:F2:07	100	1.00001e+06	225340	799867	847748	488179
293T_TFF1_DNA_Pool-2_10H:X5:F3:12	142	1.00001e+06	2.55809e+06	1.49078e+06	843769	880847
293T_TFF1_DNA_Pool-2_10H:X5:J0:12	87	1.00001e+06	2.14081e+06	1.06582e+06	829578	626213
293T_TFF1_DNA_Pool-2_10H:X5:V0:12	21	1.00001e+06	0	503285	707307	0
293T_TFF1_DNA_Pool-2_10H:X5:W2:12	31	1.00001e+06	1.11459e+06	996777	739346	1.20346e+06
293T_TFF1_DNA_Pool-2_10H:Y3:E2:08	26	1.00001e+06	2.20535e+06	501234	799633	0
293T_TFF1_DNA_Pool-2_10H:Y7:0N:11	26	1.00001e+06	0	2.12859e+06	912802	139711
293T_TFF1_DNA_Pool-2_10G:08:L0:09	35	1.00001e+06	0	956130	415860	356073
293T_TFF1_DNA_Pool-2_10G:0H:B2:03	27	1.00001e+06	454056	914282	729577	998811
293T_TFF1_DNA_Pool-2_10G:0H:T8:07	23	1.00001e+06	1.77825e+06	490812	765493	206641
293T_TFF1_DNA_Pool-2_10G:0X:25:06	24	1.00001e+06	0	645591	775923	404887
293T_TFF1_DNA_Pool-2_10G:0X:78:07	39	1.00001e+06	0	1.00642e+06	1.53262e+06	1.17442e+06
293T_TFF1_DNA_Pool-2_10G:0X:F2:04	22	1.00001e+06	1.59437e+06	474447	751632	0
293T_TFF1_DNA_Pool-2_10G:0X:G0:01	70	1.00001e+06	434301	1.17731e+06	1.14741e+06	1.55791e+06
293T_TFF1_DNA_Pool-2_10G:0X:G4:10	70	1.00001e+06	2.85855e+06	1.01347e+06	721381	1.77512e+06
293T_TFF1_DNA_Pool-2_10G:0X:Q5:06	23	1.00001e+06	177411	740392	723648	375805
293T_TFF1_DNA_Pool-2_10G:0X:T4:10	120	1.00001e+06	2.00412e+06	1.2797e+06	712359	1.4177e+06
293T_TFF1_DNA_Pool-2_10G:20:F8:12	23	1.00001e+06	0	657581	899177	78944.2
293T_TFF1_DNA_Pool-2_10G:32:L7:10	20	1.00001e+06	1.97387e+06	1.07303e+06	683218	3.01049e+06
293T_TFF1_DNA_Pool-2_10G:39:X3:10	40	1.00001e+06	1.35509e+06	969437	746159	0
293T_TFF1_DNA_Pool-2_10G:43:B2:01	28	1.00001e+06	1.38488e+06	360977	9266.8	344412
293T_TFF1_DNA_Pool-2_10G:47:0F:04	27	1.00001e+06	2.20234e+06	555810	228958	695907
293T_TFF1_DNA_Pool-2_10G:47:O9:02	59	1.00001e+06	2.9363e+06	834917	760801	2.47181e+06
293T_TFF1_DNA_Pool-2_10G:95:U1:10	27	NA	1.64916e+06	312310	12286.9	1.54275e+06
293T_TFF1_DNA_Pool-2_10G:96:H2:10	29	1.00001e+06	289754	517312	795092	0
293T_TFF1_DNA_Pool-2_10G:A3:M4:11	21	NA	169674	779895	731224	3.83125e+06
293T_TFF1_DNA_Pool-2_10G:A4:78:07	96	1.00001e+06	0	4.60392e+06	2.81815e+06	608923
293T_TFF1_DNA_Pool-2_10G:A7:W2:07	39	1.00001e+06	1.71963e+06	473649	705622	276563
293T_TFF1_DNA_Pool-2_10G:A7:Z6:01	29	1.00001e+06	2.15689e+06	1.17965e+06	1.0291e+06	3.63208e+06
293T_TFF1_DNA_Pool-2_10G:B5:D3:01	27	1.00001e+06	0	845160	656632	1.45832e+06
293T_TFF1_DNA_Pool-2_10G:B5:M0:10	23	1.00001e+06	0	413920	652214	145614
293T_TFF1_DNA_Pool-2_10G:B6:28:10	23	1.00001e+06	1.54745e+06	458458	750406	827536
293T_TFF1_DNA_Pool-2_10G:C8:P8:04	96	1.00001e+06	2.20325e+06	1.06582e+06	744677	3.8655e+06
293T_TFF1_DNA_Pool-2_10G:E0:W0:01	26	1.00001e+06	1.81227e+06	882751	77702	553630
293T_TFF1_DNA_Pool-2_10G:E3:J6:01	1765	1.00001e+06	8.43603e+06	4.20415e+06	1.24893e+07	3.14851e+06
293T_TFF1_DNA_Pool-2_10G:E3:S5:04	26	1.00001e+06	1.77615e+06	719613	728772	926449
293T_TFF1_DNA_Pool-2_10G:E3:Y2:07	45	1.00001e+06	2.258e+06	630737	747712	272310
293T_TFF1_DNA_Pool-2_10G:E4:J0:04	23	1.00001e+06	0	1.0409e+06	675534	266121
293T_TFF1_DNA_Pool-2_10G:E4:Z6:01	25	1.00001e+06	466930	1.0482e+06	793655	3.54284e+06
293T_TFF1_DNA_Pool-2_10G:G3:J6:01	37	1.00001e+06	0	730581	729061	0
293T_TFF1_DNA_Pool-2_10G:H2:50:11	62	1.00001e+06	0	1.07899e+06	715943	945978
293T_TFF1_DNA_Pool-2_10G:H2:X4:10	25	1.00001e+06	0	965320	14698.4	1.66855e+06
293T_TFF1_DNA_Pool-2_10G:I0:E6:10	21	1.00001e+06	0	448586	760017	0
293T_TFF1_DNA_Pool-2_10G:J1:34:11	21	1.00001e+06	2.55967e+06	505446	28186.4	1.46879e+06
293T_TFF1_DNA_Pool-2_10G:J1:97:04	46	1.00001e+06	626502	593525	717481	470073
293T_TFF1_DNA_Pool-2_10G:J1:Z6:01	55	1.00001e+06	0	957746	617081	265411
293T_TFF1_DNA_Pool-2_10G:L2:E1:10	23	1.00001e+06	0	652904	773484	4.07263e+06
293T_TFF1_DNA_Pool-2_10G:L2:E2:11	47	1.00001e+06	0	846740	885556	957000
293T_TFF1_DNA_Pool-2_10G:M8:P0:10	244	1.00001e+06	3.14659e+06	1.98508e+06	2.37374e+06	2.67626e+06
293T_TFF1_DNA_Pool-2_10G:N1:50:10	23	1.00001e+06	0	383769	220181	1.24499e+06
293T_TFF1_DNA_Pool-2_10G:N9:O2:04	20	1.00001e+06	1.59889e+06	504984	759753	0
293T_TFF1_DNA_Pool-2_10G:O7:E2:08	41	1.00001e+06	1.68944e+06	717099	792153	1.79519e+06
293T_TFF1_DNA_Pool-2_10G:O7:Z2:02	20	1.00001e+06	0	772637	805018	546731
293T_TFF1_DNA_Pool-2_10G:P5:Z6:01	20	1.00001e+06	0	638231	752484	0
293T_TFF1_DNA_Pool-2_10G:R1:P3:05	22	1.00001e+06	2.21628e+06	549587	753540	0
293T_TFF1_DNA_Pool-2_10G:R6:Z2:02	21	1.00001e+06	0	661614	577391	1.06414e+06
293T_TFF1_DNA_Pool-2_10G:S8:C8:10	68	1.00001e+06	0	851108	376703	716817
293T_TFF1_DNA_Pool-2_10G:T2:H3:10	32	1.00001e+06	2.19198e+06	599481	840719	87895.3
293T_TFF1_DNA_Pool-2_10G:U4:Q0:11	35	1.00001e+06	0	1.21914e+06	881973	448882
293T_TFF1_DNA_Pool-2_10G:V6:34:10	27	1.00001e+06	2.37533e+06	856369	630265	1.72012e+06
293T_TFF1_DNA_Pool-2_10G:V6:F2:01	24	1.00001e+06	0	251687	14288.9	252092
293T_TFF1_DNA_Pool-2_10G:V9:C4:10	41	1.00001e+06	216794	719122	815992	702159
293T_TFF1_DNA_Pool-2_10G:X5:25:06	24	1.00001e+06	0	694682	740769	2.22163e+06
293T_TFF1_DNA_Pool-2_10G:X5:A0:04	93	1.00001e+06	737623	1.41236e+06	694522	828524
293T_TFF1_DNA_Pool-2_10G:X5:G0:04	218	1.00001e+06	0	1.53366e+06	1.63047e+06	896200
293T_TFF1_DNA_Pool-2_10G:X5:H0:11	80	1.00001e+06	0	1.1002e+06	848365	553687
293T_TFF1_DNA_Pool-2_10G:X5:S6:10	30	1.00001e+06	1.92565e+06	806688	814266	64803
293T_TFF1_DNA_Pool-2_10G:X5:Y6:05	179	1.00001e+06	2.75959e+06	1.71672e+06	1.13097e+06	1.16386e+06
293T_TFF1_DNA_Pool-2_10G:X5:Z6:01	93	1.00001e+06	2.36476e+06	959497	618130	539852
293T_TFF1_DNA_Pool-2_10G:X6:D3:10	24	1.00001e+06	419061	579362	856547	762761
293T_TFF1_DNA_Pool-2_10G:X6:J6:10	30	1.00001e+06	674753	410929	785603	982547
293T_TFF1_DNA_Pool-2_10G:Y4:C8:10	387	1.00001e+06	0	2.34226e+06	3.7897e+06	1.4202e+06
293T_TFF1_DNA_Pool-2_10G:Z2:S9:11	83	1.00001e+06	500782	999108	842896	1.19655e+06
293T_TFF1_DNA_Pool-2_10F:0E:E2:04	26	1.00001e+06	116188	645182	239914	157292
293T_TFF1_DNA_Pool-2_10F:0E:E8:04	22	1.00001e+06	0	516739	787053	1.65554e+06
293T_TFF1_DNA_Pool-2_10F:0H:F3:04	35	1.00001e+06	185190	687197	712528	224577
293T_TFF1_DNA_Pool-2_10F:0H:N7:05	23	1.00001e+06	2.37066e+06	711222	658512	589502
293T_TFF1_DNA_Pool-2_10F:0H:T8:03	45	1.00001e+06	1.89079e+06	771471	927061	455878
293T_TFF1_DNA_Pool-2_10F:0I:O1:04	47	1.00001e+06	383207	739766	789545	306859
293T_TFF1_DNA_Pool-2_10F:0T:E2:04	20	1.00001e+06	1.5458e+06	762067	948945	664708
293T_TFF1_DNA_Pool-2_10F:0X:76:04	88	1.00001e+06	0	1.01125e+06	978108	1.334e+06
293T_TFF1_DNA_Pool-2_10F:0X:78:04	90	1.00001e+06	0	912424	826172	512185
293T_TFF1_DNA_Pool-2_10F:0X:A6:03	32	1.00001e+06	1.83311e+06	752459	523023	539850
293T_TFF1_DNA_Pool-2_10F:0X:B6:03	138	1.00001e+06	982359	1.28811e+06	1.36015e+06	1.12773e+06
293T_TFF1_DNA_Pool-2_10F:0X:D0:03	45	1.00001e+06	0	1.49632e+06	745999	1.95846e+06
293T_TFF1_DNA_Pool-2_10F:0X:F3:04	96	1.00001e+06	0	1.92126e+06	797336	2.14507e+06
293T_TFF1_DNA_Pool-2_10F:0X:G0:01	101	1.00001e+06	1.60549e+06	1.27163e+06	1.2336e+06	609908
293T_TFF1_DNA_Pool-2_10F:0X:J0:04	170	1.00001e+06	1.5308e+06	1.4217e+06	1.09504e+06	1.49874e+06
293T_TFF1_DNA_Pool-2_10F:0X:O6:03	67	1.00001e+06	919051	817439	791400	1.14045e+06
293T_TFF1_DNA_Pool-2_10F:0Y:E6:03	110	1.00001e+06	1.79141e+06	1.38815e+06	602569	549836
293T_TFF1_DNA_Pool-2_10F:0Y:O1:03	64	1.00001e+06	0	833231	688203	115738
293T_TFF1_DNA_Pool-2_10F:0Y:T0:03	108	1.00001e+06	2.30926e+06	1.13356e+06	1.00497e+06	1.88128e+06
293T_TFF1_DNA_Pool-2_10F:0Y:Z3:03	68	1.00001e+06	1.34956e+06	1.24914e+06	802222	2.02245e+06
293T_TFF1_DNA_Pool-2_10F:11:Y1:03	35	1.00001e+06	1.4066e+06	369566	58062	433298
293T_TFF1_DNA_Pool-2_10F:12:90:03	51	1.00001e+06	0	1.6638e+06	1.01857e+06	547018
293T_TFF1_DNA_Pool-2_10F:12:H4:03	49	1.00001e+06	0	907904	777553	835975
293T_TFF1_DNA_Pool-2_10F:28:K6:04	23	1.00001e+06	1.66098e+06	404592	16938	145765
293T_TFF1_DNA_Pool-2_10F:28:T8:03	30	1.00001e+06	2.00792e+06	420068	491006	0
293T_TFF1_DNA_Pool-2_10F:32:46:04	25	1.00001e+06	1.44702e+06	801669	795045	101842
293T_TFF1_DNA_Pool-2_10F:39:76:05	87	1.00001e+06	0	2.10054e+06	751892	1.17504e+06
293T_TFF1_DNA_Pool-2_10F:39:E2:04	79	1.00001e+06	2.15456e+06	1.35404e+06	970231	1.31543e+06
293T_TFF1_DNA_Pool-2_10F:39:H4:04	40	1.00001e+06	2.0463e+06	1.16633e+06	835936	801531
293T_TFF1_DNA_Pool-2_10F:39:O5:04	27	1.00001e+06	0	657780	855048	563770
293T_TFF1_DNA_Pool-2_10F:47:N7:03	38	1.00001e+06	0	1.35589e+06	1.43299e+06	0
293T_TFF1_DNA_Pool-2_10F:47:Y1:10	114	1.00001e+06	1.67033e+06	1.46693e+06	994207	3.24126e+06
293T_TFF1_DNA_Pool-2_10F:48:E2:04	30	1.00001e+06	2.2864e+06	858511	928651	2.13495e+06
293T_TFF1_DNA_Pool-2_10F:55:M8:04	488	1.00001e+06	0	2.50835e+06	5.9195e+06	2.3517e+06
293T_TFF1_DNA_Pool-2_10F:56:F2:04	31	1.00001e+06	458584	644942	983794	770726
293T_TFF1_DNA_Pool-2_10F:63:0W:04	32	1.00001e+06	1.65908e+06	455815	703196	0
293T_TFF1_DNA_Pool-2_10F:63:58:04	22	1.00001e+06	0	810151	602686	7.11973e-11
293T_TFF1_DNA_Pool-2_10F:63:D7:03	25	1.00001e+06	288588	699453	697133	1.32745e+06
293T_TFF1_DNA_Pool-2_10F:64:N8:04	42	1.00001e+06	216662	847796	738791	626262
293T_TFF1_DNA_Pool-2_10F:75:O1:03	30	1.00001e+06	0	1.15583e+06	736723	2.37516e+06
293T_TFF1_DNA_Pool-2_10F:80:06:04	25	1.00001e+06	288212	536901	804969	376390
293T_TFF1_DNA_Pool-2_10F:80:G8:03	112	1.00001e+06	1.96129e+06	1.19032e+06	1.1975e+06	1.41202e+06
293T_TFF1_DNA_Pool-2_10F:88:T4:03	26	1.00001e+06	1.58252e+06	458542	675936	184540
293T_TFF1_DNA_Pool-2_10F:95:0A:03	45	1.00001e+06	1.88562e+06	697896	780286	2.71997e+06
293T_TFF1_DNA_Pool-2_10F:95:56:04	91	1.00001e+06	0	1.6801e+06	870752	2.89115e+06
293T_TFF1_DNA_Pool-2_10F:99:77:03	32	1.00001e+06	0	695630	36017.8	477433
293T_TFF1_DNA_Pool-2_10F:99:Y2:02	27	1.00001e+06	1.60611e+06	712531	744421	363353
293T_TFF1_DNA_Pool-2_10F:A0:C9:04	20	1.00001e+06	0	631865	9791.66	956854
293T_TFF1_DNA_Pool-2_10F:A0:W2:11	26	1.00001e+06	2.10361e+06	793881	717732	0
293T_TFF1_DNA_Pool-2_10F:A3:X7:03	174	1.00001e+06	0	2.35182e+06	1.87328e+06	3.43913e+06
293T_TFF1_DNA_Pool-2_10F:A7:L0:01	144	1.00001e+06	249267	1.24202e+06	894368	1.25128e+06
293T_TFF1_DNA_Pool-2_10F:B5:T4:03	65	1.00001e+06	1.43064e+06	1.12004e+06	914283	516896
293T_TFF1_DNA_Pool-2_10F:C4:24:04	182	1.00001e+06	0	1.49303e+06	812850	409637
293T_TFF1_DNA_Pool-2_10F:C8:E2:03	21	1.00001e+06	0	452986	18782	275495
293T_TFF1_DNA_Pool-2_10F:D1:28:03	28	1.00001e+06	0	736768	626855	33926.5
293T_TFF1_DNA_Pool-2_10F:D1:69:03	26	1.00001e+06	862544	1.13441e+06	757746	881081
293T_TFF1_DNA_Pool-2_10F:D9:45:04	25	1.00001e+06	0	468729	251438	86425.7
293T_TFF1_DNA_Pool-2_10F:E3:81:03	66	1.00001e+06	1.94853e+06	1.58185e+06	887774	1.25464e+06
293T_TFF1_DNA_Pool-2_10F:E3:Y2:04	50	1.00001e+06	1.73494e+06	1.20508e+06	682276	241117
293T_TFF1_DNA_Pool-2_10F:E4:J0:11	21	1.00001e+06	0	593219	571556	0
293T_TFF1_DNA_Pool-2_10F:G3:I0:04	80	1.00001e+06	446390	823028	1.00896e+06	0
293T_TFF1_DNA_Pool-2_10F:G7:H0:02	2619	1.00001e+06	1.90384e+07	7.54039e+06	7.9468e+06	6.7456e+06
293T_TFF1_DNA_Pool-2_10F:H1:D2:04	31	1.00001e+06	1.8726e+06	772644	667917	1.13439e+06
293T_TFF1_DNA_Pool-2_10F:J1:56:04	65	1.00001e+06	837364	1.21621e+06	726663	1.23383e+06
293T_TFF1_DNA_Pool-2_10F:J1:58:03	27	1.00001e+06	420879	700759	240862	334768
293T_TFF1_DNA_Pool-2_10F:J1:G4:03	54	1.00001e+06	1.1102e+06	880865	709100	806853
293T_TFF1_DNA_Pool-2_10F:J1:H8:09	22	1.00001e+06	2.01707e+06	961127	290107	1.78422e+06
293T_TFF1_DNA_Pool-2_10F:J1:T4:04	45	1.00001e+06	0	632522	760233	225047
293T_TFF1_DNA_Pool-2_10F:J1:Z2:10	31	1.00001e+06	190532	942299	845385	1.54257e+06
293T_TFF1_DNA_Pool-2_10F:J2:J0:03	51	1.00001e+06	0	995552	716727	404049
293T_TFF1_DNA_Pool-2_10F:J2:X8:04	49	1.00001e+06	0	942405	762909	103711
293T_TFF1_DNA_Pool-2_10F:J9:72:03	35	1.00001e+06	1.1801e+06	752493	750782	1.1023e+06
293T_TFF1_DNA_Pool-2_10F:K7:S9:07	26	1.00001e+06	169849	757478	773918	79330.1
293T_TFF1_DNA_Pool-2_10F:L9:54:03	152	1.00001e+06	2.68542e+06	1.8056e+06	1.08106e+06	978526
293T_TFF1_DNA_Pool-2_10F:L9:L4:05	39	1.00001e+06	741199	862224	867665	1.30658e+06
293T_TFF1_DNA_Pool-2_10F:M3:Y1:10	24	1.00001e+06	0	784803	21660.4	3.09269e+06
293T_TFF1_DNA_Pool-2_10F:N6:A2:03	20	1.00001e+06	797561	741457	833619	597178
293T_TFF1_DNA_Pool-2_10F:N9:56:04	53	1.00001e+06	0	1.06617e+06	847115	842004
293T_TFF1_DNA_Pool-2_10F:N9:K2:08	57	1.00001e+06	823553	1.31479e+06	819814	450827
293T_TFF1_DNA_Pool-2_10F:N9:O9:03	37	1.00001e+06	0	983307	816093	811609
293T_TFF1_DNA_Pool-2_10F:N9:X8:02	57	1.00001e+06	340214	995768	792568	607403
293T_TFF1_DNA_Pool-2_10F:O0:46:03	20	1.00001e+06	0	567556	19704.7	375115
293T_TFF1_DNA_Pool-2_10F:P5:M0:03	25	1.00001e+06	1.70706e+06	646742	193028	846276
293T_TFF1_DNA_Pool-2_10F:P6:F6:03	27	1.00001e+06	0	627368	821986	968858
293T_TFF1_DNA_Pool-2_10F:P6:P0:01	44	1.00001e+06	2.86654e+06	1.05196e+06	753909	648741
293T_TFF1_DNA_Pool-2_10F:Q0:46:03	24	1.00001e+06	1.76846e+06	727325	653698	233268
293T_TFF1_DNA_Pool-2_10F:Q0:X7:04	21	1.00001e+06	3.1437e+06	851830	844899	450665
293T_TFF1_DNA_Pool-2_10F:Q8:A4:07	36	1.00001e+06	0	1.06036e+06	779687	511586
293T_TFF1_DNA_Pool-2_10F:Q8:R3:12	36	1.00001e+06	457933	879885	24669.8	316938
293T_TFF1_DNA_Pool-2_10F:Q8:S9:07	20	1.00001e+06	0	790477	713061	0
293T_TFF1_DNA_Pool-2_10F:R5:69:03	31	1.00001e+06	1.58146e+06	702724	747973	386064
293T_TFF1_DNA_Pool-2_10F:R5:T8:06	36	1.00001e+06	295608	721581	855423	335027
293T_TFF1_DNA_Pool-2_10F:S3:0W:04	20	1.00001e+06	0	631619	879081	0
293T_TFF1_DNA_Pool-2_10F:S7:46:03	83	1.00001e+06	798732	1.20382e+06	1.01519e+06	895903
293T_TFF1_DNA_Pool-2_10F:S7:G1:04	30	1.00001e+06	1.87576e+06	620669	811316	390108
293T_TFF1_DNA_Pool-2_10F:S7:G5:04	22	1.00001e+06	0	606953	17393.7	318272
293T_TFF1_DNA_Pool-2_10F:S8:N8:04	57	1.00001e+06	0	873843	575658	1.01788e+06
293T_TFF1_DNA_Pool-2_10F:S8:T4:03	26	1.00001e+06	989325	607942	757936	216179
293T_TFF1_DNA_Pool-2_10F:T5:L8:03	69	1.00001e+06	0	1.06096e+06	832145	611216
293T_TFF1_DNA_Pool-2_10F:W0:E2:04	34	1.00001e+06	0	1.34949e+06	833890	4.41507e+06
293T_TFF1_DNA_Pool-2_10F:W7:46:03	21	1.00001e+06	1.8655e+06	430926	18871.4	0
293T_TFF1_DNA_Pool-2_10F:X1:E8:03	24	1.00001e+06	241382	535922	626077	165961
293T_TFF1_DNA_Pool-2_10F:X5:22:03	61	1.00001e+06	1.08482e+06	902643	723980	1.27274e+06
293T_TFF1_DNA_Pool-2_10F:X5:25:06	21	1.00001e+06	1.58252e+06	439712	815811	0
293T_TFF1_DNA_Pool-2_10F:X5:28:04	97	1.00001e+06	2.85182e+06	1.11972e+06	1.31275e+06	1.08318e+06
293T_TFF1_DNA_Pool-2_10F:X5:66:03	53	1.00001e+06	1.84532e+06	460359	590550	545098
293T_TFF1_DNA_Pool-2_10F:X5:C8:04	47	1.00001e+06	0	787159	507758	523968
293T_TFF1_DNA_Pool-2_10F:X5:H4:03	254	1.00001e+06	2.27134e+06	2.30817e+06	1.84201e+06	4.65091e+06
293T_TFF1_DNA_Pool-2_10F:X5:J0:04	105	1.00001e+06	0	1.15379e+06	903800	830344
293T_TFF1_DNA_Pool-2_10F:X5:J6:05	157	1.00001e+06	0	1.54059e+06	1.14457e+06	469319
293T_TFF1_DNA_Pool-2_10F:X5:V3:03	44	1.00001e+06	1.75594e+06	556801	638163	846237
293T_TFF1_DNA_Pool-2_10F:X5:W0:03	61	1.00001e+06	0	1.16549e+06	804967	1.61289e+06
293T_TFF1_DNA_Pool-2_10F:X5:Y6:04	51	1.00001e+06	0	1.12233e+06	933969	868990
293T_TFF1_DNA_Pool-2_10F:X6:N0:04	31	1.00001e+06	0	1.02822e+06	690601	1.76598e+06
293T_TFF1_DNA_Pool-2_10F:Z1:72:04	28	1.00001e+06	0	647227	708949	731813
293T_TFF1_DNA_Pool-2_10F:Z2:K1:08	23	1.00001e+06	1.44488e+06	523603	783628	357332
293T_TFF1_DNA_Pool-2_10E:0E:08:05	27	1.00001e+06	1.81478e+06	431269	793592	363185
293T_TFF1_DNA_Pool-2_10E:0E:Y2:07	30	1.00001e+06	1.68432e+06	956473	841741	636343
293T_TFF1_DNA_Pool-2_10E:0H:G2:06	21	1.00001e+06	1.69442e+06	873939	775676	605809
293T_TFF1_DNA_Pool-2_10E:0M:46:05	32	1.00001e+06	2.12429e+06	809047	709369	4.18044e+06
293T_TFF1_DNA_Pool-2_10E:0M:84:06	27	1.00001e+06	0	566236	626405	76662
293T_TFF1_DNA_Pool-2_10E:0T:M4:11	27	1.00001e+06	0	655015	704145	0
293T_TFF1_DNA_Pool-2_10E:0U:30:05	21	1.00001e+06	1.64934e+06	584565	794672	496507
293T_TFF1_DNA_Pool-2_10E:0U:94:07	27	1.00001e+06	1.94874e+06	514414	812414	874682
293T_TFF1_DNA_Pool-2_10E:0X:0K:11	35	1.00001e+06	1.67343e+06	679953	831595	1.52011e+06
293T_TFF1_DNA_Pool-2_10E:0X:24:06	42	1.00001e+06	2.23653e+06	948870	731709	2.29456e+06
293T_TFF1_DNA_Pool-2_10E:0X:28:05	38	1.00001e+06	1.47995e+06	825547	717563	277375
293T_TFF1_DNA_Pool-2_10E:0X:66:01	39	1.00001e+06	0	1.27294e+06	856459	1.16813e+06
293T_TFF1_DNA_Pool-2_10E:0X:69:05	40	1.00001e+06	1.76583e+06	622697	770069	0
293T_TFF1_DNA_Pool-2_10E:0X:E1:05	120	1.00001e+06	1.66601e+06	1.53459e+06	961572	853830
293T_TFF1_DNA_Pool-2_10E:0X:E8:08	20	1.00001e+06	1.65477e+06	303240	225367	134747
293T_TFF1_DNA_Pool-2_10E:0X:G0:01	166	1.00001e+06	0	1.62404e+06	1.4826e+06	1.82271e+06
293T_TFF1_DNA_Pool-2_10E:0X:H8:05	23	1.00001e+06	2.42034e+06	832751	771444	0
293T_TFF1_DNA_Pool-2_10E:0X:N8:06	41	1.00001e+06	216954	959675	887171	99761.2
293T_TFF1_DNA_Pool-2_10E:0X:R3:03	66	1.00001e+06	0	1.73835e+06	897887	4.967e+06
293T_TFF1_DNA_Pool-2_10E:0X:S1:06	25	1.00001e+06	2.10384e+06	489518	768378	247496
293T_TFF1_DNA_Pool-2_10E:0X:W6:06	124	1.00001e+06	0	1.57306e+06	765994	1.19438e+06
293T_TFF1_DNA_Pool-2_10E:0X:Y5:06	51	1.00001e+06	0	742006	745950	169451
293T_TFF1_DNA_Pool-2_10E:0Y:54:05	77	1.00001e+06	1.59454e+06	1.07049e+06	1.04305e+06	507895
293T_TFF1_DNA_Pool-2_10E:0Y:66:01	40	1.00001e+06	0	1.01525e+06	739894	977954
293T_TFF1_DNA_Pool-2_10E:0Y:G2:05	48	1.00001e+06	0	637884	1.11185e+06	61310.7
293T_TFF1_DNA_Pool-2_10E:0Y:Y1:11	47	1.00001e+06	495982	1.16356e+06	860807	602824
293T_TFF1_DNA_Pool-2_10E:20:F8:12	33	1.00001e+06	0	863508	1.70828e+06	408345
293T_TFF1_DNA_Pool-2_10E:28:T4:05	36	1.00001e+06	1.32782e+06	799963	891108	4.3352e+06
293T_TFF1_DNA_Pool-2_10E:39:66:05	25	1.00001e+06	468502	1.33492e+06	731468	2.1281e+06
293T_TFF1_DNA_Pool-2_10E:47:49:01	220	1.00001e+06	2.10187e+06	1.56574e+06	1.91231e+06	1.10772e+06
293T_TFF1_DNA_Pool-2_10E:47:E2:05	66	1.00001e+06	1.00744e+06	1.11585e+06	791854	433661
293T_TFF1_DNA_Pool-2_10E:47:H0:06	41	1.00001e+06	859260	1.09593e+06	786901	162795
293T_TFF1_DNA_Pool-2_10E:47:O9:05	27	1.00001e+06	0	364486	797458	196320
293T_TFF1_DNA_Pool-2_10E:56:33:03	26	1.00001e+06	2.05535e+06	763284	812325	104124
293T_TFF1_DNA_Pool-2_10E:56:33:05	412	1.00001e+06	6.0534e+06	2.56207e+06	1.93171e+06	1.432e+06
293T_TFF1_DNA_Pool-2_10E:59:B0:05	32	1.00001e+06	2.71342e+06	914970	836343	872004
293T_TFF1_DNA_Pool-2_10E:60:E2:06	48	1.00001e+06	0	795959	913293	232627
293T_TFF1_DNA_Pool-2_10E:75:Y1:05	58	1.00001e+06	0	720182	839687	280174
293T_TFF1_DNA_Pool-2_10E:79:T4:05	42	1.00001e+06	0	1.07948e+06	825251	529562
293T_TFF1_DNA_Pool-2_10E:80:J0:05	46	1.00001e+06	2.08434e+06	1.2854e+06	797066	426594
293T_TFF1_DNA_Pool-2_10E:95:66:01	28	1.00001e+06	1.04396e+06	1.07906e+06	637877	4.1061e+06
293T_TFF1_DNA_Pool-2_10E:95:K2:11	37	1.00001e+06	2.43063e+06	667453	246140	636946
293T_TFF1_DNA_Pool-2_10E:95:Q0:10	22	1.00001e+06	0	817427	727673	708143
293T_TFF1_DNA_Pool-2_10E:99:X3:02	21	1.00001e+06	0	1.09625e+06	648455	568722
293T_TFF1_DNA_Pool-2_10E:A3:K2:05	33	1.00001e+06	0	687856	774767	438487
293T_TFF1_DNA_Pool-2_10E:A3:Q8:01	22	1.00001e+06	0	625391	632947	977722
293T_TFF1_DNA_Pool-2_10E:A7:E2:11	47	1.00001e+06	2.34983e+06	774808	642041	383622
293T_TFF1_DNA_Pool-2_10E:C0:C8:05	34	1.00001e+06	2.17971e+06	920169	745667	284560
293T_TFF1_DNA_Pool-2_10E:D2:29:06	157	1.00001e+06	1.88193e+06	1.46062e+06	1.09555e+06	2.54476e+06
293T_TFF1_DNA_Pool-2_10E:E4:61:06	27	1.00001e+06	1.16514e+06	1.91609e+06	1.05171e+06	2.23484e+06
293T_TFF1_DNA_Pool-2_10E:E4:T0:04	26	1.00001e+06	741187	1.20036e+06	759584	3.65942e+06
293T_TFF1_DNA_Pool-2_10E:E4:W2:06	21	1.00001e+06	212934	419297	24216.7	60810.5
293T_TFF1_DNA_Pool-2_10E:G8:V0:05	23	1.00001e+06	1.66525e+06	479154	726943	204433
293T_TFF1_DNA_Pool-2_10E:H6:Q8:11	64	1.00001e+06	206764	906964	658728	1.00085e+06
293T_TFF1_DNA_Pool-2_10E:I3:T0:03	30	1.00001e+06	623893	834984	728975	86651.2
293T_TFF1_DNA_Pool-2_10E:I4:41:11	21	1.00001e+06	0	708742	503232	996217
293T_TFF1_DNA_Pool-2_10E:J1:D2:06	23	1.00001e+06	0	691087	629660	186810
293T_TFF1_DNA_Pool-2_10E:J1:U5:05	37	1.00001e+06	0	296601	737093	0
293T_TFF1_DNA_Pool-2_10E:J1:Y6:05	157	1.00001e+06	1.58509e+06	1.40356e+06	910324	269708
293T_TFF1_DNA_Pool-2_10E:J2:E2:12	41	1.00001e+06	1.49207e+06	1.0387e+06	661202	1.2123e+06
293T_TFF1_DNA_Pool-2_10E:J9:T4:05	38	1.00001e+06	880316	977517	694622	668018
293T_TFF1_DNA_Pool-2_10E:K0:Y5:03	35	1.00001e+06	0	667981	802519	145436
293T_TFF1_DNA_Pool-2_10E:K3:08:05	28	1.00001e+06	0	757929	800844	874189
293T_TFF1_DNA_Pool-2_10E:K3:37:01	26	1.00001e+06	256833	826694	823784	4.00877e+06
293T_TFF1_DNA_Pool-2_10E:K3:Y2:01	107	1.00001e+06	0	862006	672172	126034
293T_TFF1_DNA_Pool-2_10E:L1:M0:01	151	1.00001e+06	0	4.86853e+06	3.63929e+06	962242
293T_TFF1_DNA_Pool-2_10E:L6:J0:05	62	1.00001e+06	0	1.65189e+06	857860	1.87586e+06
293T_TFF1_DNA_Pool-2_10E:M3:B6:11	20	1.00001e+06	1.64789e+06	781244	619645	237555
293T_TFF1_DNA_Pool-2_10E:M8:N8:11	29	1.00001e+06	1.74103e+06	480925	496925	130451
293T_TFF1_DNA_Pool-2_10E:N9:98:09	580	1.00001e+06	9.23714e+06	2.85669e+06	6.87256e+06	1.64486e+06
293T_TFF1_DNA_Pool-2_10E:N9:U5:04	25	1.00001e+06	1.34558e+06	474492	715370	0
293T_TFF1_DNA_Pool-2_10E:N9:Y2:05	41	1.00001e+06	0	730472	713389	130956
293T_TFF1_DNA_Pool-2_10E:O0:A2:05	21	1.00001e+06	0	465353	726996	0
293T_TFF1_DNA_Pool-2_10E:O7:65:11	43	1.00001e+06	1.35022e+06	997231	1.11831e+06	393057
293T_TFF1_DNA_Pool-2_10E:P9:Y1:06	63	1.00001e+06	671896	1.013e+06	811282	200201
293T_TFF1_DNA_Pool-2_10E:Q3:C0:05	22	1.00001e+06	399830	254911	763400	0
293T_TFF1_DNA_Pool-2_10E:Q3:F3:12	33	1.00001e+06	0	430211	666501	412687
293T_TFF1_DNA_Pool-2_10E:Q4:93:06	30	1.00001e+06	1.955e+06	834904	14751.6	2.42212e+06
293T_TFF1_DNA_Pool-2_10E:Q4:F2:05	34	1.00001e+06	0	948866	734925	2.10733e+06
293T_TFF1_DNA_Pool-2_10E:Q7:S1:05	52	1.00001e+06	429762	825692	762651	151168
293T_TFF1_DNA_Pool-2_10E:R1:C0:05	43	1.00001e+06	0	755363	789781	1.00108e+06
293T_TFF1_DNA_Pool-2_10E:R1:Z6:01	46	1.00001e+06	1.85396e+06	774760	905085	71214.4
293T_TFF1_DNA_Pool-2_10E:R5:90:05	22	1.00001e+06	0	1.58262e+06	892937	107215
293T_TFF1_DNA_Pool-2_10E:R6:17:07	30	1.00001e+06	1.81564e+06	635599	804418	281474
293T_TFF1_DNA_Pool-2_10E:R6:B2:07	28	NA	1.38601e+06	209210	7527.68	0
293T_TFF1_DNA_Pool-2_10E:R9:S6:01	20	1.00001e+06	127105	558758	784525	0
293T_TFF1_DNA_Pool-2_10E:S7:66:01	37	1.00001e+06	0	554857	503208	275762
293T_TFF1_DNA_Pool-2_10E:S8:90:06	238	1.00001e+06	2.57646e+06	2.51786e+06	3.42732e+06	2.45671e+06
293T_TFF1_DNA_Pool-2_10E:S8:94:07	34	1.00001e+06	2.46027e+06	776953	816112	446122
293T_TFF1_DNA_Pool-2_10E:S8:X8:05	42	1.00001e+06	0	401863	759196	0
293T_TFF1_DNA_Pool-2_10E:T1:W6:06	28	1.00001e+06	0	785025	832020	1.08995e+06
293T_TFF1_DNA_Pool-2_10E:U4:54:06	38	1.00001e+06	512212	682434	954602	535302
293T_TFF1_DNA_Pool-2_10E:U4:O1:05	23	NA	1.63334e+06	270251	189641	800236
293T_TFF1_DNA_Pool-2_10E:V9:T0:11	62	1.00001e+06	1.25098e+06	977502	841755	699846
293T_TFF1_DNA_Pool-2_10E:W3:L0:11	35	1.00001e+06	0	1.49352e+06	863085	1.62467e+06
293T_TFF1_DNA_Pool-2_10E:X5:0V:04	87	1.00001e+06	1.74062e+06	1.20365e+06	1.01091e+06	565489
293T_TFF1_DNA_Pool-2_10E:X5:25:06	24	1.00001e+06	208878	734432	714992	6.47656e+06
293T_TFF1_DNA_Pool-2_10E:X5:66:01	95	1.00001e+06	1.63307e+06	1.39273e+06	721468	3.72266e+06
293T_TFF1_DNA_Pool-2_10E:X5:E6:05	145	1.00001e+06	2.26817e+06	1.50568e+06	1.4269e+06	1.60703e+06
293T_TFF1_DNA_Pool-2_10E:X5:H0:05	55	1.00001e+06	0	1.46862e+06	986378	845002
293T_TFF1_DNA_Pool-2_10E:X5:X8:06	119	1.00001e+06	2.85409e+06	854578	962552	597477
293T_TFF1_DNA_Pool-2_10E:X5:Z2:02	142	1.00001e+06	0	1.50924e+06	1.89793e+06	909434
293T_TFF1_DNA_Pool-2_10E:X6:A0:05	40	1.00001e+06	1.8061e+06	550929	648765	1.72577e+06
293T_TFF1_DNA_Pool-2_10E:X6:Z0:02	49	1.00001e+06	1.59325e+06	1.00634e+06	724519	4.07236e+06
293T_TFF1_DNA_Pool-2_10E:Z9:R7:06	20	1.00001e+06	2.53459e+06	700127	41445.8	3.86155e+06
293T_TFF1_DNA_Pool-2_10D:0A:0R:09	20	1.00001e+06	1.63693e+06	808882	846901	0
293T_TFF1_DNA_Pool-2_10D:0X:0K:11	65	1.00001e+06	0	1.71135e+06	1.03883e+06	1.10042e+06
293T_TFF1_DNA_Pool-2_10D:0X:D3:09	41	1.00001e+06	448783	730716	790389	551028
293T_TFF1_DNA_Pool-2_10D:0X:G0:01	87	1.00001e+06	1.40645e+06	1.15811e+06	946132	983532
293T_TFF1_DNA_Pool-2_10D:0X:H3:02	42	1.00001e+06	0	531234	754811	648720
293T_TFF1_DNA_Pool-2_10D:0Y:H2:09	42	1.00001e+06	2.05619e+06	646352	776688	682808
293T_TFF1_DNA_Pool-2_10D:0Y:M4:01	89	1.00001e+06	0	1.16606e+06	697319	1.15796e+06
293T_TFF1_DNA_Pool-2_10D:11:69:01	30	1.00001e+06	0	916275	816820	541522
293T_TFF1_DNA_Pool-2_10D:16:28:09	32	1.00001e+06	1.62645e+06	764109	624427	34359.4
293T_TFF1_DNA_Pool-2_10D:16:68:09	248	1.00001e+06	971309	1.95096e+06	1.38773e+06	1.19797e+06
293T_TFF1_DNA_Pool-2_10D:20:F8:12	24	1.00001e+06	1.73942e+06	782136	1.30663e+06	395335
293T_TFF1_DNA_Pool-2_10D:44:98:05	39	1.00001e+06	1.52167e+06	1.31651e+06	845646	867418
293T_TFF1_DNA_Pool-2_10D:47:G9:03	53	1.00001e+06	2.14381e+06	898429	493408	3.33826e+06
293T_TFF1_DNA_Pool-2_10D:52:J4:01	30	1.00001e+06	1.60445e+06	1.09459e+06	16035.6	613294
293T_TFF1_DNA_Pool-2_10D:52:J4:09	20	1.00001e+06	2.03522e+06	1.06961e+06	932434	1.17642e+06
293T_TFF1_DNA_Pool-2_10D:56:F3:03	20	1.00001e+06	1.80771e+06	726903	804000	2.40482e+06
293T_TFF1_DNA_Pool-2_10D:71:28:05	34	1.00001e+06	0	684941	747264	431077
293T_TFF1_DNA_Pool-2_10D:72:X7:03	25	1.00001e+06	0	2.97414e+06	3.3363e+06	848987
293T_TFF1_DNA_Pool-2_10D:80:78:09	28	1.00001e+06	856211	1.01689e+06	236558	2.86672e+06
293T_TFF1_DNA_Pool-2_10D:87:22:10	54	1.00001e+06	0	866106	630938	255504
293T_TFF1_DNA_Pool-2_10D:95:97:04	20	NA	170130	310205	552659	440768
293T_TFF1_DNA_Pool-2_10D:99:14:01	31	1.00001e+06	0	779852	867633	342900
293T_TFF1_DNA_Pool-2_10D:B9:T4:01	34	1.00001e+06	1.55023e+06	998913	719705	137593
293T_TFF1_DNA_Pool-2_10D:C8:K1:10	48	1.00001e+06	1.6927e+06	686089	737562	134986
293T_TFF1_DNA_Pool-2_10D:D5:Z3:01	24	1.00001e+06	0	371864	715860	290467
293T_TFF1_DNA_Pool-2_10D:D6:98:01	24	1.00001e+06	1.39039e+06	386894	50584.6	123158
293T_TFF1_DNA_Pool-2_10D:E4:J6:10	22	1.00001e+06	0	420514	751423	302236
293T_TFF1_DNA_Pool-2_10D:G3:H8:05	102	1.00001e+06	0	854238	797697	467802
293T_TFF1_DNA_Pool-2_10D:G3:J0:02	31	1.00001e+06	0	741780	814207	197467
293T_TFF1_DNA_Pool-2_10D:K7:45:04	21	1.00001e+06	186700	339177	758979	0
293T_TFF1_DNA_Pool-2_10D:L6:B2:01	32	1.00001e+06	1.33709e+06	2.29917e+06	838364	634659
293T_TFF1_DNA_Pool-2_10D:M4:O6:01	90	1.00001e+06	1.35243e+06	1.6978e+06	1.34961e+06	701549
293T_TFF1_DNA_Pool-2_10D:M8:H2:10	22	1.00001e+06	160856	571915	17278.2	0
293T_TFF1_DNA_Pool-2_10D:N9:C4:07	49	1.00001e+06	0	1.00564e+06	678568	1.22103e+06
293T_TFF1_DNA_Pool-2_10D:N9:O9:03	46	1.00001e+06	343267	1.31295e+06	902873	482266
293T_TFF1_DNA_Pool-2_10D:N9:R3:03	140	1.00001e+06	1.98228e+06	1.79273e+06	1.451e+06	1.42852e+06
293T_TFF1_DNA_Pool-2_10D:Q8:54:01	21	1.00001e+06	185270	396746	510454	0
293T_TFF1_DNA_Pool-2_10D:Q8:X0:01	20	1.00001e+06	0	737761	750869	360003
293T_TFF1_DNA_Pool-2_10D:R1:46:09	29	1.00001e+06	115998	711186	671176	309691
293T_TFF1_DNA_Pool-2_10D:S7:0V:01	30	1.00001e+06	0	551842	830972	412908
293T_TFF1_DNA_Pool-2_10D:S7:P3:07	23	1.00001e+06	197302	575262	274150	74461.5
293T_TFF1_DNA_Pool-2_10D:S7:X0:01	78	1.00001e+06	375586	1.65597e+06	867263	4.46543e+06
293T_TFF1_DNA_Pool-2_10D:S8:0R:01	25	1.00001e+06	293839	989441	714611	835110
293T_TFF1_DNA_Pool-2_10D:T1:X3:01	33	1.00001e+06	0	365959	180660	165571
293T_TFF1_DNA_Pool-2_10D:V2:M1:01	59	1.00001e+06	1.37922e+06	978184	840720	1.18337e+06
293T_TFF1_DNA_Pool-2_10D:W7:R3:03	40	1.00001e+06	185418	547534	844119	296218
293T_TFF1_DNA_Pool-2_10D:X1:Y5:01	129	1.00001e+06	412697	1.58948e+06	1.19693e+06	2.07023e+06
293T_TFF1_DNA_Pool-2_10D:X5:09:09	135	1.00001e+06	1.19449e+06	1.46888e+06	1.19936e+06	992952
293T_TFF1_DNA_Pool-2_10D:X5:26:01	127	1.00001e+06	1.33015e+06	1.5028e+06	778363	1.49244e+06
293T_TFF1_DNA_Pool-2_10D:X5:69:09	51	1.00001e+06	543956	466401	794340	234287
293T_TFF1_DNA_Pool-2_10D:X5:B2:07	47	1.00001e+06	185476	639881	775918	134233
293T_TFF1_DNA_Pool-2_10D:X5:D7:10	51	1.00001e+06	624158	479776	630182	197115
293T_TFF1_DNA_Pool-2_10D:X5:G0:07	50	1.00001e+06	1.85116e+06	698317	1.14296e+06	417847
293T_TFF1_DNA_Pool-2_10D:X5:O9:03	65	1.00001e+06	0	1.39344e+06	793243	1.32998e+06
293T_TFF1_DNA_Pool-2_10C:0E:X3:01	26	1.00001e+06	0	838700	576219	113830
293T_TFF1_DNA_Pool-2_10C:0P:97:01	35	1.00001e+06	2.41963e+06	946917	801124	2.72469e+06
293T_TFF1_DNA_Pool-2_10C:0X:54:06	94	1.00001e+06	2.26997e+06	1.35658e+06	982798	1.21311e+06
293T_TFF1_DNA_Pool-2_10C:0X:B8:01	33	1.00001e+06	0	685355	655041	0
293T_TFF1_DNA_Pool-2_10C:0X:G0:01	2774	1.00001e+06	1.42217e+07	5.88273e+06	3.74291e+06	3.53401e+06
293T_TFF1_DNA_Pool-2_10C:0X:G8:04	124	1.00001e+06	0	1.81115e+06	1.12701e+06	1.30735e+06
293T_TFF1_DNA_Pool-2_10C:0X:J4:01	485	1.00001e+06	0	2.4537e+06	3.56426e+06	1.73718e+06
293T_TFF1_DNA_Pool-2_10C:0X:M4:04	67	1.00001e+06	1.06082e+06	1.04175e+06	769104	541949
293T_TFF1_DNA_Pool-2_10C:0X:O9:06	35	1.00001e+06	170111	341790	710400	187940
293T_TFF1_DNA_Pool-2_10C:0X:S6:06	27	1.00001e+06	116330	616765	64150.9	717782
293T_TFF1_DNA_Pool-2_10C:0Y:0R:07	57	1.00001e+06	0	1.19768e+06	661140	2.79971e+06
293T_TFF1_DNA_Pool-2_10C:0Y:54:10	52	1.00001e+06	872781	890121	827675	2.03892e+06
293T_TFF1_DNA_Pool-2_10C:0Y:B2:01	237	1.00001e+06	1.36717e+06	1.91185e+06	2.11863e+06	1.83665e+06
293T_TFF1_DNA_Pool-2_10C:0Y:B7:01	54	1.00001e+06	1.41412e+06	1.17052e+06	695097	798521
293T_TFF1_DNA_Pool-2_10C:0Y:F3:01	65	1.00001e+06	0	593164	763921	0
293T_TFF1_DNA_Pool-2_10C:0Y:J3:01	40	1.00001e+06	207411	498849	535762	416139
293T_TFF1_DNA_Pool-2_10C:0Y:K0:06	42	1.00001e+06	0	704194	738293	287340
293T_TFF1_DNA_Pool-2_10C:0Y:P0:06	64	1.00001e+06	0	1.13799e+06	812515	765197
293T_TFF1_DNA_Pool-2_10C:0Y:T2:05	58	1.00001e+06	1.46279e+06	736675	674428	1.31524e+06
293T_TFF1_DNA_Pool-2_10C:15:B0:01	23	1.00001e+06	1.58252e+06	550740	556383	0
293T_TFF1_DNA_Pool-2_10C:20:F8:12	30	1.00001e+06	2.31706e+06	917760	1.00963e+06	2.63128e+06
293T_TFF1_DNA_Pool-2_10C:39:0O:01	58	1.00001e+06	2.39452e+06	1.00692e+06	789520	580001
293T_TFF1_DNA_Pool-2_10C:43:Z8:01	21	1.00001e+06	2.17582e+06	1.11678e+06	679989	191870
293T_TFF1_DNA_Pool-2_10C:47:09:01	23	1.00001e+06	221813	668817	719035	0
293T_TFF1_DNA_Pool-2_10C:47:78:06	26	1.00001e+06	0	782633	764404	279277
293T_TFF1_DNA_Pool-2_10C:47:D0:01	31	1.00001e+06	1.82745e+06	571359	818349	841243
293T_TFF1_DNA_Pool-2_10C:47:S6:01	458	1.00001e+06	2.35745e+06	2.28497e+06	5.02111e+06	1.04559e+06
293T_TFF1_DNA_Pool-2_10C:56:02:01	23	1.00001e+06	185570	220717	8687.75	0
293T_TFF1_DNA_Pool-2_10C:60:65:02	24	1.00001e+06	0	334149	310746	0
293T_TFF1_DNA_Pool-2_10C:83:08:01	29	1.00001e+06	1.739e+06	615107	599371	0
293T_TFF1_DNA_Pool-2_10C:83:J6:03	32	1.00001e+06	0	717805	807266	248273
293T_TFF1_DNA_Pool-2_10C:83:U1:01	26	1.00001e+06	0	704512	669431	0
293T_TFF1_DNA_Pool-2_10C:95:B6:01	96	1.00001e+06	0	997045	797734	518421
293T_TFF1_DNA_Pool-2_10C:95:E8:08	57	1.00001e+06	0	557283	756404	0
293T_TFF1_DNA_Pool-2_10C:95:G8:04	73	1.00001e+06	0	1.11098e+06	810830	352056
293T_TFF1_DNA_Pool-2_10C:95:K5:01	41	1.00001e+06	0	894962	771308	297384
293T_TFF1_DNA_Pool-2_10C:95:P8:01	23	1.00001e+06	1.58252e+06	346586	617891	0
293T_TFF1_DNA_Pool-2_10C:95:T4:06	30	1.00001e+06	1.60129e+06	303436	787847	80237.3
293T_TFF1_DNA_Pool-2_10C:96:C8:01	33	1.00001e+06	0	1.46018e+06	1.46408e+06	1.09778e+06
293T_TFF1_DNA_Pool-2_10C:96:K1:01	25	1.00001e+06	169882	700842	688483	914339
293T_TFF1_DNA_Pool-2_10C:99:45:01	41	1.00001e+06	2.08721e+06	650717	765676	571025
293T_TFF1_DNA_Pool-2_10C:99:98:01	21	1.00001e+06	0	1.63357e+06	636618	2.17409e+06
293T_TFF1_DNA_Pool-2_10C:99:F3:01	28	1.00001e+06	0	794399	679862	918259
293T_TFF1_DNA_Pool-2_10C:99:M1:06	33	1.00001e+06	1.62843e+06	651755	564050	101525
293T_TFF1_DNA_Pool-2_10C:A7:H8:06	27	1.00001e+06	0	681203	578898	216465
293T_TFF1_DNA_Pool-2_10C:C4:08:01	75	1.00001e+06	1.89952e+06	1.45531e+06	719820	2.21637e+06
293T_TFF1_DNA_Pool-2_10C:E3:54:06	53	1.00001e+06	306146	1.00896e+06	840986	635202
293T_TFF1_DNA_Pool-2_10C:E3:D2:01	38	1.00001e+06	1.23619e+06	702452	782020	691336
293T_TFF1_DNA_Pool-2_10C:E3:D4:01	141	1.00001e+06	1.39079e+06	1.6857e+06	2.54527e+06	2.08538e+06
293T_TFF1_DNA_Pool-2_10C:E3:G8:01	65	1.00001e+06	2.33267e+06	687431	807755	293604
293T_TFF1_DNA_Pool-2_10C:E3:M0:01	50	1.00001e+06	1.67624e+06	1.40885e+06	954249	2.73786e+06
293T_TFF1_DNA_Pool-2_10C:E3:O6:01	59	1.00001e+06	0	590063	770740	231700
293T_TFF1_DNA_Pool-2_10C:E7:97:01	33	1.00001e+06	0	697426	185549	467381
293T_TFF1_DNA_Pool-2_10C:F2:B6:01	27	1.00001e+06	169585	676152	652114	477091
293T_TFF1_DNA_Pool-2_10C:G8:46:01	29	1.00001e+06	1.98048e+06	891335	895599	991915
293T_TFF1_DNA_Pool-2_10C:G8:E2:01	48	1.00001e+06	0	762201	872116	897231
293T_TFF1_DNA_Pool-2_10C:G8:M0:06	24	1.00001e+06	0	831153	820298	543907
293T_TFF1_DNA_Pool-2_10C:H9:34:06	32	1.00001e+06	0	584253	14113.9	0
293T_TFF1_DNA_Pool-2_10C:H9:Y6:01	23	NA	1.65033e+06	302461	9913.69	263685
293T_TFF1_DNA_Pool-2_10C:J1:46:11	108	1.00001e+06	2.0492e+06	2.03709e+06	1.17574e+06	3.40444e+06
293T_TFF1_DNA_Pool-2_10C:J1:84:01	51	1.00001e+06	0	1.16457e+06	906709	1.17628e+06
293T_TFF1_DNA_Pool-2_10C:K4:O6:01	22	1.00001e+06	0	868211	436814	0
293T_TFF1_DNA_Pool-2_10C:K7:46:01	43	1.00001e+06	1.60516e+06	1.18938e+06	890782	482169
293T_TFF1_DNA_Pool-2_10C:K7:F2:01	33	1.00001e+06	1.38608e+06	466808	796979	88799.9
293T_TFF1_DNA_Pool-2_10C:M3:50:01	75	1.00001e+06	3.1763e+06	871061	799392	1.34834e+06
293T_TFF1_DNA_Pool-2_10C:M4:Y6:01	46	1.00001e+06	1.90794e+06	1.22225e+06	1.05561e+06	3.99189e+06
293T_TFF1_DNA_Pool-2_10C:N9:09:06	207	1.00001e+06	882497	1.47542e+06	1.02672e+06	1.16073e+06
293T_TFF1_DNA_Pool-2_10C:N9:78:11	23	1.00001e+06	1.67327e+06	662793	768150	859007
293T_TFF1_DNA_Pool-2_10C:O7:46:01	98	1.00001e+06	988316	1.35359e+06	745127	764659
293T_TFF1_DNA_Pool-2_10C:O7:56:01	87	1.00001e+06	1.18904e+06	1.05715e+06	761383	848724
293T_TFF1_DNA_Pool-2_10C:O7:F2:01	35	1.00001e+06	968238	1.25313e+06	824868	808463
293T_TFF1_DNA_Pool-2_10C:O7:P0:01	36	1.00001e+06	0	787958	615918	169685
293T_TFF1_DNA_Pool-2_10C:O7:T8:06	30	1.00001e+06	2.09988e+06	1.1183e+06	664329	2.01936e+06
293T_TFF1_DNA_Pool-2_10C:O8:Y5:01	33	1.00001e+06	0	2.0105e+06	707008	4.03247e+06
293T_TFF1_DNA_Pool-2_10C:P1:K0:06	48	1.00001e+06	437147	799813	820597	3.03255e+06
293T_TFF1_DNA_Pool-2_10C:Q3:77:02	22	1.00001e+06	0	884241	842164	1.41248e+06
293T_TFF1_DNA_Pool-2_10C:R1:P3:05	22	1.00001e+06	213110	731262	630734	0
293T_TFF1_DNA_Pool-2_10C:S3:E6:03	28	1.00001e+06	0	1.2537e+06	899392	706546
293T_TFF1_DNA_Pool-2_10C:S7:32:01	52	1.00001e+06	1.73743e+06	790928	764274	376285
293T_TFF1_DNA_Pool-2_10C:S7:37:06	30	1.00001e+06	0	660042	734748	0
293T_TFF1_DNA_Pool-2_10C:S7:E2:06	30	1.00001e+06	1.72418e+06	402959	757485	0
293T_TFF1_DNA_Pool-2_10C:S7:F2:01	81	1.00001e+06	1.76888e+06	763237	856717	374815
293T_TFF1_DNA_Pool-2_10C:S7:P0:06	48	1.00001e+06	2.12098e+06	960743	780653	939198
293T_TFF1_DNA_Pool-2_10C:T2:B2:10	40	1.00001e+06	282053	731473	807655	464214
293T_TFF1_DNA_Pool-2_10C:T6:W0:01	49	1.00001e+06	2.11325e+06	542411	772325	365507
293T_TFF1_DNA_Pool-2_10C:U3:E6:01	38	1.00001e+06	0	1.94046e+06	850277	545201
293T_TFF1_DNA_Pool-2_10C:U8:V0:01	24	1.00001e+06	1.94212e+06	671647	810298	376420
293T_TFF1_DNA_Pool-2_10C:V2:T0:06	22	1.00001e+06	2.19171e+06	454135	35933	298631
293T_TFF1_DNA_Pool-2_10C:V9:54:06	26	1.00001e+06	750854	561604	820400	302503
293T_TFF1_DNA_Pool-2_10C:X2:T4:01	31	1.00001e+06	0	592520	800972	474862
293T_TFF1_DNA_Pool-2_10C:X5:B2:07	90	1.00001e+06	0	1.11522e+06	785228	653703
293T_TFF1_DNA_Pool-2_10C:X5:H3:06	32	1.00001e+06	1.10479e+06	2.23214e+06	812961	0
293T_TFF1_DNA_Pool-2_10C:X5:H7:01	2168	1.00001e+06	0	4.42227e+06	6.5888e+06	3.18265e+06
293T_TFF1_DNA_Pool-2_10C:X5:J3:06	33	1.00001e+06	2.65166e+06	937122	781685	536259
293T_TFF1_DNA_Pool-2_10C:X6:46:06	45	1.00001e+06	515647	741967	800815	1.20844e+06
293T_TFF1_DNA_Pool-2_10C:Z5:S9:01	21	1.00001e+06	2.06947e+06	562000	20785.3	210899
293T_TFF1_DNA_Pool-2_10B:08:50:12	24	1.00001e+06	0	747843	771705	0
293T_TFF1_DNA_Pool-2_10B:08:G8:01	22	NA	1.77155e+06	657072	17976.3	4.05288e+06
293T_TFF1_DNA_Pool-2_10B:0Q:N8:04	39	1.00001e+06	1.79302e+06	510139	833515	0
293T_TFF1_DNA_Pool-2_10B:0U:W2:12	24	1.00001e+06	1.8765e+06	754320	786580	166351
293T_TFF1_DNA_Pool-2_10B:0X:18:12	27	1.00001e+06	1.60341e+06	397668	813900	91106.3
293T_TFF1_DNA_Pool-2_10B:0X:25:06	35	1.00001e+06	305922	1.08346e+06	735268	3.2395e+06
293T_TFF1_DNA_Pool-2_10B:0X:94:06	52	1.00001e+06	0	939221	786845	500173
293T_TFF1_DNA_Pool-2_10B:0X:A0:12	72	1.00001e+06	883405	1.41805e+06	729493	899833
293T_TFF1_DNA_Pool-2_10B:0X:C4:12	24	1.00001e+06	0	808950	675423	534434
293T_TFF1_DNA_Pool-2_10B:0X:G0:01	143	1.00001e+06	0	1.19464e+06	858741	785917
293T_TFF1_DNA_Pool-2_10B:0X:L4:12	25	1.00001e+06	170823	433463	249170	0
293T_TFF1_DNA_Pool-2_10B:0X:M0:12	36	1.00001e+06	0	1.77717e+06	760082	660265
293T_TFF1_DNA_Pool-2_10B:0X:N0:07	184	1.00001e+06	1.72077e+06	1.69798e+06	1.34061e+06	1.23562e+06
293T_TFF1_DNA_Pool-2_10B:0X:T2:12	21	1.00001e+06	1.78163e+06	363680	509457	171639
293T_TFF1_DNA_Pool-2_10B:0X:U5:12	161	1.00001e+06	1.08124e+06	1.14408e+06	827643	949031
293T_TFF1_DNA_Pool-2_10B:0X:Y1:09	107	1.00001e+06	0	1.27483e+06	904191	632675
293T_TFF1_DNA_Pool-2_10B:0Y:25:06	28	1.00001e+06	1.43823e+06	823960	514436	0
293T_TFF1_DNA_Pool-2_10B:0Y:54:12	77	1.00001e+06	753922	1.2053e+06	871316	1.34858e+06
293T_TFF1_DNA_Pool-2_10B:0Y:N0:07	133	1.00001e+06	0	1.7026e+06	1.11248e+06	890881
293T_TFF1_DNA_Pool-2_10B:0Y:X8:03	50	1.00001e+06	0	2.00224e+06	1.07648e+06	557204
293T_TFF1_DNA_Pool-2_10B:0Y:Y5:05	71	1.00001e+06	125388	981941	808412	280439
293T_TFF1_DNA_Pool-2_10B:20:F8:12	1892	1.00001e+06	0	5.23665e+06	9.95522e+06	4.92734e+06
293T_TFF1_DNA_Pool-2_10B:23:B0:07	30	1.00001e+06	765526	465783	786141	978927
293T_TFF1_DNA_Pool-2_10B:28:Q1:05	24	1.00001e+06	1.62445e+06	359326	838350	239424
293T_TFF1_DNA_Pool-2_10B:28:T8:12	26	1.00001e+06	0	750085	744364	476600
293T_TFF1_DNA_Pool-2_10B:39:F3:12	712	1.00001e+06	1.77977e+07	3.5564e+06	9.01123e+06	2.49741e+06
293T_TFF1_DNA_Pool-2_10B:39:G8:01	35	1.00001e+06	1.16753e+06	748650	1.20096e+06	780101
293T_TFF1_DNA_Pool-2_10B:44:I2:12	66	1.00001e+06	0	717097	832516	237813
293T_TFF1_DNA_Pool-2_10B:47:F3:12	45	1.00001e+06	225498	1.03015e+06	738945	1.67236e+06
293T_TFF1_DNA_Pool-2_10B:47:Z6:01	45	1.00001e+06	927048	1.37608e+06	953175	948291
293T_TFF1_DNA_Pool-2_10B:55:97:09	57	1.00001e+06	501464	1.91179e+06	742941	3.1919e+06
293T_TFF1_DNA_Pool-2_10B:72:Y6:02	34	1.00001e+06	0	594175	735903	522956
293T_TFF1_DNA_Pool-2_10B:75:Y1:03	56	1.00001e+06	1.5478e+06	1.35833e+06	909726	2.151e+06
293T_TFF1_DNA_Pool-2_10B:92:Q8:12	26	1.00001e+06	344553	1.15302e+06	53342	803590
293T_TFF1_DNA_Pool-2_10B:95:20:06	54	1.00001e+06	1.242e+06	2.05241e+06	966421	668015
293T_TFF1_DNA_Pool-2_10B:95:26:12	27	1.00001e+06	0	293718	24214.3	0
293T_TFF1_DNA_Pool-2_10B:95:H6:12	22	1.00001e+06	0	1.05036e+06	819971	5.05609e+06
293T_TFF1_DNA_Pool-2_10B:95:X8:12	58	1.00001e+06	2.05963e+06	974146	654609	134458
293T_TFF1_DNA_Pool-2_10B:C0:02:12	20	NA	0	188463	177256	0
293T_TFF1_DNA_Pool-2_10B:C7:O5:12	61	1.00001e+06	2.10588e+06	727423	662825	476348
293T_TFF1_DNA_Pool-2_10B:C8:T8:05	25	1.00001e+06	1.97688e+06	809405	938021	3.26693e+06
293T_TFF1_DNA_Pool-2_10B:D5:Q6:03	20	1.00001e+06	898465	689333	767243	341726
293T_TFF1_DNA_Pool-2_10B:E3:02:04	20	1.00001e+06	353621	562952	661282	779478
293T_TFF1_DNA_Pool-2_10B:E3:O2:12	25	1.00001e+06	1.59962e+06	664459	530732	0
293T_TFF1_DNA_Pool-2_10B:E4:M8:12	120	1.00001e+06	2.02773e+06	1.53663e+06	1.09121e+06	882034
293T_TFF1_DNA_Pool-2_10B:H2:80:07	20	1.00001e+06	1.96664e+06	816538	38943.7	0
293T_TFF1_DNA_Pool-2_10B:I0:Y6:02	21	1.00001e+06	0	1.17714e+06	196001	969914
293T_TFF1_DNA_Pool-2_10B:J1:B0:12	100	1.00001e+06	0	1.59506e+06	951313	1.06537e+06
293T_TFF1_DNA_Pool-2_10B:K0:Y6:02	30	1.00001e+06	2.22299e+06	898124	981327	904967
293T_TFF1_DNA_Pool-2_10B:K3:20:06	20	1.00001e+06	2.31783e+06	1.47454e+06	772780	619466
293T_TFF1_DNA_Pool-2_10B:L1:G4:05	20	1.00001e+06	1.19254e+06	576513	728060	777909
293T_TFF1_DNA_Pool-2_10B:M0:A0:12	27	1.00001e+06	0	1.05775e+06	725000	483845
293T_TFF1_DNA_Pool-2_10B:M3:I0:03	31	1.00001e+06	0	720754	808534	78152.3
293T_TFF1_DNA_Pool-2_10B:M3:N0:07	35	1.00001e+06	0	1.20725e+06	803651	584670
293T_TFF1_DNA_Pool-2_10B:M8:56:05	35	1.00001e+06	438397	679716	895118	404884
293T_TFF1_DNA_Pool-2_10B:N1:54:12	22	1.00001e+06	0	380520	781769	0
293T_TFF1_DNA_Pool-2_10B:N6:0W:02	26	1.00001e+06	206982	740578	539893	0
293T_TFF1_DNA_Pool-2_10B:N9:50:12	117	1.00001e+06	0	2.00467e+06	1.61622e+06	1.99564e+06
293T_TFF1_DNA_Pool-2_10B:O7:B3:07	27	1.00001e+06	0	1.00825e+06	656747	4.36054e+06
293T_TFF1_DNA_Pool-2_10B:P6:54:12	27	1.00001e+06	2.03649e+06	907159	876137	1.03817e+06
293T_TFF1_DNA_Pool-2_10B:Q0:20:06	674	1.00001e+06	0	5.28733e+06	1.12454e+07	3.33489e+06
293T_TFF1_DNA_Pool-2_10B:Q0:S6:02	37	1.00001e+06	202410	1.08659e+06	836735	207626
293T_TFF1_DNA_Pool-2_10B:R9:02:04	72	1.00001e+06	1.12082e+06	1.21271e+06	809652	5.8445e+06
293T_TFF1_DNA_Pool-2_10B:S3:E2:05	50	1.00001e+06	780204	1.18082e+06	675342	325668
293T_TFF1_DNA_Pool-2_10B:S4:T0:12	26	1.00001e+06	693036	1.1013e+06	879240	1.68541e+06
293T_TFF1_DNA_Pool-2_10B:S7:54:12	106	1.00001e+06	0	1.80291e+06	788828	939555
293T_TFF1_DNA_Pool-2_10B:S7:A5:12	87	1.00001e+06	0	1.10075e+06	955814	1.07751e+06
293T_TFF1_DNA_Pool-2_10B:S7:B2:09	39	1.00001e+06	0	584141	794268	360300
293T_TFF1_DNA_Pool-2_10B:S7:C8:12	22	1.00001e+06	1.34505e+06	366395	749519	122447
293T_TFF1_DNA_Pool-2_10B:S7:N0:07	188	1.00001e+06	0	1.89363e+06	1.03147e+06	1.32633e+06
293T_TFF1_DNA_Pool-2_10B:S7:Z8:12	22	1.00001e+06	0	1.13207e+06	597201	334022
293T_TFF1_DNA_Pool-2_10B:U4:N8:04	33	1.00001e+06	2.03481e+06	923158	709424	347697
293T_TFF1_DNA_Pool-2_10B:U7:N0:07	55	1.00001e+06	2.16536e+06	1.03211e+06	771009	164009
293T_TFF1_DNA_Pool-2_10B:V6:X3:05	33	1.00001e+06	2.13975e+06	524480	766640	243169
293T_TFF1_DNA_Pool-2_10B:V9:M0:03	24	1.00001e+06	1.56925e+06	551556	250901	589883
293T_TFF1_DNA_Pool-2_10B:V9:S6:03	39	1.00001e+06	1.60253e+06	496679	794834	358432
293T_TFF1_DNA_Pool-2_10B:W7:Y6:02	34	1.00001e+06	1.9764e+06	905863	771888	1.57256e+06
293T_TFF1_DNA_Pool-2_10B:W8:X3:07	24	1.00001e+06	1.63955e+06	573097	772959	0
293T_TFF1_DNA_Pool-2_10B:X5:0R:04	168	1.00001e+06	673336	1.50279e+06	1.32571e+06	238910
293T_TFF1_DNA_Pool-2_10B:X5:20:06	99	1.00001e+06	2.03555e+06	2.83431e+06	1.32739e+06	1.89895e+06
293T_TFF1_DNA_Pool-2_10B:X5:50:12	346	1.00001e+06	5.38465e+06	2.47144e+06	1.92364e+06	2.34345e+06
293T_TFF1_DNA_Pool-2_10B:X5:69:08	31	1.00001e+06	343234	1.27287e+06	741330	529463
293T_TFF1_DNA_Pool-2_10B:X5:C8:03	124	1.00001e+06	1.10512e+06	1.18158e+06	1.24717e+06	2.20738e+06
293T_TFF1_DNA_Pool-2_10B:X5:D3:12	20	1.00001e+06	1.01461e+06	922465	810067	230729
293T_TFF1_DNA_Pool-2_10B:X5:H0:12	82	1.00001e+06	0	1.68069e+06	842418	2.50253e+06
293T_TFF1_DNA_Pool-2_10B:X5:M8:12	99	1.00001e+06	1.00066e+06	874537	791185	589988
293T_TFF1_DNA_Pool-2_10B:X5:O9:03	31	1.00001e+06	1.39979e+06	1.19914e+06	787266	872652
293T_TFF1_DNA_Pool-2_10B:X5:S1:12	63	1.00001e+06	0	1.2708e+06	750671	2.85025e+06
293T_TFF1_DNA_Pool-2_10B:Y0:0K:12	20	1.00001e+06	285849	592067	590722	377950
293T_TFF1_DNA_Pool-2_10B:Y8:E1:07	37	1.00001e+06	2.13235e+06	607165	224418	1.74321e+06
293T_TFF1_DNA_Pool-2_10B:Z5:98:12	22	1.00001e+06	1.7985e+06	355291	644010	862577
293T_TFF1_DNA_Pool-2_10B:Z9:E2:12	32	1.00001e+06	2.21838e+06	904897	575935	0
293T_TFF1_DNA_Pool-2_10A:08:T4:04	32	1.00001e+06	1.71322e+06	720909	755132	544819
293T_TFF1_DNA_Pool-2_10A:0E:L4:08	21	1.00001e+06	0	445169	710310	648826
293T_TFF1_DNA_Pool-2_10A:0H:61:03	36	1.00001e+06	0	1.67058e+06	3.51895e+06	1.06387e+06
293T_TFF1_DNA_Pool-2_10A:0P:H0:02	26	1.00001e+06	0	623181	814561	0
293T_TFF1_DNA_Pool-2_10A:0P:M0:02	46	1.00001e+06	749790	840536	731948	48893.8
293T_TFF1_DNA_Pool-2_10A:0T:G4:12	34	1.00001e+06	0	754374	703984	680760
293T_TFF1_DNA_Pool-2_10A:0X:0A:10	857	1.00001e+06	1.01645e+07	2.81126e+06	1.0593e+07	2.14692e+06
293T_TFF1_DNA_Pool-2_10A:0X:14:07	41	1.00001e+06	0	1.11956e+06	748554	952276
293T_TFF1_DNA_Pool-2_10A:0X:54:08	320	1.00001e+06	0	2.13377e+06	2.43165e+06	1.48436e+06
293T_TFF1_DNA_Pool-2_10A:0X:B3:02	94	1.00001e+06	0	1.3646e+06	1.84459e+06	1.56952e+06
293T_TFF1_DNA_Pool-2_10A:0X:C9:08	23	1.00001e+06	0	644652	764909	0
293T_TFF1_DNA_Pool-2_10A:0X:G0:01	100	1.00001e+06	0	1.05493e+06	864059	1.03814e+06
293T_TFF1_DNA_Pool-2_10A:0X:H7:02	66	1.00001e+06	1.7553e+06	1.34315e+06	1.29873e+06	563186
293T_TFF1_DNA_Pool-2_10A:0X:O6:05	54	1.00001e+06	0	750542	751057	1.2879e+06
293T_TFF1_DNA_Pool-2_10A:0X:P0:01	193	1.00001e+06	1.34946e+06	1.71267e+06	911338	1.72605e+06
293T_TFF1_DNA_Pool-2_10A:0X:Y5:12	121	1.00001e+06	311267	1.07159e+06	764790	912058
293T_TFF1_DNA_Pool-2_10A:0Y:09:10	110	1.00001e+06	698087	860565	883283	1.86379e+06
293T_TFF1_DNA_Pool-2_10A:0Y:G5:02	36	1.00001e+06	2.07237e+06	863977	692836	797451
293T_TFF1_DNA_Pool-2_10A:0Y:H3:03	57	1.00001e+06	0	941181	895281	175839
293T_TFF1_DNA_Pool-2_10A:0Y:L0:08	21	1.00001e+06	1.39734e+06	381682	15921.1	0
293T_TFF1_DNA_Pool-2_10A:0Y:P3:03	48	1.00001e+06	216001	783335	699094	518818
293T_TFF1_DNA_Pool-2_10A:11:K1:08	685	1.00001e+06	7.01245e+06	2.90201e+06	1.13074e+07	3.21717e+06
293T_TFF1_DNA_Pool-2_10A:12:Z2:02	38	1.00001e+06	1.90205e+06	1.54805e+06	907147	2.54801e+06
293T_TFF1_DNA_Pool-2_10A:15:T4:12	34	1.00001e+06	212656	736939	958094	783849
293T_TFF1_DNA_Pool-2_10A:20:F8:12	27	1.00001e+06	0	546939	1.19445e+06	473432
293T_TFF1_DNA_Pool-2_10A:24:J0:10	36	1.00001e+06	0	1.43541e+06	6.62708e+06	991479
293T_TFF1_DNA_Pool-2_10A:24:L6:04	361	1.00001e+06	0	2.18999e+06	4.46126e+06	1.69177e+06
293T_TFF1_DNA_Pool-2_10A:36:97:04	23	1.00001e+06	771837	446526	226733	311091
293T_TFF1_DNA_Pool-2_10A:39:0V:04	26	1.00001e+06	185539	403629	31997.4	0
293T_TFF1_DNA_Pool-2_10A:39:30:02	22	1.00001e+06	0	257133	15994.4	0
293T_TFF1_DNA_Pool-2_10A:39:M0:05	46	1.00001e+06	1.56039e+06	977239	734625	869072
293T_TFF1_DNA_Pool-2_10A:39:O6:04	73	1.00001e+06	0	1.12188e+06	969510	834389
293T_TFF1_DNA_Pool-2_10A:40:98:02	40	1.00001e+06	1.39248e+06	952683	770800	960929
293T_TFF1_DNA_Pool-2_10A:43:54:05	26	1.00001e+06	1.72385e+06	1.08198e+06	780342	0
293T_TFF1_DNA_Pool-2_10A:47:54:04	39	1.00001e+06	207952	960622	782932	975399
293T_TFF1_DNA_Pool-2_10A:47:X7:02	116	1.00001e+06	2.46669e+06	1.66514e+06	1.13346e+06	1.59699e+06
293T_TFF1_DNA_Pool-2_10A:48:54:05	28	1.00001e+06	553381	1.21364e+06	1.0504e+06	1.93112e+06
293T_TFF1_DNA_Pool-2_10A:52:F8:02	42	1.00001e+06	1.58051e+06	500675	770383	331460
293T_TFF1_DNA_Pool-2_10A:55:M8:04	30	1.00001e+06	0	583014	757196	2.84439e-13
293T_TFF1_DNA_Pool-2_10A:63:17:11	37	1.00001e+06	2.08514e+06	897950	805361	119363
293T_TFF1_DNA_Pool-2_10A:68:54:08	40	1.00001e+06	0	928262	749596	312366
293T_TFF1_DNA_Pool-2_10A:71:G0:06	23	1.00001e+06	0	665507	849287	104858
293T_TFF1_DNA_Pool-2_10A:72:0R:02	32	1.00001e+06	1.86964e+06	591728	826337	197957
293T_TFF1_DNA_Pool-2_10A:72:K5:05	33	1.00001e+06	1.59286e+06	624378	819450	0
293T_TFF1_DNA_Pool-2_10A:79:G1:02	24	1.00001e+06	674660	478982	738895	0
293T_TFF1_DNA_Pool-2_10A:80:G1:02	20	1.00001e+06	679431	552190	659503	0
293T_TFF1_DNA_Pool-2_10A:80:M4:10	44	1.00001e+06	0	452373	712564	0
293T_TFF1_DNA_Pool-2_10A:83:G0:06	20	1.00001e+06	0	811376	658192	328533
293T_TFF1_DNA_Pool-2_10A:84:E2:05	20	NA	440441	225952	10136	0
293T_TFF1_DNA_Pool-2_10A:84:M4:10	32	1.00001e+06	0	615902	770842	174922
293T_TFF1_DNA_Pool-2_10A:87:M4:02	37	1.00001e+06	0	916610	831036	182826
293T_TFF1_DNA_Pool-2_10A:88:54:04	20	1.00001e+06	1.05987e+06	664633	914951	372307
293T_TFF1_DNA_Pool-2_10A:91:C9:02	111	1.00001e+06	1.32945e+06	1.53727e+06	1.80067e+06	590750
293T_TFF1_DNA_Pool-2_10A:95:0K:11	31	1.00001e+06	0	497844	654704	1.38897e+06
293T_TFF1_DNA_Pool-2_10A:95:54:07	49	1.00001e+06	1.30061e+06	783790	806671	2.1451e+06
293T_TFF1_DNA_Pool-2_10A:95:E1:03	40	1.00001e+06	0	1.26722e+06	840679	58569.3
293T_TFF1_DNA_Pool-2_10A:95:F8:12	34	1.00001e+06	0	473825	802676	0
293T_TFF1_DNA_Pool-2_10A:95:K1:02	94	1.00001e+06	0	1.18118e+06	1.09974e+06	1.12741e+06
293T_TFF1_DNA_Pool-2_10A:95:S9:09	63	1.00001e+06	2.76317e+06	824469	963219	621980
293T_TFF1_DNA_Pool-2_10A:95:U6:07	25	1.00001e+06	2.41293e+06	917107	38941.4	1.96313e+06
293T_TFF1_DNA_Pool-2_10A:A4:54:04	24	1.00001e+06	1.6278e+06	1.37808e+06	885463	191857
293T_TFF1_DNA_Pool-2_10A:A7:17:05	97	1.00001e+06	0	2.28276e+06	739072	535115
293T_TFF1_DNA_Pool-2_10A:A7:B3:02	25	1.00001e+06	1.72557e+06	667481	789501	1.94409e+06
293T_TFF1_DNA_Pool-2_10A:A7:V0:05	43	1.00001e+06	0	1.03718e+06	992326	1.3699e+06
293T_TFF1_DNA_Pool-2_10A:A7:Z3:02	37	1.00001e+06	992486	882857	670896	4.76922e+06
293T_TFF1_DNA_Pool-2_10A:B1:O9:10	34	1.00001e+06	286388	422748	797429	0
293T_TFF1_DNA_Pool-2_10A:B1:T0:05	87	1.00001e+06	0	928855	835718	172611
293T_TFF1_DNA_Pool-2_10A:B2:G4:04	22	1.00001e+06	1.8481e+06	851984	745399	1.08092e+06
293T_TFF1_DNA_Pool-2_10A:B5:54:07	49	1.00001e+06	2.35283e+06	669016	836616	3.11608e+06
293T_TFF1_DNA_Pool-2_10A:B6:M4:07	54	1.00001e+06	0	915408	815735	536128
293T_TFF1_DNA_Pool-2_10A:C0:17:05	187	1.00001e+06	1.79511e+06	1.47764e+06	1.1152e+06	1.91e+06
293T_TFF1_DNA_Pool-2_10A:C8:H7:05	32	1.00001e+06	1.77881e+06	652499	758100	156770
293T_TFF1_DNA_Pool-2_10A:C8:T4:05	26	1.00001e+06	0	444145	656146	0
293T_TFF1_DNA_Pool-2_10A:D2:29:12	34	1.00001e+06	238131	455344	756277	107442
293T_TFF1_DNA_Pool-2_10A:D5:G0:06	26	1.00001e+06	125301	1.13502e+06	611171	2.24585e+06
293T_TFF1_DNA_Pool-2_10A:D5:Q8:07	52	1.00001e+06	1.69364e+06	564934	835337	165905
293T_TFF1_DNA_Pool-2_10A:D9:N8:08	21	1.00001e+06	0	465761	459721	200689
293T_TFF1_DNA_Pool-2_10A:E0:Z8:04	25	1.00001e+06	0	671982	813548	550651
293T_TFF1_DNA_Pool-2_10A:E3:A4:07	96	1.00001e+06	3.08897e+06	1.5626e+06	848860	1.34998e+06
293T_TFF1_DNA_Pool-2_10A:E3:J6:02	36	1.00001e+06	439619	965128	894484	277958
293T_TFF1_DNA_Pool-2_10A:E3:M0:02	125	1.00001e+06	0	1.6243e+06	1.03133e+06	1.13936e+06
293T_TFF1_DNA_Pool-2_10A:E4:B2:07	28	1.00001e+06	0	880371	828993	457421
293T_TFF1_DNA_Pool-2_10A:E4:G0:06	30	1.00001e+06	2.45158e+06	936654	814359	133227
293T_TFF1_DNA_Pool-2_10A:E7:X8:10	36	1.00001e+06	2.65554e+06	1.03234e+06	835500	546623
293T_TFF1_DNA_Pool-2_10A:F5:X3:05	43	1.00001e+06	2.01385e+06	769289	863888	493297
293T_TFF1_DNA_Pool-2_10A:G3:O1:02	26	1.00001e+06	1.86344e+06	917053	32694.9	0
293T_TFF1_DNA_Pool-2_10A:G8:50:07	50	1.00001e+06	961146	1.11398e+06	979697	438937
293T_TFF1_DNA_Pool-2_10A:G8:54:05	22	1.00001e+06	0	685786	637002	0
293T_TFF1_DNA_Pool-2_10A:G8:72:02	37	1.00001e+06	1.48606e+06	880282	1.07314e+06	0
293T_TFF1_DNA_Pool-2_10A:G8:E2:02	58	1.00001e+06	318147	640487	674587	1.23068e+06
293T_TFF1_DNA_Pool-2_10A:H1:G0:06	23	1.00001e+06	481218	766414	930106	1.08988e+06
293T_TFF1_DNA_Pool-2_10A:H2:O9:02	21	1.00001e+06	1.56784e+06	1.13528e+06	656097	4.71588e+06
293T_TFF1_DNA_Pool-2_10A:H6:O9:02	39	1.00001e+06	301261	1.28406e+06	786442	1.72207e+06
293T_TFF1_DNA_Pool-2_10A:H6:X8:08	20	1.00001e+06	2.10951e+06	594026	15242.4	398256
293T_TFF1_DNA_Pool-2_10A:H6:Y1:10	50	1.00001e+06	1.59321e+06	686822	798192	122379
293T_TFF1_DNA_Pool-2_10A:H6:Z2:02	60	1.00001e+06	0	1.19431e+06	795077	941397
293T_TFF1_DNA_Pool-2_10A:I0:54:12	21	NA	1.39009e+06	186398	789319	0
293T_TFF1_DNA_Pool-2_10A:I3:72:04	22	1.00001e+06	1.3307e+06	485781	795792	559132
293T_TFF1_DNA_Pool-2_10A:I7:O1:08	879	1.00001e+06	1.04364e+07	2.9919e+06	1.11231e+07	1.67996e+06
293T_TFF1_DNA_Pool-2_10A:I7:T0:05	78	1.00001e+06	2.11991e+06	605887	717086	276944
293T_TFF1_DNA_Pool-2_10A:I8:E9:04	123	1.00001e+06	0	1.4216e+06	794606	2.46947e+06
293T_TFF1_DNA_Pool-2_10A:J1:0R:04	23	1.00001e+06	0	458174	25234	0
293T_TFF1_DNA_Pool-2_10A:J1:58:08	29	1.00001e+06	0	749279	743478	819268
293T_TFF1_DNA_Pool-2_10A:J1:O9:02	52	1.00001e+06	2.265e+06	917472	729880	726900
293T_TFF1_DNA_Pool-2_10A:J2:E6:12	509	1.00001e+06	0	2.73431e+06	5.81383e+06	1.15036e+06
293T_TFF1_DNA_Pool-2_10A:J2:T4:02	26	1.00001e+06	0	556664	723317	515546
293T_TFF1_DNA_Pool-2_10A:J2:Y5:04	40	1.00001e+06	0	1.0557e+06	798941	4.47061e+06
293T_TFF1_DNA_Pool-2_10A:K7:L0:05	22	1.00001e+06	1.79794e+06	336826	19095.9	0
293T_TFF1_DNA_Pool-2_10A:K8:T2:08	30	1.00001e+06	203109	523788	703643	0
293T_TFF1_DNA_Pool-2_10A:K8:Z2:02	28	1.00001e+06	0	1.38837e+06	868361	1.011e+06
293T_TFF1_DNA_Pool-2_10A:L1:Z2:02	23	1.00001e+06	624467	523772	780313	9853.32
293T_TFF1_DNA_Pool-2_10A:L2:T4:05	27	1.00001e+06	0	1.04247e+06	920800	3.6144e+06
293T_TFF1_DNA_Pool-2_10A:L6:Z2:02	37	1.00001e+06	0	721608	728638	658044
293T_TFF1_DNA_Pool-2_10A:L9:C4:02	38	1.00001e+06	1.66272e+06	722821	721671	482723
293T_TFF1_DNA_Pool-2_10A:M0:J4:05	50	1.00001e+06	1.62437e+06	770023	727328	151554
293T_TFF1_DNA_Pool-2_10A:M0:M4:02	203	1.00001e+06	0	1.65862e+06	1.49975e+06	2.19435e+06
293T_TFF1_DNA_Pool-2_10A:M4:30:09	21	1.00001e+06	1.55035e+06	499662	576391	402973
293T_TFF1_DNA_Pool-2_10A:M4:K2:08	556	1.00001e+06	3.10588e+06	2.67928e+06	5.78108e+06	1.81022e+06
293T_TFF1_DNA_Pool-2_10A:M7:P0:07	23	1.00001e+06	167711	619799	939389	531763
293T_TFF1_DNA_Pool-2_10A:M8:58:11	20	NA	1.86172e+06	2.18544e+06	4.27747e+06	0
293T_TFF1_DNA_Pool-2_10A:M8:N8:07	168	1.00001e+06	0	1.49555e+06	822547	1.10639e+06
293T_TFF1_DNA_Pool-2_10A:N6:0W:02	180	1.00001e+06	0	1.40457e+06	1.39598e+06	529535
293T_TFF1_DNA_Pool-2_10A:N9:0K:02	128	1.00001e+06	5.14148e+06	1.6963e+06	1.28734e+06	1.44453e+06
293T_TFF1_DNA_Pool-2_10A:N9:A5:02	51	1.00001e+06	1.17534e+06	1.20826e+06	818859	536905
293T_TFF1_DNA_Pool-2_10A:N9:E9:10	29	1.00001e+06	1.73571e+06	646574	656438	461640
293T_TFF1_DNA_Pool-2_10A:N9:K1:02	63	1.00001e+06	2.08878e+06	1.07049e+06	848948	603872
293T_TFF1_DNA_Pool-2_10A:N9:N8:02	121	1.00001e+06	0	2.08762e+06	1.03376e+06	3.33108e+06
293T_TFF1_DNA_Pool-2_10A:N9:O5:02	36	1.00001e+06	1.74802e+06	598987	604395	399349
293T_TFF1_DNA_Pool-2_10A:N9:P4:09	24	1.00001e+06	0	672831	767326	3.73929e-14
293T_TFF1_DNA_Pool-2_10A:N9:R7:02	664	1.00001e+06	0	3.44224e+06	9.34342e+06	3.17854e+06
293T_TFF1_DNA_Pool-2_10A:N9:Z0:02	34	1.00001e+06	2.13365e+06	831362	635696	1.08581e+06
293T_TFF1_DNA_Pool-2_10A:O0:T4:05	25	1.00001e+06	1.07664e+06	797382	781452	868966
293T_TFF1_DNA_Pool-2_10A:O4:08:04	28	1.00001e+06	0	575401	750247	310482
293T_TFF1_DNA_Pool-2_10A:O7:0J:04	62	1.00001e+06	221711	1.05477e+06	784633	0
293T_TFF1_DNA_Pool-2_10A:O7:17:05	30	1.00001e+06	1.81631e+06	2.02268e+06	4.41878e+06	755260
293T_TFF1_DNA_Pool-2_10A:O7:G0:06	37	1.00001e+06	299193	1.01341e+06	787997	277900
293T_TFF1_DNA_Pool-2_10A:O7:Z2:02	67	1.00001e+06	0	1.46504e+06	1.34304e+06	1.72253e+06
293T_TFF1_DNA_Pool-2_10A:P1:77:08	26	1.00001e+06	733510	621222	660254	0
293T_TFF1_DNA_Pool-2_10A:P2:41:02	20	1.00001e+06	198608	436219	807061	380326
293T_TFF1_DNA_Pool-2_10A:P5:0J:04	55	1.00001e+06	221750	962699	636861	2.32352e+06
293T_TFF1_DNA_Pool-2_10A:P6:76:02	21	NA	1.36122e+06	255078	8333.89	0
293T_TFF1_DNA_Pool-2_10A:P6:R7:04	40	1.00001e+06	625524	666494	644586	425485
293T_TFF1_DNA_Pool-2_10A:P9:I0:10	364	1.00001e+06	981023	2.28901e+06	3.08617e+06	1.66662e+06
293T_TFF1_DNA_Pool-2_10A:Q0:G0:06	43	1.00001e+06	832393	929997	818586	731011
293T_TFF1_DNA_Pool-2_10A:Q0:M4:10	77	1.00001e+06	1.17596e+06	1.34416e+06	844645	1.40232e+06
293T_TFF1_DNA_Pool-2_10A:Q3:O9:02	37	1.00001e+06	0	374352	17922.5	213623
293T_TFF1_DNA_Pool-2_10A:Q7:O9:02	68	1.00001e+06	0	1.82484e+06	952605	3.00893e+06
293T_TFF1_DNA_Pool-2_10A:Q8:G0:02	47	1.00001e+06	0	562785	758233	393214
293T_TFF1_DNA_Pool-2_10A:Q8:O9:02	22	1.00001e+06	2.37723e+06	931117	765013	2.94794e+06
293T_TFF1_DNA_Pool-2_10A:Q8:T2:01	28	1.00001e+06	543635	799504	747188	400838
293T_TFF1_DNA_Pool-2_10A:R1:L8:05	124	1.00001e+06	251568	1.05407e+06	1.19844e+06	632200
293T_TFF1_DNA_Pool-2_10A:R1:P3:05	738	1.00001e+06	6.77494e+06	3.28284e+06	1.09824e+07	2.44783e+06
293T_TFF1_DNA_Pool-2_10A:R1:X7:10	36	1.00001e+06	0	863862	1.0046e+06	0
293T_TFF1_DNA_Pool-2_10A:R2:H8:02	22	1.00001e+06	161447	270801	761752	88206.1
293T_TFF1_DNA_Pool-2_10A:R6:0K:02	41	1.00001e+06	2.16368e+06	1.89485e+06	1.25761e+06	2.94605e+06
293T_TFF1_DNA_Pool-2_10A:R6:G0:06	37	1.00001e+06	1.902e+06	964928	688115	261832
293T_TFF1_DNA_Pool-2_10A:R6:Y5:04	475	1.00001e+06	4.25117e+06	2.67651e+06	5.61686e+06	1.62419e+06
293T_TFF1_DNA_Pool-2_10A:S0:Z2:02	35	1.00001e+06	0	628064	204951	245543
293T_TFF1_DNA_Pool-2_10A:S3:N8:08	242	1.00001e+06	4.63012e+06	1.74788e+06	1.1514e+06	263618
293T_TFF1_DNA_Pool-2_10A:S4:H0:04	21	1.00001e+06	685987	603367	726094	1.05846e+06
293T_TFF1_DNA_Pool-2_10A:S7:65:12	23	1.00001e+06	1.64136e+06	713581	646639	535622
293T_TFF1_DNA_Pool-2_10A:S7:72:04	52	1.00001e+06	0	664794	769634	1.40008e+06
293T_TFF1_DNA_Pool-2_10A:S7:F3:02	159	1.00001e+06	1.48696e+06	2.35139e+06	1.6664e+06	2.63439e+06
293T_TFF1_DNA_Pool-2_10A:S7:G1:08	51	1.00001e+06	0	712190	846944	855869
293T_TFF1_DNA_Pool-2_10A:S7:H0:12	83	1.00001e+06	1.23471e+06	1.40137e+06	1.08843e+06	1.23596e+06
293T_TFF1_DNA_Pool-2_10A:S7:H2:10	94	1.00001e+06	0	1.305e+06	969499	946328
293T_TFF1_DNA_Pool-2_10A:S7:H2:12	161	1.00001e+06	1.06556e+06	1.67178e+06	1.14064e+06	807670
293T_TFF1_DNA_Pool-2_10A:S7:J3:02	43	1.00001e+06	0	806234	628664	631564
293T_TFF1_DNA_Pool-2_10A:S7:K1:08	82	1.00001e+06	0	1.22357e+06	1.06914e+06	253805
293T_TFF1_DNA_Pool-2_10A:S7:M4:02	144	1.00001e+06	0	1.64815e+06	1.33091e+06	907922
293T_TFF1_DNA_Pool-2_10A:S7:O9:02	95	1.00001e+06	1.41222e+06	1.24439e+06	873512	673888
293T_TFF1_DNA_Pool-2_10A:S8:E6:08	33	1.00001e+06	1.87607e+06	500105	589884	795720
293T_TFF1_DNA_Pool-2_10A:T5:Y2:05	31	1.00001e+06	1.57003e+06	971525	984523	839125
293T_TFF1_DNA_Pool-2_10A:U0:G0:06	33	1.00001e+06	1.94916e+06	887626	774519	894028
293T_TFF1_DNA_Pool-2_10A:U3:E8:02	40	1.00001e+06	0	943738	853721	593927
293T_TFF1_DNA_Pool-2_10A:U4:M0:02	51	1.00001e+06	1.84732e+06	1.01949e+06	764969	994574
293T_TFF1_DNA_Pool-2_10A:U7:M8:07	25	1.00001e+06	221701	952906	675893	697622
293T_TFF1_DNA_Pool-2_10A:V2:54:08	25	1.00001e+06	0	995862	774128	924411
293T_TFF1_DNA_Pool-2_10A:V2:E2:02	22	1.00001e+06	443742	706320	239331	295775
293T_TFF1_DNA_Pool-2_10A:V5:A4:02	57	1.00001e+06	2.03572e+06	914587	735690	840780
293T_TFF1_DNA_Pool-2_10A:V6:98:02	31	1.00001e+06	2.06866e+06	836304	810813	415879
293T_TFF1_DNA_Pool-2_10A:V6:F3:02	36	1.00001e+06	0	743773	692408	514967
293T_TFF1_DNA_Pool-2_10A:V6:F8:04	21	1.00001e+06	0	231463	778005	355605
293T_TFF1_DNA_Pool-2_10A:V6:J0:04	25	1.00001e+06	0	636408	687491	0
293T_TFF1_DNA_Pool-2_10A:V9:50:08	20	1.00001e+06	0	414789	751593	867346
293T_TFF1_DNA_Pool-2_10A:V9:C4:10	468	1.00001e+06	0	2.6718e+06	4.8033e+06	2.78924e+06
293T_TFF1_DNA_Pool-2_10A:V9:F2:07	1177	1.00001e+06	0	3.81515e+06	1.2e+07	2.41569e+06
293T_TFF1_DNA_Pool-2_10A:V9:T8:08	27	1.00001e+06	0	775134	730088	106951
293T_TFF1_DNA_Pool-2_10A:W4:Z2:02	26	1.00001e+06	0	1.34569e+06	870466	684486
293T_TFF1_DNA_Pool-2_10A:W8:B2:07	30	1.00001e+06	2.211e+06	847367	697301	801859
293T_TFF1_DNA_Pool-2_10A:X1:Y2:07	31	1.00001e+06	1.18931e+06	796650	842159	577682
293T_TFF1_DNA_Pool-2_10A:X2:Y2:08	23	1.00001e+06	0	954766	853244	260371
293T_TFF1_DNA_Pool-2_10A:X5:30:09	121	1.00001e+06	0	1.85139e+06	814196	1.48172e+06
293T_TFF1_DNA_Pool-2_10A:X5:30:12	28	1.00001e+06	1.61549e+06	556375	839795	732774
293T_TFF1_DNA_Pool-2_10A:X5:93:04	217	1.00001e+06	0	1.55886e+06	2.29557e+06	1.50472e+06
293T_TFF1_DNA_Pool-2_10A:X5:B2:07	384	1.00001e+06	5.55363e+06	2.61916e+06	5.77426e+06	1.67505e+06
293T_TFF1_DNA_Pool-2_10A:X5:E2:02	247	1.00001e+06	0	1.69743e+06	1.04487e+06	552562
293T_TFF1_DNA_Pool-2_10A:X5:J3:02	76	1.00001e+06	0	599908	635486	506683
293T_TFF1_DNA_Pool-2_10A:X5:N8:02	136	1.00001e+06	0	1.73666e+06	1.27707e+06	2.65454e+06
293T_TFF1_DNA_Pool-2_10A:X5:P8:02	72	1.00001e+06	564167	947300	786335	1.9428e+06
293T_TFF1_DNA_Pool-2_10A:X5:S5:02	99	1.00001e+06	1.42815e+06	1.61952e+06	777521	2.48503e+06
293T_TFF1_DNA_Pool-2_10A:X5:X7:02	1689	1.00001e+06	2.35895e+07	4.36411e+06	1.30392e+07	4.19023e+06
293T_TFF1_DNA_Pool-2_10A:X5:Z2:02	281	1.00001e+06	0	2.12147e+06	1.69264e+06	3.10399e+06
293T_TFF1_DNA_Pool-2_10A:X5:Z6:02	149	1.00001e+06	0	1.15999e+06	747553	1.17541e+06
293T_TFF1_DNA_Pool-2_10A:X6:G0:06	41	1.00001e+06	2.19883e+06	554410	762459	326300
293T_TFF1_DNA_Pool-2_10A:X9:B2:07	29	1.00001e+06	0	379387	776175	0
293T_TFF1_DNA_Pool-2_10A:Y3:E2:12	197	1.00001e+06	0	2.07572e+06	2.3718e+06	2.00557e+06
293T_TFF1_DNA_Pool-2_10A:Y3:F3:04	53	1.00001e+06	923041	1.21122e+06	1.10447e+06	496101
293T_TFF1_DNA_Pool-2_10A:Y4:Q5:08	38	1.00001e+06	0	285274	504518	1.70891e-31
293T_TFF1_DNA_Pool-2_10A:Y8:T0:12	27	1.00001e+06	1.85548e+06	673525	637428	351112
293T_TFF1_DNA_Pool-2_10A:Y8:Z2:02	29	1.00001e+06	1.4147e+06	689479	810544	103179
293T_TFF1_DNA_Pool-2_11H:0X:0N:04	20	1.00001e+06	0	510892	841175	20679.2
293T_TFF1_DNA_Pool-2_11H:0X:S5:02	36	1.00001e+06	1.1085e+06	711959	714938	775710
293T_TFF1_DNA_Pool-2_11H:24:F6:01	22	1.00001e+06	1.24229e+06	748433	815536	617130
293T_TFF1_DNA_Pool-2_11H:43:E2:11	20	1.00001e+06	754886	587953	691064	551565
293T_TFF1_DNA_Pool-2_11H:63:P0:01	56	1.00001e+06	0	512532	864923	869399
293T_TFF1_DNA_Pool-2_11H:68:0I:11	24	1.00001e+06	1.89788e+06	599965	837008	23686.1
293T_TFF1_DNA_Pool-2_11H:72:X7:03	24	1.00001e+06	0	1.8516e+06	2.0071e+06	1.61635e+06
293T_TFF1_DNA_Pool-2_11H:A4:F3:10	28	1.00001e+06	0	817801	760703	1.31284e+06
293T_TFF1_DNA_Pool-2_11H:D9:P0:01	37	1.00001e+06	0	483828	769416	153520
293T_TFF1_DNA_Pool-2_11H:E3:0W:11	54	1.00001e+06	0	745540	743548	371220
293T_TFF1_DNA_Pool-2_11H:E3:N8:08	40	1.00001e+06	609040	663212	782209	273118
293T_TFF1_DNA_Pool-2_11H:E3:T8:06	22	1.00001e+06	0	722394	797550	0
293T_TFF1_DNA_Pool-2_11H:I4:J3:02	24	1.00001e+06	1.79223e+06	693966	887641	536851
293T_TFF1_DNA_Pool-2_11H:L6:17:08	40	1.00001e+06	1.69759e+06	895313	811027	922992
293T_TFF1_DNA_Pool-2_11H:M4:Y6:10	24	1.00001e+06	0	599118	789575	5.75469e+06
293T_TFF1_DNA_Pool-2_11H:N2:93:07	394	1.00001e+06	0	1.9301e+06	3.57961e+06	881308
293T_TFF1_DNA_Pool-2_11H:N9:0N:04	28	1.00001e+06	1.73746e+06	460095	797990	0
293T_TFF1_DNA_Pool-2_11H:N9:98:09	42	1.00001e+06	0	1.83029e+06	1.10901e+06	127674
293T_TFF1_DNA_Pool-2_11H:O3:20:01	32	1.00001e+06	3.10353e+06	1.4263e+06	739902	1.22572e+06
293T_TFF1_DNA_Pool-2_11H:O7:O6:02	23	1.00001e+06	0	518543	739903	0
293T_TFF1_DNA_Pool-2_11H:Q8:0V:10	29	1.00001e+06	0	509321	781461	1.08856e+06
293T_TFF1_DNA_Pool-2_11H:S7:77:10	84	1.00001e+06	2.15167e+06	824481	702887	445808
293T_TFF1_DNA_Pool-2_11H:S8:0F:01	34	1.00001e+06	1.35788e+06	308652	523826	383561
293T_TFF1_DNA_Pool-2_11H:S8:X8:03	31	1.00001e+06	115819	406690	778191	230518
293T_TFF1_DNA_Pool-2_11H:X1:54:10	21	1.00001e+06	1.12639e+06	585820	649453	472183
293T_TFF1_DNA_Pool-2_11H:X5:0N:04	28	1.00001e+06	180287	1.06473e+06	655565	259175
293T_TFF1_DNA_Pool-2_11H:X5:B2:03	284	1.00001e+06	2.75831e+06	2.12201e+06	1.83803e+06	1.33552e+06
293T_TFF1_DNA_Pool-2_11H:X5:S5:02	46	1.00001e+06	116314	718968	819663	220781
293T_TFF1_DNA_Pool-2_11H:Z2:Y1:11	24	1.00001e+06	0	522369	772523	0
293T_TFF1_DNA_Pool-2_11G:0H:T8:07	20	1.00001e+06	1.37734e+06	639764	737932	0
293T_TFF1_DNA_Pool-2_11G:0U:54:01	63	1.00001e+06	0	1.25168e+06	748537	1.16836e+06
293T_TFF1_DNA_Pool-2_11G:0X:25:02	44	1.00001e+06	0	595683	814996	670808
293T_TFF1_DNA_Pool-2_11G:0X:A6:07	24	1.00001e+06	286159	417928	704652	951634
293T_TFF1_DNA_Pool-2_11G:0X:H6:01	112	1.00001e+06	0	1.35901e+06	1.4497e+06	703446
293T_TFF1_DNA_Pool-2_11G:0X:S5:02	70	1.00001e+06	2.08238e+06	964559	862711	0
293T_TFF1_DNA_Pool-2_11G:0Y:G0:06	23	1.00001e+06	0	1.16538e+06	853747	4.85619e+06
293T_TFF1_DNA_Pool-2_11G:11:94:02	21	1.00001e+06	0	1.43333e+06	854373	0
293T_TFF1_DNA_Pool-2_11G:11:Y1:04	25	1.00001e+06	2.51914e+06	506946	13430.8	955361
293T_TFF1_DNA_Pool-2_11G:15:L0:01	27	1.00001e+06	305731	676183	827081	460295
293T_TFF1_DNA_Pool-2_11G:24:K6:02	20	1.00001e+06	0	376759	738191	333690
293T_TFF1_DNA_Pool-2_11G:39:54:07	42	1.00001e+06	1.73553e+06	1.07225e+06	640791	1.39428e+06
293T_TFF1_DNA_Pool-2_11G:39:S5:02	24	1.00001e+06	0	860606	752202	3.9933e+06
293T_TFF1_DNA_Pool-2_11G:39:T0:03	37	1.00001e+06	1.4438e+06	478984	599720	644417
293T_TFF1_DNA_Pool-2_11G:44:Z6:01	24	1.00001e+06	426578	521724	10402.6	156913
293T_TFF1_DNA_Pool-2_11G:47:P0:01	289	1.00001e+06	0	2.31519e+06	1.75029e+06	2.68484e+06
293T_TFF1_DNA_Pool-2_11G:47:T8:06	21	1.00001e+06	1.79534e+06	401525	13139.4	286142
293T_TFF1_DNA_Pool-2_11G:51:G2:03	59	1.00001e+06	2.09937e+06	582777	182448	291064
293T_TFF1_DNA_Pool-2_11G:51:O2:01	51	1.00001e+06	0	430935	17327.4	0
293T_TFF1_DNA_Pool-2_11G:52:P8:10	30	1.00001e+06	176834	1.01154e+06	598098	0
293T_TFF1_DNA_Pool-2_11G:60:M8:01	31	1.00001e+06	0	900328	766756	1.29912e+06
293T_TFF1_DNA_Pool-2_11G:63:0O:01	20	1.00001e+06	0	619293	561500	6.09434e+06
293T_TFF1_DNA_Pool-2_11G:63:P0:01	42	1.00001e+06	1.50112e+06	1.17424e+06	970260	2.08832e+06
293T_TFF1_DNA_Pool-2_11G:63:T4:01	30	1.00001e+06	0	556396	757956	190130
293T_TFF1_DNA_Pool-2_11G:64:M8:01	32	1.00001e+06	2.2724e+06	1.07204e+06	985294	916643
293T_TFF1_DNA_Pool-2_11G:72:X7:03	62	1.00001e+06	1.07716e+06	1.49617e+06	1.86118e+06	1.19933e+06
293T_TFF1_DNA_Pool-2_11G:76:E2:01	41	1.00001e+06	2.66412e+06	706937	940801	867717
293T_TFF1_DNA_Pool-2_11G:91:F8:01	28	1.00001e+06	1.8735e+06	1.75667e+06	1.01303e+06	2.62172e+06
293T_TFF1_DNA_Pool-2_11G:92:54:01	36	1.00001e+06	0	958198	944926	463889
293T_TFF1_DNA_Pool-2_11G:92:F2:01	29	1.00001e+06	0	805373	693006	672318
293T_TFF1_DNA_Pool-2_11G:95:L0:05	28	1.00001e+06	0	496657	934174	734715
293T_TFF1_DNA_Pool-2_11G:95:Q0:06	36	1.00001e+06	114312	526361	533899	50168.3
293T_TFF1_DNA_Pool-2_11G:A3:M4:11	34	1.00001e+06	2.03257e+06	543003	769295	711606
293T_TFF1_DNA_Pool-2_11G:A4:78:07	80	1.00001e+06	0	4.6245e+06	2.67357e+06	423919
293T_TFF1_DNA_Pool-2_11G:A7:B2:03	21	1.00001e+06	1.73134e+06	914669	819209	406760
293T_TFF1_DNA_Pool-2_11G:B1:J0:06	33	1.00001e+06	0	679094	764282	239094
293T_TFF1_DNA_Pool-2_11G:B2:D3:01	31	1.00001e+06	648685	1.31736e+06	773011	344641
293T_TFF1_DNA_Pool-2_11G:B6:46:01	46	1.00001e+06	1.31569e+06	713616	828685	2.52779e+06
293T_TFF1_DNA_Pool-2_11G:E3:G0:06	33	1.00001e+06	1.35777e+06	582700	818290	603009
293T_TFF1_DNA_Pool-2_11G:E3:S5:02	37	1.00001e+06	0	1.12925e+06	893080	3.17088e+06
293T_TFF1_DNA_Pool-2_11G:E4:Z6:01	57	1.00001e+06	0	933230	761470	0
293T_TFF1_DNA_Pool-2_11G:H5:98:01	42	1.00001e+06	1.23591e+06	1.96554e+06	1.24117e+06	1.38631e+06
293T_TFF1_DNA_Pool-2_11G:J1:G0:06	36	1.00001e+06	1.71491e+06	486375	738694	975563
293T_TFF1_DNA_Pool-2_11G:J1:P0:11	52	1.00001e+06	0	826270	630752	1.07866e+06
293T_TFF1_DNA_Pool-2_11G:J1:U5:06	25	1.00001e+06	0	519293	806635	685030
293T_TFF1_DNA_Pool-2_11G:J9:O5:03	39	1.00001e+06	1.83103e+06	876285	695764	518269
293T_TFF1_DNA_Pool-2_11G:J9:S9:01	33	1.00001e+06	291048	890593	778828	3.92965e+06
293T_TFF1_DNA_Pool-2_11G:K7:61:01	31	1.00001e+06	1.58286e+06	390441	631930	107932
293T_TFF1_DNA_Pool-2_11G:M3:06:03	21	1.00001e+06	0	384308	962177	0
293T_TFF1_DNA_Pool-2_11G:M4:O6:02	42	1.00001e+06	2.12673e+06	827706	866230	833423
293T_TFF1_DNA_Pool-2_11G:N1:S9:04	29	1.00001e+06	0	408908	672531	49228.8
293T_TFF1_DNA_Pool-2_11G:N9:98:09	39	1.00001e+06	1.38175e+06	948673	797935	501242
293T_TFF1_DNA_Pool-2_11G:N9:E9:01	55	1.00001e+06	0	530205	712748	108663
293T_TFF1_DNA_Pool-2_11G:N9:H6:03	46	1.00001e+06	1.57439e+06	646507	788081	372887
293T_TFF1_DNA_Pool-2_11G:N9:J8:07	54	1.00001e+06	353006	1.03245e+06	854369	521045
293T_TFF1_DNA_Pool-2_11G:N9:L0:05	26	1.00001e+06	0	951873	55726.1	2.63952e+06
293T_TFF1_DNA_Pool-2_11G:N9:N0:01	139	1.00001e+06	0	2.29644e+06	1.128e+06	1.41576e+06
293T_TFF1_DNA_Pool-2_11G:O3:17:01	22	1.00001e+06	0	422149	669856	469542
293T_TFF1_DNA_Pool-2_11G:O7:P4:01	23	NA	1.58252e+06	205807	502881	170297
293T_TFF1_DNA_Pool-2_11G:P2:54:01	33	1.00001e+06	0	661075	773101	1.46879e+06
293T_TFF1_DNA_Pool-2_11G:P9:U5:01	20	1.00001e+06	239256	700590	850200	965457
293T_TFF1_DNA_Pool-2_11G:Q4:U1:06	23	NA	1.68976e+06	588854	705547	1.73625e+06
293T_TFF1_DNA_Pool-2_11G:S0:S5:02	28	1.00001e+06	2.89478e+06	851326	933680	1.0831e+06
293T_TFF1_DNA_Pool-2_11G:S7:45:11	32	1.00001e+06	0	903820	797401	297162
293T_TFF1_DNA_Pool-2_11G:S7:D3:01	61	1.00001e+06	2.52706e+06	1.20882e+06	809526	1.251e+06
293T_TFF1_DNA_Pool-2_11G:S7:D3:06	21	1.00001e+06	1.69817e+06	607251	289277	993945
293T_TFF1_DNA_Pool-2_11G:S7:G0:06	29	1.00001e+06	2.22835e+06	724947	774296	195061
293T_TFF1_DNA_Pool-2_11G:S7:K5:09	23	1.00001e+06	123679	779809	790960	862027
293T_TFF1_DNA_Pool-2_11G:S8:0F:01	49	1.00001e+06	2.01605e+06	934511	776766	59848.2
293T_TFF1_DNA_Pool-2_11G:S8:G4:01	84	1.00001e+06	363412	1.64122e+06	868978	1.01769e+06
293T_TFF1_DNA_Pool-2_11G:S8:O2:01	71	1.00001e+06	0	1.98513e+06	806172	2.54663e+06
293T_TFF1_DNA_Pool-2_11G:T5:F2:01	24	1.00001e+06	1.39404e+06	1.05571e+06	796889	0
293T_TFF1_DNA_Pool-2_11G:U0:93:02	27	1.00001e+06	216271	860249	719315	544891
293T_TFF1_DNA_Pool-2_11G:U3:D3:01	24	1.00001e+06	1.59541e+06	559367	702072	275377
293T_TFF1_DNA_Pool-2_11G:V1:N8:02	28	1.00001e+06	1.62911e+06	329784	516149	425304
293T_TFF1_DNA_Pool-2_11G:V1:W2:02	38	1.00001e+06	612843	1.04252e+06	1.01758e+06	819105
293T_TFF1_DNA_Pool-2_11G:V6:45:01	22	1.00001e+06	1.72523e+06	944411	694718	1.21672e+06
293T_TFF1_DNA_Pool-2_11G:X2:F3:01	59	1.00001e+06	0	737977	877720	1.75146e+06
293T_TFF1_DNA_Pool-2_11G:X5:0N:04	29	1.00001e+06	0	1.01917e+06	794407	3.33434e+06
293T_TFF1_DNA_Pool-2_11G:X5:25:06	25	1.00001e+06	2.27804e+06	580659	235558	874904
293T_TFF1_DNA_Pool-2_11G:X5:G0:06	42	1.00001e+06	2.46865e+06	843713	770504	472314
293T_TFF1_DNA_Pool-2_11G:X5:N0:07	31	1.00001e+06	103122	426620	203861	111343
293T_TFF1_DNA_Pool-2_11G:X5:S5:02	73	1.00001e+06	450510	1.06217e+06	796203	316198
293T_TFF1_DNA_Pool-2_11G:X5:T8:05	91	1.00001e+06	2.03928e+06	995202	1.3602e+06	214020
293T_TFF1_DNA_Pool-2_11G:X5:X0:09	20	1.00001e+06	1.87267e+06	632083	642215	475778
293T_TFF1_DNA_Pool-2_11G:X6:D3:01	36	1.00001e+06	1.11704e+06	695427	871711	159095
293T_TFF1_DNA_Pool-2_11G:Y0:J3:01	42	1.00001e+06	2.27377e+06	972313	632553	684214
293T_TFF1_DNA_Pool-2_11G:Y8:98:01	1392	1.00001e+06	1.14918e+07	4.23655e+06	1.30642e+07	3.45704e+06
293T_TFF1_DNA_Pool-2_11F:08:02:10	31	1.00001e+06	686862	2.00918e+06	3.99295e+06	11982
293T_TFF1_DNA_Pool-2_11F:0I:Q5:01	26	1.00001e+06	2.2782e+06	1.04271e+06	759249	3.80316e+06
293T_TFF1_DNA_Pool-2_11F:0X:0N:04	36	1.00001e+06	1.86378e+06	555561	781703	52934.7
293T_TFF1_DNA_Pool-2_11F:0X:C4:01	65	1.00001e+06	0	908189	765048	1.09286e+06
293T_TFF1_DNA_Pool-2_11F:0X:N3:01	85	1.00001e+06	574760	1.14457e+06	1.0892e+06	1.7011e+06
293T_TFF1_DNA_Pool-2_11F:0X:S5:02	47	1.00001e+06	762672	447719	696598	878827
293T_TFF1_DNA_Pool-2_11F:0Y:56:04	36	1.00001e+06	0	398438	772374	151739
293T_TFF1_DNA_Pool-2_11F:0Y:B6:04	45	1.00001e+06	0	913355	795248	483857
293T_TFF1_DNA_Pool-2_11F:12:56:01	109	1.00001e+06	0	1.34751e+06	740395	666153
293T_TFF1_DNA_Pool-2_11F:35:54:01	46	1.00001e+06	1.08491e+06	906664	570080	538090
293T_TFF1_DNA_Pool-2_11F:39:76:05	42	1.00001e+06	2.69227e+06	2.40031e+06	896829	311109
293T_TFF1_DNA_Pool-2_11F:43:E1:01	168	1.00001e+06	0	1.942e+06	1.2883e+06	851408
293T_TFF1_DNA_Pool-2_11F:47:08:07	46	1.00001e+06	2.42763e+06	874404	845781	453907
293T_TFF1_DNA_Pool-2_11F:63:D7:03	26	1.00001e+06	1.6569e+06	350978	15637.3	0
293T_TFF1_DNA_Pool-2_11F:63:P0:01	21	1.00001e+06	0	936671	740319	665655
293T_TFF1_DNA_Pool-2_11F:72:X7:03	67	1.00001e+06	330132	999657	2.83437e+06	629223
293T_TFF1_DNA_Pool-2_11F:76:T4:06	28	1.00001e+06	1.69766e+06	585896	747382	648377
293T_TFF1_DNA_Pool-2_11F:79:13:01	230	1.00001e+06	0	1.86834e+06	2.21076e+06	1.97079e+06
293T_TFF1_DNA_Pool-2_11F:91:54:01	69	1.00001e+06	1.43958e+06	1.67224e+06	721357	242229
293T_TFF1_DNA_Pool-2_11F:91:F3:12	156	1.00001e+06	0	1.97114e+06	786497	1.16268e+06
293T_TFF1_DNA_Pool-2_11F:91:J3:01	22	1.00001e+06	2.06141e+06	922675	831464	2.43023e+06
293T_TFF1_DNA_Pool-2_11F:95:H2:01	62	1.00001e+06	663151	1.07263e+06	751762	2.59161e+06
293T_TFF1_DNA_Pool-2_11F:95:X7:07	132	1.00001e+06	0	1.01956e+06	875945	1.25779e+06
293T_TFF1_DNA_Pool-2_11F:A3:J6:01	22	1.00001e+06	372544	489840	8622.21	610950
293T_TFF1_DNA_Pool-2_11F:A4:D7:04	26	1.00001e+06	835769	885417	742005	976173
293T_TFF1_DNA_Pool-2_11F:A4:K2:01	66	1.00001e+06	887205	980551	801496	3.45283e+06
293T_TFF1_DNA_Pool-2_11F:A7:0N:04	23	1.00001e+06	0	709355	15317.6	4.35059e+06
293T_TFF1_DNA_Pool-2_11F:B5:29:01	21	1.00001e+06	1.59871e+06	283575	8202.19	0
293T_TFF1_DNA_Pool-2_11F:C4:A4:07	62	1.00001e+06	0	932845	852382	1.90278e+06
293T_TFF1_DNA_Pool-2_11F:C8:B6:01	125	1.00001e+06	1.8624e+06	1.8043e+06	1.33947e+06	977773
293T_TFF1_DNA_Pool-2_11F:D6:B6:01	65	1.00001e+06	1.59304e+06	591868	878809	271120
293T_TFF1_DNA_Pool-2_11F:E3:46:05	47	1.00001e+06	1.6259e+06	664437	717381	124682
293T_TFF1_DNA_Pool-2_11F:E3:O2:07	78	1.00001e+06	1.1086e+06	1.12313e+06	848076	752957
293T_TFF1_DNA_Pool-2_11F:F1:94:02	25	1.00001e+06	0	390090	634502	165724
293T_TFF1_DNA_Pool-2_11F:F1:H0:07	31	1.00001e+06	0	638137	628537	241810
293T_TFF1_DNA_Pool-2_11F:F6:X8:01	46	1.00001e+06	1.74565e+06	1.26395e+06	971082	2.52744e+06
293T_TFF1_DNA_Pool-2_11F:G3:X0:01	35	1.00001e+06	732353	585992	797637	1.76828e+06
293T_TFF1_DNA_Pool-2_11F:H1:A2:01	34	1.00001e+06	0	788758	808116	605075
293T_TFF1_DNA_Pool-2_11F:H2:Y6:10	31	1.00001e+06	2.08863e+06	753704	762257	467397
293T_TFF1_DNA_Pool-2_11F:H6:P4:07	139	1.00001e+06	0	2.30007e+06	1.87466e+06	4.24927e+06
293T_TFF1_DNA_Pool-2_11F:I3:93:07	33	1.00001e+06	1.87256e+06	542450	242227	86590.7
293T_TFF1_DNA_Pool-2_11F:I8:A4:07	95	1.00001e+06	1.64434e+06	1.42102e+06	1.15012e+06	2.13597e+06
293T_TFF1_DNA_Pool-2_11F:I8:J0:01	85	1.00001e+06	0	1.14427e+06	639097	3.54398e+06
293T_TFF1_DNA_Pool-2_11F:J1:B2:03	50	1.00001e+06	753749	1.13687e+06	763899	1.52423e+06
293T_TFF1_DNA_Pool-2_11F:J1:H7:01	58	1.00001e+06	3.65584e+06	1.17275e+06	782686	1.66737e+06
293T_TFF1_DNA_Pool-2_11F:J1:Y6:01	168	1.00001e+06	0	1.63331e+06	1.11746e+06	1.18862e+06
293T_TFF1_DNA_Pool-2_11F:L6:45:01	28	1.00001e+06	587420	689423	815947	328074
293T_TFF1_DNA_Pool-2_11F:M7:54:07	44	1.00001e+06	3.29726e+06	1.08953e+06	831226	3.53144e+06
293T_TFF1_DNA_Pool-2_11F:N9:98:09	112	1.00001e+06	1.24515e+06	1.1628e+06	830569	3.09755e+06
293T_TFF1_DNA_Pool-2_11F:N9:Y5:04	56	1.00001e+06	343393	1.64178e+06	798800	1.79096e+06
293T_TFF1_DNA_Pool-2_11F:O3:Q0:01	80	1.00001e+06	473854	833525	868468	1.09275e+06
293T_TFF1_DNA_Pool-2_11F:O8:K1:01	29	1.00001e+06	1.84977e+06	897243	735905	3.98805e+06
293T_TFF1_DNA_Pool-2_11F:R1:14:01	76	1.00001e+06	2.44319e+06	1.05133e+06	762736	395091
293T_TFF1_DNA_Pool-2_11F:R1:94:11	29	1.00001e+06	0	617462	825105	714505
293T_TFF1_DNA_Pool-2_11F:R1:F2:01	63	1.00001e+06	0	938768	711591	233331
293T_TFF1_DNA_Pool-2_11F:R1:L6:07	37	1.00001e+06	1.13078e+06	1.01823e+06	641268	59280.4
293T_TFF1_DNA_Pool-2_11F:R2:T4:01	40	1.00001e+06	0	748139	805630	270880
293T_TFF1_DNA_Pool-2_11F:R6:Y2:01	67	1.00001e+06	0	1.31684e+06	883766	1.68544e+06
293T_TFF1_DNA_Pool-2_11F:S4:N8:01	27	1.00001e+06	0	850910	816264	516680
293T_TFF1_DNA_Pool-2_11F:S7:B6:01	5533	1.00001e+06	1.91909e+07	6.80759e+06	8.21984e+06	5.28977e+06
293T_TFF1_DNA_Pool-2_11F:S7:Z8:05	47	1.00001e+06	2.13381e+06	765224	874164	603449
293T_TFF1_DNA_Pool-2_11F:S8:E2:01	133	1.00001e+06	0	1.115e+06	1.03725e+06	750783
293T_TFF1_DNA_Pool-2_11F:S8:E9:09	24	1.00001e+06	0	883104	207248	1.58427e+06
293T_TFF1_DNA_Pool-2_11F:S8:Y5:01	60	1.00001e+06	1.02139e+06	889374	786366	1.47919e+06
293T_TFF1_DNA_Pool-2_11F:T5:P0:01	21	1.00001e+06	443924	1.08102e+06	166055	134052
293T_TFF1_DNA_Pool-2_11F:U8:0I:01	37	1.00001e+06	1.03679e+06	794765	750630	676412
293T_TFF1_DNA_Pool-2_11F:V6:0F:01	33	1.00001e+06	0	675334	786600	214360
293T_TFF1_DNA_Pool-2_11F:V9:E2:01	131	1.00001e+06	2.10981e+06	1.67248e+06	1.85562e+06	1.21903e+06
293T_TFF1_DNA_Pool-2_11F:X5:02:04	134	1.00001e+06	447731	1.61206e+06	1.2018e+06	1.11058e+06
293T_TFF1_DNA_Pool-2_11F:X5:0N:04	26	1.00001e+06	1.46974e+06	700642	786685	0
293T_TFF1_DNA_Pool-2_11F:X5:93:12	78	1.00001e+06	826305	881156	1.08353e+06	1.38788e+06
293T_TFF1_DNA_Pool-2_11F:X5:B8:08	127	1.00001e+06	1.83031e+06	1.4681e+06	858497	2.96172e+06
293T_TFF1_DNA_Pool-2_11F:X5:C8:04	66	1.00001e+06	0	1.19249e+06	935946	531751
293T_TFF1_DNA_Pool-2_11F:X5:F3:01	191	1.00001e+06	0	1.80109e+06	1.47822e+06	616762
293T_TFF1_DNA_Pool-2_11F:X5:J6:05	166	1.00001e+06	0	1.54757e+06	1.33931e+06	2.28193e+06
293T_TFF1_DNA_Pool-2_11F:Y4:Y6:01	29	1.00001e+06	1.91246e+06	633632	627052	165166
293T_TFF1_DNA_Pool-2_11F:Z5:T7:01	40	1.00001e+06	2.03653e+06	639893	779168	221507
293T_TFF1_DNA_Pool-2_11E:0T:M4:11	22	1.00001e+06	1.59631e+06	1.71572e+06	851185	714584
293T_TFF1_DNA_Pool-2_11E:0X:17:07	177	1.00001e+06	0	1.80548e+06	1.05534e+06	899245
293T_TFF1_DNA_Pool-2_11E:0X:25:06	25	1.00001e+06	1.87001e+06	702829	748741	113412
293T_TFF1_DNA_Pool-2_11E:0X:58:05	56	1.00001e+06	260365	737055	791120	244180
293T_TFF1_DNA_Pool-2_11E:0X:G0:06	92	1.00001e+06	1.8438e+06	927310	721351	675524
293T_TFF1_DNA_Pool-2_11E:0X:Q0:10	153	1.00001e+06	1.48312e+06	1.93599e+06	1.22414e+06	2.71787e+06
293T_TFF1_DNA_Pool-2_11E:0Y:0N:04	45	1.00001e+06	2.22512e+06	802737	994023	361622
293T_TFF1_DNA_Pool-2_11E:15:S5:02	29	1.00001e+06	0	883367	749292	873246
293T_TFF1_DNA_Pool-2_11E:16:97:09	29	1.00001e+06	0	909490	786864	296829
293T_TFF1_DNA_Pool-2_11E:39:54:09	34	1.00001e+06	0	1.19066e+06	880668	0
293T_TFF1_DNA_Pool-2_11E:39:I0:10	34	1.00001e+06	0	686272	681092	437436
293T_TFF1_DNA_Pool-2_11E:40:F3:01	76	1.00001e+06	0	1.41643e+06	814925	1.35673e+06
293T_TFF1_DNA_Pool-2_11E:47:0N:04	32	1.00001e+06	1.34522e+06	951278	800958	605115
293T_TFF1_DNA_Pool-2_11E:47:54:10	100	1.00001e+06	2.02347e+06	717820	764902	530705
293T_TFF1_DNA_Pool-2_11E:63:P0:01	29	1.00001e+06	0	693394	228187	4.67077e+06
293T_TFF1_DNA_Pool-2_11E:67:98:10	54	1.00001e+06	1.62528e+06	600408	698636	187861
293T_TFF1_DNA_Pool-2_11E:71:Z3:01	24	1.00001e+06	0	483445	737808	0
293T_TFF1_DNA_Pool-2_11E:72:X7:03	44	1.00001e+06	2.61425e+06	1.58426e+06	2.66121e+06	1.21507e+06
293T_TFF1_DNA_Pool-2_11E:83:S5:02	32	1.00001e+06	0	938142	1.02678e+06	1.80159e+06
293T_TFF1_DNA_Pool-2_11E:84:69:09	22	1.00001e+06	0	510204	692739	2.76408e+06
293T_TFF1_DNA_Pool-2_11E:95:0N:04	64	1.00001e+06	0	1.59623e+06	915895	481520
293T_TFF1_DNA_Pool-2_11E:95:G4:01	73	1.00001e+06	1.94302e+06	940925	769371	177144
293T_TFF1_DNA_Pool-2_11E:95:L0:01	90	1.00001e+06	1.7086e+06	1.04044e+06	790641	2.15761e+06
293T_TFF1_DNA_Pool-2_11E:95:U1:01	266	1.00001e+06	0	1.30826e+06	1.03895e+06	594968
293T_TFF1_DNA_Pool-2_11E:95:Y5:01	107	1.00001e+06	1.54396e+06	1.17742e+06	1.33298e+06	2.38944e+06
293T_TFF1_DNA_Pool-2_11E:A0:54:09	44	1.00001e+06	457796	779314	738981	1.36654e+06
293T_TFF1_DNA_Pool-2_11E:A3:C4:01	24	1.00001e+06	0	367306	730279	136243
293T_TFF1_DNA_Pool-2_11E:A3:E9:01	67	1.00001e+06	0	1.73311e+06	949999	2.43282e+06
293T_TFF1_DNA_Pool-2_11E:B2:K2:01	28	1.00001e+06	1.71254e+06	696661	587543	1.81753e+06
293T_TFF1_DNA_Pool-2_11E:B6:L0:02	28	1.00001e+06	2.29864e+06	622317	553337	69646.6
293T_TFF1_DNA_Pool-2_11E:C0:17:01	43	1.00001e+06	0	648064	787100	742917
293T_TFF1_DNA_Pool-2_11E:D9:P0:01	31	1.00001e+06	719574	960134	805949	150415
293T_TFF1_DNA_Pool-2_11E:D9:S5:02	46	1.00001e+06	1.81511e+06	1.09186e+06	1.16318e+06	1.4316e+06
293T_TFF1_DNA_Pool-2_11E:E3:S1:11	34	1.00001e+06	626120	627262	1.20748e+06	104226
293T_TFF1_DNA_Pool-2_11E:E4:0W:09	35	1.00001e+06	200491	1.06133e+06	872750	2.05614e+06
293T_TFF1_DNA_Pool-2_11E:E4:P0:01	96	1.00001e+06	0	1.07674e+06	911589	1.24361e+06
293T_TFF1_DNA_Pool-2_11E:E4:T0:04	49	1.00001e+06	0	1.09711e+06	779471	898973
293T_TFF1_DNA_Pool-2_11E:F1:V7:10	20	1.00001e+06	0	802740	1.20473e+06	808057
293T_TFF1_DNA_Pool-2_11E:F2:H2:09	24	1.00001e+06	0	610915	702534	375063
293T_TFF1_DNA_Pool-2_11E:G7:Q5:08	20	1.00001e+06	1.84841e+06	692036	859977	4.04973e+06
293T_TFF1_DNA_Pool-2_11E:G8:E2:01	65	1.00001e+06	2.13174e+06	721187	822955	645970
293T_TFF1_DNA_Pool-2_11E:G8:P4:01	46	1.00001e+06	221358	1.10364e+06	847158	94849.8
293T_TFF1_DNA_Pool-2_11E:H5:C0:01	63	1.00001e+06	0	1.08364e+06	816733	407679
293T_TFF1_DNA_Pool-2_11E:H5:H2:09	25	1.00001e+06	1.88115e+06	712167	810117	47108.5
293T_TFF1_DNA_Pool-2_11E:I3:98:11	24	1.00001e+06	0	657652	918118	346064
293T_TFF1_DNA_Pool-2_11E:J1:0N:04	71	1.00001e+06	0	1.47485e+06	1.00529e+06	3.54879e+06
293T_TFF1_DNA_Pool-2_11E:J1:R0:11	37	1.00001e+06	0	545407	819713	0
293T_TFF1_DNA_Pool-2_11E:K7:34:10	32	1.00001e+06	1.59876e+06	241948	586571	0
293T_TFF1_DNA_Pool-2_11E:K7:H4:01	33	1.00001e+06	1.85766e+06	461309	783872	1.45284e+06
293T_TFF1_DNA_Pool-2_11E:K7:L4:09	33	1.00001e+06	0	757419	696567	924984
293T_TFF1_DNA_Pool-2_11E:K7:T0:01	111	1.00001e+06	0	1.29041e+06	803828	1.38872e+06
293T_TFF1_DNA_Pool-2_11E:K7:Y5:12	38	1.00001e+06	0	1.26789e+06	801015	1.04661e+06
293T_TFF1_DNA_Pool-2_11E:L1:M0:01	120	1.00001e+06	0	3.53896e+06	3.61564e+06	3.64791e+06
293T_TFF1_DNA_Pool-2_11E:L2:G4:01	26	1.00001e+06	139826	603444	766384	0
293T_TFF1_DNA_Pool-2_11E:M7:0R:09	37	1.00001e+06	1.86936e+06	715525	637645	551693
293T_TFF1_DNA_Pool-2_11E:M8:B2:01	39	1.00001e+06	1.7957e+06	781384	802793	188466
293T_TFF1_DNA_Pool-2_11E:N5:50:03	28	1.00001e+06	780771	484767	687537	989216
293T_TFF1_DNA_Pool-2_11E:N9:81:09	21	1.00001e+06	0	768201	841658	482547
293T_TFF1_DNA_Pool-2_11E:N9:98:09	462	1.00001e+06	6.4133e+06	2.5247e+06	2.47622e+06	1.76375e+06
293T_TFF1_DNA_Pool-2_11E:N9:X3:09	56	1.00001e+06	1.52128e+06	1.33399e+06	1.12218e+06	714397
293T_TFF1_DNA_Pool-2_11E:P2:G2:09	23	1.00001e+06	0	796926	618249	455986
293T_TFF1_DNA_Pool-2_11E:P9:J6:01	28	1.00001e+06	0	679985	636279	0
293T_TFF1_DNA_Pool-2_11E:Q0:H8:01	21	1.00001e+06	94748	425536	762120	0
293T_TFF1_DNA_Pool-2_11E:Q8:94:01	36	1.00001e+06	1.38485e+06	392806	513757	5.62908e-15
293T_TFF1_DNA_Pool-2_11E:S7:0J:02	20	1.00001e+06	2.00862e+06	1.05333e+06	836459	633623
293T_TFF1_DNA_Pool-2_11E:S7:0N:04	64	1.00001e+06	1.57878e+06	1.3748e+06	1.49896e+06	936572
293T_TFF1_DNA_Pool-2_11E:S7:46:07	114	1.00001e+06	1.27291e+06	1.31985e+06	1.12778e+06	2.20239e+06
293T_TFF1_DNA_Pool-2_11E:S7:54:10	207	1.00001e+06	2.39879e+06	1.80717e+06	1.69206e+06	1.53991e+06
293T_TFF1_DNA_Pool-2_11E:S7:M0:10	108	1.00001e+06	1.46639e+06	1.12222e+06	955775	1.20728e+06
293T_TFF1_DNA_Pool-2_11E:S7:R7:01	117	1.00001e+06	2.63228e+06	1.48586e+06	808628	3.41174e+06
293T_TFF1_DNA_Pool-2_11E:S8:0N:04	33	1.00001e+06	0	772253	763155	411796
293T_TFF1_DNA_Pool-2_11E:S8:E1:03	44	1.00001e+06	456191	933483	648713	785797
293T_TFF1_DNA_Pool-2_11E:S8:G0:06	34	1.00001e+06	2.46724e+06	635182	754245	758663
293T_TFF1_DNA_Pool-2_11E:S8:G9:01	49	1.00001e+06	1.358e+06	484282	772853	246989
293T_TFF1_DNA_Pool-2_11E:T1:L4:01	182	1.00001e+06	2.6716e+06	1.09918e+06	832786	682096
293T_TFF1_DNA_Pool-2_11E:U4:30:03	31	1.00001e+06	0	572572	619649	0
293T_TFF1_DNA_Pool-2_11E:U4:54:10	179	1.00001e+06	781234	2.18822e+06	2.15557e+06	2.20633e+06
293T_TFF1_DNA_Pool-2_11E:U8:Q0:10	32	1.00001e+06	121624	829352	838158	37914.1
293T_TFF1_DNA_Pool-2_11E:U8:T4:09	28	1.00001e+06	0	778657	787428	342304
293T_TFF1_DNA_Pool-2_11E:V2:Q0:10	29	1.00001e+06	1.6209e+06	553156	724345	254354
293T_TFF1_DNA_Pool-2_11E:V6:54:10	83	1.00001e+06	1.22798e+06	1.39846e+06	1.45795e+06	2.86815e+06
293T_TFF1_DNA_Pool-2_11E:V6:C0:11	29	1.00001e+06	1.70939e+06	773153	828641	68307.1
293T_TFF1_DNA_Pool-2_11E:W7:B2:03	35	1.00001e+06	0	750182	771784	173628
293T_TFF1_DNA_Pool-2_11E:W7:G0:06	20	1.00001e+06	1.68208e+06	795879	711435	2.25381e+06
293T_TFF1_DNA_Pool-2_11E:X5:0N:04	82	1.00001e+06	0	1.13667e+06	759803	1.61968e+06
293T_TFF1_DNA_Pool-2_11E:X5:49:10	64	1.00001e+06	458131	1.30213e+06	716037	478045
293T_TFF1_DNA_Pool-2_11E:X5:D7:01	106	1.00001e+06	0	1.17356e+06	1.21671e+06	912672
293T_TFF1_DNA_Pool-2_11E:X5:G0:06	82	1.00001e+06	0	641252	803190	161741
293T_TFF1_DNA_Pool-2_11E:X5:P0:09	134	1.00001e+06	1.18742e+06	1.27284e+06	1.02495e+06	1.19951e+06
293T_TFF1_DNA_Pool-2_11E:X5:X0:01	152	1.00001e+06	0	1.44051e+06	1.06147e+06	1.56444e+06
293T_TFF1_DNA_Pool-2_11E:X6:R0:10	31	1.00001e+06	94620.3	541671	812368	100582
293T_TFF1_DNA_Pool-2_11E:X9:E1:06	21	1.00001e+06	0	587724	719427	546303
293T_TFF1_DNA_Pool-2_11E:Y0:84:01	812	1.00001e+06	0	3.06533e+06	1.15126e+07	2.23708e+06
293T_TFF1_DNA_Pool-2_11E:Y4:K1:04	23	1.00001e+06	1.74626e+06	315512	702269	702757
293T_TFF1_DNA_Pool-2_11E:Z9:J0:01	21	1.00001e+06	443434	643844	599221	1.93695e+06
293T_TFF1_DNA_Pool-2_11D:03:22:04	56	1.00001e+06	0	1.59175e+06	721097	1.01007e+06
293T_TFF1_DNA_Pool-2_11D:0A:X8:03	34	1.00001e+06	688495	867258	800688	851079
293T_TFF1_DNA_Pool-2_11D:0H:F3:04	20	1.00001e+06	0	869593	692361	114775
293T_TFF1_DNA_Pool-2_11D:0H:J0:04	35	1.00001e+06	1.93052e+06	1.28282e+06	975630	349343
293T_TFF1_DNA_Pool-2_11D:0H:N8:03	56	1.00001e+06	3.92061e+06	1.55404e+06	939433	1.48333e+06
293T_TFF1_DNA_Pool-2_11D:0X:0J:03	80	1.00001e+06	0	767093	807164	208651
293T_TFF1_DNA_Pool-2_11D:0X:0N:04	24	1.00001e+06	458883	819344	973397	424377
293T_TFF1_DNA_Pool-2_11D:0X:H2:04	22	1.00001e+06	1.62799e+06	483207	776841	289970
293T_TFF1_DNA_Pool-2_11D:0X:N7:01	95	1.00001e+06	0	1.1913e+06	770079	248431
293T_TFF1_DNA_Pool-2_11D:0X:N8:01	79	1.00001e+06	0	790442	758640	144656
293T_TFF1_DNA_Pool-2_11D:0X:S5:02	53	1.00001e+06	1.58979e+06	1.18323e+06	800535	2.19773e+06
293T_TFF1_DNA_Pool-2_11D:0X:T2:03	60	1.00001e+06	1.67135e+06	963265	754880	233710
293T_TFF1_DNA_Pool-2_11D:0X:T2:04	33	1.00001e+06	1.62774e+06	486853	589413	352099
293T_TFF1_DNA_Pool-2_11D:0X:U5:01	64	1.00001e+06	635703	1.55655e+06	1.21847e+06	2.92138e+06
293T_TFF1_DNA_Pool-2_11D:0X:U5:08	52	1.00001e+06	0	673188	797653	482478
293T_TFF1_DNA_Pool-2_11D:0Y:0N:04	27	1.00001e+06	2.07184e+06	1.14553e+06	707276	3.30766e+06
293T_TFF1_DNA_Pool-2_11D:0Y:72:01	136	1.00001e+06	1.4696e+06	1.40519e+06	1.08123e+06	3.2889e+06
293T_TFF1_DNA_Pool-2_11D:0Y:F3:03	54	1.00001e+06	507308	953886	716243	2.17964e+06
293T_TFF1_DNA_Pool-2_11D:0Y:K0:04	43	1.00001e+06	0	537964	720774	425968
293T_TFF1_DNA_Pool-2_11D:12:C4:03	45	1.00001e+06	649370	1.27656e+06	692188	1.13434e+06
293T_TFF1_DNA_Pool-2_11D:24:Y1:01	43	1.00001e+06	300184	1.06597e+06	794330	430298
293T_TFF1_DNA_Pool-2_11D:39:F2:04	119	1.00001e+06	2.6573e+06	1.09483e+06	794583	899442
293T_TFF1_DNA_Pool-2_11D:39:M4:04	102	1.00001e+06	0	936318	785205	1.64933e+06
293T_TFF1_DNA_Pool-2_11D:39:Y2:04	40	1.00001e+06	1.84572e+06	838857	739267	589695
293T_TFF1_DNA_Pool-2_11D:47:G1:04	31	1.00001e+06	347872	635377	751351	724854
293T_TFF1_DNA_Pool-2_11D:55:A5:01	44	1.00001e+06	2.06404e+06	725371	744084	1.1505e+06
293T_TFF1_DNA_Pool-2_11D:64:Z6:01	23	1.00001e+06	0	1.13995e+06	749438	5.02298e+06
293T_TFF1_DNA_Pool-2_11D:71:Y2:04	23	1.00001e+06	1.6856e+06	303028	604546	575998
293T_TFF1_DNA_Pool-2_11D:72:X7:03	2041	1.00001e+06	1.84072e+07	7.30093e+06	7.07431e+06	6.26208e+06
293T_TFF1_DNA_Pool-2_11D:75:A5:01	22	1.00001e+06	216173	829358	626868	517500
293T_TFF1_DNA_Pool-2_11D:76:E6:04	20	1.00001e+06	114101	353371	8677.42	189187
293T_TFF1_DNA_Pool-2_11D:95:0N:04	284	1.00001e+06	3.63885e+06	1.87711e+06	1.31258e+06	537930
293T_TFF1_DNA_Pool-2_11D:95:O5:04	22	1.00001e+06	1.77095e+06	583283	157745	525391
293T_TFF1_DNA_Pool-2_11D:95:Y5:03	95	1.00001e+06	0	1.15529e+06	810403	1.2066e+06
293T_TFF1_DNA_Pool-2_11D:A4:X7:04	48	1.00001e+06	1.60039e+06	555059	17913.9	327730
293T_TFF1_DNA_Pool-2_11D:B5:72:04	22	1.00001e+06	0	1.04449e+06	493689	716764
293T_TFF1_DNA_Pool-2_11D:B5:F2:04	20	1.00001e+06	626914	1.04138e+06	854638	0
293T_TFF1_DNA_Pool-2_11D:C0:H4:03	20	1.00001e+06	1.62944e+06	662499	782907	230775
293T_TFF1_DNA_Pool-2_11D:D9:J6:03	38	1.00001e+06	318710	659835	797113	492238
293T_TFF1_DNA_Pool-2_11D:D9:P0:01	22	1.00001e+06	2.09541e+06	559413	642259	678092
293T_TFF1_DNA_Pool-2_11D:E3:0N:04	23	1.00001e+06	0	743956	723499	128637
293T_TFF1_DNA_Pool-2_11D:E3:B2:04	44	1.00001e+06	1.44235e+06	572994	791392	284039
293T_TFF1_DNA_Pool-2_11D:E3:J0:04	263	1.00001e+06	3.19847e+06	2.06898e+06	1.94525e+06	1.893e+06
293T_TFF1_DNA_Pool-2_11D:E3:L8:03	27	1.00001e+06	2.81043e+06	574308	781665	316732
293T_TFF1_DNA_Pool-2_11D:E4:0N:04	22	1.00001e+06	1.60017e+06	685457	17947	0
293T_TFF1_DNA_Pool-2_11D:E4:0O:03	38	1.00001e+06	207243	647070	702243	173509
293T_TFF1_DNA_Pool-2_11D:E4:E1:04	30	1.00001e+06	1.66676e+06	503364	616349	761138
293T_TFF1_DNA_Pool-2_11D:E4:Z6:01	35	1.00001e+06	1.58252e+06	624900	180266	52967.5
293T_TFF1_DNA_Pool-2_11D:E7:E2:03	39	1.00001e+06	0	881472	746251	758244
293T_TFF1_DNA_Pool-2_11D:F1:J0:07	29	1.00001e+06	426498	1.31214e+06	710666	913553
293T_TFF1_DNA_Pool-2_11D:F1:Z0:03	30	1.00001e+06	0	1.07792e+06	814227	1.01135e+06
293T_TFF1_DNA_Pool-2_11D:F2:W6:03	37	1.00001e+06	1.47483e+06	705107	540474	205841
293T_TFF1_DNA_Pool-2_11D:F5:S9:03	41	1.00001e+06	443328	992775	801534	1.14805e+06
293T_TFF1_DNA_Pool-2_11D:F7:17:03	23	1.00001e+06	2.04479e+06	645011	833230	1.12637e+06
293T_TFF1_DNA_Pool-2_11D:F7:Y2:01	72	1.00001e+06	2.16494e+06	948383	971110	645762
293T_TFF1_DNA_Pool-2_11D:G3:J0:02	46	1.00001e+06	478883	1.05127e+06	938818	1.03134e+06
293T_TFF1_DNA_Pool-2_11D:G3:J0:07	37	1.00001e+06	2.16054e+06	674340	791955	218231
293T_TFF1_DNA_Pool-2_11D:H2:0O:03	21	1.00001e+06	0	1.05238e+06	896529	277952
293T_TFF1_DNA_Pool-2_11D:H9:N4:03	25	1.00001e+06	0	660018	795961	355102
293T_TFF1_DNA_Pool-2_11D:I8:R3:04	21	1.00001e+06	405492	530508	720588	0
293T_TFF1_DNA_Pool-2_11D:J1:0N:04	29	1.00001e+06	1.58252e+06	614629	801489	97102.1
293T_TFF1_DNA_Pool-2_11D:J1:J0:07	119	1.00001e+06	1.34224e+06	1.86092e+06	805233	3.17402e+06
293T_TFF1_DNA_Pool-2_11D:J1:K4:03	38	1.00001e+06	2.10109e+06	753621	738341	0
293T_TFF1_DNA_Pool-2_11D:J9:P4:04	20	1.00001e+06	2.06651e+06	1.22279e+06	716855	1.31163e+06
293T_TFF1_DNA_Pool-2_11D:K0:C0:04	20	1.00001e+06	1.365e+06	346256	13586	352332
293T_TFF1_DNA_Pool-2_11D:K3:H3:04	21	1.00001e+06	2.10117e+06	754162	823414	4.4964e+06
293T_TFF1_DNA_Pool-2_11D:K7:X7:04	58	1.00001e+06	1.81865e+06	692303	795962	554761
293T_TFF1_DNA_Pool-2_11D:K8:M0:04	23	1.00001e+06	1.70341e+06	390313	14623.5	261362
293T_TFF1_DNA_Pool-2_11D:L2:41:03	21	NA	1.88826e+06	412845	772989	0
293T_TFF1_DNA_Pool-2_11D:M4:F2:01	65	1.00001e+06	1.05999e+06	1.36887e+06	769081	2.54032e+06
293T_TFF1_DNA_Pool-2_11D:M8:F3:04	22	1.00001e+06	1.41494e+06	387765	661133	0
293T_TFF1_DNA_Pool-2_11D:N9:0N:04	28	1.00001e+06	2.39154e+06	1.33763e+06	866048	422293
293T_TFF1_DNA_Pool-2_11D:N9:R3:04	43	1.00001e+06	1.8782e+06	814034	661944	149903
293T_TFF1_DNA_Pool-2_11D:N9:X3:03	67	1.00001e+06	0	652558	759661	395906
293T_TFF1_DNA_Pool-2_11D:O3:C0:01	1969	1.00001e+06	8.45759e+06	4.48155e+06	9.57826e+06	3.17707e+06
293T_TFF1_DNA_Pool-2_11D:O7:O1:04	21	1.00001e+06	1.59913e+06	262958	14295.6	0
293T_TFF1_DNA_Pool-2_11D:O7:P3:07	30	1.00001e+06	398441	436434	251726	105743
293T_TFF1_DNA_Pool-2_11D:O8:H3:01	52	1.00001e+06	1.95271e+06	978442	741393	265934
293T_TFF1_DNA_Pool-2_11D:P1:Y9:03	42	1.00001e+06	0	1.56819e+06	742532	4.42529e+06
293T_TFF1_DNA_Pool-2_11D:P9:C4:03	23	1.00001e+06	227879	927419	697437	2.26206e+06
293T_TFF1_DNA_Pool-2_11D:Q0:G1:03	21	1.00001e+06	190731	481793	814322	488286
293T_TFF1_DNA_Pool-2_11D:R2:90:01	32	1.00001e+06	1.28134e+06	799975	622568	1.12416e+06
293T_TFF1_DNA_Pool-2_11D:S3:Q8:04	29	1.00001e+06	2.21723e+06	936100	852075	827400
293T_TFF1_DNA_Pool-2_11D:S7:0N:04	28	1.00001e+06	758145	741624	624554	360723
293T_TFF1_DNA_Pool-2_11D:S7:N3:10	60	1.00001e+06	1.16955e+06	848852	503042	321511
293T_TFF1_DNA_Pool-2_11D:S7:R7:10	36	1.00001e+06	848273	691807	794750	1.27606e+06
293T_TFF1_DNA_Pool-2_11D:S7:S5:02	33	1.00001e+06	0	917161	837681	47130.5
293T_TFF1_DNA_Pool-2_11D:S7:V7:01	91	1.00001e+06	1.58856e+06	991446	778855	468023
293T_TFF1_DNA_Pool-2_11D:S8:X8:01	80	1.00001e+06	898991	1.32118e+06	783074	1.45795e+06
293T_TFF1_DNA_Pool-2_11D:T1:49:09	64	1.00001e+06	0	869494	1.03802e+06	527051
293T_TFF1_DNA_Pool-2_11D:T1:E2:04	23	1.00001e+06	2.20304e+06	721260	637852	4.4948e+06
293T_TFF1_DNA_Pool-2_11D:U4:34:01	20	1.00001e+06	0	411003	792081	40843.8
293T_TFF1_DNA_Pool-2_11D:V5:Q0:04	31	1.00001e+06	0	244249	582639	260646
293T_TFF1_DNA_Pool-2_11D:W0:B6:03	32	1.00001e+06	0	549888	843590	605215
293T_TFF1_DNA_Pool-2_11D:X5:0N:04	45	1.00001e+06	209645	977091	708089	363858
293T_TFF1_DNA_Pool-2_11D:X5:0R:03	52	1.00001e+06	1.36553e+06	646257	695262	215648
293T_TFF1_DNA_Pool-2_11D:X5:14:01	106	1.00001e+06	0	621248	736363	461037
293T_TFF1_DNA_Pool-2_11D:X5:20:01	32	1.00001e+06	377864	371707	797524	173652
293T_TFF1_DNA_Pool-2_11D:X5:33:04	38	1.00001e+06	1.60305e+06	464820	24390.2	934646
293T_TFF1_DNA_Pool-2_11D:X5:97:04	33	1.00001e+06	0	627406	775820	412670
293T_TFF1_DNA_Pool-2_11D:X5:E6:08	43	1.00001e+06	1.04044e+06	1.00413e+06	945679	689698
293T_TFF1_DNA_Pool-2_11D:X5:F8:01	94	1.00001e+06	0	2.31301e+06	1.19732e+06	2.6541e+06
293T_TFF1_DNA_Pool-2_11D:X5:U6:01	64	1.00001e+06	371473	1.57136e+06	849628	5.9865e+06
293T_TFF1_DNA_Pool-2_11D:X5:Z0:04	30	1.00001e+06	1.41129e+06	334461	768515	151433
293T_TFF1_DNA_Pool-2_11D:X9:B6:09	106	1.00001e+06	2.00742e+06	742799	737878	110442
293T_TFF1_DNA_Pool-2_11D:X9:E1:04	20	1.00001e+06	0	1.14269e+06	745831	689734
293T_TFF1_DNA_Pool-2_11D:Z6:F3:04	21	1.00001e+06	1.44177e+06	531286	216770	0
293T_TFF1_DNA_Pool-2_11D:Z6:P0:03	24	1.00001e+06	1.93064e+06	457500	749495	329630
293T_TFF1_DNA_Pool-2_11C:0A:M4:08	21	1.00001e+06	1.58252e+06	388567	610076	0
293T_TFF1_DNA_Pool-2_11C:0E:A5:08	25	1.00001e+06	1.629e+06	549501	933939	0
293T_TFF1_DNA_Pool-2_11C:0E:T4:01	53	1.00001e+06	1.30891e+06	974220	814271	1.27591e+06
293T_TFF1_DNA_Pool-2_11C:0P:N8:01	36	1.00001e+06	2.01345e+06	572380	815128	814970
293T_TFF1_DNA_Pool-2_11C:0U:56:01	141	1.00001e+06	0	1.00313e+06	960198	851550
293T_TFF1_DNA_Pool-2_11C:0X:0A:04	33	1.00001e+06	0	1.56528e+06	823468	3.88677e+06
293T_TFF1_DNA_Pool-2_11C:0X:B2:03	54	1.00001e+06	1.61505e+06	1.67011e+06	767625	947210
293T_TFF1_DNA_Pool-2_11C:0X:G0:01	73	1.00001e+06	1.18137e+06	1.60471e+06	1.66494e+06	1.27483e+06
293T_TFF1_DNA_Pool-2_11C:0X:J3:01	69	1.00001e+06	112433	797546	904586	336465
293T_TFF1_DNA_Pool-2_11C:0X:N7:01	78	1.00001e+06	1.0029e+06	854949	1.17171e+06	900353
293T_TFF1_DNA_Pool-2_11C:0X:Q1:01	140	1.00001e+06	1.69727e+06	1.5579e+06	1.42359e+06	775736
293T_TFF1_DNA_Pool-2_11C:0Y:0N:04	21	1.00001e+06	1.58252e+06	444088	11601.1	0
293T_TFF1_DNA_Pool-2_11C:0Y:0W:01	59	1.00001e+06	1.76054e+06	1.15779e+06	862185	1.95717e+06
293T_TFF1_DNA_Pool-2_11C:0Y:54:04	105	1.00001e+06	1.39693e+06	970838	947312	579652
293T_TFF1_DNA_Pool-2_11C:0Y:G8:01	61	1.00001e+06	208571	956368	766163	891023
293T_TFF1_DNA_Pool-2_11C:0Y:J4:04	28	1.00001e+06	169878	618595	728338	0
293T_TFF1_DNA_Pool-2_11C:0Y:T2:05	31	1.00001e+06	834892	1.01953e+06	803209	849786
293T_TFF1_DNA_Pool-2_11C:40:78:01	27	1.00001e+06	1.81894e+06	672036	750513	436374
293T_TFF1_DNA_Pool-2_11C:40:Y2:01	66	1.00001e+06	1.60083e+06	951636	727642	782500
293T_TFF1_DNA_Pool-2_11C:47:H3:01	31	1.00001e+06	0	772276	744151	967279
293T_TFF1_DNA_Pool-2_11C:47:Q0:10	29	1.00001e+06	1.98024e+06	924870	1.01019e+06	377281
293T_TFF1_DNA_Pool-2_11C:47:S5:09	22	1.00001e+06	0	1.03405e+06	214986	0
293T_TFF1_DNA_Pool-2_11C:47:T7:01	41	1.00001e+06	1.32746e+06	1.55662e+06	1.14997e+06	1.04378e+06
293T_TFF1_DNA_Pool-2_11C:47:V6:01	56	1.00001e+06	2.34778e+06	1.02811e+06	821732	866533
293T_TFF1_DNA_Pool-2_11C:56:B3:01	22	1.00001e+06	0	810886	870980	1.05543e+06
293T_TFF1_DNA_Pool-2_11C:60:E2:01	35	1.00001e+06	0	530839	748339	473113
293T_TFF1_DNA_Pool-2_11C:64:94:01	32	1.00001e+06	2.48015e+06	625484	767832	933227
293T_TFF1_DNA_Pool-2_11C:72:X7:03	33	1.00001e+06	0	1.82626e+06	2.66036e+06	425820
293T_TFF1_DNA_Pool-2_11C:79:13:01	21	1.00001e+06	197620	521327	780459	21115.6
293T_TFF1_DNA_Pool-2_11C:79:B2:01	38	1.00001e+06	1.04942e+06	1.25002e+06	811561	4.14485e+06
293T_TFF1_DNA_Pool-2_11C:95:R3:09	28	1.00001e+06	1.35753e+06	331939	456814	296403
293T_TFF1_DNA_Pool-2_11C:95:S5:02	29	1.00001e+06	665880	1.28722e+06	901057	674276
293T_TFF1_DNA_Pool-2_11C:A4:Z3:08	33	1.00001e+06	0	611767	967907	0
293T_TFF1_DNA_Pool-2_11C:B5:F3:01	31	1.00001e+06	0	566223	744777	1.30575e+06
293T_TFF1_DNA_Pool-2_11C:C0:54:01	27	1.00001e+06	1.54535e+06	599154	13164	0
293T_TFF1_DNA_Pool-2_11C:E3:58:01	71	1.00001e+06	2.31704e+06	967435	986141	1.4214e+06
293T_TFF1_DNA_Pool-2_11C:E3:D4:01	49	1.00001e+06	834619	1.73055e+06	1.50578e+06	1.65223e+06
293T_TFF1_DNA_Pool-2_11C:E3:S5:02	47	1.00001e+06	2.69992e+06	877878	715500	1.22424e+06
293T_TFF1_DNA_Pool-2_11C:G4:J0:10	41	1.00001e+06	1.88288e+06	1.28172e+06	1.0686e+06	3.83567e+06
293T_TFF1_DNA_Pool-2_11C:H2:I9:01	24	1.00001e+06	0	560941	891144	89027.8
293T_TFF1_DNA_Pool-2_11C:J1:02:01	65	1.00001e+06	0	1.0649e+06	769204	251300
293T_TFF1_DNA_Pool-2_11C:J1:0A:04	24	1.00001e+06	1.25607e+06	1.06111e+06	801887	3.80076e+06
293T_TFF1_DNA_Pool-2_11C:J1:54:01	100	1.00001e+06	0	1.70756e+06	1.78878e+06	2.42803e+06
293T_TFF1_DNA_Pool-2_11C:J1:A2:01	37	1.00001e+06	1.86353e+06	759420	807560	0
293T_TFF1_DNA_Pool-2_11C:K0:A5:08	33	1.00001e+06	207114	831394	542366	685789
293T_TFF1_DNA_Pool-2_11C:L6:54:01	33	1.00001e+06	0	889464	798216	286247
293T_TFF1_DNA_Pool-2_11C:M3:A5:08	45	1.00001e+06	0	1.03271e+06	745664	4.4779e+06
293T_TFF1_DNA_Pool-2_11C:M3:R0:11	26	1.00001e+06	1.87864e+06	782218	683650	265298
293T_TFF1_DNA_Pool-2_11C:M8:U1:09	22	1.00001e+06	625145	503930	618291	875516
293T_TFF1_DNA_Pool-2_11C:N5:I0:08	27	1.00001e+06	1.82613e+06	780418	801033	139317
293T_TFF1_DNA_Pool-2_11C:N5:Y2:01	72	1.00001e+06	1.07336e+06	962336	953378	447041
293T_TFF1_DNA_Pool-2_11C:N9:0N:04	92	1.00001e+06	1.70841e+06	432958	750036	98672.7
293T_TFF1_DNA_Pool-2_11C:N9:29:01	29	1.00001e+06	0	270709	647716	0
293T_TFF1_DNA_Pool-2_11C:N9:54:01	69	1.00001e+06	537133	1.55505e+06	860326	3.09362e+06
293T_TFF1_DNA_Pool-2_11C:N9:98:09	35	1.00001e+06	1.57175e+06	725139	766063	0
293T_TFF1_DNA_Pool-2_11C:N9:E8:08	20	1.00001e+06	1.35829e+06	648680	619937	64514.6
293T_TFF1_DNA_Pool-2_11C:N9:N8:02	38	1.00001e+06	0	712423	796050	1.29385e+06
293T_TFF1_DNA_Pool-2_11C:O3:20:01	215	1.00001e+06	7.9007e+06	1.6728e+06	2.996e+06	1.66509e+06
293T_TFF1_DNA_Pool-2_11C:O7:X7:01	86	1.00001e+06	676495	1.24137e+06	793643	2.95559e+06
293T_TFF1_DNA_Pool-2_11C:P9:09:01	23	1.00001e+06	0	318199	797639	462763
293T_TFF1_DNA_Pool-2_11C:R2:X8:01	32	1.00001e+06	824975	502990	857989	117645
293T_TFF1_DNA_Pool-2_11C:R6:54:10	33	1.00001e+06	0	343735	605575	266391
293T_TFF1_DNA_Pool-2_11C:S7:0A:04	25	1.00001e+06	1.96823e+06	682262	795739	301247
293T_TFF1_DNA_Pool-2_11C:S7:97:07	19	1.00001e+06	2.16375e+06	960246	807314	1.86966e+06
293T_TFF1_DNA_Pool-2_11C:S8:M8:01	37	1.00001e+06	0	740211	902106	324121
293T_TFF1_DNA_Pool-2_11C:T5:E2:01	50	1.00001e+06	684121	423335	27722.5	22506.7
293T_TFF1_DNA_Pool-2_11C:V6:T4:01	29	1.00001e+06	341351	1.26275e+06	736910	2.07835e+06
293T_TFF1_DNA_Pool-2_11C:V9:Q4:01	20	1.00001e+06	185627	222682	14283.3	126451
293T_TFF1_DNA_Pool-2_11C:W8:69:01	43	1.00001e+06	0	576804	778665	1.3549e+06
293T_TFF1_DNA_Pool-2_11C:X1:Y2:01	38	1.00001e+06	288590	1.13882e+06	900691	5.11722e+06
293T_TFF1_DNA_Pool-2_11C:X5:58:01	87	1.00001e+06	1.58981e+06	1.33644e+06	790177	2.4586e+06
293T_TFF1_DNA_Pool-2_11C:X5:76:01	156	1.00001e+06	2.79672e+06	1.65618e+06	861010	2.03411e+06
293T_TFF1_DNA_Pool-2_11C:X5:J6:05	42	1.00001e+06	1.43995e+06	1.36826e+06	808037	2.17108e+06
293T_TFF1_DNA_Pool-2_11C:X5:S9:08	51	1.00001e+06	0	943753	801998	345001
293T_TFF1_DNA_Pool-2_11C:X6:46:11	29	1.00001e+06	1.36155e+06	330126	576554	0
293T_TFF1_DNA_Pool-2_11B:08:78:03	58	1.00001e+06	0	1.52201e+06	805700	1.6124e+06
293T_TFF1_DNA_Pool-2_11B:0D:A6:11	48	1.00001e+06	1.54611e+06	369835	776488	0
293T_TFF1_DNA_Pool-2_11B:0H:B0:03	52	1.00001e+06	1.58252e+06	803069	926766	236828
293T_TFF1_DNA_Pool-2_11B:0H:S5:02	50	1.00001e+06	0	1.29643e+06	670517	3.27152e+06
293T_TFF1_DNA_Pool-2_11B:0M:C0:11	112	1.00001e+06	825548	1.42771e+06	1.58824e+06	731366
293T_TFF1_DNA_Pool-2_11B:0Q:54:04	22	1.00001e+06	0	864023	770922	3.25439e+06
293T_TFF1_DNA_Pool-2_11B:0T:E8:11	63	1.00001e+06	309683	1.04911e+06	802915	354195
293T_TFF1_DNA_Pool-2_11B:0T:H4:11	48	1.00001e+06	259321	711006	1.35547e+06	357102
293T_TFF1_DNA_Pool-2_11B:0T:K2:11	20	1.00001e+06	446709	1.0425e+06	848239	408370
293T_TFF1_DNA_Pool-2_11B:0T:N8:11	28	1.00001e+06	0	421637	613825	0
293T_TFF1_DNA_Pool-2_11B:0X:0J:03	98	1.00001e+06	0	1.46222e+06	871014	2.97226e+06
293T_TFF1_DNA_Pool-2_11B:0X:0N:04	68	1.00001e+06	353441	990433	863386	0
293T_TFF1_DNA_Pool-2_11B:0X:46:10	95	1.00001e+06	721264	1.35828e+06	994012	1.38727e+06
293T_TFF1_DNA_Pool-2_11B:0X:69:11	28	1.00001e+06	0	695255	831863	1.14958e+06
293T_TFF1_DNA_Pool-2_11B:0X:E6:04	81	1.00001e+06	1.80164e+06	1.33249e+06	821096	860737
293T_TFF1_DNA_Pool-2_11B:0X:G1:11	30	1.00001e+06	0	989798	817705	2.21418e+06
293T_TFF1_DNA_Pool-2_11B:0X:G2:04	71	1.00001e+06	0	1.01726e+06	808691	1.4445e+06
293T_TFF1_DNA_Pool-2_11B:0X:L6:04	93	1.00001e+06	0	967239	863419	292341
293T_TFF1_DNA_Pool-2_11B:0X:M8:11	493	1.00001e+06	1.74993e+06	2.44696e+06	3.75893e+06	1.67414e+06
293T_TFF1_DNA_Pool-2_11B:0X:S9:12	83	1.00001e+06	0	1.14378e+06	843976	729994
293T_TFF1_DNA_Pool-2_11B:0X:T0:11	152	1.00001e+06	1.77466e+06	1.39743e+06	807923	1.18301e+06
293T_TFF1_DNA_Pool-2_11B:0Y:0B:04	28	1.00001e+06	1.81023e+06	840967	645536	2.10679e+06
293T_TFF1_DNA_Pool-2_11B:0Y:14:02	23	1.00001e+06	0	945541	753669	1.33253e+06
293T_TFF1_DNA_Pool-2_11B:0Y:56:11	131	1.00001e+06	0	1.4637e+06	802697	1.0479e+06
293T_TFF1_DNA_Pool-2_11B:0Y:B0:11	63	1.00001e+06	2.22249e+06	702621	794205	228252
293T_TFF1_DNA_Pool-2_11B:0Y:G0:06	100	1.00001e+06	0	1.28982e+06	815245	992509
293T_TFF1_DNA_Pool-2_11B:0Y:L4:04	28	1.00001e+06	0	864665	895218	245470
293T_TFF1_DNA_Pool-2_11B:0Y:T0:04	111	1.00001e+06	2.39228e+06	1.72274e+06	1.27039e+06	3.02992e+06
293T_TFF1_DNA_Pool-2_11B:24:T4:04	20	1.00001e+06	1.65151e+06	489037	562234	158345
293T_TFF1_DNA_Pool-2_11B:27:37:04	30	1.00001e+06	0	529532	865028	154480
293T_TFF1_DNA_Pool-2_11B:32:U1:04	89	1.00001e+06	918148	916498	756574	2.41453e+06
293T_TFF1_DNA_Pool-2_11B:36:34:11	66	1.00001e+06	525411	1.13991e+06	785136	2.01752e+06
293T_TFF1_DNA_Pool-2_11B:39:84:11	27	1.00001e+06	2.02821e+06	677312	786679	851533
293T_TFF1_DNA_Pool-2_11B:39:K1:04	81	1.00001e+06	1.5725e+06	1.47942e+06	1.00867e+06	1.19833e+06
293T_TFF1_DNA_Pool-2_11B:44:I2:11	38	1.00001e+06	1.9336e+06	692169	715464	0
293T_TFF1_DNA_Pool-2_11B:44:P0:04	102	1.00001e+06	2.07622e+06	608931	789080	554303
293T_TFF1_DNA_Pool-2_11B:47:0N:11	54	1.00001e+06	0	919276	854297	3.85109e+06
293T_TFF1_DNA_Pool-2_11B:47:78:04	24	1.00001e+06	0	508472	621908	628494
293T_TFF1_DNA_Pool-2_11B:47:E1:04	140	1.00001e+06	0	1.22436e+06	1.43707e+06	731147
293T_TFF1_DNA_Pool-2_11B:47:J6:03	73	1.00001e+06	0	843098	1.30437e+06	671269
293T_TFF1_DNA_Pool-2_11B:47:P0:01	122	1.00001e+06	2.6675e+06	1.76471e+06	1.97599e+06	2.94794e+06
293T_TFF1_DNA_Pool-2_11B:47:T8:04	24	1.00001e+06	0	673522	725661	298977
293T_TFF1_DNA_Pool-2_11B:51:0K:11	24	1.00001e+06	0	381895	17908.8	187224
293T_TFF1_DNA_Pool-2_11B:55:E2:04	37	1.00001e+06	1.8144e+06	1.32699e+06	799879	1.25616e+06
293T_TFF1_DNA_Pool-2_11B:59:B8:04	25	1.00001e+06	0	1.19539e+06	772235	308880
293T_TFF1_DNA_Pool-2_11B:60:E2:04	52	1.00001e+06	0	878873	692302	614888
293T_TFF1_DNA_Pool-2_11B:63:33:11	27	1.00001e+06	0	697438	831006	98324
293T_TFF1_DNA_Pool-2_11B:63:P0:01	40	1.00001e+06	1.82456e+06	1.20842e+06	1.24883e+06	775656
293T_TFF1_DNA_Pool-2_11B:64:M8:02	151	1.00001e+06	1.07586e+06	1.80841e+06	1.75817e+06	1.72879e+06
293T_TFF1_DNA_Pool-2_11B:67:Q0:04	30	1.00001e+06	802576	511326	582530	1.32867e+06
293T_TFF1_DNA_Pool-2_11B:71:G2:03	27	1.00001e+06	1.81587e+06	687950	681083	1.49605e+06
293T_TFF1_DNA_Pool-2_11B:72:E2:11	21	1.00001e+06	1.11508e+06	584466	690481	292137
293T_TFF1_DNA_Pool-2_11B:72:K1:11	21	1.00001e+06	437962	317819	10962.1	0
293T_TFF1_DNA_Pool-2_11B:72:X7:03	50	1.00001e+06	0	1.03449e+06	1.21849e+06	1.26806e+06
293T_TFF1_DNA_Pool-2_11B:72:Y6:03	28	1.00001e+06	1.60298e+06	222188	781067	399847
293T_TFF1_DNA_Pool-2_11B:75:M4:04	27	1.00001e+06	0	1.09194e+06	763420	4.54535e+06
293T_TFF1_DNA_Pool-2_11B:80:54:04	33	1.00001e+06	1.58252e+06	639044	767310	165906
293T_TFF1_DNA_Pool-2_11B:87:O6:11	20	1.00001e+06	1.0301e+06	1.01721e+06	745967	633582
293T_TFF1_DNA_Pool-2_11B:95:0J:11	43	1.00001e+06	894002	1.1192e+06	703881	677571
293T_TFF1_DNA_Pool-2_11B:95:G4:11	109	1.00001e+06	0	1.17766e+06	924683	1.71428e+06
293T_TFF1_DNA_Pool-2_11B:95:G8:12	22	1.00001e+06	0	624323	813666	495125
293T_TFF1_DNA_Pool-2_11B:95:H0:11	46	1.00001e+06	0	1.10113e+06	1.10523e+06	592283
293T_TFF1_DNA_Pool-2_11B:95:J3:03	39	1.00001e+06	0	647670	740530	0
293T_TFF1_DNA_Pool-2_11B:95:M8:04	24	1.00001e+06	745028	681020	604829	360088
293T_TFF1_DNA_Pool-2_11B:95:P8:03	82	1.00001e+06	1.83044e+06	1.30274e+06	915713	675912
293T_TFF1_DNA_Pool-2_11B:95:P8:11	76	1.00001e+06	1.40932e+06	1.13044e+06	784935	462656
293T_TFF1_DNA_Pool-2_11B:95:S5:02	171	1.00001e+06	0	1.86007e+06	828441	2.94086e+06
293T_TFF1_DNA_Pool-2_11B:99:X3:11	21	1.00001e+06	1.357e+06	435228	636788	0
293T_TFF1_DNA_Pool-2_11B:A7:G0:06	50	1.00001e+06	0	708143	774786	29944.3
293T_TFF1_DNA_Pool-2_11B:A7:S1:03	75	1.00001e+06	141477	1.3858e+06	819894	338491
293T_TFF1_DNA_Pool-2_11B:B1:O9:04	53	1.00001e+06	0	549684	648079	182824
293T_TFF1_DNA_Pool-2_11B:B2:Y6:02	28	1.00001e+06	769134	977259	762340	917524
293T_TFF1_DNA_Pool-2_11B:B6:A5:11	38	1.00001e+06	0	430795	755446	294519
293T_TFF1_DNA_Pool-2_11B:B9:54:04	31	1.00001e+06	1.60299e+06	835279	28038	930052
293T_TFF1_DNA_Pool-2_11B:D2:E2:04	55	1.00001e+06	0	824853	699378	79405.1
293T_TFF1_DNA_Pool-2_11B:D9:P0:01	42	1.00001e+06	1.02114e+06	1.42212e+06	759096	284852
293T_TFF1_DNA_Pool-2_11B:E3:84:04	68	1.00001e+06	1.95034e+06	838851	830721	262668
293T_TFF1_DNA_Pool-2_11B:E3:B6:03	65	1.00001e+06	1.24339e+06	1.06959e+06	742729	210797
293T_TFF1_DNA_Pool-2_11B:E3:H0:11	33	1.00001e+06	0	658647	672198	0
293T_TFF1_DNA_Pool-2_11B:E3:M4:11	35	1.00001e+06	0	530961	800343	0
293T_TFF1_DNA_Pool-2_11B:E3:Q8:04	94	1.00001e+06	1.00855e+06	970797	722037	525568
293T_TFF1_DNA_Pool-2_11B:E3:S5:02	172	1.00001e+06	0	2.16503e+06	1.53236e+06	1.36687e+06
293T_TFF1_DNA_Pool-2_11B:E4:G4:04	82	1.00001e+06	526209	1.41964e+06	919208	5.53048e+06
293T_TFF1_DNA_Pool-2_11B:E4:P0:01	133	1.00001e+06	1.44874e+06	1.48116e+06	895952	1.48951e+06
293T_TFF1_DNA_Pool-2_11B:E4:Q0:11	52	1.00001e+06	0	856761	712760	830211
293T_TFF1_DNA_Pool-2_11B:E4:T4:11	24	1.00001e+06	1.65937e+06	397680	507732	416404
293T_TFF1_DNA_Pool-2_11B:F2:G0:06	58	1.00001e+06	0	775284	895414	210891
293T_TFF1_DNA_Pool-2_11B:F2:O1:04	22	1.00001e+06	1.23567e+06	800333	675610	1.54931e+06
293T_TFF1_DNA_Pool-2_11B:F2:P0:04	39	1.00001e+06	1.07449e+06	1.07438e+06	1.15734e+06	237997
293T_TFF1_DNA_Pool-2_11B:F2:T0:11	53	1.00001e+06	2.22461e+06	945647	789283	589330
293T_TFF1_DNA_Pool-2_11B:F2:X7:11	30	1.00001e+06	2.09933e+06	1.04769e+06	891397	891578
293T_TFF1_DNA_Pool-2_11B:G0:H6:03	41	1.00001e+06	132150	794877	625902	3.3396e+06
293T_TFF1_DNA_Pool-2_11B:H1:46:11	23	1.00001e+06	1.34221e+06	735598	819426	1.2212e+06
293T_TFF1_DNA_Pool-2_11B:H2:28:11	29	1.00001e+06	956685	751440	794579	2.22415e+06
293T_TFF1_DNA_Pool-2_11B:H9:98:03	43	1.00001e+06	1.71688e+06	892048	693680	568751
293T_TFF1_DNA_Pool-2_11B:I7:0R:11	26	1.00001e+06	1.70438e+06	2.08604e+06	4.37238e+06	554009
293T_TFF1_DNA_Pool-2_11B:I7:E1:04	35	1.00001e+06	0	1.00536e+06	834518	449174
293T_TFF1_DNA_Pool-2_11B:J1:0N:04	38	1.00001e+06	444992	1.09049e+06	763211	732161
293T_TFF1_DNA_Pool-2_11B:J1:34:06	60	1.00001e+06	1.00079e+06	1.26351e+06	851219	427316
293T_TFF1_DNA_Pool-2_11B:J1:F3:12	20	1.00001e+06	1.59211e+06	227466	19073.8	0
293T_TFF1_DNA_Pool-2_11B:J1:H8:04	63	1.00001e+06	0	1.20753e+06	800488	1.522e+06
293T_TFF1_DNA_Pool-2_11B:J1:V0:04	37	1.00001e+06	193642	822164	770489	924683
293T_TFF1_DNA_Pool-2_11B:J9:69:03	116	1.00001e+06	1.10959e+06	1.55943e+06	1.24575e+06	2.70388e+06
293T_TFF1_DNA_Pool-2_11B:L1:58:04	24	1.00001e+06	0	380854	14232.3	123032
293T_TFF1_DNA_Pool-2_11B:L1:K5:11	31	1.00001e+06	663070	1.11709e+06	792882	1.12253e+06
293T_TFF1_DNA_Pool-2_11B:L5:H2:11	290	1.00001e+06	738880	2.06843e+06	2.20638e+06	2.45534e+06
293T_TFF1_DNA_Pool-2_11B:M3:32:04	92	1.00001e+06	1.09621e+06	1.26162e+06	776023	756960
293T_TFF1_DNA_Pool-2_11B:M3:I0:04	37	1.00001e+06	94872.7	497923	627870	409113
293T_TFF1_DNA_Pool-2_11B:M7:G0:06	21	1.00001e+06	1.73563e+06	556824	855206	0
293T_TFF1_DNA_Pool-2_11B:M8:K2:11	47	1.00001e+06	291129	965469	782683	804008
293T_TFF1_DNA_Pool-2_11B:N1:G0:06	20	1.00001e+06	170336	437521	776118	828361
293T_TFF1_DNA_Pool-2_11B:N9:0R:11	94	1.00001e+06	752050	1.43628e+06	1.15575e+06	3.02498e+06
293T_TFF1_DNA_Pool-2_11B:N9:G0:06	115	1.00001e+06	1.41181e+06	968674	754329	893439
293T_TFF1_DNA_Pool-2_11B:N9:O2:03	57	1.00001e+06	959194	1.11577e+06	715394	802452
293T_TFF1_DNA_Pool-2_11B:N9:T0:04	157	1.00001e+06	1.7724e+06	1.96128e+06	1.24612e+06	2.12494e+06
293T_TFF1_DNA_Pool-2_11B:N9:T8:04	34	1.00001e+06	0	931097	703610	1.34893e+06
293T_TFF1_DNA_Pool-2_11B:O3:S5:02	24	1.00001e+06	2.03795e+06	726954	789527	450912
293T_TFF1_DNA_Pool-2_11B:O4:D2:03	137	1.00001e+06	0	1.19544e+06	941952	886379
293T_TFF1_DNA_Pool-2_11B:O7:08:08	23	1.00001e+06	1.33142e+06	248992	616499	0
293T_TFF1_DNA_Pool-2_11B:O7:E2:11	71	1.00001e+06	1.54824e+06	1.3692e+06	891579	1.48759e+06
293T_TFF1_DNA_Pool-2_11B:O7:F8:11	75	1.00001e+06	0	1.32005e+06	1.04956e+06	1.03526e+06
293T_TFF1_DNA_Pool-2_11B:O7:G8:11	25	1.00001e+06	1.54347e+06	652046	730490	0
293T_TFF1_DNA_Pool-2_11B:P1:S1:03	38	1.00001e+06	0	826281	804396	748624
293T_TFF1_DNA_Pool-2_11B:P2:E1:11	20	NA	0	345324	35372.7	991255
293T_TFF1_DNA_Pool-2_11B:P9:T0:11	31	1.00001e+06	566604	568828	868115	180752
293T_TFF1_DNA_Pool-2_11B:Q0:02:11	25	1.00001e+06	1.16803e+06	346765	785629	0
293T_TFF1_DNA_Pool-2_11B:Q0:G2:03	30	1.00001e+06	0	530217	755055	130069
293T_TFF1_DNA_Pool-2_11B:Q8:E2:11	104	1.00001e+06	0	1.30001e+06	868490	3.7397e+06
293T_TFF1_DNA_Pool-2_11B:R1:66:11	79	1.00001e+06	288131	989026	939649	1.41318e+06
293T_TFF1_DNA_Pool-2_11B:R1:X7:09	26	1.00001e+06	1.85121e+06	1.0343e+06	781002	156494
293T_TFF1_DNA_Pool-2_11B:R5:D2:11	20	1.00001e+06	0	613715	853077	4.15691e+06
293T_TFF1_DNA_Pool-2_11B:R5:Y5:04	20	1.00001e+06	0	483559	718758	115102
293T_TFF1_DNA_Pool-2_11B:R9:Q0:11	29	1.00001e+06	298467	842448	741420	656064
293T_TFF1_DNA_Pool-2_11B:S7:0J:11	34	1.00001e+06	1.63121e+06	549272	677783	587987
293T_TFF1_DNA_Pool-2_11B:S7:0N:04	54	1.00001e+06	908480	1.1964e+06	1.07582e+06	1.07869e+06
293T_TFF1_DNA_Pool-2_11B:S7:0V:03	61	1.00001e+06	2.17823e+06	717134	783816	237621
293T_TFF1_DNA_Pool-2_11B:S7:G4:01	124	1.00001e+06	0	1.31426e+06	840744	629200
293T_TFF1_DNA_Pool-2_11B:S7:O9:11	65	1.00001e+06	1.89767e+06	810083	804461	2.37697e+06
293T_TFF1_DNA_Pool-2_11B:S8:0F:01	34	1.00001e+06	1.68247e+06	496784	881297	97971.8
293T_TFF1_DNA_Pool-2_11B:S8:0V:04	45	1.00001e+06	439928	685650	972423	867023
293T_TFF1_DNA_Pool-2_11B:T5:R7:11	31	1.00001e+06	197404	682371	746903	536306
293T_TFF1_DNA_Pool-2_11B:U4:F8:07	25	1.00001e+06	2.13831e+06	737171	679967	0
293T_TFF1_DNA_Pool-2_11B:U4:H4:11	1310	1.00001e+06	0	4.39799e+06	1.3977e+07	3.9734e+06
293T_TFF1_DNA_Pool-2_11B:U8:H3:11	20	1.00001e+06	1.45013e+06	448896	817805	152098
293T_TFF1_DNA_Pool-2_11B:V6:50:03	37	1.00001e+06	0	856022	62604	831567
293T_TFF1_DNA_Pool-2_11B:V6:K2:03	23	1.00001e+06	0	461741	605580	0
293T_TFF1_DNA_Pool-2_11B:V6:T4:04	28	1.00001e+06	2.03359e+06	728389	535905	851627
293T_TFF1_DNA_Pool-2_11B:W3:54:11	28	1.00001e+06	0	421680	635949	313192
293T_TFF1_DNA_Pool-2_11B:W8:T0:11	72	1.00001e+06	0	1.19734e+06	834355	1.62619e+06
293T_TFF1_DNA_Pool-2_11B:W8:X3:07	25	1.00001e+06	0	497702	646627	0
293T_TFF1_DNA_Pool-2_11B:X2:97:04	27	1.00001e+06	1.94016e+06	745200	616313	313115
293T_TFF1_DNA_Pool-2_11B:X2:Q8:04	38	1.00001e+06	206905	523438	698684	241042
293T_TFF1_DNA_Pool-2_11B:X5:02:02	41	1.00001e+06	1.03825e+06	1.17122e+06	987037	1.51363e+06
293T_TFF1_DNA_Pool-2_11B:X5:0N:04	69	1.00001e+06	3.03839e+06	1.26022e+06	772995	168549
293T_TFF1_DNA_Pool-2_11B:X5:0R:04	76	1.00001e+06	0	1.09867e+06	828483	679687
293T_TFF1_DNA_Pool-2_11B:X5:81:11	27	1.00001e+06	0	641544	738472	863982
293T_TFF1_DNA_Pool-2_11B:X5:A0:04	66	1.00001e+06	993086	1.22229e+06	1.37278e+06	855752
293T_TFF1_DNA_Pool-2_11B:X5:D0:11	22	1.00001e+06	0	755488	693864	629840
293T_TFF1_DNA_Pool-2_11B:X5:H4:04	57	1.00001e+06	208471	704615	771313	138149
293T_TFF1_DNA_Pool-2_11B:X5:K4:04	81	1.00001e+06	1.43365e+06	1.15308e+06	873427	446218
293T_TFF1_DNA_Pool-2_11B:X5:L8:02	57	1.00001e+06	0	1.27685e+06	673181	554091
293T_TFF1_DNA_Pool-2_11B:X5:M8:12	34	1.00001e+06	1.60899e+06	1.25065e+06	798564	529178
293T_TFF1_DNA_Pool-2_11B:X5:R7:11	41	1.00001e+06	0	853294	225050	0
293T_TFF1_DNA_Pool-2_11B:X5:S5:02	232	1.00001e+06	0	2.10244e+06	2.64068e+06	1.53753e+06
293T_TFF1_DNA_Pool-2_11B:X5:T7:11	26	1.00001e+06	0	995579	821891	640862
293T_TFF1_DNA_Pool-2_11B:X6:20:04	22	1.00001e+06	0	1.09951e+06	722109	1.97972e+06
293T_TFF1_DNA_Pool-2_11B:Y8:L6:09	32	1.00001e+06	0	847460	673761	1.30305e+06
293T_TFF1_DNA_Pool-2_11B:Z1:T0:11	31	1.00001e+06	935587	808363	980275	553384
293T_TFF1_DNA_Pool-2_11B:Z2:I9:11	45	1.00001e+06	2.63015e+06	1.77012e+06	739485	2.51135e+06
293T_TFF1_DNA_Pool-2_11B:Z2:R3:11	56	1.00001e+06	1.56826e+06	844966	845043	144146
293T_TFF1_DNA_Pool-2_11B:Z5:T4:04	24	1.00001e+06	0	606387	210419	0
293T_TFF1_DNA_Pool-2_11A:08:14:08	36	1.00001e+06	805168	927255	756487	764917
293T_TFF1_DNA_Pool-2_11A:0H:61:03	45	1.00001e+06	0	2.84036e+06	4.5847e+06	2.73398e+06
293T_TFF1_DNA_Pool-2_11A:0H:N8:01	95	1.00001e+06	0	982410	762779	994988
293T_TFF1_DNA_Pool-2_11A:0I:Q4:01	30	1.00001e+06	0	505830	465570	0
293T_TFF1_DNA_Pool-2_11A:0X:17:05	40	1.00001e+06	1.84478e+06	873135	870860	1.75482e+06
293T_TFF1_DNA_Pool-2_11A:0X:84:06	33	1.00001e+06	0	702211	23739.3	96645.9
293T_TFF1_DNA_Pool-2_11A:0X:G0:06	37	1.00001e+06	2.15912e+06	888649	826792	558962
293T_TFF1_DNA_Pool-2_11A:0X:T2:06	87	1.00001e+06	0	1.05099e+06	1.04921e+06	367591
293T_TFF1_DNA_Pool-2_11A:0Y:0J:06	21	1.00001e+06	0	492992	739544	528533
293T_TFF1_DNA_Pool-2_11A:0Y:0N:04	63	1.00001e+06	392742	1.44132e+06	1.23571e+06	1.19628e+06
293T_TFF1_DNA_Pool-2_11A:0Y:G0:06	37	1.00001e+06	2.22504e+06	864639	867586	4.5697e+06
293T_TFF1_DNA_Pool-2_11A:0Y:G9:03	53	1.00001e+06	0	603230	637362	1.00348e+06
293T_TFF1_DNA_Pool-2_11A:0Y:I2:07	20	1.00001e+06	500855	1.39421e+06	878161	395146
293T_TFF1_DNA_Pool-2_11A:24:J0:10	39	1.00001e+06	0	1.38082e+06	5.50098e+06	329962
293T_TFF1_DNA_Pool-2_11A:32:Z3:06	33	1.00001e+06	2.03507e+06	791977	697104	97003.7
293T_TFF1_DNA_Pool-2_11A:35:54:06	66	1.00001e+06	216675	834746	650187	375008
293T_TFF1_DNA_Pool-2_11A:39:T4:10	461	1.00001e+06	0	2.53625e+06	5.04317e+06	2.49861e+06
293T_TFF1_DNA_Pool-2_11A:47:0R:06	32	1.00001e+06	3.16567e+06	1.16661e+06	846554	147670
293T_TFF1_DNA_Pool-2_11A:47:46:08	27	1.00001e+06	281757	448863	772842	0
293T_TFF1_DNA_Pool-2_11A:47:X7:02	70	1.00001e+06	1.93999e+06	768983	648277	437184
293T_TFF1_DNA_Pool-2_11A:52:S6:01	27	1.00001e+06	197016	422149	618017	114799
293T_TFF1_DNA_Pool-2_11A:55:61:01	87	1.00001e+06	0	1.19855e+06	882294	860637
293T_TFF1_DNA_Pool-2_11A:63:P0:01	53	1.00001e+06	0	967753	769060	289227
293T_TFF1_DNA_Pool-2_11A:72:X7:03	47	1.00001e+06	1.66593e+06	2.18963e+06	2.67308e+06	3.06922e+06
293T_TFF1_DNA_Pool-2_11A:80:W2:06	29	1.00001e+06	1.21867e+06	1.11537e+06	838141	1.17428e+06
293T_TFF1_DNA_Pool-2_11A:87:0V:03	22	1.00001e+06	1.81078e+06	621779	526388	0
293T_TFF1_DNA_Pool-2_11A:91:Z6:01	30	1.00001e+06	1.54967e+06	424582	27153	0
293T_TFF1_DNA_Pool-2_11A:95:E1:03	99	1.00001e+06	928768	1.48661e+06	875343	1.67803e+06
293T_TFF1_DNA_Pool-2_11A:95:G0:06	24	1.00001e+06	884915	1.49808e+06	718921	984186
293T_TFF1_DNA_Pool-2_11A:95:K2:06	75	1.00001e+06	330393	1.68336e+06	740603	3.6251e+06
293T_TFF1_DNA_Pool-2_11A:95:S9:09	41	1.00001e+06	1.98924e+06	1.72932e+06	805589	4.76558e+06
293T_TFF1_DNA_Pool-2_11A:A7:K2:06	21	1.00001e+06	832440	597681	691992	450302
293T_TFF1_DNA_Pool-2_11A:A7:T2:06	60	1.00001e+06	728978	940225	915819	1.27995e+06
293T_TFF1_DNA_Pool-2_11A:B2:E2:06	34	1.00001e+06	458129	635543	542745	539716
293T_TFF1_DNA_Pool-2_11A:B2:R2:03	43	1.00001e+06	1.89783e+06	781730	772280	883649
293T_TFF1_DNA_Pool-2_11A:B5:S5:02	24	1.00001e+06	0	626232	807659	570756
293T_TFF1_DNA_Pool-2_11A:B5:Z8:06	23	1.00001e+06	0	481268	821130	92863.8
293T_TFF1_DNA_Pool-2_11A:B6:J0:01	294	1.00001e+06	0	1.86223e+06	3.31154e+06	1.09446e+06
293T_TFF1_DNA_Pool-2_11A:C7:D7:06	33	1.00001e+06	0	828483	753126	1.93362e+06
293T_TFF1_DNA_Pool-2_11A:D6:O6:06	99	1.00001e+06	950709	1.24826e+06	1.15944e+06	980279
293T_TFF1_DNA_Pool-2_11A:D6:T4:01	40	1.00001e+06	2.40493e+06	1.04885e+06	605132	1.67793e+06
293T_TFF1_DNA_Pool-2_11A:D9:P0:01	40	1.00001e+06	0	433964	826350	54819.6
293T_TFF1_DNA_Pool-2_11A:E3:G0:06	20	1.00001e+06	0	654973	727966	88824.1
293T_TFF1_DNA_Pool-2_11A:E4:P0:01	66	1.00001e+06	0	1.03343e+06	730658	355577
293T_TFF1_DNA_Pool-2_11A:F2:S5:04	34	1.00001e+06	811058	923131	747492	867401
293T_TFF1_DNA_Pool-2_11A:G4:Z3:01	121	1.00001e+06	3.26277e+06	1.43283e+06	986137	605576
293T_TFF1_DNA_Pool-2_11A:H1:68:01	424	1.00001e+06	3.15236e+06	2.42629e+06	3.99204e+06	1.43036e+06
293T_TFF1_DNA_Pool-2_11A:I8:54:06	273	1.00001e+06	2.61849e+06	1.69162e+06	981887	2.65014e+06
293T_TFF1_DNA_Pool-2_11A:I8:Y5:01	106	1.00001e+06	1.42364e+06	1.02959e+06	734946	359758
293T_TFF1_DNA_Pool-2_11A:J1:0K:01	88	1.00001e+06	2.24737e+06	1.03023e+06	765395	565990
293T_TFF1_DNA_Pool-2_11A:J1:0N:04	40	1.00001e+06	2.50241e+06	1.01598e+06	781922	3.23568e+06
293T_TFF1_DNA_Pool-2_11A:J1:33:05	23	1.00001e+06	0	457966	7884.51	48795.8
293T_TFF1_DNA_Pool-2_11A:J1:97:01	81	1.00001e+06	1.86124e+06	964794	770149	516304
293T_TFF1_DNA_Pool-2_11A:J1:G0:06	27	1.00001e+06	1.34573e+06	625858	619026	112856
293T_TFF1_DNA_Pool-2_11A:J6:50:06	51	1.00001e+06	298118	773193	787378	332238
293T_TFF1_DNA_Pool-2_11A:L2:Z3:06	41	1.00001e+06	204877	946291	803489	647552
293T_TFF1_DNA_Pool-2_11A:M4:Z2:02	22	1.00001e+06	1.62551e+06	637188	811540	351619
293T_TFF1_DNA_Pool-2_11A:N2:0N:06	25	1.00001e+06	0	1.21857e+06	778395	887471
293T_TFF1_DNA_Pool-2_11A:N2:M0:06	25	1.00001e+06	0	534108	26837.8	257499
293T_TFF1_DNA_Pool-2_11A:N5:G4:01	75	1.00001e+06	2.13491e+06	1.00862e+06	802710	1.08248e+06
293T_TFF1_DNA_Pool-2_11A:N9:0N:04	37	1.00001e+06	1.6322e+06	523326	26034.9	3.43462e+06
293T_TFF1_DNA_Pool-2_11A:N9:98:09	53	1.00001e+06	0	924206	846127	212552
293T_TFF1_DNA_Pool-2_11A:N9:F2:09	86	1.00001e+06	0	924286	1.0876e+06	102141
293T_TFF1_DNA_Pool-2_11A:N9:G0:06	24	1.00001e+06	185566	325818	760365	183090
293T_TFF1_DNA_Pool-2_11A:O7:O6:02	98	1.00001e+06	0	1.5268e+06	1.10286e+06	1.51938e+06
293T_TFF1_DNA_Pool-2_11A:O7:Z2:02	26	1.00001e+06	0	651229	840196	269452
293T_TFF1_DNA_Pool-2_11A:Q4:M8:09	40	1.00001e+06	1.58252e+06	595212	678084	948292
293T_TFF1_DNA_Pool-2_11A:Q8:N7:11	22	1.00001e+06	625369	600769	12578.6	1.20172e+06
293T_TFF1_DNA_Pool-2_11A:R6:C0:01	37	1.00001e+06	375092	493727	66740	212204
293T_TFF1_DNA_Pool-2_11A:S7:0N:04	50	1.00001e+06	0	1.39038e+06	759933	1.99694e+06
293T_TFF1_DNA_Pool-2_11A:S7:G0:06	33	1.00001e+06	1.9775e+06	724881	751475	3.30224e+06
293T_TFF1_DNA_Pool-2_11A:S7:H7:04	25	1.00001e+06	1.7323e+06	1.25685e+06	863730	4.49988e+06
293T_TFF1_DNA_Pool-2_11A:S8:0F:01	42	1.00001e+06	0	524524	803164	114793
293T_TFF1_DNA_Pool-2_11A:T5:R0:06	24	1.00001e+06	0	580459	227664	668817
293T_TFF1_DNA_Pool-2_11A:T5:X4:05	114	1.00001e+06	2.76173e+06	1.09629e+06	810797	472495
293T_TFF1_DNA_Pool-2_11A:T5:Z3:06	60	1.00001e+06	0	720534	833342	315614
293T_TFF1_DNA_Pool-2_11A:V2:T4:01	69	1.00001e+06	1.5312e+06	830795	837279	323924
293T_TFF1_DNA_Pool-2_11A:V9:54:06	102	1.00001e+06	0	636006	713711	232413
293T_TFF1_DNA_Pool-2_11A:V9:X7:04	34	1.00001e+06	2.25475e+06	759015	642950	578617
293T_TFF1_DNA_Pool-2_11A:W7:B2:03	30	1.00001e+06	1.3776e+06	410374	731191	0
293T_TFF1_DNA_Pool-2_11A:W8:B2:07	45	1.00001e+06	0	1.07162e+06	721109	2.5795e+06
293T_TFF1_DNA_Pool-2_11A:X1:61:03	28	1.00001e+06	572087	711236	884602	1.81779e+06
293T_TFF1_DNA_Pool-2_11A:X1:S9:09	24	1.00001e+06	0	2.99988e+06	811797	2.85045e+06
293T_TFF1_DNA_Pool-2_11A:X5:0V:06	30	1.00001e+06	2.44952e+06	668163	671806	628858
293T_TFF1_DNA_Pool-2_11A:X5:30:09	43	1.00001e+06	312863	1.16836e+06	772106	532448
293T_TFF1_DNA_Pool-2_11A:X5:58:06	71	1.00001e+06	1.6686e+06	1.33033e+06	1.23465e+06	656050
293T_TFF1_DNA_Pool-2_11A:X5:B3:02	68	1.00001e+06	0	1.01485e+06	796546	441750
293T_TFF1_DNA_Pool-2_11A:X5:G0:06	33	1.00001e+06	0	973013	637748	174457
293T_TFF1_DNA_Pool-2_11A:X6:C0:05	20	1.00001e+06	1.62979e+06	844968	833202	1.40008e+06
293T_TFF1_DNA_Pool-2_11A:X9:E2:08	28	1.00001e+06	0	290288	192756	0
293T_TFF1_DNA_Pool-2_11A:Z9:N8:01	74	1.00001e+06	0	1.15625e+06	909526	822313
293T_TFF1_DNA_Pool-2_12H:08:A0:01	30	1.00001e+06	1.97478e+06	459257	620154	0
293T_TFF1_DNA_Pool-2_12H:08:H2:11	25	1.00001e+06	857111	1.04842e+06	1.00388e+06	1.87166e+06
293T_TFF1_DNA_Pool-2_12H:0D:54:11	21	1.00001e+06	2.10517e+06	737733	663283	700768
293T_TFF1_DNA_Pool-2_12H:0H:61:03	24	1.00001e+06	591684	1.01338e+06	2.53568e+06	1.11221e+06
293T_TFF1_DNA_Pool-2_12H:0H:Q8:12	22	1.00001e+06	741482	499682	777821	398620
293T_TFF1_DNA_Pool-2_12H:0Q:O5:12	171	1.00001e+06	0	1.07449e+06	955942	1.31721e+06
293T_TFF1_DNA_Pool-2_12H:0Q:Y2:01	39	1.00001e+06	1.69759e+06	429480	793779	240906
293T_TFF1_DNA_Pool-2_12H:0X:45:07	111	1.00001e+06	483232	746202	742054	385501
293T_TFF1_DNA_Pool-2_12H:0X:54:11	57	1.00001e+06	855449	1.34898e+06	852103	3.58656e+06
293T_TFF1_DNA_Pool-2_12H:0X:54:12	24	1.00001e+06	0	434544	635666	0
293T_TFF1_DNA_Pool-2_12H:0X:G8:12	20	1.00001e+06	1.91214e+06	650617	788592	117685
293T_TFF1_DNA_Pool-2_12H:0X:K2:01	165	1.00001e+06	0	1.93227e+06	911895	1.3896e+06
293T_TFF1_DNA_Pool-2_12H:0X:T7:02	74	1.00001e+06	821261	1.30068e+06	1.02799e+06	1.9709e+06
293T_TFF1_DNA_Pool-2_12H:0X:W2:11	24	1.00001e+06	0	937017	691061	2.10037e+06
293T_TFF1_DNA_Pool-2_12H:0Y:0B:12	21	1.00001e+06	0	628503	737257	0
293T_TFF1_DNA_Pool-2_12H:0Y:0N:11	23	1.00001e+06	0	425344	212540	716377
293T_TFF1_DNA_Pool-2_12H:0Y:54:12	21	1.00001e+06	1.66725e+06	531618	189633	100587
293T_TFF1_DNA_Pool-2_12H:0Y:69:11	41	1.00001e+06	1.23337e+06	394458	810399	0
293T_TFF1_DNA_Pool-2_12H:0Y:L3:12	27	1.00001e+06	114137	318329	10353.8	15681.8
293T_TFF1_DNA_Pool-2_12H:0Y:V3:11	31	1.00001e+06	0	2.26622e+06	954142	787076
293T_TFF1_DNA_Pool-2_12H:0Y:Y1:11	27	1.00001e+06	2.448e+06	620706	568795	398876
293T_TFF1_DNA_Pool-2_12H:12:F2:01	53	1.00001e+06	0	926511	776751	773264
293T_TFF1_DNA_Pool-2_12H:15:56:01	332	1.00001e+06	0	1.44043e+06	1.12827e+06	897346
293T_TFF1_DNA_Pool-2_12H:20:E2:11	33	1.00001e+06	1.54767e+06	546098	917947	1.3396e+06
293T_TFF1_DNA_Pool-2_12H:24:F6:01	276	1.00001e+06	1.997e+06	1.9184e+06	4.46069e+06	2.06838e+06
293T_TFF1_DNA_Pool-2_12H:32:54:11	27	1.00001e+06	1.65186e+06	1.09822e+06	895535	1.53145e+06
293T_TFF1_DNA_Pool-2_12H:39:Y6:11	33	1.00001e+06	1.4036e+06	2.04759e+06	992007	0
293T_TFF1_DNA_Pool-2_12H:47:0O:12	23	1.00001e+06	443947	669270	663375	1.01618e+06
293T_TFF1_DNA_Pool-2_12H:47:37:12	35	1.00001e+06	0	412671	631180	0
293T_TFF1_DNA_Pool-2_12H:47:F3:01	42	1.00001e+06	0	802654	672272	670952
293T_TFF1_DNA_Pool-2_12H:47:G4:11	63	1.00001e+06	2.2211e+06	1.10517e+06	1.0299e+06	465013
293T_TFF1_DNA_Pool-2_12H:47:T0:12	24	1.00001e+06	1.38896e+06	821157	871986	0
293T_TFF1_DNA_Pool-2_12H:47:T4:11	48	1.00001e+06	1.79944e+06	1.14018e+06	857768	788868
293T_TFF1_DNA_Pool-2_12H:47:U6:12	25	1.00001e+06	123874	837313	722357	933905
293T_TFF1_DNA_Pool-2_12H:47:Y5:12	26	1.00001e+06	199375	416650	868947	386309
293T_TFF1_DNA_Pool-2_12H:67:46:11	21	1.00001e+06	0	706823	795233	1.06109e+06
293T_TFF1_DNA_Pool-2_12H:95:41:01	1030	1.00001e+06	0	4.16818e+06	1.35242e+07	5.2637e+06
293T_TFF1_DNA_Pool-2_12H:95:E2:07	113	1.00001e+06	1.31887e+06	1.57238e+06	1.22999e+06	2.97547e+06
293T_TFF1_DNA_Pool-2_12H:95:F2:12	20	1.00001e+06	216584	875828	751853	674989
293T_TFF1_DNA_Pool-2_12H:95:O5:01	40	1.00001e+06	2.63523e+06	1.03334e+06	909027	517085
293T_TFF1_DNA_Pool-2_12H:95:O5:11	33	1.00001e+06	1.719e+06	844743	509517	4.42703e+06
293T_TFF1_DNA_Pool-2_12H:99:0R:11	24	1.00001e+06	0	655479	794217	83771.3
293T_TFF1_DNA_Pool-2_12H:99:F2:12	29	1.00001e+06	0	532000	657038	510517
293T_TFF1_DNA_Pool-2_12H:A7:0R:11	29	1.00001e+06	115737	774262	767808	637758
293T_TFF1_DNA_Pool-2_12H:A7:F2:01	26	1.00001e+06	1.70353e+06	353329	14899.9	0
293T_TFF1_DNA_Pool-2_12H:B2:0V:12	430	1.00001e+06	6.82334e+06	2.14611e+06	3.38164e+06	2.71359e+06
293T_TFF1_DNA_Pool-2_12H:B2:76:01	363	1.00001e+06	1.05546e+06	1.74238e+06	856745	1.40841e+06
293T_TFF1_DNA_Pool-2_12H:D6:X8:11	109	1.00001e+06	1.37465e+06	968557	850840	941099
293T_TFF1_DNA_Pool-2_12H:E0:56:12	32	1.00001e+06	0	915458	901130	305014
293T_TFF1_DNA_Pool-2_12H:E3:56:04	22	1.00001e+06	0	580320	15691.2	1.14281e+06
293T_TFF1_DNA_Pool-2_12H:E4:P4:01	20	1.00001e+06	0	552769	595984	174293
293T_TFF1_DNA_Pool-2_12H:F1:B2:11	20	1.00001e+06	170427	470283	770951	119122
293T_TFF1_DNA_Pool-2_12H:G7:F6:11	87	1.00001e+06	1.36509e+06	1.08133e+06	854544	536448
293T_TFF1_DNA_Pool-2_12H:G8:B2:11	25	1.00001e+06	1.77089e+06	756452	765857	264683
293T_TFF1_DNA_Pool-2_12H:H5:78:01	20	1.00001e+06	1.98248e+06	583280	724799	1.04121e+06
293T_TFF1_DNA_Pool-2_12H:I0:O2:01	32	1.00001e+06	177166	421514	632133	0
293T_TFF1_DNA_Pool-2_12H:I4:S9:01	390	1.00001e+06	3.54525e+06	2.38955e+06	4.1239e+06	2.13242e+06
293T_TFF1_DNA_Pool-2_12H:J1:34:11	63	1.00001e+06	1.27868e+06	1.18204e+06	727670	728305
293T_TFF1_DNA_Pool-2_12H:J1:F8:01	29	1.00001e+06	0	578296	827635	0
293T_TFF1_DNA_Pool-2_12H:J1:H3:01	38	1.00001e+06	2.64385e+06	882691	795513	171661
293T_TFF1_DNA_Pool-2_12H:J1:H8:07	79	1.00001e+06	0	1.07662e+06	877238	878577
293T_TFF1_DNA_Pool-2_12H:J1:U1:12	20	1.00001e+06	1.81433e+06	603755	16324	0
293T_TFF1_DNA_Pool-2_12H:J2:24:07	21	1.00001e+06	374910	586093	14254.4	0
293T_TFF1_DNA_Pool-2_12H:J2:T4:12	20	1.00001e+06	0	466595	23040.4	190569
293T_TFF1_DNA_Pool-2_12H:K7:76:01	172	1.00001e+06	1.8019e+06	1.47922e+06	765087	1.53254e+06
293T_TFF1_DNA_Pool-2_12H:M0:54:01	49	1.00001e+06	286858	535456	759205	392566
293T_TFF1_DNA_Pool-2_12H:N9:B2:01	75	1.00001e+06	1.53005e+06	1.0836e+06	808036	895598
293T_TFF1_DNA_Pool-2_12H:N9:D0:12	94	1.00001e+06	714026	1.16245e+06	909380	1.34491e+06
293T_TFF1_DNA_Pool-2_12H:N9:N7:03	21	1.00001e+06	1.5235e+06	2.09675e+06	806084	0
293T_TFF1_DNA_Pool-2_12H:O7:76:11	28	1.00001e+06	627286	353537	598251	412546
293T_TFF1_DNA_Pool-2_12H:P2:58:01	31	1.00001e+06	1.58899e+06	1.42015e+06	689448	2.539e+06
293T_TFF1_DNA_Pool-2_12H:P2:B7:11	82	1.00001e+06	326323	897666	917081	0
293T_TFF1_DNA_Pool-2_12H:P2:O2:01	45	1.00001e+06	0	1.02885e+06	828943	842210
293T_TFF1_DNA_Pool-2_12H:P6:20:04	444	1.00001e+06	0	2.55242e+06	3.30297e+06	3.12091e+06
293T_TFF1_DNA_Pool-2_12H:P9:T2:12	60	1.00001e+06	2.09427e+06	785551	992273	0
293T_TFF1_DNA_Pool-2_12H:Q0:0R:11	20	1.00001e+06	0	739979	806776	2.48143e+06
293T_TFF1_DNA_Pool-2_12H:Q0:C4:01	43	1.00001e+06	0	1.2169e+06	754476	188973
293T_TFF1_DNA_Pool-2_12H:R9:U6:12	22	1.00001e+06	1.6657e+06	400013	749088	121321
293T_TFF1_DNA_Pool-2_12H:S7:0R:12	29	1.00001e+06	0	851884	878708	0
293T_TFF1_DNA_Pool-2_12H:S7:H6:01	68	1.00001e+06	0	900685	822276	1.47261e+06
293T_TFF1_DNA_Pool-2_12H:S7:P8:01	46	1.00001e+06	1.59501e+06	960699	746771	718739
293T_TFF1_DNA_Pool-2_12H:S8:50:11	21	1.00001e+06	1.58252e+06	322261	793000	126674
293T_TFF1_DNA_Pool-2_12H:S8:98:11	34	1.00001e+06	506586	888794	988883	1.35626e+06
293T_TFF1_DNA_Pool-2_12H:S8:B3:01	29	NA	2.08861e+06	354889	8097.53	206875
293T_TFF1_DNA_Pool-2_12H:S8:M8:11	34	1.00001e+06	745114	954566	706529	2.77366e+06
293T_TFF1_DNA_Pool-2_12H:T1:T4:01	32	1.00001e+06	692405	767901	889336	0
293T_TFF1_DNA_Pool-2_12H:V2:E1:12	26	1.00001e+06	2.22889e+06	1.63541e+06	968881	5.30654e+06
293T_TFF1_DNA_Pool-2_12H:V9:X0:01	39	1.00001e+06	1.45062e+06	2.29293e+06	748236	1.87623e+06
293T_TFF1_DNA_Pool-2_12H:W8:0R:01	54	1.00001e+06	206850	925068	734281	144532
293T_TFF1_DNA_Pool-2_12H:X1:49:01	24	1.00001e+06	847745	923867	801815	1.11558e+06
293T_TFF1_DNA_Pool-2_12H:X5:0F:11	36	1.00001e+06	1.71015e+06	528309	772055	324726
293T_TFF1_DNA_Pool-2_12H:X5:B2:03	59	1.00001e+06	816035	629760	746057	825110
293T_TFF1_DNA_Pool-2_12H:X5:F8:12	25	1.00001e+06	2.27667e+06	435513	869203	469836
293T_TFF1_DNA_Pool-2_12H:X5:H8:07	111	1.00001e+06	1.1226e+06	1.73455e+06	940972	1.40248e+06
293T_TFF1_DNA_Pool-2_12H:X5:J0:11	63	1.00001e+06	1.91043e+06	853146	643934	757786
293T_TFF1_DNA_Pool-2_12H:X5:M1:11	42	1.00001e+06	0	551600	639773	613760
293T_TFF1_DNA_Pool-2_12H:X9:H6:12	68	1.00001e+06	0	1.2573e+06	1.11322e+06	1.55801e+06
293T_TFF1_DNA_Pool-2_12H:Y3:94:01	52	1.00001e+06	908523	1.30643e+06	905496	995346
293T_TFF1_DNA_Pool-2_12H:Y3:F3:11	24	1.00001e+06	169914	505570	21604.3	0
293T_TFF1_DNA_Pool-2_12H:Y7:F3:11	448	1.00001e+06	7.13448e+06	2.56867e+06	7.17427e+06	2.2388e+06
293T_TFF1_DNA_Pool-2_12H:Z5:56:11	20	1.00001e+06	94910.1	524893	839197	61029.3
293T_TFF1_DNA_Pool-2_12H:Z5:H8:07	29	1.00001e+06	286553	1.79946e+06	797987	3.95943e+06
293T_TFF1_DNA_Pool-2_12G:0I:A2:03	102	1.00001e+06	1.17992e+06	1.14943e+06	1.08767e+06	1.01714e+06
293T_TFF1_DNA_Pool-2_12G:0Q:D2:05	46	1.00001e+06	1.35661e+06	1.49786e+06	735154	1.67075e+06
293T_TFF1_DNA_Pool-2_12G:0T:E9:11	23	1.00001e+06	1.85167e+06	346027	281218	55911.3
293T_TFF1_DNA_Pool-2_12G:0X:D2:06	26	1.00001e+06	531661	983984	749902	3.95614e+06
293T_TFF1_DNA_Pool-2_12G:0X:I0:05	33	1.00001e+06	0	590678	225980	333106
293T_TFF1_DNA_Pool-2_12G:0X:M4:05	76	1.00001e+06	0	1.48649e+06	856765	940038
293T_TFF1_DNA_Pool-2_12G:0X:O2:03	67	1.00001e+06	1.87874e+06	1.14251e+06	943160	706953
293T_TFF1_DNA_Pool-2_12G:0X:Q1:05	49	1.00001e+06	0	1.06295e+06	1.10903e+06	137481
293T_TFF1_DNA_Pool-2_12G:0X:Z3:02	79	1.00001e+06	1.32768e+06	963480	836215	2.78634e+06
293T_TFF1_DNA_Pool-2_12G:0Y:J6:08	29	1.00001e+06	403594	566850	736421	876288
293T_TFF1_DNA_Pool-2_12G:0Y:N8:11	62	1.00001e+06	2.44885e+06	1.10771e+06	738092	2.55053e+06
293T_TFF1_DNA_Pool-2_12G:0Y:Y6:05	88	1.00001e+06	0	1.35931e+06	734464	789998
293T_TFF1_DNA_Pool-2_12G:15:76:05	36	1.00001e+06	340375	1.12532e+06	918296	3.95151e+06
293T_TFF1_DNA_Pool-2_12G:23:0V:03	115	1.00001e+06	0	1.49771e+06	1.16957e+06	404725
293T_TFF1_DNA_Pool-2_12G:31:26:07	87	1.00001e+06	0	693501	792347	437464
293T_TFF1_DNA_Pool-2_12G:35:Y6:05	42	1.00001e+06	235323	1.04231e+06	773545	5.29014e+06
293T_TFF1_DNA_Pool-2_12G:40:G1:05	39	1.00001e+06	0	1.63004e+06	929132	1.11957e+06
293T_TFF1_DNA_Pool-2_12G:47:24:04	45	1.00001e+06	2.21358e+06	858023	738710	500298
293T_TFF1_DNA_Pool-2_12G:47:N4:03	27	1.00001e+06	1.64447e+06	733404	961481	35955.6
293T_TFF1_DNA_Pool-2_12G:55:B2:04	20	1.00001e+06	749497	1.13753e+06	807083	1.59672e+06
293T_TFF1_DNA_Pool-2_12G:71:D3:05	37	1.00001e+06	1.37593e+06	484585	787126	123543
293T_TFF1_DNA_Pool-2_12G:71:D3:10	29	1.00001e+06	0	479606	533294	0
293T_TFF1_DNA_Pool-2_12G:72:G0:04	23	1.00001e+06	0	919060	808935	192021
293T_TFF1_DNA_Pool-2_12G:91:S9:03	542	1.00001e+06	4.03937e+06	3.02631e+06	7.04558e+06	2.97638e+06
293T_TFF1_DNA_Pool-2_12G:95:56:04	46	1.00001e+06	1.59348e+06	646632	846082	272584
293T_TFF1_DNA_Pool-2_12G:95:G8:09	29	1.00001e+06	0	565571	748050	579861
293T_TFF1_DNA_Pool-2_12G:A3:0V:05	22	1.00001e+06	1.8849e+06	799168	698032	4.12769e+06
293T_TFF1_DNA_Pool-2_12G:A3:U5:11	26	1.00001e+06	1.81257e+06	602905	769809	920502
293T_TFF1_DNA_Pool-2_12G:A4:X4:07	20	1.00001e+06	1.97782e+06	1.69336e+06	182189	1.20718e+06
293T_TFF1_DNA_Pool-2_12G:B2:G4:07	26	1.00001e+06	1.70383e+06	346998	15153.5	507678
293T_TFF1_DNA_Pool-2_12G:B5:41:05	65	1.00001e+06	0	1.25225e+06	727737	574423
293T_TFF1_DNA_Pool-2_12G:B6:E2:05	24	1.00001e+06	0	526038	788145	902334
293T_TFF1_DNA_Pool-2_12G:D1:A2:05	39	1.00001e+06	2.32885e+06	707174	614969	231901
293T_TFF1_DNA_Pool-2_12G:D5:54:03	24	1.00001e+06	0	929990	827812	2.13259e+06
293T_TFF1_DNA_Pool-2_12G:E0:J4:03	49	1.00001e+06	716479	677011	653643	215868
293T_TFF1_DNA_Pool-2_12G:E0:O2:11	23	1.00001e+06	1.37846e+06	426891	974393	0
293T_TFF1_DNA_Pool-2_12G:E3:46:03	52	1.00001e+06	0	1.02858e+06	794540	549996
293T_TFF1_DNA_Pool-2_12G:E3:H8:03	37	1.00001e+06	2.01972e+06	618175	546259	1.57721e+06
293T_TFF1_DNA_Pool-2_12G:E3:L0:05	24	1.00001e+06	474969	726064	730826	696413
293T_TFF1_DNA_Pool-2_12G:E4:J0:03	29	1.00001e+06	0	795446	674083	622012
293T_TFF1_DNA_Pool-2_12G:F1:I1:11	21	1.00001e+06	2.44892e+06	1.12821e+06	701509	0
293T_TFF1_DNA_Pool-2_12G:F7:N3:05	21	1.00001e+06	169190	604034	674707	1.02046e+06
293T_TFF1_DNA_Pool-2_12G:G0:L0:07	31	1.00001e+06	1.43938e+06	850760	744855	74969.3
293T_TFF1_DNA_Pool-2_12G:G4:97:05	35	1.00001e+06	1.19798e+06	3.18242e+06	1.17176e+06	463949
293T_TFF1_DNA_Pool-2_12G:H2:C0:05	31	1.00001e+06	2.04322e+06	772395	747966	0
293T_TFF1_DNA_Pool-2_12G:H2:M1:03	21	1.00001e+06	0	409989	609191	133964
293T_TFF1_DNA_Pool-2_12G:H6:B3:02	21	1.00001e+06	119365	509248	810769	96052.9
293T_TFF1_DNA_Pool-2_12G:H9:M0:05	26	1.00001e+06	197840	577226	18238.3	910809
293T_TFF1_DNA_Pool-2_12G:J1:29:01	27	1.00001e+06	0	431243	773756	935022
293T_TFF1_DNA_Pool-2_12G:J1:34:05	74	1.00001e+06	783283	928725	1.0644e+06	510162
293T_TFF1_DNA_Pool-2_12G:J1:94:05	136	1.00001e+06	0	1.34935e+06	829364	1.40589e+06
293T_TFF1_DNA_Pool-2_12G:J9:J3:11	22	1.00001e+06	2.52496e+06	760060	116911	305186
293T_TFF1_DNA_Pool-2_12G:K8:0R:11	51	1.00001e+06	1.8779e+06	606378	698166	187880
293T_TFF1_DNA_Pool-2_12G:M3:29:02	209	1.00001e+06	2.51974e+06	1.44206e+06	825843	979140
293T_TFF1_DNA_Pool-2_12G:N9:06:05	22	1.00001e+06	1.58252e+06	329456	619124	0
293T_TFF1_DNA_Pool-2_12G:N9:28:01	28	1.00001e+06	113738	262077	507920	207500
293T_TFF1_DNA_Pool-2_12G:N9:56:04	71	1.00001e+06	1.83306e+06	1.04062e+06	831207	134489
293T_TFF1_DNA_Pool-2_12G:N9:E6:11	63	1.00001e+06	0	896822	677367	608303
293T_TFF1_DNA_Pool-2_12G:N9:J8:07	23	1.00001e+06	0	753581	684867	225883
293T_TFF1_DNA_Pool-2_12G:N9:O5:03	131	1.00001e+06	2.44221e+06	1.67099e+06	1.48566e+06	2.48303e+06
293T_TFF1_DNA_Pool-2_12G:N9:T0:04	70	1.00001e+06	1.19756e+06	1.30703e+06	1.23484e+06	0
293T_TFF1_DNA_Pool-2_12G:O3:L7:11	20	1.00001e+06	1.8121e+06	888462	781121	0
293T_TFF1_DNA_Pool-2_12G:O7:N8:03	53	1.00001e+06	0	710662	971531	242418
293T_TFF1_DNA_Pool-2_12G:P5:N8:05	33	1.00001e+06	568238	1.73834e+06	739133	1.18044e+06
293T_TFF1_DNA_Pool-2_12G:R1:A6:01	23	1.00001e+06	0	836043	729268	1.14834e+06
293T_TFF1_DNA_Pool-2_12G:R1:W2:05	24	1.00001e+06	1.91517e+06	982184	816019	3.70034e+06
293T_TFF1_DNA_Pool-2_12G:R2:A4:11	50	1.00001e+06	1.15803e+06	1.0263e+06	849437	476313
293T_TFF1_DNA_Pool-2_12G:R2:F2:05	26	1.00001e+06	966556	1.24731e+06	715212	1.31029e+06
293T_TFF1_DNA_Pool-2_12G:R5:97:05	52	1.00001e+06	0	649313	677497	239190
293T_TFF1_DNA_Pool-2_12G:R6:0O:05	26	1.00001e+06	0	583962	720327	0
293T_TFF1_DNA_Pool-2_12G:R6:O6:03	44	1.00001e+06	1.86564e+06	711082	663722	705073
293T_TFF1_DNA_Pool-2_12G:S0:50:05	100	1.00001e+06	0	1.09566e+06	822311	1.57222e+06
293T_TFF1_DNA_Pool-2_12G:S3:E6:03	34	1.00001e+06	1.59224e+06	670542	768432	356588
293T_TFF1_DNA_Pool-2_12G:S4:D2:11	22	1.00001e+06	2.04755e+06	804958	843551	283132
293T_TFF1_DNA_Pool-2_12G:S7:34:05	33	1.00001e+06	836203	681439	600019	791866
293T_TFF1_DNA_Pool-2_12G:S7:56:04	41	1.00001e+06	2.60615e+06	539081	1.15876e+06	324818
293T_TFF1_DNA_Pool-2_12G:S7:78:07	37	1.00001e+06	0	1.16461e+06	736007	325811
293T_TFF1_DNA_Pool-2_12G:S7:B0:05	90	1.00001e+06	380206	995695	702706	1.27452e+06
293T_TFF1_DNA_Pool-2_12G:S7:G8:09	31	1.00001e+06	0	625534	531830	116521
293T_TFF1_DNA_Pool-2_12G:S7:Y6:05	113	1.00001e+06	0	1.29331e+06	882824	445840
293T_TFF1_DNA_Pool-2_12G:S8:24:04	54	1.00001e+06	2.03753e+06	958610	587551	468724
293T_TFF1_DNA_Pool-2_12G:S8:25:06	20	1.00001e+06	2.1998e+06	906390	162813	0
293T_TFF1_DNA_Pool-2_12G:S8:G0:03	35	1.00001e+06	0	847212	748835	628840
293T_TFF1_DNA_Pool-2_12G:S8:J8:11	38	1.00001e+06	2.06138e+06	841300	738869	0
293T_TFF1_DNA_Pool-2_12G:T2:28:07	126	1.00001e+06	2.90354e+06	1.65225e+06	895110	1.32807e+06
293T_TFF1_DNA_Pool-2_12G:T5:O2:11	20	1.00001e+06	1.62888e+06	433953	683083	0
293T_TFF1_DNA_Pool-2_12G:U4:72:05	228	1.00001e+06	1.9372e+06	2.0666e+06	1.13534e+06	1.25721e+06
293T_TFF1_DNA_Pool-2_12G:V1:A6:07	20	NA	1.05824e+06	266844	631438	112041
293T_TFF1_DNA_Pool-2_12G:V9:0W:11	22	1.00001e+06	2.07179e+06	797564	38297.9	543084
293T_TFF1_DNA_Pool-2_12G:W0:0R:03	60	1.00001e+06	331048	680136	639245	163944
293T_TFF1_DNA_Pool-2_12G:W8:L8:11	92	1.00001e+06	0	1.15061e+06	726205	3.01067e+06
293T_TFF1_DNA_Pool-2_12G:X5:56:04	91	1.00001e+06	1.53012e+06	1.2194e+06	705286	1.74515e+06
293T_TFF1_DNA_Pool-2_12G:X5:84:03	79	1.00001e+06	0	1.13285e+06	701144	1.38446e+06
293T_TFF1_DNA_Pool-2_12G:X5:A6:03	51	1.00001e+06	0	1.08888e+06	712313	178490
293T_TFF1_DNA_Pool-2_12G:X5:B3:02	91	1.00001e+06	2.22262e+06	810791	266578	629227
293T_TFF1_DNA_Pool-2_12G:X5:C4:10	44	1.00001e+06	1.45899e+06	809016	875222	3.52658e+06
293T_TFF1_DNA_Pool-2_12G:X5:S9:03	59	1.00001e+06	0	648386	700971	98155.6
293T_TFF1_DNA_Pool-2_12G:X5:T8:07	46	1.00001e+06	1.77409e+06	866411	783586	650653
293T_TFF1_DNA_Pool-2_12G:X5:U6:05	27	1.00001e+06	1.58252e+06	222951	627848	160433
293T_TFF1_DNA_Pool-2_12G:Y3:H3:11	21	1.00001e+06	185655	347352	790569	0
293T_TFF1_DNA_Pool-2_12G:Y3:Y6:03	36	1.00001e+06	186344	480006	633593	423196
293T_TFF1_DNA_Pool-2_12F:08:0K:04	31	1.00001e+06	2.03743e+06	799968	877614	2.75466e+06
293T_TFF1_DNA_Pool-2_12F:08:56:04	93	1.00001e+06	0	2.06782e+06	1.29068e+06	1.36253e+06
293T_TFF1_DNA_Pool-2_12F:08:R2:04	512	1.00001e+06	0	2.96074e+06	6.67027e+06	2.28195e+06
293T_TFF1_DNA_Pool-2_12F:0H:61:03	26	1.00001e+06	0	764181	2.40081e+06	462209
293T_TFF1_DNA_Pool-2_12F:0H:E8:02	28	1.00001e+06	0	714424	969516	376423
293T_TFF1_DNA_Pool-2_12F:0T:M4:11	26	1.00001e+06	1.60175e+06	334569	212245	0
293T_TFF1_DNA_Pool-2_12F:0X:49:04	52	1.00001e+06	0	1.33851e+06	1.00802e+06	2.05429e+06
293T_TFF1_DNA_Pool-2_12F:0X:56:04	270	1.00001e+06	4.39179e+06	3.18024e+06	1.81409e+06	1.23672e+06
293T_TFF1_DNA_Pool-2_12F:0X:D4:04	29	1.00001e+06	1.66395e+06	418393	805739	344136
293T_TFF1_DNA_Pool-2_12F:0X:G4:04	157	1.00001e+06	1.85737e+06	1.23634e+06	878730	2.24738e+06
293T_TFF1_DNA_Pool-2_12F:0X:M4:04	58	1.00001e+06	0	1.05165e+06	827049	643198
293T_TFF1_DNA_Pool-2_12F:0X:N7:03	54	1.00001e+06	484703	1.39605e+06	1.24933e+06	1.13795e+06
293T_TFF1_DNA_Pool-2_12F:0X:R0:04	32	1.00001e+06	1.38341e+06	539073	617811	0
293T_TFF1_DNA_Pool-2_12F:0X:Y1:10	261	1.00001e+06	4.68487e+06	1.932e+06	2.2012e+06	1.39659e+06
293T_TFF1_DNA_Pool-2_12F:0Y:56:04	157	1.00001e+06	0	4.01648e+06	2.96044e+06	1.55491e+06
293T_TFF1_DNA_Pool-2_12F:0Y:72:05	38	1.00001e+06	216288	808285	1.37458e+06	486795
293T_TFF1_DNA_Pool-2_12F:15:98:04	45	1.00001e+06	1.89098e+06	705957	891053	385715
293T_TFF1_DNA_Pool-2_12F:15:X8:04	39	1.00001e+06	0	739033	741592	1.16651e+06
293T_TFF1_DNA_Pool-2_12F:20:J0:04	111	1.00001e+06	847976	1.08526e+06	713821	827930
293T_TFF1_DNA_Pool-2_12F:23:B6:05	52	1.00001e+06	221942	776957	694043	247266
293T_TFF1_DNA_Pool-2_12F:23:G4:04	29	1.00001e+06	1.02425e+06	1.03155e+06	905318	786914
293T_TFF1_DNA_Pool-2_12F:31:50:04	34	1.00001e+06	1.91032e+06	895249	744813	447900
293T_TFF1_DNA_Pool-2_12F:36:L3:03	1548	1.00001e+06	1.59838e+07	4.83026e+06	1.21352e+07	2.77641e+06
293T_TFF1_DNA_Pool-2_12F:39:76:05	41	1.00001e+06	0	2.99489e+06	861915	462448
293T_TFF1_DNA_Pool-2_12F:47:50:04	36	1.00001e+06	822666	662284	796813	358236
293T_TFF1_DNA_Pool-2_12F:47:56:04	175	1.00001e+06	2.67698e+06	3.4136e+06	1.47632e+06	1.03979e+06
293T_TFF1_DNA_Pool-2_12F:47:N7:03	51	1.00001e+06	0	1.38568e+06	1.44118e+06	138981
293T_TFF1_DNA_Pool-2_12F:47:P8:04	40	1.00001e+06	0	823693	779520	675283
293T_TFF1_DNA_Pool-2_12F:51:M0:04	21	1.00001e+06	0	548309	20457.6	752668
293T_TFF1_DNA_Pool-2_12F:52:77:02	20	1.00001e+06	0	654643	783139	992936
293T_TFF1_DNA_Pool-2_12F:56:G4:04	51	1.00001e+06	861557	1.93832e+06	4.47482e+06	531865
293T_TFF1_DNA_Pool-2_12F:56:N8:04	60	1.00001e+06	0	793217	849382	575726
293T_TFF1_DNA_Pool-2_12F:59:B0:01	670	1.00001e+06	8.94191e+06	2.58693e+06	1.01517e+07	3.26803e+06
293T_TFF1_DNA_Pool-2_12F:60:E2:04	31	1.00001e+06	161801	370430	716934	4.03707e-31
293T_TFF1_DNA_Pool-2_12F:60:K0:02	37	1.00001e+06	0	1.17851e+06	1.43296e+06	1.73934e+06
293T_TFF1_DNA_Pool-2_12F:67:B3:04	27	1.00001e+06	556563	469314	726470	309735
293T_TFF1_DNA_Pool-2_12F:79:13:01	20	1.00001e+06	1.59988e+06	552850	13635	0
293T_TFF1_DNA_Pool-2_12F:80:E2:02	32	1.00001e+06	1.60235e+06	823771	804895	498658
293T_TFF1_DNA_Pool-2_12F:83:46:04	30	1.00001e+06	1.85003e+06	519060	674302	0
293T_TFF1_DNA_Pool-2_12F:83:E2:02	45	1.00001e+06	1.33126e+06	967888	672470	610146
293T_TFF1_DNA_Pool-2_12F:83:J6:03	26	1.00001e+06	0	389467	701985	109709
293T_TFF1_DNA_Pool-2_12F:83:T0:06	85	1.00001e+06	0	651448	751676	557462
293T_TFF1_DNA_Pool-2_12F:95:56:04	161	1.00001e+06	0	3.01205e+06	790169	1.06556e+06
293T_TFF1_DNA_Pool-2_12F:95:L6:11	20	1.00001e+06	1.94371e+06	608591	691622	0
293T_TFF1_DNA_Pool-2_12F:A3:G8:02	28	1.00001e+06	1.55188e+06	495868	649826	409124
293T_TFF1_DNA_Pool-2_12F:A4:56:04	82	1.00001e+06	1.81559e+06	1.86858e+06	805478	1.40488e+06
293T_TFF1_DNA_Pool-2_12F:A4:T4:04	45	1.00001e+06	2.03056e+06	805765	828060	0
293T_TFF1_DNA_Pool-2_12F:B1:45:04	55	1.00001e+06	732345	743537	795940	0
293T_TFF1_DNA_Pool-2_12F:B6:0O:04	36	1.00001e+06	2.29643e+06	875344	283116	1.65497e+06
293T_TFF1_DNA_Pool-2_12F:B6:13:04	31	1.00001e+06	1.82441e+06	644699	733944	0
293T_TFF1_DNA_Pool-2_12F:B9:Q0:04	30	1.00001e+06	627311	776785	716096	722027
293T_TFF1_DNA_Pool-2_12F:B9:U1:01	25	1.00001e+06	375204	215403	747065	0
293T_TFF1_DNA_Pool-2_12F:C8:0F:07	32	1.00001e+06	286793	464790	37868.6	3.18131e-27
293T_TFF1_DNA_Pool-2_12F:E3:56:04	140	1.00001e+06	0	2.48857e+06	1.47315e+06	1.85243e+06
293T_TFF1_DNA_Pool-2_12F:E3:C0:10	34	1.00001e+06	0	644204	691266	1.39912e+06
293T_TFF1_DNA_Pool-2_12F:E3:N7:03	30	1.00001e+06	0	731255	792312	0
293T_TFF1_DNA_Pool-2_12F:E3:T8:04	39	1.00001e+06	0	1.01212e+06	944302	419841
293T_TFF1_DNA_Pool-2_12F:F1:B6:02	36	1.00001e+06	1.99733e+06	759379	813620	236173
293T_TFF1_DNA_Pool-2_12F:F2:T4:04	83	1.00001e+06	588597	831527	693942	327032
293T_TFF1_DNA_Pool-2_12F:F9:C4:04	574	1.00001e+06	0	2.73479e+06	6.21767e+06	1.33711e+06
293T_TFF1_DNA_Pool-2_12F:G3:56:04	54	1.00001e+06	713423	3.05462e+06	423039	717168
293T_TFF1_DNA_Pool-2_12F:G8:B2:11	27	1.00001e+06	0	717339	851621	603604
293T_TFF1_DNA_Pool-2_12F:I4:94:04	107	1.00001e+06	0	1.47992e+06	770286	1.04805e+06
293T_TFF1_DNA_Pool-2_12F:J1:0J:03	65	1.00001e+06	0	1.24168e+06	740945	957001
293T_TFF1_DNA_Pool-2_12F:J1:56:04	197	1.00001e+06	2.68528e+06	2.89545e+06	1.37589e+06	2.15776e+06
293T_TFF1_DNA_Pool-2_12F:J1:K2:02	77	1.00001e+06	1.32012e+06	1.45147e+06	785583	742713
293T_TFF1_DNA_Pool-2_12F:J1:X7:09	248	1.00001e+06	2.84121e+06	1.97757e+06	2.38563e+06	1.0622e+06
293T_TFF1_DNA_Pool-2_12F:J5:56:04	138	1.00001e+06	1.84543e+06	2.40888e+06	914929	678921
293T_TFF1_DNA_Pool-2_12F:J9:X0:12	23	1.00001e+06	1.62305e+06	851491	679368	795965
293T_TFF1_DNA_Pool-2_12F:L6:0R:04	21	1.00001e+06	0	883882	790016	21354.2
293T_TFF1_DNA_Pool-2_12F:L9:69:04	40	1.00001e+06	2.43032e+06	768454	832279	473495
293T_TFF1_DNA_Pool-2_12F:M3:29:02	23	1.00001e+06	0	1.17791e+06	763344	953046
293T_TFF1_DNA_Pool-2_12F:N1:46:03	21	1.00001e+06	1.8658e+06	878251	591125	1.39763e+06
293T_TFF1_DNA_Pool-2_12F:N9:29:02	42	1.00001e+06	306485	1.65911e+06	4.23506e+06	455860
293T_TFF1_DNA_Pool-2_12F:N9:46:05	74	1.00001e+06	1.58382e+06	1.15564e+06	929111	1.84461e+06
293T_TFF1_DNA_Pool-2_12F:N9:56:04	246	1.00001e+06	5.31885e+06	2.67008e+06	817938	1.47544e+06
293T_TFF1_DNA_Pool-2_12F:N9:F6:04	24	1.00001e+06	1.38454e+06	495295	655393	131237
293T_TFF1_DNA_Pool-2_12F:O3:V3:05	21	1.00001e+06	1.04152e+06	644085	703786	169489
293T_TFF1_DNA_Pool-2_12F:O7:56:04	108	1.00001e+06	0	2.71586e+06	836857	1.57032e+06
293T_TFF1_DNA_Pool-2_12F:O7:A0:03	37	1.00001e+06	1.48001e+06	1.28157e+06	823592	5.25943e+06
293T_TFF1_DNA_Pool-2_12F:O7:A0:11	37	1.00001e+06	0	750817	730706	1.5686e+06
293T_TFF1_DNA_Pool-2_12F:O7:B2:08	44	1.00001e+06	1.00532e+06	1.02672e+06	834412	1.20021e+06
293T_TFF1_DNA_Pool-2_12F:O7:N8:03	178	1.00001e+06	1.04111e+06	1.61086e+06	878163	2.14555e+06
293T_TFF1_DNA_Pool-2_12F:P2:98:11	21	1.00001e+06	0	793150	786170	263808
293T_TFF1_DNA_Pool-2_12F:P2:B2:04	22	1.00001e+06	1.56897e+06	616632	17066.5	1.95402e+06
293T_TFF1_DNA_Pool-2_12F:P5:O5:02	28	1.00001e+06	0	793727	683828	513858
293T_TFF1_DNA_Pool-2_12F:Q0:B2:01	29	1.00001e+06	185708	332063	12954	0
293T_TFF1_DNA_Pool-2_12F:Q4:Z8:05	23	1.00001e+06	0	733833	723401	2.29815e+06
293T_TFF1_DNA_Pool-2_12F:Q8:T4:03	35	1.00001e+06	405336	812052	847982	747242
293T_TFF1_DNA_Pool-2_12F:R9:54:04	22	1.00001e+06	0	1.07838e+06	592542	1.15321e+06
293T_TFF1_DNA_Pool-2_12F:S7:56:04	143	1.00001e+06	1.34339e+06	2.67747e+06	942134	3.25349e+06
293T_TFF1_DNA_Pool-2_12F:S7:W0:03	146	1.00001e+06	1.91493e+06	1.49045e+06	1.23124e+06	779941
293T_TFF1_DNA_Pool-2_12F:S7:Y1:04	40	1.00001e+06	1.07007e+06	1.01143e+06	699820	313530
293T_TFF1_DNA_Pool-2_12F:S8:0N:04	48	1.00001e+06	1.73132e+06	982064	1.0125e+06	836172
293T_TFF1_DNA_Pool-2_12F:S8:56:04	127	1.00001e+06	3.35209e+06	2.77938e+06	2.12924e+06	1.31695e+06
293T_TFF1_DNA_Pool-2_12F:S8:94:03	70	1.00001e+06	0	1.46148e+06	1.05301e+06	3.76961e+06
293T_TFF1_DNA_Pool-2_12F:S8:G5:04	183	1.00001e+06	1.08506e+06	1.1581e+06	995896	2.0884e+06
293T_TFF1_DNA_Pool-2_12F:T5:A4:07	26	1.00001e+06	0	733355	902637	1.71205e+06
293T_TFF1_DNA_Pool-2_12F:T6:F3:04	24	1.00001e+06	252367	686531	812022	1.11577e+06
293T_TFF1_DNA_Pool-2_12F:U8:Z8:04	42	1.00001e+06	0	913232	895081	1.65458e+06
293T_TFF1_DNA_Pool-2_12F:V2:J4:04	23	1.00001e+06	2.27737e+06	816967	1.01894e+06	914062
293T_TFF1_DNA_Pool-2_12F:V6:0F:01	22	1.00001e+06	1.83275e+06	760830	742298	550652
293T_TFF1_DNA_Pool-2_12F:V6:76:04	20	1.00001e+06	911832	2.2255e+06	849789	622095
293T_TFF1_DNA_Pool-2_12F:X1:0R:01	45	1.00001e+06	2.4365e+06	794602	780399	359068
293T_TFF1_DNA_Pool-2_12F:X1:Z3:04	21	1.00001e+06	1.57746e+06	927369	10251.3	0
293T_TFF1_DNA_Pool-2_12F:X5:06:05	608	1.00001e+06	2.11731e+06	2.39814e+06	5.31002e+06	2.6607e+06
293T_TFF1_DNA_Pool-2_12F:X5:0I:01	86	1.00001e+06	1.31118e+06	1.11023e+06	754799	907560
293T_TFF1_DNA_Pool-2_12F:X5:56:04	259	1.00001e+06	5.7486e+06	2.89554e+06	4.50903e+06	2.22721e+06
293T_TFF1_DNA_Pool-2_12F:X5:66:08	20	1.00001e+06	1.38939e+06	1.05217e+06	854336	3.09058e+06
293T_TFF1_DNA_Pool-2_12F:X5:80:04	111	1.00001e+06	1.58001e+06	1.40152e+06	1.35447e+06	2.82589e+06
293T_TFF1_DNA_Pool-2_12F:X5:C8:03	84	1.00001e+06	0	1.07552e+06	859665	1.28157e+06
293T_TFF1_DNA_Pool-2_12F:X5:C8:04	45	1.00001e+06	1.12459e+06	1.10688e+06	814201	3.35116e+06
293T_TFF1_DNA_Pool-2_12F:X5:E1:01	193	1.00001e+06	0	1.44585e+06	1.32076e+06	775426
293T_TFF1_DNA_Pool-2_12F:X5:O2:11	63	1.00001e+06	0	873674	1.11554e+06	606477
293T_TFF1_DNA_Pool-2_12F:X5:S5:03	31	1.00001e+06	116810	607680	831329	844056
293T_TFF1_DNA_Pool-2_12F:X5:S5:04	37	1.00001e+06	0	344167	21080.4	101269
293T_TFF1_DNA_Pool-2_12F:X5:S9:03	42	1.00001e+06	1.62497e+06	832303	782700	515127
293T_TFF1_DNA_Pool-2_12F:X5:X8:04	117	1.00001e+06	2.26726e+06	1.36857e+06	871422	517366
293T_TFF1_DNA_Pool-2_12F:X9:Z3:02	22	1.00001e+06	2.09265e+06	745611	815065	17012.2
293T_TFF1_DNA_Pool-2_12F:Z2:R2:03	26	1.00001e+06	1.00634e+06	1.15044e+06	723273	301918
293T_TFF1_DNA_Pool-2_12F:Z5:K4:04	29	1.00001e+06	288851	629488	786362	3.10319e-11
293T_TFF1_DNA_Pool-2_12F:Z6:Q8:04	50	1.00001e+06	0	1.31752e+06	790719	675396
293T_TFF1_DNA_Pool-2_12E:08:56:04	29	1.00001e+06	0	660421	196454	412263
293T_TFF1_DNA_Pool-2_12E:0E:0R:09	28	1.00001e+06	0	935578	599894	1.30145e+06
293T_TFF1_DNA_Pool-2_12E:0H:C4:09	55	1.00001e+06	0	1.01376e+06	788224	587240
293T_TFF1_DNA_Pool-2_12E:0M:O2:09	22	1.00001e+06	0	895932	622641	159596
293T_TFF1_DNA_Pool-2_12E:0P:49:01	26	1.00001e+06	1.59985e+06	692797	852838	332084
293T_TFF1_DNA_Pool-2_12E:0T:M4:01	84	1.00001e+06	0	969257	935434	994363
293T_TFF1_DNA_Pool-2_12E:0T:M4:11	415	1.00001e+06	1.22056e+07	3.00209e+06	4.2004e+06	2.21605e+06
293T_TFF1_DNA_Pool-2_12E:0X:08:09	121	1.00001e+06	1.43493e+06	1.60485e+06	933951	2.76313e+06
293T_TFF1_DNA_Pool-2_12E:0X:0I:04	40	1.00001e+06	114616	506580	573665	144615
293T_TFF1_DNA_Pool-2_12E:0X:46:09	130	1.00001e+06	836347	1.51146e+06	1.00795e+06	3.40946e+06
293T_TFF1_DNA_Pool-2_12E:0X:56:04	88	1.00001e+06	1.65831e+06	1.45785e+06	923745	2.51257e+06
293T_TFF1_DNA_Pool-2_12E:0X:N3:11	70	1.00001e+06	1.45939e+06	1.35313e+06	845705	1.21085e+06
293T_TFF1_DNA_Pool-2_12E:0X:O9:01	133	1.00001e+06	1.54444e+06	1.06874e+06	776657	962457
293T_TFF1_DNA_Pool-2_12E:0X:P8:09	55	1.00001e+06	0	569038	806500	214627
293T_TFF1_DNA_Pool-2_12E:0X:Q0:09	119	1.00001e+06	1.59896e+06	1.4019e+06	782991	2.3164e+06
293T_TFF1_DNA_Pool-2_12E:0Y:25:06	26	1.00001e+06	1.18153e+06	1.11658e+06	733321	268240
293T_TFF1_DNA_Pool-2_12E:0Y:56:04	37	1.00001e+06	146821	1.00526e+06	767619	650738
293T_TFF1_DNA_Pool-2_12E:0Y:E2:11	108	1.00001e+06	1.20126e+06	1.26207e+06	776318	1.28133e+06
293T_TFF1_DNA_Pool-2_12E:0Y:K1:11	30	1.00001e+06	1.6033e+06	581770	809836	3.70786e-35
293T_TFF1_DNA_Pool-2_12E:19:P0:01	204	1.00001e+06	0	1.89966e+06	2.96547e+06	723913
293T_TFF1_DNA_Pool-2_12E:43:X8:09	41	1.00001e+06	1.55994e+06	852831	861325	540938
293T_TFF1_DNA_Pool-2_12E:47:17:11	44	1.00001e+06	327996	1.56889e+06	866428	1.64635e+06
293T_TFF1_DNA_Pool-2_12E:56:T4:11	23	1.00001e+06	2.14241e+06	951227	742782	601477
293T_TFF1_DNA_Pool-2_12E:67:N8:11	25	1.00001e+06	2.2522e+06	1.57543e+06	921880	222232
293T_TFF1_DNA_Pool-2_12E:68:56:04	28	1.00001e+06	0	2.79292e+06	811953	0
293T_TFF1_DNA_Pool-2_12E:68:J4:11	26	1.00001e+06	0	1.76732e+06	956027	1.06297e+06
293T_TFF1_DNA_Pool-2_12E:71:E2:11	36	1.00001e+06	1.23903e+06	645343	757373	187702
293T_TFF1_DNA_Pool-2_12E:87:A0:09	27	1.00001e+06	1.70401e+06	579093	719532	1.37525e+06
293T_TFF1_DNA_Pool-2_12E:95:54:11	185	1.00001e+06	5.67343e+06	1.86314e+06	1.43952e+06	2.93984e+06
293T_TFF1_DNA_Pool-2_12E:95:Y2:09	33	1.00001e+06	598070	450356	796155	138161
293T_TFF1_DNA_Pool-2_12E:95:Y6:09	88	1.00001e+06	0	1.17064e+06	953257	736313
293T_TFF1_DNA_Pool-2_12E:99:U6:01	48	1.00001e+06	0	943224	935726	316799
293T_TFF1_DNA_Pool-2_12E:A0:H0:12	32	1.00001e+06	0	949062	867934	3.60266e+06
293T_TFF1_DNA_Pool-2_12E:A4:56:04	23	1.00001e+06	1.12207e+06	438957	11292	0
293T_TFF1_DNA_Pool-2_12E:A4:Q8:05	25	1.00001e+06	2.24425e+06	1.19033e+06	683760	647603
293T_TFF1_DNA_Pool-2_12E:A7:H8:09	34	1.00001e+06	0	791333	777803	601348
293T_TFF1_DNA_Pool-2_12E:B1:X0:09	496	1.00001e+06	0	3.0992e+06	7.24706e+06	3.38888e+06
293T_TFF1_DNA_Pool-2_12E:B5:Q0:11	20	1.00001e+06	185618	818277	546107	0
293T_TFF1_DNA_Pool-2_12E:D1:J0:11	28	1.00001e+06	2.28048e+06	915356	792836	215826
293T_TFF1_DNA_Pool-2_12E:E3:49:05	25	1.00001e+06	1.84545e+06	799168	881169	181017
293T_TFF1_DNA_Pool-2_12E:E3:B3:02	39	1.00001e+06	1.90196e+06	794802	833484	1.61864e+06
293T_TFF1_DNA_Pool-2_12E:E3:N0:09	34	1.00001e+06	1.63244e+06	735966	736548	137018
293T_TFF1_DNA_Pool-2_12E:E3:S9:11	30	1.00001e+06	1.0019e+06	842503	818527	646701
293T_TFF1_DNA_Pool-2_12E:E3:U1:09	37	1.00001e+06	1.33128e+06	613417	736587	293866
293T_TFF1_DNA_Pool-2_12E:E4:T0:04	31	1.00001e+06	0	720243	768988	654320
293T_TFF1_DNA_Pool-2_12E:E7:J8:09	36	1.00001e+06	0	603995	619617	238814
293T_TFF1_DNA_Pool-2_12E:F2:17:11	123	1.00001e+06	0	1.28908e+06	920878	1.86204e+06
293T_TFF1_DNA_Pool-2_12E:H1:J4:09	35	1.00001e+06	2.08627e+06	555151	763613	199967
293T_TFF1_DNA_Pool-2_12E:H6:B3:02	21	1.00001e+06	0	359018	20268.4	95810.8
293T_TFF1_DNA_Pool-2_12E:H9:24:06	161	1.00001e+06	1.51712e+06	1.9379e+06	4.55374e+06	2.14652e+06
293T_TFF1_DNA_Pool-2_12E:I3:T0:03	53	1.00001e+06	0	581067	580758	230322
293T_TFF1_DNA_Pool-2_12E:J1:25:06	27	1.00001e+06	1.25228e+06	728184	916087	1.02771e+06
293T_TFF1_DNA_Pool-2_12E:J1:N0:02	69	1.00001e+06	1.71954e+06	762423	752754	343233
293T_TFF1_DNA_Pool-2_12E:J1:O5:11	63	1.00001e+06	350254	895207	864103	200800
293T_TFF1_DNA_Pool-2_12E:J1:S5:09	42	1.00001e+06	329644	818408	981078	602891
293T_TFF1_DNA_Pool-2_12E:J1:T8:09	92	1.00001e+06	0	1.61045e+06	831759	1.12143e+06
293T_TFF1_DNA_Pool-2_12E:K0:B2:09	24	1.00001e+06	0	295787	624688	0
293T_TFF1_DNA_Pool-2_12E:L1:M0:01	92	1.00001e+06	1.82369e+06	4.39462e+06	3.62366e+06	2.6617e+06
293T_TFF1_DNA_Pool-2_12E:L9:K2:09	22	1.00001e+06	0	799474	735043	1.1313e+06
293T_TFF1_DNA_Pool-2_12E:M3:Y6:09	70	1.00001e+06	1.5183e+06	1.03713e+06	792481	306160
293T_TFF1_DNA_Pool-2_12E:M4:56:04	30	1.00001e+06	0	537958	692236	739519
293T_TFF1_DNA_Pool-2_12E:M4:C8:09	37	1.00001e+06	717853	984075	674503	1.32714e+06
293T_TFF1_DNA_Pool-2_12E:N9:25:06	26	1.00001e+06	0	907450	754342	4.07236e+06
293T_TFF1_DNA_Pool-2_12E:N9:56:04	49	1.00001e+06	0	953971	813613	210084
293T_TFF1_DNA_Pool-2_12E:N9:98:09	86	1.00001e+06	0	1.05937e+06	769338	1.32901e+06
293T_TFF1_DNA_Pool-2_12E:N9:Q5:07	20	1.00001e+06	1.87447e+06	753171	584456	600088
293T_TFF1_DNA_Pool-2_12E:N9:U5:04	63	1.00001e+06	3.40524e+06	1.86376e+06	1.26092e+06	409136
293T_TFF1_DNA_Pool-2_12E:O7:13:09	20	1.00001e+06	0	746952	16286.9	1.04038e+06
293T_TFF1_DNA_Pool-2_12E:O7:N8:03	58	1.00001e+06	1.71976e+06	768579	677794	1.09344e+06
293T_TFF1_DNA_Pool-2_12E:Q7:29:03	456	1.00001e+06	4.01931e+06	2.37447e+06	4.59804e+06	1.69317e+06
293T_TFF1_DNA_Pool-2_12E:R1:U6:01	31	1.00001e+06	0	914337	1.1487e+06	0
293T_TFF1_DNA_Pool-2_12E:S0:C4:09	46	1.00001e+06	1.81936e+06	690066	788119	2.28968e+06
293T_TFF1_DNA_Pool-2_12E:S7:H7:11	23	1.00001e+06	0	731326	500412	3.94047e+06
293T_TFF1_DNA_Pool-2_12E:S7:H8:01	73	1.00001e+06	0	1.25293e+06	931752	646804
293T_TFF1_DNA_Pool-2_12E:S7:K2:09	43	1.00001e+06	1.79011e+06	1.07776e+06	735601	518877
293T_TFF1_DNA_Pool-2_12E:S8:66:03	25	1.00001e+06	1.70367e+06	262985	18298.3	0
293T_TFF1_DNA_Pool-2_12E:S8:84:09	72	1.00001e+06	1.57813e+06	552360	789926	908871
293T_TFF1_DNA_Pool-2_12E:S8:F6:09	41	1.00001e+06	1.90147e+06	903789	742260	826801
293T_TFF1_DNA_Pool-2_12E:S8:U6:11	44	1.00001e+06	2.17608e+06	866466	631058	242011
293T_TFF1_DNA_Pool-2_12E:T6:C4:11	25	1.00001e+06	0	622762	653995	2.39793e+06
293T_TFF1_DNA_Pool-2_12E:U4:93:11	28	1.00001e+06	120952	411436	7697.81	0
293T_TFF1_DNA_Pool-2_12E:U7:O1:09	28	1.00001e+06	1.628e+06	570646	840125	0
293T_TFF1_DNA_Pool-2_12E:U8:Q4:09	34	1.00001e+06	625956	735321	782120	57254.6
293T_TFF1_DNA_Pool-2_12E:V2:U5:04	22	1.00001e+06	2.10733e+06	897162	834271	1.30033e+06
293T_TFF1_DNA_Pool-2_12E:V6:M0:11	27	1.00001e+06	1.56803e+06	663556	726916	137744
293T_TFF1_DNA_Pool-2_12E:W3:A2:11	248	1.00001e+06	1.08445e+06	1.61028e+06	1.45145e+06	1.80978e+06
293T_TFF1_DNA_Pool-2_12E:W7:93:11	34	1.00001e+06	444992	1.47325e+06	892787	1.9263e+06
293T_TFF1_DNA_Pool-2_12E:X5:17:05	50	1.00001e+06	0	931308	733333	1.13563e+06
293T_TFF1_DNA_Pool-2_12E:X5:56:04	82	1.00001e+06	0	942963	850643	659327
293T_TFF1_DNA_Pool-2_12E:X5:Q8:09	56	1.00001e+06	1.54945e+06	884791	826238	965617
293T_TFF1_DNA_Pool-2_12E:X5:S9:03	39	1.00001e+06	395545	1.12377e+06	749960	1.97018e+06
293T_TFF1_DNA_Pool-2_12E:X5:U6:01	143	1.00001e+06	1.77106e+06	1.39367e+06	998074	1.99975e+06
293T_TFF1_DNA_Pool-2_12E:X6:98:11	20	1.00001e+06	2.06147e+06	619251	530437	351166
293T_TFF1_DNA_Pool-2_12E:X6:G2:09	34	1.00001e+06	0	1.12552e+06	761506	4.52845e+06
293T_TFF1_DNA_Pool-2_12E:Y8:E6:11	76	1.00001e+06	1.57127e+06	768387	875425	276805
293T_TFF1_DNA_Pool-2_12E:Z5:0K:09	24	1.00001e+06	0	442078	828103	0
293T_TFF1_DNA_Pool-2_12E:Z5:H2:09	22	1.00001e+06	624573	751162	657236	448305
293T_TFF1_DNA_Pool-2_12E:Z5:N8:11	24	1.00001e+06	1.71615e+06	670715	768367	2.07573e+06
293T_TFF1_DNA_Pool-2_12E:Z9:G8:12	20	1.00001e+06	315963	629225	612032	0
293T_TFF1_DNA_Pool-2_12E:Z9:T7:09	52	1.00001e+06	2.55805e+06	3.03257e+06	1.11564e+06	1.11786e+06
293T_TFF1_DNA_Pool-2_12D:0H:61:03	25	1.00001e+06	0	405550	829598	0
293T_TFF1_DNA_Pool-2_12D:0X:0N:04	45	1.00001e+06	2.48132e+06	1.62755e+06	974744	794514
293T_TFF1_DNA_Pool-2_12D:0X:17:05	76	1.00001e+06	2.29912e+06	1.00767e+06	684054	459834
293T_TFF1_DNA_Pool-2_12D:0X:77:02	67	1.00001e+06	0	1.03979e+06	824541	864859
293T_TFF1_DNA_Pool-2_12D:0Y:B2:11	43	1.00001e+06	0	969763	772048	229337
293T_TFF1_DNA_Pool-2_12D:0Y:B3:02	26	1.00001e+06	259902	554743	212622	383828
293T_TFF1_DNA_Pool-2_12D:0Y:S6:07	26	1.00001e+06	538937	531433	745345	207180
293T_TFF1_DNA_Pool-2_12D:24:Y1:01	33	1.00001e+06	212521	728986	796177	1.30133e+06
293T_TFF1_DNA_Pool-2_12D:47:56:04	31	1.00001e+06	727326	608790	741442	323217
293T_TFF1_DNA_Pool-2_12D:47:78:02	22	1.00001e+06	0	538075	566263	28757.7
293T_TFF1_DNA_Pool-2_12D:47:D2:03	31	1.00001e+06	0	541327	833059	88805.6
293T_TFF1_DNA_Pool-2_12D:64:02:02	91	1.00001e+06	2.04924e+06	955468	864384	2.21161e+06
293T_TFF1_DNA_Pool-2_12D:72:X7:03	42	1.00001e+06	0	2.26117e+06	3.30456e+06	1.37093e+06
293T_TFF1_DNA_Pool-2_12D:95:56:04	39	1.00001e+06	438490	442455	710789	0
293T_TFF1_DNA_Pool-2_12D:A7:G2:01	20	1.00001e+06	0	482206	800814	981001
293T_TFF1_DNA_Pool-2_12D:A7:J4:01	23	1.00001e+06	185750	258419	40636.6	0
293T_TFF1_DNA_Pool-2_12D:B2:G4:01	29	1.00001e+06	921285	1.02359e+06	884206	749449
293T_TFF1_DNA_Pool-2_12D:B5:54:01	20	1.00001e+06	0	443280	576062	0
293T_TFF1_DNA_Pool-2_12D:C4:J0:01	25	1.00001e+06	0	953608	842013	468617
293T_TFF1_DNA_Pool-2_12D:E3:77:02	27	1.00001e+06	0	1.47067e+06	802895	1.09114e+06
293T_TFF1_DNA_Pool-2_12D:K7:X8:01	47	1.00001e+06	429507	738382	849855	253970
293T_TFF1_DNA_Pool-2_12D:M4:F3:01	31	1.00001e+06	1.77268e+06	407385	10556.8	676203
293T_TFF1_DNA_Pool-2_12D:N9:17:05	43	1.00001e+06	0	1.07202e+06	830735	134052
293T_TFF1_DNA_Pool-2_12D:N9:56:01	98	1.00001e+06	1.09554e+06	1.29389e+06	1.09506e+06	1.03124e+06
293T_TFF1_DNA_Pool-2_12D:N9:C8:01	53	1.00001e+06	0	1.08552e+06	862708	630557
293T_TFF1_DNA_Pool-2_12D:O7:84:12	52	1.00001e+06	0	766268	487051	475996
293T_TFF1_DNA_Pool-2_12D:P1:E6:12	21	1.00001e+06	0	556628	784422	0
293T_TFF1_DNA_Pool-2_12D:P9:84:12	28	1.00001e+06	1.86864e+06	885303	747465	865172
293T_TFF1_DNA_Pool-2_12D:Q0:E2:07	29	1.00001e+06	1.82042e+06	478149	235556	627904
293T_TFF1_DNA_Pool-2_12D:Q8:O6:01	39	1.00001e+06	0	956107	703586	2.56558e+06
293T_TFF1_DNA_Pool-2_12D:R1:A6:01	80	1.00001e+06	1.2661e+06	1.27795e+06	812753	4.12074e+06
293T_TFF1_DNA_Pool-2_12D:R1:S6:09	20	1.00001e+06	215914	1.40173e+06	687479	1.96698e+06
293T_TFF1_DNA_Pool-2_12D:S7:56:04	36	1.00001e+06	1.6937e+06	1.75615e+06	786014	307159
293T_TFF1_DNA_Pool-2_12D:S7:E1:04	150	1.00001e+06	0	1.76669e+06	1.22715e+06	1.50572e+06
293T_TFF1_DNA_Pool-2_12D:S8:56:04	21	1.00001e+06	0	701551	87631	0
293T_TFF1_DNA_Pool-2_12D:U4:B6:01	24	1.00001e+06	1.58252e+06	312650	507153	0
293T_TFF1_DNA_Pool-2_12D:V6:46:01	51	1.00001e+06	2.00196e+06	1.03977e+06	848129	1.90486e+06
293T_TFF1_DNA_Pool-2_12D:W8:E2:04	29	1.00001e+06	2.18495e+06	670791	780660	114869
293T_TFF1_DNA_Pool-2_12D:X5:50:11	155	1.00001e+06	0	1.43033e+06	884563	1.51435e+06
293T_TFF1_DNA_Pool-2_12D:X5:56:04	41	1.00001e+06	0	631498	700883	144019
293T_TFF1_DNA_Pool-2_12D:X5:B3:02	51	1.00001e+06	1.00892e+06	1.05866e+06	797184	2.18562e+06
293T_TFF1_DNA_Pool-2_12D:X5:G0:07	41	1.00001e+06	1.59304e+06	604319	824847	0
293T_TFF1_DNA_Pool-2_12D:X5:N7:07	43	1.00001e+06	1.65776e+06	433696	656031	178739
293T_TFF1_DNA_Pool-2_12D:Z6:J4:04	628	1.00001e+06	4.70277e+06	2.58993e+06	9.64046e+06	1.49607e+06
293T_TFF1_DNA_Pool-2_12C:04:94:02	26	1.00001e+06	1.66126e+06	501406	471707	0
293T_TFF1_DNA_Pool-2_12C:0A:0F:03	47	1.00001e+06	975356	794430	912690	0
293T_TFF1_DNA_Pool-2_12C:0A:0K:05	20	1.00001e+06	167186	523456	233610	282880
293T_TFF1_DNA_Pool-2_12C:0A:G4:02	56	1.00001e+06	0	904685	784938	368225
293T_TFF1_DNA_Pool-2_12C:0H:61:03	20	1.00001e+06	1.6272e+06	1.00354e+06	2.61534e+06	220402
293T_TFF1_DNA_Pool-2_12C:0X:24:04	20	1.00001e+06	315891	835236	216260	2.04474e+06
293T_TFF1_DNA_Pool-2_12C:0X:54:05	69	1.00001e+06	0	733516	880752	122736
293T_TFF1_DNA_Pool-2_12C:0X:69:08	86	1.00001e+06	2.83063e+06	1.31059e+06	1.11256e+06	607930
293T_TFF1_DNA_Pool-2_12C:0X:D0:06	31	1.00001e+06	684626	789729	870436	432439
293T_TFF1_DNA_Pool-2_12C:0X:F8:05	88	1.00001e+06	0	1.47336e+06	1.00221e+06	295385
293T_TFF1_DNA_Pool-2_12C:0X:G0:01	51	1.00001e+06	0	1.19937e+06	1.52821e+06	889042
293T_TFF1_DNA_Pool-2_12C:0X:I0:05	46	1.00001e+06	0	885841	717061	1.07964e+06
293T_TFF1_DNA_Pool-2_12C:0X:J0:05	93	1.00001e+06	0	1.02495e+06	909992	924183
293T_TFF1_DNA_Pool-2_12C:0X:N7:01	59	1.00001e+06	207160	703278	827482	829812
293T_TFF1_DNA_Pool-2_12C:0X:P0:05	231	1.00001e+06	2.80067e+06	1.77069e+06	2.62119e+06	1.3451e+06
293T_TFF1_DNA_Pool-2_12C:0X:U6:02	40	1.00001e+06	2.50783e+06	793191	849793	191853
293T_TFF1_DNA_Pool-2_12C:0X:V0:02	69	1.00001e+06	0	1.52564e+06	888995	864846
293T_TFF1_DNA_Pool-2_12C:0Y:76:05	27	1.00001e+06	1.62334e+06	704451	705648	2.70746e+06
293T_TFF1_DNA_Pool-2_12C:0Y:R7:03	23	1.00001e+06	1.58252e+06	415220	668922	370057
293T_TFF1_DNA_Pool-2_12C:0Y:S1:05	65	1.00001e+06	0	922960	751518	3.61858e+06
293T_TFF1_DNA_Pool-2_12C:0Y:T2:05	31	1.00001e+06	201391	485790	184137	0
293T_TFF1_DNA_Pool-2_12C:0Y:T4:05	76	1.00001e+06	0	1.57676e+06	1.38688e+06	3.16299e+06
293T_TFF1_DNA_Pool-2_12C:11:F3:10	38	1.00001e+06	0	2.64641e+06	619955	573131
293T_TFF1_DNA_Pool-2_12C:19:Y5:01	25	1.00001e+06	1.89227e+06	743565	808100	234720
293T_TFF1_DNA_Pool-2_12C:27:V3:03	121	1.00001e+06	775641	1.30816e+06	1.3023e+06	329177
293T_TFF1_DNA_Pool-2_12C:31:F8:05	64	1.00001e+06	0	1.19242e+06	1.26962e+06	1.51033e+06
293T_TFF1_DNA_Pool-2_12C:39:G4:05	28	1.00001e+06	1.38507e+06	637758	771194	1.24589e+06
293T_TFF1_DNA_Pool-2_12C:47:H6:07	27	1.00001e+06	1.85307e+06	708261	619260	0
293T_TFF1_DNA_Pool-2_12C:47:Q0:10	47	1.00001e+06	650623	1.09318e+06	1.08663e+06	688428
293T_TFF1_DNA_Pool-2_12C:47:V0:06	122	1.00001e+06	207147	930612	851319	296799
293T_TFF1_DNA_Pool-2_12C:60:K0:02	26	1.00001e+06	1.58544e+06	654753	1.43975e+06	349533
293T_TFF1_DNA_Pool-2_12C:72:A0:09	21	1.00001e+06	1.24628e+06	514491	619545	520265
293T_TFF1_DNA_Pool-2_12C:80:34:02	27	1.00001e+06	0	514282	225395	2.39073e+06
293T_TFF1_DNA_Pool-2_12C:83:V3:02	50	1.00001e+06	483561	1.1565e+06	789718	607402
293T_TFF1_DNA_Pool-2_12C:95:56:04	35	1.00001e+06	0	893237	466201	1.96904e+06
293T_TFF1_DNA_Pool-2_12C:95:T4:05	59	1.00001e+06	488889	1.26013e+06	774646	900939
293T_TFF1_DNA_Pool-2_12C:A0:D7:02	101	1.00001e+06	977953	1.8308e+06	1.9445e+06	1.87476e+06
293T_TFF1_DNA_Pool-2_12C:B2:84:02	22	1.00001e+06	0	581541	26402.2	0
293T_TFF1_DNA_Pool-2_12C:C0:G4:02	20	1.00001e+06	375237	322524	698508	0
293T_TFF1_DNA_Pool-2_12C:D1:A2:05	439	1.00001e+06	1.0058e+07	2.70645e+06	4.52162e+06	3.41837e+06
293T_TFF1_DNA_Pool-2_12C:E0:F3:01	89	1.00001e+06	176816	1.01273e+06	862854	187785
293T_TFF1_DNA_Pool-2_12C:E3:22:02	29	1.00001e+06	0	1.21182e+06	904511	0
293T_TFF1_DNA_Pool-2_12C:E3:98:05	39	1.00001e+06	0	830172	981416	733176
293T_TFF1_DNA_Pool-2_12C:E3:D4:01	36	1.00001e+06	2.05433e+06	910634	1.15356e+06	474526
293T_TFF1_DNA_Pool-2_12C:E3:J6:05	45	1.00001e+06	0	858034	778736	303380
293T_TFF1_DNA_Pool-2_12C:E3:J6:08	33	1.00001e+06	0	774105	707401	188264
293T_TFF1_DNA_Pool-2_12C:E4:Y1:05	34	NA	0	155036	776268	0
293T_TFF1_DNA_Pool-2_12C:G8:J6:03	42	1.00001e+06	0	541405	1.12946e+06	759691
293T_TFF1_DNA_Pool-2_12C:G8:P0:05	31	1.00001e+06	0	544321	619025	350751
293T_TFF1_DNA_Pool-2_12C:H2:J3:05	24	1.00001e+06	0	723114	747500	70302.6
293T_TFF1_DNA_Pool-2_12C:H5:0N:02	159	1.00001e+06	2.70436e+06	1.91899e+06	1.26263e+06	1.73359e+06
293T_TFF1_DNA_Pool-2_12C:H9:J4:05	1421	1.00001e+06	3.59462e+06	4.10533e+06	1.44229e+07	3.63197e+06
293T_TFF1_DNA_Pool-2_12C:I3:T7:02	156	1.00001e+06	204854	1.13642e+06	997173	933201
293T_TFF1_DNA_Pool-2_12C:I4:B6:02	37	1.00001e+06	2.08231e+06	1.16672e+06	742913	1.41437e+06
293T_TFF1_DNA_Pool-2_12C:J1:46:03	101	1.00001e+06	1.70129e+06	1.40258e+06	729082	939170
293T_TFF1_DNA_Pool-2_12C:J1:56:04	29	1.00001e+06	2.04992e+06	769827	603505	378424
293T_TFF1_DNA_Pool-2_12C:J1:M8:02	120	1.00001e+06	0	1.36297e+06	950315	882056
293T_TFF1_DNA_Pool-2_12C:K7:T0:02	25	1.00001e+06	1.71543e+06	760751	774251	866236
293T_TFF1_DNA_Pool-2_12C:M0:49:02	35	1.00001e+06	1.13063e+06	1.00044e+06	746712	984808
293T_TFF1_DNA_Pool-2_12C:M3:29:02	36	1.00001e+06	0	794203	816625	889117
293T_TFF1_DNA_Pool-2_12C:M3:E2:03	268	1.00001e+06	5.97878e+06	1.63327e+06	1.56726e+06	1.90104e+06
293T_TFF1_DNA_Pool-2_12C:M3:Y1:03	39	1.00001e+06	1.58037e+06	1.02921e+06	843673	547607
293T_TFF1_DNA_Pool-2_12C:M8:X0:02	21	1.00001e+06	1.57146e+06	354472	748629	0
293T_TFF1_DNA_Pool-2_12C:N9:17:02	48	1.00001e+06	0	1.02735e+06	815031	686802
293T_TFF1_DNA_Pool-2_12C:N9:17:05	64	1.00001e+06	3.24381e+06	1.50406e+06	804362	3.97743e+06
293T_TFF1_DNA_Pool-2_12C:N9:54:03	104	1.00001e+06	0	1.64326e+06	954282	646411
293T_TFF1_DNA_Pool-2_12C:N9:56:04	45	1.00001e+06	2.06418e+06	662562	776507	0
293T_TFF1_DNA_Pool-2_12C:N9:A0:02	33	1.00001e+06	0	712227	845818	817884
293T_TFF1_DNA_Pool-2_12C:N9:A4:02	56	1.00001e+06	0	990135	774132	630229
293T_TFF1_DNA_Pool-2_12C:N9:H8:07	23	1.00001e+06	1.58508e+06	304868	561312	0
293T_TFF1_DNA_Pool-2_12C:N9:R4:03	85	1.00001e+06	2.52644e+06	1.09747e+06	785303	1.29062e+06
293T_TFF1_DNA_Pool-2_12C:N9:T0:02	65	1.00001e+06	0	644166	741353	297406
293T_TFF1_DNA_Pool-2_12C:O7:P0:05	168	1.00001e+06	1.90394e+06	1.4595e+06	1.07713e+06	1.55912e+06
293T_TFF1_DNA_Pool-2_12C:O8:0O:12	20	1.00001e+06	0	400985	558319	385884
293T_TFF1_DNA_Pool-2_12C:P1:E9:05	21	1.00001e+06	0	464920	229931	0
293T_TFF1_DNA_Pool-2_12C:P9:32:02	53	1.00001e+06	3.13918e+06	768304	807110	1.48443e+06
293T_TFF1_DNA_Pool-2_12C:P9:54:05	48	1.00001e+06	0	1.02739e+06	682926	0
293T_TFF1_DNA_Pool-2_12C:P9:72:11	26	1.00001e+06	2.09529e+06	952421	757327	67373.2
293T_TFF1_DNA_Pool-2_12C:Q8:E2:09	25	1.00001e+06	375362	536126	645984	376873
293T_TFF1_DNA_Pool-2_12C:R1:A6:01	29	1.00001e+06	0	618608	725865	268159
293T_TFF1_DNA_Pool-2_12C:R1:K0:11	22	1.00001e+06	603823	2.08507e+06	1.12964e+06	617822
293T_TFF1_DNA_Pool-2_12C:R6:K5:05	48	1.00001e+06	0	676451	761567	456639
293T_TFF1_DNA_Pool-2_12C:R9:98:03	21	1.00001e+06	538805	572324	469664	759239
293T_TFF1_DNA_Pool-2_12C:R9:S1:02	230	1.00001e+06	0	1.53072e+06	1.27725e+06	1.56422e+06
293T_TFF1_DNA_Pool-2_12C:S0:F2:05	38	1.00001e+06	1.44487e+06	468639	247157	0
293T_TFF1_DNA_Pool-2_12C:S3:E6:03	513	1.00001e+06	1.20674e+07	2.85285e+06	5.33154e+06	1.80973e+06
293T_TFF1_DNA_Pool-2_12C:S4:D0:03	21	1.00001e+06	613334	1.13378e+06	805315	768699
293T_TFF1_DNA_Pool-2_12C:S7:32:12	28	1.00001e+06	0	546750	680472	245079
293T_TFF1_DNA_Pool-2_12C:S7:O2:05	96	1.00001e+06	1.52002e+06	798610	853841	763226
293T_TFF1_DNA_Pool-2_12C:S7:O9:01	67	1.00001e+06	512291	782088	700040	620545
293T_TFF1_DNA_Pool-2_12C:S8:66:08	53	1.00001e+06	0	909572	1.05659e+06	0
293T_TFF1_DNA_Pool-2_12C:S8:X3:06	21	1.00001e+06	2.40982e+06	634185	758078	4.07735e+06
293T_TFF1_DNA_Pool-2_12C:S8:Y1:02	51	1.00001e+06	2.08959e+06	961138	848121	298157
293T_TFF1_DNA_Pool-2_12C:T5:B2:01	35	1.00001e+06	1.87904e+06	760989	743138	821474
293T_TFF1_DNA_Pool-2_12C:U8:46:11	20	1.00001e+06	186142	541933	21772.8	0
293T_TFF1_DNA_Pool-2_12C:U8:P0:02	24	1.00001e+06	0	1.10046e+06	711850	10309.4
293T_TFF1_DNA_Pool-2_12C:V2:T7:03	22	1.00001e+06	2.03895e+06	678892	631169	1.35797e+06
293T_TFF1_DNA_Pool-2_12C:X2:0F:05	39	1.00001e+06	2.09411e+06	971517	700971	2.31235e+06
293T_TFF1_DNA_Pool-2_12C:X2:M0:02	22	1.00001e+06	0	787731	788091	596872
293T_TFF1_DNA_Pool-2_12C:X5:17:05	82	1.00001e+06	0	1.03898e+06	853568	606291
293T_TFF1_DNA_Pool-2_12C:X5:22:03	42	1.00001e+06	0	938968	863391	375589
293T_TFF1_DNA_Pool-2_12C:X5:56:04	50	1.00001e+06	1.79511e+06	1.41484e+06	869976	907027
293T_TFF1_DNA_Pool-2_12C:X5:C0:02	70	1.00001e+06	0	1.09865e+06	856145	802021
293T_TFF1_DNA_Pool-2_12C:X5:E8:05	265	1.00001e+06	1.95042e+06	2.50885e+06	3.8994e+06	3.36139e+06
293T_TFF1_DNA_Pool-2_12C:X5:I0:02	37	1.00001e+06	1.13768e+06	906515	778652	2.34732e+06
293T_TFF1_DNA_Pool-2_12C:X5:I2:02	70	1.00001e+06	2.9074e+06	1.26116e+06	845621	1.45863e+06
293T_TFF1_DNA_Pool-2_12C:X5:P0:03	82	1.00001e+06	352550	1.06923e+06	880065	601692
293T_TFF1_DNA_Pool-2_12C:X5:T0:06	228	1.00001e+06	0	1.69292e+06	751294	1.75557e+06
293T_TFF1_DNA_Pool-2_12C:X5:T2:05	104	1.00001e+06	0	1.23741e+06	1.12156e+06	469108
293T_TFF1_DNA_Pool-2_12C:X5:X3:04	65	1.00001e+06	0	640753	802869	346318
293T_TFF1_DNA_Pool-2_12C:Z2:V0:05	78	1.00001e+06	0	861743	888837	1.06469e+06
293T_TFF1_DNA_Pool-2_12C:Z6:46:03	44	1.00001e+06	1.31843e+06	1.71602e+06	844534	4.36235e+06
293T_TFF1_DNA_Pool-2_12C:Z6:T0:06	35	1.00001e+06	1.75369e+06	714774	800307	565217
293T_TFF1_DNA_Pool-2_12C:Z6:V0:05	87	1.00001e+06	300621	761995	618822	276882
293T_TFF1_DNA_Pool-2_12C:Z9:L7:05	115	1.00001e+06	0	1.7524e+06	1.12604e+06	444673
293T_TFF1_DNA_Pool-2_12B:03:Y1:02	41	1.00001e+06	2.36867e+06	1.02748e+06	812731	898791
293T_TFF1_DNA_Pool-2_12B:08:56:04	20	1.00001e+06	1.62844e+06	393159	652490	4.25829e+06
293T_TFF1_DNA_Pool-2_12B:08:K2:05	21	1.00001e+06	1.6379e+06	655391	804920	258149
293T_TFF1_DNA_Pool-2_12B:0A:50:03	900	1.00001e+06	6.98905e+06	3.28717e+06	1.23685e+07	2.7547e+06
293T_TFF1_DNA_Pool-2_12B:0H:61:03	38	1.00001e+06	1.88152e+06	946827	2.12642e+06	813104
293T_TFF1_DNA_Pool-2_12B:0H:76:08	21	1.00001e+06	971222	633788	986951	700590
293T_TFF1_DNA_Pool-2_12B:0H:G4:05	152	1.00001e+06	2.72099e+06	1.60585e+06	896966	1.36904e+06
293T_TFF1_DNA_Pool-2_12B:0I:J6:05	591	1.00001e+06	6.49682e+06	3.59841e+06	8.89709e+06	3.4312e+06
293T_TFF1_DNA_Pool-2_12B:0M:20:10	438	1.00001e+06	0	2.03108e+06	2.75495e+06	3.27588e+06
293T_TFF1_DNA_Pool-2_12B:0M:69:09	25	1.00001e+06	0	752542	915323	0
293T_TFF1_DNA_Pool-2_12B:0Q:D2:05	23	1.00001e+06	1.70507e+06	1.10184e+06	807434	220841
293T_TFF1_DNA_Pool-2_12B:0Q:O1:09	54	1.00001e+06	1.0336e+06	1.04673e+06	867862	717141
293T_TFF1_DNA_Pool-2_12B:0T:B3:11	32	1.00001e+06	0	756465	800122	337417
293T_TFF1_DNA_Pool-2_12B:0X:0R:12	2886	1.00001e+06	1.5605e+07	5.81814e+06	7.40981e+06	3.74198e+06
293T_TFF1_DNA_Pool-2_12B:0X:0W:05	70	1.00001e+06	1.02602e+06	917543	766372	540694
293T_TFF1_DNA_Pool-2_12B:0X:17:05	92	1.00001e+06	1.41277e+06	1.29101e+06	923191	655931
293T_TFF1_DNA_Pool-2_12B:0X:22:08	32	1.00001e+06	257360	488263	804062	0
293T_TFF1_DNA_Pool-2_12B:0X:50:09	121	1.00001e+06	2.48782e+06	1.34629e+06	1.17346e+06	1.07424e+06
293T_TFF1_DNA_Pool-2_12B:0X:56:04	76	1.00001e+06	1.3767e+06	1.3876e+06	859182	847914
293T_TFF1_DNA_Pool-2_12B:0X:61:01	73	1.00001e+06	0	909623	748414	266850
293T_TFF1_DNA_Pool-2_12B:0X:69:08	35	1.00001e+06	0	733116	767889	452353
293T_TFF1_DNA_Pool-2_12B:0X:H8:09	35	1.00001e+06	0	1.33463e+06	888613	1.70523e+06
293T_TFF1_DNA_Pool-2_12B:0X:M8:10	90	1.00001e+06	0	1.1834e+06	754708	1.81326e+06
293T_TFF1_DNA_Pool-2_12B:0X:O2:11	80	1.00001e+06	0	1.4978e+06	1.26128e+06	1.68412e+06
293T_TFF1_DNA_Pool-2_12B:0X:O9:03	27	1.00001e+06	1.40807e+06	1.59342e+06	762662	1.68617e+06
293T_TFF1_DNA_Pool-2_12B:0X:W1:10	43	1.00001e+06	417729	1.65899e+06	886572	6.22332e+06
293T_TFF1_DNA_Pool-2_12B:0X:W2:07	32	1.00001e+06	1.87806e+06	631145	700068	225125
293T_TFF1_DNA_Pool-2_12B:0Y:G2:12	45	1.00001e+06	2.62924e+06	1.32327e+06	632530	1.29731e+06
293T_TFF1_DNA_Pool-2_12B:0Y:G9:11	22	1.00001e+06	110992	600395	834605	315963
293T_TFF1_DNA_Pool-2_12B:0Y:H8:02	67	1.00001e+06	310503	822370	747813	719610
293T_TFF1_DNA_Pool-2_12B:0Y:N7:03	140	1.00001e+06	1.3865e+06	1.59242e+06	846765	2.812e+06
293T_TFF1_DNA_Pool-2_12B:16:R7:02	26	1.00001e+06	0	814648	581389	485072
293T_TFF1_DNA_Pool-2_12B:23:66:05	721	1.00001e+06	7.90998e+06	3.49489e+06	8.69378e+06	2.8003e+06
293T_TFF1_DNA_Pool-2_12B:24:90:12	23	1.00001e+06	1.76374e+06	421082	758020	0
293T_TFF1_DNA_Pool-2_12B:39:P0:09	49	1.00001e+06	3.13422e+06	2.15134e+06	757311	281443
293T_TFF1_DNA_Pool-2_12B:47:76:10	59	1.00001e+06	1.97566e+06	997651	886450	319666
293T_TFF1_DNA_Pool-2_12B:47:98:09	135	1.00001e+06	3.29209e+06	1.63707e+06	1.93566e+06	1.27384e+06
293T_TFF1_DNA_Pool-2_12B:47:W6:06	23	1.00001e+06	418539	829298	717131	1.24716e+06
293T_TFF1_DNA_Pool-2_12B:56:H8:05	44	1.00001e+06	1.66986e+06	663792	766343	281689
293T_TFF1_DNA_Pool-2_12B:56:Q8:03	20	1.00001e+06	2.17615e+06	494169	831094	0
293T_TFF1_DNA_Pool-2_12B:67:98:09	35	1.00001e+06	2.03428e+06	993691	828194	524939
293T_TFF1_DNA_Pool-2_12B:67:J0:04	20	1.00001e+06	0	783899	751471	740276
293T_TFF1_DNA_Pool-2_12B:79:45:05	23	1.00001e+06	1.87434e+06	699479	926637	902533
293T_TFF1_DNA_Pool-2_12B:80:U5:09	27	1.00001e+06	0	591307	724265	0
293T_TFF1_DNA_Pool-2_12B:95:28:07	26	1.00001e+06	1.33709e+06	700920	779803	962145
293T_TFF1_DNA_Pool-2_12B:95:29:08	38	1.00001e+06	0	761219	733332	0
293T_TFF1_DNA_Pool-2_12B:95:H2:12	43	1.00001e+06	0	791508	755139	154808
293T_TFF1_DNA_Pool-2_12B:A4:Y5:01	23	1.00001e+06	1.62249e+06	532331	796154	237877
293T_TFF1_DNA_Pool-2_12B:A7:N7:03	46	1.00001e+06	0	932922	846139	714735
293T_TFF1_DNA_Pool-2_12B:B1:Q8:02	22	NA	1.75609e+06	396247	18167.2	747167
293T_TFF1_DNA_Pool-2_12B:B5:F8:01	54	1.00001e+06	0	931196	903155	1.50564e+06
293T_TFF1_DNA_Pool-2_12B:B5:G1:10	107	1.00001e+06	1.98365e+06	1.60247e+06	853714	974564
293T_TFF1_DNA_Pool-2_12B:D2:F3:12	20	1.00001e+06	0	435764	33498.5	0
293T_TFF1_DNA_Pool-2_12B:D9:B3:11	33	1.00001e+06	2.52878e+06	684178	689492	2.45384e+06
293T_TFF1_DNA_Pool-2_12B:E3:A0:11	97	1.00001e+06	996079	1.05819e+06	904924	1.08542e+06
293T_TFF1_DNA_Pool-2_12B:E3:C9:08	28	1.00001e+06	0	323744	208357	0
293T_TFF1_DNA_Pool-2_12B:E3:J4:09	89	1.00001e+06	543472	804259	847262	408021
293T_TFF1_DNA_Pool-2_12B:E3:V0:12	20	1.00001e+06	1.71991e+06	957121	236630	4.88241e+06
293T_TFF1_DNA_Pool-2_12B:E3:Y5:02	101	1.00001e+06	0	1.32822e+06	1.03319e+06	892477
293T_TFF1_DNA_Pool-2_12B:E4:E2:11	90	1.00001e+06	680420	1.33919e+06	1.15742e+06	813094
293T_TFF1_DNA_Pool-2_12B:F2:X8:12	36	1.00001e+06	682814	577095	566116	720461
293T_TFF1_DNA_Pool-2_12B:F6:J0:09	20	1.00001e+06	0	617550	15445.9	428423
293T_TFF1_DNA_Pool-2_12B:G7:G1:10	56	1.00001e+06	0	908091	661974	0
293T_TFF1_DNA_Pool-2_12B:H6:0R:12	40	1.00001e+06	0	930250	1.28783e+06	1.61031e+06
293T_TFF1_DNA_Pool-2_12B:J1:L6:12	21	1.00001e+06	1.66029e+06	783413	17470.1	175543
293T_TFF1_DNA_Pool-2_12B:J1:M0:12	29	1.00001e+06	0	775714	679358	123860
293T_TFF1_DNA_Pool-2_12B:L6:56:04	21	1.00001e+06	1.58252e+06	517493	770247	0
293T_TFF1_DNA_Pool-2_12B:L6:J6:09	21	1.00001e+06	402381	1.63527e+06	833264	2.35142e+06
293T_TFF1_DNA_Pool-2_12B:M4:G8:01	46	1.00001e+06	2.04094e+06	971564	794319	892984
293T_TFF1_DNA_Pool-2_12B:M8:Y1:08	2403	1.00001e+06	1.06451e+07	5.13861e+06	8.17912e+06	2.29887e+06
293T_TFF1_DNA_Pool-2_12B:N6:B3:11	35	1.00001e+06	325707	1.01296e+06	785057	1.00466e+06
293T_TFF1_DNA_Pool-2_12B:N9:28:01	25	1.00001e+06	0	875195	825368	0
293T_TFF1_DNA_Pool-2_12B:N9:F3:12	119	1.00001e+06	534704	1.30772e+06	1.01775e+06	1.26059e+06
293T_TFF1_DNA_Pool-2_12B:N9:H3:05	38	1.00001e+06	173780	1.07335e+06	832759	4.20679e+06
293T_TFF1_DNA_Pool-2_12B:N9:L8:12	35	1.00001e+06	1.10172e+06	951012	816391	367548
293T_TFF1_DNA_Pool-2_12B:N9:O2:09	36	1.00001e+06	1.58252e+06	415919	803311	234161
293T_TFF1_DNA_Pool-2_12B:O7:08:08	23	NA	1.34558e+06	185422	893572	129899
293T_TFF1_DNA_Pool-2_12B:Q4:69:09	38	1.00001e+06	1.85968e+06	709567	689981	2.70746e+06
293T_TFF1_DNA_Pool-2_12B:Q7:S6:02	29	1.00001e+06	1.26504e+06	2.68773e+06	785959	2.61756e+06
293T_TFF1_DNA_Pool-2_12B:S3:E6:03	24	1.00001e+06	0	960438	907210	1.29114e+06
293T_TFF1_DNA_Pool-2_12B:S3:J6:09	20	1.00001e+06	1.39908e+06	335858	20510.9	0
293T_TFF1_DNA_Pool-2_12B:S7:0I:11	42	1.00001e+06	2.10495e+06	758788	814735	0
293T_TFF1_DNA_Pool-2_12B:S7:45:09	107	1.00001e+06	486315	1.40148e+06	869611	1.0212e+06
293T_TFF1_DNA_Pool-2_12B:S7:H8:09	31	1.00001e+06	0	322675	683669	0
293T_TFF1_DNA_Pool-2_12B:S7:J0:08	52	1.00001e+06	2.1781e+06	1.44261e+06	786183	3.3169e+06
293T_TFF1_DNA_Pool-2_12B:S7:J6:09	53	1.00001e+06	0	608100	889932	69913.1
293T_TFF1_DNA_Pool-2_12B:S7:L4:12	23	1.00001e+06	0	715342	563184	294949
293T_TFF1_DNA_Pool-2_12B:S8:56:04	22	1.00001e+06	280961	359897	678837	155173
293T_TFF1_DNA_Pool-2_12B:S8:98:11	42	1.00001e+06	331461	724768	860034	602804
293T_TFF1_DNA_Pool-2_12B:T6:C4:05	23	1.00001e+06	170884	260830	219727	0
293T_TFF1_DNA_Pool-2_12B:V1:0I:07	20	1.00001e+06	119890	762524	764939	363716
293T_TFF1_DNA_Pool-2_12B:V5:72:02	32	1.00001e+06	0	709599	770029	208355
293T_TFF1_DNA_Pool-2_12B:V6:24:12	24	1.00001e+06	1.65629e+06	473968	693005	63275.1
293T_TFF1_DNA_Pool-2_12B:V9:97:03	29	1.00001e+06	0	922423	475415	3.67491e+06
293T_TFF1_DNA_Pool-2_12B:W8:45:05	28	1.00001e+06	0	680382	19704.2	2.04933e+06
293T_TFF1_DNA_Pool-2_12B:X5:0R:04	81	1.00001e+06	0	1.15594e+06	872148	601816
293T_TFF1_DNA_Pool-2_12B:X5:56:04	83	1.00001e+06	0	2.54549e+06	4.84781e+06	1.84375e+06
293T_TFF1_DNA_Pool-2_12B:X5:B3:02	51	1.00001e+06	0	1.12917e+06	844459	2.85806e+06
293T_TFF1_DNA_Pool-2_12B:X5:L7:12	46	1.00001e+06	1.27746e+06	863203	682869	526786
293T_TFF1_DNA_Pool-2_12B:X5:M8:12	28	1.00001e+06	2.19189e+06	552821	753127	0
293T_TFF1_DNA_Pool-2_12B:X5:O1:09	169	1.00001e+06	0	1.46148e+06	1.21563e+06	1.33593e+06
293T_TFF1_DNA_Pool-2_12B:X5:W2:03	42	1.00001e+06	2.31866e+06	754903	828311	611640
293T_TFF1_DNA_Pool-2_12B:Y8:E8:02	29	1.00001e+06	0	744054	649875	115326
293T_TFF1_DNA_Pool-2_12B:Z9:E2:12	55	1.00001e+06	176831	907574	740121	4.06046e+06
293T_TFF1_DNA_Pool-2_12B:Z9:H2:12	34	1.00001e+06	0	1.77142e+06	867656	3.25353e+06
293T_TFF1_DNA_Pool-2_12A:04:G4:03	51	1.00001e+06	0	1.47064e+06	705600	6.0016e+06
293T_TFF1_DNA_Pool-2_12A:08:09:03	33	1.00001e+06	2.28324e+06	601944	772855	406462
293T_TFF1_DNA_Pool-2_12A:08:0R:03	129	1.00001e+06	2.27812e+06	1.372e+06	920071	530595
293T_TFF1_DNA_Pool-2_12A:08:C4:01	35	1.00001e+06	1.31003e+06	618648	791724	107419
293T_TFF1_DNA_Pool-2_12A:08:D4:03	22	1.00001e+06	0	577409	778556	268807
293T_TFF1_DNA_Pool-2_12A:08:Q8:01	43	1.00001e+06	0	2.53496e+06	1.00085e+06	398150
293T_TFF1_DNA_Pool-2_12A:08:Y2:03	594	1.00001e+06	3.61157e+06	2.60845e+06	6.65019e+06	2.60617e+06
293T_TFF1_DNA_Pool-2_12A:0A:17:05	32	1.00001e+06	0	1.12052e+06	903178	1.55537e+06
293T_TFF1_DNA_Pool-2_12A:0A:F3:01	21	1.00001e+06	0	1.54316e+06	958705	0
293T_TFF1_DNA_Pool-2_12A:0D:30:03	22	1.00001e+06	0	281293	14282.2	0
293T_TFF1_DNA_Pool-2_12A:0H:58:03	264	1.00001e+06	2.10943e+06	1.84638e+06	1.11517e+06	1.50248e+06
293T_TFF1_DNA_Pool-2_12A:0H:61:03	1348	1.00001e+06	1.07948e+07	6.27092e+06	1.20845e+07	4.58796e+06
293T_TFF1_DNA_Pool-2_12A:0M:J6:02	60	1.00001e+06	1.79621e+06	1.06274e+06	1.01767e+06	3.04423e+06
293T_TFF1_DNA_Pool-2_12A:0T:M4:11	53	1.00001e+06	0	1.17879e+06	640460	2.91094e+06
293T_TFF1_DNA_Pool-2_12A:0T:N4:03	30	1.00001e+06	1.59053e+06	888289	840452	628923
293T_TFF1_DNA_Pool-2_12A:0T:X0:03	23	1.00001e+06	0	423859	20292.4	0
293T_TFF1_DNA_Pool-2_12A:0U:M8:05	34	1.00001e+06	774288	1.16196e+06	792215	2.07459e+06
293T_TFF1_DNA_Pool-2_12A:0X:17:05	159	1.00001e+06	1.52343e+06	1.72369e+06	985914	1.6517e+06
293T_TFF1_DNA_Pool-2_12A:0X:56:04	66	1.00001e+06	1.14698e+06	1.4258e+06	1.29534e+06	3.10901e+06
293T_TFF1_DNA_Pool-2_12A:0X:94:03	134	1.00001e+06	0	1.45645e+06	1.102e+06	1.41906e+06
293T_TFF1_DNA_Pool-2_12A:0X:A4:03	90	1.00001e+06	1.19567e+06	1.16163e+06	838064	938065
293T_TFF1_DNA_Pool-2_12A:0X:E2:03	106	1.00001e+06	0	1.29303e+06	946107	529136
293T_TFF1_DNA_Pool-2_12A:0X:I0:01	64	1.00001e+06	436610	1.13249e+06	999770	207956
293T_TFF1_DNA_Pool-2_12A:0X:I0:03	74	1.00001e+06	448929	848776	781076	631636
293T_TFF1_DNA_Pool-2_12A:0X:N7:03	102	1.00001e+06	1.47588e+06	1.49083e+06	988889	602881
293T_TFF1_DNA_Pool-2_12A:0X:N7:11	122	1.00001e+06	0	996210	801239	897285
293T_TFF1_DNA_Pool-2_12A:0X:P0:01	235	1.00001e+06	3.73287e+06	1.77685e+06	1.73857e+06	947172
293T_TFF1_DNA_Pool-2_12A:0X:P3:03	66	1.00001e+06	0	950421	783189	1.49273e+06
293T_TFF1_DNA_Pool-2_12A:0X:T4:03	116	1.00001e+06	0	1.42752e+06	869424	728150
293T_TFF1_DNA_Pool-2_12A:0X:Z3:03	185	1.00001e+06	1.09525e+06	1.17276e+06	1.17814e+06	708400
293T_TFF1_DNA_Pool-2_12A:0Y:24:04	31	1.00001e+06	1.85172e+06	876973	603316	3.06906e+06
293T_TFF1_DNA_Pool-2_12A:0Y:69:03	20	1.00001e+06	0	570573	222729	0
293T_TFF1_DNA_Pool-2_12A:0Y:72:03	44	1.00001e+06	0	504929	841070	309634
293T_TFF1_DNA_Pool-2_12A:0Y:93:03	276	1.00001e+06	1.74899e+06	1.94476e+06	1.58657e+06	2.84192e+06
293T_TFF1_DNA_Pool-2_12A:0Y:E2:03	106	1.00001e+06	1.5099e+06	1.49804e+06	836930	1.7769e+06
293T_TFF1_DNA_Pool-2_12A:0Y:G0:06	29	1.00001e+06	0	1.87048e+06	763887	0
293T_TFF1_DNA_Pool-2_12A:0Y:I1:03	56	1.00001e+06	2.0467e+06	1.01429e+06	1.18196e+06	771598
293T_TFF1_DNA_Pool-2_12A:0Y:J0:01	188	1.00001e+06	0	1.88929e+06	1.02819e+06	1.45515e+06
293T_TFF1_DNA_Pool-2_12A:0Y:Q5:10	20	1.00001e+06	160504	236111	7435.01	0
293T_TFF1_DNA_Pool-2_12A:0Y:Y6:03	129	1.00001e+06	1.9369e+06	1.41357e+06	949107	2.26633e+06
293T_TFF1_DNA_Pool-2_12A:12:J0:05	26	1.00001e+06	1.78053e+06	558014	757520	0
293T_TFF1_DNA_Pool-2_12A:15:O2:01	39	1.00001e+06	0	485622	231033	250359
293T_TFF1_DNA_Pool-2_12A:20:G4:03	24	1.00001e+06	1.63906e+06	558257	836675	0
293T_TFF1_DNA_Pool-2_12A:23:V0:03	60	1.00001e+06	287428	960237	881800	947337
293T_TFF1_DNA_Pool-2_12A:24:J0:10	28	1.00001e+06	116242	827482	3.91753e+06	68652
293T_TFF1_DNA_Pool-2_12A:24:Y2:03	55	1.00001e+06	0	832129	890515	1.31588e+06
293T_TFF1_DNA_Pool-2_12A:31:P4:03	26	1.00001e+06	2.60855e+06	1.44863e+06	963941	1.56514e+06
293T_TFF1_DNA_Pool-2_12A:32:O2:03	188	1.00001e+06	1.14861e+06	1.59551e+06	1.56343e+06	957928
293T_TFF1_DNA_Pool-2_12A:35:O2:02	31	1.00001e+06	1.70302e+06	826044	797512	76460.7
293T_TFF1_DNA_Pool-2_12A:39:O1:03	55	1.00001e+06	1.34722e+06	866511	778735	842540
293T_TFF1_DNA_Pool-2_12A:47:B2:07	38	1.00001e+06	2.49774e+06	1.13425e+06	812708	1.26396e+06
293T_TFF1_DNA_Pool-2_12A:47:D0:03	45	1.00001e+06	1.60085e+06	483513	846348	351262
293T_TFF1_DNA_Pool-2_12A:47:Q8:03	36	1.00001e+06	0	1.11509e+06	798448	364980
293T_TFF1_DNA_Pool-2_12A:47:X7:02	47	1.00001e+06	1.27172e+06	817199	699949	493733
293T_TFF1_DNA_Pool-2_12A:48:77:02	49	1.00001e+06	1.84255e+06	855103	809880	1.51268e+06
293T_TFF1_DNA_Pool-2_12A:52:77:02	81	1.00001e+06	902757	1.69299e+06	1.22934e+06	2.7627e+06
293T_TFF1_DNA_Pool-2_12A:55:58:03	32	1.00001e+06	207451	481447	827455	43720.4
293T_TFF1_DNA_Pool-2_12A:59:O1:04	452	1.00001e+06	1.18732e+06	2.15446e+06	3.20096e+06	1.02186e+06
293T_TFF1_DNA_Pool-2_12A:60:K0:02	2532	1.00001e+06	1.2954e+07	6.84567e+06	7.98062e+06	5.06764e+06
293T_TFF1_DNA_Pool-2_12A:71:B6:02	33	1.00001e+06	0	573013	832012	156091
293T_TFF1_DNA_Pool-2_12A:71:Y9:01	243	1.00001e+06	1.02631e+06	1.56729e+06	2.16513e+06	1.6632e+06
293T_TFF1_DNA_Pool-2_12A:75:08:05	77	1.00001e+06	0	1.07179e+06	636798	728863
293T_TFF1_DNA_Pool-2_12A:75:P0:01	56	1.00001e+06	0	1.19607e+06	854326	2.53758e+06
293T_TFF1_DNA_Pool-2_12A:75:P4:03	27	1.00001e+06	1.7017e+06	588684	721991	0
293T_TFF1_DNA_Pool-2_12A:75:Z3:03	63	1.00001e+06	1.37469e+06	1.51021e+06	996892	775151
293T_TFF1_DNA_Pool-2_12A:80:45:03	41	1.00001e+06	0	836803	821101	665029
293T_TFF1_DNA_Pool-2_12A:80:46:03	27	1.00001e+06	0	530853	17763.4	440802
293T_TFF1_DNA_Pool-2_12A:80:56:04	31	1.00001e+06	0	954823	758571	4.07109e+06
293T_TFF1_DNA_Pool-2_12A:80:M0:03	21	1.00001e+06	2.40039e+06	1.12648e+06	780447	2.78629e+06
293T_TFF1_DNA_Pool-2_12A:84:P0:01	56	1.00001e+06	0	1.01473e+06	747819	1.62968e+06
293T_TFF1_DNA_Pool-2_12A:84:T4:01	24	1.00001e+06	1.6287e+06	442013	11952.1	0
293T_TFF1_DNA_Pool-2_12A:88:41:03	61	1.00001e+06	965491	1.17842e+06	822852	308903
293T_TFF1_DNA_Pool-2_12A:91:54:03	31	1.00001e+06	961288	1.18209e+06	732599	7.26184e+06
293T_TFF1_DNA_Pool-2_12A:91:K2:03	23	1.00001e+06	1.85575e+06	872369	824898	928372
293T_TFF1_DNA_Pool-2_12A:95:77:06	22	1.00001e+06	286044	295894	741349	381370
293T_TFF1_DNA_Pool-2_12A:95:A4:03	66	1.00001e+06	0	1.08334e+06	951048	455739
293T_TFF1_DNA_Pool-2_12A:95:C0:03	85	1.00001e+06	0	1.32731e+06	776092	1.34317e+06
293T_TFF1_DNA_Pool-2_12A:95:E1:03	36	1.00001e+06	0	1.68538e+06	957801	2.22325e+06
293T_TFF1_DNA_Pool-2_12A:95:L8:03	63	1.00001e+06	2.2551e+06	1.047e+06	705596	2.35447e+06
293T_TFF1_DNA_Pool-2_12A:95:R2:03	28	1.00001e+06	0	1.44306e+06	848732	1.11089e+06
293T_TFF1_DNA_Pool-2_12A:99:54:02	96	1.00001e+06	1.43995e+06	866482	907893	349480
293T_TFF1_DNA_Pool-2_12A:A4:0I:03	223	1.00001e+06	6.40614e+06	1.89553e+06	886699	3.46162e+06
293T_TFF1_DNA_Pool-2_12A:A4:56:03	33	1.00001e+06	0	826271	764108	347190
293T_TFF1_DNA_Pool-2_12A:A4:56:04	37	1.00001e+06	0	1.30564e+06	759311	2.12749e+06
293T_TFF1_DNA_Pool-2_12A:A4:G1:03	23	1.00001e+06	444874	852148	760335	463318
293T_TFF1_DNA_Pool-2_12A:A4:L0:03	120	1.00001e+06	1.92508e+06	1.23768e+06	1.29657e+06	2.55234e+06
293T_TFF1_DNA_Pool-2_12A:A4:R2:03	26	1.00001e+06	2.18492e+06	776965	15999.9	1.02263e+06
293T_TFF1_DNA_Pool-2_12A:A7:17:05	70	1.00001e+06	0	1.22518e+06	983761	551443
293T_TFF1_DNA_Pool-2_12A:A7:M8:03	142	1.00001e+06	1.984e+06	1.60094e+06	1.23208e+06	1.64036e+06
293T_TFF1_DNA_Pool-2_12A:A7:Y2:03	85	1.00001e+06	2.55733e+06	1.22423e+06	1.1156e+06	202268
293T_TFF1_DNA_Pool-2_12A:B1:H6:03	92	1.00001e+06	0	1.27775e+06	767319	605211
293T_TFF1_DNA_Pool-2_12A:B2:0V:12	24	1.00001e+06	0	777051	807497	627168
293T_TFF1_DNA_Pool-2_12A:B5:61:03	58	1.00001e+06	603152	1.19027e+06	2.20535e+06	823187
293T_TFF1_DNA_Pool-2_12A:B6:C0:03	21	1.00001e+06	1.88958e+06	1.06306e+06	922526	454607
293T_TFF1_DNA_Pool-2_12A:E3:56:04	35	1.00001e+06	0	1.0255e+06	682170	376119
293T_TFF1_DNA_Pool-2_12A:E3:76:03	30	1.00001e+06	1.54554e+06	1.49652e+06	932077	492686
293T_TFF1_DNA_Pool-2_12A:E3:P0:01	159	1.00001e+06	764947	1.90297e+06	1.73672e+06	2.69606e+06
293T_TFF1_DNA_Pool-2_12A:E3:Y2:03	144	1.00001e+06	0	1.90897e+06	1.15094e+06	1.59583e+06
293T_TFF1_DNA_Pool-2_12A:E7:26:03	30	1.00001e+06	394564	1.98802e+06	652931	714830
293T_TFF1_DNA_Pool-2_12A:F1:B2:11	34	1.00001e+06	1.93965e+06	643713	664427	576724
293T_TFF1_DNA_Pool-2_12A:F2:98:05	21	1.00001e+06	169333	411486	15130.3	0
293T_TFF1_DNA_Pool-2_12A:F7:58:03	30	1.00001e+06	1.94384e+06	738927	778156	676364
293T_TFF1_DNA_Pool-2_12A:F7:98:11	21	1.00001e+06	0	737754	18836.6	968298
293T_TFF1_DNA_Pool-2_12A:G0:B0:03	113	1.00001e+06	0	2.16895e+06	1.49996e+06	2.8408e+06
293T_TFF1_DNA_Pool-2_12A:G0:U5:11	21	1.00001e+06	2.21531e+06	571475	615241	271628
293T_TFF1_DNA_Pool-2_12A:G3:H8:01	30	1.00001e+06	0	441489	600615	175397
293T_TFF1_DNA_Pool-2_12A:G7:H2:03	29	1.00001e+06	167705	683419	789221	778595
293T_TFF1_DNA_Pool-2_12A:G7:X3:03	37	1.00001e+06	116533	481572	18901.1	0
293T_TFF1_DNA_Pool-2_12A:G8:B6:05	53	1.00001e+06	0	989102	989665	1.95185e+06
293T_TFF1_DNA_Pool-2_12A:H1:50:02	24	1.00001e+06	0	1.1051e+06	797155	857667
293T_TFF1_DNA_Pool-2_12A:H1:S9:03	31	1.00001e+06	0	1.09319e+06	934969	703874
293T_TFF1_DNA_Pool-2_12A:H1:X0:02	25	1.00001e+06	2.24154e+06	1.11721e+06	790101	1.86082e+06
293T_TFF1_DNA_Pool-2_12A:H5:K2:03	20	1.00001e+06	1.85537e+06	554737	30766.9	319866
293T_TFF1_DNA_Pool-2_12A:H5:M0:03	27	1.00001e+06	1.8682e+06	745745	672279	169941
293T_TFF1_DNA_Pool-2_12A:H6:B0:03	172	1.00001e+06	0	1.81963e+06	762909	2.39383e+06
293T_TFF1_DNA_Pool-2_12A:H6:T0:03	34	1.00001e+06	379250	781772	752647	0
293T_TFF1_DNA_Pool-2_12A:H9:50:03	26	1.00001e+06	1.44238e+06	755407	772943	1.29003e+06
293T_TFF1_DNA_Pool-2_12A:H9:A4:03	22	1.00001e+06	1.60158e+06	397218	591946	53795.8
293T_TFF1_DNA_Pool-2_12A:J1:80:03	26	1.00001e+06	626477	887086	21205.6	162663
293T_TFF1_DNA_Pool-2_12A:J1:90:03	36	1.00001e+06	454408	834067	721494	815087
293T_TFF1_DNA_Pool-2_12A:J1:B6:05	143	1.00001e+06	0	1.50046e+06	768811	1.19524e+06
293T_TFF1_DNA_Pool-2_12A:J1:L7:05	31	1.00001e+06	0	340372	735889	162748
293T_TFF1_DNA_Pool-2_12A:J9:K2:03	23	1.00001e+06	439382	1.05105e+06	843963	517620
293T_TFF1_DNA_Pool-2_12A:K3:A6:01	24	1.00001e+06	0	850315	739582	232205
293T_TFF1_DNA_Pool-2_12A:K3:K1:03	122	1.00001e+06	0	1.05214e+06	795277	672903
293T_TFF1_DNA_Pool-2_12A:K3:S9:02	31	1.00001e+06	0	981984	804502	714475
293T_TFF1_DNA_Pool-2_12A:K7:08:02	54	1.00001e+06	845998	619331	798448	118203
293T_TFF1_DNA_Pool-2_12A:K7:D0:03	35	1.00001e+06	0	386524	794094	0
293T_TFF1_DNA_Pool-2_12A:K7:O2:04	23	1.00001e+06	95026.2	293307	771493	0
293T_TFF1_DNA_Pool-2_12A:K8:M0:03	23	1.00001e+06	0	369160	777070	0
293T_TFF1_DNA_Pool-2_12A:L1:0R:03	48	1.00001e+06	0	994602	715483	1.09201e+06
293T_TFF1_DNA_Pool-2_12A:L5:V0:03	33	1.00001e+06	757613	814295	762292	2.16315e+06
293T_TFF1_DNA_Pool-2_12A:L6:B6:03	25	1.00001e+06	0	577675	736219	1.65158e+06
293T_TFF1_DNA_Pool-2_12A:L9:O1:03	38	1.00001e+06	696985	1.41295e+06	848025	2.74756e+06
293T_TFF1_DNA_Pool-2_12A:M4:O2:03	24	1.00001e+06	1.01181e+06	1.12937e+06	740507	572620
293T_TFF1_DNA_Pool-2_12A:M7:Y6:03	31	1.00001e+06	2.10018e+06	710479	852010	355060
293T_TFF1_DNA_Pool-2_12A:N9:0R:03	200	1.00001e+06	0	2.34106e+06	1.5903e+06	1.34202e+06
293T_TFF1_DNA_Pool-2_12A:N9:28:01	84	1.00001e+06	1.03202e+06	1.24012e+06	857300	4.69365e+06
293T_TFF1_DNA_Pool-2_12A:N9:56:04	71	1.00001e+06	872555	1.128e+06	822764	131953
293T_TFF1_DNA_Pool-2_12A:N9:81:02	49	1.00001e+06	2.4524e+06	1.01233e+06	789655	762380
293T_TFF1_DNA_Pool-2_12A:N9:G5:03	37	1.00001e+06	0	726092	764313	424837
293T_TFF1_DNA_Pool-2_12A:N9:H6:02	26	1.00001e+06	197590	578487	737241	167152
293T_TFF1_DNA_Pool-2_12A:N9:M4:03	126	1.00001e+06	0	2.0092e+06	1.59445e+06	3.23059e+06
293T_TFF1_DNA_Pool-2_12A:N9:O6:03	63	1.00001e+06	495451	926081	930478	4.90736e+06
293T_TFF1_DNA_Pool-2_12A:N9:X3:03	72	1.00001e+06	0	1.00367e+06	894971	352376
293T_TFF1_DNA_Pool-2_12A:O7:41:03	32	1.00001e+06	764737	930242	736246	985412
293T_TFF1_DNA_Pool-2_12A:O7:M4:03	36	1.00001e+06	0	729254	725452	157294
293T_TFF1_DNA_Pool-2_12A:O7:N8:03	45	1.00001e+06	0	1.22074e+06	957492	1.38798e+06
293T_TFF1_DNA_Pool-2_12A:P1:J6:03	36	1.00001e+06	1.97953e+06	1.04594e+06	810164	649512
293T_TFF1_DNA_Pool-2_12A:P1:P0:01	36	1.00001e+06	483371	862562	651433	378231
293T_TFF1_DNA_Pool-2_12A:Q0:56:04	20	1.00001e+06	0	604193	576479	367319
293T_TFF1_DNA_Pool-2_12A:Q4:F3:03	32	1.00001e+06	649680	968035	781315	2.32363e+06
293T_TFF1_DNA_Pool-2_12A:Q4:Q0:03	23	1.00001e+06	699341	958259	728243	310200
293T_TFF1_DNA_Pool-2_12A:Q4:X7:03	24	1.00001e+06	2.01841e+06	626838	839090	446819
293T_TFF1_DNA_Pool-2_12A:R1:A6:01	20	1.00001e+06	777162	572083	712000	494911
293T_TFF1_DNA_Pool-2_12A:R1:E6:05	30	1.00001e+06	2.79953e+06	536008	744719	265801
293T_TFF1_DNA_Pool-2_12A:R2:54:03	21	1.00001e+06	0	351638	17036.8	0
293T_TFF1_DNA_Pool-2_12A:R2:A6:03	21	1.00001e+06	2.41248e+06	386009	828406	751293
293T_TFF1_DNA_Pool-2_12A:S7:B3:11	35	1.00001e+06	117526	648089	946777	62796
293T_TFF1_DNA_Pool-2_12A:S7:B7:03	73	1.00001e+06	0	1.41303e+06	877480	784006
293T_TFF1_DNA_Pool-2_12A:S7:F3:03	69	1.00001e+06	2.27635e+06	657720	873836	278582
293T_TFF1_DNA_Pool-2_12A:S7:H8:03	46	1.00001e+06	1.59307e+06	711429	785239	648544
293T_TFF1_DNA_Pool-2_12A:S7:S6:03	37	1.00001e+06	490270	1.25304e+06	764448	1.01648e+06
293T_TFF1_DNA_Pool-2_12A:S7:W2:03	204	1.00001e+06	2.59801e+06	1.2205e+06	1.21938e+06	2.93864e+06
293T_TFF1_DNA_Pool-2_12A:S8:56:04	49	1.00001e+06	1.54592e+06	782636	638957	147386
293T_TFF1_DNA_Pool-2_12A:S8:76:03	54	1.00001e+06	0	1.08624e+06	976040	0
293T_TFF1_DNA_Pool-2_12A:S8:G1:03	47	1.00001e+06	2.17339e+06	761633	795413	557580
293T_TFF1_DNA_Pool-2_12A:S8:O5:01	31	1.00001e+06	1.12822e+06	912399	1.09784e+06	194225
293T_TFF1_DNA_Pool-2_12A:S8:X8:03	43	1.00001e+06	718822	836734	796392	421280
293T_TFF1_DNA_Pool-2_12A:U7:X0:03	141	1.00001e+06	677661	1.17228e+06	830032	1.00437e+06
293T_TFF1_DNA_Pool-2_12A:V2:B6:03	23	1.00001e+06	0	985293	639108	585527
293T_TFF1_DNA_Pool-2_12A:V2:Y6:03	73	1.00001e+06	0	1.25266e+06	1.04682e+06	4.30844e+06
293T_TFF1_DNA_Pool-2_12A:V5:B2:02	23	1.00001e+06	1.7836e+06	520724	207603	690145
293T_TFF1_DNA_Pool-2_12A:V6:56:04	22	1.00001e+06	1.72168e+06	620570	476173	661924
293T_TFF1_DNA_Pool-2_12A:V6:84:03	21	1.00001e+06	2.24121e+06	553997	837922	0
293T_TFF1_DNA_Pool-2_12A:V6:A4:01	26	1.00001e+06	0	614229	17881.3	725907
293T_TFF1_DNA_Pool-2_12A:V9:L7:03	60	1.00001e+06	0	1.16408e+06	867394	571911
293T_TFF1_DNA_Pool-2_12A:V9:T0:01	44	1.00001e+06	1.71073e+06	603567	920389	231543
293T_TFF1_DNA_Pool-2_12A:W0:B0:03	21	1.00001e+06	0	869788	777697	344775
293T_TFF1_DNA_Pool-2_12A:W0:Y2:03	26	1.00001e+06	0	984054	606914	3.24278e+06
293T_TFF1_DNA_Pool-2_12A:W3:F6:02	133	1.00001e+06	459927	1.0604e+06	838738	2.90997e+06
293T_TFF1_DNA_Pool-2_12A:W7:45:03	20	1.00001e+06	2.05014e+06	467534	232504	349616
293T_TFF1_DNA_Pool-2_12A:W8:P0:01	44	1.00001e+06	0	1.16057e+06	929505	681987
293T_TFF1_DNA_Pool-2_12A:X2:K2:03	25	1.00001e+06	1.62867e+06	842030	729591	1.4283e+06
293T_TFF1_DNA_Pool-2_12A:X5:30:09	46	1.00001e+06	994497	1.91253e+06	952088	1.877e+06
293T_TFF1_DNA_Pool-2_12A:X5:68:03	24	1.00001e+06	1.32037e+06	1.0048e+06	651088	628162
293T_TFF1_DNA_Pool-2_12A:X5:76:03	45	1.00001e+06	1.10788e+06	838511	783491	550982
293T_TFF1_DNA_Pool-2_12A:X5:98:12	49	1.00001e+06	0	825591	877233	272384
293T_TFF1_DNA_Pool-2_12A:X5:A5:03	54	1.00001e+06	840805	993347	997220	890589
293T_TFF1_DNA_Pool-2_12A:X5:B2:07	71	1.00001e+06	1.46969e+06	773073	674543	853023
293T_TFF1_DNA_Pool-2_12A:X5:B3:02	23	NA	0	264568	510355	0
293T_TFF1_DNA_Pool-2_12A:X5:B3:11	48	1.00001e+06	2.00981e+06	751767	836354	5.13347e+06
293T_TFF1_DNA_Pool-2_12A:X5:G4:02	61	1.00001e+06	2.12138e+06	1.007e+06	760518	3.80606e+06
293T_TFF1_DNA_Pool-2_12A:X5:H6:03	41	1.00001e+06	0	407153	635288	241947
293T_TFF1_DNA_Pool-2_12A:X5:M8:03	67	1.00001e+06	0	1.4628e+06	809835	1.66385e+06
293T_TFF1_DNA_Pool-2_12A:X5:O1:03	64	1.00001e+06	0	1.2997e+06	726909	332816
293T_TFF1_DNA_Pool-2_12A:X5:O6:03	307	1.00001e+06	396743	1.6588e+06	1.31636e+06	852494
293T_TFF1_DNA_Pool-2_12A:X5:R2:03	58	1.00001e+06	0	1.20136e+06	832838	979039
293T_TFF1_DNA_Pool-2_12A:X5:T0:03	134	1.00001e+06	2.08912e+06	1.77234e+06	1.10034e+06	4.17404e+06
293T_TFF1_DNA_Pool-2_12A:X6:E2:03	41	1.00001e+06	1.94871e+06	472891	777774	546435
293T_TFF1_DNA_Pool-2_12A:X6:X0:01	74	1.00001e+06	3.04051e+06	1.64385e+06	782243	3.5557e+06
293T_TFF1_DNA_Pool-2_12A:X9:R3:03	22	1.00001e+06	0	438928	706581	1.05104e+06
293T_TFF1_DNA_Pool-2_12A:Y3:B6:01	47	1.00001e+06	1.66123e+06	610972	746050	372735
293T_TFF1_DNA_Pool-2_12A:Z2:41:03	30	1.00001e+06	1.62603e+06	448273	670274	83782.6
293T_TFF1_DNA_Pool-2_12A:Z2:Y6:03	33	1.00001e+06	0	943795	747978	4.16522e+06
293T_TFF1_DNA_Pool-2_12A:Z5:X4:03	20	1.00001e+06	2.17299e+06	640268	680976	1.38305e+06
293T_TFF1_DNA_Pool-2_12A:Z9:98:03	28	1.00001e+06	625171	676741	809357	426707
F1-CC-DNA-1H:0D:B2:07	48	1.00001e+06	0	928540	683379	1.22279e+06
F1-CC-DNA-1H:0M:B2:07	39	1.00001e+06	0	714798	711495	249228
F1-CC-DNA-1H:0Q:T7:03	112	1.00001e+06	0	2.16907e+06	1.03883e+06	2.90851e+06
F1-CC-DNA-1H:0U:D3:11	87	1.00001e+06	753368	1.16637e+06	766551	1.89419e+06
F1-CC-DNA-1H:B2:0R:07	40	1.00001e+06	1.41766e+06	660080	620572	1.06192e+06
F1-CC-DNA-1H:C4:F2:11	48	1.00001e+06	0	1.35336e+06	862222	375028
F1-CC-DNA-1H:F6:32:03	67	1.00001e+06	0	1.13175e+06	733137	453496
F1-CC-DNA-1H:F7:C8:03	21	1.00001e+06	1.41438e+06	245039	207108	0
F1-CC-DNA-1H:H2:O2:03	27	1.00001e+06	1.7842e+06	472127	884027	186301
F1-CC-DNA-1H:H9:F2:03	42	1.00001e+06	2.61145e+06	1.09659e+06	815514	734261
F1-CC-DNA-1H:K0:B2:07	29	1.00001e+06	0	649768	856523	320015
F1-CC-DNA-1H:M4:B2:07	22	1.00001e+06	0	865614	753067	1.78446e+06
F1-CC-DNA-1H:M8:B0:03	27	1.00001e+06	1.70492e+06	359624	15543.9	0
F1-CC-DNA-1H:P6:B2:07	22	1.00001e+06	372933	436845	637613	0
F1-CC-DNA-1H:Q4:0R:07	48	1.00001e+06	1.53602e+06	1.47581e+06	1.1712e+06	826559
F1-CC-DNA-1H:Q4:32:07	49	1.00001e+06	1.41589e+06	1.04427e+06	868946	1.20634e+06
F1-CC-DNA-1H:V2:B2:07	23	1.00001e+06	0	1.21827e+06	758447	960594
F1-CC-DNA-1H:V6:B2:07	22	1.00001e+06	1.36511e+06	650237	536020	40175.9
F1-CC-DNA-1H:Y8:B2:07	37	1.00001e+06	1.60158e+06	383023	593810	217583
F1-CC-DNA-1G:08:M0:07	24	1.00001e+06	1.75342e+06	903379	532816	1.40155e+06
F1-CC-DNA-1G:72:E8:10	24	1.00001e+06	1.54933e+06	729961	824891	243981
F1-CC-DNA-1G:72:M0:07	22	1.00001e+06	1.97309e+06	686025	695353	0
F1-CC-DNA-1G:A3:M0:07	20	1.00001e+06	1.59492e+06	567361	210037	0
F1-CC-DNA-1G:F7:0W:07	65	1.00001e+06	190406	904845	746778	833488
F1-CC-DNA-1G:F7:M0:07	27	1.00001e+06	179548	619201	583434	31322.2
F1-CC-DNA-1G:M8:M0:07	41	1.00001e+06	939438	628569	839586	310662
F1-CC-DNA-1G:Q4:M0:07	20	1.00001e+06	0	1.11946e+06	821849	272021
F1-CC-DNA-1G:R2:M0:07	21	1.00001e+06	1.75517e+06	502944	771142	599852
F1-CC-DNA-1G:R6:M0:07	21	1.00001e+06	1.8041e+06	472437	759772	354446
F1-CC-DNA-1G:T5:M0:07	20	1.00001e+06	0	655498	839001	145086
F1-CC-DNA-1G:U0:M0:07	122	1.00001e+06	1.93385e+06	899746	730110	1.9078e+06
F1-CC-DNA-1G:U4:H7:10	20	1.00001e+06	1.80477e+06	618036	780975	0
F1-CC-DNA-1G:U4:M0:07	24	1.00001e+06	1.70543e+06	387479	772046	357854
F1-CC-DNA-1G:V6:M0:07	24	1.00001e+06	1.35005e+06	385101	237122	0
F1-CC-DNA-1G:W8:M0:07	33	1.00001e+06	2.51175e+06	1.2115e+06	846921	4.4723e+06
F1-CC-DNA-1D:27:A0:01	25	1.00001e+06	0	1.10169e+06	22860.4	2.93229e+06
F1-CC-DNA-1D:55:B3:01	29	1.00001e+06	0	626891	619658	678837
F1-CC-DNA-1D:64:T8:01	49	1.00001e+06	1.72228e+06	764243	794047	4.39307e+06
F1-CC-DNA-1D:71:54:01	23	1.00001e+06	1.48752e+06	946306	769717	710796
F1-CC-DNA-1D:99:T8:01	31	1.00001e+06	2.09564e+06	839162	747381	1.54313e+06
F1-CC-DNA-1D:C0:K1:01	22	1.00001e+06	1.06403e+06	1.1788e+06	784442	4.36903e+06
F1-CC-DNA-1D:M8:81:01	20	1.00001e+06	1.39473e+06	1.05043e+06	853981	609784
F1-CC-DNA-1C:V9:Z0:01	27	1.00001e+06	0	582533	841603	0
F1-CC-DNA-1A:0I:X3:07	22	1.00001e+06	1.82417e+06	918151	716117	2.17656e+06
F1-CC-DNA-1A:56:Z2:10	24	1.00001e+06	805926	638422	903225	191329
F1-CC-DNA-1A:F2:Z2:10	32	1.00001e+06	0	717820	755020	824348
F1-CC-DNA-1A:H2:Z2:10	20	1.00001e+06	197060	587429	20674	688975
F1-CC-DNA-1A:M8:X3:07	23	1.00001e+06	0	1.41712e+06	849998	2.52801e+06
F1-CC-DNA-1A:U4:Z2:10	26	NA	1.62856e+06	173525	639471	399821
F1-CC-DNA-1A:V2:Z2:10	21	1.00001e+06	0	283309	17729.8	0
F1-CC-DNA-1A:Y8:17:02	27	1.00001e+06	1.65436e+06	352524	747619	116358
F1-CC-DNA-2H:A4:G8:03	26	1.00001e+06	1.31017e+06	2.0327e+06	4.36294e+06	361076
F1-CC-DNA-2H:E7:K1:03	70	1.00001e+06	0	1.3663e+06	886262	1.27137e+06
F1-CC-DNA-2H:M4:Z3:03	54	1.00001e+06	1.38066e+06	1.2031e+06	1.14509e+06	929133
F1-CC-DNA-2H:P1:G1:03	26	1.00001e+06	1.82783e+06	813960	752475	0
F1-CC-DNA-2H:P5:K1:03	22	1.00001e+06	0	663748	764559	0
F1-CC-DNA-2H:U4:0V:03	20	1.00001e+06	0	631847	12038.5	1.31814e+06
F1-CC-DNA-2H:U4:G9:03	21	1.00001e+06	1.82377e+06	563361	454630	0
F1-CC-DNA-2H:Z5:Z3:03	20	1.00001e+06	0	869356	775486	457983
F1-CC-DNA-2G:08:G5:03	36	1.00001e+06	1.8059e+06	764260	902208	174882
F1-CC-DNA-2G:I4:G5:03	57	1.00001e+06	0	1.08337e+06	971591	1.70675e+06
F1-CC-DNA-2G:W0:78:03	23	1.00001e+06	0	374852	41562.8	568029
F1-CC-DNA-2F:0Q:H4:01	34	1.00001e+06	0	641818	213197	66435.2
F1-CC-DNA-2F:55:I1:01	64	1.00001e+06	2.25954e+06	859336	685103	718125
F1-CC-DNA-2F:F7:C4:02	43	1.00001e+06	504351	1.15666e+06	1.03302e+06	693148
F1-CC-DNA-2F:V1:K5:01	47	1.00001e+06	2.03388e+06	870039	970176	482353
F1-CC-DNA-2E:08:M0:03	33	1.00001e+06	2.27045e+06	1.23802e+06	900204	1.19063e+06
F1-CC-DNA-2E:0I:M0:03	27	1.00001e+06	0	544594	28489.8	0
F1-CC-DNA-2E:E4:M0:03	21	1.00001e+06	305067	930714	776608	2.14144e+06
F1-CC-DNA-2E:I0:M0:03	20	1.00001e+06	864730	856557	662471	1.10848e+06
F1-CC-DNA-2E:K0:M0:03	27	1.00001e+06	212583	834346	750052	396915
F1-CC-DNA-2E:K7:M0:03	35	1.00001e+06	399211	865813	730580	262214
F1-CC-DNA-2E:O8:M0:03	29	1.00001e+06	0	551619	711863	89558.8
F1-CC-DNA-2E:T2:M0:03	24	1.00001e+06	162558	596423	798172	189682
F1-CC-DNA-2E:U4:M0:03	42	1.00001e+06	1.435e+06	866211	814118	315617
F1-CC-DNA-2C:A3:37:07	23	1.00001e+06	1.87696e+06	639466	475226	449543
F1-CC-DNA-2C:F2:80:07	38	1.00001e+06	436787	997893	784942	1.29804e+06
F1-CC-DNA-2C:K0:F2:07	24	1.00001e+06	1.6403e+06	483424	813308	1.42302e+06
F1-CC-DNA-2B:A8:Y2:11	23	1.00001e+06	2.25964e+06	787502	778683	178537
F1-CC-DNA-2B:M4:Y5:12	34	1.00001e+06	2.03911e+06	702687	830604	694969
F1-CC-DNA-2A:0Y:B2:12	21	1.00001e+06	1.78766e+06	646384	752831	0
F1-CC-DNA-2A:27:K1:12	24	1.00001e+06	0	764020	593696	526747
F1-CC-DNA-2A:39:K1:12	69	1.00001e+06	574147	941489	528410	573064
F1-CC-DNA-2A:75:K1:12	32	1.00001e+06	441283	747946	739595	1.70483e+06
F1-CC-DNA-2A:A8:F3:03	51	1.00001e+06	0	509396	868496	652160
F1-CC-DNA-2A:C0:R3:12	27	1.00001e+06	2.04926e+06	1.10081e+06	801535	944234
F1-CC-DNA-2A:G3:K1:12	52	1.00001e+06	0	1.09945e+06	781874	2.04626e+06
F1-CC-DNA-2A:G8:D3:12	47	1.00001e+06	1.24092e+06	920228	691289	504765
F1-CC-DNA-2A:K3:84:12	22	1.00001e+06	1.5773e+06	398990	760139	247463
F1-CC-DNA-2A:N5:D3:12	31	1.00001e+06	449758	1.8088e+06	696604	21586.4
F1-CC-DNA-2A:O8:K1:12	22	1.00001e+06	442425	747295	705017	1.69485e+06
F1-CC-DNA-2A:P2:D3:12	21	1.00001e+06	1.79697e+06	733967	772535	830166
F1-CC-DNA-2A:P2:I1:07	30	1.00001e+06	1.04001e+06	783044	515022	828796
F1-CC-DNA-2A:T2:G1:12	39	1.00001e+06	0	1.10598e+06	757509	1.75318e+06
F1-CC-DNA-2A:U4:K1:12	23	1.00001e+06	1.36541e+06	264359	685086	178007
F1-CC-DNA-2A:V2:K1:12	22	1.00001e+06	2.41739e+06	1.14022e+06	756511	1.07846e+06
F1-CC-DNA-2A:V5:Y1:03	20	1.00001e+06	467233	967488	787857	445442
F1-CC-DNA-3H:59:H3:07	30	1.00001e+06	1.87636e+06	946128	767089	0
F1-CC-DNA-3F:04:F3:07	20	1.00001e+06	0	743013	853383	151292
F1-CC-DNA-3F:04:N3:10	39	1.00001e+06	0	1.36423e+06	933341	433128
F1-CC-DNA-3F:08:78:07	21	1.00001e+06	0	367185	590730	1.50578e+06
F1-CC-DNA-3F:0M:Y5:10	24	1.00001e+06	1.61834e+06	636366	765465	847458
F1-CC-DNA-3F:0Q:B2:07	20	1.00001e+06	1.64359e+06	794341	15595.4	3.54194e+06
F1-CC-DNA-3F:0U:0A:10	32	1.00001e+06	0	361651	675381	165938
F1-CC-DNA-3F:19:D2:07	90	1.00001e+06	552204	1.49353e+06	868260	478986
F1-CC-DNA-3F:19:J3:07	21	1.00001e+06	0	654124	651699	433808
F1-CC-DNA-3F:23:M0:07	24	1.00001e+06	1.5806e+06	592654	729695	0
F1-CC-DNA-3F:47:68:07	41	1.00001e+06	0	643885	798854	474097
F1-CC-DNA-3F:55:45:07	26	1.00001e+06	0	388917	27739	196562
F1-CC-DNA-3F:64:0W:10	24	1.00001e+06	1.55049e+06	389666	25276.2	144080
F1-CC-DNA-3F:67:V7:07	57	1.00001e+06	0	1.472e+06	968601	3.48011e+06
F1-CC-DNA-3F:75:O9:07	23	1.00001e+06	439238	1.09531e+06	800904	518650
F1-CC-DNA-3F:83:G0:10	20	1.00001e+06	2.08837e+06	551764	782065	1.08947e+06
F1-CC-DNA-3F:95:F3:07	47	1.00001e+06	1.39466e+06	1.0113e+06	700027	634179
F1-CC-DNA-3F:C3:K2:10	25	1.00001e+06	446775	964213	790706	4.31342e+06
F1-CC-DNA-3F:C8:B2:07	28	1.00001e+06	0	1.83056e+06	785406	1.91435e+06
F1-CC-DNA-3F:C8:E8:10	32	1.00001e+06	2.08824e+06	763779	644593	517911
F1-CC-DNA-3F:D9:F8:10	26	1.00001e+06	684600	496765	720944	753119
F1-CC-DNA-3F:G3:O6:10	30	1.00001e+06	0	150205	567437	0
F1-CC-DNA-3F:H6:M8:07	50	1.00001e+06	0	1.09767e+06	815879	0
F1-CC-DNA-3F:H9:58:07	71	1.00001e+06	0	875608	812541	442795
F1-CC-DNA-3F:K8:B2:07	32	1.00001e+06	0	1.23353e+06	913114	2.67087e+06
F1-CC-DNA-3F:L1:G0:10	36	1.00001e+06	1.66678e+06	2.41661e+06	747348	1.89414e+06
F1-CC-DNA-3F:N1:0I:10	24	1.00001e+06	0	551191	866694	217819
F1-CC-DNA-3F:N1:94:10	24	1.00001e+06	1.99061e+06	528069	772860	2.94794e+06
F1-CC-DNA-3F:O8:G0:10	21	1.00001e+06	1.35906e+06	485104	25419	278959
F1-CC-DNA-3F:P2:G0:10	24	1.00001e+06	0	365104	16720.3	0
F1-CC-DNA-3F:S7:C9:10	45	1.00001e+06	1.00079e+06	1.05338e+06	866457	2.68885e+06
F1-CC-DNA-3F:T1:B2:07	24	1.00001e+06	1.56957e+06	544739	657049	369944
F1-CC-DNA-3F:T5:K5:07	39	1.00001e+06	2.35782e+06	2.21975e+06	770971	2.69922e+06
F1-CC-DNA-3F:U0:X3:10	114	1.00001e+06	2.14607e+06	431956	794693	300458
F1-CC-DNA-3F:U4:E8:10	21	1.00001e+06	185411	531128	786222	413235
F1-CC-DNA-3F:U4:G0:10	29	1.00001e+06	0	1.22075e+06	857673	763052
F1-CC-DNA-3F:U4:N0:10	20	1.00001e+06	0	947970	612234	956127
F1-CC-DNA-3F:V2:L7:10	25	1.00001e+06	0	745109	772443	607715
F1-CC-DNA-3F:V2:T4:07	76	1.00001e+06	635917	947240	742368	1.04355e+06
F1-CC-DNA-3F:V6:X3:10	21	1.00001e+06	779910	892655	835700	1.05268e+06
F1-CC-DNA-3F:W0:L4:10	56	1.00001e+06	0	1.24559e+06	1.05296e+06	3.48521e+06
F1-CC-DNA-3F:Y3:69:07	20	1.00001e+06	0	1.1813e+06	787733	383814
F1-CC-DNA-3F:Y8:76:07	21	1.00001e+06	169915	651564	617681	295775
F1-CC-DNA-3F:Z1:I2:07	70	1.00001e+06	892368	1.76954e+06	755780	1.91705e+06
F1-CC-DNA-3F:Z6:0A:10	23	1.00001e+06	0	587503	774736	2.15512e-12
F1-CC-DNA-3E:V6:O5:06	29	1.00001e+06	859859	617506	786100	1.44307e+06
F1-CC-DNA-3E:X1:L6:03	28	1.00001e+06	0	243433	771175	0
F1-CC-DNA-3C:0D:G0:07	20	1.00001e+06	2.11992e+06	822326	495765	2.96497e+06
F1-CC-DNA-3C:12:F6:02	39	1.00001e+06	1.67267e+06	630927	652875	617980
F1-CC-DNA-3C:16:58:02	25	1.00001e+06	1.11979e+06	620396	789995	500600
F1-CC-DNA-3C:28:U5:02	24	1.00001e+06	0	808553	997332	2.38292e+06
F1-CC-DNA-3C:35:T4:02	41	1.00001e+06	0	980901	713442	564841
F1-CC-DNA-3C:48:I9:02	27	1.00001e+06	217776	313335	25220.8	159519
F1-CC-DNA-3C:60:B6:02	51	1.00001e+06	1.63576e+06	610916	636113	539400
F1-CC-DNA-3C:64:G9:07	37	1.00001e+06	2.51094e+06	1.24009e+06	751408	637503
F1-CC-DNA-3C:71:Z3:02	36	1.00001e+06	0	774913	538803	1.23248e+06
F1-CC-DNA-3C:72:B6:02	21	1.00001e+06	0	508928	771191	1.26163e+06
F1-CC-DNA-3C:92:B2:07	20	1.00001e+06	0	1.01794e+06	667231	859871
F1-CC-DNA-3C:A4:G0:02	21	1.00001e+06	1.95205e+06	2.47839e+06	619630	2.74044e+06
F1-CC-DNA-3C:A4:M0:02	38	1.00001e+06	0	730209	772736	5.05954e+06
F1-CC-DNA-3C:B9:14:02	105	1.00001e+06	0	1.18905e+06	950438	397180
F1-CC-DNA-3C:E4:B6:02	20	1.00001e+06	1.28247e+06	1.29927e+06	25394.5	4.01693e+06
F1-CC-DNA-3C:F1:B6:02	24	1.00001e+06	0	955999	795353	430802
F1-CC-DNA-3C:F5:G0:07	20	1.00001e+06	110869	562181	693779	0
F1-CC-DNA-3C:F6:R2:02	28	1.00001e+06	0	471859	813134	0
F1-CC-DNA-3C:I0:B6:02	50	1.00001e+06	312431	1.19497e+06	709668	359857
F1-CC-DNA-3C:K0:I9:02	62	1.00001e+06	1.68657e+06	1.3484e+06	659377	3.84206e+06
F1-CC-DNA-3C:K7:X0:02	37	1.00001e+06	0	278583	663034	243223
F1-CC-DNA-3C:M4:B6:02	37	1.00001e+06	1.31308e+06	812821	731670	857177
F1-CC-DNA-3C:O8:B6:02	20	1.00001e+06	1.82861e+06	461013	717880	343042
F1-CC-DNA-3C:O8:G0:07	64	1.00001e+06	0	1.36736e+06	1.12217e+06	744940
F1-CC-DNA-3C:S4:B6:02	38	1.00001e+06	0	793756	724236	312507
F1-CC-DNA-3C:V2:B6:02	22	1.00001e+06	1.12285e+06	1.2281e+06	638614	5.55422e+06
F1-CC-DNA-3C:X2:A4:02	42	1.00001e+06	0	883170	20235.3	904438
F1-CC-DNA-3C:Y3:B6:02	38	1.00001e+06	500028	921019	839247	690484
F1-CC-DNA-3C:Z5:B6:02	20	1.00001e+06	0	506477	800627	220331
F1-CC-DNA-3B:60:Y6:09	69	1.00001e+06	1.2365e+06	1.36604e+06	762938	1.36237e+06
F1-CC-DNA-3A:0M:O9:05	46	1.00001e+06	0	660780	831331	108323
F1-CC-DNA-3A:23:D3:04	23	1.00001e+06	222100	1.03078e+06	744475	1.14265e+06
F1-CC-DNA-3A:36:H6:09	31	1.00001e+06	665695	1.20528e+06	1.01631e+06	914563
F1-CC-DNA-3A:72:O2:09	40	1.00001e+06	945355	1.17365e+06	831341	1.90196e+06
F1-CC-DNA-3A:A0:93:04	28	1.00001e+06	0	360893	807077	498470
F1-CC-DNA-3A:A3:H4:04	42	1.00001e+06	0	579343	706513	215012
F1-CC-DNA-3A:B9:0F:04	40	1.00001e+06	2.06618e+06	1.03863e+06	1.25837e+06	562559
F1-CC-DNA-3A:S7:H3:09	70	1.00001e+06	1.60741e+06	796685	902945	408542
F1-CC-DNA-3A:T1:0F:04	21	NA	0	358413	21189.9	555970
F1-CC-DNA-3A:U8:66:07	102	1.00001e+06	2.052e+06	1.57905e+06	1.06359e+06	677865
F1-CC-DNA-4H:80:G4:10	23	1.00001e+06	160768	364996	584697	471211
F1-CC-DNA-4H:84:G4:10	34	1.00001e+06	0	759909	655030	380103
F1-CC-DNA-4H:C8:B6:10	22	1.00001e+06	2.66676e+06	1.2764e+06	904777	3.43202e+06
F1-CC-DNA-4H:K0:G4:10	49	1.00001e+06	881406	767143	739539	344352
F1-CC-DNA-4H:S0:I2:10	69	1.00001e+06	864925	950306	975878	402928
F1-CC-DNA-4H:V6:G4:10	20	1.00001e+06	0	685748	792231	664070
F1-CC-DNA-4G:N9:E1:02	23	1.00001e+06	116448	561814	920174	3.73811e+06
F1-CC-DNA-4F:0H:G0:07	31	1.00001e+06	0	982697	819018	1.87133e+06
F1-CC-DNA-4F:23:F8:11	37	1.00001e+06	0	1.06366e+06	837118	1.19787e+06
F1-CC-DNA-4F:27:20:11	52	1.00001e+06	350879	948438	787084	972899
F1-CC-DNA-4F:83:0A:11	21	1.00001e+06	1.69299e+06	601621	694230	0
F1-CC-DNA-4F:A7:K4:11	40	1.00001e+06	1.59414e+06	467340	670534	632509
F1-CC-DNA-4F:C3:K4:11	38	1.00001e+06	0	799364	855472	0
F1-CC-DNA-4F:C4:K4:11	34	1.00001e+06	1.56309e+06	640381	830021	1.11056e+06
F1-CC-DNA-4F:D2:K4:11	21	1.00001e+06	1.65043e+06	268355	227369	0
F1-CC-DNA-4F:E3:0A:11	20	1.00001e+06	0	421451	577580	647097
F1-CC-DNA-4F:H2:D3:11	29	1.00001e+06	0	1.05903e+06	792075	2.75698e+06
F1-CC-DNA-4F:I0:K4:11	37	1.00001e+06	1.87656e+06	446846	606702	98622.7
F1-CC-DNA-4F:K0:78:11	50	1.00001e+06	665351	708746	621017	0
F1-CC-DNA-4F:M7:K4:11	39	1.00001e+06	0	817562	898096	374039
F1-CC-DNA-4F:S0:G0:10	23	1.00001e+06	2.03185e+06	926322	757435	125105
F1-CC-DNA-4F:U0:K4:11	984	1.00001e+06	4.98628e+06	2.15682e+06	1.29406e+07	1.70656e+06
F1-CC-DNA-4F:U4:0I:11	20	1.00001e+06	0	555456	777298	321734
F1-CC-DNA-4F:U4:F3:11	26	1.00001e+06	0	1.10525e+06	765671	560704
F1-CC-DNA-4F:U4:G4:11	23	1.00001e+06	0	458141	563933	0
F1-CC-DNA-4F:X9:K4:11	33	1.00001e+06	176654	304311	722374	0
F1-CC-DNA-4F:Y3:61:11	23	1.00001e+06	2.79486e+06	1.50853e+06	804019	1.61556e+06
F1-CC-DNA-4E:03:H3:07	27	1.00001e+06	0	1.15054e+06	1.19568e+06	3.72123e+06
F1-CC-DNA-4E:08:C9:11	21	1.00001e+06	728327	984313	885664	0
F1-CC-DNA-4E:08:F3:11	27	1.00001e+06	2.26116e+06	660696	582153	581785
F1-CC-DNA-4E:08:G0:11	30	1.00001e+06	826654	1.98864e+06	1.11171e+06	527837
F1-CC-DNA-4E:0A:G0:11	26	1.00001e+06	1.54636e+06	626616	711093	423498
F1-CC-DNA-4E:0H:F3:11	20	1.00001e+06	1.35825e+06	432913	614493	312587
F1-CC-DNA-4E:0Q:G9:11	23	1.00001e+06	0	675975	17449.9	544323
F1-CC-DNA-4E:0U:M8:07	41	1.00001e+06	1.57233e+06	670111	862565	362567
F1-CC-DNA-4E:0X:E8:11	47	1.00001e+06	216767	622465	768893	875419
F1-CC-DNA-4E:12:G0:11	22	1.00001e+06	1.80119e+06	632491	159914	27610.3
F1-CC-DNA-4E:32:H3:11	26	1.00001e+06	629373	657654	616453	826713
F1-CC-DNA-4E:36:F3:11	25	1.00001e+06	0	1.02291e+06	857775	503830
F1-CC-DNA-4E:36:K1:11	33	1.00001e+06	1.96084e+06	569592	735512	0
F1-CC-DNA-4E:51:C9:11	39	1.00001e+06	0	1.51963e+06	848172	998085
F1-CC-DNA-4E:52:49:07	33	1.00001e+06	2.08018e+06	659657	726175	298589
F1-CC-DNA-4E:56:B2:11	20	1.00001e+06	1.71693e+06	464272	850827	2.14596e+06
F1-CC-DNA-4E:56:F3:11	23	1.00001e+06	1.19612e+06	481968	829341	4.39104e+06
F1-CC-DNA-4E:56:G0:11	23	1.00001e+06	1.81011e+06	798875	970051	389327
F1-CC-DNA-4E:56:G9:11	111	1.00001e+06	1.23557e+06	1.5808e+06	1.23734e+06	298111
F1-CC-DNA-4E:71:D0:11	60	1.00001e+06	1.63016e+06	880821	986188	1.01393e+06
F1-CC-DNA-4E:83:B3:07	30	1.00001e+06	1.87546e+06	852456	730266	3.948e+06
F1-CC-DNA-4E:96:T0:11	31	1.00001e+06	0	1.51208e+06	810436	1.62149e+06
F1-CC-DNA-4E:A4:17:11	20	1.00001e+06	0	531819	755367	182038
F1-CC-DNA-4E:A4:F3:11	24	1.00001e+06	2.11056e+06	1.06461e+06	766084	404826
F1-CC-DNA-4E:A4:S5:11	26	1.00001e+06	0	388575	379865	1.18816e+06
F1-CC-DNA-4E:B2:B6:07	35	1.00001e+06	739518	943311	709036	370788
F1-CC-DNA-4E:C8:68:11	21	1.00001e+06	0	1.10949e+06	659742	790588
F1-CC-DNA-4E:E8:J0:11	20	1.00001e+06	459780	597365	875999	775025
F1-CC-DNA-4E:F1:Z8:11	33	1.00001e+06	1.29638e+06	1.06793e+06	814117	577715
F1-CC-DNA-4E:F2:C9:11	24	1.00001e+06	0	1.17359e+06	736197	612890
F1-CC-DNA-4E:F2:G0:11	21	1.00001e+06	2.13936e+06	2.09862e+06	1.17917e+06	0
F1-CC-DNA-4E:F2:H0:11	38	1.00001e+06	0	715269	773671	722733
F1-CC-DNA-4E:F2:H8:11	23	1.00001e+06	0	827863	713431	223960
F1-CC-DNA-4E:F6:K1:11	40	1.00001e+06	1.32606e+06	1.25564e+06	780380	6.72334e+06
F1-CC-DNA-4E:F7:E8:11	28	1.00001e+06	0	477455	573184	382200
F1-CC-DNA-4E:G8:K1:07	92	1.00001e+06	0	1.8155e+06	1.85559e+06	1.31603e+06
F1-CC-DNA-4E:H1:17:11	25	1.00001e+06	176858	659072	845020	990128
F1-CC-DNA-4E:H1:F3:11	20	1.00001e+06	0	1.28765e+06	770857	5.1411e+06
F1-CC-DNA-4E:H5:C9:11	22	1.00001e+06	2.32925e+06	978327	607499	467428
F1-CC-DNA-4E:H5:G0:11	31	1.00001e+06	595698	700727	624854	353555
F1-CC-DNA-4E:H6:17:11	24	1.00001e+06	1.54539e+06	788835	797976	274656
F1-CC-DNA-4E:I4:0B:11	39	1.00001e+06	0	425161	223433	110092
F1-CC-DNA-4E:K0:F2:07	39	1.00001e+06	0	897731	948732	2.01618e+06
F1-CC-DNA-4E:K0:F3:11	32	1.00001e+06	1.83595e+06	684517	1.16416e+06	1.02394e+06
F1-CC-DNA-4E:K0:G0:11	24	1.00001e+06	1.35894e+06	325949	8795.34	217928
F1-CC-DNA-4E:L1:B2:11	21	1.00001e+06	0	588993	876835	133227
F1-CC-DNA-4E:M4:56:11	20	1.00001e+06	0	443292	14987.9	130942
F1-CC-DNA-4E:M8:L4:11	20	1.00001e+06	1.69318e+06	956932	741811	187132
F1-CC-DNA-4E:N6:P3:11	20	1.00001e+06	0	713823	804274	1.65928e+06
F1-CC-DNA-4E:N9:H4:07	23	1.00001e+06	1.86132e+06	925617	787700	652611
F1-CC-DNA-4E:O8:C9:11	63	1.00001e+06	2.28571e+06	1.17302e+06	716808	398656
F1-CC-DNA-4E:O8:G0:11	28	1.00001e+06	0	1.32467e+06	729852	4.31822e+06
F1-CC-DNA-4E:O8:J0:11	20	1.00001e+06	685597	693709	797254	83103
F1-CC-DNA-4E:O8:L3:11	30	1.00001e+06	461455	825116	783552	248984
F1-CC-DNA-4E:P6:B2:11	26	1.00001e+06	1.37569e+06	357423	23290.8	247784
F1-CC-DNA-4E:Q8:25:11	52	1.00001e+06	0	1.55005e+06	836250	1.73635e+06
F1-CC-DNA-4E:R2:F3:11	35	1.00001e+06	0	590535	552097	93610
F1-CC-DNA-4E:S8:81:11	33	1.00001e+06	0	1.64221e+06	843435	1.70552e+06
F1-CC-DNA-4E:U4:0W:07	23	1.00001e+06	0	1.08938e+06	717708	590051
F1-CC-DNA-4E:U4:B6:11	25	1.00001e+06	1.974e+06	830220	787809	1.03647e+06
F1-CC-DNA-4E:U4:F3:11	38	1.00001e+06	0	1.28194e+06	908475	1.22416e+06
F1-CC-DNA-4E:U4:H3:11	51	1.00001e+06	0	756833	817479	1.63412e+06
F1-CC-DNA-4E:U4:H8:11	23	1.00001e+06	116447	693058	701759	5.39152e+06
F1-CC-DNA-4E:U4:U1:11	30	1.00001e+06	1.61155e+06	532651	788214	642237
F1-CC-DNA-4E:V2:F3:11	25	1.00001e+06	0	1.23088e+06	685820	308593
F1-CC-DNA-4E:V2:G0:11	39	1.00001e+06	1.58384e+06	1.33954e+06	932310	3.09164e+06
F1-CC-DNA-4E:V2:J3:11	21	1.00001e+06	0	1.12533e+06	725631	1.93654e+06
F1-CC-DNA-4E:V6:54:11	21	1.00001e+06	1.8313e+06	810384	14508.3	2.13317e+06
F1-CC-DNA-4E:V6:F3:11	28	1.00001e+06	1.36108e+06	457821	745547	229031
F1-CC-DNA-4E:V6:H4:07	29	1.00001e+06	493525	894688	733162	404169
F1-CC-DNA-4E:W7:0I:11	38	1.00001e+06	1.71816e+06	708099	891950	288682
F1-CC-DNA-4E:X1:I2:11	42	1.00001e+06	1.68221e+06	1.01285e+06	893683	311144
F1-CC-DNA-4E:X1:M1:11	28	1.00001e+06	1.97869e+06	593005	13294.7	381111
F1-CC-DNA-4E:X5:G0:11	22	1.00001e+06	0	703826	846210	58840.6
F1-CC-DNA-4E:Y4:E8:11	36	1.00001e+06	0	1.27563e+06	761256	1.4707e+06
F1-CC-DNA-4E:Y7:B2:11	20	1.00001e+06	0	794651	775599	0
F1-CC-DNA-4E:Z1:G0:11	20	1.00001e+06	1.60838e+06	349781	184377	0
F1-CC-DNA-4E:Z2:B2:11	20	1.00001e+06	2.23513e+06	590532	222876	824765
F1-CC-DNA-4E:Z5:17:11	26	1.00001e+06	0	1.17119e+06	21672.1	1.67984e+06
F1-CC-DNA-4E:Z5:F3:11	20	1.00001e+06	1.2805e+06	737809	626624	813401
F1-CC-DNA-4E:Z5:O2:11	28	1.00001e+06	664066	575851	792400	189535
F1-CC-DNA-4E:Z9:77:11	34	1.00001e+06	216564	751505	818586	332906
F1-CC-DNA-4D:0M:T4:03	39	1.00001e+06	0	1.86753e+06	4.3808e+06	1.87081e+06
F1-CC-DNA-4D:59:G0:03	26	1.00001e+06	0	792918	720856	627364
F1-CC-DNA-4D:72:A0:03	29	1.00001e+06	0	1.37679e+06	696924	2.37838e+06
F1-CC-DNA-4D:76:84:03	27	1.00001e+06	0	866655	648753	628481
F1-CC-DNA-4D:76:B2:03	28	1.00001e+06	0	790813	739695	947164
F1-CC-DNA-4D:76:I1:03	28	1.00001e+06	949839	1.50045e+06	813532	3.54514e+06
F1-CC-DNA-4D:83:T4:03	20	1.00001e+06	1.58252e+06	493305	619151	0
F1-CC-DNA-4D:95:A2:03	27	1.00001e+06	1.57474e+06	566782	963000	122983
F1-CC-DNA-4D:G0:H0:09	22	1.00001e+06	1.44197e+06	693633	672270	793876
F1-CC-DNA-4D:H6:0N:03	20	1.00001e+06	2.79794e+06	851887	705237	299154
F1-CC-DNA-4D:K0:Y2:03	28	1.00001e+06	218420	741972	878031	108633
F1-CC-DNA-4D:O7:B2:05	24	1.00001e+06	0	542477	194015	3.70755e+06
F1-CC-DNA-4D:P6:H0:09	23	1.00001e+06	0	982383	746803	292826
F1-CC-DNA-4D:Q0:D4:03	47	1.00001e+06	2.06535e+06	1.04393e+06	1.69332e+06	1.27506e+06
F1-CC-DNA-4D:U0:A2:03	59	1.00001e+06	2.12108e+06	1.10666e+06	814892	2.09865e+06
F1-CC-DNA-4D:U4:H0:09	20	1.00001e+06	2.28047e+06	760583	901314	1.63879e+06
F1-CC-DNA-4D:U4:Y2:03	21	1.00001e+06	1.19823e+06	1.34411e+06	733248	1.65965e+06
F1-CC-DNA-4D:U7:D0:03	23	1.00001e+06	122640	307965	28930.6	798138
F1-CC-DNA-4D:U8:H0:09	21	1.00001e+06	2.04209e+06	541975	809500	0
F1-CC-DNA-4D:V6:Y2:03	22	1.00001e+06	995966	994642	676315	1.24518e+06
F1-CC-DNA-4D:W8:H0:09	27	1.00001e+06	1.69891e+06	687264	743384	833741
F1-CC-DNA-4A:0I:S5:11	28	1.00001e+06	1.94924e+06	934450	817936	2.75037e+06
F1-CC-DNA-4A:16:H7:03	26	1.00001e+06	2.11833e+06	632910	832930	757205
F1-CC-DNA-4A:36:H7:03	34	1.00001e+06	2.5266e+06	969123	655408	76973.6
F1-CC-DNA-4A:43:H7:03	25	1.00001e+06	0	2.79466e+06	907033	2.41592e+06
F1-CC-DNA-4A:72:24:07	26	1.00001e+06	207493	544315	800100	76736.1
F1-CC-DNA-4A:72:G4:10	56	1.00001e+06	982857	1.31302e+06	790524	2.27166e+06
F1-CC-DNA-4A:80:H7:03	21	1.00001e+06	0	1.01227e+06	760686	5.1098e+06
F1-CC-DNA-4A:83:24:07	24	1.00001e+06	1.58252e+06	508303	759038	1.88881e+06
F1-CC-DNA-4A:A7:S5:11	22	1.00001e+06	0	512555	763676	382119
F1-CC-DNA-4A:F2:0I:04	57	1.00001e+06	1.43372e+06	826304	940026	815675
F1-CC-DNA-4A:I0:O9:03	22	1.00001e+06	0	786993	807281	311686
F1-CC-DNA-4A:K3:G0:03	89	1.00001e+06	0	1.4523e+06	798098	406403
F1-CC-DNA-4A:L1:H7:03	22	1.00001e+06	0	921252	812166	635484
F1-CC-DNA-4A:M7:H7:03	51	1.00001e+06	2.53648e+06	861389	759007	437852
F1-CC-DNA-4A:N9:24:07	32	1.00001e+06	0	360613	715630	277995
F1-CC-DNA-4A:R9:H7:03	20	1.00001e+06	1.59577e+06	661769	800962	130138
F1-CC-DNA-4A:S0:H7:03	21	1.00001e+06	1.83053e+06	635381	787388	675046
F1-CC-DNA-4A:T2:H7:03	22	1.00001e+06	311648	928326	781366	2.95807e+06
F1-CC-DNA-4A:U4:24:07	36	1.00001e+06	2.22033e+06	1.02645e+06	701572	0
F1-CC-DNA-4A:V6:H7:03	34	1.00001e+06	225308	1.20386e+06	938000	514982
F1-CC-DNA-4A:W8:H7:03	25	1.00001e+06	1.99545e+06	889239	828847	2.05632e+06
F1-CC-DNA-4A:X5:H7:03	25	1.00001e+06	0	956986	694826	2.12757e+06
F1-CC-DNA-5H:H5:76:09	22	1.00001e+06	445152	2.56842e+06	630306	548986
F1-CC-DNA-5F:I0:N8:09	28	1.00001e+06	2.11749e+06	691996	721876	524078
F1-CC-DNA-5F:V2:N7:08	21	1.00001e+06	206897	652422	523002	656953
F1-CC-DNA-5E:08:B7:03	40	1.00001e+06	446439	767390	775330	333714
F1-CC-DNA-5E:0X:0F:03	21	1.00001e+06	1.87923e+06	408438	208352	380653
F1-CC-DNA-5E:12:20:03	20	1.00001e+06	1.09123e+06	678045	702024	403540
F1-CC-DNA-5E:19:Z2:03	91	1.00001e+06	1.33664e+06	478195	782945	59501.3
F1-CC-DNA-5E:20:A6:03	26	1.00001e+06	2.24427e+06	809380	689848	1.58864e+06
F1-CC-DNA-5E:24:93:03	21	1.00001e+06	1.31056e+06	529713	802458	0
F1-CC-DNA-5E:43:G0:03	46	1.00001e+06	0	917472	769141	776512
F1-CC-DNA-5E:43:K2:03	22	1.00001e+06	1.39816e+06	189476	8823.86	0
F1-CC-DNA-5E:56:Y2:03	52	1.00001e+06	1.07437e+06	1.04687e+06	775989	525791
F1-CC-DNA-5E:63:G9:07	22	1.00001e+06	185695	199613	504433	229023
F1-CC-DNA-5E:A3:B2:03	23	1.00001e+06	343765	1.13754e+06	761826	115301
F1-CC-DNA-5E:C0:26:03	38	1.00001e+06	169439	597319	805887	18379.4
F1-CC-DNA-5E:D2:Y1:03	80	1.00001e+06	1.26481e+06	965017	948086	520619
F1-CC-DNA-5E:D9:Y1:03	23	1.00001e+06	0	1.27591e+06	806258	1.41593e+06
F1-CC-DNA-5E:E4:H4:03	43	1.00001e+06	1.24199e+06	988856	781283	2.59613e+06
F1-CC-DNA-5E:E8:98:03	38	1.00001e+06	1.68239e+06	503058	674845	1.72065e+06
F1-CC-DNA-5E:F1:Y1:03	23	1.00001e+06	630699	483140	472424	1.63879e+06
F1-CC-DNA-5E:F2:G0:03	20	1.00001e+06	0	663903	704722	0
F1-CC-DNA-5E:F2:M1:03	20	1.00001e+06	0	535835	649170	352155
F1-CC-DNA-5E:F7:K4:03	36	1.00001e+06	2.9167e+06	1.70188e+06	898438	1.22869e+06
F1-CC-DNA-5E:F7:Q0:03	34	1.00001e+06	0	605571	763032	0
F1-CC-DNA-5E:H1:X4:03	25	1.00001e+06	0	571038	751011	264802
F1-CC-DNA-5E:H5:M1:03	32	1.00001e+06	0	893370	778666	2.27825e+06
F1-CC-DNA-5E:H5:Y1:03	26	1.00001e+06	374358	405330	543728	0
F1-CC-DNA-5E:I0:C8:03	20	1.00001e+06	1.71939e+06	589111	751746	1.57066e+06
F1-CC-DNA-5E:J9:R0:03	54	1.00001e+06	0	1.56543e+06	933899	3.00776e+06
F1-CC-DNA-5E:K0:G5:03	21	1.00001e+06	1.78225e+06	832513	601036	0
F1-CC-DNA-5E:K7:B2:03	21	1.00001e+06	0	477796	19353.4	7.40131e-12
F1-CC-DNA-5E:K8:U1:03	29	1.00001e+06	0	571113	742204	457778
F1-CC-DNA-5E:M4:G0:04	20	NA	1.58252e+06	173043	703721	0
F1-CC-DNA-5E:M8:E2:03	25	NA	0	343937	41633.2	0
F1-CC-DNA-5E:M8:Y1:03	24	1.00001e+06	0	566429	763598	182162
F1-CC-DNA-5E:P2:Y1:03	30	1.00001e+06	1.78606e+06	799696	888195	438382
F1-CC-DNA-5E:Q4:34:03	49	1.00001e+06	1.97602e+06	954332	921032	619077
F1-CC-DNA-5E:R2:Y1:03	20	1.00001e+06	0	689195	766856	1.75016e+06
F1-CC-DNA-5E:S0:G9:05	24	1.00001e+06	0	640694	839980	468706
F1-CC-DNA-5E:T2:N4:03	21	1.00001e+06	0	455347	59493	385618
F1-CC-DNA-5E:U4:33:03	20	1.00001e+06	1.78338e+06	446863	22000.1	0
F1-CC-DNA-5E:U4:34:03	21	1.00001e+06	0	1.21958e+06	886290	230028
F1-CC-DNA-5E:U4:69:03	21	1.00001e+06	0	913088	773228	288826
F1-CC-DNA-5E:U8:20:03	43	1.00001e+06	0	750177	654740	725186
F1-CC-DNA-5E:V2:Y1:03	26	1.00001e+06	0	470160	723390	455128
F1-CC-DNA-5E:V6:34:03	23	1.00001e+06	198742	626675	644305	178267
F1-CC-DNA-5E:V6:S6:03	54	1.00001e+06	2.26002e+06	1.07102e+06	713989	2.18407e+06
F1-CC-DNA-5E:V9:06:02	30	1.00001e+06	2.17708e+06	1.01173e+06	815799	780449
F1-CC-DNA-5E:W8:B2:03	26	1.00001e+06	0	961809	829087	652936
F1-CC-DNA-5E:X1:54:04	31	1.00001e+06	2.08034e+06	436662	931326	119676
F1-CC-DNA-5E:X1:G2:03	29	1.00001e+06	1.94866e+06	621024	552533	1.17303e+06
F1-CC-DNA-5E:X2:V6:03	46	1.00001e+06	2.22293e+06	739656	850783	267179
F1-CC-DNA-5E:X9:34:03	22	1.00001e+06	1.83261e+06	862725	646329	420440
F1-CC-DNA-5E:X9:G0:04	22	1.00001e+06	341921	627490	792853	5.54661e+06
F1-CC-DNA-5E:Y8:34:03	20	1.00001e+06	0	941998	745574	2.0758e+06
F1-CC-DNA-5E:Z5:Y1:03	22	1.00001e+06	1.63178e+06	400040	863441	304889
F1-CC-DNA-5E:Z6:R4:03	44	1.00001e+06	1.70341e+06	747394	790835	3.8666e+06
F1-CC-DNA-5D:Y0:R0:07	39	1.00001e+06	0	1.02292e+06	797505	688550
F1-CC-DNA-5C:G7:I1:12	43	1.00001e+06	0	1.09202e+06	768739	2.10562e+06
F1-CC-DNA-5C:I3:E1:12	116	1.00001e+06	958267	1.67277e+06	1.69607e+06	1.15102e+06
F1-CC-DNA-5C:M7:I1:12	20	1.00001e+06	834257	946079	829789	0
F1-CC-DNA-5C:R9:E1:12	40	1.00001e+06	2.08322e+06	692874	870753	378969
F1-CC-DNA-5B:0Q:F3:09	22	1.00001e+06	1.73781e+06	428628	795245	41277.6
F1-CC-DNA-5B:55:93:09	45	1.00001e+06	544030	500509	526563	56497.7
F1-CC-DNA-5B:72:C8:09	33	1.00001e+06	0	853202	768180	736718
F1-CC-DNA-5B:H2:56:09	43	1.00001e+06	0	1.00454e+06	952758	1.00205e+06
F1-CC-DNA-5B:P2:54:02	57	1.00001e+06	2.33741e+06	878770	754225	541406
F1-CC-DNA-5B:W8:54:02	35	1.00001e+06	0	981421	742724	648149
F1-CC-DNA-5B:X5:54:02	25	1.00001e+06	339515	704707	840993	528129
F1-CC-DNA-5A:23:P8:08	29	1.00001e+06	0	694792	867919	251182
F1-CC-DNA-5A:28:20:07	72	1.00001e+06	2.0413e+06	1.81455e+06	787505	1.03253e+06
F1-CC-DNA-5A:56:K2:07	24	1.00001e+06	1.83819e+06	460191	13656.7	1.1753e+06
F1-CC-DNA-5A:C8:N0:04	25	1.00001e+06	1.90067e+06	695366	188436	0
F1-CC-DNA-5A:F1:K2:07	39	1.00001e+06	0	1.15212e+06	757925	828589
F1-CC-DNA-5A:H6:G0:07	37	1.00001e+06	2.26817e+06	1.04674e+06	795326	2.34099e+06
F1-CC-DNA-5A:K7:I1:07	91	1.00001e+06	692144	1.65616e+06	924835	2.7112e+06
F1-CC-DNA-5A:N9:17:10	51	1.00001e+06	0	1.6672e+06	1.20055e+06	861142
F1-CC-DNA-5A:P2:O9:10	21	1.00001e+06	516059	1.1149e+06	774026	5.77996e+06
F1-CC-DNA-5A:R6:B2:07	40	1.00001e+06	0	969790	765907	1.17616e+06
F1-CC-DNA-5A:S0:L6:08	21	1.00001e+06	356040	1.23593e+06	886970	1.01826e+06
F1-CC-DNA-5A:U7:33:12	30	1.00001e+06	0	1.39092e+06	929643	381155
F1-CC-DNA-5A:V6:G0:08	29	1.00001e+06	0	684937	752491	163597
F1-CC-DNA-5A:V9:Z8:08	24	1.00001e+06	0	731625	790469	699115
F1-CC-DNA-6H:0E:Z8:01	22	1.00001e+06	1.69401e+06	658169	770049	378193
F1-CC-DNA-6H:0X:Z8:10	23	1.00001e+06	0	448667	729394	149586
F1-CC-DNA-6H:95:Y2:12	24	1.00001e+06	0	1.38627e+06	829828	737043
F1-CC-DNA-6H:G8:Z8:01	21	1.00001e+06	1.60172e+06	387893	779384	119013
F1-CC-DNA-6G:04:E9:10	21	1.00001e+06	160638	342279	15434.5	0
F1-CC-DNA-6G:V9:20:10	25	1.00001e+06	0	1.41948e+06	1.28795e+06	462679
F1-CC-DNA-6F:A3:80:05	63	1.00001e+06	0	405858	589022	70755.2
F1-CC-DNA-6F:A4:B2:11	32	1.00001e+06	1.62269e+06	800794	792243	250305
F1-CC-DNA-6F:A7:O2:12	22	1.00001e+06	1.60401e+06	565027	660543	0
F1-CC-DNA-6F:C8:80:05	21	1.00001e+06	1.64586e+06	605956	157456	317046
F1-CC-DNA-6F:H2:80:05	51	1.00001e+06	1.83205e+06	939542	832495	408107
F1-CC-DNA-6F:L6:A6:02	27	1.00001e+06	0	888819	626139	710237
F1-CC-DNA-6F:L9:Q4:11	30	1.00001e+06	1.7808e+06	521955	816570	111295
F1-CC-DNA-6F:O7:Z3:11	49	1.00001e+06	0	832581	867300	3.90407e+06
F1-CC-DNA-6F:R9:Z6:05	44	1.00001e+06	0	1.19271e+06	803110	2.7126e+06
F1-CC-DNA-6E:16:F3:12	24	1.00001e+06	1.81296e+06	821447	768260	1.62442e+06
F1-CC-DNA-6E:56:V3:05	103	1.00001e+06	0	1.65574e+06	1.23799e+06	1.14799e+06
F1-CC-DNA-6E:F5:20:03	21	1.00001e+06	1.87771e+06	573494	779327	543649
F1-CC-DNA-6D:0U:P4:07	34	1.00001e+06	689364	710237	610843	431182
F1-CC-DNA-6D:64:P4:07	27	1.00001e+06	2.30628e+06	594724	875539	814500
F1-CC-DNA-6D:A3:G5:07	27	1.00001e+06	0	467037	44461.9	114561
F1-CC-DNA-6D:C0:G5:07	20	1.00001e+06	0	688553	599808	3.95344e+06
F1-CC-DNA-6D:G0:G0:07	25	1.00001e+06	1.73793e+06	716173	14458.9	980628
F1-CC-DNA-6D:G4:B2:07	102	1.00001e+06	0	1.19791e+06	1.4399e+06	817286
F1-CC-DNA-6D:I0:P4:07	23	1.00001e+06	0	578579	798403	0
F1-CC-DNA-6D:T5:P4:07	38	1.00001e+06	1.65841e+06	597153	783007	1.00652e+06
F1-CC-DNA-6D:Y0:R7:07	110	1.00001e+06	1.08543e+06	846477	847768	915693
F1-CC-DNA-6D:Y4:I2:07	21	1.00001e+06	0	1.16828e+06	748931	2.84315e+06
F1-CC-DNA-6B:A4:0I:11	21	1.00001e+06	576902	1.48958e+06	727235	249283
F1-CC-DNA-6A:47:Z2:11	31	1.00001e+06	2.29603e+06	972049	776776	399006
F1-CC-DNA-6A:I8:K5:11	51	1.00001e+06	773798	614434	632345	185283
F1-CC-DNA-6A:O8:J8:11	20	1.00001e+06	0	650329	763167	185451
F1-CC-DNA-7H:40:78:09	33	1.00001e+06	2.19451e+06	814547	686088	724535
F1-CC-DNA-7H:K3:32:06	27	1.00001e+06	178125	472438	768870	0
F1-CC-DNA-7H:K3:78:09	24	1.00001e+06	1.05672e+06	525648	581687	369391
F1-CC-DNA-7F:0T:0N:10	20	1.00001e+06	1.35939e+06	413991	833839	0
F1-CC-DNA-7F:16:M4:12	44	1.00001e+06	1.2936e+06	1.95113e+06	1.1357e+06	2.954e+06
F1-CC-DNA-7F:76:17:10	37	1.00001e+06	0	1.38175e+06	764940	1.19893e+06
F1-CC-DNA-7F:A3:N8:11	22	1.00001e+06	0	700778	789303	171810
F1-CC-DNA-7F:B6:78:10	28	1.00001e+06	185803	363759	704239	80198.7
F1-CC-DNA-7F:B6:O1:10	20	1.00001e+06	686095	813969	847662	536786
F1-CC-DNA-7F:D9:R3:10	31	1.00001e+06	1.845e+06	624693	801799	149259
F1-CC-DNA-7F:F7:M4:12	20	1.00001e+06	2.12144e+06	784468	614793	675940
F1-CC-DNA-7F:U4:M4:12	41	1.00001e+06	0	957384	651345	544525
F1-CC-DNA-7E:68:F3:12	22	1.00001e+06	2.91697e+06	1.12864e+06	757117	4.79919e+06
F1-CC-DNA-7E:83:D2:12	26	1.00001e+06	2.0988e+06	669500	751074	1.12391e+06
F1-CC-DNA-7E:E8:D2:12	34	1.00001e+06	1.75497e+06	814194	918695	412006
F1-CC-DNA-7E:F2:K2:12	24	1.00001e+06	0	1.27864e+06	792786	6.64056e+06
F1-CC-DNA-7E:G0:T0:12	49	1.00001e+06	0	940423	907792	667893
F1-CC-DNA-7E:G3:68:12	31	1.00001e+06	2.94459e+06	814290	40767.2	3.39248e+06
F1-CC-DNA-7E:G3:I9:12	27	1.00001e+06	0	1.87998e+06	1.1409e+06	613275
F1-CC-DNA-7E:H6:H7:12	23	1.00001e+06	0	372655	739680	0
F1-CC-DNA-7E:I0:K2:12	21	1.00001e+06	2.46001e+06	1.85759e+06	29120.9	1.21515e+06
F1-CC-DNA-7E:K0:D0:11	27	1.00001e+06	999013	840554	795418	458858
F1-CC-DNA-7E:M0:K2:12	107	1.00001e+06	1.09885e+06	1.54644e+06	918082	2.19443e+06
F1-CC-DNA-7E:P5:F3:07	39	1.00001e+06	1.65343e+06	1.14391e+06	716748	1.00954e+06
F1-CC-DNA-7E:U3:K1:12	67	1.00001e+06	0	803086	726066	404336
F1-CC-DNA-7E:U4:G1:12	22	1.00001e+06	1.60074e+06	587823	651947	560427
F1-CC-DNA-7E:X9:S6:12	29	1.00001e+06	0	421969	786978	0
F1-CC-DNA-7E:Y8:X7:12	45	1.00001e+06	0	1.00813e+06	777010	530046
F1-CC-DNA-7D:15:N3:11	56	1.00001e+06	2.86629e+06	809384	982723	314585
F1-CC-DNA-7D:64:N3:11	30	1.00001e+06	174773	826953	24107.6	112260
F1-CC-DNA-7D:B1:N3:11	23	1.00001e+06	0	730453	895098	556705
F1-CC-DNA-7D:B6:D0:08	27	1.00001e+06	0	597224	720596	1.16646e+06
F1-CC-DNA-7D:M7:D0:08	35	1.00001e+06	0	1.38914e+06	715110	1.655e+06
F1-CC-DNA-7D:Q8:N3:11	27	1.00001e+06	1.68348e+06	1.18261e+06	731759	968014
F1-CC-DNA-7D:R6:M8:11	40	1.00001e+06	0	940826	803031	3.32763e+06
F1-CC-DNA-7D:T2:P8:03	72	1.00001e+06	1.87243e+06	1.04115e+06	890060	544763
F1-CC-DNA-7D:U3:Z6:12	34	1.00001e+06	1.13238e+06	1.24723e+06	705332	758823
F1-CC-DNA-7D:V2:69:11	34	1.00001e+06	814879	1.02941e+06	822002	193890
F1-CC-DNA-7C:J2:0B:05	31	1.00001e+06	0	545389	705834	1.19059e+06
F1-CC-DNA-7C:Q3:F2:01	120	1.00001e+06	2.57189e+06	1.76932e+06	1.72972e+06	2.7829e+06
F1-CC-DNA-7C:Q8:F2:01	20	1.00001e+06	1.68239e+06	899101	680191	176656
F1-CC-DNA-7B:H2:S9:03	23	1.00001e+06	0	663582	718970	385589
F1-CC-DNA-8H:A4:J3:10	32	1.00001e+06	0	1.30271e+06	936457	819545
F1-CC-DNA-8H:W4:T0:10	27	1.00001e+06	0	1.0132e+06	794007	317754
F1-CC-DNA-8E:08:T0:01	23	1.00001e+06	998162	1.30416e+06	805925	171597
F1-CC-DNA-8E:44:T0:01	80	1.00001e+06	1.17772e+06	983738	916404	591450
F1-CC-DNA-8E:72:T0:01	25	1.00001e+06	0	813760	810369	2.94728e+06
F1-CC-DNA-8E:H1:T0:01	21	1.00001e+06	899452	606033	217300	628024
F1-CC-DNA-8E:K0:T0:01	20	1.00001e+06	0	498742	453868	620539
F1-CC-DNA-8E:O8:T0:01	23	1.00001e+06	0	1.95906e+06	1.18354e+06	231879
F1-CC-DNA-8E:U4:T0:01	29	1.00001e+06	1.59448e+06	708926	624535	987232
F1-CC-DNA-8E:V2:T0:01	33	1.00001e+06	474822	749481	999287	1.30866e+06
F1-CC-DNA-8D:0D:0N:03	23	1.00001e+06	1.45053e+06	267786	28932.7	52611
F1-CC-DNA-8D:55:82:03	22	NA	1.31779e+06	306548	565438	178268
F1-CC-DNA-8D:59:W6:03	45	1.00001e+06	0	937870	538819	694851
F1-CC-DNA-8D:F7:W6:03	24	1.00001e+06	170413	498363	177421	755410
F1-CC-DNA-8D:G0:W6:03	57	1.00001e+06	2.43012e+06	994563	705909	1.67008e+06
F1-CC-DNA-8D:G4:78:03	38	1.00001e+06	0	666613	796178	385701
F1-CC-DNA-8D:W7:61:03	102	1.00001e+06	3.07417e+06	1.31802e+06	904625	778676
F1-CC-DNA-8D:Z1:W6:03	40	1.00001e+06	0	601907	763822	147828
F1-CC-DNA-8C:03:41:05	21	1.00001e+06	0	484687	588213	0
F1-CC-DNA-8C:0Y:L7:05	34	1.00001e+06	320272	389687	188615	0
F1-CC-DNA-8C:16:17:12	53	1.00001e+06	0	837041	729307	568196
F1-CC-DNA-8C:24:W2:10	31	1.00001e+06	0	1.33899e+06	818634	1.4354e+06
F1-CC-DNA-8C:27:0B:05	88	1.00001e+06	474553	591090	646585	339128
F1-CC-DNA-8C:36:Y2:05	25	1.00001e+06	1.68837e+06	908415	705564	5.27286e+06
F1-CC-DNA-8C:56:T4:12	44	1.00001e+06	0	670460	776214	197576
F1-CC-DNA-8C:60:K5:12	28	1.00001e+06	1.16397e+06	1.56244e+06	922100	1.20286e+06
F1-CC-DNA-8C:64:20:05	37	1.00001e+06	0	769823	764902	394646
F1-CC-DNA-8C:72:0B:05	34	1.00001e+06	0	1.82064e+06	707307	0
F1-CC-DNA-8C:80:H7:12	32	1.00001e+06	798002	823542	818475	354981
F1-CC-DNA-8C:92:G0:12	22	1.00001e+06	0	382174	523840	0
F1-CC-DNA-8C:C0:0B:05	23	1.00001e+06	301103	1.00703e+06	808089	7.29844e+06
F1-CC-DNA-8C:D5:W2:05	40	1.00001e+06	2.26702e+06	627539	737885	706603
F1-CC-DNA-8C:E8:W2:12	42	1.00001e+06	2.28182e+06	1.24681e+06	912049	1.33549e+06
F1-CC-DNA-8C:M4:I0:05	27	1.00001e+06	1.81526e+06	465264	702299	140177
F1-CC-DNA-8C:M4:M8:05	27	1.00001e+06	0	443051	711842	73984.1
F1-CC-DNA-8C:N1:0B:05	51	1.00001e+06	115782	591427	684379	651163
F1-CC-DNA-8C:O8:69:05	33	1.00001e+06	94419	195284	722464	131828
F1-CC-DNA-8C:P1:B6:02	44	1.00001e+06	2.15682e+06	799665	767925	539577
F1-CC-DNA-8C:Q0:0B:05	45	1.00001e+06	2.08573e+06	980568	805888	1.05507e+06
F1-CC-DNA-8C:Q8:N3:12	26	1.00001e+06	323551	539123	712539	347646
F1-CC-DNA-8C:Y0:78:05	30	1.00001e+06	2.48079e+06	578539	732930	335925
F1-CC-DNA-8B:0P:13:04	25	1.00001e+06	1.81825e+06	715451	777620	247399
F1-CC-DNA-8B:27:L6:09	20	1.00001e+06	1.39954e+06	394583	594292	0
F1-CC-DNA-8B:47:G1:01	40	1.00001e+06	689003	667505	892575	226679
F1-CC-DNA-8B:A4:B3:11	22	1.00001e+06	1.58252e+06	404391	11409	0
F1-CC-DNA-8B:E3:I9:01	25	1.00001e+06	1.36523e+06	258815	26008.3	0
F1-CC-DNA-8B:K0:X4:01	71	1.00001e+06	0	1.68657e+06	898186	1.68327e+06
F1-CC-DNA-8B:L9:B3:11	78	1.00001e+06	1.03908e+06	1.2135e+06	1.11664e+06	1.69158e+06
F1-CC-DNA-8B:Y4:B3:01	28	NA	0	170078	10484.7	0
F1-CC-DNA-9E:11:18:03	45	1.00001e+06	545499	678977	775863	629804
F1-CC-DNA-9E:G7:A5:04	40	1.00001e+06	0	751868	709089	1.00372e+06
F1-CC-DNA-9E:I8:H4:03	61	1.00001e+06	2.64073e+06	937394	706069	195218
F1-CC-DNA-9E:M4:Y5:03	21	1.00001e+06	0	717746	821360	595211
F1-CC-DNA-9D:V6:K5:12	40	1.00001e+06	894118	722737	773825	164150
F1-CC-DNA-9C:72:C9:01	23	1.00001e+06	0	426463	631222	150877
F1-CC-DNA-9C:B2:C9:01	97	1.00001e+06	1.725e+06	1.56674e+06	1.524e+06	779898
F1-CC-DNA-9C:F2:C9:01	28	1.00001e+06	0	619368	853284	422756
F1-CC-DNA-9C:H2:T4:01	158	1.00001e+06	2.32885e+06	1.71758e+06	1.34098e+06	3.23248e+06
F1-CC-DNA-9C:K0:C9:01	22	1.00001e+06	1.6679e+06	617842	30679.4	1.02188e+06
F1-CC-DNA-9C:K0:T4:01	21	1.00001e+06	0	468601	14066.1	0
F1-CC-DNA-9C:P6:C9:01	21	1.00001e+06	0	1.03345e+06	650053	0
F1-CC-DNA-9C:R6:C9:01	21	1.00001e+06	1.60663e+06	243299	674640	191102
F1-CC-DNA-9C:U4:76:01	22	1.00001e+06	0	432587	647244	220063
F1-CC-DNA-9C:U4:C9:01	39	1.00001e+06	1.62319e+06	804069	799763	219133
F1-CC-DNA-9C:V2:C9:01	31	1.00001e+06	207154	1.59816e+06	713354	236295
F1-CC-DNA-9C:V6:B2:01	22	1.00001e+06	1.59062e+06	894331	859164	114129
F1-CC-DNA-9C:V6:C9:01	34	1.00001e+06	0	740710	674668	312579
F1-CC-DNA-9B:64:N7:07	20	1.00001e+06	2.22088e+06	796029	16424.6	420437
F1-CC-DNA-9A:64:M8:10	22	1.00001e+06	2.57791e+06	916683	567279	5.10709e+06
F1-CC-DNA-9A:E3:T7:10	24	1.00001e+06	0	713096	718458	2.835e+06
F1-CC-DNA-9A:G3:T7:10	49	1.00001e+06	474092	621338	785071	1.83674e+06
F1-CC-DNA-9A:P1:78:10	33	1.00001e+06	0	681177	708853	331024
F1-CC-DNA-9A:Q8:T7:10	29	1.00001e+06	2.13912e+06	858518	643173	0
F1-CC-DNA-9A:T2:T7:10	61	1.00001e+06	0	1.25862e+06	939596	1.1217e+06
F1-CC-DNA-9A:V5:T7:10	20	1.00001e+06	541868	608045	793652	0
F1-CC-DNA-10H:03:K5:03	55	1.00001e+06	0	439045	780819	1.57341e+06
F1-CC-DNA-10H:08:G4:12	30	1.00001e+06	0	1.47227e+06	759341	809958
F1-CC-DNA-10H:0I:L7:03	31	1.00001e+06	0	1.09398e+06	916688	2.6427e+06
F1-CC-DNA-10H:0Q:G4:12	65	1.00001e+06	1.75857e+06	1.48956e+06	1.20625e+06	1.09787e+06
F1-CC-DNA-10H:0U:K1:12	48	1.00001e+06	0	1.6706e+06	922775	1.04138e+06
F1-CC-DNA-10H:0U:W6:12	24	1.00001e+06	2.10174e+06	1.17277e+06	723163	651985
F1-CC-DNA-10H:0X:G4:12	22	1.00001e+06	0	631913	825666	19762.1
F1-CC-DNA-10H:20:B7:03	42	1.00001e+06	95411.5	361913	191523	396909
F1-CC-DNA-10H:39:J3:12	43	1.00001e+06	0	946816	849602	0
F1-CC-DNA-10H:56:G4:12	20	1.00001e+06	763420	2.65602e+06	804904	0
F1-CC-DNA-10H:60:L7:03	104	1.00001e+06	2.48774e+06	1.68445e+06	1.65606e+06	4.14407e+06
F1-CC-DNA-10H:63:G4:12	20	1.00001e+06	0	617570	633928	0
F1-CC-DNA-10H:72:G4:12	23	1.00001e+06	2.05189e+06	843772	562277	669555
F1-CC-DNA-10H:75:W2:03	71	1.00001e+06	0	1.11056e+06	987037	725458
F1-CC-DNA-10H:83:M1:03	26	1.00001e+06	2.24951e+06	845600	777652	529162
F1-CC-DNA-10H:84:B6:09	22	1.00001e+06	207277	583644	737275	344075
F1-CC-DNA-10H:84:G4:12	22	1.00001e+06	1.87494e+06	1.49503e+06	759027	655407
F1-CC-DNA-10H:84:K5:03	32	1.00001e+06	0	1.28142e+06	678201	1.04172e+06
F1-CC-DNA-10H:A0:Q1:12	22	1.00001e+06	437913	447217	700735	81586.9
F1-CC-DNA-10H:A4:G4:12	22	1.00001e+06	2.2652e+06	1.22715e+06	861927	610073
F1-CC-DNA-10H:A7:G4:12	72	1.00001e+06	197256	805847	818720	4.62645e+06
F1-CC-DNA-10H:B9:S9:12	173	1.00001e+06	6.98917e+06	1.82164e+06	1.45083e+06	3.04985e+06
F1-CC-DNA-10H:C3:G4:12	21	1.00001e+06	1.51383e+06	705795	872215	4.65387e+06
F1-CC-DNA-10H:C3:K5:03	20	1.00001e+06	1.40699e+06	549958	810532	790685
F1-CC-DNA-10H:D5:H0:12	21	1.00001e+06	625827	438840	29594.1	422277
F1-CC-DNA-10H:F2:E8:02	45	1.00001e+06	0	1.24563e+06	740578	2.988e+06
F1-CC-DNA-10H:F2:G4:12	20	1.00001e+06	1.5989e+06	466617	41951.2	0
F1-CC-DNA-10H:F7:G4:03	22	1.00001e+06	1.1833e+06	1.10605e+06	800766	816706
F1-CC-DNA-10H:G0:G4:12	48	1.00001e+06	1.89223e+06	636631	727844	801006
F1-CC-DNA-10H:G3:K5:03	28	1.00001e+06	639973	653930	708317	0
F1-CC-DNA-10H:H1:N8:03	21	1.00001e+06	0	697695	799389	0
F1-CC-DNA-10H:K0:45:05	22	1.00001e+06	2.43346e+06	777972	623475	990815
F1-CC-DNA-10H:K0:G0:03	26	1.00001e+06	0	859023	583807	850442
F1-CC-DNA-10H:K0:G4:12	22	1.00001e+06	0	1.2712e+06	752588	1.99306e+06
F1-CC-DNA-10H:K7:K1:03	21	1.00001e+06	2.20304e+06	900404	17208.8	1.82313e+06
F1-CC-DNA-10H:K8:Q6:03	22	NA	1.80907e+06	330025	802604	311049
F1-CC-DNA-10H:L1:G0:12	37	1.00001e+06	1.70497e+06	894741	731559	1.39031e+06
F1-CC-DNA-10H:L1:G4:12	25	1.00001e+06	2.1925e+06	672869	604018	3.01732e+06
F1-CC-DNA-10H:M0:G4:12	24	1.00001e+06	0	432818	522731	0
F1-CC-DNA-10H:M4:B2:12	24	1.00001e+06	1.05574e+06	411791	737410	616817
F1-CC-DNA-10H:M4:G4:12	30	1.00001e+06	0	738826	768342	543398
F1-CC-DNA-10H:O8:G4:12	20	1.00001e+06	1.90571e+06	979357	850279	1.00476e+06
F1-CC-DNA-10H:Q7:S1:12	28	1.00001e+06	0	1.08262e+06	834162	4.25808e+06
F1-CC-DNA-10H:U4:45:05	24	1.00001e+06	0	553639	755385	455267
F1-CC-DNA-10H:U4:G4:12	31	1.00001e+06	1.13925e+06	890267	854977	588414
F1-CC-DNA-10H:U4:R0:03	20	1.00001e+06	2.09222e+06	1.0184e+06	799096	1.65232e+06
F1-CC-DNA-10H:U8:C8:12	34	1.00001e+06	1.82421e+06	710635	569458	881910
F1-CC-DNA-10H:V1:G4:12	23	1.00001e+06	0	611675	23521.4	613748
F1-CC-DNA-10H:V2:0K:05	21	1.00001e+06	2.14098e+06	1.02221e+06	947322	261385
F1-CC-DNA-10H:V2:45:05	21	1.00001e+06	197609	658441	765883	439843
F1-CC-DNA-10H:V6:A4:10	21	NA	1.70344e+06	205313	41671.1	0
F1-CC-DNA-10H:V6:B2:05	25	1.00001e+06	0	653897	28964.6	0
F1-CC-DNA-10H:V6:F6:05	23	1.00001e+06	2.31171e+06	813938	629114	224870
F1-CC-DNA-10H:V6:G4:12	26	1.00001e+06	217623	432814	580920	502355
F1-CC-DNA-10H:Y8:G4:03	27	1.00001e+06	0	1.52424e+06	831070	4.35313e+06
F1-CC-DNA-10H:Y8:Q6:03	49	1.00001e+06	1.06035e+06	793836	624809	708197
F1-CC-DNA-10H:Z2:K2:10	21	1.00001e+06	0	417918	818276	0
F1-CC-DNA-10H:Z5:G4:12	149	1.00001e+06	1.53434e+06	1.74586e+06	1.51722e+06	2.03242e+06
F1-CC-DNA-10H:Z9:G4:12	56	1.00001e+06	1.64818e+06	1.93093e+06	817651	842009
F1-CC-DNA-10H:Z9:N3:03	20	1.00001e+06	0	524770	556117	256566
F1-CC-DNA-10G:20:B6:09	22	1.00001e+06	0	626475	761571	592457
F1-CC-DNA-10F:31:B2:09	23	1.00001e+06	2.17259e+06	792663	661213	1.05231e+06
F1-CC-DNA-10F:88:L4:09	61	1.00001e+06	2.8855e+06	1.62662e+06	713622	846343
F1-CC-DNA-10F:C4:K1:09	28	1.00001e+06	2.11067e+06	494767	794037	4.37349e+06
F1-CC-DNA-10F:E7:58:09	22	1.00001e+06	1.8522e+06	680090	731712	560416
F1-CC-DNA-10F:G0:B6:09	26	1.00001e+06	967708	564516	832031	721460
F1-CC-DNA-10F:H1:F2:09	24	1.00001e+06	0	582692	646646	2.16525e+06
F1-CC-DNA-10F:I0:W2:09	27	1.00001e+06	1.897e+06	995096	810355	149587
F1-CC-DNA-10F:L5:D7:09	50	1.00001e+06	1.69857e+06	683288	728760	135451
F1-CC-DNA-10F:N1:K1:09	24	1.00001e+06	0	746086	753130	0
F1-CC-DNA-10F:O0:F3:09	75	1.00001e+06	1.79657e+06	926107	817653	228713
F1-CC-DNA-10F:P6:0V:09	21	1.00001e+06	719639	573303	741801	219955
F1-CC-DNA-10F:P9:D3:09	20	1.00001e+06	1.8176e+06	625972	756846	999919
F1-CC-DNA-10F:Q4:B2:09	20	1.00001e+06	624682	726121	583879	1.50911e+06
F1-CC-DNA-10F:T1:0J:09	27	1.00001e+06	480814	2.54864e+06	1.03718e+06	3.45934e+06
F1-CC-DNA-10F:T1:B6:09	21	1.00001e+06	0	647702	781812	524946
F1-CC-DNA-10F:U4:0A:09	27	1.00001e+06	523139	892116	874707	875615
F1-CC-DNA-10F:Z2:W1:09	41	1.00001e+06	114460	702832	706035	450374
F1-CC-DNA-10F:Z5:B6:09	22	1.00001e+06	186626	1.19188e+06	924552	1.04438e+06
F1-CC-DNA-10A:08:B2:06	23	1.00001e+06	464126	899153	829728	555579
F1-CC-DNA-10A:0Q:B2:06	22	1.00001e+06	1.775e+06	441920	611168	464934
F1-CC-DNA-10A:60:B2:06	20	1.00001e+06	2.03311e+06	639384	734807	333190
F1-CC-DNA-10A:72:B2:06	24	1.00001e+06	0	738935	752703	730974
F1-CC-DNA-10A:A4:B2:06	30	1.00001e+06	0	743035	223158	551485
F1-CC-DNA-10A:A7:B2:06	20	1.00001e+06	1.58491e+06	428921	220988	196495
F1-CC-DNA-10A:F7:B2:06	46	1.00001e+06	1.86881e+06	700357	792051	585928
F1-CC-DNA-10A:H1:B2:06	23	1.00001e+06	1.92865e+06	728307	686880	403308
F1-CC-DNA-10A:K0:B2:06	25	1.00001e+06	0	698496	537900	3.23152e+06
F1-CC-DNA-10A:M7:B2:06	21	1.00001e+06	871561	667975	757931	0
F1-CC-DNA-10A:P2:B2:06	21	1.00001e+06	0	817435	732270	0
F1-CC-DNA-10A:R2:B2:06	24	1.00001e+06	328995	982077	910902	1.61934e+06
F1-CC-DNA-10A:U4:B2:06	27	1.00001e+06	128460	358161	902433	72459
F1-CC-DNA-10A:V2:B2:06	37	1.00001e+06	968001	861525	857985	513085
F1-CC-DNA-10A:V6:B2:06	22	1.00001e+06	256690	593042	632511	267927
F1-CC-DNA-10A:Z5:B2:06	27	1.00001e+06	2.40986e+06	1.40733e+06	876961	1.30046e+06
F1-CC-DNA-11H:B6:N0:07	20	1.00001e+06	298613	1.29032e+06	717185	974990
F1-CC-DNA-11G:80:A4:12	33	1.00001e+06	1.83006e+06	561124	730539	251832
F1-CC-DNA-11G:O7:L7:11	46	1.00001e+06	0	959231	850247	424383
F1-CC-DNA-11F:23:C9:12	28	1.00001e+06	1.87749e+06	1.0021e+06	895944	1.22172e+06
F1-CC-DNA-11F:F1:C9:12	23	1.00001e+06	443593	959200	749780	169771
F1-CC-DNA-11D:23:B0:05	107	1.00001e+06	0	1.67411e+06	877812	2.74535e+06
F1-CC-DNA-11D:56:W2:05	48	1.00001e+06	1.14183e+06	1.1275e+06	775599	1.49592e+06
F1-CC-DNA-11D:64:X7:05	43	1.00001e+06	0	930655	940548	923625
F1-CC-DNA-11D:72:61:05	39	1.00001e+06	0	878240	504301	823045
F1-CC-DNA-11D:76:M8:05	29	1.00001e+06	674155	1.04291e+06	715720	5.71986e+06
F1-CC-DNA-11D:88:J8:05	65	1.00001e+06	1.37516e+06	1.40578e+06	823336	1.1171e+06
F1-CC-DNA-11D:A4:X7:05	20	1.00001e+06	1.92068e+06	968719	894572	2.1792e+06
F1-CC-DNA-11D:A7:C9:05	62	1.00001e+06	451749	773401	865172	572248
F1-CC-DNA-11D:B2:X7:05	23	1.00001e+06	0	479444	821867	210561
F1-CC-DNA-11D:D6:Q5:05	22	1.00001e+06	1.86192e+06	622696	632846	421042
F1-CC-DNA-11D:E7:X7:05	106	1.00001e+06	0	1.57808e+06	1.05341e+06	810958
F1-CC-DNA-11D:F2:98:05	29	1.00001e+06	396542	961079	688928	565258
F1-CC-DNA-11D:F2:X7:05	24	1.00001e+06	1.35848e+06	459641	781385	212436
F1-CC-DNA-11D:F7:X7:05	20	1.00001e+06	0	913231	709041	708958
F1-CC-DNA-11D:G4:Q6:05	23	1.00001e+06	208069	875049	669554	509389
F1-CC-DNA-11D:H6:F2:05	23	1.00001e+06	0	761720	677234	255372
F1-CC-DNA-11D:H9:X7:05	123	1.00001e+06	0	1.41806e+06	1.36367e+06	736927
F1-CC-DNA-11D:J9:Y5:05	43	1.00001e+06	0	602953	786068	333147
F1-CC-DNA-11D:K0:X7:05	158	1.00001e+06	0	2.20351e+06	1.80116e+06	2.62263e+06
F1-CC-DNA-11D:L1:X7:05	30	1.00001e+06	1.6131e+06	1.23206e+06	738837	902120
F1-CC-DNA-11D:M4:X7:05	20	1.00001e+06	0	737355	700594	322625
F1-CC-DNA-11D:U4:61:05	21	1.00001e+06	0	1.03524e+06	779408	278316
F1-CC-DNA-11D:V2:I9:05	22	1.00001e+06	0	711054	865693	2.24003e+06
F1-CC-DNA-11D:V2:X7:05	23	1.00001e+06	709258	774181	791013	745027
F1-CC-DNA-11C:12:F3:03	102	1.00001e+06	998766	1.12792e+06	924971	1.14784e+06
F1-CC-DNA-11C:15:B2:07	31	1.00001e+06	2.14464e+06	821014	767456	563624
F1-CC-DNA-11C:19:B6:07	49	1.00001e+06	0	751128	729882	388767
F1-CC-DNA-11C:72:U5:03	84	1.00001e+06	1.02208e+06	789089	915097	222241
F1-CC-DNA-11C:F1:L6:07	39	1.00001e+06	1.48855e+06	1.11122e+06	842808	2.99911e+06
F1-CC-DNA-11C:F5:G5:03	70	1.00001e+06	298990	856470	675155	3.69126e+06
F1-CC-DNA-11C:H1:R7:07	24	1.00001e+06	216220	695167	712890	266037
F1-CC-DNA-11C:R1:R7:07	24	1.00001e+06	0	607842	818175	0
F1-CC-DNA-11C:U4:E8:07	46	1.00001e+06	0	663621	703422	96025.3
F1-CC-DNA-11C:V2:B6:02	27	1.00001e+06	177258	664937	609585	0
F1-CC-DNA-11B:P2:H7:02	38	1.00001e+06	1.58048e+06	1.61572e+06	799853	3.56128e+06
F1-CC-DNA-11A:20:94:05	29	1.00001e+06	0	1.13306e+06	866180	784538
F1-CC-DNA-11A:31:C9:03	87	1.00001e+06	1.44846e+06	1.46316e+06	1.43965e+06	558592
F1-CC-DNA-11A:32:C8:05	40	1.00001e+06	1.47132e+06	961789	939137	706548
F1-CC-DNA-11A:83:Q1:05	27	1.00001e+06	1.65155e+06	325523	23000.3	0
F1-CC-DNA-11A:B1:F3:05	28	1.00001e+06	1.79002e+06	594854	703855	1.59355e+06
F1-CC-DNA-11A:B2:E8:05	35	1.00001e+06	117419	1.03437e+06	956334	633238
F1-CC-DNA-11A:B6:90:07	25	1.00001e+06	1.91936e+06	631748	577617	3.63407e+06
F1-CC-DNA-11A:B9:I1:07	32	1.00001e+06	780755	830128	685329	961997
F1-CC-DNA-11A:E4:I1:07	80	1.00001e+06	0	2.20416e+06	897449	6.01461e+06
F1-CC-DNA-11A:F7:Q1:05	43	1.00001e+06	2.03871e+06	936778	791507	1.50081e+06
F1-CC-DNA-11A:I8:Q1:05	26	1.00001e+06	94799.2	405750	20348.7	0
F1-CC-DNA-11A:P2:I1:07	25	1.00001e+06	3.30891e+06	684893	703159	456338
F1-CC-DNA-11A:Q3:P4:07	69	1.00001e+06	0	849262	469628	268261
F1-CC-DNA-11A:R5:I1:07	44	1.00001e+06	1.7077e+06	1.00312e+06	809703	3.36727e+06
F1-CC-DNA-11A:S7:K4:07	74	1.00001e+06	1.19692e+06	1.43813e+06	992227	624950
F1-CC-DNA-11A:U4:90:07	30	1.00001e+06	1.62922e+06	503023	739502	535222
F1-CC-DNA-11A:U4:I1:07	21	1.00001e+06	0	666897	716787	1.57615e+06
F1-CC-DNA-11A:U4:Q1:05	56	1.00001e+06	0	1.05751e+06	247293	342688
F1-CC-DNA-11A:V1:I1:07	45	1.00001e+06	2.64966e+06	1.24885e+06	817112	441950
F1-CC-DNA-11A:V2:I1:07	20	1.00001e+06	0	1.59124e+06	857894	1.27705e+06
F1-CC-DNA-11A:Y4:R3:07	21	1.00001e+06	0	1.3508e+06	723470	3.33961e+06
F1-CC-DNA-11A:Z2:T0:05	23	1.00001e+06	0	745870	800092	0
F1-CC-DNA-12H:D9:08:03	55	1.00001e+06	0	1.41083e+06	784614	2.8769e+06
F1-CC-DNA-12D:A4:O2:11	28	1.00001e+06	254032	798253	782501	367649
F1-CC-DNA-12D:V2:G4:11	23	1.00001e+06	0	540713	862268	0
F1-CC-DNA-12D:Y3:O2:11	26	1.00001e+06	288878	989187	15558.2	6.05517e+06
F1-CC-DNA-12C:0H:O9:11	137	1.00001e+06	286867	684663	760696	167235
F1-CC-DNA-12B:E0:E9:09	23	1.00001e+06	510384	1.19376e+06	565253	1.34545e+06
F1-CC-DNA-12B:G3:H0:09	33	1.00001e+06	0	3.02582e+06	795305	1.07014e+06
F1-CC-DNA-12B:H6:E9:09	25	1.00001e+06	2.08257e+06	1.11622e+06	689519	249476
F1-CC-DNA-12B:T2:I1:09	23	1.00001e+06	1.27622e+06	1.16076e+06	1.0188e+06	198196
