cluster	n_peaks	n_proximal	n_distal	n_genes	span	states	genes
315	133	79	54	92	chr11:62652843-67770015 (5117kb)	.	ACTN3,ARL2,ARL2-SNX15,ATG2A,BANF1,BBS1,BRMS1,C11orf68,C11orf80,CCDC87,CCDC88B,CCS,CDC42EP2,CDCA5,CORO1B,DNAJC4,DPF2,DPP3,DPP3-DT,DRAP1,EFEMP2,EHD1,EIF1AD,ENSG00000236935,ENSG00000254458,ENSG00000254501,ENSG00000254510,ENSG00000255173,ENSG00000255320,ENSG00000270117
2282	125	57	68	60	chr6:25547888-28588441 (3041kb)	.	ABT1,BTN2A1,BTN2A2,BTN3A1,BTN3A2,ENSG00000261839,ENSG00000272009,ENSG00000282988,ENSG00000283064,ENSG00000284607,ENSG00000286652,ENSG00000287966,ENSG00000289117,ENSG00000290055,ENSG00000291112,GUSBP2,H1-2,H2AC12,H2AC13,H2AC15,H2AC17,H2AC6,H2AC7,H2BC11,H2BC12,H2BC13,H2BC15,H2BC17,H2BC4,H2BC5
1399	116	39	77	48	chr19:47002919-51690914 (4688kb)	.	AP2A1,ATF5,BCL2L12,BICRA,C19orf73,CGB2,CRX,CTU1,CYTH2,DBP,DKKL1,EMC10,ENSG00000197813,ENSG00000268520,ENSG00000268530,ENSG00000268746,ENSG00000269403,ENSG00000273189,ENSG00000277383,ENSG00000287001,ETFB,FCGRT,FLT3LG,FTL,FUZ,GARIN5A,IL4I1,KCNC3,KLK4,KLK8
1287	108	54	54	59	chr19:344498-3971543 (3627kb)	.	ABCA7,ABHD17A,ADAT3,ARID3A,ATP5F1D,ATP8B3,BSG,BSG-AS1,C19orf25,CNN2,CSNK1G2,DAPK3,ENSG00000261526,ENSG00000267001,ENSG00000267059,ENSG00000267092,ENSG00000267372,ENSG00000267448,ENSG00000267666,ENSG00000267755,ENSG00000272473,ENSG00000288704,FAM174C,GPX4,IZUMO4,LINC01836,MADCAM1-AS1,MBD3,MED16,MIDN
965	99	57	42	64	chr16:78113-3903281 (3825kb)	.	ABCA3,ATP6V0C,C16orf91,CCNF,CEMP1,CLDN6,CLUAP1,CRAMP1,DNASE1,E4F1,ECI1,ELOB,EME2,ENSG00000205890,ENSG00000259784,ENSG00000261889,ENSG00000263011,ENSG00000263212,ENSG00000263280,ENSG00000276791,ENSG00000285329,ENSG00000289222,ENSG00000290183,ENSG00000291228,ERVK13-1,FAHD1,FLYWCH1,FLYWCH2,GFER,HAGH
275	91	45	46	42	chr1:154116401-157551297 (3435kb)	.	ADAR,ARHGEF2-AS2,BCAN,BCAN-AS1,CKS1B,DPM3,EFNA1,EFNA3,EFNA4,EFNA4-EFNA3,ENSG00000232519,ENSG00000270361,ENSG00000271380,ENSG00000273110,ENSG00000285570,ENSG00000289103,ENSG00000289593,ETV3,FDPS,FLAD1,HAX1,IL6R,ISG20L2,KRTCAP2,LAMTOR2,LMNA,LRRC71,METTL25B,MEX3A,MIR9-1HG
1382	90	38	52	43	chr19:43178652-46688015 (3509kb)	.	APOC1,APOC1P1,BCAM,BCL3,BLOC1S3,CADM4,CLASRP,CLPTM1,DMWD,EML2,EML2-AS1,ENSG00000267022,ENSG00000267114,ENSG00000267282,ENSG00000269583,ERCC2,EXOC3L2,FBXO46,FOSB,GEMIN7-AS1,IGFL3,IRF2BP1,LYPD5,MYPOP,NECTIN2,PINLYP,POLR1G,PPP1R13L,PPP1R37,PPP5C
1322	87	41	46	48	chr19:16635249-19733242 (3098kb)	.	ABHD8,ANO8,ARMC6,ARRDC2,ATP13A1,B3GNT3,BORCS8,BORCS8-MEF2B,CCDC124,CRTC1,DDA1,ELL,ENSG00000268173,ENSG00000268650,ENSG00000268790,ENSG00000269044,ENSG00000269736,FCHO1,FKBP8,GATAD2A,GTPBP3,HOMER3,HOMER3-AS1,ISYNA1,KLHL26,KXD1,MAP1S,MAST3,MEF2B,NIBAN3
988	81	46	35	50	chr16:28291995-31443281 (3151kb)	.	ASPHD1,BOLA2B,CD2BP2,CD2BP2-DT,CDIPT,CORO1A,ENSG00000239791,ENSG00000246465,ENSG00000255439,ENSG00000261459,ENSG00000262766,ENSG00000274904,ENSG00000275263,ENSG00000275807,ENSG00000278713,ENSG00000280893,ENSG00000285043,ENSG00000288983,ENSG00000291188,FBXL19,FBXL19-AS1,FUS,HSD3B7,ITGAL,KCTD13,KCTD13-DT,MAPK3,MIR762HG,PPP4C,PRRT2
1391	81	34	47	39	chr19:46076998-49987363 (3910kb)	.	ALDH16A1,AP2S1,ARHGAP35,BAX,BCAT2,BICRA,CALM3,CARD8,CARD8-AS1,CYTH2,DHDH,DHX34,ENSG00000268530,ENSG00000269487,ENSG00000277383,ENSG00000288827,ENSG00000289915,GRWD1,HSD17B14,IGFL4,IZUMO1,KDELR1,KPTN,LMTK3,NAPA,NAPA-AS1,NOP53,NUCB1,PIH1D1,PLEKHA4
1074	79	21	58	26	chr17:16653330-19347659 (2694kb)	.	ATPAF2,COPS3,ENSG00000264187,ENSG00000264666,ENSG00000264765,ENSG00000287910,ENSG00000290978,FLCN,FLII,FOXO3B,GID4,LLGL1,MED9,MIEF2,MPRIP,MYO15A,NT5M,PEMT,PLD6,RAI1,SMCR8,SREBF1,TOP3A,TRIM16L,ZNF286B,ZNF624
1121	68	27	41	37	chr17:41662776-45051790 (3389kb)	.	AOC4P,ATP6V0A1,ATXN7L3,ATXN7L3-AS1,BRCA1,CAVIN1,CNTD1,COA3,COASY,DHX8,ENSG00000259623,ENSG00000266929,ENSG00000267002,ENSG00000278829,ENSG00000287710,ENSG00000288909,ENSG00000288961,G6PC3,GRN,HAP1,HDAC5,HROB,IFI35,KLHL10,LINC00910,NAGLU,NBR1,NBR2,NT5C3B,PLEKHH3
910	63	29	34	32	chr15:73700327-76311751 (2611kb)	.	CCDC33,CLK3,CSK,DNM1P35,EDC3,ENSG00000260274,ENSG00000260288,ENSG00000260919,ENSG00000261775,ENSG00000274937,ENSG00000275454,ENSG00000275527,ETFA,IMP3,INSYN1,INSYN1-AS1,ISLR2,LOXL1-AS1,MAN2C1,MPI,NRG4,ODF3L1,PPCDC,PTPN9,SCAMP2,SEMA7A,SNX33,TMEM266,UBE2Q2,UBL7
570	58	41	17	40	chr1:25247046-28737299 (3490kb)	.	AHDC1,ARID1A,ATP5IF1,CEP85,DNAJC8,ENSG00000225886,ENSG00000227050,ENSG00000269971,ENSG00000271398,ENSG00000272432,ENSG00000286433,ENSG00000287244,ENSG00000289291,ENSG00000289452,ENSG00000290006,ENSG00000290123,FAM76A,GMEB1,GPATCH3,GPN2,GPR3,HMGN2,IFI6,MAP3K6,MED18,NUDC,PPP1R8,RPS6KA1,SESN2,SH3BGRL3
1198	58	27	31	34	chr17:74622891-76727265 (2104kb)	.	AANAT,ARMC7,ATP5PD,CASKIN2,CD300E,ENSG00000265342,ENSG00000277382,FBF1,FDXR,GALK1,GGA3,GRB2,GRIN2C,JMJD6,LLGL2,METTL23,MRPL38,MRPL58,MRPS7,NAT9,NT5C,NUP85,RECQL5,RNF157,SAP30BP,SLC25A19,SLC9A3R1,SLC9A3R1-AS1,SMIM5,SUMO2
2601	57	29	28	28	chr9:127155064-129671748 (2517kb)	.	AK1,BBLN,CDK9,COQ4,ENSG00000235007,ENSG00000261334,ENSG00000286112,FAM102A,GOLGA2,KYAT1,LRRC8A,LRSAM1,NAIF1,PIP5KL1,PTGES2,PTGES2-AS1,PTRH1,RPL12,SLC25A25,SLC27A4,SLC2A8,SPOUT1,SWI5,TOR2A,TRUB2,TTC16,URM1,ZNF79
1333	56	23	33	25	chr19:2598948-5436884 (2838kb)	.	APBA3,CACTIN-AS1,CELF5,CHAF1A,DPP9,EBI3,EEF2,ENSG00000267011,ENSG00000267231,ENSG00000267688,FSD1,FZR1,GIPC3,HDGFL2,HMG20B,MAP2K2,MRPL54,NCLN,NMRK2,PIAS4,PTPRS,SH3GL1,TBXA2R,TNFAIP8L1,ZNF554
1685	55	21	34	21	chr22:37051540-38869128 (1818kb)	.	C1QTNF6,CARD10,CBY1,ENSG00000235246,ENSG00000291015,FAM227A,GGA1,H1-0,JOSD1,KCNJ4,KCTD17,KDELR3,LGALS1,MICALL1,PDXP,PDXP-DT,PLA2G6,RAC2,TMEM184B,TPTEP2-CSNK1E,TRIOBP
1082	54	10	44	12	chr17:18424766-20389339 (1965kb)	.	B9D1,ENSG00000228157,ENSG00000262319,ENSG00000262681,ENSG00000266664,ENSG00000290454,FAM83G,GRAP,LGALS9C,MAPK7,MFAP4,SLC47A2
1290	51	26	25	34	chr19:9140561-12441644 (3301kb)	.	ANGPTL8,CDC37,CDKN2D,DNMT1,ENSG00000167807,ENSG00000267105,ENSG00000267179,ENSG00000267277,ENSG00000268870,ENSG00000274425,FDX2,ILF3,ILF3-DT,KANK2,KEAP1,LDLR,MRPL4,PIN1,PIN1-DT,PPAN,PPAN-P2RY11,QTRT1,RAVER1,S1PR2,S1PR5,SMARCA4,SWSAP1,ZNF121,ZNF317,ZNF440
1941	47	23	24	25	chr3:48100527-50979588 (2879kb)	.	APEH,CYB561D2,DALRD3,ENSG00000272104,ENSG00000290318,GMPPB,GNAI2,HYAL2,IFRD2,IP6K2,KLHDC8B,LSMEM2,MON1A,NPRL2,QARS1,RBM5,RBM6,RHOA,SEMA3F,TCTA,TMEM115,TRAIP,TUSC2,USP19,WDR6
588	39	20	19	29	chr12:55716350-57897290 (2181kb)	.	ANKRD52,BLOC1S1,CNPY2,CTDSP2,DCTN2,ENSG00000144785,ENSG00000245651,ENSG00000257449,ENSG00000258311,ENSG00000276272,ENSG00000285133,ENSG00000287715,GDF11,HSD17B6,ITGA7,LRP1,MARCHF9,MBD6,MIP,MYL6B,NAB2,NEMP1,PRIM1,PTGES3,R3HDM2,R3HDM2-DT,RPS26,SPRYD4,STAT2
2363	39	16	23	20	chr7:100094262-103082935 (2989kb)	.	AGFG2,ALKBH4,AP4M1,CASTOR3P,ENSG00000242798,ENSG00000286938,ENSG00000289886,IFT22,LRWD1,MBLAC1,MCM7,MUC12-AS1,NYAP1,PCOLCE-AS1,PLOD3,POLR2J3,RASA4,RASA4B,SRRT,ZNHIT1
2622	39	19	20	22	chr9:135500497-137877778 (2377kb)	.	AGPAT2,ANAPC2,CACNA1B,ENSG00000231864,ENSG00000272679,ENSG00000288873,ENTR1,EXD3,LINC02846,MRPS2,NELFB,NOXA1,NPDC1,NRARP,NSMF,PHPT1,PMPCA,QSOX2,RNF224,SNHG7,SSNA1,UAP1L1
292	34	15	19	25	chr11:60775439-62906263 (2131kb)	.	ASRGL1,C11orf98,CPSF7,CSKMT,CYB561A3,DAGLA,ENSG00000255118,ENSG00000255432,ENSG00000256591,ENSG00000269176,FADS2,FEN1,FTH1,GANAB,PRPF19,PRPF19-DT,SDHAF2,SLC3A2,SNHG1,SYT7,TKFC,TMEM138,TMEM179B,TMEM216,TMEM258
1656	34	16	18	22	chr22:28800869-31970923 (3170kb)	.	DRG1,EMID1,ENSG00000226471,ENSG00000240591,EWSR1,GAS2L1,KREMEN1,LINC01521,LINC02558,MORC2,NIPSNAP1,PATZ1,PES1,PRR14L,RHBDD3,TBC1D10A,TCN2,TUG1,UQCR10,XBP1,ZMAT5,ZNRF3-AS1
1141	31	13	18	15	chr17:46361901-49389974 (3028kb)	.	ARL17A,ARL17B,CALCOCO2,CDC27,ENSG00000250838,ENSG00000262879,ENSG00000289021,HOXB13,IGF2BP1,PNPO,SNF8,SP2-AS1,TBKBP1,TTLL6,UBE2Z
1376	31	15	16	15	chr19:4182435-7395219 (3213kb)	.	ALKBH7,ANKRD24,ARHGEF18-AS1,CATSPERD,DUS3L,GTF2F1,KDM4B,KHSRP,LONP1,NRTN,PLIN5,PTPRS,SAFB,SIRT6,TINCR
280	27	8	19	9	chr1:155050530-157489649 (2439kb)	.	ADAM15,ARHGEF11,CRABP2,ENSG00000289593,ENSG00000290592,GPATCH4,PMF1,PMF1-BGLAP,SSR2
2323	27	12	15	10	chr6:43021288-44470263 (1449kb)	.	CAPN11,CDC5L,DLK2,HSP90AB1,NFKBIE,POLH,RRP36,SLC35B2,XPO5,YIPF3
128	26	10	16	13	chr1:629441-2321123 (1692kb)	.	ATAD3B,B3GALT6,ENSG00000272106,ENSG00000273443,GNB1,GNB1-DT,HES4,ISG15,LINC00115,MIB2,MRPL20,PUSL1,SDF4
1302	25	9	16	12	chr19:12484410-14765723 (2281kb)	.	ADGRE3,DAND5,DDX39A,ENSG00000196826,ENSG00000269755,ENSG00000287254,FBXW9,LINC02926,ZNF333,ZNF564,ZNF791,ZSWIM4
1369	25	12	13	15	chr19:40056094-41364379 (1308kb)	.	B9D2,CCDC97,EGLN2,ENSG00000269296,ENSG00000269749,ENSG00000277453,ENSG00000286177,ITPKC,NUMBL,SERTAD1,SERTAD3,SERTAD3-AS1,SHKBP1,ZNF780A,ZNF780B
1630	25	11	14	16	chr22:19431659-21417718 (1986kb)	.	ARVCF,CRKL,ENSG00000272829,ENSG00000289960,ENSG00000290799,GNB1L,HIC2,KLHL22,LRRC74B,LZTR1,MED15,MRPL40,PI4KA,RTL10,SNAP29,TANGO2
1189	24	20	4	23	chr17:7023693-8376512 (1353kb)	.	AURKB,BCL6B,BORCS6,CNTROB,CYB5D1,DNAH2,DVL2,EIF4A1,EIF5A,ENSG00000233223,ENSG00000263620,ENSG00000264772,KRBA2,MPDU1,NEURL4,POLR2A,RNF227,SENP3,SLC2A4,TP53,TRAPPC1,VAMP2,ZBTB4
1225	24	12	12	17	chr17:81484643-82752115 (1267kb)	.	ALYREF,ARHGDIA,ARL16,CCDC137,CENPX,ENSG00000262831,ENSG00000265678,FOXK2,HEXD,HGS,LRRC45,MCRIP1,NARF,NARF-AS2,OGFOD3,OXLD1,TBCD
1698	24	7	17	9	chr22:40024789-41967242 (1942kb)	.	ACO2,ENSG00000289841,EP300,L3MBTL2,PHF5A,PMM1,SLC25A17,TNFRSF13C,TOB2
2533	24	16	8	15	chr8:143278672-144902313 (1624kb)	.	ADCK5,CPSF1,DGAT1,ENSG00000272115,ENSG00000272172,ENSG00000287222,GFUS,MAF1,MROH1,NRBP2,RPL8,TONSL,ZNF250,ZNF34,ZNF7
571	23	11	12	15	chr12:52879542-54379856 (1500kb)	.	ATP5MC2,COPZ1,EIF4B,ENSG00000257808,ENSG00000273049,ENSG00000283536,ENSG00000288663,HOXC-AS3,HOXC10,HOXC11,HOXC5,HOXC9,NFE2,PFDN5,TNS2
1360	23	10	13	12	chr19:37779540-40055695 (2276kb)	.	DYRK1B,EIF3K,ENSG00000266963,ENSG00000268055,ENSG00000287271,FBXO17,MAP4K1,MAP4K1-AS1,NFKBIB,PLEKHG2,SIRT2,ZNF780B
7	22	8	14	12	chr10:100654987-102854742 (2200kb)	.	BORCS7,BORCS7-ASMT,ENSG00000282772,KAZALD1,KCNIP2-AS1,MFSD13A,MRPL43,NFKB2,OGA,POLL,SFXN3,TWNK
639	22	6	16	8	chr1:30719078-32965120 (2246kb)	.	CCDC28B,ENSG00000264078,LINC01778,MATN1-AS1,PEF1,RNF19B,SNRNP40,ZCCHC17
281	21	8	13	10	chr1:15526421-16905292 (1379kb)	.	CASP9,CROCCP3,DNAJC16,ENSG00000272426,ENSG00000290122,FAM131C,FBXO42,NECAP2,SPEN,SZRD1
402	21	10	11	13	chr1:203026275-205750517 (2724kb)	.	BTG2,BTG2-DT,ENSG00000286572,ENSG00000287197,ENSG00000288934,LRRN2,NFASC,NUAK2,NUCKS1,PIK3C2B,PPFIA4,PPP1R15B,SOX13
448	21	9	12	10	chr12:120710351-122952548 (2242kb)	.	C12orf43,CLIP1,ENSG00000256950,ENSG00000287493,ENSG00000289831,MORN3,ORAI1,PSMD9,TMEM120B,UNC119B
1409	21	14	7	16	chr19:55088612-56120609 (1032kb)	.	CCDC106,DNAAF3,ENSG00000267649,ENSG00000286230,GARIN5B,PPP1R12C,RPL28,TMEM238,TNNI3,ZNF579,ZNF580,ZNF581,ZNF628,ZNF628-DT,ZNF787,ZNF865
2452	21	12	9	15	chr7:43577565-45136402 (1559kb)	.	CCM2,ENSG00000273432,ENSG00000287574,ENSG00000290872,MRPS24,NACAD,NUDCD3,OGDH,POLR2J4,PPIA,PURB,TBRG4,TMED4,UBE2D4,URGCP
597	20	11	9	16	chr12:5951256-6971052 (1020kb)	.	CD27-AS1,CDCA3,COPS7A,EMG1,ENSG00000285238,ENSG00000288814,ENSG00000289303,ENSG00000290146,MRPL51,NCAPD2,PHB2,TAPBPL,TPI1,USP5,VAMP1,ZNF384
1221	20	9	11	11	chr17:79970590-81977634 (2007kb)	.	ASPSCR1,BAIAP2,BAIAP2-DT,CEP131,EIF4A3,ENSG00000289764,GAA,PCYT2,RENO1,RPTOR,TSPAN10
2098	20	7	13	10	chr5:134089374-135930421 (1841kb)	.	CDKL3,CDKN2AIPNL,ENSG00000273345,ENSG00000277619,PCBD2,PITX1,SKP1,TCF7,TXNDC15,UBE2B
2147	20	7	13	7	chr5:176416435-178064493 (1648kb)	.	CDHR2,CLTB,FAM193B,FAM193B-DT,GPRIN1,GRK6,TMED9
531	19	7	12	5	chr1:234430011-236795953 (2366kb)	.	B3GALNT2,IRF2BP2,MTR,NID1,TOMM20
343	18	8	10	11	chr11:71928245-73185520 (1257kb)	.	ARAP1,ATG16L2,CLPB,ENSG00000285693,FCHSD2,INPPL1,PDE2A-AS1,RNF121,STARD10,XNDC1N,XNDC1N-ZNF705EP-ALG1L9P
642	18	3	15	2	chr1:30856378-32612129 (1756kb)	.	ENSG00000254545,PUM1
860	18	10	8	17	chr15:40367964-42273611 (1906kb)	.	DNAJC17,ENSG00000250379,ENSG00000274798,ENSG00000285920,GANC,ITPKA,JMJD7,JMJD7-PLA2G4B,KNSTRN,MAPKBP1,OIP5-AS1,RHOV,RPAP1,TMEM87A,VPS39,VPS39-DT,ZFYVE19
883	18	8	10	11	chr15:63487423-66387080 (2900kb)	.	CIAO2A,DPP8,INTS14,MAP2K1,SLC24A1,SNX1,SNX22,SPG21,TIPIN,USP3,ZNF609
560	17	10	7	11	chr12:48851463-50432768 (1581kb)	.	AQP6,BCDIN3D,BCDIN3D-AS1,FMNL3,KMT2D,NCKAP5L,SMARCD1,SPATS2,TMBIM6,TROAP,TUBA1B
1044	17	9	8	11	chr16:69167752-70608606 (1441kb)	.	AARS1,DDX19B,ENSG00000260537,EXOSC6,NFAT5,NOB1,NQO1,NQO1-DT,ST3GAL2,VPS4A,WWP2
1155	17	6	11	8	chr17:48795568-51457982 (2662kb)	.	DLX4,EME1,MRPL27,NXPH3,PPP1R9B,SPOP,TOB1,TOB1-AS1
2303	17	6	11	6	chr6:34609523-37930499 (3321kb)	.	DEF6,DINOL,KCTD20,PXT1,SRPK1,TEAD3
2315	17	9	8	11	chr6:41758894-44246104 (2487kb)	.	ENSG00000272114,ENSG00000290049,GUCA1B,HSP90AB1,PPP2R5D,PTK7,RPL7L1,SRF,TRERF1,UBR2,VEGFA
2534	17	9	8	10	chr8:143617210-145052578 (1435kb)	.	ADCK5,C8orf33,C8orf82,ENSG00000255224,ENSG00000290230,EXOSC4,GFUS,MFSD3,PPP1R16A,VPS28
1091	16	8	8	10	chr17:27672658-29913048 (2240kb)	.	BLTP2,ENSG00000264290,ENSG00000264647,ENSG00000264808,ENSG00000266642,ENSG00000290082,FLOT2,NUFIP2,PIGS,TAOK1
919	15	4	11	4	chr15:77527255-78751404 (1224kb)	.	ENSG00000259474,ENSG00000290424,HYKK,PSMA4
1035	15	11	4	15	chr16:66474822-68091953 (1617kb)	.	CES2,CIAO2B,CMTM4,CTCF,CTCF-DT,DDX28,DYNC1LI2,DYNC1LI2-DT,GFOD2,MATCAP1,RANBP10,THAP11,TMEM208,TPPP3,TSNAXIP1
1484	15	7	8	7	chr20:49133098-50988088 (1855kb)	.	B4GALT5,BCAS4,ENSG00000234698,LINC01275,SLC9A8,SNAI1,UBE2V1
1622	15	10	5	15	chr2:218034740-219521552 (1487kb)	.	AAMP,CNOT9,CYP27A1,DNAJB2,ENSG00000268603,ENSG00000288898,GLB1L,GMPPA,NHEJ1,PNKD,RUFY4,STK16,TNS1,TUBA4B,USP37
2151	15	7	8	7	chr5:177516670-178620035 (1103kb)	.	B4GALT7,DDX41,ENSG00000289390,HNRNPAB,N4BP3,PHYKPL,RMND5B
2251	15	7	8	9	chr6:149033000-151045424 (2012kb)	.	ENSG00000232891,ENSG00000278899,GINM1,LATS1,PLEKHG1,PPIL4,RAET1K,ULBP2,UST-AS2
2463	15	7	8	8	chr7:5513357-6716625 (1203kb)	.	ACTB,AIMP2,ENSG00000231704,FBXL18,INTS15,PMS2,RNF216,ZNF12
11	14	4	10	7	chr10:101695095-102998499 (1303kb)	.	ARMH3,CNNM2,ENSG00000286489,ENSG00000286575,FBXW4,TRIM8,TRIM8-DT
243	14	8	6	8	chr11:45771122-47825110 (2054kb)	.	AMBRA1,ATG13,CRY2,CSTPP1,HARBI1,LINC02716,LRP4,PACSIN3
297	14	5	9	6	chr1:160493946-161887433 (1393kb)	.	ATF6,ATF6-DT,ENSG00000289121,F11R,SDHC,USF1
1300	14	6	8	7	chr19:12239181-13061626 (822kb)	.	DAND5,ENSG00000267062,ENSG00000267458,ENSG00000268870,FARSA,ZNF443,ZNF791
2487	14	7	7	8	chr7:74535793-76318651 (1783kb)	.	ENSG00000289059,ENSG00000289346,ENSG00000290833,GTF2IRD2B,HIP1,NSUN5P1,POM121C,TMEM120A
601	13	8	5	11	chr12:6124272-7189647 (1065kb)	.	ENSG00000219410,ENSG00000255572,GAPDH,GAPDH-DT,GPR162,IFFO1,ING4,LRRC23,PEX5,PIANP,VWF
738	13	6	7	5	chr14:104224550-105489927 (1265kb)	.	ADSS1,CDCA4,CLBA1,SIVA1,TEDC1
945	13	6	7	6	chr15:89177828-90930482 (1753kb)	.	CRTC3,ENSG00000289128,MESP2,UNC45A,ZNF710,ZNF774
962	13	5	8	5	chr16:10269-858377 (848kb)	.	CHTF18,HBM,RHOT2,RPUSD1,WDR24
1453	13	6	7	7	chr20:34676528-36951946 (2275kb)	.	CNBD2,CPNE1,DSN1,ENSG00000277235,MMP24OS,RBM12,SAMHD1
2258	13	3	10	4	chr6:15400029-17394080 (1994kb)	.	ATXN1,ATXN1-AS1,CAP2,DTNBP1
2367	13	9	4	11	chr7:99088745-101085862 (1997kb)	.	AZGP1P1,ENSG00000291178,MOSPD3,SLC12A9-AS1,STAG3L5P,STAG3L5P-PVRIG2P-PILRB,TFR2,TRIM56,ZKSCAN5,ZNF3,ZNF394
2716	13	5	8	6	chrX:153460921-154479409 (1018kb)	.	ENSG00000280195,HCFC1,IDH3G,LAGE3,SRPK3,SSR4
2736	13	8	5	10	chrX:48521594-49879594 (1358kb)	.	CCDC22,EBP,ENSG00000286268,GLOD5,HDAC6,PRAF2,PRICKLE3,SYP,USP27X,USP27X-DT
168	12	8	4	10	chr11:118331938-119729612 (1398kb)	.	ABCG4,ARCN1,C2CD2L,CENATAC,CENATAC-DT,H2AX,HINFP,IFT46,NECTIN1,NECTIN1-DT
295	12	5	7	5	chr1:160951486-162118009 (1167kb)	.	B4GALT3,ENSG00000289121,ENSG00000289141,ENSG00000290115,USF1
918	12	4	8	6	chr15:77083793-79091821 (2008kb)	.	CIB2,ENSG00000277482,IDH3A,RASGRF1,SKIC8,TSPAN3
1085	12	1	11	1	chr17:20531998-21870775 (1339kb)	.	ENSG00000289453
1424	12	4	8	5	chr19:7550550-8424261 (874kb)	.	CTXN1,ENSG00000269139,KANK3,MARCHF2,SNAPC2
2738	12	8	4	7	chrX:48071654-49269890 (1198kb)	.	ENSG00000204620,ENSG00000287757,PPP1R3F,RBM3,TIMM17B,WAS,ZNF630
96	11	2	9	3	chr10:71319032-72712019 (1393kb)	.	ANAPC16,ASCC1,SLC29A3
140	11	6	5	7	chr1:108876532-110631038 (1755kb)	.	CELSR2,ENSG00000290117,GNAI3,KCNA2,PROK1,SARS1,WDR47
238	11	6	5	8	chr1:145190130-146387641 (1198kb)	.	ANKRD35,ENSG00000244619,ENSG00000287190,ENSG00000287978,GPR89A,LINC01719,NBPF25P,PIAS3
469	11	7	4	13	chr12:131894087-133265276 (1371kb)	.	CHFR,ENSG00000256632,ENSG00000256825,ENSG00000289516,ENSG00000291171,POLE,PXMP2,ULK1,ZNF10,ZNF140,ZNF26,ZNF605,ZNF891
1119	11	4	7	5	chr17:41530228-42267205 (737kb)	.	CNP,GHDC,JUP,KLHL10,NT5C3B
1182	11	5	6	6	chr17:63741470-64458189 (717kb)	.	DDX42,ENSG00000289957,ERN1,GH1,PSMC5,STRADA
1226	11	5	6	7	chr17:81552331-82863852 (1312kb)	.	DUS1L,ENSG00000260563,FASN,GPS1,LINC01970,RFNG,TEX19
1368	11	5	6	7	chr19:39846208-41397962 (1552kb)	.	BCKDHA,BLVRB,EXOSC5,FBL,MAP3K10,SERTAD1,SPTBN4
1692	11	6	5	7	chr22:38468257-39972961 (1505kb)	.	APOBEC3C,APOBEC3F,CBX6,DMC1,ENSG00000284554,KDELR3,SYNGR1
1720	11	9	2	11	chr2:26280923-27583133 (1302kb)	.	ABHD1,CAD,DPYSL5,EIF2B4,ENSG00000259080,KCNK3,NRBP1,PPM1G,SNX17,ZNF512,ZNF513
2375	11	1	10	1	chr7:102348430-102678686 (330kb)	.	ENSG00000279168
2484	11	6	5	6	chr7:73122870-74964265 (1841kb)	.	BCL7B,CASTOR2,EIF4H,FZD9,LIMK1,RFC2
104	10	1	9	1	chr10:74806115-76252538 (1446kb)	.	ENSG00000286715
573	10	6	4	7	chr12:53180338-54589007 (1409kb)	.	CSAD,ENSG00000260470,HOTAIR,HOXC13-AS,PPP1R1A,SCAT2,ZNF740
737	10	3	7	3	chr14:104094745-105481449 (1387kb)	.	AHNAK2,PACS2,ZBTB42
946	10	7	3	11	chr15:89334436-90932684 (1598kb)	.	BLM,CRTC3,CRTC3-AS1,ENSG00000261147,IDH2,IDH2-DT,MESP1,POLG,POLG-DT,TICRR,TTLL13
1037	10	5	5	5	chr16:66662508-68085690 (1423kb)	.	ENSG00000289991,NAE1,NFATC3,PSKH1,SLC9A5
1153	10	4	6	7	chr17:49567926-51057070 (1489kb)	.	CACNA1G,EME1,FAM117A,ITGA3,KAT7,MRPL27,PICART1
1349	10	6	4	12	chr19:35031224-36838207 (1807kb)	.	ENSG00000188223,ENSG00000267120,ENSG00000288942,LRFN3,PSENEN,SCN1B,THAP8,U2AF1L4,USF2,WDR62,ZNF566,ZNF566-AS1
1430	10	5	5	6	chr20:461930-1393318 (931kb)	.	CSNK2A1,ENSG00000274322,FAM110A,FKBP1A,SDCBP2-AS1,TBC1D20
1781	10	7	3	10	chr2:72886940-74741442 (1855kb)	.	BOLA3,BOLA3-DT,C2orf81,DGUOK,ENSG00000159239,SLC4A5,SPR,STAMBP,TPRKB,WDR54
2482	10	3	7	3	chr7:72906765-74068092 (1161kb)	.	SPDYE10,STX1A,TBL2
2734	10	3	7	4	chrX:47560867-49346561 (1786kb)	.	ARAF,ENSG00000232828,ENSG00000289890,PIM2
127	9	5	4	8	chr1:99682563-100896135 (1214kb)	.	AGL,DBT,ENSG00000288826,EXTL2,MFSD14A,RTCA,RTCA-AS1,SLC30A7
218	9	4	5	7	chr11:207353-832984 (626kb)	.	BET1L,CD151,ENSG00000255108,GATD1,GATD1-DT,PGGHG,RIC8A
455	9	4	5	4	chr12:122750018-124636598 (1887kb)	.	KMT5A,RILPL1,RILPL2,TCTN2
495	9	2	7	3	chr1:225517229-226951613 (1434kb)	.	COQ8A,ENAH,ENSG00000289602
505	9	5	4	5	chr1:22704322-24071195 (1367kb)	.	E2F2,ENSG00000289014,EPHB2,FUCA1,LYPLA2
564	9	2	7	2	chr12:49234491-50416337 (1182kb)	.	C1QL4,ENSG00000258101
624	9	3	6	3	chr1:28296892-29236593 (940kb)	.	MED18,PTPRU,TRNAU1AP
734	9	2	7	3	chr14:102498534-104214317 (1716kb)	.	CDC42BPB,PPP1R13B,PPP1R13B-DT
776	9	4	5	5	chr1:44793700-46651395 (1858kb)	.	DMBX1,ENSG00000289407,NASP,PIK3R3,PTCH2
856	9	7	2	7	chr15:34223868-34988718 (765kb)	.	AQR,EMC4,GOLGA8B,NOP10,NUTM1,SLC12A6,ZNF770
978	9	3	6	4	chr1:6199399-6851080 (652kb)	.	ACOT7,ENSG00000271746,ICMT,THAP3
1079	9	3	6	3	chr17:18274721-19786192 (1511kb)	.	ENSG00000262319,FAM83G,TRIM16L
1152	9	4	5	5	chr17:48578154-51245084 (2667kb)	.	COL1A1,ENSG00000249406,ENSG00000261976,HOXB4,NME2
1267	9	3	6	3	chr1:84633139-85607480 (974kb)	.	CCN1,MCOLN3,SYDE2
1289	9	6	3	8	chr19:9819006-11559449 (1740kb)	.	ELOF1,ENSG00000267477,PLPPR2,RAB3D,TMEM205,TYK2,ZNF627,ZNF653
1310	9	2	7	2	chr19:15231063-16771798 (1541kb)	.	PGLYRP2,WIZ
2123	9	4	5	4	chr5:149271684-150905371 (1634kb)	.	AFAP1L1,RPS14,SLC26A2,ZNF300
2275	9	2	7	2	chr6:2109075-3238617 (1130kb)	.	BPHL,SERPINB6
2376	9	3	6	5	chr7:102492709-103083357 (591kb)	.	ARMC10,ENSG00000270249,ENSG00000286830,FAM185A,FBXL13
2414	9	2	7	3	chr7:149170477-150649763 (1479kb)	.	ENSG00000284048,REPIN1,ZNF775
2715	9	4	5	5	chrX:153226124-153953668 (728kb)	.	ARHGAP4,CCNQ,ENSG00000273877,NAA10,ZNF275
138	8	5	3	6	chr1:1000090-2195468 (1195kb)	.	ATAD3A,AURKAIP1,HES4,ISG15,TMEM52,VWA1
264	8	4	4	5	chr1:150549146-152378309 (1829kb)	.	ADAMTSL4,CDC42SE1,GABPB2,S100A11,SNX27
380	8	3	5	5	chr11:8870726-9841742 (971kb)	.	ENSG00000268403,IPO7,TMEM9B,TMEM9B-AS1,ZNF143
395	8	6	2	6	chr1:201023601-201983407 (960kb)	.	ENSG00000229191,ENSG00000286600,KIF21B,RNPEP,TIMM17A,TMEM9
453	8	2	6	4	chr1:211515247-212942778 (1428kb)	.	ENSG00000260805,ENSG00000288007,FLVCR1,FLVCR1-DT
496	8	1	7	1	chr1:225720429-227198730 (1478kb)	.	SRP9
515	8	4	4	7	chr1:229507972-230978471 (1470kb)	.	ABCB10,ARV1,C1orf198,ENSG00000223393,NUP133,NUP133-DT,TTC13
730	8	1	7	1	chr14:99145683-100440653 (1295kb)	.	EVL
746	8	2	6	2	chr14:20662844-21329475 (667kb)	.	METTL17,ZNF219
816	8	3	5	6	chr14:73058236-74276793 (1219kb)	.	COQ6,ENSG00000273711,FAM161B,RBM25,RBM25-AS1,ZNF410
1068	8	6	2	7	chr16:88570124-89923422 (1353kb)	.	CDT1,CHMP1A,ENSG00000259006,ENSG00000289151,SNAI3,SPATA33,ZC3H18
1073	8	3	5	3	chr17:16536271-18411897 (1876kb)	.	ENSG00000266498,LINC02076,SHMT1
1132	8	4	4	5	chr17:44385029-45162019 (777kb)	.	FZD2,HEXIM2-AS1,KIF18B,KIF18B-DT,MEIOC
1207	8	3	5	3	chr17:7219724-8376872 (1157kb)	.	DLG4,KRBA2,WRAP53
1381	8	3	5	3	chr19:43104385-44305196 (1201kb)	.	IRGQ,ZNF235,ZNF428
1413	8	4	4	6	chr19:5680880-6412630 (732kb)	.	DUS3L,GTF2F1,HSD11B1L,MICOS13,RANBP3,RANBP3-DT
1415	8	6	2	8	chr19:57916172-58575816 (660kb)	.	ENSG00000268230,ENSG00000269476,ENSG00000286104,ZNF417,ZNF497,ZNF497-AS1,ZNF584,ZNF584-DT
1444	8	4	4	5	chr20:31605092-32457699 (853kb)	.	ENSG00000226239,ENSG00000289875,ID1,TM9SF4,XKR7
1458	8	2	6	3	chr20:35664403-37346198 (1682kb)	.	CPNE1,MANBAL,RBM12
1508	8	3	5	4	chr20:63216017-64039266 (823kb)	.	GMEB2,MHENCR,SLC2A4RG,YTHDF1
1558	8	3	5	5	chr21:43866301-45478383 (1612kb)	.	ENSG00000289009,LINC01424,PTTG1IP,TRAPPC10,UBE2G2
1689	8	5	3	5	chr2:238053519-238289270 (236kb)	.	ENSG00000283635,ERFE,HES6,ILKAP,SCLY
1714	8	2	6	3	chr22:45697854-46777932 (1080kb)	.	CDPF1,ENSG00000289858,PPARA
1724	8	5	3	7	chr2:27050303-27958812 (909kb)	.	AGBL5-AS1,CCDC121,ENSG00000259080,GPN1,IFT172,OST4,ZNF512
1901	8	4	4	6	chr3:193592913-195337361 (1744kb)	.	ATP13A4,ENSG00000289385,HES1,LINC02026,LSG1,OPA1
1948	8	3	5	3	chr3:51538522-52198638 (660kb)	.	ALAS1,RAD54L2,RPL29
1953	8	2	6	3	chr3:52897395-53940508 (1043kb)	.	ENSG00000286531,STIMATE,STIMATE-MUSTN1
1971	8	1	7	1	chr3:72781194-73881886 (1101kb)	.	GXYLT2
2137	8	4	4	5	chr5:172002436-173964658 (1962kb)	.	ENSG00000287814,ENSG00000288799,FBXW11,NKX2-5,STK10
2204	8	5	3	8	chr6:108260690-109861599 (1601kb)	.	ARMC2,CD164,ENSG00000260273,ENSG00000286562,ENSG00000287044,PPIL6,SMPD2,SNX3
2410	8	5	3	5	chr7:148913331-149874069 (961kb)	.	ATP6V0E2,ZNF282,ZNF777,ZNF783,ZNF786
2418	8	4	4	5	chr7:151028996-152026137 (997kb)	.	ABCB8,ENSG00000243433,ENSG00000290095,GALNT11,PRKAG2-AS1
2483	8	3	5	4	chr7:72954454-75528516 (2574kb)	.	ENSG00000285886,METTL27,NSUN5P2,PMS2P3
2635	8	5	3	6	chr9:21054127-21995438 (941kb)	.	CDKN2A,CDKN2B-AS1,ENSG00000264545,ENSG00000266446,KLHL9,MTAP
2643	8	3	5	3	chr9:34523016-36136001 (1613kb)	.	ENHO,GLIPR2,UNC13B
3790	8	8	0	9	chr19:57240550-58452042 (1211kb)	.	A1BG-AS1,ERVK3-1,RNF225,RPS5,ZNF256,ZNF324B,ZNF460,ZNF460-AS1,ZNF805
9	7	4	3	4	chr10:101570254-102545996 (976kb)	.	DPCD,MFSD13A,NPM3,PPRC1
100	7	1	6	2	chr10:73495523-74585597 (1090kb)	.	PPP3CB,PPP3CB-AS1
123	7	5	2	8	chr10:97334931-97791807 (457kb)	.	ANKRD2,ENSG00000225850,FRAT2,MMS19,MORN4,PGAM1,RRP12,UBTD1
130	7	4	3	4	chr1:10032451-11980542 (1948kb)	.	ENSG00000287384,MFN2,SRM,UBE4B
143	7	5	2	6	chr1:109197451-110408024 (1211kb)	.	AMIGO1,CSF1,ENSG00000290117,GNAI3,LAMTOR5,PSRC1
258	7	3	4	4	chr1:150010167-151436151 (1426kb)	.	ENSG00000285184,OTUD7B,PRPF3,VPS45
265	7	4	3	6	chr1:150187607-151699342 (1512kb)	.	CERS2,ENSG00000231073,ENSG00000273481,PI4KB,RFX5,RFX5-AS1
320	7	2	5	2	chr1:16613237-17437762 (825kb)	.	NBPF1,SDHB
404	7	4	3	5	chr1:204692899-205813813 (1121kb)	.	DSTYK,ENSG00000285521,ENSG00000286619,RAB29,SLC41A1
556	7	4	3	5	chr12:47744725-48957744 (1213kb)	.	ARF3,CCDC184,DDX23,ENSG00000269514,ENSG00000272822
608	7	4	3	5	chr12:67648592-69291253 (1643kb)	.	DYRK2,ENSG00000289173,MDM1,RAP1B,SLC35E3
609	7	4	3	5	chr12:68245327-70366472 (2121kb)	.	CCT2,ENSG00000289173,FRS2,KCNMB4,RAP1B
655	7	3	4	5	chr1:32336096-33202683 (867kb)	.	AK2,AZIN2,ENSG00000254553,MARCKSL1,ZBTB8B
656	7	4	3	5	chr1:32539801-33472810 (933kb)	.	RBBP4,YARS1,ZBTB8A,ZBTB8OS,ZSCAN20
710	7	5	2	5	chr1:39105162-40266725 (1162kb)	.	BMP8A,CAP1,ENSG00000284719,MFSD2A,PABPC4
750	7	4	3	7	chr14:22766477-23301397 (535kb)	.	AJUBA,AJUBA-DT,ENSG00000259132,HAUS4,LRP10,OXA1L,OXA1L-DT
760	7	2	5	3	chr14:30002648-31457235 (1455kb)	.	DTD2,ENSG00000203546,G2E3
762	7	5	2	9	chr1:43137001-44437705 (1301kb)	.	ATP6V0B,ELOVL1,ENSG00000284989,ENSG00000285649,ENSG00000288573,ENSG00000288772,IPO13,KDM4A,KDM4A-AS1
843	7	2	5	3	chr15:101007023-101724716 (718kb)	.	SNRPA1,SNRPA1-DT,TARS3
861	7	6	1	7	chr15:39782410-41116732 (1334kb)	.	ENSG00000251161,ENSG00000261136,FSIP1,GCHFR,INO80,IVD,VPS18
901	7	1	6	1	chr15:70062426-71129056 (1067kb)	.	THAP10
909	7	2	5	2	chr15:73633202-74557944 (925kb)	.	CD276,NPTN
932	7	2	5	3	chr15:83955692-85776109 (1820kb)	.	ENSG00000259694,ENSG00000290688,ENSG00000291026
944	7	1	6	2	chr15:88750652-90162861 (1412kb)	.	PEX11A,WDR93
964	7	4	3	4	chr16:235039-1475218 (1240kb)	.	CLCN7,ENSG00000260132,FAM234A,JMJD8
970	7	4	3	4	chr16:1492966-2693122 (1200kb)	.	MAPK8IP3,NDUFB10,PKD1,TELO2
1038	7	2	5	2	chr16:66697227-68539285 (1842kb)	.	CMTM4,GFOD2
1069	7	3	4	4	chr16:89201619-89763825 (562kb)	.	LINC02166,SLC22A31,VPS9D1,ZNF276
1070	7	4	3	6	chr16:89490545-90171491 (681kb)	.	ANKRD11,CHMP1A,FANCA,SPATA33,SPG7,VPS9D1-AS1
1084	7	2	5	3	chr17:20008657-20877420 (869kb)	.	CCDC144NL-AS1,SPECC1,SPECC1-DT
1186	7	4	3	6	chr17:67349018-68292293 (943kb)	.	AMZ2,ENSG00000265055,ENSG00000290793,ENSG00000291214,NOL11,SLC16A6
1238	7	4	3	3	chr18:23354609-24255942 (901kb)	.	ANKRD29,CABYR,TMEM241
1315	7	4	3	5	chr19:16801714-18374673 (1573kb)	.	ENSG00000269799,GDF15,HAUS8,MRPL34,MYO9B
1421	7	4	3	4	chr19:7354508-8269272 (915kb)	.	ENSG00000267952,ENSG00000271717,MCOLN1,ZNF358
1422	7	2	5	3	chr19:7488900-8391004 (902kb)	.	LRRC8E,RAB11B,RAB11B-AS1
1432	7	5	2	7	chr20:17530792-18467499 (937kb)	.	DZANK1,ENSG00000229262,MGME1,OVOL2,POLR3F,RRBP1,SNX5
1452	7	2	5	3	chr20:34415441-35711143 (1296kb)	.	ACSS2,GGT7,TRPC4AP
1504	7	6	1	8	chr20:62796338-63895172 (1099kb)	.	DNAJC5,ENSG00000268858,ENSG00000290226,HELZ2,KCNQ2,MRGBP,PPDPF,TPD52L2
1524	7	3	4	3	chr2:119020696-120452458 (1432kb)	.	PTPN4,SCTR-AS1,TMEM185B
1632	7	2	5	3	chr22:19730991-20401229 (670kb)	.	DGCR6L,ENSG00000235578,ENSG00000273139
1633	7	3	4	4	chr22:19813016-20727282 (914kb)	.	COMT,SCARF2,TXNRD2,ZNF74
1659	7	1	6	2	chr22:30255935-31665964 (1410kb)	.	CCDC157,SF3A1
1771	7	3	4	4	chr2:69893813-71157764 (1264kb)	.	MCEE,MPHOSPH10,PCYOX1,SNRNP27
1800	7	4	3	6	chr2:96010246-96857752 (848kb)	.	ANKRD23,ANKRD39,ENSG00000235480,ENSG00000291176,STARD7,STARD7-AS1
1830	7	1	6	2	chr3:119223583-120742873 (1519kb)	.	GTF2E1,RABL3
1900	7	3	4	3	chr3:185354187-186438499 (1084kb)	.	IGF2BP2,LINC02020,TRA2B
1917	7	2	5	4	chr3:32597011-33799188 (1202kb)	.	GLB1,PDCD6IP,PDCD6IP-DT,TMPPE
1947	7	4	3	7	chr3:50994072-52455655 (1462kb)	.	ABHD14A-ACY1,ENSG00000272762,GRM2,NISCH,PARP3,PCBP4,RRP9
2060	7	1	6	1	chr4:7761727-8607851 (846kb)	.	ACOX3
2156	7	3	4	3	chr5:179550481-180090777 (540kb)	.	MAML1,RNF130,RUFY1
2306	7	2	5	3	chr6:36560914-37819866 (1259kb)	.	RNF8,ZFAND3,ZFAND3-DT
2347	7	6	1	6	chr6:83065679-83860260 (795kb)	.	CYB5R4,ME1,PGM3,RWDD2A,SNAP91,UBE3D
2352	7	2	5	2	chr6:88780867-90297155 (1516kb)	.	BACH2,CASP8AP2
2369	7	2	5	2	chr7:100626584-101914577 (1288kb)	.	FIS1,POP7
2403	7	2	5	2	chr7:139525303-140925279 (1400kb)	.	BRAF,MKRN1
2404	7	2	5	2	chr7:140506798-141441791 (935kb)	.	ENSG00000285904,NDUFB2-AS1
2479	7	4	3	6	chr7:66099756-67303062 (1203kb)	.	ENSG00000226824,ENSG00000291136,PMS2P4,SBDS,STAG3L4,TYW1
2606	7	2	5	3	chr9:128421105-129496940 (1076kb)	.	ENSG00000228395,SPTAN1,TBC1D13
2640	7	5	2	6	chr9:32550760-33511196 (960kb)	.	AQP7,BAG1,CHMP5,NFX1,NOL6,SMIM27
2649	7	4	3	4	chr9:35657447-36996178 (1339kb)	.	CCDC107,CREB3,RNF38,TLN1
2711	7	1	6	1	chrX:135521392-136762941 (1242kb)	.	FHL1
3819	7	0	7	0	chr20:43513967-44729458 (1215kb)	.	.
0	6	1	5	2	chr10:100110320-101292095 (1182kb)	.	CHUK,CHUK-DT
12	6	3	3	4	chr10:102132517-103390115 (1258kb)	.	CNNM2,ENSG00000286575,PCGF6,PPRC1
111	6	1	5	1	chr10:86769466-87204075 (435kb)	.	ENSG00000287077
241	6	1	5	1	chr1:145451887-146836037 (1384kb)	.	NUDT17
285	6	4	2	6	chr1:1574533-2228024 (653kb)	.	ENSG00000215014,PRKCZ,PRKCZ-DT,SKI,SLC35E2B,SSU72
291	6	1	5	1	chr1:15197110-17034567 (1837kb)	.	LINC01783
309	6	5	1	7	chr11:62591438-62881054 (290kb)	.	C11orf98,CSKMT,EML3,ENSG00000255432,ENSG00000255508,NXF1,TUT1
323	6	3	3	4	chr11:66554756-67615823 (1061kb)	.	CORO1B,ENSG00000287851,POLD4,RAD9A
399	6	1	5	1	chr1:202046903-203488225 (1441kb)	.	PPP1R12B
411	6	2	4	2	chr1:206634380-208244410 (1610kb)	.	PLXNA2,YOD1
412	6	1	5	1	chr1:209602120-210970283 (1368kb)	.	SERTAD4
446	6	2	4	4	chr12:120116583-121105403 (989kb)	.	CABP1,CABP1-DT,ENSG00000277283,RAB35
473	6	5	1	5	chr12:132083859-132888056 (804kb)	.	CHFR-DT,ENSG00000274670,ENSG00000277186,ENSG00000291171,PGAM5
497	6	3	3	3	chr12:2583785-3300768 (717kb)	.	ENSG00000258092,ENSG00000278356,ENSG00000287712
530	6	1	5	1	chr1:233842927-234877145 (1034kb)	.	LINC01132
581	6	1	5	2	chr12:54081355-54974142 (893kb)	.	ENSG00000249388,ENSG00000291180
600	6	2	4	3	chr12:6278645-6988580 (710kb)	.	C1S,ENSG00000219410,ING4
630	6	5	1	6	chr1:28259254-29231116 (972kb)	.	ENSG00000270103,MECR,OPRD1,SESN2,TAF12,TMEM200B
648	6	4	2	4	chr1:31231299-32448591 (1217kb)	.	HCRTR1,HDAC1,PTP4A2,TMEM234
657	6	4	2	5	chr13:27022904-28139620 (1117kb)	.	LNX2,PAN3,PDX1,POLR1D,RASL11A
697	6	2	4	2	chr1:35559022-36307358 (748kb)	.	ADPRS,SH3D21
792	6	2	4	3	chr1:45584401-46604517 (1020kb)	.	ENSG00000289407,NASP,RAD54L
822	6	4	2	5	chr14:74647841-75308018 (660kb)	.	DLST,ENSG00000259138,LINC01220,NEK9,YLPM1
884	6	3	3	3	chr15:63752199-65401097 (1649kb)	.	ENSG00000259316,HERC1,PIF1
1003	6	1	5	1	chr1:63674483-64861017 (1187kb)	.	CACHD1
1045	6	5	1	7	chr16:68529920-69514063 (984kb)	.	CHTF8,COG8,DERPC,HAS3,UTP4,VPS4A,ZFP90
1059	6	1	5	1	chr16:84105486-85115222 (1010kb)	.	COTL1
1067	6	3	3	5	chr16:88443086-89985171 (1542kb)	.	GALNS,MVD,SNAI3-AS1,TRAPPC2L,ZNF778-DT
1089	6	3	3	3	chr17:27988660-29472738 (1484kb)	.	SPAG5,SPAG5-AS1,TMEM97
1095	6	4	2	5	chr17:28842487-30477767 (1635kb)	.	DHRS13,EFCAB5,GOSR1,SEZ6,SSH2
1111	6	4	2	4	chr17:39152989-40219518 (1067kb)	.	CDK12,PSMD3,STARD3,WIPF2
1116	6	4	2	7	chr17:4004598-5420175 (1416kb)	.	ENSG00000261898,ENSG00000262429,MED11,NUP88,RPAIN,SPAG7,UBE2G1
1147	6	2	4	3	chr17:48047819-49362672 (1315kb)	.	NFE2L1,NFE2L1-DT,ZNF652
1227	6	4	2	6	chr17:81253424-82648947 (1396kb)	.	CSNK1D,CYBC1,ENSG00000287193,ENSG00000287737,P4HB,WDR45B
1304	6	2	4	2	chr19:12840509-14333818 (1493kb)	.	ENSG00000287296,LINC01842
1354	6	4	2	8	chr19:35495441-35868614 (373kb)	.	APLP1,COX6B1,ENSG00000188223,ENSG00000267120,KRTDAP,NPHS1,PSENEN,U2AF1L4
1410	6	5	1	6	chr19:55160626-56121747 (961kb)	.	ENSG00000267110,ZNF524,ZNF628,ZNF628-DT,ZNF787,ZNF865
1418	6	2	4	2	chr19:6531318-7871589 (1340kb)	.	ENSG00000268120,TNFSF9
1473	6	2	4	3	chr20:43506981-45489980 (1983kb)	.	FITM2,STK4,STK4-DT
1483	6	3	3	4	chr20:48794221-50179534 (1385kb)	.	B4GALT5,CSE1L,CSE1L-DT,LINC01273
1503	6	4	2	6	chr20:62407200-63291542 (884kb)	.	ARFGAP1,CABLES2,ENSG00000167046,LINC00659,NKAIN4,SLCO4A1
1550	6	1	5	2	chr21:36759770-37564807 (805kb)	.	ENSG00000273210,ENSG00000287637
1581	6	1	5	2	chr2:173049338-174060069 (1011kb)	.	ENSG00000289296,SP3
1594	6	4	2	5	chr2:196171293-196927275 (756kb)	.	CCDC150,ENSG00000282836,GTF3C3,HECW2,PGAP1
1634	6	3	3	4	chr22:20507418-21990652 (1483kb)	.	ENSG00000291044,PPM1F,THAP7,THAP7-AS1
1677	6	3	3	3	chr22:34955599-35492193 (537kb)	.	ENSG00000282041,ENSG00000282602,MCM5
1691	6	2	4	2	chr22:38114565-39153278 (1039kb)	.	APOBEC3B,CBX7
1708	6	3	3	3	chr22:42519707-43486654 (967kb)	.	BIK,PACSIN2,RRP7A
1721	6	3	3	4	chr2:26720982-27617958 (897kb)	.	ATRAID,CAD,DPYSL5,SLC5A6
1770	6	3	3	3	chr2:69643638-70294300 (651kb)	.	ANXA4,ENSG00000231024,SNRPG
1787	6	3	3	3	chr2:74198333-75200576 (1002kb)	.	ENSG00000279070,PCGF1,TACR1
1816	6	5	1	8	chr3:9249570-10180870 (931kb)	.	ARPC4,ARPC4-TTLL3,ENSG00000291078,FANCD2,IL17RE,JAGN1,SRGAP3-AS4,TADA3
1873	6	3	3	4	chr3:149812580-150603629 (791kb)	.	RNF13,SELENOT,SERP1,TSC22D2
1897	6	5	1	6	chr3:183884618-184812915 (928kb)	.	ENSG00000283765,FAM131A,PARL,PSMD2,VPS8,VWA5B2
1936	6	3	3	5	chr3:47522177-48899051 (1377kb)	.	CCDC51,ENSG00000289043,NME6,SLC25A20,TMA7
1952	6	3	3	3	chr3:52536996-53382726 (846kb)	.	ENSG00000286531,ITIH3,TKT
1969	6	2	4	2	chr3:68972449-69739726 (767kb)	.	ARL6IP5,MITF
2007	6	2	4	2	chr4:139551026-140427052 (876kb)	.	CLGN,SCOC-AS1
2063	6	1	5	2	chr4:8158722-8918309 (760kb)	.	ABLIM2,ENSG00000290015
2095	6	2	4	2	chr5:132585583-133192097 (607kb)	.	GDF9,UQCRQ
2111	6	4	2	4	chr5:139560876-141041452 (1481kb)	.	CYSTM1,ENSG00000288892,HBEGF,PURA
2113	6	4	2	4	chr5:139795663-140711576 (916kb)	.	CYSTM1,HBEGF,PSD2,WDR55
2171	6	5	1	12	chr5:218860-893524 (675kb)	.	BRD9,CCDC127,ENSG00000286001,EXOC3,EXOC3-AS1,PDCD6,PDCD6-AHRR,PDCD6-DT,PP7080,SDHA,SLC9A3-AS1,TRIP13
2254	6	1	5	1	chr6:150070966-151676213 (1605kb)	.	MTHFD1L
2292	6	3	3	5	chr6:2791308-4018842 (1228kb)	.	ENSG00000270504,ENSG00000272248,ENSG00000288904,PXDC1,TUBB2A
2427	6	4	2	5	chr7:156539597-157033992 (494kb)	.	LINC00244,MNX1,MNX1-AS1,RNF32,RNF32-DT
2490	6	1	5	1	chr7:75879193-76438141 (559kb)	.	SRRM3
2539	6	3	3	3	chr8:22010225-23171348 (1161kb)	.	CCAR2,REEP4,SLC39A14
2546	6	3	3	5	chr8:37359539-38996344 (1637kb)	.	ADAM9,ENSG00000253356,ENSG00000272092,NSD3,TM2D2
2576	6	4	2	5	chr8:94553414-94951376 (398kb)	.	CCNE2,NDUFAF6,TP53INP1,VIRMA,VIRMA-DT
2585	6	3	3	3	chr9:113056694-114155578 (1099kb)	.	COL27A1,SLC31A2,ZFP37
2607	6	4	2	4	chr9:127931197-129631745 (1701kb)	.	CIZ1,GLE1,IER5L,PIP5KL1
2608	6	1	5	1	chr9:129036307-129790743 (754kb)	.	MIGA2
2666	6	3	3	3	chr9:85713196-86282294 (569kb)	.	AGTPBP1,GOLM1,NAA35
2727	6	1	5	1	chrX:40580427-41334328 (754kb)	.	DDX3X
2934	6	0	6	0	chr1:147627593-148388311 (761kb)	.	.
3053	6	0	6	0	chr1:204684585-205325731 (641kb)	.	.
3163	6	0	6	0	chr1:235649291-236686823 (1038kb)	.	.
3642	6	6	0	10	chr17:7014554-8248597 (1234kb)	.	C17orf49,CTC1,NLGN2,PFAS,SAT2,SLC16A13,TMEM256,TMEM256-PLSCR3,TP53,WRAP53
4038	6	0	6	0	chr2:41648309-42975557 (1327kb)	.	.
4705	6	0	6	0	chr8:141942251-143408223 (1466kb)	.	.
2	5	4	1	3	chr10:99532771-100998393 (1466kb)	.	BLOC1S2,DNMBP,NKX2-3
20	5	2	3	2	chr10:110007370-111375495 (1368kb)	.	ADD3-AS1,SMC3
23	5	2	3	1	chr10:113429825-114340368 (911kb)	.	CASP7
43	5	3	2	5	chr10:122879510-123994619 (1115kb)	.	BUB3,C10orf88,ENSG00000286088,FAM24B,PSTK
50	5	4	1	7	chr10:13099949-13440470 (341kb)	.	CCDC3,ENSG00000289266,ENSG00000289585,MCM10,OPTN,PHYH,SEPHS1
74	5	3	2	4	chr10:49538955-50397586 (859kb)	.	ERCC6,OGDHL,TIMM23B,TIMM23B-AGAP6
85	5	3	2	3	chr10:68331522-69427438 (1096kb)	.	DDX50,HNRNPH3,PBLD
112	5	3	2	6	chr10:87085143-87863771 (779kb)	.	ENSG00000286445,ENSG00000289051,GLUD1,KLLN,MINPP1,PTEN
146	5	4	1	4	chr1:10973549-11273629 (300kb)	.	EXOSC10,EXOSC10-AS1,TARDBP,UBIAD1
166	5	3	2	3	chr11:116983794-117986478 (1003kb)	.	BACE1,IL10RA,PAFAH1B2
173	5	2	3	2	chr11:118911952-119374419 (462kb)	.	CCDC153,HMBS
179	5	2	3	4	chr1:180712-1550890 (1370kb)	.	CPTP,INTS11,KLHL17,NOC2L
183	5	3	2	4	chr11:124739502-125164963 (425kb)	.	NRGN,PKNOX2,PKNOX2-DT,SLC37A2
197	5	1	4	1	chr1:114134787-115194139 (1059kb)	.	BCAS2
260	5	4	1	6	chr1:150149664-151071323 (922kb)	.	ADAMTSL4-AS1,CDC42SE1,ENSG00000289457,FALEC,GABPB2,PLEKHO1
268	5	1	4	1	chr1:15153357-16961245 (1808kb)	.	TMEM51-AS1
273	5	2	3	2	chr1:153261299-154034983 (774kb)	.	DENND4B,ENSG00000289935
298	5	2	3	3	chr1:161067646-162024080 (956kb)	.	ATF6,ATF6-DT,OLFML2B
303	5	3	2	6	chr11:6173786-6619205 (445kb)	.	APBB1,ENSG00000254400,ENSG00000255680,ILK,RRP8,TPP1
311	5	3	2	3	chr11:62593653-62831393 (238kb)	.	LBHD1,STX5,STX5-DT
341	5	3	2	4	chr1:170284394-171696741 (1412kb)	.	GORAB,GORAB-AS1,LINC01142,PRRC2C
345	5	3	2	4	chr11:73218163-74105254 (887kb)	.	ENSG00000215841,MRPL48,P2RY2,RELT
364	5	4	1	4	chr1:178374228-179082155 (708kb)	.	C1orf220,RALGPS2,RALGPS2-AS1,TOR3A
388	5	4	1	5	chr11:93197689-94129350 (932kb)	.	C11orf54,CEP295,ENSG00000284057,PANX1,SLC36A4
396	5	1	4	1	chr1:201154153-202236633 (1082kb)	.	NAV1
400	5	3	2	3	chr1:202643435-203861902 (1218kb)	.	RABIF,SNRPE,TMEM183A
407	5	1	4	2	chr1:20575254-21270408 (695kb)	.	EIF4G3,ENSG00000287192
444	5	2	3	3	chr12:118016500-118373228 (357kb)	.	PEBP1,TAOK3,VSIG10
452	5	3	2	4	chr12:122029307-122980715 (951kb)	.	ARL6IP4,ENSG00000256028,HIP1R,OGFOD2
479	5	1	4	2	chr1:21770994-22790689 (1020kb)	.	CDC42,CDC42-AS1
500	5	4	1	4	chr1:226083142-226940472 (857kb)	.	COQ8A,ITPKB-IT1,LINC01703,PARP1
503	5	1	4	1	chr1:226548351-227473334 (925kb)	.	STUM
538	5	2	3	2	chr1:235971623-237042271 (1071kb)	.	LINC02768,RYR2
544	5	2	3	3	chr1:24199328-25197542 (998kb)	.	ENSG00000284699,GRHL3,LINC02800
574	5	2	3	2	chr12:53066068-53371525 (305kb)	.	ITGB7,SP7
584	5	4	1	6	chr12:55681476-56300865 (619kb)	.	CD63-AS1,CDK2,CNPY2-AS1,CS,ENSG00000258554,METTL7B
591	5	4	1	5	chr12:56118400-57146769 (1028kb)	.	BAZ2A,ESYT1,LRP1-AS,TIMELESS,ZC3H10
593	5	2	3	2	chr12:57078547-57739205 (661kb)	.	ENSG00000287200,GLI1
599	5	1	4	3	chr12:62269936-62866268 (596kb)	.	ENSG00000275180,LINC01465,MIRLET7IHG
706	5	3	2	4	chr1:38005533-39540483 (1535kb)	.	FHL3,MIR3659HG,MYCBP,POU3F1
716	5	3	2	2	chr13:94595711-95506692 (911kb)	.	ABCC4,TGDS
729	5	2	3	4	chr14:100238365-100574343 (336kb)	.	ENSG00000258982,WARS1,WDR25,YY1
748	5	3	2	6	chr14:22570696-24271917 (1701kb)	.	DHRS4,ENSG00000286825,ENSG00000288044,OXA1L,OXA1L-DT,RABGGTA
752	5	3	2	4	chr14:22557266-24007340 (1450kb)	.	ENSG00000259003,ENSG00000286931,LINC02332,PSMB5
757	5	4	1	8	chr14:23567752-24346799 (779kb)	.	AP1G2,ENSG00000260669,ENSG00000289979,GMPR2,MDP1,NEDD8,NEDD8-MDP1,TINF2
763	5	2	3	2	chr14:34505972-35404888 (899kb)	.	EAPP,NFKBIA
849	5	2	3	3	chr1:51236142-51932229 (696kb)	.	EPS15,EPS15-AS1,RNF11
872	5	2	3	3	chr15:43014753-44252598 (1238kb)	.	MAP1A,MFAP1,TP53BP1
887	5	1	4	1	chr15:65022234-65489123 (467kb)	.	IGDCC3
889	5	1	4	2	chr15:65286521-66633060 (1347kb)	.	DIS3L,DIS3L-AS1
892	5	1	4	2	chr15:66567069-67433779 (867kb)	.	AAGAB,IQCH
905	5	2	3	4	chr15:71713288-72686717 (973kb)	.	ARIH1,BBS4,HIGD2B,TMEM202-AS1
924	5	1	4	1	chr15:80093135-80990067 (897kb)	.	MESD
936	5	1	4	1	chr15:84654316-85640233 (986kb)	.	WDR73
955	5	1	4	1	chr15:98548181-99124082 (576kb)	.	ENSG00000259621
960	5	1	4	1	chr1:60008752-61253718 (1245kb)	.	NFIA-AS1
983	5	2	3	4	chr16:2751947-3264989 (513kb)	.	ENSG00000290183,LINC00921,SRRM2,SRRM2-AS1
1014	5	4	1	5	chr16:4116868-4958557 (842kb)	.	ADCY9,GLYR1,SEC14L5,UBN1,ZNF500
1072	5	3	2	3	chr17:15260826-16439124 (1178kb)	.	ENSG00000265445,SNHG29,UBB
1124	5	1	4	3	chr17:42101629-43983907 (1882kb)	.	PTGES3L,PTGES3L-AARSD1,RUNDC1
1154	5	3	2	5	chr17:49570061-50426478 (856kb)	.	ACSF2,ENSG00000250751,ENSG00000276851,PDK2,SLC35B1
1183	5	3	2	3	chr17:63842600-64837446 (995kb)	.	ENSG00000291117,POLG2,SMARCD2
1293	5	1	4	1	chr19:10572420-11785170 (1213kb)	.	DOCK6
1305	5	3	2	4	chr19:13140606-14263098 (1122kb)	.	ENSG00000267512,IER2,NANOS3,STX10
1347	5	3	2	5	chr19:35000132-36128257 (1128kb)	.	GRAMD1A-AS1,HAUS5,HAUS5-DT,THAP8,WDR62
1355	5	3	2	5	chr19:35718491-36150988 (432kb)	.	HSPB6,KMT2B,POLR2I,PROSER3,TBCB
1365	5	3	2	3	chr19:39122136-39881779 (760kb)	.	PAK4,TIMM50,ZFP36
1400	5	4	1	5	chr19:49085056-49851180 (766kb)	.	ENSG00000268636,PTOV1,PTOV1-AS1,RRAS,SNRNP70
1407	5	3	2	4	chr19:53889525-54206877 (317kb)	.	CNOT3,NDUFA3,OSCAR,RPS9
1448	5	3	2	5	chr20:33299144-34216433 (917kb)	.	CHMP4B,ENSG00000229188,ENSG00000271803,NECAB3,ZNF341-AS1
1471	5	2	3	2	chr20:4097582-5137439 (1040kb)	.	ENSG00000278595,RASSF2
1512	5	3	2	4	chr2:101002055-101697738 (696kb)	.	ENSG00000223947,MAP4K4,RNF149,RPL31
1514	5	2	3	3	chr2:8583819-10448959 (1865kb)	.	ASAP2,ODC1,ODC1-DT
1532	5	3	2	3	chr2:127526423-128319012 (793kb)	.	AMMECR1L,HS6ST1,IWS1
1541	5	2	3	4	chr21:32569846-34036803 (1467kb)	.	ATP5PO,IL10RB,IL10RB-DT,LINC00649
1562	5	3	2	4	chr21:45288471-46140880 (852kb)	.	ENSG00000274248,ENSG00000288885,LINC00205,POFUT2
1624	5	3	2	4	chr2:218671619-219522995 (851kb)	.	ABCB6,ASIC4,RNF25,STK36
1640	5	3	2	3	chr22:21646815-22357616 (711kb)	.	ENSG00000286129,IGLV1-47,IGLVIV-65
1658	5	2	3	2	chr22:30288113-31291227 (1003kb)	.	CASTOR1,SLC35E4
1660	5	3	2	4	chr22:30562519-31496724 (934kb)	.	EIF4ENIF1,ENSG00000287817,INPP5J,SFI1
1664	5	1	4	1	chr22:31080818-31944628 (864kb)	.	YWHAH
1667	5	4	1	5	chr2:231198190-232421084 (1223kb)	.	ARMC9,ENSG00000237087,ENSG00000289018,PDE6D,PTMA
1697	5	1	4	1	chr22:39343585-40370712 (1027kb)	.	SGSM3
1703	5	3	2	4	chr2:24076279-25673174 (1597kb)	.	DTNB,EFR3B,FAM228B,SF3B6
1709	5	3	2	4	chr22:42369209-43040670 (671kb)	.	ENSG00000270022,ENSG00000289517,LINC01315,POLDIP3
1710	5	1	4	1	chr22:42621551-43476327 (855kb)	.	TTLL1
1719	5	3	2	4	chr2:25851990-26970702 (1119kb)	.	CENPA,HADHA,MAPRE3,SLC35F6
1739	5	1	4	1	chr2:45650775-46889120 (1238kb)	.	PRKCE
1758	5	1	4	2	chr2:64120587-65006694 (886kb)	.	AFTPH,AFTPH-DT
1773	5	2	3	3	chr2:70123196-70900040 (777kb)	.	C2orf42,TIA1,VAX2
1777	5	1	4	1	chr2:70861907-71068728 (207kb)	.	ENSG00000272735
1795	5	2	3	2	chr2:87825189-88628249 (803kb)	.	EIF2AK3-DT,RGPD2
1812	5	4	1	6	chr3:9890457-10772298 (882kb)	.	EMC3,ENSG00000206567,ENSG00000291078,FANCD2,JAGN1,SEC13
1845	5	1	4	1	chr3:12729211-13092463 (363kb)	.	RPL32
1848	5	2	3	3	chr3:129245817-130425836 (1180kb)	.	PLXND1,TMCC1,TMCC1-DT
1918	5	1	4	1	chr3:33026992-33841175 (814kb)	.	CRTAP
1965	5	1	4	1	chr3:57579163-58370944 (792kb)	.	PXK
1981	5	3	2	5	chr4:586578-1249284 (663kb)	.	CTBP1-DT,DGKQ,GAK,IDUA,TMEM175
1983	5	2	3	2	chr4:107719920-108512340 (792kb)	.	LEF1,PAPSS1
2005	5	1	4	1	chr4:139082852-140296780 (1214kb)	.	ENSG00000272717
2019	5	2	3	2	chr4:1581114-2396692 (816kb)	.	ENSG00000244459,FAM53A
2029	5	2	3	2	chr4:2008862-3544897 (1536kb)	.	ENSG00000270090,TNIP2
2144	5	2	3	2	chr5:175729903-176416286 (686kb)	.	CLTB,KIAA1191
2149	5	2	3	3	chr5:176870130-177996702 (1127kb)	.	PROP1,UIMC1,ZNF346
2150	5	1	4	2	chr5:177071865-177837043 (765kb)	.	PRELID1,RAB24
2160	5	4	1	5	chr5:180802289-181262334 (460kb)	.	ENSG00000286644,LINC01962,TRIM52,TRIM52-AS1,TRIM7-AS2
2176	5	2	3	3	chr5:65510356-66303001 (793kb)	.	CENPK,ERBIN-DT,PPWD1
2216	5	3	2	3	chr6:116511707-117976307 (1465kb)	.	CALHM5,GOPC,SLC35F1
2248	5	4	1	5	chr6:143060294-144063862 (1004kb)	.	AIG1,FUCA2,LINC01277,PHACTR2,PLAGL1
2260	5	1	4	1	chr6:156777117-157981883 (1205kb)	.	SYNJ2
2351	5	1	4	1	chr6:89198130-90677956 (1480kb)	.	MDN1
2361	5	3	2	5	chr7:99919004-100428914 (510kb)	.	CNPY4,MEPCE,TAF6,TRIM4,ZCWPW1
2373	5	2	3	2	chr7:101520485-102546698 (1026kb)	.	CUX1,POLR2J
2380	5	2	3	2	chr7:106176565-107044710 (868kb)	.	CCDC71L,PRKAR2B
2396	5	1	4	1	chr7:131327200-131719112 (392kb)	.	MKLN1-AS
2405	5	2	3	3	chr7:140626308-141551017 (925kb)	.	AGK,AGK-DT,MRPS33
2407	5	2	3	2	chr7:148642357-149498130 (856kb)	.	EZH2,ZNF746
2424	5	1	4	2	chr7:154841720-155345177 (503kb)	.	PAXIP1,PAXIP1-DT
2425	5	2	3	3	chr7:155002449-156197320 (1195kb)	.	ENSG00000227365,PAXIP1,PAXIP1-DT
2433	5	1	4	1	chr7:24456136-25483540 (1027kb)	.	PALS2
2469	5	2	3	3	chr7:5885690-6938572 (1053kb)	.	DAGLB,EIF2AK1,KDELR2
2520	5	1	4	2	chr8:124020912-124612507 (592kb)	.	RNF139,RNF139-DT
2521	5	3	2	5	chr8:124291016-125091893 (801kb)	.	MTSS1,NSMCE2,SQLE,SQLE-DT,WASHC5
2609	5	3	2	4	chr9:129080609-130446012 (1365kb)	.	ASS1,C9orf78,DOLPP1,ENSG00000287234
2616	5	3	2	4	chr9:130579405-131350328 (771kb)	.	ABL1,AIF1L,ENSG00000288570,FUBP3
2624	5	1	4	1	chr9:136108550-137914806 (1806kb)	.	LINC02846
2628	5	2	3	1	chr9:137150294-137724435 (574kb)	.	ZMYND19
2669	5	4	1	4	chr9:92293619-93453827 (1160kb)	.	FAM120A,FAM120AOS,IARS1,NINJ1
2689	5	1	4	2	chrX:106872132-107732257 (860kb)	.	DNAAF6,NUP62CL
2699	5	2	3	4	chrX:119468971-120365554 (897kb)	.	NDUFA1,RNF113A,SLC25A5,SLC25A5-AS1
2708	5	2	3	3	chrX:134537020-135112978 (576kb)	.	PABIR2,PABIR3,RTL8A
2944	5	0	5	0	chr1:151594252-152112435 (518kb)	.	.
3011	5	0	5	0	chr1:178476928-180042577 (1566kb)	.	.
3084	5	0	5	0	chr12:120291281-121839843 (1549kb)	.	.
3404	5	5	0	7	chr14:89013136-90383557 (1370kb)	.	EFCAB11,ENSG00000259053,ENSG00000283627,FOXN3,LINC02960,NRDE2,TDP1
3478	5	0	5	0	chr1:58417278-59826901 (1410kb)	.	.
3588	5	0	5	0	chr17:19513995-20095584 (582kb)	.	.
3772	5	0	5	0	chr19:47790516-48788390 (998kb)	.	.
4385	5	5	0	5	chr5:54517551-55233207 (716kb)	.	CCNO,CCNO-DT,CDC20B,GPX8,SNX18
4455	5	0	5	0	chr6:13081610-13688887 (607kb)	.	.
4636	5	0	5	0	chr7:28278671-28770275 (492kb)	.	.
4710	5	5	0	5	chr8:22245017-22693695 (449kb)	.	BIN3,C8orf58,EGR3,ENSG00000261026,POLR3D
14	4	1	3	1	chr10:102869588-103872487 (1003kb)	.	AS3MT
18	4	2	2	3	chr10:103884741-104353884 (469kb)	.	CFAP58,CFAP58-DT,STN1
32	4	2	2	3	chr10:118501561-119908096 (1407kb)	.	EIF3A,ENSG00000289126,PRDX3
33	4	2	2	3	chr10:119011405-119892814 (881kb)	.	DENND10,MCMBP,SEC23IP
45	4	1	3	2	chr10:124388935-124916995 (528kb)	.	ENSG00000249456,ENSG00000289280
46	4	2	2	3	chr10:124450172-125209302 (759kb)	.	EEF1AKMT2,ENSG00000258539,NKX1-2
52	4	1	3	1	chr10:132755328-133520600 (765kb)	.	CYP2E1
65	4	1	3	2	chr10:28823012-29449283 (626kb)	.	ENSG00000287402,SVIL-AS1
82	4	1	3	2	chr10:63065922-63654465 (589kb)	.	JMJD1C,REEP3
88	4	1	3	1	chr10:68923972-69318527 (395kb)	.	KIFBP
101	4	3	1	3	chr10:73110385-74418557 (1308kb)	.	ENSG00000268584,NUDT13,USP54
103	4	3	1	3	chr10:75099811-75593106 (493kb)	.	ENSG00000286715,SAMD8,VDAC2
107	4	1	3	1	chr10:79242740-79905221 (662kb)	.	ENSG00000283913
118	4	1	3	1	chr10:93861205-94635160 (774kb)	.	TBC1D12
125	4	2	2	3	chr10:99392797-100186477 (794kb)	.	ENSG00000229278,ENTPD7,ERLIN1
131	4	2	2	2	chr1:9019624-10035279 (1016kb)	.	H6PD,TMEM201
134	4	2	2	4	chr1:10209823-10495302 (285kb)	.	CENPS,CENPS-CORT,ENSG00000271989,KIF1B
147	4	2	2	3	chr1:109740970-111032524 (1292kb)	.	GSTM3,KCNC4,KCNC4-DT
154	4	3	1	5	chr11:10540865-11156276 (615kb)	.	EIF4G2,ENSG00000246308,ENSG00000289976,IRAG1-AS1,RNF141
194	4	2	2	4	chr1:113683419-114346854 (663kb)	.	ENSG00000231128,HIPK1,HIPK1-AS1,RSBN1
211	4	3	1	4	chr11:18012284-19449501 (1437kb)	.	SERGEF,SPTY2D1,SPTY2D1OS,UEVLD
215	4	1	3	1	chr1:119663253-120176655 (513kb)	.	SEC22B
225	4	1	3	1	chr11:32358775-33802924 (1444kb)	.	QSER1
230	4	1	3	2	chr11:33650117-34399761 (750kb)	.	FBXO3,FBXO3-DT
231	4	2	2	3	chr11:34006931-34916745 (910kb)	.	ABTB2,APIP,PDHX
234	4	2	2	3	chr11:3824750-4250863 (426kb)	.	ENSG00000229368,STIM1,STIM1-AS1
239	4	2	2	2	chr11:45251518-45805185 (554kb)	.	LINC02687,SLC35C1
249	4	3	1	4	chr11:46239158-47821505 (1582kb)	.	ARHGAP1,ENSG00000254639,PSMC3,ZNF408
255	4	2	2	2	chr1:149176781-149939355 (763kb)	.	ENSG00000289614,H2BC18
256	4	3	1	5	chr1:149887934-150294150 (406kb)	.	APH1A,BOLA1,C1orf54,H2AC21,MRPS21
274	4	2	2	3	chr1:154066352-154937445 (871kb)	.	ENSG00000270361,KCNN3,PMVK
277	4	3	1	3	chr1:153957943-154477576 (520kb)	.	ATP8B2,CRTC2,ENSG00000282386
283	4	2	2	3	chr1:156082441-156971815 (889kb)	.	LMNA,MEF2D,MEX3A
300	4	2	2	2	chr1:161198575-161530473 (332kb)	.	ADAMTS4,HSPA6
301	4	3	1	4	chr11:61638522-62602137 (964kb)	.	ENSG00000285656,INCENP,LINC02733,MTA2
314	4	3	1	4	chr11:64317438-64803419 (486kb)	.	ENSG00000286816,MAP4K2,PRDX5,TRMT112
329	4	2	2	2	chr1:167482705-167843601 (361kb)	.	CREG1,MPZL1
336	4	2	2	2	chr11:69048638-69686193 (638kb)	.	LTO1,TPCN2
355	4	1	3	1	chr11:75723309-76207795 (484kb)	.	DGAT2-DT
366	4	3	1	2	chr1:178768718-179293902 (525kb)	.	ABL2,SOAT1
383	4	2	2	3	chr1:18902452-19629472 (727kb)	.	ALDH4A1,EMC1-AS1,UBR4
397	4	1	3	1	chr1:201171461-201709726 (538kb)	.	TMEM9
403	4	1	3	1	chr1:204129119-205961724 (1833kb)	.	TMCC2
417	4	2	2	2	chr12:104628695-104986433 (358kb)	.	NOPCHAP1,SLC41A2
419	4	2	2	3	chr12:106357627-107447111 (1089kb)	.	POLR3B,TMEM263,TMEM263-DT
421	4	1	3	2	chr12:109052425-109805747 (753kb)	.	KCTD10,UBE3B
458	4	3	1	4	chr12:123300858-123633921 (333kb)	.	DDX55,EIF2B1,GTF2H3,TMED2
464	4	3	1	3	chr1:212665292-213051800 (387kb)	.	ANGEL2,LINC02773,RPS6KC1
470	4	1	3	1	chr12:131779234-132400639 (621kb)	.	EP400
482	4	2	2	2	chr1:220272133-220841306 (569kb)	.	MTARC2,RAB3GAP2
487	4	1	3	1	chr1:222097710-222644615 (547kb)	.	MIA3
504	4	1	3	1	chr12:26853092-27820465 (967kb)	.	STK38L
508	4	1	3	1	chr12:2034969-2903931 (869kb)	.	FKBP4
520	4	2	2	3	chr1:231211399-231691887 (480kb)	.	C1orf131,DISC1,GNPAT
523	4	3	1	3	chr1:23177556-23801035 (623kb)	.	GALE,ID3,LUZP1
528	4	2	2	3	chr1:23367998-24413882 (1046kb)	.	ELOA-AS1,PITHD1,ZNF436-AS1
534	4	2	2	2	chr1:23484088-24019134 (535kb)	.	ASAP3,ELOA
539	4	1	3	1	chr1:235920324-236491913 (572kb)	.	ERO1B
546	4	2	2	3	chr12:42238622-42799695 (561kb)	.	PPHLN1,YAF2,ZCRB1
551	4	1	3	1	chr12:10028-576391 (566kb)	.	B4GALNT3
557	4	1	3	2	chr12:47819840-48351211 (531kb)	.	ENSG00000257735,ZNF641
563	4	3	1	3	chr12:49110541-49867403 (757kb)	.	ENSG00000258101,LMBR1L,TUBA1B
567	4	2	2	2	chr12:51047806-51993361 (946kb)	.	LETMD1,POU6F1
572	4	3	1	3	chr12:53159918-54549565 (1390kb)	.	ENSG00000257808,HOXC5,PDE1B
578	4	2	2	2	chr1:25378738-26356949 (978kb)	.	ENSG00000255054,LDLRAP1
586	4	2	2	2	chr12:55830001-56689015 (859kb)	.	DNAJC14,PTGES3
603	4	3	1	3	chr12:6554502-7190048 (636kb)	.	C1RL,ENO2,ENSG00000255572
605	4	2	2	2	chr12:6613594-7019059 (405kb)	.	CHD4,LPCAT3
621	4	2	2	2	chr12:8032590-8891275 (859kb)	.	FOXJ2,RIMKLB
623	4	1	3	1	chr1:28167393-28888283 (721kb)	.	EPB41
649	4	1	3	1	chr1:31714539-32933676 (1219kb)	.	KPNA6
653	4	2	2	2	chr1:32040390-33338761 (1298kb)	.	BSDC1,KIAA1522
672	4	1	3	2	chr13:40325731-41061918 (736kb)	.	ELF1,WBP4
673	4	2	2	2	chr13:41194471-42272786 (1078kb)	.	AKAP11,KBTBD7
685	4	2	2	3	chr13:49690852-50378731 (688kb)	.	DLEU2,EBPL,ENSG00000274270
695	4	1	3	2	chr1:35568997-36440726 (872kb)	.	AGO3,ENSG00000271914
702	4	1	3	1	chr13:78169465-79102470 (933kb)	.	OBI1
708	4	1	3	1	chr1:39081345-39610053 (529kb)	.	MACF1
714	4	2	2	2	chr13:94016887-94942450 (926kb)	.	ENSG00000289878,GPR180
740	4	3	1	5	chr1:41661649-42767590 (1106kb)	.	C1orf50,ENSG00000283580,FOXJ3,P3H1,RIMKLA
755	4	3	1	4	chr14:22829764-23469976 (640kb)	.	MRPL52,NGDN,SLC22A17,SLC7A7
759	4	2	2	3	chr1:42757087-43390005 (633kb)	.	ENSG00000288955,MED8,SZT2
766	4	2	2	3	chr14:35343850-36520886 (1177kb)	.	INSM2,NKX2-1,SFTA3
785	4	3	1	3	chr14:52594314-52792388 (198kb)	.	ENSG00000285664,GNPNAT1,STYX
794	4	2	2	4	chr14:58171032-58297987 (127kb)	.	ARID4A,ARMH4,PSMA3,PSMA3-AS1
801	4	1	3	1	chr14:61261858-61859380 (598kb)	.	SNAPC1
809	4	2	2	3	chr14:68548171-69409670 (861kb)	.	ACTN1,ACTN1-DT,ENSG00000258520
826	4	2	2	3	chr14:75176768-75578002 (401kb)	.	ENSG00000273565,FLVCR2,TMED10
829	4	1	3	2	chr14:77033959-77388469 (355kb)	.	CIPC,ENSG00000259164
831	4	3	1	4	chr14:81170333-81534266 (364kb)	.	ENSG00000284959,ENSG00000286686,SEL1L,STON2
841	4	2	2	2	chr15:100341731-101754412 (1413kb)	.	ADAMTS17,PCSK6-AS1
859	4	1	3	1	chr15:40104839-40979409 (875kb)	.	DLL4
866	4	1	3	1	chr15:41578189-42092872 (515kb)	.	EHD4
868	4	1	3	2	chr1:54081716-54448774 (367kb)	.	CYB5RL,ENSG00000256407
870	4	2	2	4	chr15:42548326-43517972 (970kb)	.	ENSG00000285942,HAUS2,LRRC57,TMEM62
876	4	3	1	4	chr15:55408280-55993913 (586kb)	.	CCPG1,DNAAF4-CCPG1,NEDD4,PIERCE2
899	4	2	2	3	chr15:68818179-69299107 (481kb)	.	PAQR5,PAQR5-DT,SPESP1
903	4	2	2	3	chr15:69737492-70854570 (1117kb)	.	LARP6,LRRC49,UACA
915	4	1	3	1	chr15:75104644-75441206 (337kb)	.	COMMD4
922	4	2	2	4	chr15:79016759-80417861 (1401kb)	.	MINAR1,ST20,ST20-AS1,ST20-MTHFS
927	4	2	2	2	chr15:82709385-83062076 (353kb)	.	AP3B2,WHAMM
954	4	1	3	1	chr15:98750686-99100779 (350kb)	.	LUNAR1
961	4	2	2	2	chr16:1025241-1632062 (607kb)	.	ENSG00000260710,ENSG00000261732
979	4	1	3	1	chr1:6238702-6648263 (410kb)	.	ZBTB48
992	4	2	2	2	chr16:29721694-30021095 (299kb)	.	HIRIP3,INO80E
999	4	2	2	2	chr16:2963750-4272056 (1308kb)	.	KREMEN2,ZNF263
1000	4	2	2	2	chr1:63316958-63746542 (430kb)	.	FOXD3,LINC00466
1010	4	1	3	2	chr16:46689073-46929981 (241kb)	.	ORC6,VPS35
1013	4	2	2	2	chr1:64744860-65525718 (781kb)	.	ENSG00000290094,RAVER2
1028	4	1	3	1	chr16:56519806-57284846 (765kb)	.	PLLP
1050	4	1	3	2	chr1:67149254-67833681 (684kb)	.	GNG12,GNG12-AS1
1078	4	1	3	1	chr17:18224715-19321894 (1097kb)	.	LLGL1
1086	4	1	3	1	chr17:20093267-21253620 (1160kb)	.	NATD1
1087	4	1	3	1	chr17:20514310-21594088 (1080kb)	.	KCNJ12
1088	4	2	2	2	chr17:27880331-29112091 (1232kb)	.	ENSG00000265254,PHF12
1107	4	1	3	1	chr17:35567815-35670431 (103kb)	.	SNHG30
1112	4	2	2	2	chr17:39197423-40433857 (1236kb)	.	CACNB1,ERBB2
1115	4	2	2	2	chr17:40013765-40702150 (688kb)	.	ENSG00000265799,NR1D1
1118	4	3	1	5	chr17:4142987-4940400 (797kb)	.	ARRB2,CYB5D2,RNF167,SLC25A11,ZZEF1
1123	4	2	2	2	chr17:42050367-42964569 (914kb)	.	AARSD1,C17orf113
1127	4	3	1	5	chr17:4263632-4987227 (724kb)	.	ANKFY1,CAMTA2,CAMTA2-AS1,ENSG00000262227,MED11
1131	4	1	3	1	chr17:43832868-44351031 (518kb)	.	MPP3
1150	4	2	2	3	chr17:48415869-49789422 (1374kb)	.	FAM117A,HOXB5,KAT7
1165	4	2	2	3	chr17:56977744-57454591 (477kb)	.	AKAP1,AKAP1-DT,SCPEP1
1176	4	1	3	2	chr17:60142909-61629105 (1486kb)	.	APPBP2,APPBP2-DT
1188	4	1	3	1	chr1:7582934-7961996 (379kb)	.	VAMP3
1190	4	2	2	3	chr17:7239383-7997386 (758kb)	.	PHF23,POLR2A,ZBTB4
1197	4	2	2	3	chr17:74454063-75271375 (817kb)	.	HID1,MIF4GD,MIF4GD-DT
1199	4	1	3	1	chr17:74982286-75240918 (259kb)	.	NT5C
1208	4	1	3	1	chr17:7704883-8913055 (1208kb)	.	EFNB3
1212	4	1	3	1	chr17:78214653-79803766 (1589kb)	.	BIRC5
1215	4	1	3	1	chr17:78197346-78646850 (450kb)	.	ENSG00000289922
1229	4	2	2	4	chr17:81733786-82450585 (717kb)	.	CYBC1,DCXR,DCXR-DT,ENSG00000287193
1231	4	1	3	1	chr17:7887490-8631531 (744kb)	.	MYH10
1232	4	1	3	2	chr17:82672091-83205950 (534kb)	.	ENSG00000289945,RAB40B
1235	4	2	2	5	chr18:110211-658114 (548kb)	.	ENSG00000263727,THOC1,THOC1-DT,TYMS,TYMSOS
1239	4	2	2	2	chr18:23570808-24427050 (856kb)	.	IMPACT,OSBPL1A
1263	4	1	3	2	chr1:84506080-85465230 (959kb)	.	GNG5,SPATA1
1283	4	2	2	3	chr1:89525326-90354846 (830kb)	.	ENSG00000286548,LRRC8B,ZNF326
1291	4	3	1	3	chr19:9791627-10565439 (774kb)	.	EIF3G,KRI1,ZNF846
1297	4	1	3	1	chr19:10864462-11450938 (586kb)	.	LDLR
1298	4	1	3	1	chr19:11139320-12295345 (1156kb)	.	ZNF44
1301	4	2	2	3	chr19:12400561-12983811 (583kb)	.	ENSG00000268744,RNASEH2A,ZNF799
1303	4	2	2	3	chr19:12681051-13194767 (514kb)	.	DHPS,ENSG00000285589,GET3
1309	4	2	2	2	chr19:1479462-1929745 (450kb)	.	C19orf25,MBD3
1319	4	1	3	1	chr19:17305616-17616711 (311kb)	.	CCDC194
1339	4	2	2	3	chr19:32560271-33522088 (962kb)	.	CEBPA,CEBPA-DT,PEPD
1352	4	2	2	2	chr19:3545125-4670191 (1125kb)	.	MYDGF,ZBTB7A
1356	4	3	1	4	chr19:36139861-36838960 (699kb)	.	CAPNS1,ZNF461,ZNF567,ZNF567-DT
1359	4	2	2	2	chr19:37078097-37656327 (578kb)	.	ENSG00000267345,ZNF570
1361	4	3	1	4	chr19:38315780-38976374 (661kb)	.	ECH1,ENSG00000287271,FBXO17,PSMD8
1375	4	2	2	2	chr19:41793237-42447346 (654kb)	.	ENSG00000285505,ERFL
1384	4	3	1	3	chr19:44784105-45769731 (986kb)	.	ERCC1,GEMIN7-AS1,SIX5
1392	4	3	1	3	chr19:461673-991947 (530kb)	.	CDC34,MADCAM1,SHC2
1397	4	2	2	2	chr19:47713459-49364157 (1651kb)	.	EHD2,ENSG00000268093
1398	4	3	1	5	chr1:94417958-94927592 (510kb)	.	ABCD3,CNN3,CNN3-DT,ENSG00000286692,SLC44A3
1406	4	2	2	2	chr19:4584289-5828739 (1244kb)	.	ENSG00000289543,SAFB
1437	4	1	3	1	chr20:2352140-3218906 (867kb)	.	ENSG00000256566
1439	4	3	1	3	chr20:2508792-2873463 (365kb)	.	ENSG00000256566,NOP56,PTPRA
1445	4	2	2	3	chr20:31572850-32207915 (635kb)	.	HM13-AS1,PLAGL2,POFUT1
1451	4	1	3	2	chr20:34145283-34363779 (218kb)	.	ENSG00000289720,ITCH
1459	4	2	2	3	chr20:35955095-36573690 (619kb)	.	CNBD2,DLGAP4-AS1,TGIF2
1460	4	1	3	1	chr20:36353587-37339721 (986kb)	.	SOGA1
1468	4	2	2	4	chr20:37527618-38731720 (1204kb)	.	BLCAP,ENSG00000276603,RPRD1B,TTI1
1470	4	2	2	2	chr20:38472512-38915412 (443kb)	.	ARHGAP40,RALGAPB
1488	4	2	2	2	chr20:50635774-51023308 (388kb)	.	KCNG1,PARD6B
1490	4	2	2	2	chr20:53162490-54173886 (1011kb)	.	CYP24A1,ENSG00000259723
1491	4	1	3	2	chr20:56541603-57425338 (884kb)	.	BMP7,ENSG00000226308
1499	4	1	3	2	chr20:62065850-62794682 (729kb)	.	ENSG00000283078,TAF4
1506	4	2	2	3	chr20:62937814-63956674 (1019kb)	.	DIDO1,GID8,UCKL1
1538	4	3	1	6	chr2:130181569-130756522 (575kb)	.	AMER3,CCDC115,ENSG00000229797,IMP4,MZT2B,SMPD4
1547	4	2	2	3	chr21:36069827-37060609 (991kb)	.	CBR1,ENSG00000289001,HLCS-AS1
1555	4	2	2	2	chr21:42010268-42974919 (965kb)	.	PKNOX1,ZBTB21
1557	4	2	2	3	chr21:43582134-44297895 (716kb)	.	HSF2BP,PWP2,RRP1B
1571	4	1	3	1	chr2:158722987-159344852 (622kb)	.	TANC1
1574	4	1	3	1	chr2:169012238-169734068 (722kb)	.	PPIG
1575	4	2	2	2	chr2:169509663-169899101 (389kb)	.	KLHL41,UBR3
1579	4	1	3	2	chr2:170973819-171738882 (765kb)	.	DCAF17,METTL8
1609	4	3	1	2	chr2:207165789-207625898 (460kb)	.	METTL21A,MYOSLID
1625	4	1	3	1	chr22:18884495-19948026 (1064kb)	.	ENSG00000279987
1628	4	3	1	3	chr2:218996104-219229871 (234kb)	.	ANKZF1,ATG9A,CNPPD1
1636	4	2	2	2	chr22:20917979-21837525 (920kb)	.	CRKL,YDJC
1645	4	3	1	5	chr22:23145119-23751750 (607kb)	.	ENSG00000290440,GUSBP11,RAB36,RSPH14,ZNF70
1648	4	1	3	1	chr22:24603761-25383503 (780kb)	.	SGSM1
1650	4	1	3	1	chr22:27257976-27801971 (544kb)	.	MN1
1651	4	2	2	2	chr22:27918647-28773167 (855kb)	.	CCDC117,TTC28-AS1
1652	4	1	3	1	chr22:27710523-29245766 (1535kb)	.	ZNRF3
1661	4	2	2	3	chr22:30634476-31588345 (954kb)	.	ENSG00000287817,LINC01521,PATZ1
1663	4	2	2	2	chr22:30763816-31977456 (1214kb)	.	LINC02558,PLA2G3
1670	4	1	3	1	chr2:231192441-231786943 (595kb)	.	PDE6D
1683	4	1	3	1	chr22:36221884-37212780 (991kb)	.	SSTR3
1695	4	2	2	3	chr2:23899901-24600382 (700kb)	.	FKBP1B,ITSN2,WDCP
1712	4	1	3	1	chr22:43273998-44498775 (1225kb)	.	RTL6
1727	4	1	3	3	chr2:2708689-3558688 (850kb)	.	ENSG00000286905,RNASEH1,RNASEH1-DT
1733	4	1	3	2	chr2:42783421-43226532 (443kb)	.	LINC01126,ZFP36L2
1750	4	2	2	1	chr2:55482551-56050892 (568kb)	.	CFAP36
1755	4	2	2	3	chr2:61017361-62264968 (1248kb)	.	PEX13,PUS10,XPO1
1791	4	2	2	2	chr2:84925686-85802917 (877kb)	.	ENSG00000287625,TCF7L1
1796	4	2	2	3	chr2:9142782-9984392 (842kb)	.	ENSG00000240980,ENSG00000287305,GRHL1
1799	4	2	2	2	chr2:94602330-96325432 (1723kb)	.	ITPRIPL1,MRPS5
1804	4	1	3	1	chr2:96174611-96801436 (627kb)	.	LMAN2L
1809	4	2	2	3	chr2:98649511-99336193 (687kb)	.	MGAT4A,MITD1,MRPL30
1814	4	2	2	3	chr3:101147184-101676672 (529kb)	.	TRMT10C,ZBTB11,ZBTB11-AS1
1829	4	1	3	1	chr3:11784013-12995217 (1211kb)	.	TSEN2
1833	4	3	1	5	chr3:121545928-122436025 (890kb)	.	EAF2,ENSG00000288868,GOLGB1,IQCB1,POLQ
1835	4	1	3	2	chr3:11719141-12663911 (945kb)	.	ENSG00000290072,RAF1
1846	4	2	2	4	chr3:128650555-129184217 (534kb)	.	ACAD9,ACAD9-DT,CNBP,ENSG00000289469
1861	4	1	3	1	chr3:140941520-141410248 (469kb)	.	SLC25A36
1872	4	2	2	2	chr3:149752160-150409231 (657kb)	.	COMMD2,TSC22D2
1915	4	1	3	1	chr3:32502241-33143025 (641kb)	.	CMTM6
1922	4	3	1	3	chr3:40328009-40525063 (197kb)	.	ENTPD3,ENTPD3-AS1,ZNF621
1940	4	2	2	2	chr3:48188345-48656601 (468kb)	.	CDC25A,ZNF589
1942	4	2	2	3	chr3:48556572-49840174 (1284kb)	.	LAMB2,MST1,RNF123
1944	4	2	2	3	chr3:49553786-50788866 (1235kb)	.	BSN,BSN-DT,DOCK3
1976	4	1	3	1	chr3:9302260-10009281 (707kb)	.	TTLL3
1977	4	1	3	1	chr3:8887522-9946790 (1059kb)	.	PRRT3-AS1
1986	4	2	2	2	chr4:108553363-109560302 (1007kb)	.	MCUB,OSTC
1992	4	2	2	2	chr4:112514900-113465288 (950kb)	.	NEUROG2,NEUROG2-AS1
1995	4	3	1	4	chr4:120647854-121765203 (1117kb)	.	PP12613,PRDM5,QRFPR,SMIM43
1996	4	3	1	3	chr4:121307823-121824158 (516kb)	.	ANXA5,CCNA2,EXOSC9
1997	4	3	1	3	chr4:1248308-1618850 (371kb)	.	CTBP1-DT,ENSG00000244459,MAEA
2000	4	2	2	3	chr4:586874-1347565 (761kb)	.	GAK,PCGF3,TMEM175
2050	4	1	3	1	chr4:6909359-7831559 (922kb)	.	TBC1D14
2055	4	3	1	5	chr4:76147741-77157212 (1009kb)	.	CCNG2,ENSG00000286074,ENSG00000289586,NUP54,SEPTIN11
2057	4	1	3	2	chr4:75573518-76388821 (815kb)	.	ENSG00000289515,STBD1
2108	4	2	2	3	chr5:138008126-138657067 (649kb)	.	CDC23,EGR1,ENSG00000289267
2110	4	2	2	3	chr5:139273720-139766041 (492kb)	.	MATR3,SNHG4,SPATA24
2120	4	2	2	2	chr5:145834899-146422447 (588kb)	.	LARS1,PRELID2
2126	4	3	1	4	chr5:150700483-151239490 (539kb)	.	ANXA6,DCTN4,ENSG00000254298,RBM22
2130	4	2	2	4	chr5:154038637-154858714 (820kb)	.	CNOT8,FAM114A2,FAXDC2,MFAP3
2148	4	1	3	1	chr5:176647058-177371143 (724kb)	.	TSPAN17
2162	4	2	2	2	chr5:337655-785459 (448kb)	.	ENSG00000288930,ZDHHC11B
2189	4	2	2	2	chr5:79107724-79978994 (871kb)	.	HOMER1,TENT2
2192	4	1	3	1	chr5:80068274-81270455 (1202kb)	.	ANKRD34B
2203	4	2	2	3	chr6:107489381-107957795 (468kb)	.	ENSG00000272476,SEC63,SOBP
2208	4	1	3	2	chr6:11044151-11947489 (903kb)	.	ELOVL2,ELOVL2-AS1
2219	4	2	2	1	chr6:118893549-119203728 (310kb)	.	ASF1A
2243	4	1	3	2	chr6:138338475-138773864 (435kb)	.	CCDC28A,CCDC28A-AS1
2277	4	2	2	2	chr6:2320516-3227854 (907kb)	.	ENSG00000272277,SERPINB1
2285	4	2	2	4	chr6:27229752-28225696 (996kb)	.	H2AC17,H2BC17,H3C12,ZSCAN9
2295	4	2	2	2	chr6:33482211-33711869 (230kb)	.	ITPR3,UQCC2
2318	4	2	2	3	chr6:42044329-43229662 (1185kb)	.	CCND3,DNPH1,TAF8
2331	4	1	3	1	chr6:52652108-53652181 (1000kb)	.	ENSG00000288646
2362	4	1	3	1	chr7:100091825-101420865 (1329kb)	.	TRIP6
2365	4	2	2	3	chr7:100247438-101274337 (1027kb)	.	ENSG00000289690,ENSG00000289691,UFSP1
2377	4	1	3	1	chr7:104848478-105554012 (706kb)	.	KMT2E-AS1
2385	4	1	3	1	chr7:116210414-116863364 (653kb)	.	TES
2390	4	1	3	1	chr7:128362015-128821396 (459kb)	.	PRRT4
2393	4	1	3	1	chr7:128893072-129329481 (436kb)	.	TSPAN33
2400	4	3	1	3	chr7:135509634-136381712 (872kb)	.	CNOT4,NUP205,STMP1
2408	4	2	2	3	chr7:148698443-149404738 (706kb)	.	CUL1,ENSG00000273314,ZNF212
2416	4	1	3	2	chr7:151009234-151877785 (869kb)	.	PRKAG2,PRKAG2-AS1
2422	4	2	2	2	chr7:152652382-152898073 (246kb)	.	ACTR3B,ENSG00000289146
2430	4	2	2	3	chr7:2314324-2758590 (444kb)	.	BRAT1,EIF3B,SNX8
2439	4	2	2	2	chr7:27130768-28411269 (1281kb)	.	HIBADH,HOXA4
2447	4	3	1	3	chr7:35036953-35695492 (659kb)	.	DPY19L1,ENSG00000287249,HERPUD2-AS1
2449	4	1	3	2	chr7:35646682-36747010 (1100kb)	.	SEPTIN7,SEPTIN7-DT
2462	4	2	2	3	chr7:5282221-6009340 (727kb)	.	AIMP2,FSCN1,PMS2
2467	4	2	2	2	chr7:55002239-55964665 (962kb)	.	ELDR,ENSG00000231394
2475	4	3	1	3	chr7:65251988-65770832 (519kb)	.	ENSG00000289108,LINC03006,ZNF92
2480	4	2	2	3	chr7:65982502-66493993 (511kb)	.	GUSB,LINC00174,LINC03011
2486	4	1	3	2	chr7:73683378-74658061 (975kb)	.	BUD23,DNAJC30
2512	4	3	1	5	chr8:10839671-11868270 (1029kb)	.	ENSG00000280273,MTMR9,PINX1,PINX1-DT,XKR6
2523	4	1	3	1	chr8:12436634-12754197 (318kb)	.	FAM86B2
2554	4	1	3	1	chr8:42526100-43171307 (645kb)	.	POMK
2559	4	1	3	1	chr8:65721317-66712897 (992kb)	.	SGK3
2565	4	1	3	3	chr8:70402004-70718304 (316kb)	.	ENSG00000285579,LACTB2,XKR9
2586	4	3	1	5	chr9:113220952-113951259 (730kb)	.	CDC26,FKBP15,PRPF4,SLC31A1,WDR31
2592	4	2	2	2	chr9:121686783-123356193 (1669kb)	.	CRB2,ZBTB6
2599	4	1	3	1	chr9:126151751-126861122 (709kb)	.	ZBTB34
2603	4	1	3	1	chr9:127568853-128191698 (623kb)	.	DNM1
2612	4	3	1	3	chr9:129824047-130470499 (646kb)	.	ENSG00000288956,FNBP1,TOR1A
2663	4	3	1	5	chr9:74952265-75088627 (136kb)	.	C9orf40,CARNMT1,CARNMT1-AS1,NMRK1,OSTF1
2671	4	2	2	2	chr9:92884769-93365949 (481kb)	.	FGD3,NINJ1
2685	4	2	2	2	chrX:103310542-103954611 (644kb)	.	BEX2,RAB9B
2686	4	3	1	3	chrX:103585382-104167333 (582kb)	.	FAM199X,MORF4L2,MORF4L2-AS1
2691	4	2	2	2	chrX:107396848-108200051 (803kb)	.	PRPS1,TSC22D3
2693	4	2	2	3	chrX:107737058-108091919 (355kb)	.	ATG4A,NCBP2L,PSMD10
2694	4	1	3	2	chrX:109569956-110450302 (880kb)	.	ACSL4,ENSG00000289365
2717	4	1	3	1	chrX:153928141-154535135 (607kb)	.	MECP2
2720	4	1	3	1	chrX:19382668-19888758 (506kb)	.	MAP3K15
2722	4	1	3	2	chrX:23629715-24150324 (521kb)	.	ZFX,ZFX-AS1
2724	4	1	3	2	chrX:40107526-40985767 (878kb)	.	MED14,MED14OS
2732	4	3	1	4	chrX:47435900-48972670 (1537kb)	.	KCND1,SPACA5,ZNF182,ZNF81
2746	4	1	3	1	chrX:69097332-70133571 (1036kb)	.	IGBP1
2751	4	1	3	1	chrX:73847365-74420451 (573kb)	.	JPX
2752	4	2	2	2	chrX:74293488-75274195 (981kb)	.	FTX,RLIM
2800	4	0	4	0	chr10:42551537-43455993 (904kb)	.	.
2814	4	4	0	3	chr10:70132151-70478945 (347kb)	.	AIFM2,PALD1,TYSND1
2865	4	4	0	4	chr11:107457720-108498535 (1041kb)	.	ALKBH8,CWF19L2,ELMOD1,POGLUT3
2947	4	4	0	4	chr1:153627067-154326470 (699kb)	.	ATP8B2,CREB3L4,S100A1,SLC39A1
2948	4	4	0	4	chr1:153977165-154221042 (244kb)	.	C1orf43,JTB,JTB-DT,UBAP2L
2958	4	4	0	4	chr1:159925481-160401462 (476kb)	.	IGSF9,PIGM,TAGLN2,VANGL2
3019	4	0	4	0	chr11:8262713-8766904 (504kb)	.	.
3057	4	0	4	0	chr1:206557221-207831087 (1274kb)	.	.
3077	4	0	4	0	chr1:211413100-212870895 (1458kb)	.	.
3081	4	0	4	0	chr12:188958-1171949 (983kb)	.	.
3088	4	0	4	0	chr12:122021801-122915343 (894kb)	.	.
3179	4	0	4	0	chr1:244867703-245190820 (323kb)	.	.
3283	4	0	4	0	chr13:66265165-67062110 (797kb)	.	.
3290	4	0	4	0	chr13:69767215-70129824 (363kb)	.	.
3381	4	0	4	0	chr1:45536952-46442584 (906kb)	.	.
3395	4	4	0	5	chr14:74426031-75279111 (853kb)	.	ACYP1,AREL1,FCF1,FOS,SYNDIG1L
3420	4	0	4	0	chr1:53822147-54489054 (667kb)	.	.
3437	4	0	4	0	chr15:57951489-58988206 (1037kb)	.	.
3448	4	0	4	0	chr15:67884491-68888722 (1004kb)	.	.
3458	4	4	0	5	chr15:72319766-72783991 (464kb)	.	ADPGK-AS1,ARIH1,CELF6,ENSG00000273025,TMEM202-AS1
3587	4	0	4	0	chr17:19469393-20284496 (815kb)	.	.
3655	4	4	0	5	chr17:76072424-76969741 (897kb)	.	ENSG00000267568,EXOC7,SRP68,ST6GALNAC2,ZACN
3715	4	0	4	0	chr1:87020797-88165429 (1145kb)	.	.
3765	4	0	4	0	chr19:45615727-46448469 (833kb)	.	.
3799	4	4	0	8	chr19:7629488-8390509 (761kb)	.	CTXN1,ENSG00000268400,ENSG00000269139,PET100,RAB11B,RAB11B-AS1,TRAPPC5,XAB2
3812	4	0	4	0	chr20:3408649-4332011 (923kb)	.	.
3866	4	0	4	0	chr21:31781749-32854524 (1073kb)	.	.
3879	4	0	4	0	chr21:41805825-42692572 (887kb)	.	.
3882	4	0	4	0	chr21:43262411-43827501 (565kb)	.	.
3951	4	4	0	6	chr22:18612351-19479279 (867kb)	.	CDC45,CLTCL1,ENSG00000287146,RIMBP3,SLC25A1,UFD1
3983	4	0	4	0	chr2:231053020-231808075 (755kb)	.	.
3984	4	0	4	0	chr2:231227356-232388140 (1161kb)	.	.
3993	4	0	4	0	chr2:23593287-24084885 (492kb)	.	.
4005	4	4	0	4	chr22:41092444-41947294 (855kb)	.	CENPM,EP300,EP300-AS1,TEF
4013	4	0	4	0	chr22:43385753-44024307 (639kb)	.	.
4106	4	0	4	0	chr3:138916016-139299683 (384kb)	.	.
4124	4	0	4	0	chr3:16336323-16601552 (265kb)	.	.
4163	4	0	4	0	chr3:45156422-45896777 (740kb)	.	.
4172	4	4	0	5	chr3:49007724-49690124 (682kb)	.	GPX1,KLHDC8B,MST1,RNF123,WDR6
4297	4	0	4	0	chr5:122720870-123449047 (728kb)	.	.
4328	4	4	0	6	chr5:149141033-150778711 (1638kb)	.	ABLIM3,ARHGEF37,CSNK1A1,HMGXB3,SMIM3,TIGD6
4355	4	0	4	0	chr5:173597890-174794179 (1196kb)	.	.
4475	4	0	4	0	chr6:149517633-150197878 (680kb)	.	.
4571	4	0	4	0	chr7:102286712-103038077 (751kb)	.	.
4614	4	0	4	0	chr7:1537266-2451717 (914kb)	.	.
4716	4	0	4	0	chr8:37142780-37996572 (854kb)	.	.
4743	4	0	4	0	chr9:99556381-100598923 (1043kb)	.	.
4775	4	0	4	0	chr9:130701132-131755820 (1055kb)	.	.
4792	4	0	4	0	chr9:19517642-20486741 (969kb)	.	.
1	3	2	1	2	chr10:100267241-101354827 (1088kb)	.	BTRC,CWF19L1
5	3	2	1	4	chr10:100535530-101031633 (496kb)	.	MRPL43,PDZD7,SFXN3,TWNK
15	3	2	1	3	chr10:102713694-103662081 (948kb)	.	ARL3,SFXN2,TAF5
17	3	1	2	1	chr10:103053939-103918702 (865kb)	.	STN1
24	3	2	1	2	chr10:113538311-113855293 (317kb)	.	DCLRE1A,NHLRC2
25	3	2	1	2	chr10:114755014-114938494 (183kb)	.	ABLIM1,TRUB1
34	3	1	2	2	chr10:119029320-119602761 (573kb)	.	LINC03036,NANOS1
35	3	1	2	1	chr10:118818399-119165828 (347kb)	.	SFXN4
57	3	1	2	2	chr10:21516175-22469208 (953kb)	.	ENSG00000286881,SKIDA1
59	3	1	2	1	chr10:22553309-23068448 (515kb)	.	PIP4K2A
61	3	2	1	2	chr10:24221588-25175160 (954kb)	.	ARHGAP21,GPR158
66	3	1	2	1	chr10:30784205-31320836 (537kb)	.	ZEB1-AS1
69	3	2	1	2	chr10:34667822-35640834 (973kb)	.	CCNY-AS1,ENSG00000287528
78	3	2	1	3	chr10:5812857-5890292 (77kb)	.	ANKRD16,ENSG00000272764,FBH1
79	3	1	2	1	chr10:5692708-6202021 (509kb)	.	ENSG00000213994
83	3	1	2	1	chr10:67788485-68231910 (443kb)	.	ATOH7
87	3	1	2	1	chr10:68416941-68827610 (411kb)	.	STOX1
93	3	2	1	2	chr10:70382524-70603893 (221kb)	.	EIF4EBP2,LRRC20
97	3	1	2	1	chr10:71376904-71889509 (513kb)	.	ENSG00000289592
105	3	1	2	1	chr10:78552341-79374912 (823kb)	.	ENSG00000282952
109	3	1	2	1	chr10:86366750-86866023 (499kb)	.	GRID1
129	3	1	2	3	chr1:99885416-100167065 (282kb)	.	ENSG00000228084,ENSG00000283761,SLC35A3
135	3	1	2	1	chr1:904649-1157580 (253kb)	.	ENSG00000272438
137	3	2	1	2	chr1:108000579-109466915 (1466kb)	.	FAM102B,SYPL2
149	3	1	2	2	chr11:102346688-103351279 (1005kb)	.	BIRC2,ENSG00000288833
152	3	2	1	3	chr1:110338748-110720835 (382kb)	.	KCNA3,RBM15,RBM15-AS1
153	3	2	1	4	chr11:10408606-10858338 (450kb)	.	IRAG1-AS1,RNF141,ZBED5,ZBED5-AS1
155	3	1	2	2	chr1:778256-1666517 (888kb)	.	ENSG00000291215,LINC01409
159	3	1	2	1	chr11:112024929-112145590 (121kb)	.	DLAT
167	3	2	1	3	chr11:117145056-118145828 (1001kb)	.	FXYD6,FXYD6-FXYD2,PAFAH1B2
169	3	1	2	1	chr11:11841436-11849670 (8kb)	.	USP47
170	3	1	2	1	chr11:118551442-119206491 (655kb)	.	CBL
171	3	1	2	2	chr11:118621232-118997736 (377kb)	.	CENATAC,CENATAC-DT
172	3	1	2	2	chr11:118634790-119067925 (433kb)	.	VPS11,VPS11-DT
174	3	1	2	1	chr11:119334186-120494846 (1161kb)	.	RNF26
175	3	1	2	1	chr11:120300083-120759125 (459kb)	.	TLCD5
176	3	1	2	1	chr11:120325486-120660353 (335kb)	.	TLCD5
177	3	1	2	1	chr11:12066719-12167556 (101kb)	.	ENSG00000254991
180	3	1	2	1	chr11:123016788-123555233 (538kb)	.	GRAMD1B
188	3	1	2	1	chr11:125947347-126536373 (589kb)	.	ENSG00000254833
189	3	1	2	2	chr11:126146792-126480986 (334kb)	.	FAM118B,RPUSD4
190	3	2	1	3	chr1:11262497-11791532 (529kb)	.	FBXO2,FBXO44,MTOR
192	3	1	2	1	chr1:112716315-113115420 (399kb)	.	PPM1J-DT
200	3	1	2	1	chr1:114780279-115469942 (690kb)	.	SIKE1
219	3	2	1	2	chr11:208777-819607 (611kb)	.	PNPLA2,TALDO1
222	3	2	1	2	chr11:318936-926027 (607kb)	.	AP2A2,ENSG00000251661
224	3	1	2	1	chr11:2566888-3379450 (813kb)	.	ZNF195
228	3	1	2	1	chr11:33375830-33793259 (417kb)	.	KIAA1549L
233	3	1	2	1	chr11:36022967-36594865 (572kb)	.	IFTAP
235	3	1	2	1	chr1:143203287-143736226 (533kb)	.	ENSG00000232721
236	3	2	1	2	chr11:43579617-44096004 (516kb)	.	ENSG00000283341,EXT2
237	3	1	2	1	chr1:145093614-145997237 (904kb)	.	TXNIP
247	3	2	1	1	chr11:47153211-47270184 (117kb)	.	MADD
250	3	1	2	1	chr1:147540863-148263977 (723kb)	.	BCL9
253	3	2	1	2	chr11:47426137-47848678 (423kb)	.	NUP160,PSMC3
257	3	1	2	1	chr1:149712770-150221505 (509kb)	.	SF3B4
262	3	2	1	3	chr1:149607842-150689039 (1081kb)	.	CIART,ENSG00000275557,ENSG00000289041
266	3	2	1	2	chr1:150561027-151190337 (629kb)	.	ADAMTSL4-AS1,ENSG00000289457
267	3	1	2	1	chr1:151048551-151852021 (803kb)	.	C1orf56
272	3	2	1	3	chr1:153223103-154406050 (1183kb)	.	IL6R,IL6R-AS1,ILF2
279	3	1	2	2	chr1:154943854-155120452 (177kb)	.	ENSG00000289103,ZBTB7B
286	3	1	2	1	chr11:57499611-57645034 (145kb)	.	SERPING1
293	3	2	1	2	chr1:160796081-161314960 (519kb)	.	LY9,SDHC
294	3	1	2	1	chr1:160193163-161098079 (905kb)	.	KLHDC9
304	3	2	1	2	chr1:161749370-162498092 (749kb)	.	DUSP12,UHMK1
306	3	2	1	2	chr11:62316506-62842578 (526kb)	.	B3GAT3,WDR74
312	3	1	2	1	chr11:62761079-62965898 (205kb)	.	POLR2G
324	3	2	1	2	chr1:166875921-167052292 (176kb)	.	ENSG00000227907,TADA1
325	3	1	2	1	chr11:67239516-67483417 (244kb)	.	ENSG00000256514
327	3	1	2	1	chr1:167442222-167820460 (378kb)	.	ENSG00000232194
328	3	1	2	1	chr11:67151192-67469557 (318kb)	.	TMEM134
334	3	2	1	2	chr11:68213607-68998542 (785kb)	.	GAL,KMT5B
335	3	1	2	2	chr1:168603510-169809880 (1206kb)	.	ENSG00000213062,SLC19A2
338	3	2	1	3	chr11:69817787-70270770 (453kb)	.	ENSG00000260348,ENSG00000289074,PPFIA1
340	3	1	2	1	chr1:171404175-172467162 (1063kb)	.	VAMP4
357	3	1	2	2	chr11:76235763-76446108 (210kb)	.	EMSY,EMSY-DT
360	3	2	1	4	chr11:77383982-77821277 (437kb)	.	AAMDC,ENSG00000268635,PAK1,RSF1
361	3	2	1	2	chr11:77589778-77980735 (391kb)	.	AQP11,CLNS1A
365	3	1	2	2	chr1:178725794-178985545 (260kb)	.	RALGPS2,RALGPS2-AS1
367	3	1	2	1	chr1:180154417-180875388 (721kb)	.	QSOX1
370	3	1	2	1	chr1:182656699-183024329 (368kb)	.	LAMC1
372	3	1	2	1	chr1:182789630-182962811 (173kb)	.	NPL
373	3	2	1	4	chr11:82901283-83193845 (293kb)	.	ANKRD42,ANKRD42-DT,RAB30,RAB30-DT
375	3	1	2	1	chr1:183623363-184295795 (672kb)	.	TSEN15
384	3	2	1	3	chr1:18956256-19252511 (296kb)	.	EMC1,IFFO2,MRTO4
386	3	1	2	2	chr1:192820970-193408706 (588kb)	.	RO60,UCHL5
389	3	2	1	2	chr1:19485147-19882937 (398kb)	.	CAPZB,OTUD3
394	3	1	2	2	chr1:200123152-201119490 (996kb)	.	DDX59,DDX59-AS1
406	3	1	2	1	chr1:205529038-205631277 (102kb)	.	ELK4
408	3	1	2	1	chr1:20633871-21818985 (1185kb)	.	PINK1
409	3	1	2	2	chr1:206479589-206635878 (156kb)	.	DYRK3,DYRK3-AS1
420	3	1	2	1	chr12:108562302-108823175 (261kb)	.	ISCU
424	3	1	2	1	chr12:109154506-110450529 (1296kb)	.	ARPC3
425	3	2	1	2	chr12:109833130-109999617 (166kb)	.	ANKRD13A,TRPV4
428	3	1	2	1	chr12:110613731-111490557 (877kb)	.	TCTN1
429	3	1	2	1	chr12:111034580-111665066 (630kb)	.	CUX2
430	3	2	1	3	chr12:111548914-112108890 (560kb)	.	ERP29,NAA25,TMEM116
437	3	2	1	2	chr1:21149582-21509379 (360kb)	.	ALPL,NBPF3
440	3	1	2	1	chr12:116122714-116359260 (237kb)	.	ENSG00000286354
443	3	2	1	2	chr12:116624680-117190662 (566kb)	.	ENSG00000257654,FBXO21
459	3	1	2	1	chr12:123712150-124321212 (609kb)	.	ATP6V0A2
465	3	2	1	2	chr12:12725145-13278692 (554kb)	.	APOLD1,ENSG00000286869
466	3	2	1	3	chr1:212857535-213505846 (648kb)	.	FLVCR1,FLVCR1-DT,RPS6KC1
467	3	1	2	2	chr12:131837762-132560510 (723kb)	.	ENSG00000256312,LINC02361
468	3	1	2	2	chr12:131865177-132241635 (376kb)	.	ENSG00000255992,PUS1
481	3	1	2	1	chr1:220026688-220300751 (274kb)	.	BPNT1
499	3	2	1	3	chr12:26126532-26938584 (812kb)	.	ENSG00000256894,FGFR1OP2,INTS13
502	3	1	2	1	chr1:226547823-227762764 (1215kb)	.	STUM
509	3	1	2	1	chr1:228031029-228459458 (428kb)	.	ARF1
525	3	1	2	1	chr1:232486295-233023441 (537kb)	.	NTPCR
527	3	2	1	3	chr1:233635916-234374028 (738kb)	.	COA6,COA6-AS1,ENSG00000233332
533	3	1	2	1	chr1:234544052-234684470 (140kb)	.	IRF2BP2
543	3	1	2	2	chr1:240554285-241357420 (803kb)	.	ENSG00000286496,RGS7
552	3	2	1	3	chr12:45729260-46371628 (642kb)	.	ARID2,ENSG00000289229,SLC38A2-AS1
558	3	2	1	3	chr12:48105728-48936652 (831kb)	.	KANSL2,PFKM,SENP1
566	3	2	1	2	chr12:50987070-51239330 (252kb)	.	DAZAP2,TFCP2
569	3	1	2	1	chr12:51894995-52080163 (185kb)	.	SMIM41
575	3	2	1	3	chr1:25338051-25998461 (660kb)	.	PAFAH2,RSRP1,TMEM50A
576	3	2	1	4	chr12:53500636-54166846 (666kb)	.	ATF7,ATF7-NPFF,ENSG00000270175,TARBP2
583	3	1	2	2	chr12:55632112-55817453 (185kb)	.	ORMDL2,SARNP
590	3	1	2	2	chr12:55764492-56488752 (724kb)	.	ENSG00000285528,GLS2
602	3	1	2	2	chr12:6533950-6938276 (404kb)	.	GAPDH,GAPDH-DT
616	3	2	1	2	chr1:27631923-28370571 (739kb)	.	PHACTR4,RPA2
618	3	1	2	2	chr12:76559414-76938933 (380kb)	.	ENSG00000257526,OSBPL8
626	3	1	2	1	chr1:28437421-28887288 (450kb)	.	EPB41
633	3	1	2	2	chr12:93886397-94460318 (574kb)	.	CEP83,CEP83-DT
636	3	1	2	2	chr12:95548264-96036118 (488kb)	.	AMDHD1,CCDC38
638	3	2	1	2	chr12:98515169-99437714 (923kb)	.	TMPO,TMPO-AS1
645	3	1	2	1	chr13:110870049-111239172 (369kb)	.	PRECSIT
651	3	2	1	3	chr13:19633343-19958318 (325kb)	.	ENSG00000289235,MPHOSPH8,ZMYM2
654	3	2	1	3	chr13:21113696-21459572 (346kb)	.	MRPL57,SKA3,ZDHHC20
663	3	1	2	1	chr1:32871078-32998786 (128kb)	.	RNF19B
674	3	1	2	1	chr13:41310965-41911263 (600kb)	.	NAA16
682	3	1	2	1	chr13:48975648-49680155 (705kb)	.	FNDC3A
683	3	2	1	3	chr1:3491350-3901524 (410kb)	.	CEP104,DFFB,LINC01134
684	3	2	1	4	chr13:49247761-50125187 (877kb)	.	CDADC1,DLEU2,ENSG00000274270,ENSG00000288743
689	3	1	2	1	chr1:35079173-35807786 (729kb)	.	AGO4
699	3	1	2	1	chr13:60163537-60518367 (355kb)	.	DIAPH3
701	3	1	2	1	chr13:77919489-78978639 (1059kb)	.	OBI1-AS1
703	3	1	2	2	chr13:79393808-79508905 (115kb)	.	RBM26,RBM26-AS1
712	3	1	2	1	chr1:38532769-39640072 (1107kb)	.	HEYL
715	3	1	2	1	chr13:94712757-95192280 (480kb)	.	SOX21
721	3	1	2	1	chr13:98142883-98742229 (599kb)	.	FARP1
726	3	2	1	3	chr1:39690952-40708992 (1018kb)	.	HPCAL4,PPIE,RLF
728	3	2	1	3	chr1:40315251-40980143 (665kb)	.	CTPS1,ENSG00000284677,ZFP69B
733	3	1	2	2	chr14:102510901-103333600 (823kb)	.	EIF5,ENSG00000291313
735	3	1	2	2	chr14:102086851-103057863 (971kb)	.	CDC42BPB,ENSG00000289207
745	3	1	2	1	chr14:20681923-21071834 (390kb)	.	NDRG2
749	3	1	2	2	chr14:22598153-23478548 (880kb)	.	ABHD4,ENSG00000275552
751	3	2	1	2	chr14:22886855-22930695 (44kb)	.	PRMT5,PRMT5-DT
754	3	2	1	4	chr14:23057549-24443039 (1385kb)	.	CDH24,ENSG00000258744,ENSG00000288795,SDR39U1
758	3	1	2	1	chr14:24135721-24679200 (543kb)	.	PSME1
767	3	2	1	3	chr1:43358214-43970238 (612kb)	.	CDC20,CDC20-DT,DPH2
771	3	1	2	1	chr1:44029767-44862088 (832kb)	.	ENSG00000230615
772	3	1	2	2	chr1:44484470-44775577 (291kb)	.	ENSG00000225721,RPS8
777	3	1	2	1	chr14:49852963-50326929 (474kb)	.	NEMF
783	3	2	1	2	chr14:52133269-52707798 (575kb)	.	ENSG00000258757,PSMC6
784	3	1	2	1	chr14:52547172-53306422 (759kb)	.	ERO1A
788	3	1	2	1	chr14:54805893-55021759 (216kb)	.	GCH1
789	3	1	2	1	chr14:54826914-55411982 (585kb)	.	ATG14
796	3	1	2	1	chr1:45849740-46576123 (726kb)	.	NSUN4
799	3	1	2	2	chr14:59454563-60250210 (796kb)	.	ENSG00000261120,LRRC9
802	3	1	2	2	chr1:46223576-46332326 (109kb)	.	LRRC41,UQCRH
804	3	1	2	2	chr14:63543058-64183944 (641kb)	.	ENSG00000261242,PPP2R5E
810	3	2	1	2	chr14:68631874-69191643 (560kb)	.	DCAF5,EXD2
823	3	1	2	2	chr14:74718749-75259365 (541kb)	.	ENSG00000258820,ENSG00000289340
827	3	1	2	1	chr14:75512369-75661748 (149kb)	.	ERG28
828	3	1	2	2	chr14:76784864-77320697 (536kb)	.	GSTZ1,POMT2
830	3	1	2	1	chr14:76961851-77226208 (264kb)	.	ENSG00000269883
836	3	2	1	2	chr14:90060995-91173382 (1112kb)	.	KCNK13,LINC02321
840	3	2	1	3	chr14:95364295-95535111 (171kb)	.	ENSG00000258572,SNHG10,SYNE3
848	3	1	2	1	chr15:101479155-101967819 (489kb)	.	FAM138E
850	3	1	2	2	chr1:51671831-52211068 (539kb)	.	BTF3L4,TXNDC12
851	3	1	2	1	chr1:51878042-52739221 (861kb)	.	NRDC
854	3	2	1	3	chr1:52697870-53221181 (523kb)	.	COA7,CZIB,CZIB-DT
855	3	2	1	2	chr1:53028825-53838808 (810kb)	.	CPT2,NDC1
862	3	1	2	1	chr15:40859270-41333215 (474kb)	.	OIP5
863	3	1	2	1	chr15:40953229-41402627 (449kb)	.	CHAC1
865	3	1	2	2	chr15:41143475-42491106 (1348kb)	.	SNAP23,ZNF106
869	3	1	2	1	chr15:42392516-42921319 (529kb)	.	TTBK2
871	3	1	2	1	chr15:42641619-43792372 (1151kb)	.	UBR1
878	3	2	1	4	chr15:59313818-59689207 (375kb)	.	BNIP2,ENSG00000259238,FAM81A,MYO1E
880	3	1	2	1	chr1:56258157-57147525 (889kb)	.	PRKAA2
890	3	1	2	2	chr1:56584970-57111535 (527kb)	.	PLPP3,PRKAA2
894	3	2	1	4	chr15:67383294-68277460 (894kb)	.	C15orf61,ENSG00000260657,FEM1B,IQCH-AS1
895	3	1	2	2	chr15:67840012-68776999 (937kb)	.	ENSG00000260657,FEM1B
898	3	1	2	2	chr15:68304625-69414860 (1110kb)	.	KIF23,KIF23-AS1
912	3	1	2	1	chr15:74857075-75348165 (491kb)	.	ENSG00000275645
914	3	2	1	3	chr1:5752870-6393918 (641kb)	.	ACOT7,ENSG00000271746,NPHP4
916	3	1	2	2	chr15:76059691-76916695 (857kb)	.	NRG4,TMEM266
917	3	1	2	1	chr15:76931260-77290679 (359kb)	.	RCN2
920	3	1	2	2	chr15:77724881-78076968 (352kb)	.	SH2D7,TBC1D2B
926	3	1	2	2	chr15:82068325-82698375 (630kb)	.	EFL1,SAXO2
933	3	2	1	3	chr15:84570471-85204593 (634kb)	.	LINC00933,NMB,UBE2Q2P1
934	3	1	2	1	chr15:84585700-84915455 (330kb)	.	ENSG00000286505
939	3	1	2	1	chr15:88309233-89411828 (1103kb)	.	MFGE8
940	3	2	1	3	chr15:88546286-89400248 (854kb)	.	DET1,ENSG00000173867,ENSG00000289128
950	3	1	2	1	chr15:96171110-96554577 (383kb)	.	ENSG00000259359
953	3	2	1	2	chr15:98727557-99565737 (838kb)	.	LUNAR1,MEF2A
956	3	1	2	1	chr15:98805824-99105101 (299kb)	.	SYNM-AS1
958	3	1	2	1	chr1:6034539-6701669 (667kb)	.	DNAJC11
959	3	2	1	2	chr1:60858469-61725688 (867kb)	.	NFIA-AS2,TM2D1
967	3	2	1	2	chr16:11532278-11916310 (384kb)	.	GSPT1,TXNDC11
969	3	1	2	2	chr1:6148714-6614287 (466kb)	.	KLHL21,PHF13
973	3	2	1	2	chr16:20741319-20806616 (65kb)	.	REXO5,THUMPD1
974	3	1	2	2	chr16:21158512-21960633 (802kb)	.	DNAH3,LDAF1
982	3	1	2	2	chr1:62687719-63390624 (703kb)	.	DOCK7,DOCK7-DT
984	3	2	1	4	chr16:2777542-3192108 (415kb)	.	ELOB,ENSG00000274367,ENSG00000276791,PKMYT1
986	3	2	1	3	chr16:28538868-28824189 (285kb)	.	ATXN2L,ENSG00000275807,NUPR1
990	3	2	1	2	chr16:29115040-29790891 (676kb)	.	ENSG00000291188,KIF22
994	3	2	1	3	chr16:3024192-3485004 (461kb)	.	HCFC1R1,THOC6,ZSCAN10
1002	3	1	2	1	chr1:63522817-64343847 (821kb)	.	EFCAB7
1009	3	1	2	1	chr16:46399989-47038324 (638kb)	.	MYLK3
1018	3	2	1	4	chr16:49282234-50066522 (784kb)	.	CBLN1,ENSG00000279249,HEATR3,HEATR3-AS1
1021	3	1	2	1	chr1:65066103-66032837 (967kb)	.	PDE4B
1023	3	1	2	2	chr16:53528073-54687299 (1159kb)	.	ENSG00000283689,IRX3
1031	3	1	2	1	chr16:57535915-58371765 (836kb)	.	CCDC102A
1033	3	2	1	3	chr16:352596-929343 (577kb)	.	AXIN1,MCRIP2,METTL26
1042	3	1	2	2	chr16:67992947-68328923 (336kb)	.	ENSG00000261469,ESRP2
1047	3	2	1	4	chr16:70165154-70347123 (182kb)	.	AARS1,DDX19A,DDX19A-DT,DDX19B
1048	3	1	2	1	chr1:6701785-7208156 (506kb)	.	DNAJC11
1051	3	1	2	1	chr16:71611071-71884748 (274kb)	.	ENSG00000261513
1052	3	2	1	2	chr16:71786464-72008909 (222kb)	.	DHODH,ZNF821
1054	3	1	2	1	chr16:74487991-75446034 (958kb)	.	GLG1
1057	3	1	2	1	chr1:67685508-68156214 (471kb)	.	GADD45A
1058	3	1	2	1	chr16:83899259-83957046 (58kb)	.	MLYCD
1062	3	1	2	1	chr16:86510270-86906896 (397kb)	.	FOXF1
1063	3	1	2	1	chr16:87077330-87561260 (484kb)	.	FBXO31
1064	3	2	1	2	chr16:87383399-87869702 (486kb)	.	MAP1LC3B,SLC7A5
1090	3	2	1	4	chr17:28276368-28916580 (640kb)	.	ENSG00000258924,ENSG00000260777,POLDIP2,TMEM199
1097	3	1	2	2	chr17:29591020-30847065 (1256kb)	.	ENSG00000265394,hsa-mir-423
1098	3	1	2	1	chr17:30555549-30824925 (269kb)	.	CRLF3
1100	3	1	2	2	chr17:30697905-31016110 (318kb)	.	ADAP2,TEFM
1101	3	2	1	3	chr17:30708367-31095454 (387kb)	.	ENSG00000290928,MIR4733HG,NF1
1108	3	2	1	5	chr17:3636113-4498926 (863kb)	.	CTNS,ENSG00000262304,SHPK,SPNS2,SPNS2-AS1
1125	3	1	2	1	chr17:41561682-42205237 (644kb)	.	GHDC
1129	3	1	2	1	chr17:43222148-44014515 (792kb)	.	LINC01976
1143	3	2	1	3	chr17:47159300-47840896 (682kb)	.	ENSG00000259753,ITGB3,SCRN2
1146	3	2	1	4	chr17:47831204-48026756 (196kb)	.	LRRC46,MRPL10,SP2,SP2-DT
1157	3	2	1	2	chr17:49996674-50346479 (350kb)	.	ENSG00000248172,XYLT2
1159	3	1	2	1	chr17:50076359-50909925 (834kb)	.	ENSG00000262006
1164	3	1	2	2	chr17:56793935-57256712 (463kb)	.	ENSG00000286732,MSI2
1166	3	1	2	2	chr17:57424819-58113308 (688kb)	.	CUEDC1,ENSG00000278642
1171	3	2	1	2	chr17:58352619-58659601 (307kb)	.	ENSG00000290039,SUPT4H1
1172	3	2	1	4	chr17:59165907-59965260 (799kb)	.	CLTC,ENSG00000273702,RNFT1,RNFT1-DT
1173	3	1	2	1	chr17:59220342-60373171 (1153kb)	.	GDPD1
1174	3	2	1	2	chr17:59220902-59565711 (345kb)	.	DHX40,GDPD1
1179	3	2	1	3	chr17:61399612-61928391 (529kb)	.	ENSG00000267131,INTS2,TBX2
1184	3	1	2	1	chr1:7646387-8482311 (836kb)	.	PER3
1192	3	2	1	5	chr17:7296472-8384062 (1088kb)	.	ENSG00000233223,ENSG00000263809,ENSG00000288750,MPDU1,RPL26
1194	3	1	2	1	chr17:7394283-8249315 (855kb)	.	PLSCR3
1201	3	1	2	1	chr17:7560484-8139194 (579kb)	.	ENSG00000264772
1203	3	2	1	2	chr17:76072903-76791619 (719kb)	.	SRP68,UBALD2
1209	3	1	2	1	chr17:77528680-78238673 (710kb)	.	BIRC5
1217	3	2	1	3	chr17:78360199-79120461 (760kb)	.	CYTH1,SOCS3,SOCS3-DT
1219	3	1	2	1	chr1:77949070-78885303 (936kb)	.	ENSG00000273338
1223	3	2	1	2	chr17:79839410-80474937 (636kb)	.	CBX4,ENSG00000290024
1228	3	1	2	3	chr17:81703238-82030728 (327kb)	.	ENSG00000262049,ENSG00000262660,MRPL12
1230	3	1	2	2	chr17:81926325-82273542 (347kb)	.	CSNK1D,ENSG00000287737
1233	3	2	1	2	chr18:9914354-10526338 (612kb)	.	NAPG,VAPA
1243	3	2	1	1	chr18:25743736-26226844 (483kb)	.	TAF4B
1244	3	1	2	1	chr18:26511252-26981679 (470kb)	.	KCTD1
1250	3	2	1	3	chr18:33570225-34494066 (924kb)	.	ASXL3,ASXL3-DT,DTNA
1255	3	1	2	1	chr18:35526825-36462753 (936kb)	.	RPRD1A
1256	3	2	1	4	chr18:35628221-36298424 (670kb)	.	ELP2,ENSG00000288917,FHOD3,SLC39A6
1259	3	1	2	2	chr18:36186750-36440747 (254kb)	.	COSMOC,MOCOS
1260	3	1	2	2	chr1:83692984-84078210 (385kb)	.	PRKACB,PRKACB-DT
1273	3	2	1	2	chr18:62522801-63342875 (820kb)	.	PHLPP1,ZCCHC2
1278	3	2	1	2	chr18:9137250-9708625 (571kb)	.	NDUFV2-AS1,RAB31
1292	3	2	1	2	chr19:10543623-11695399 (1152kb)	.	ATG4D,ENSG00000289985
1299	3	1	2	1	chr19:12140270-12828708 (688kb)	.	ZNF20
1306	3	2	1	3	chr19:13632940-13952919 (320kb)	.	CACNA1A,DCAF15,PODNL1
1311	3	1	2	1	chr19:15508317-16110927 (603kb)	.	CYP4F22
1312	3	2	1	2	chr19:16076161-16587840 (512kb)	.	ENSG00000269578,RAB8A
1321	3	2	1	2	chr19:17282630-18168431 (886kb)	.	RPL18A,USHBP1
1323	3	1	2	2	chr19:18655454-18919807 (264kb)	.	COPE,DDX49
1324	3	1	2	1	chr19:19105615-19355958 (250kb)	.	ENSG00000288837
1329	3	2	1	2	chr19:2427097-2543908 (117kb)	.	GADD45B,TIMM13
1336	3	1	2	1	chr1:9196303-9722035 (526kb)	.	SPSB1
1342	3	2	1	3	chr19:32971870-33311071 (339kb)	.	CEP89,FAAP24,SLC7A10
1346	3	2	1	3	chr19:34733770-35399742 (666kb)	.	ENSG00000274104,LINC01531,ZNF181
1350	3	1	2	1	chr19:35090350-35912269 (822kb)	.	ENSG00000179066
1373	3	1	2	1	chr19:40598137-41354230 (756kb)	.	TGFB1
1374	3	2	1	3	chr19:41397261-42034991 (638kb)	.	BCKDHA,CEACAM7,EXOSC5
1377	3	1	2	1	chr19:41866288-42231163 (365kb)	.	RABAC1
1378	3	1	2	1	chr19:41957839-42284431 (327kb)	.	RABAC1
1380	3	2	1	3	chr1:93846263-94884258 (1038kb)	.	ARHGAP29-AS1,BCAR3,ENSG00000260464
1388	3	2	1	2	chr19:46058349-46850467 (792kb)	.	AP2S1,CCDC8
1390	3	2	1	3	chr19:46077577-47113870 (1036kb)	.	IGFL4,SAE1,ZC3H4
1394	3	1	2	1	chr19:4576097-5341228 (765kb)	.	PTPRS
1403	3	2	1	2	chr19:51594286-51704449 (110kb)	.	LINC01530,SPACA6
1404	3	2	1	4	chr19:52570065-52963169 (393kb)	.	ZNF816,ZNF816-ZNF321P,ZNF888,ZNF888-AS1
1405	3	1	2	1	chr19:52942002-53942692 (1001kb)	.	ZNF160
1416	3	2	1	4	chr19:58279137-58581520 (302kb)	.	CHMP2A,ZNF8,ZNF8-DT,ZNF8-ERVK3-1
1419	3	2	1	3	chr19:7068975-7870948 (802kb)	.	ENSG00000268120,MBD3L3,ZNF557
1426	3	1	2	1	chr19:7315458-7869103 (554kb)	.	EVI5L
1429	3	1	2	1	chr20:728419-1283850 (555kb)	.	ENSG00000286787
1434	3	2	1	2	chr20:2038806-3046171 (1007kb)	.	MRPS26,ZNF343
1436	3	1	2	2	chr20:21303495-21694470 (391kb)	.	ENSG00000275457,XRN2
1443	3	1	2	2	chr20:31596189-31870361 (274kb)	.	DUSP15,TTLL9
1446	3	1	2	1	chr20:324344-408437 (84kb)	.	RBCK1
1449	3	1	2	1	chr20:32536186-33686726 (1151kb)	.	E2F1
1457	3	2	1	2	chr20:34516024-35394968 (879kb)	.	DYNLRB1,NCOA6
1461	3	2	1	3	chr20:36050927-36991659 (941kb)	.	ENSG00000234139,NORAD,RAB5IF
1464	3	1	2	1	chr20:37166454-37969508 (803kb)	.	CTNNBL1
1469	3	2	1	2	chr20:38356373-38926629 (570kb)	.	ACTR5,FAM83D
1472	3	1	2	1	chr20:41340634-42149987 (809kb)	.	LPIN3
1476	3	2	1	3	chr20:43457452-43667353 (210kb)	.	ENSG00000288000,MYBL2,SRSF6
1478	3	2	1	1	chr20:44531379-45437178 (906kb)	.	PKIG
1485	3	1	2	2	chr20:49771337-50981687 (1210kb)	.	PEDS1,PEDS1-UBE2V1
1487	3	1	2	1	chr20:49982723-50818630 (836kb)	.	SNAI1
1500	3	1	2	2	chr20:62121557-62875713 (754kb)	.	ENSG00000289236,LSM14B
1502	3	1	2	1	chr20:62238697-62926674 (688kb)	.	ADRM1
1505	3	1	2	1	chr20:62921323-63741290 (820kb)	.	LINC01749
1507	3	1	2	1	chr20:63134447-64286316 (1152kb)	.	PRPF6
1510	3	2	1	2	chr2:9630271-10044281 (414kb)	.	KLF11,YWHAQ
1521	3	2	1	2	chr2:111897826-112764942 (867kb)	.	CKAP2L,MERTK
1522	3	1	2	1	chr2:112541814-113070378 (529kb)	.	POLR1B
1529	3	1	2	1	chr2:126657508-127370404 (713kb)	.	CYP27C1
1531	3	1	2	2	chr2:126887266-127886267 (999kb)	.	AMMECR1L,ENSG00000272667
1533	3	2	1	1	chr2:127857426-128322072 (465kb)	.	POLR2D
1535	3	1	2	2	chr21:29024499-29435097 (411kb)	.	ENSG00000273254,USP16
1542	3	1	2	2	chr21:32458639-32840544 (382kb)	.	CFAP298,CFAP298-TCP10L
1543	3	1	2	1	chr21:32641183-33677281 (1036kb)	.	OLIG2
1552	3	2	1	2	chr21:38743580-39446128 (703kb)	.	LCA5L,SH3BGR
1554	3	2	1	3	chr21:42009795-42989040 (979kb)	.	PKNOX1,ZBTB21,ZNF295-AS1
1561	3	2	1	3	chr21:45287388-45590810 (303kb)	.	LINC00205,LINC01694,POFUT2
1572	3	1	2	1	chr2:160224118-160993993 (770kb)	.	RBMS1
1573	3	2	1	2	chr2:168247365-169362260 (1115kb)	.	LRP2,STK39
1576	3	1	2	1	chr2:169570707-169967031 (396kb)	.	PPIG
1577	3	2	1	4	chr2:169694345-169827818 (133kb)	.	CFAP210,KLHL23,PHOSPHO2,UBR3
1580	3	2	1	3	chr2:171687198-172952039 (1265kb)	.	DYNC1I2,METAP1D,SLC25A12
1584	3	1	2	1	chr2:175145421-175367035 (222kb)	.	ATP5MC3
1590	3	1	2	2	chr2:176188392-176455368 (267kb)	.	HAGLR,HOXD1
1598	3	1	2	1	chr2:201451862-201912215 (460kb)	.	TRAK2
1600	3	1	2	1	chr2:202109729-202831712 (722kb)	.	SUMO1
1601	3	1	2	1	chr2:201872721-202238819 (366kb)	.	SUMO1
1607	3	1	2	2	chr2:206265277-206765845 (501kb)	.	FASTKD2,MDH1B
1617	3	2	1	3	chr22:17609785-18024917 (415kb)	.	ATP6V1E1,BCL2L13,MICAL3
1619	3	1	2	1	chr2:217943999-218358732 (415kb)	.	CATIP-AS2
1620	3	2	1	3	chr2:218068888-218711394 (643kb)	.	AAMP,PNKD,TTLL4
1621	3	1	2	1	chr22:18528572-19146572 (618kb)	.	TMEM191B
1623	3	2	1	3	chr2:218568018-219201050 (633kb)	.	CNOT9,ENSG00000287529,USP37
1626	3	2	1	2	chr2:218959373-219388635 (429kb)	.	CDK5R2,DNPEP-AS1
1643	3	1	2	2	chr2:222291250-222925334 (634kb)	.	CCDC140,PAX3
1647	3	2	1	4	chr22:24554874-24953013 (398kb)	.	ENSG00000286070,GUCD1,KIAA1671,SNRPD3
1657	3	2	1	3	chr22:29120142-29603941 (484kb)	.	EWSR1,NF2,RHBDD3
1671	3	1	2	1	chr2:231674697-232193013 (518kb)	.	NPPC
1676	3	1	2	1	chr22:35231054-35381367 (150kb)	.	HMOX1
1680	3	1	2	1	chr22:36123898-36455411 (332kb)	.	ENSG00000228719
1688	3	2	1	2	chr22:37166635-38202962 (1036kb)	.	CDC42EP1,ENSG00000235237
1696	3	1	2	1	chr22:39145236-39754880 (610kb)	.	RPL3
1699	3	2	1	3	chr2:240052974-240586790 (534kb)	.	CAPN10,CAPN10-DT,OR6B3
1700	3	1	2	1	chr2:240116022-240693754 (578kb)	.	DUSP28
1701	3	1	2	2	chr22:40196844-40346961 (150kb)	.	ADSL,ENSG00000284431
1702	3	1	2	1	chr2:240501027-241412363 (911kb)	.	SNED1
1704	3	1	2	1	chr2:241355227-241702926 (348kb)	.	FARP2
1705	3	1	2	1	chr22:41517846-42444678 (927kb)	.	POLR3H
1711	3	2	1	2	chr22:43231083-43955468 (724kb)	.	ENSG00000234892,SAMM50
1713	3	1	2	1	chr22:45096343-46014072 (918kb)	.	ENSG00000273145
1717	3	1	2	2	chr22:50600462-50808077 (208kb)	.	CHKB,MAPK8IP2
1722	3	1	2	1	chr2:26785691-27453551 (668kb)	.	ATRAID
1728	3	1	2	2	chr2:32039490-32258390 (219kb)	.	DPY30,ENSG00000288937
1732	3	1	2	1	chr2:42360952-42990018 (629kb)	.	COX7A2L
1738	3	1	2	1	chr2:45117521-45611459 (494kb)	.	SRBD1
1742	3	2	1	2	chr2:46543208-47323404 (780kb)	.	ATP6V1E2,MCFD2
1754	3	2	1	4	chr2:61144775-61847784 (703kb)	.	C2orf74,C2orf74-DT,USP34,USP34-DT
1764	3	2	1	3	chr2:65056072-65432822 (377kb)	.	CEP68,LINC02245,SPRED2
1765	3	1	2	1	chr2:65435763-65760419 (325kb)	.	LINC02934
1769	3	1	2	1	chr2:69178108-69643355 (465kb)	.	NFU1
1772	3	2	1	2	chr2:70087349-70768555 (681kb)	.	ADD2,PCBP1
1784	3	1	2	1	chr2:73976897-74958742 (982kb)	.	POLE4
1789	3	1	2	2	chr2:84970598-85285929 (315kb)	.	ENSG00000290085,KCMF1
1792	3	1	2	2	chr2:85615962-86273118 (657kb)	.	ENSG00000273080,IMMT
1794	3	2	1	3	chr2:8681697-9556295 (875kb)	.	ADAM17,ENSG00000271855,ID2-AS1
1801	3	1	2	2	chr2:95574745-96858379 (1284kb)	.	ANKRD23,ANKRD39
1817	3	1	2	1	chr3:107522602-108477845 (955kb)	.	BBX
1822	3	1	2	2	chr3:112676889-113019897 (343kb)	.	NEPRO,NEPRO-AS1
1832	3	2	1	4	chr3:121513857-122416571 (903kb)	.	FAM162A,MIX23,WDR5B,WDR5B-DT
1834	3	1	2	1	chr3:122793783-123642618 (849kb)	.	HSPBAP1
1843	3	1	2	2	chr3:127597995-128601363 (1003kb)	.	MCM2,TPRA1
1844	3	1	2	2	chr3:128051360-128426857 (375kb)	.	MGLL,SEC61A1
1849	3	2	1	3	chr3:129278439-129535327 (257kb)	.	ENSG00000286729,HMCES,MBD4
1851	3	1	2	1	chr3:132376698-132473914 (97kb)	.	DNAJC13
1857	3	2	1	2	chr3:138073215-138188180 (115kb)	.	ARMC8,DBR1
1863	3	2	1	3	chr3:141352735-142447648 (1095kb)	.	ENSG00000285558,RNF7,XRN1
1865	3	1	2	1	chr3:141487237-142126475 (639kb)	.	RASA2
1866	3	1	2	1	chr3:141659778-142999658 (1340kb)	.	GK5
1869	3	2	1	1	chr3:143644389-143972615 (328kb)	.	DIPK2A
1871	3	1	2	1	chr3:14548173-15378495 (830kb)	.	ENSG00000285969
1884	3	1	2	2	chr3:160539952-161221682 (682kb)	.	PPM1L,PPM1L-DT
1886	3	1	2	1	chr3:169146487-169987367 (841kb)	.	TERC
1889	3	1	2	1	chr3:170285940-171460947 (1175kb)	.	TNIK
1892	3	1	2	1	chr3:182814884-183698138 (883kb)	.	YEATS2
1898	3	2	1	4	chr3:184174611-184620291 (446kb)	.	ALG3,AP2M1,EEF1AKMT4,EEF1AKMT4-ECE2
1902	3	1	2	1	chr3:194314933-195351601 (1037kb)	.	LINC01972
1907	3	2	1	3	chr3:197664930-198046239 (381kb)	.	ENSG00000236833,ENSG00000287286,RPL35A
1910	3	2	1	1	chr3:25515290-25665246 (150kb)	.	TOP2B
1911	3	1	2	1	chr3:27357787-27960377 (603kb)	.	SLC4A7
1912	3	1	2	2	chr3:27369062-27728837 (360kb)	.	ENSG00000287348,NEK10
1924	3	1	2	1	chr3:42547560-43566439 (1019kb)	.	SNRK
1925	3	2	1	5	chr3:42581865-42804705 (223kb)	.	ACKR2,ENSG00000280571,ENSG00000289558,HIGD1A,SS18L2
1934	3	1	2	2	chr3:46845388-47704000 (859kb)	.	KIF9-AS1,SETD2
1938	3	1	2	1	chr3:47645149-47789405 (144kb)	.	SMARCC1
1949	3	1	2	1	chr3:51551160-52428785 (878kb)	.	POC1A
1966	3	1	2	2	chr3:63863232-64149249 (286kb)	.	ATXN7,THOC7
1975	3	2	1	2	chr3:9134697-10115969 (981kb)	.	BRK1,CRELD1
1998	3	1	2	1	chr4:127781726-127997759 (216kb)	.	HSPA4L
2003	3	1	2	2	chr4:139176426-140290672 (1114kb)	.	ELF2,ENSG00000288785
2006	3	1	2	1	chr4:139651709-140427859 (776kb)	.	CLGN
2010	3	1	2	1	chr4:150571841-151363012 (791kb)	.	LRBA
2011	3	1	2	2	chr4:151408635-151730403 (322kb)	.	FHIP1A,FHIP1A-DT
2012	3	2	1	3	chr4:152535635-153489002 (953kb)	.	FBXW7,MIR4453HG,MND1
2013	3	1	2	1	chr4:152199454-152666201 (467kb)	.	ENSG00000248571
2014	3	1	2	1	chr4:153257234-153344372 (87kb)	.	MND1
2025	3	2	1	2	chr4:183398302-183987464 (589kb)	.	ENSG00000248206,ING2
2033	3	1	2	2	chr4:2743864-2963688 (220kb)	.	GRK4,NOP14
2034	3	2	1	2	chr4:2818569-3532875 (714kb)	.	LRPAP1,RGS12
2037	3	1	2	1	chr4:3126993-3969320 (842kb)	.	RGS12
2044	3	2	1	4	chr4:56387068-56544926 (158kb)	.	AASDH,ENSG00000269921,PAICS,PPAT
2046	3	1	2	1	chr4:6236010-6388371 (152kb)	.	WFS1
2047	3	1	2	1	chr4:6322375-7153284 (831kb)	.	ENSG00000287104
2052	3	2	1	2	chr4:73257730-74445836 (1188kb)	.	ANKRD17,AREG
2056	3	1	2	1	chr4:76213156-76933726 (721kb)	.	FAM47E
2064	3	2	1	2	chr4:82891068-83536957 (646kb)	.	COQ2,GPAT3
2069	3	2	1	4	chr4:86831505-87391467 (560kb)	.	AFF1,ENSG00000284968,ENSG00000285458,HSD17B11
2080	3	1	2	1	chr5:107563976-107672849 (109kb)	.	EFNA5
2083	3	1	2	1	chr5:111058086-112014673 (957kb)	.	STARD4
2084	3	2	1	4	chr5:115841456-116537245 (696kb)	.	AP3S1,ATG12,COMMD10,ENSG00000271918
2085	3	1	2	1	chr5:118988199-119814574 (826kb)	.	DTWD2
2087	3	1	2	2	chr5:122602997-123429484 (826kb)	.	PPIC,PPIC-AS1
2089	3	1	2	1	chr5:124612156-124749083 (137kb)	.	ZNF608
2096	3	1	2	2	chr5:133051573-133944519 (893kb)	.	ENSG00000286408,HSPA4
2103	3	1	2	1	chr5:138242453-138725643 (483kb)	.	CDC25C
2105	3	2	1	3	chr5:138178563-138610234 (432kb)	.	BRD8,CTNNA1,KIF20A
2106	3	1	2	1	chr5:138438885-138470360 (31kb)	.	REEP2
2112	3	1	2	1	chr5:14011755-14751009 (739kb)	.	DNAH5
2116	3	2	1	4	chr5:141618672-142089466 (471kb)	.	DIAPH1,ENSG00000228737,HDAC3,RELL2
2117	3	2	1	3	chr5:141637736-141961054 (323kb)	.	HDAC3,PCDH1,RELL2
2124	3	1	2	1	chr5:149975949-150358399 (382kb)	.	TCOF1
2125	3	1	2	1	chr5:150129476-150449838 (320kb)	.	RPS14
2131	3	1	2	2	chr5:159094941-159133424 (38kb)	.	EBF1,LINC02202
2135	3	2	1	2	chr5:170681269-171418993 (738kb)	.	FGF18,KCNIP1-AS1
2136	3	2	1	2	chr5:171737707-172284331 (547kb)	.	ENSG00000285914,UBTD2
2139	3	2	1	2	chr5:172462286-173056407 (594kb)	.	CREBRF,DUSP1
2146	3	1	2	2	chr5:176068126-176943737 (876kb)	.	EIF4E1B,SNCB
2153	3	2	1	3	chr5:178153644-178860466 (707kb)	.	ENSG00000289726,NHP2,ZNF354B
2158	3	1	2	2	chr5:1801304-2038610 (237kb)	.	MRPL36,NDUFS6
2161	3	1	2	1	chr5:180809756-181207277 (398kb)	.	ENSG00000248514
2166	3	2	1	4	chr5:36151702-36877551 (726kb)	.	LMBRD2,NIPBL,NIPBL-DT,SKP2
2184	3	1	2	1	chr5:74167517-74799756 (632kb)	.	ENC1
2185	3	2	1	2	chr5:74381977-74867073 (485kb)	.	FAM169A,FAM169A-AS1
2196	3	2	1	3	chr5:95822184-95962450 (140kb)	.	ELL2,ENSG00000251314,GLRX
2202	3	1	2	1	chr6:106739125-107590990 (852kb)	.	MTRES1
2205	3	2	1	3	chr6:108557991-109448075 (890kb)	.	CEP57L1,ENSG00000287044,SESN1
2209	3	2	1	3	chr6:110563847-111259421 (696kb)	.	AMD1,MFSD4B,MFSD4B-DT
2210	3	1	2	1	chr6:110781679-111300993 (519kb)	.	AMD1
2212	3	1	2	1	chr6:111908434-112282459 (374kb)	.	LINC02527
2213	3	1	2	1	chr6:111591304-112372458 (781kb)	.	LAMA4
2217	3	1	2	1	chr6:116680759-117389429 (709kb)	.	KPNA5
2220	3	1	2	1	chr6:12008973-12914259 (905kb)	.	HIVEP1
2224	3	1	2	1	chr6:125024581-125302072 (277kb)	.	HDDC2
2225	3	1	2	1	chr6:125363341-125957387 (594kb)	.	HINT3
2227	3	1	2	1	chr6:127343186-127516931 (174kb)	.	ECHDC1
2235	3	1	2	1	chr6:13547695-14144935 (597kb)	.	MCUR1
2237	3	2	1	3	chr6:13574235-14211502 (637kb)	.	ENSG00000285639,ENSG00000286281,SIRT5
2239	3	1	2	1	chr6:136761571-137249000 (487kb)	.	SLC35D3
2242	3	1	2	1	chr6:137707989-138722931 (1015kb)	.	HEBP2
2247	3	2	1	3	chr6:142845968-143450230 (604kb)	.	ADAT2,HIVEP2-DT,PEX3
2252	3	1	2	1	chr6:149668646-149923298 (255kb)	.	RAET1G
2253	3	1	2	2	chr6:149423476-149990381 (567kb)	.	LRP11,RAET1E-AS1
2255	3	1	2	1	chr6:150027597-151240586 (1213kb)	.	AKAP12
2266	3	1	2	1	chr6:161273788-161891855 (618kb)	.	AGPAT4
2271	3	1	2	2	chr6:170036962-170553507 (517kb)	.	PSMB1,TBP
2272	3	1	2	1	chr6:17784028-18488547 (705kb)	.	DEK
2280	3	1	2	1	chr6:24521029-25315596 (795kb)	.	ENSG00000282804
2284	3	2	1	2	chr6:26569158-27280380 (711kb)	.	ENSG00000284607,ENSG00000290009
2290	3	2	1	4	chr6:291920-693340 (401kb)	.	DUSP22,ENSG00000271727,ENSG00000287265,EXOC2
2293	3	1	2	1	chr6:3118288-3209758 (91kb)	.	BPHL
2294	3	1	2	1	chr6:32622565-33433433 (811kb)	.	ENSG00000263756
2296	3	2	1	2	chr6:33585693-34757540 (1172kb)	.	NUDT3,SNRPC
2300	3	1	2	1	chr6:33762117-34792972 (1031kb)	.	BLTP3A
2311	3	2	1	3	chr6:4021607-4981711 (960kb)	.	CDYL-AS1,ENSG00000230648,PRPF4B
2314	3	1	2	1	chr6:41735536-41931851 (196kb)	.	TFEB
2316	3	1	2	2	chr6:41779871-42406649 (627kb)	.	ENSG00000124593,PRICKLE4
2319	3	1	2	1	chr6:42166578-42979393 (813kb)	.	PEX6
2322	3	1	2	1	chr6:42908500-43703227 (795kb)	.	CUL7
2324	3	2	1	3	chr6:43172250-43428318 (256kb)	.	ABCC10,ENSG00000287055,ZNF318
2327	3	1	2	2	chr6:46015698-46492223 (477kb)	.	RCAN2,RCAN2-DT
2328	3	2	1	3	chr6:46034151-46171251 (137kb)	.	ENPP4,ENPP5,ENSG00000231769
2337	3	1	2	1	chr6:70187919-70839755 (652kb)	.	SMAP1
2343	3	1	2	1	chr6:73645695-73774905 (129kb)	.	SLC17A5
2344	3	1	2	1	chr6:75349699-75775568 (426kb)	.	MYO6
2348	3	1	2	1	chr6:88927943-89372361 (444kb)	.	UBE2J1
2350	3	1	2	1	chr6:89139456-89412552 (273kb)	.	RRAGD
2366	3	1	2	1	chr7:100301572-101403009 (1101kb)	.	GNB2
2370	3	2	1	2	chr7:100895710-101165775 (270kb)	.	ACHE,VGF
2371	3	1	2	2	chr7:101077597-101217800 (140kb)	.	PLOD3,ZNHIT1
2379	3	1	2	1	chr7:1059319-1418866 (360kb)	.	ENSG00000257607
2382	3	1	2	2	chr7:112206064-112415245 (209kb)	.	DOCK4,ZNF277
2383	3	1	2	1	chr7:112160081-112790232 (630kb)	.	TMEM168
2384	3	1	2	1	chr7:1137702-1369450 (232kb)	.	C7orf50
2391	3	2	1	2	chr7:128409938-128880336 (470kb)	.	IMPDH1,METTL2B
2392	3	1	2	1	chr7:128783154-129055349 (272kb)	.	TNPO3
2413	3	1	2	1	chr7:149229449-149742455 (513kb)	.	ENSG00000290600
2421	3	1	2	1	chr7:152261925-152676348 (414kb)	.	XRCC2
2429	3	1	2	1	chr7:22054361-23182323 (1128kb)	.	NUP42
2431	3	1	2	1	chr7:23531823-24716124 (1184kb)	.	TRA2A
2434	3	1	2	1	chr7:24812427-25603623 (791kb)	.	CYCS
2437	3	2	1	4	chr7:26601750-27740853 (1139kb)	.	HOXA-AS3,HOXA4,TAX1BP1,TAX1BP1-AS1
2442	3	1	2	1	chr7:28179577-28927236 (748kb)	.	JAZF1-AS1
2443	3	2	1	1	chr7:28904313-29147201 (243kb)	.	CHN2
2446	3	1	2	1	chr7:33459351-33905012 (446kb)	.	BMPER
2451	3	1	2	1	chr7:42038176-42889106 (851kb)	.	ENSG00000290065
2453	3	1	2	1	chr7:43729490-44289882 (560kb)	.	COA1
2461	3	1	2	1	chr7:5045673-5931908 (886kb)	.	RBAK
2472	3	1	2	1	chr7:64665947-65016425 (350kb)	.	ZNF107
2473	3	2	1	2	chr7:65037914-65959279 (921kb)	.	CCT6P3,ENSG00000282381
2500	3	2	1	2	chr7:96941045-97972424 (1031kb)	.	DLX6,ENSG00000284707
2502	3	2	1	2	chr7:99144098-99500470 (356kb)	.	CPSF4,SMURF1
2503	3	2	1	4	chr7:99558464-100479595 (921kb)	.	ENSG00000272647,FAM200A,TSC22D4,ZNF655
2508	3	1	2	2	chr8:103020791-103349487 (329kb)	.	ATP6V1C1,ENSG00000254236
2510	3	1	2	1	chr8:108083320-108234186 (151kb)	.	RSPO2
2524	3	1	2	1	chr8:124475520-124789023 (314kb)	.	RNF139
2525	3	1	2	1	chr8:129726400-129939414 (213kb)	.	ENSG00000253720
2529	3	1	2	2	chr8:140856003-141508016 (652kb)	.	ENSG00000287325,MROH5
2530	3	1	2	1	chr8:142678377-143341111 (663kb)	.	LY6K
2535	3	2	1	2	chr8:144062517-144951010 (888kb)	.	ZNF16,ZNF517
2545	3	1	2	1	chr8:37610846-38442569 (832kb)	.	ASH2L
2548	3	2	1	2	chr8:37779910-37899843 (120kb)	.	BRF2,RAB11FIP1
2549	3	2	1	4	chr8:38176722-38997265 (821kb)	.	ADAM9,BAG4,LSM1,TM2D2
2550	3	2	1	3	chr8:38231218-38611804 (381kb)	.	ENSG00000272092,ENSG00000285632,NSD3
2562	3	1	2	1	chr8:69833264-70165952 (333kb)	.	SLCO5A1-AS1
2566	3	1	2	1	chr8:72479385-72537087 (58kb)	.	KCNB2
2567	3	2	1	2	chr8:73008576-73484236 (476kb)	.	RDH10,TERF1
2569	3	2	1	2	chr8:80029626-80578794 (549kb)	.	ENSG00000251867,MRPS28
2572	3	2	1	2	chr8:85245396-85657673 (412kb)	.	CA2,ENSG00000258256
2578	3	1	2	2	chr8:96228622-96495428 (267kb)	.	MTERF3,PTDSS1
2579	3	2	1	3	chr8:97643836-98294451 (651kb)	.	ENSG00000287654,MTDH,NIPAL2
2580	3	2	1	3	chr8:97869485-98471308 (602kb)	.	MATN2,POP1,RIDA
2581	3	1	2	2	chr8:99012959-99126453 (113kb)	.	VPS13B,VPS13B-DT
2583	3	2	1	2	chr9:109119456-109331254 (212kb)	.	EPB41L4B,TMEM245
2584	3	2	1	3	chr9:112956202-113410845 (455kb)	.	C9orf43,POLE3,WDR31
2590	3	1	2	2	chr9:120743036-121268391 (525kb)	.	B3GALT9,FBXW2
2594	3	1	2	1	chr9:123102618-123930330 (828kb)	.	DENND1A
2596	3	1	2	1	chr9:124287316-124771451 (484kb)	.	NR6A1
2598	3	1	2	1	chr9:125143455-125863254 (720kb)	.	SCAI
2611	3	2	1	3	chr9:129258359-129835528 (577kb)	.	C9orf78,TOR1B,USP20
2615	3	2	1	3	chr9:130444609-130713343 (269kb)	.	ABL1,ASS1,ENSG00000288570
2617	3	2	1	2	chr9:131125313-131786107 (661kb)	.	NUP214,UCK1
2618	3	2	1	3	chr9:132354714-133121549 (767kb)	.	DDX31,GTF3C4,SETX
2626	3	1	2	1	chr9:136275090-136400374 (125kb)	.	SNAPC4
2634	3	1	2	1	chr9:20658216-21318663 (660kb)	.	FOCAD
2636	3	1	2	1	chr9:21789604-22117655 (328kb)	.	CDKN2B
2650	3	1	2	2	chr9:36848327-37815854 (968kb)	.	ENSG00000233242,ZCCHC7
2651	3	2	1	4	chr9:37079323-37644135 (565kb)	.	EBLN3P,ENSG00000256966,ENSG00000260100,TOMM5
2652	3	1	2	1	chr9:37415384-38227449 (812kb)	.	FRMPD1
2668	3	1	2	2	chr9:91855084-92725326 (870kb)	.	CENPP,NOL8
2687	3	1	2	1	chrX:103628707-104150297 (522kb)	.	TCEAL1
2688	3	1	2	1	chrX:106034499-106878564 (844kb)	.	RADX
2707	3	1	2	1	chrX:133880046-134406505 (526kb)	.	PHF6
2709	3	1	2	1	chrX:134713742-135354672 (641kb)	.	MOSPD1
2710	3	2	1	3	chrX:135021587-135532714 (511kb)	.	INTS6L,INTS6L-AS1,RTL8B
2718	3	1	2	1	chrX:153744448-154379491 (635kb)	.	EMD
2719	3	2	1	2	chrX:154444324-155057749 (613kb)	.	DKC1,FAM50A
2731	3	1	2	2	chrX:47054538-48163426 (1109kb)	.	UXT,UXT-AS1
2744	3	2	1	2	chrX:54495787-55000428 (505kb)	.	APEX2,FGD1
2745	3	2	1	3	chrX:69504094-70496718 (993kb)	.	KIF4A,NALF2,PDZD11
2748	3	2	1	2	chrX:70937213-71911010 (974kb)	.	NHSL2,TAF1
2757	3	0	3	0	chr10:99520953-100482833 (962kb)	.	.
2763	3	3	0	3	chr10:102241551-102504101 (263kb)	.	GBF1,PITX3,SUFU
2785	3	0	3	0	chr10:678464-1577756 (899kb)	.	.
2786	3	0	3	0	chr10:131823689-132931417 (1108kb)	.	.
2794	3	0	3	0	chr10:21593572-22155492 (562kb)	.	.
2804	3	0	3	0	chr10:46309373-46845198 (536kb)	.	.
2815	3	3	0	3	chr10:70145693-70405199 (260kb)	.	EIF4EBP2,SAR1A,TYSND1
2824	3	0	3	0	chr10:73635776-73966487 (331kb)	.	.
2850	3	0	3	0	chr1:100539686-101239000 (699kb)	.	.
2852	3	0	3	0	chr1:108182519-108807113 (625kb)	.	.
2853	3	0	3	0	chr1:108714689-109149615 (435kb)	.	.
2856	3	0	3	0	chr1:109532854-110466177 (933kb)	.	.
2858	3	0	3	0	chr1:110106168-110550393 (444kb)	.	.
2859	3	3	0	3	chr1:11012522-11762228 (750kb)	.	AGTRAP,C1orf167,TARDBP
2892	3	0	3	0	chr11:129583051-130384603 (802kb)	.	.
2893	3	0	3	0	chr11:129641683-130213500 (572kb)	.	.
2898	3	0	3	0	chr1:115981468-116643518 (662kb)	.	.
2899	3	3	0	5	chr11:16738350-17352390 (614kb)	.	ENSG00000285545,NCR3LG1,NUCB2,PIK3C2A,SOX6
2911	3	0	3	0	chr1:1291970-2189825 (898kb)	.	.
2912	3	3	0	5	chr11:31509446-32435869 (926kb)	.	ELP4,IMMP1L,PAUPAR,WT1,WT1-AS
2924	3	0	3	0	chr11:45694386-46369720 (675kb)	.	.
2925	3	3	0	3	chr1:145823776-146037798 (214kb)	.	HJV,POLR3C,RNF115
2930	3	3	0	4	chr11:47214791-47566332 (352kb)	.	CELF1,DDB2,NDUFS3,PTPMT1
2939	3	0	3	0	chr1:149558295-150364778 (806kb)	.	.
2942	3	3	0	5	chr1:150281704-151198661 (917kb)	.	CIART,ENSA,ENSG00000288880,ENSG00000289041,PIP5K1A
2969	3	0	3	0	chr1:16367374-17207257 (840kb)	.	.
2970	3	3	0	4	chr11:63938212-64449804 (512kb)	.	ENSG00000289486,LINC02724,NAA40,STIP1
2975	3	0	3	0	chr1:164635232-165258240 (623kb)	.	.
2986	3	0	3	0	chr11:67968586-68447490 (479kb)	.	.
3018	3	0	3	0	chr1:181575181-182226260 (651kb)	.	.
3024	3	3	0	3	chr1:184973739-185316916 (343kb)	.	IVNS1ABP,NIBAN1,RNF2
3033	3	0	3	0	chr11:94768061-95151940 (384kb)	.	.
3039	3	0	3	0	chr1:199973030-200506704 (534kb)	.	.
3061	3	3	0	3	chr12:10212723-10613764 (401kb)	.	GABARAPL1,LINC02598,MAGOHB
3063	3	0	3	0	chr12:104286787-104521754 (235kb)	.	.
3083	3	0	3	0	chr12:119688517-120325709 (637kb)	.	.
3092	3	0	3	0	chr12:12281466-12788397 (507kb)	.	.
3095	3	0	3	0	chr12:525135-1576801 (1052kb)	.	.
3102	3	0	3	0	chr1:212967843-213446116 (478kb)	.	.
3117	3	0	3	0	chr1:22150468-22841337 (691kb)	.	.
3120	3	0	3	0	chr1:221940291-222465911 (526kb)	.	.
3126	3	3	0	6	chr1:223845541-224434984 (589kb)	.	CNIH3,ENSG00000278467,ENSG00000288999,ENSG00000290989,ENSG00000291068,TP53BP2
3130	3	0	3	0	chr1:224736978-225360003 (623kb)	.	.
3132	3	0	3	0	chr1:225746671-226575559 (829kb)	.	.
3140	3	0	3	0	chr12:27652229-28115701 (463kb)	.	.
3148	3	0	3	0	chr1:228664510-229221917 (557kb)	.	.
3149	3	0	3	0	chr1:228804729-229200298 (396kb)	.	.
3151	3	0	3	0	chr1:229330498-230093603 (763kb)	.	.
3161	3	0	3	0	chr1:234544693-235176742 (632kb)	.	.
3177	3	0	3	0	chr1:242454659-242652253 (198kb)	.	.
3182	3	0	3	0	chr1:24642806-24994441 (352kb)	.	.
3194	3	3	0	4	chr1:25239618-25906646 (667kb)	.	ENSG00000284657,MACO1,RHCE,STMN1
3196	3	0	3	0	chr12:53633403-54080466 (447kb)	.	.
3207	3	0	3	0	chr1:26500310-27349832 (850kb)	.	.
3208	3	0	3	0	chr1:26531199-26922181 (391kb)	.	.
3212	3	0	3	0	chr12:66066289-66745163 (679kb)	.	.
3215	3	3	0	2	chr12:67069544-67269710 (200kb)	.	CAND1,GRIP1
3228	3	0	3	0	chr12:84877109-84911728 (35kb)	.	.
3241	3	3	0	4	chr13:113153978-113364406 (210kb)	.	CUL4A,ENSG00000283828,GRTP1,PCID2
3242	3	0	3	0	chr1:31181991-31938916 (757kb)	.	.
3250	3	0	3	0	chr13:27533146-28350610 (817kb)	.	.
3265	3	0	3	0	chr13:43649701-44142563 (493kb)	.	.
3271	3	0	3	0	chr13:49607104-50119038 (512kb)	.	.
3276	3	0	3	0	chr13:61822333-62388035 (566kb)	.	.
3279	3	0	3	0	chr13:64305197-65237429 (932kb)	.	.
3289	3	0	3	0	chr13:68018305-68856064 (838kb)	.	.
3292	3	0	3	0	chr13:71879275-72067813 (189kb)	.	.
3302	3	0	3	0	chr13:77298098-78389017 (1091kb)	.	.
3304	3	0	3	0	chr13:79225977-80490820 (1265kb)	.	.
3316	3	0	3	0	chr13:92102610-92844019 (741kb)	.	.
3319	3	0	3	0	chr13:93937619-94464421 (527kb)	.	.
3334	3	0	3	0	chr14:100214058-100240710 (27kb)	.	.
3340	3	0	3	0	chr14:103520920-104071528 (551kb)	.	.
3346	3	0	3	0	chr14:20971025-21602848 (632kb)	.	.
3350	3	3	0	3	chr14:22872287-23435777 (563kb)	.	C14orf93,LRP10,MYH7
3355	3	3	0	6	chr1:42816909-43368524 (552kb)	.	ELOVL1,ENSG00000288772,ERMAP,SLC2A1,SLC2A1-DT,SVBP
3369	3	0	3	0	chr1:44342051-44820334 (478kb)	.	.
3383	3	0	3	0	chr14:58151768-58872471 (721kb)	.	.
3384	3	0	3	0	chr14:58349679-58362666 (13kb)	.	.
3391	3	0	3	0	chr14:72688039-73504790 (817kb)	.	.
3411	3	0	3	0	chr1:50977785-51297145 (319kb)	.	.
3427	3	3	0	5	chr15:43106095-43777525 (671kb)	.	ADAL,ELL3,LCMT2,SERF2,UBR1
3440	3	0	3	0	chr15:65095164-66357128 (1262kb)	.	.
3452	3	0	3	0	chr15:69394630-70006380 (612kb)	.	.
3455	3	0	3	0	chr15:70460333-70841084 (381kb)	.	.
3460	3	0	3	0	chr15:73857938-74382629 (525kb)	.	.
3463	3	0	3	0	chr15:75029353-75758867 (730kb)	.	.
3465	3	3	0	4	chr15:75624979-75904667 (280kb)	.	DNM1P35,ENSG00000260235,FBXO22,SNUPN
3470	3	0	3	0	chr15:78860044-79344012 (484kb)	.	.
3473	3	0	3	0	chr15:80695536-81878908 (1183kb)	.	.
3482	3	0	3	0	chr15:88681834-89383912 (702kb)	.	.
3483	3	0	3	0	chr15:88711814-89666432 (955kb)	.	.
3486	3	0	3	0	chr15:89740111-90807702 (1068kb)	.	.
3493	3	0	3	0	chr1:59759474-60079097 (320kb)	.	.
3516	3	0	3	0	chr16:27235077-28278461 (1043kb)	.	.
3522	3	0	3	0	chr16:28349578-28765750 (416kb)	.	.
3531	3	0	3	0	chr1:63173130-63903084 (730kb)	.	.
3534	3	0	3	0	chr1:64137207-64966963 (830kb)	.	.
3553	3	3	0	4	chr16:66552350-67416823 (864kb)	.	CKLF,CKLF-CMTM1,TK2,ZDHHC1
3554	3	3	0	4	chr16:67170386-67668157 (498kb)	.	ACD,ENKD1,NOL3,PARD6A
3556	3	3	0	3	chr16:69330335-69754742 (424kb)	.	COG8,NOB1,PDF
3560	3	0	3	0	chr16:73055625-73071568 (16kb)	.	.
3566	3	3	0	4	chr16:75555795-75623552 (68kb)	.	ADAT1,ENSG00000276408,GABARAPL2,TMEM231
3583	3	0	3	0	chr17:17823615-18753372 (930kb)	.	.
3591	3	0	3	0	chr17:20171750-21060587 (889kb)	.	.
3595	3	0	3	0	chr17:20843544-20944554 (101kb)	.	.
3603	3	3	0	4	chr17:29622825-30292329 (670kb)	.	BLMH,CORO6,ENSG00000263657,ENSG00000264007
3611	3	3	0	7	chr17:42609036-43389388 (780kb)	.	ENSG00000288909,LINC00910,PTGES3L,PTGES3L-AARSD1,RETREG3,RUNDC1,TUBG1
3618	3	0	3	0	chr17:47067231-47531319 (464kb)	.	.
3619	3	0	3	0	chr17:47275563-47947201 (672kb)	.	.
3634	3	0	3	0	chr17:59073718-60142572 (1069kb)	.	.
3641	3	3	0	3	chr17:64661892-65057023 (395kb)	.	AMZ2P1,GNA13,SMURF2
3646	3	0	3	0	chr17:72986160-73429705 (444kb)	.	.
3661	3	0	3	0	chr17:78140295-79046150 (906kb)	.	.
3662	3	0	3	0	chr17:78289845-78828756 (539kb)	.	.
3663	3	3	0	2	chr17:78377891-78841166 (463kb)	.	PGS1,USP36
3669	3	0	3	0	chr17:81918042-82352070 (434kb)	.	.
3670	3	0	3	0	chr17:82742155-83026911 (285kb)	.	.
3676	3	0	3	0	chr18:22223723-22419074 (195kb)	.	.
3696	3	0	3	0	chr18:36973191-37880280 (907kb)	.	.
3704	3	0	3	0	chr1:8489158-9308027 (819kb)	.	.
3705	3	0	3	0	chr1:84969468-85465495 (496kb)	.	.
3722	3	3	0	3	chr19:11155720-11529373 (374kb)	.	ECSIT,ENSG00000267082,SPC24
3724	3	3	0	4	chr19:11639539-12163279 (524kb)	.	ENSG00000197332,ENSG00000286098,ZNF136,ZNF433-AS1
3735	3	0	3	0	chr19:18612141-19526212 (914kb)	.	.
3739	3	0	3	0	chr1:92268925-92784897 (516kb)	.	.
3744	3	0	3	0	chr19:32224736-32826642 (602kb)	.	.
3745	3	0	3	0	chr19:32373949-33403136 (1029kb)	.	.
3749	3	0	3	0	chr19:3429585-4180382 (751kb)	.	.
3754	3	3	0	2	chr19:35248095-35558381 (310kb)	.	ENSG00000283907,LSR
3770	3	0	3	0	chr19:47707195-48260376 (553kb)	.	.
3773	3	0	3	0	chr19:47813861-48419540 (606kb)	.	.
3787	3	3	0	4	chr19:55166955-55675341 (508kb)	.	DNAAF3,ENSG00000267523,EPN1,ZNF784
3793	3	3	0	5	chr19:57435021-57819505 (384kb)	.	ENSG00000268750,ZIK1,ZNF416,ZNF587B,ZNF749
3795	3	3	0	4	chr19:57599731-58327117 (727kb)	.	ENSG00000283103,ZNF530,ZNF776,ZSCAN22
3803	3	0	3	0	chr20:21050771-21768065 (717kb)	.	.
3807	3	0	3	0	chr20:2820318-3115859 (296kb)	.	.
3813	3	3	0	3	chr20:34515469-35617060 (1102kb)	.	DYNLRB1,SPAG4,UQCC1
3814	3	0	3	0	chr20:34769838-35370218 (600kb)	.	.
3835	3	3	0	3	chr20:63537765-63627563 (90kb)	.	GMEB2,MHENCR,PTK6
3839	3	0	3	0	chr2:100339405-101040033 (701kb)	.	.
3853	3	0	3	0	chr2:113199124-113952833 (754kb)	.	.
3865	3	0	3	0	chr21:31472279-31931900 (460kb)	.	.
3873	3	0	3	0	chr21:37009869-37435429 (426kb)	.	.
3890	3	0	3	0	chr21:45542353-46370097 (828kb)	.	.
3893	3	3	0	4	chr21:45982526-46636317 (654kb)	.	COL6A1,LSS,MCM3AP-AS1,PRMT2
3909	3	0	3	0	chr2:171176136-171761577 (585kb)	.	.
3913	3	3	0	2	chr2:174247899-174683272 (435kb)	.	OLA1,WIPF1
3921	3	0	3	0	chr21:8405094-8472435 (67kb)	.	.
3926	3	3	0	3	chr2:191677404-192195468 (518kb)	.	ENSG00000288900,NABP1,TMEFF2
3950	3	0	3	0	chr22:18586291-19025239 (439kb)	.	.
3961	3	3	0	2	chr22:21643118-21868315 (225kb)	.	MAPK1,SDF2L1
3964	3	0	3	0	chr2:222709317-222928034 (219kb)	.	.
3976	3	0	3	0	chr22:27879887-28442638 (563kb)	.	.
3987	3	0	3	0	chr2:232524065-233780372 (1256kb)	.	.
3994	3	0	3	0	chr22:36144749-36978359 (834kb)	.	.
4002	3	3	0	3	chr22:40636397-41448815 (812kb)	.	ACO2,MRTFA,SLC25A17
4003	3	0	3	0	chr22:41022175-41533491 (511kb)	.	.
4012	3	0	3	0	chr22:43220751-43404038 (183kb)	.	.
4026	3	3	0	3	chr2:25041868-25982810 (941kb)	.	ASXL2,EFR3B,KIF3C
4035	3	0	3	0	chr2:38714599-39069132 (355kb)	.	.
4036	3	0	3	0	chr2:39120971-39790867 (670kb)	.	.
4043	3	0	3	0	chr2:47034105-47242962 (209kb)	.	.
4060	3	0	3	0	chr2:70617577-71510491 (893kb)	.	.
4077	3	3	0	2	chr3:101512543-101828075 (316kb)	.	NFKBIZ,SENP7
4082	3	0	3	0	chr3:10772684-11720413 (948kb)	.	.
4085	3	0	3	0	chr3:112617446-113254458 (637kb)	.	.
4088	3	3	0	4	chr3:119240768-120095823 (855kb)	.	B4GALT4,COX17,GSK3B,GSK3B-DT
4089	3	3	0	5	chr3:120094070-120908914 (815kb)	.	ENSG00000286827,GSK3B,GSK3B-DT,NDUFB4,STXBP5L
4095	3	0	3	0	chr3:127494941-128234475 (740kb)	.	.
4130	3	3	0	4	chr3:172039392-172751394 (712kb)	.	ECT2,ENSG00000287012,FNDC3B,NCEH1
4161	3	0	3	0	chr3:43622631-44198921 (576kb)	.	.
4169	3	0	3	0	chr3:47550756-48507906 (957kb)	.	.
4186	3	0	3	0	chr3:59212249-59751607 (539kb)	.	.
4191	3	0	3	0	chr3:70550783-71888469 (1338kb)	.	.
4196	3	0	3	0	chr3:93470289-93950314 (480kb)	.	.
4207	3	0	3	0	chr4:112309263-113395120 (1086kb)	.	.
4222	3	0	3	0	chr4:145936532-146491684 (555kb)	.	.
4233	3	0	3	0	chr4:172611166-173281475 (670kb)	.	.
4235	3	3	0	5	chr4:17614510-18021143 (407kb)	.	DCAF16,LCORL,MED28,MED28-DT,NCAPG
4251	3	0	3	0	chr4:49514297-50207175 (693kb)	.	.
4264	3	0	3	0	chr4:70705312-71187427 (482kb)	.	.
4272	3	0	3	0	chr4:8044608-8410891 (366kb)	.	.
4274	3	0	3	0	chr4:82105050-82967870 (863kb)	.	.
4275	3	3	0	4	chr4:82797681-83456268 (659kb)	.	HELQ,LIN54,MRPS18C,SCD5
4278	3	0	3	0	chr4:87019482-87329565 (310kb)	.	.
4289	3	3	0	3	chr5:10250130-10308103 (58kb)	.	ATPSCKMT,CCT5,CMBL
4310	3	0	3	0	chr5:134341919-135247236 (905kb)	.	.
4321	3	0	3	0	chr5:142211493-142496107 (285kb)	.	.
4327	3	0	3	0	chr5:149015683-150429251 (1414kb)	.	.
4331	3	0	3	0	chr5:150993094-151447707 (455kb)	.	.
4334	3	0	3	0	chr5:154159413-154405526 (246kb)	.	.
4366	3	0	3	0	chr5:179522272-180457220 (935kb)	.	.
4367	3	0	3	0	chr5:180315793-180817169 (501kb)	.	.
4371	3	0	3	0	chr5:181188052-181244482 (56kb)	.	.
4378	3	0	3	0	chr5:36233248-37090748 (858kb)	.	.
4393	3	0	3	0	chr5:65534803-65984585 (450kb)	.	.
4413	3	0	3	0	chr5:95539728-95859035 (319kb)	.	.
4424	3	3	0	4	chr6:109482980-109691587 (209kb)	.	AK9,FIG4,ZBTB24,ZBTB24-DT
4426	3	0	3	0	chr6:109713558-110492861 (779kb)	.	.
4433	3	0	3	0	chr6:113356879-113971573 (615kb)	.	.
4436	3	0	3	0	chr6:116501230-117483126 (982kb)	.	.
4445	3	0	3	0	chr6:121573588-122250148 (677kb)	.	.
4446	3	0	3	0	chr6:122872254-123362344 (490kb)	.	.
4456	3	0	3	0	chr6:132798441-133342177 (544kb)	.	.
4461	3	0	3	0	chr6:137309228-137574583 (265kb)	.	.
4480	3	0	3	0	chr6:15255273-15604575 (349kb)	.	.
4487	3	0	3	0	chr6:158552268-159711988 (1160kb)	.	.
4492	3	0	3	0	chr6:161286892-161703668 (417kb)	.	.
4501	3	0	3	0	chr6:16803800-17433210 (629kb)	.	.
4509	3	0	3	0	chr6:21588551-21801172 (213kb)	.	.
4511	3	0	3	0	chr6:2454240-2854012 (400kb)	.	.
4513	3	0	3	0	chr6:25788560-26305574 (517kb)	.	.
4517	3	0	3	0	chr6:26863569-27687772 (824kb)	.	.
4521	3	0	3	0	chr6:27785323-28104811 (319kb)	.	.
4534	3	0	3	0	chr6:37387968-37937698 (550kb)	.	.
4537	3	0	3	0	chr6:41028074-42224049 (1196kb)	.	.
4539	3	0	3	0	chr6:42056685-42964080 (907kb)	.	.
4551	3	0	3	0	chr6:7247892-7414974 (167kb)	.	.
4565	3	0	3	0	chr7:99990970-100451022 (460kb)	.	.
4577	3	0	3	0	chr7:112112205-112392145 (280kb)	.	.
4581	3	0	3	0	chr7:116142299-116680966 (539kb)	.	.
4584	3	0	3	0	chr7:116631576-117090565 (459kb)	.	.
4587	3	0	3	0	chr7:1214780-1678954 (464kb)	.	.
4596	3	0	3	0	chr7:130136040-130924235 (788kb)	.	.
4606	3	3	0	5	chr7:148940749-149624470 (684kb)	.	ENSG00000286171,ENSG00000286180,ZNF398,ZNF425,ZNF767P
4607	3	0	3	0	chr7:149005812-149648895 (643kb)	.	.
4612	3	0	3	0	chr7:151018029-151368566 (351kb)	.	.
4627	3	3	0	4	chr7:1664778-2844697 (1180kb)	.	EIF3B,ELFN1,GNA12,SNX8
4635	3	0	3	0	chr7:2757973-2893148 (135kb)	.	.
4639	3	0	3	0	chr7:29254827-29865805 (611kb)	.	.
4657	3	0	3	0	chr7:58632260-59251894 (620kb)	.	.
4658	3	0	3	0	chr7:58692075-59321255 (629kb)	.	.
4668	3	0	3	0	chr7:75762549-76260650 (498kb)	.	.
4670	3	0	3	0	chr7:80870074-81478917 (609kb)	.	.
4689	3	0	3	0	chr8:102590048-103373501 (783kb)	.	.
4723	3	0	3	0	chr8:53692964-54203123 (510kb)	.	.
4755	3	0	3	0	chr9:120936587-121735348 (799kb)	.	.
4760	3	0	3	0	chr9:124163249-124501925 (339kb)	.	.
4763	3	0	3	0	chr9:124818464-125935379 (1117kb)	.	.
4778	3	0	3	0	chr9:131558243-132252870 (695kb)	.	.
4782	3	0	3	0	chr9:132779848-133407143 (627kb)	.	.
4784	3	3	0	3	chr9:133336085-133460056 (124kb)	.	CACFD1,REXO4,SURF6
4787	3	3	0	4	chr9:136118346-136992454 (874kb)	.	DKFZP434A062,GPSM1,PAXX,TMEM250
4788	3	3	0	4	chr9:136712370-137188413 (476kb)	.	AJM1,ANAPC2,DIPK1B,SSNA1
4790	3	0	3	0	chr9:18141103-18977140 (836kb)	.	.
4795	3	3	0	6	chr9:34328783-35080205 (751kb)	.	ENSG00000187186,ENSG00000230074,ENSG00000261215,FANCG,KIF24,NUDT2
4796	3	3	0	4	chr9:34329160-34590110 (261kb)	.	CNTFR,KIF24,MYORG,NUDT2
4803	3	0	3	0	chr9:36798360-37466760 (668kb)	.	.
4813	3	0	3	0	chr9:79182942-79662878 (480kb)	.	.
4820	3	0	3	0	chr9:86107182-87109381 (1002kb)	.	.
4822	3	0	3	0	chr9:87032031-87643385 (611kb)	.	.
4827	3	0	3	0	chr9:92134014-92696978 (563kb)	.	.
4829	3	0	3	0	chr9:95005085-95758336 (753kb)	.	.
4831	3	3	0	5	chr9:97237627-97983631 (746kb)	.	ANP32B,ENSG00000203279,SUGT1P4-STRA6LP,SUGT1P4-STRA6LP-CCDC180,XPA
4833	3	0	3	0	chr9:97598756-98290171 (691kb)	.	.
4840	3	0	3	0	chrX:102951349-103350897 (400kb)	.	.
4843	3	3	0	3	chrX:103629605-104157310 (528kb)	.	SLC25A53,TCEAL1,ZCCHC18
4853	3	0	3	0	chrX:115650995-115958549 (308kb)	.	.
4854	3	0	3	0	chrX:115665633-116246702 (581kb)	.	.
4859	3	0	3	0	chrX:119516370-119881137 (365kb)	.	.
4861	3	3	0	2	chrX:119758175-120311488 (553kb)	.	SOWAHD,TMEM255A
4863	3	0	3	0	chrX:123709294-124006779 (297kb)	.	.
4874	3	0	3	0	chrX:149470927-150174925 (704kb)	.	.
4877	3	0	3	0	chrX:150119896-150983389 (863kb)	.	.
4888	3	0	3	0	chrX:39688824-40474627 (786kb)	.	.
1130	3	0	3	0	chrX:71068053-71182447 (114kb)	.	.
