peak	degree	kcore	n_cliques	n_modules	types	genes	states
chr10:100009468-100010162	2	1	0	0	proximal	DNMBP	.
chr10:100110320-100110591	2	2	1	1	distal	.	.
chr10:100186297-100186477	1	1	0	0	proximal	ERLIN1	.
chr10:100229311-100229805	2	2	1	1	proximal	CHUK,CHUK-DT	.
chr10:100267241-100267812	1	1	0	0	proximal	CWF19L1	.
chr10:100286065-100286979	2	1	0	0	proximal	BLOC1S2	.
chr10:100346459-100346673	1	1	0	0	proximal	ENSG00000231188,SCD	.
chr10:100373320-100374124	1	1	0	0	proximal	ENSG00000289301,OLMALINC	.
chr10:100481584-100481891	1	1	0	0	distal	.	.
chr10:100481978-100482164	1	1	0	0	distal	.	.
chr10:100482402-100482833	1	1	0	0	distal	.	.
chr10:100483119-100483269	1	1	0	0	distal	.	.
chr10:100535530-100536122	2	1	0	0	distal	.	.
chr10:100654987-100655217	2	1	0	0	distal	.	.
chr10:100671114-100671282	3	2	1	1	distal	.	.
chr10:100686207-100686357	2	1	0	0	distal	.	.
chr10:100715396-100715560	1	1	0	0	distal	.	.
chr10:100729394-100729910	1	1	0	0	distal	.	.
chr10:100729981-100730131	1	1	0	0	distal	.	.
chr10:100746241-100746409	2	1	0	0	distal	.	.
chr10:100878535-100878763	1	1	0	0	distal	.	.
chr10:100969672-100969991	1	1	0	0	proximal	SEMA4G	.
chr10:100987001-100987352	3	1	0	0	proximal	MRPL43,TWNK	.
chr10:100987855-100988250	1	1	0	0	proximal	MRPL43,TWNK	.
chr10:100997704-100998104	2	1	0	0	distal	.	.
chr10:100998191-100998393	1	1	0	0	distal	.	.
chr10:101019065-101019408	2	1	0	0	distal	.	.
chr10:101030432-101030689	3	1	0	0	proximal	SFXN3	.
chr10:101031393-101031633	1	1	0	0	proximal	PDZD7,SFXN3	.
chr10:101041291-101041441	1	1	0	0	distal	.	.
chr10:101042632-101043265	1	1	0	0	distal	.	.
chr10:101062611-101062814	1	1	0	0	proximal	KAZALD1	.
chr10:101095667-101095871	1	1	0	0	distal	.	.
chr10:101142353-101142543	2	1	0	0	distal	.	.
chr10:101229908-101230530	1	1	0	0	proximal	LBX1,LBX1-AS1	.
chr10:101272290-101272490	2	1	0	0	distal	.	.
chr10:101291720-101292095	2	1	0	0	distal	.	.
chr10:101292298-101292677	1	1	0	0	distal	.	.
chr10:101353693-101354827	1	1	0	0	proximal	BTRC	.
chr10:101454373-101454811	2	1	0	0	distal	.	.
chr10:101485966-101486318	1	1	0	0	distal	.	.
chr10:101566407-101566913	2	1	0	0	distal	.	.
chr10:101570254-101570623	2	2	1	1	proximal	DPCD	.
chr10:101579355-101579523	1	1	0	0	distal	.	.
chr10:101587927-101588342	5	1	0	0	proximal	POLL	.
chr10:101667869-101668195	2	2	1	1	distal	.	.
chr10:101695095-101695405	2	1	0	0	proximal	ENSG00000286489,FBXW4	.
chr10:101783360-101783510	1	1	0	0	proximal	NPM3	.
chr10:101817953-101818267	1	1	0	0	proximal	KCNIP2-AS1,OGA	.
chr10:101829598-101829810	2	1	0	0	distal	.	.
chr10:101836070-101836272	1	1	0	0	distal	.	.
chr10:101840748-101841003	1	1	0	0	distal	.	.
chr10:101841118-101841408	2	1	0	0	distal	.	.
chr10:101857028-101857236	4	2	2	2	distal	.	.
chr10:102035767-102035917	1	1	0	0	distal	.	.
chr10:102055819-102056437	2	2	1	1	proximal	ARMH3	.
chr10:102058017-102058167	2	1	0	0	distal	.	.
chr10:102088540-102088999	5	2	1	1	distal	.	.
chr10:102091154-102091304	1	1	0	0	distal	.	.
chr10:102132517-102132707	1	1	0	0	proximal	PPRC1	.
chr10:102132814-102133124	3	2	1	1	proximal	PPRC1	.
chr10:102133576-102133828	1	1	0	0	proximal	PPRC1	.
chr10:102169501-102169770	4	1	0	0	distal	.	.
chr10:102229874-102230347	3	1	0	0	distal	.	.
chr10:102230444-102230787	1	1	0	0	distal	.	.
chr10:102231081-102231529	1	1	0	0	distal	.	.
chr10:102231878-102232072	1	1	0	0	distal	.	.
chr10:102241551-102241844	1	1	0	0	proximal	PITX3	.
chr10:102245148-102245664	2	1	0	0	proximal	GBF1	.
chr10:102313188-102313403	2	1	0	0	distal	.	.
chr10:102393954-102394482	1	1	0	0	proximal	NFKB2	.
chr10:102399547-102399985	1	1	0	0	distal	.	.
chr10:102403910-102404070	1	1	0	0	distal	.	.
chr10:102419619-102419843	1	1	0	0	proximal	FBXL15	.
chr10:102420964-102421454	1	1	0	0	proximal	PSD	.
chr10:102450379-102450590	1	1	0	0	proximal	C10orf95-AS1	.
chr10:102461234-102461469	2	1	0	0	proximal	MFSD13A	.
chr10:102461861-102462150	3	2	1	1	proximal	MFSD13A	.
chr10:102503718-102504101	1	1	0	0	proximal	SUFU	.
chr10:102545832-102545996	1	1	0	0	distal	.	.
chr10:102607810-102607960	1	1	0	0	distal	.	.
chr10:102644906-102645141	1	1	0	0	proximal	TRIM8,TRIM8-DT	.
chr10:102645682-102645880	1	1	0	0	distal	.	.
chr10:102713694-102714946	1	1	0	0	proximal	ARL3,SFXN2	.
chr10:102729316-102729590	2	1	0	0	distal	.	.
chr10:102743582-102744180	1	1	0	0	proximal	WBP1L	.
chr10:102753014-102753410	1	1	0	0	distal	.	.
chr10:102776002-102776173	1	1	0	0	distal	.	.
chr10:102854150-102854742	1	1	0	0	proximal	BORCS7,BORCS7-ASMT,ENSG00000282772	.
chr10:102869588-102869817	1	1	0	0	proximal	AS3MT	.
chr10:102917574-102917725	3	2	1	1	proximal	CNNM2,ENSG00000286575	.
chr10:102917838-102918615	1	1	0	0	proximal	CNNM2,ENSG00000286575	.
chr10:102998278-102998499	2	1	0	0	distal	.	.
chr10:103053939-103054126	1	1	0	0	distal	.	.
chr10:103192767-103193451	3	1	0	0	distal	.	.
chr10:103350576-103350726	1	1	0	0	proximal	PCGF6	.
chr10:103350843-103351298	3	1	0	0	proximal	PCGF6	.
chr10:103367732-103368041	2	1	0	0	proximal	TAF5	.
chr10:103389580-103390115	2	1	0	0	distal	.	.
chr10:103564905-103565116	1	1	0	0	distal	.	.
chr10:103605572-103605722	1	1	0	0	distal	.	.
chr10:103661404-103662081	1	1	0	0	distal	.	.
chr10:103766257-103766445	1	1	0	0	distal	.	.
chr10:103789553-103789703	1	1	0	0	distal	.	.
chr10:103829712-103829862	1	1	0	0	distal	.	.
chr10:103872159-103872487	1	1	0	0	distal	.	.
chr10:103884741-103884955	1	1	0	0	distal	.	.
chr10:103888162-103888312	1	1	0	0	distal	.	.
chr10:103908323-103908556	2	1	0	0	distal	.	.
chr10:103917748-103917916	2	1	0	0	proximal	STN1	.
chr10:103918080-103918702	1	1	0	0	proximal	STN1	.
chr10:104071306-104071488	2	1	0	0	distal	.	.
chr10:104338081-104338495	1	1	0	0	proximal	ITPRIP	.
chr10:104353503-104353884	1	1	0	0	proximal	CFAP58,CFAP58-DT	.
chr10:109884234-109884658	1	1	0	0	distal	.	.
chr10:109923332-109923644	1	1	0	0	proximal	XPNPEP1	.
chr10:110007370-110008492	2	1	0	0	proximal	ADD3-AS1	.
chr10:11018281-11018634	1	1	0	0	distal	.	.
chr10:110304871-110305428	1	1	0	0	proximal	SMNDC1	.
chr10:110318233-110318383	1	1	0	0	distal	.	.
chr10:110512928-110513084	1	1	0	0	distal	.	.
chr10:110567239-110567749	1	1	0	0	proximal	SMC3	.
chr10:110567835-110568027	3	1	0	0	proximal	SMC3	.
chr10:110644129-110644594	1	1	0	0	proximal	RBM20	.
chr10:110672208-110672631	1	1	0	0	distal	.	.
chr10:110918514-110918859	1	1	0	0	proximal	BBIP1,SHOC2	.
chr10:111143047-111143240	1	1	0	0	distal	.	.
chr10:111375345-111375495	1	1	0	0	distal	.	.
chr10:113227707-113227909	1	1	0	0	distal	.	.
chr10:113429825-113429988	1	1	0	0	distal	.	.
chr10:113538311-113538461	2	1	0	0	distal	.	.
chr10:113563485-113563770	1	1	0	0	distal	.	.
chr10:113678878-113679443	2	1	0	0	proximal	CASP7	.
chr10:113679668-113680046	3	1	0	0	proximal	CASP7	.
chr10:113680124-113680400	1	1	0	0	distal	.	.
chr10:113854306-113854678	1	1	0	0	proximal	DCLRE1A,NHLRC2	.
chr10:113854792-113855293	1	1	0	0	proximal	DCLRE1A,NHLRC2	.
chr10:113873615-113873765	1	1	0	0	distal	.	.
chr10:113874411-113874563	1	1	0	0	distal	.	.
chr10:114208007-114208248	1	1	0	0	distal	.	.
chr10:114340214-114340368	1	1	0	0	distal	.	.
chr10:114499695-114499909	1	1	0	0	distal	.	.
chr10:114755014-114755164	2	1	0	0	distal	.	.
chr10:114768199-114768459	1	1	0	0	proximal	ABLIM1	.
chr10:114822362-114822544	1	1	0	0	proximal	FHIP2A	.
chr10:114938150-114938494	1	1	0	0	proximal	TRUB1	.
chr10:115056317-115056581	1	1	0	0	distal	.	.
chr10:116045808-116046075	1	1	0	0	distal	.	.
chr10:116272743-116273038	1	1	0	0	distal	.	.
chr10:116610034-116610269	1	1	0	0	distal	.	.
chr10:116849698-116849931	1	1	0	0	proximal	ENO4,HSPA12A	.
chr10:117004593-117005332	1	1	0	0	proximal	ENSG00000287655	.
chr10:117137011-117137256	1	1	0	0	distal	.	.
chr10:117137601-117137757	1	1	0	0	proximal	VAX1	.
chr10:117185716-117185866	1	1	0	0	distal	.	.
chr10:117216743-117216911	1	1	0	0	distal	.	.
chr10:117542222-117542405	1	1	0	0	proximal	EMX2	.
chr10:117614222-117614372	1	1	0	0	distal	.	.
chr10:117728326-117728476	1	1	0	0	distal	.	.
chr10:117860956-117861106	1	1	0	0	distal	.	.
chr10:117987299-117987449	1	1	0	0	distal	.	.
chr10:118241679-118241836	1	1	0	0	proximal	LINC02944	.
chr10:118341793-118342131	1	1	0	0	proximal	FAM204A,LINC00867	.
chr10:118342222-118342436	1	1	0	0	proximal	FAM204A,LINC00867	.
chr10:118501561-118501736	1	1	0	0	distal	.	.
chr10:118754161-118754311	1	1	0	0	distal	.	.
chr10:118818399-118818549	1	1	0	0	distal	.	.
chr10:118992065-118992306	1	1	0	0	distal	.	.
chr10:119011405-119011592	1	1	0	0	distal	.	.
chr10:119022871-119023038	1	1	0	0	distal	.	.
chr10:119029320-119029758	2	1	0	0	proximal	LINC03036,NANOS1	.
chr10:119081303-119081457	2	2	1	1	proximal	EIF3A,ENSG00000289126	.
chr10:119103827-119104410	2	1	0	0	proximal	DENND10	.
chr10:119139586-119139736	2	1	0	0	distal	.	.
chr10:119165202-119165828	1	1	0	0	proximal	SFXN4	.
chr10:119178719-119178975	3	2	1	1	proximal	PRDX3	.
chr10:119209543-119209699	1	1	0	0	distal	.	.
chr10:11944292-11944442	1	1	0	0	distal	.	.
chr10:119489628-119489959	2	1	0	0	distal	.	.
chr10:119542442-119542905	1	1	0	0	proximal	RGS10	.
chr10:119602611-119602761	1	1	0	0	distal	.	.
chr10:119608405-119608864	1	1	0	0	distal	.	.
chr10:119872676-119873193	1	1	0	0	distal	.	.
chr10:119873414-119873606	1	1	0	0	distal	.	.
chr10:119892460-119892814	1	1	0	0	proximal	MCMBP,SEC23IP	.
chr10:119907870-119908096	2	2	1	1	distal	.	.
chr10:12042741-12043489	1	1	0	0	proximal	UPF2	.
chr10:12053677-12054105	1	1	0	0	distal	.	.
chr10:12068397-12069313	1	1	0	0	proximal	DHTKD1	.
chr10:120970819-120970969	1	1	0	0	distal	.	.
chr10:120978831-120979000	1	1	0	0	distal	.	.
chr10:120979451-120980032	1	1	0	0	proximal	ENSG00000227307	.
chr10:121112808-121113019	1	1	0	0	distal	.	.
chr10:121310174-121310747	1	1	0	0	distal	.	.
chr10:121377766-121377916	1	1	0	0	distal	.	.
chr10:121814024-121814218	1	1	0	0	distal	.	.
chr10:121956715-121956921	1	1	0	0	proximal	ENSG00000276742	.
chr10:121974336-121974566	1	1	0	0	proximal	NSMCE4A	.
chr10:122077782-122078136	1	1	0	0	distal	.	.
chr10:122142737-122143065	1	1	0	0	distal	.	.
chr10:122250185-122250335	1	1	0	0	distal	.	.
chr10:122298847-122299047	1	1	0	0	distal	.	.
chr10:122374393-122374879	1	1	0	0	proximal	PLEKHA1	.
chr10:122879510-122880120	2	1	0	0	proximal	ENSG00000286088,FAM24B	.
chr10:122953782-122954516	2	1	0	0	proximal	C10orf88,PSTK	.
chr10:123133014-123133379	1	1	0	0	distal	.	.
chr10:123153960-123154545	1	1	0	0	proximal	BUB3	.
chr10:123155055-123155205	2	1	0	0	proximal	BUB3	.
chr10:123393201-123393367	1	1	0	0	distal	.	.
chr10:123994447-123994619	1	1	0	0	distal	.	.
chr10:124388935-124389166	1	1	0	0	distal	.	.
chr10:124450172-124450476	1	1	0	0	proximal	NKX1-2	.
chr10:124530264-124530414	1	1	0	0	distal	.	.
chr10:124655761-124655994	1	1	0	0	distal	.	.
chr10:124693925-124694180	2	1	0	0	distal	.	.
chr10:124791605-124792246	3	1	0	0	proximal	EEF1AKMT2,ENSG00000258539	.
chr10:124916450-124916995	2	1	0	0	proximal	ENSG00000249456,ENSG00000289280	.
chr10:124952189-124952354	1	1	0	0	distal	.	.
chr10:124970666-124970872	1	1	0	0	distal	.	.
chr10:125209095-125209302	1	1	0	0	distal	.	.
chr10:12556244-12556394	1	1	0	0	distal	.	.
chr10:126250063-126250305	1	1	0	0	distal	.	.
chr10:126325146-126325364	1	1	0	0	distal	.	.
chr10:126947963-126948215	1	1	0	0	distal	.	.
chr10:127156645-127156898	1	1	0	0	distal	.	.
chr10:12720444-12720595	1	1	0	0	distal	.	.
chr10:1300274-1300491	2	1	0	0	distal	.	.
chr10:13099949-13100171	1	1	0	0	proximal	CCDC3,ENSG00000289266,OPTN	.
chr10:13161704-13161896	1	1	0	0	proximal	MCM10	.
chr10:131823689-131823863	1	1	0	0	distal	.	.
chr10:131900493-131901090	1	1	0	0	proximal	PPP2R2D	.
chr10:131981419-131981569	1	1	0	0	proximal	BNIP3	.
chr10:132142516-132142728	1	1	0	0	distal	.	.
chr10:132331567-132332078	1	1	0	0	proximal	LRRC27,STK32C	.
chr10:132430193-132430343	1	1	0	0	distal	.	.
chr10:132458555-132458774	2	1	0	0	distal	.	.
chr10:132517087-132517363	1	1	0	0	distal	.	.
chr10:132755328-132755485	1	1	0	0	distal	.	.
chr10:132931267-132931417	1	1	0	0	distal	.	.
chr10:13299777-13300227	1	1	0	0	distal	.	.
chr10:13302127-13302586	1	1	0	0	proximal	PHYH	.
chr10:133111694-133111962	1	1	0	0	distal	.	.
chr10:133261924-133262217	1	1	0	0	distal	.	.
chr10:133324434-133324837	3	1	0	0	distal	.	.
chr10:133357597-133358388	1	1	0	0	proximal	FUOM	.
chr10:133378315-133378571	1	1	0	0	proximal	PAOX	.
chr10:13347732-13348031	3	1	0	0	proximal	ENSG00000289585,SEPHS1	.
chr10:133520202-133520600	1	1	0	0	proximal	CYP2E1	.
chr10:133660636-133660836	1	1	0	0	distal	.	.
chr10:13440221-13440470	2	1	0	0	distal	.	.
chr10:13528931-13529451	1	1	0	0	proximal	BEND7,BEND7-DT	.
chr10:135290-135492	1	1	0	0	distal	.	.
chr10:13788023-13788250	1	1	0	0	distal	.	.
chr10:14134457-14134607	1	1	0	0	distal	.	.
chr10:14643381-14643531	1	1	0	0	distal	.	.
chr10:14777488-14777638	1	1	0	0	distal	.	.
chr10:14877871-14879148	1	1	0	0	proximal	SUV39H2,SUV39H2-DT	.
chr10:14945748-14945964	1	1	0	0	distal	.	.
chr10:15024528-15024826	1	1	0	0	distal	.	.
chr10:15585304-15585546	1	1	0	0	distal	.	.
chr10:15605129-15605301	1	1	0	0	distal	.	.
chr10:15719640-15720171	1	1	0	0	proximal	ITGA8	.
chr10:1577488-1577756	1	1	0	0	distal	.	.
chr10:16436754-16437396	1	1	0	0	proximal	PTER	.
chr10:16952902-16953117	1	1	0	0	distal	.	.
chr10:17137440-17137616	1	1	0	0	proximal	ENSG00000273153	.
chr10:17201335-17201948	1	1	0	0	proximal	TRDMT1	.
chr10:17228429-17229353	1	1	0	0	proximal	VIM	.
chr10:21327334-21327653	1	1	0	0	distal	.	.
chr10:21496064-21496413	1	1	0	0	distal	.	.
chr10:21516175-21516339	1	1	0	0	distal	.	.
chr10:21525480-21526698	2	1	0	0	proximal	ENSG00000286881,SKIDA1	.
chr10:21527184-21527589	1	1	0	0	proximal	ENSG00000286881	.
chr10:21593572-21593722	1	1	0	0	distal	.	.
chr10:21724848-21725088	1	1	0	0	distal	.	.
chr10:22155251-22155492	2	1	0	0	distal	.	.
chr10:22379331-22379642	1	1	0	0	distal	.	.
chr10:22468997-22469208	1	1	0	0	distal	.	.
chr10:22553309-22553493	2	1	0	0	distal	.	.
chr10:22714151-22714808	1	1	0	0	proximal	PIP4K2A	.
chr10:23068232-23068448	1	1	0	0	distal	.	.
chr10:23408489-23408689	1	1	0	0	distal	.	.
chr10:23438827-23439246	1	1	0	0	proximal	ENSG00000287124,OTUD1	.
chr10:24221588-24221749	1	1	0	0	distal	.	.
chr10:24724589-24725072	2	1	0	0	proximal	ARHGAP21	.
chr10:25174525-25175160	1	1	0	0	proximal	GPR158	.
chr10:25934684-25935135	1	1	0	0	proximal	MYO3A	.
chr10:26173046-26173230	1	1	0	0	distal	.	.
chr10:26566925-26567294	1	1	0	0	distal	.	.
chr10:26622953-26623130	1	1	0	0	distal	.	.
chr10:26697541-26697789	1	1	0	0	proximal	PDSS1	.
chr10:26839220-26839459	1	1	0	0	distal	.	.
chr10:26870579-26870729	1	1	0	0	distal	.	.
chr10:27201049-27201203	1	1	0	0	distal	.	.
chr10:28678400-28678550	1	1	0	0	proximal	BAMBI	.
chr10:28823012-28823338	2	2	1	1	distal	.	.
chr10:28987520-28987687	3	2	1	1	distal	.	.
chr10:29409695-29409975	1	1	0	0	proximal	ENSG00000287402,SVIL-AS1	.
chr10:29449133-29449283	2	2	1	1	distal	.	.
chr10:29496447-29496597	1	1	0	0	distal	.	.
chr10:30168258-30168408	1	1	0	0	distal	.	.
chr10:30784205-30784376	1	1	0	0	distal	.	.
chr10:30785121-30785449	1	1	0	0	distal	.	.
chr10:31133757-31133948	1	1	0	0	distal	.	.
chr10:31320465-31320836	2	1	0	0	proximal	ZEB1-AS1	.
chr10:32016702-32016852	1	1	0	0	distal	.	.
chr10:32347022-32347301	1	1	0	0	proximal	ENSG00000233825,EPC1-AS1	.
chr10:3239683-3239868	1	1	0	0	distal	.	.
chr10:34667822-34668008	1	1	0	0	distal	.	.
chr10:35336325-35336764	2	1	0	0	proximal	CCNY-AS1	.
chr10:35640665-35640834	1	1	0	0	proximal	ENSG00000287528	.
chr10:3785160-3785893	1	1	0	0	proximal	ENSG00000288755,KLF6	.
chr10:37857306-37857874	1	1	0	0	proximal	ENSG00000236514,ZNF248	.
chr10:37976166-37976402	1	1	0	0	proximal	ZNF25,ZNF25-DT	.
chr10:42090636-42090964	1	1	0	0	distal	.	.
chr10:42551537-42551687	2	2	1	1	distal	.	.
chr10:42578690-42578840	1	1	0	0	distal	.	.
chr10:42866795-42866998	3	2	1	1	distal	.	.
chr10:43105573-43105817	2	2	1	1	distal	.	.
chr10:43436259-43436903	1	1	0	0	proximal	ZNF487	.
chr10:43436983-43437367	1	1	0	0	proximal	ZNF487	.
chr10:43455538-43455993	1	1	0	0	distal	.	.
chr10:44233705-44233859	1	1	0	0	distal	.	.
chr10:44974970-44975172	1	1	0	0	distal	.	.
chr10:455722-455969	1	1	0	0	distal	.	.
chr10:45991565-45991723	1	1	0	0	distal	.	.
chr10:46030274-46030792	1	1	0	0	proximal	NCOA4	.
chr10:46309373-46309532	1	1	0	0	distal	.	.
chr10:46598028-46598178	1	1	0	0	proximal	ENSG00000229227,SYT15-AS1	.
chr10:46841151-46841404	2	1	0	0	distal	.	.
chr10:46845048-46845198	1	1	0	0	distal	.	.
chr10:46876989-46877150	1	1	0	0	distal	.	.
chr10:47312182-47312402	1	1	0	0	distal	.	.
chr10:47495875-47496025	1	1	0	0	proximal	ENSG00000224919	.
chr10:47570525-47570724	1	1	0	0	distal	.	.
chr10:47743605-47744154	1	1	0	0	distal	.	.
chr10:48289775-48289941	1	1	0	0	distal	.	.
chr10:48430978-48431128	1	1	0	0	distal	.	.
chr10:49022753-49022903	1	1	0	0	distal	.	.
chr10:49538955-49539292	2	1	0	0	proximal	ERCC6	.
chr10:49761816-49762522	3	1	0	0	proximal	OGDHL	.
chr10:49892803-49892953	1	1	0	0	distal	.	.
chr10:49941804-49942141	1	1	0	0	proximal	TIMM23B,TIMM23B-AGAP6	.
chr10:49978704-49979001	1	1	0	0	distal	.	.
chr10:49988445-49988735	1	1	0	0	proximal	ENSG00000285803	.
chr10:50067557-50068030	1	1	0	0	proximal	FAM21EP,WASHC2A	.
chr10:50397383-50397586	1	1	0	0	distal	.	.
chr10:50464311-50464477	1	1	0	0	distal	.	.
chr10:50624177-50625021	1	1	0	0	proximal	SGMS1	.
chr10:5548876-5549148	1	1	0	0	distal	.	.
chr10:55516239-55516389	1	1	0	0	distal	.	.
chr10:55548136-55548286	1	1	0	0	distal	.	.
chr10:55601837-55602350	1	1	0	0	distal	.	.
chr10:56360938-56361539	1	1	0	0	proximal	ENSG00000287016,ZWINT	.
chr10:5692708-5693283	1	1	0	0	distal	.	.
chr10:5812857-5813047	1	1	0	0	distal	.	.
chr10:5813345-5813981	1	1	0	0	proximal	ENSG00000272764	.
chr10:5853549-5853929	2	1	0	0	distal	.	.
chr10:5889585-5890292	2	1	0	0	proximal	ANKRD16,FBH1	.
chr10:61001374-61001696	1	1	0	0	proximal	LINC00845,RHOBTB1	.
chr10:6103093-6103293	1	1	0	0	distal	.	.
chr10:6163992-6164345	1	1	0	0	distal	.	.
chr10:61903747-61903942	1	1	0	0	distal	.	.
chr10:6194908-6195058	1	1	0	0	distal	.	.
chr10:6201562-6202021	1	1	0	0	proximal	ENSG00000213994	.
chr10:6202637-6203006	1	1	0	0	proximal	ENSG00000213994	.
chr10:63065922-63066267	1	1	0	0	distal	.	.
chr10:63268822-63269411	1	1	0	0	distal	.	.
chr10:63521102-63522208	3	1	0	0	proximal	JMJD1C,REEP3	.
chr10:63544743-63544893	1	1	0	0	distal	.	.
chr10:63605735-63605895	1	1	0	0	distal	.	.
chr10:63654315-63654465	1	1	0	0	distal	.	.
chr10:6408753-6408903	1	1	0	0	distal	.	.
chr10:67788485-67788776	2	1	0	0	distal	.	.
chr10:678464-678618	1	1	0	0	distal	.	.
chr10:67855644-67855835	1	1	0	0	distal	.	.
chr10:68166368-68166518	1	1	0	0	distal	.	.
chr10:68231080-68231910	1	1	0	0	proximal	ATOH7	.
chr10:68331522-68331756	1	1	0	0	proximal	HNRNPH3	.
chr10:68331823-68332524	3	1	0	0	proximal	HNRNPH3,PBLD	.
chr10:68332633-68332990	1	1	0	0	proximal	PBLD	.
chr10:68416941-68417091	1	1	0	0	distal	.	.
chr10:68471598-68472074	1	1	0	0	proximal	DNA2	.
chr10:68527332-68528097	1	1	0	0	proximal	SLC25A16	.
chr10:68555058-68555327	2	1	0	0	distal	.	.
chr10:68561486-68561663	2	1	0	0	distal	.	.
chr10:68759009-68759209	1	1	0	0	distal	.	.
chr10:68826752-68827610	1	1	0	0	proximal	STOX1	.
chr10:68840799-68840957	1	1	0	0	distal	.	.
chr10:68891474-68891643	1	1	0	0	distal	.	.
chr10:68900775-68901762	1	1	0	0	proximal	DDX50	.
chr10:68923972-68924416	2	1	0	0	distal	.	.
chr10:68955779-68955929	1	1	0	0	proximal	DDX21	.
chr10:68988514-68989585	1	1	0	0	proximal	KIFBP	.
chr10:69063364-69063514	1	1	0	0	distal	.	.
chr10:69318032-69318527	2	1	0	0	distal	.	.
chr10:69352216-69352402	1	1	0	0	distal	.	.
chr10:69426896-69427438	1	1	0	0	distal	.	.
chr10:69451261-69452030	1	1	0	0	proximal	TSPAN15	.
chr10:69507218-69507531	1	1	0	0	distal	.	.
chr10:69630074-69630317	1	1	0	0	proximal	FAM241B	.
chr10:69743306-69743470	1	1	0	0	distal	.	.
chr10:69958396-69958546	1	1	0	0	distal	.	.
chr10:70116303-70116501	1	1	0	0	distal	.	.
chr10:7012887-7013047	1	1	0	0	distal	.	.
chr10:70132151-70132337	1	1	0	0	proximal	AIFM2	.
chr10:70132741-70133075	1	1	0	0	proximal	AIFM2	.
chr10:70145693-70146092	2	1	0	0	proximal	TYSND1	.
chr10:70146604-70147156	3	1	0	0	proximal	TYSND1	.
chr10:70170437-70170836	1	1	0	0	proximal	SAR1A	.
chr10:70170912-70171081	1	1	0	0	proximal	SAR1A	.
chr10:70215926-70216076	1	1	0	0	distal	.	.
chr10:70382524-70382909	2	1	0	0	proximal	LRRC20	.
chr10:70403973-70404674	1	1	0	0	proximal	EIF4EBP2	.
chr10:70405049-70405199	1	1	0	0	proximal	EIF4EBP2	.
chr10:70469303-70469453	1	1	0	0	distal	.	.
chr10:70478588-70478945	1	1	0	0	proximal	PALD1	.
chr10:70583282-70583446	1	1	0	0	distal	.	.
chr10:70603691-70603893	1	1	0	0	distal	.	.
chr10:70843418-70843568	1	1	0	0	distal	.	.
chr10:70887865-70888373	1	1	0	0	proximal	PCBD1	.
chr10:70925803-70925980	1	1	0	0	distal	.	.
chr10:712090-712240	1	1	0	0	distal	.	.
chr10:71212388-71212735	1	1	0	0	proximal	UNC5B	.
chr10:71319032-71319295	1	1	0	0	proximal	SLC29A3	.
chr10:71376904-71377054	2	1	0	0	distal	.	.
chr10:71377395-71377702	1	1	0	0	distal	.	.
chr10:71384313-71384598	1	1	0	0	distal	.	.
chr10:71443567-71443717	1	1	0	0	distal	.	.
chr10:71592585-71592795	2	1	0	0	distal	.	.
chr10:71630602-71630752	1	1	0	0	distal	.	.
chr10:71765948-71766098	2	1	0	0	distal	.	.
chr10:71812035-71812241	3	1	0	0	distal	.	.
chr10:71871445-71871595	2	1	0	0	distal	.	.
chr10:71880533-71880683	1	1	0	0	distal	.	.
chr10:71888985-71889509	1	1	0	0	proximal	ENSG00000289592	.
chr10:71896906-71897165	1	1	0	0	distal	.	.
chr10:72028183-72028333	3	1	0	0	distal	.	.
chr10:72216297-72216447	1	1	0	0	proximal	ANAPC16,ASCC1	.
chr10:72255152-72255359	1	1	0	0	distal	.	.
chr10:72297668-72298456	1	1	0	0	distal	.	.
chr10:72332061-72332412	3	1	0	0	distal	.	.
chr10:72679088-72679238	1	1	0	0	distal	.	.
chr10:72711869-72712019	1	1	0	0	distal	.	.
chr10:73022177-73022327	1	1	0	0	distal	.	.
chr10:73110385-73110545	1	1	0	0	proximal	NUDT13	.
chr10:73110953-73111269	1	1	0	0	proximal	NUDT13	.
chr10:7312191-7312369	1	1	0	0	distal	.	.
chr10:73168035-73168710	1	1	0	0	proximal	ECD,FAM149B1	.
chr10:73247148-73247418	1	1	0	0	proximal	DNAJC9,DNAJC9-AS1,ENSG00000288559	.
chr10:73495523-73496203	1	1	0	0	proximal	PPP3CB,PPP3CB-AS1	.
chr10:73597301-73597451	1	1	0	0	distal	.	.
chr10:73601767-73601981	2	1	0	0	distal	.	.
chr10:73625227-73625594	3	1	0	0	proximal	ENSG00000268584,USP54	.
chr10:73625750-73626228	1	1	0	0	proximal	ENSG00000268584,USP54	.
chr10:73635776-73636090	1	1	0	0	distal	.	.
chr10:73664162-73664366	1	1	0	0	proximal	SYNPO2L	.
chr10:7370000-7370409	1	1	0	0	distal	.	.
chr10:73729842-73730819	1	1	0	0	proximal	BMS1P4,BMS1P4-AGAP5,ENSG00000290737,GLUD1P3	.
chr10:73781916-73782361	1	1	0	0	proximal	CHCHD1,ENSG00000288823	.
chr10:73848939-73849267	1	1	0	0	distal	.	.
chr10:73940707-73940925	2	1	0	0	distal	.	.
chr10:73966079-73966487	2	1	0	0	distal	.	.
chr10:73966644-73966817	2	1	0	0	distal	.	.
chr10:74176315-74176987	3	1	0	0	distal	.	.
chr10:74266349-74266672	1	1	0	0	distal	.	.
chr10:7433466-7433659	1	1	0	0	distal	.	.
chr10:74418317-74418557	1	1	0	0	distal	.	.
chr10:74543080-74543265	1	1	0	0	distal	.	.
chr10:74585438-74585597	1	1	0	0	distal	.	.
chr10:74753382-74753532	1	1	0	0	distal	.	.
chr10:74806115-74806298	1	1	0	0	distal	.	.
chr10:74825662-74827084	1	1	0	0	distal	.	.
chr10:74956013-74956163	1	1	0	0	distal	.	.
chr10:75099811-75100209	3	1	0	0	proximal	SAMD8	.
chr10:75111139-75111822	4	1	0	0	distal	.	.
chr10:75111920-75112356	1	1	0	0	distal	.	.
chr10:75210031-75211122	1	1	0	0	proximal	VDAC2	.
chr10:75358584-75359179	2	1	0	0	distal	.	.
chr10:75379287-75379595	1	1	0	0	distal	.	.
chr10:75401891-75402041	1	1	0	0	proximal	ENSG00000270087,ZNF503,ZNF503-AS2	.
chr10:7541809-7542034	1	1	0	0	distal	.	.
chr10:75461786-75461949	2	1	0	0	distal	.	.
chr10:75493378-75493528	1	1	0	0	distal	.	.
chr10:75509069-75509269	3	1	0	0	distal	.	.
chr10:75592117-75592356	2	1	0	0	proximal	ENSG00000286715	.
chr10:75592870-75593106	1	1	0	0	proximal	ENSG00000286715	.
chr10:75613636-75614127	1	1	0	0	distal	.	.
chr10:75675967-75676117	1	1	0	0	distal	.	.
chr10:7570202-7570381	1	1	0	0	distal	.	.
chr10:76103301-76103493	1	1	0	0	distal	.	.
chr10:76251928-76252538	1	1	0	0	distal	.	.
chr10:7666987-7667316	1	1	0	0	proximal	ITIH5	.
chr10:7687363-7687569	1	1	0	0	distal	.	.
chr10:77136837-77137056	1	1	0	0	distal	.	.
chr10:77165860-77166110	1	1	0	0	distal	.	.
chr10:77525741-77525911	1	1	0	0	distal	.	.
chr10:78468993-78469143	1	1	0	0	distal	.	.
chr10:78552341-78552491	2	2	1	1	proximal	ENSG00000282952	.
chr10:78852985-78853142	2	2	1	1	distal	.	.
chr10:78973510-78974137	1	1	0	0	distal	.	.
chr10:78974774-78974991	1	1	0	0	distal	.	.
chr10:79242740-79242923	3	2	1	1	distal	.	.
chr10:79347293-79347597	1	1	0	0	proximal	PPIF	.
chr10:79374654-79374912	2	2	1	1	distal	.	.
chr10:79467463-79467677	1	1	0	0	distal	.	.
chr10:79487648-79487939	1	1	0	0	distal	.	.
chr10:79490559-79490768	2	2	1	1	distal	.	.
chr10:79549588-79549759	1	1	0	0	distal	.	.
chr10:79628153-79628338	1	1	0	0	distal	.	.
chr10:79700469-79700619	1	1	0	0	distal	.	.
chr10:79779441-79779591	1	1	0	0	distal	.	.
chr10:79826121-79826911	1	1	0	0	proximal	ENSG00000272447,NUTM2B-AS1,NUTM2E	.
chr10:79904699-79905221	2	2	1	1	proximal	ENSG00000283913	.
chr10:79929221-79929389	1	1	0	0	distal	.	.
chr10:80029318-80029616	1	1	0	0	distal	.	.
chr10:80047894-80048091	1	1	0	0	distal	.	.
chr10:80177190-80177383	1	1	0	0	distal	.	.
chr10:80408414-80408640	1	1	0	0	proximal	PRXL2A	.
chr10:80662754-80662949	1	1	0	0	distal	.	.
chr10:80700030-80700180	1	1	0	0	distal	.	.
chr10:819962-820192	1	1	0	0	distal	.	.
chr10:85225417-85225567	1	1	0	0	distal	.	.
chr10:85603545-85603808	1	1	0	0	distal	.	.
chr10:85939628-85939778	1	1	0	0	distal	.	.
chr10:86128613-86128807	1	1	0	0	distal	.	.
chr10:86199417-86199567	1	1	0	0	distal	.	.
chr10:86366489-86366639	1	1	0	0	proximal	GRID1	.
chr10:86366750-86366961	1	1	0	0	proximal	GRID1	.
chr10:86387556-86387782	1	1	0	0	distal	.	.
chr10:86423837-86423987	1	1	0	0	distal	.	.
chr10:86711211-86711738	2	1	0	0	distal	.	.
chr10:86769466-86769645	1	1	0	0	distal	.	.
chr10:86823610-86823884	1	1	0	0	distal	.	.
chr10:86854503-86854653	1	1	0	0	distal	.	.
chr10:86865873-86866023	1	1	0	0	distal	.	.
chr10:86939345-86939767	2	1	0	0	distal	.	.
chr10:86966625-86966798	2	1	0	0	distal	.	.
chr10:87073279-87073429	2	1	0	0	distal	.	.
chr10:87085143-87085293	1	1	0	0	distal	.	.
chr10:87094589-87095871	1	1	0	0	proximal	GLUD1	.
chr10:87203532-87204075	2	1	0	0	proximal	ENSG00000287077	.
chr10:87204268-87204459	1	1	0	0	proximal	ENSG00000287077	.
chr10:87504653-87504995	2	1	0	0	proximal	ENSG00000286445,MINPP1	.
chr10:87808831-87808981	1	1	0	0	distal	.	.
chr10:87863112-87863771	3	1	0	0	proximal	ENSG00000289051,KLLN,PTEN	.
chr10:88528531-88528902	1	1	0	0	distal	.	.
chr10:88536700-88536850	1	1	0	0	distal	.	.
chr10:91162878-91163358	1	1	0	0	proximal	PCGF5	.
chr10:91287166-91287316	1	1	0	0	distal	.	.
chr10:91635478-91635703	1	1	0	0	distal	.	.
chr10:91796378-91796645	1	1	0	0	distal	.	.
chr10:91798208-91798816	1	1	0	0	proximal	TNKS2,TNKS2-DT	.
chr10:91923366-91923567	1	1	0	0	proximal	BTAF1	.
chr10:92689530-92689918	1	1	0	0	proximal	HHEX	.
chr10:92843161-92843346	1	1	0	0	distal	.	.
chr10:92892459-92892843	1	1	0	0	distal	.	.
chr10:93110129-93110301	1	1	0	0	distal	.	.
chr10:93160513-93160663	1	1	0	0	distal	.	.
chr10:93496056-93496866	1	1	0	0	proximal	CEP55	.
chr10:93861205-93861370	1	1	0	0	distal	.	.
chr10:94103911-94104092	1	1	0	0	distal	.	.
chr10:94402195-94402953	3	1	0	0	proximal	TBC1D12	.
chr10:94634847-94635160	1	1	0	0	distal	.	.
chr10:95655881-95656236	1	1	0	0	proximal	ALDH18A1	.
chr10:95907451-95907729	1	1	0	0	proximal	CC2D2B	.
chr10:96043133-96043831	1	1	0	0	proximal	CCNJ	.
chr10:96062084-96062234	1	1	0	0	distal	.	.
chr10:96089605-96090441	1	1	0	0	proximal	ENTPD1-AS1	.
chr10:96129647-96130501	1	1	0	0	proximal	ENSG00000287009,ZNF518A	.
chr10:96162107-96162257	1	1	0	0	distal	.	.
chr10:96586796-96587554	1	1	0	0	proximal	TM9SF3	.
chr10:96903317-96903494	1	1	0	0	distal	.	.
chr10:97072932-97073121	1	1	0	0	distal	.	.
chr10:97196209-97196620	1	1	0	0	proximal	ENSG00000286683	.
chr10:97263358-97263511	1	1	0	0	distal	.	.
chr10:97292230-97292965	1	1	0	0	proximal	ARHGAP19,ARHGAP19-SLIT1	.
chr10:97318880-97319405	1	1	0	0	proximal	FRAT1	.
chr10:97334931-97335169	2	1	0	0	proximal	ENSG00000225850,FRAT2	.
chr10:97425882-97426376	2	1	0	0	proximal	PGAM1,RRP12	.
chr10:97498100-97498974	3	1	0	0	proximal	MMS19,UBTD1	.
chr10:97529640-97529792	1	1	0	0	distal	.	.
chr10:97553594-97553744	1	1	0	0	distal	.	.
chr10:97572289-97572530	2	1	0	0	proximal	ANKRD2	.
chr10:97633099-97633345	1	1	0	0	proximal	MORN4	.
chr10:97633411-97633948	1	1	0	0	proximal	MORN4	.
chr10:97714352-97714754	1	1	0	0	distal	.	.
chr10:97736984-97737651	1	1	0	0	proximal	ZFYVE27	.
chr10:97791354-97791807	1	1	0	0	distal	.	.
chr10:98011415-98011594	1	1	0	0	distal	.	.
chr10:98170537-98170793	1	1	0	0	distal	.	.
chr10:99392797-99392980	2	1	0	0	distal	.	.
chr10:99520953-99521103	2	1	0	0	distal	.	.
chr10:99532771-99532925	1	1	0	0	proximal	NKX2-3	.
chr10:99533098-99533290	2	1	0	0	proximal	NKX2-3	.
chr10:99659269-99659858	2	1	0	0	proximal	ENSG00000229278,ENTPD7	.
chr10:99845866-99846063	1	1	0	0	distal	.	.
chr10:99896175-99896565	1	1	0	0	distal	.	.
chr10:99957013-99957196	1	1	0	0	distal	.	.
chr11:101864924-101865074	1	1	0	0	distal	.	.
chr11:102111124-102111327	1	1	0	0	proximal	ENSG00000277459,YAP1	.
chr11:102346688-102347531	1	1	0	0	proximal	BIRC2,ENSG00000288833	.
chr11:102374666-102375391	1	1	0	0	distal	.	.
chr11:102495505-102496084	1	1	0	0	distal	.	.
chr11:102898147-102898297	2	1	0	0	distal	.	.
chr11:10304695-10305171	1	1	0	0	proximal	ADM,SBF2	.
chr11:10305489-10305747	1	1	0	0	proximal	ADM,SBF2	.
chr11:103351058-103351279	1	1	0	0	distal	.	.
chr11:10351682-10351992	1	1	0	0	distal	.	.
chr11:10408606-10408777	1	1	0	0	distal	.	.
chr11:10540637-10540803	1	1	0	0	proximal	IRAG1-AS1,RNF141	.
chr11:10540865-10541804	2	1	0	0	proximal	IRAG1-AS1,RNF141	.
chr11:10669402-10670136	1	1	0	0	distal	.	.
chr11:10735651-10736081	1	1	0	0	distal	.	.
chr11:107457720-107458257	1	1	0	0	proximal	CWF19L2	.
chr11:107565236-107565850	3	1	0	0	proximal	ALKBH8	.
chr11:107590969-107591572	1	1	0	0	proximal	ELMOD1	.
chr11:10761417-10761632	1	1	0	0	distal	.	.
chr11:10792451-10792758	1	1	0	0	distal	.	.
chr11:10808214-10808390	1	1	0	0	proximal	EIF4G2,ENSG00000246308	.
chr11:108497673-108498535	1	1	0	0	proximal	POGLUT3	.
chr11:10857703-10858338	2	1	0	0	proximal	ZBED5,ZBED5-AS1	.
chr11:10864347-10864542	1	1	0	0	distal	.	.
chr11:108659676-108659866	1	1	0	0	distal	.	.
chr11:108664833-108665247	1	1	0	0	proximal	DDX10	.
chr11:10878541-10878877	1	1	0	0	distal	.	.
chr11:10933833-10934048	2	1	0	0	distal	.	.
chr11:10934126-10934346	1	1	0	0	distal	.	.
chr11:110208767-110209243	1	1	0	0	distal	.	.
chr11:110256106-110256259	1	1	0	0	distal	.	.
chr11:11156015-11156276	1	1	0	0	proximal	ENSG00000289976	.
chr11:111735743-111735983	1	1	0	0	distal	.	.
chr11:111766037-111766725	1	1	0	0	proximal	PPP2R1B	.
chr11:111926674-111927320	1	1	0	0	proximal	DIXDC1	.
chr11:111937030-111937460	1	1	0	0	distal	.	.
chr11:112024929-112025676	2	1	0	0	proximal	DLAT	.
chr11:112042164-112042314	1	1	0	0	distal	.	.
chr11:112055216-112055609	1	1	0	0	distal	.	.
chr11:112145440-112145590	1	1	0	0	distal	.	.
chr11:112227034-112227211	1	1	0	0	proximal	PTS	.
chr11:112280624-112280960	1	1	0	0	distal	.	.
chr11:112406275-112406425	1	1	0	0	distal	.	.
chr11:112913005-112913155	1	1	0	0	distal	.	.
chr11:113289644-113289850	1	1	0	0	distal	.	.
chr11:113580626-113580802	1	1	0	0	distal	.	.
chr11:113664686-113665099	1	1	0	0	distal	.	.
chr11:113906197-113906357	1	1	0	0	distal	.	.
chr11:114059323-114059641	1	1	0	0	proximal	ENSG00000289230,ZBTB16	.
chr11:114154994-114155144	1	1	0	0	distal	.	.
chr11:114166158-114166438	1	1	0	0	distal	.	.
chr11:114234240-114234390	1	1	0	0	distal	.	.
chr11:114439270-114439677	1	1	0	0	proximal	REXO2	.
chr11:115207159-115207558	1	1	0	0	distal	.	.
chr11:115504349-115504823	1	1	0	0	proximal	CADM1	.
chr11:116499746-116499896	1	1	0	0	proximal	LINC02151	.
chr11:116760278-116760428	1	1	0	0	distal	.	.
chr11:116835930-116836385	1	1	0	0	proximal	APOA1-AS	.
chr11:116983794-116983944	1	1	0	0	distal	.	.
chr11:117138630-117139165	1	1	0	0	distal	.	.
chr11:117144141-117144597	3	1	0	0	proximal	PAFAH1B2	.
chr11:117145056-117145220	1	1	0	0	proximal	PAFAH1B2	.
chr11:117178642-117178982	1	1	0	0	proximal	SIDT2	.
chr11:117315717-117316123	1	1	0	0	proximal	BACE1	.
chr11:117427261-117427537	1	1	0	0	distal	.	.
chr11:117817805-117817993	1	1	0	0	proximal	DSCAML1,ENSG00000254844	.
chr11:117860926-117861083	1	1	0	0	distal	.	.
chr11:117876644-117876866	2	1	0	0	proximal	FXYD6,FXYD6-FXYD2	.
chr11:117986041-117986478	2	1	0	0	proximal	IL10RA	.
chr11:118037506-118037656	1	1	0	0	distal	.	.
chr11:118145304-118145828	1	1	0	0	distal	.	.
chr11:118331938-118332088	1	1	0	0	distal	.	.
chr11:118359470-118359633	1	1	0	0	proximal	UBE4A	.
chr11:11841436-11842133	1	1	0	0	proximal	USP47	.
chr11:11842303-11842758	1	1	0	0	distal	.	.
chr11:11849395-11849670	2	1	0	0	distal	.	.
chr11:118551442-118551615	1	1	0	0	distal	.	.
chr11:118572042-118572734	3	1	0	0	proximal	ARCN1,IFT46	.
chr11:118621232-118621586	1	1	0	0	distal	.	.
chr11:118634790-118635006	2	1	0	0	distal	.	.
chr11:118659479-118659703	1	1	0	0	distal	.	.
chr11:118689824-118690511	1	1	0	0	distal	.	.
chr11:11876394-11876715	1	1	0	0	distal	.	.
chr11:118829564-118829759	1	1	0	0	distal	.	.
chr11:118911952-118912298	2	1	0	0	distal	.	.
chr11:118918168-118918346	1	1	0	0	distal	.	.
chr11:118929261-118929724	3	1	0	0	distal	.	.
chr11:118997372-118997736	2	1	0	0	proximal	CENATAC,CENATAC-DT	.
chr11:118998274-118998837	2	1	0	0	proximal	CENATAC,CENATAC-DT	.
chr11:119067575-119067925	1	1	0	0	proximal	VPS11,VPS11-DT	.
chr11:119084784-119085468	1	1	0	0	proximal	HMBS	.
chr11:119095335-119095843	3	1	0	0	proximal	H2AX	.
chr11:119102486-119102636	1	1	0	0	proximal	C2CD2L	.
chr11:119107222-119107417	2	1	0	0	distal	.	.
chr11:119121224-119121924	3	1	0	0	proximal	HINFP	.
chr11:119148048-119148479	2	1	0	0	proximal	ABCG4	.
chr11:119148986-119149333	1	1	0	0	proximal	ABCG4	.
chr11:119181882-119182083	1	1	0	0	distal	.	.
chr11:119196982-119197160	1	1	0	0	proximal	CCDC153	.
chr11:119205783-119206491	2	1	0	0	proximal	CBL	.
chr11:119334186-119334608	1	1	0	0	proximal	RNF26	.
chr11:119374258-119374419	1	1	0	0	distal	.	.
chr11:119533987-119534332	2	1	0	0	distal	.	.
chr11:119560435-119560663	1	1	0	0	distal	.	.
chr11:119666532-119666693	2	1	0	0	distal	.	.
chr11:119729356-119729612	1	1	0	0	proximal	NECTIN1,NECTIN1-DT	.
chr11:119741379-119741580	1	1	0	0	distal	.	.
chr11:120197320-120197844	1	1	0	0	distal	.	.
chr11:120300083-120300249	1	1	0	0	distal	.	.
chr11:120324836-120325380	2	1	0	0	proximal	TLCD5	.
chr11:120325486-120325745	1	1	0	0	proximal	TLCD5	.
chr11:120356895-120357045	1	1	0	0	distal	.	.
chr11:120494689-120494846	1	1	0	0	distal	.	.
chr11:120501744-120501903	1	1	0	0	distal	.	.
chr11:120660144-120660353	2	1	0	0	distal	.	.
chr11:12066719-12067037	1	1	0	0	proximal	ENSG00000254991	.
chr11:120758964-120759125	1	1	0	0	distal	.	.
chr11:120847786-120847982	1	1	0	0	distal	.	.
chr11:12110367-12110906	2	1	0	0	distal	.	.
chr11:121292513-121292977	1	1	0	0	proximal	SC5D	.
chr11:12167406-12167556	1	1	0	0	distal	.	.
chr11:122655595-122655827	1	1	0	0	proximal	UBASH3B	.
chr11:122656426-122657068	1	1	0	0	distal	.	.
chr11:122692482-122692707	1	1	0	0	distal	.	.
chr11:122814579-122814729	1	1	0	0	distal	.	.
chr11:123016788-123016938	1	1	0	0	distal	.	.
chr11:123188548-123188781	1	1	0	0	proximal	ENSG00000254710	.
chr11:123261326-123261748	1	1	0	0	distal	.	.
chr11:123358194-123358591	2	1	0	0	proximal	GRAMD1B	.
chr11:123430897-123431341	1	1	0	0	distal	.	.
chr11:123555072-123555233	1	1	0	0	distal	.	.
chr11:123730751-123730901	1	1	0	0	distal	.	.
chr11:124739502-124740402	3	1	0	0	proximal	NRGN	.
chr11:124763175-124763509	1	1	0	0	distal	.	.
chr11:124866355-124866528	1	1	0	0	distal	.	.
chr11:12496434-12496584	1	1	0	0	distal	.	.
chr11:125062605-125063451	2	1	0	0	proximal	SLC37A2	.
chr11:125095139-125095289	1	1	0	0	distal	.	.
chr11:125111438-125112079	1	1	0	0	proximal	ENSG00000289631,TMEM218	.
chr11:125164524-125164963	1	1	0	0	proximal	PKNOX2,PKNOX2-DT	.
chr11:125404583-125405090	1	1	0	0	distal	.	.
chr11:125569238-125569827	1	1	0	0	proximal	EI24	.
chr11:125580116-125580266	1	1	0	0	distal	.	.
chr11:125618469-125618689	1	1	0	0	distal	.	.
chr11:125864093-125864243	1	1	0	0	distal	.	.
chr11:125887498-125887740	1	1	0	0	distal	.	.
chr11:125932820-125933152	1	1	0	0	distal	.	.
chr11:125947347-125947512	1	1	0	0	distal	.	.
chr11:126062389-126063606	1	1	0	0	proximal	CDON	.
chr11:126146792-126147306	1	1	0	0	distal	.	.
chr11:126159795-126160171	2	1	0	0	proximal	ENSG00000254833	.
chr11:126210953-126211453	2	1	0	0	proximal	FAM118B,RPUSD4	.
chr11:126283447-126283673	1	1	0	0	distal	.	.
chr11:126303451-126304129	1	1	0	0	proximal	DCPS,TIRAP-AS1	.
chr11:126304214-126304475	1	1	0	0	proximal	DCPS,TIRAP-AS1	.
chr11:126355223-126355719	1	1	0	0	proximal	GSEC,ST3GAL4	.
chr11:126480639-126480986	1	1	0	0	distal	.	.
chr11:126536100-126536373	1	1	0	0	distal	.	.
chr11:12673991-12674539	1	1	0	0	proximal	TEAD1	.
chr11:12746606-12747080	1	1	0	0	distal	.	.
chr11:12800008-12800320	1	1	0	0	distal	.	.
chr11:128522174-128522763	1	1	0	0	distal	.	.
chr11:12894155-12894350	1	1	0	0	distal	.	.
chr11:129211490-129211760	1	1	0	0	distal	.	.
chr11:129364083-129364658	1	1	0	0	distal	.	.
chr11:129583051-129583201	1	1	0	0	distal	.	.
chr11:129641683-129641833	1	1	0	0	distal	.	.
chr11:129695618-129695835	1	1	0	0	distal	.	.
chr11:129729058-129729208	2	1	0	0	distal	.	.
chr11:130069238-130070026	2	1	0	0	distal	.	.
chr11:130213223-130213500	1	1	0	0	distal	.	.
chr11:130384453-130384603	1	1	0	0	distal	.	.
chr11:13224053-13224263	1	1	0	0	distal	.	.
chr11:134247515-134247665	1	1	0	0	distal	.	.
chr11:134360301-134360578	1	1	0	0	distal	.	.
chr11:13668959-13669468	1	1	0	0	proximal	FAR1,FAR1-IT1	.
chr11:13883390-13883540	1	1	0	0	distal	.	.
chr11:14486316-14486469	1	1	0	0	distal	.	.
chr11:14499678-14500149	1	1	0	0	proximal	COPB1	.
chr11:14643549-14644373	1	1	0	0	proximal	PDE3B,PSMA1	.
chr11:14764050-14764200	1	1	0	0	distal	.	.
chr11:14886012-14886177	1	1	0	0	distal	.	.
chr11:15202875-15203025	1	1	0	0	distal	.	.
chr11:15208698-15208923	1	1	0	0	distal	.	.
chr11:16738350-16738954	2	1	0	0	proximal	SOX6	.
chr11:17036714-17036869	1	1	0	0	distal	.	.
chr11:17207601-17207804	1	1	0	0	proximal	NUCB2,PIK3C2A	.
chr11:17352152-17352390	1	1	0	0	proximal	ENSG00000285545,NCR3LG1	.
chr11:17734489-17734803	1	1	0	0	proximal	KCNC1	.
chr11:17882680-17882830	1	1	0	0	distal	.	.
chr11:17984647-17984797	1	1	0	0	distal	.	.
chr11:18001927-18002077	1	1	0	0	distal	.	.
chr11:18012284-18013381	1	1	0	0	proximal	SERGEF	.
chr11:18275012-18275184	1	1	0	0	distal	.	.
chr11:18321896-18322835	1	1	0	0	proximal	GTF2H1,HPS5	.
chr11:18395863-18396569	1	1	0	0	distal	.	.
chr11:18412209-18412359	1	1	0	0	proximal	LDHC	.
chr11:18527160-18527333	1	1	0	0	proximal	ENSG00000289499,TSG101	.
chr11:18588306-18588585	1	1	0	0	proximal	SPTY2D1OS,UEVLD	.
chr11:18588648-18589276	2	1	0	0	proximal	SPTY2D1OS,UEVLD	.
chr11:18634138-18634639	2	1	0	0	proximal	SPTY2D1	.
chr11:18634751-18635063	1	1	0	0	proximal	SPTY2D1	.
chr11:1875272-1875490	1	1	0	0	distal	.	.
chr11:18853455-18853605	1	1	0	0	distal	.	.
chr11:1888605-1888755	1	1	0	0	distal	.	.
chr11:19089226-19089376	1	1	0	0	distal	.	.
chr11:19156677-19156827	1	1	0	0	distal	.	.
chr11:19449301-19449501	1	1	0	0	distal	.	.
chr11:19489214-19489481	1	1	0	0	distal	.	.
chr11:19740917-19741108	1	1	0	0	distal	.	.
chr11:20438500-20438650	1	1	0	0	distal	.	.
chr11:207353-208004	3	2	1	1	proximal	BET1L,RIC8A	.
chr11:208777-208974	2	2	1	1	distal	.	.
chr11:2161731-2161921	1	1	0	0	proximal	INS,INS-IGF2	.
chr11:2377126-2377361	1	1	0	0	proximal	CD81-AS1	.
chr11:250840-251004	1	1	0	0	distal	.	.
chr11:2566888-2567038	1	1	0	0	distal	.	.
chr11:27362776-27363514	1	1	0	0	proximal	CCDC34	.
chr11:27699006-27699278	1	1	0	0	distal	.	.
chr11:288882-289150	1	1	0	0	proximal	PGGHG	.
chr11:2902019-2902401	1	1	0	0	distal	.	.
chr11:3057757-3057999	1	1	0	0	proximal	CARS1,ENSG00000285644	.
chr11:31509446-31510201	2	1	0	0	proximal	ELP4,IMMP1L	.
chr11:31811100-31811528	1	1	0	0	proximal	PAUPAR	.
chr11:318936-319229	1	1	0	0	proximal	ENSG00000251661	.
chr11:32013863-32014013	1	1	0	0	distal	.	.
chr11:3217144-3217511	2	1	0	0	distal	.	.
chr11:32358775-32359118	1	1	0	0	distal	.	.
chr11:32435578-32435869	1	1	0	0	proximal	WT1,WT1-AS	.
chr11:32829688-32830165	1	1	0	0	proximal	PRRG4	.
chr11:32833797-32834016	1	1	0	0	distal	.	.
chr11:32892947-32893172	1	1	0	0	proximal	QSER1	.
chr11:32893340-32893949	2	1	0	0	proximal	QSER1	.
chr11:33065695-33065906	1	1	0	0	distal	.	.
chr11:33178492-33178642	2	1	0	0	distal	.	.
chr11:33197942-33198092	1	1	0	0	distal	.	.
chr11:33257099-33258042	1	1	0	0	proximal	HIPK3	.
chr11:33375830-33376105	2	1	0	0	proximal	KIAA1549L	.
chr11:33543102-33543252	1	1	0	0	distal	.	.
chr11:33650117-33650267	2	1	0	0	distal	.	.
chr11:33655776-33655926	1	1	0	0	distal	.	.
chr11:33736202-33736629	1	1	0	0	proximal	CD59	.
chr11:33774455-33774802	1	1	0	0	proximal	FBXO3,FBXO3-DT	.
chr11:3378941-3379450	1	1	0	0	proximal	ZNF195	.
chr11:33793026-33793259	1	1	0	0	distal	.	.
chr11:33802675-33802924	1	1	0	0	distal	.	.
chr11:33808310-33808510	1	1	0	0	distal	.	.
chr11:33887955-33888160	1	1	0	0	distal	.	.
chr11:33988123-33988288	2	1	0	0	distal	.	.
chr11:34006931-34007151	2	1	0	0	distal	.	.
chr11:34118460-34118610	1	1	0	0	distal	.	.
chr11:34357839-34358278	1	1	0	0	proximal	ABTB2	.
chr11:34399611-34399761	1	1	0	0	distal	.	.
chr11:34438551-34439446	1	1	0	0	proximal	CAT	.
chr11:34445576-34445726	1	1	0	0	distal	.	.
chr11:34539028-34539178	1	1	0	0	distal	.	.
chr11:34601131-34601307	1	1	0	0	distal	.	.
chr11:34899128-34899280	1	1	0	0	distal	.	.
chr11:34915872-34916745	2	1	0	0	proximal	APIP,PDHX	.
chr11:3580804-3581074	1	1	0	0	proximal	ENSG00000255367	.
chr11:36022967-36023117	1	1	0	0	distal	.	.
chr11:36104705-36104865	2	1	0	0	distal	.	.
chr11:3641871-3642446	1	1	0	0	proximal	ART5	.
chr11:36594261-36594865	1	1	0	0	proximal	IFTAP	.
chr11:3824750-3824988	2	1	0	0	distal	.	.
chr11:3854930-3855194	2	1	0	0	proximal	ENSG00000229368,STIM1,STIM1-AS1	.
chr11:3855323-3855766	1	1	0	0	proximal	ENSG00000229368,STIM1-AS1	.
chr11:4250629-4250863	1	1	0	0	distal	.	.
chr11:43579617-43579832	1	1	0	0	proximal	ENSG00000283341	.
chr11:43833463-43833613	1	1	0	0	distal	.	.
chr11:44095543-44096004	2	1	0	0	proximal	EXT2	.
chr11:44978081-44978235	1	1	0	0	distal	.	.
chr11:45233639-45233789	1	1	0	0	distal	.	.
chr11:45251518-45251668	2	2	1	1	distal	.	.
chr11:45331559-45331709	1	1	0	0	distal	.	.
chr11:45332555-45332715	1	1	0	0	distal	.	.
chr11:45371313-45371464	1	1	0	0	proximal	LINC02687	.
chr11:45624437-45624587	2	2	1	1	distal	.	.
chr11:45655281-45655532	1	1	0	0	distal	.	.
chr11:45694386-45694560	1	1	0	0	distal	.	.
chr11:45714671-45714932	1	1	0	0	distal	.	.
chr11:45771122-45771449	1	1	0	0	proximal	LINC02716	.
chr11:45804051-45804201	1	1	0	0	proximal	SLC35C1	.
chr11:45804585-45805185	3	2	1	1	proximal	SLC35C1	.
chr11:45847631-45848137	2	1	0	0	proximal	CRY2	.
chr11:45885416-45885704	1	1	0	0	proximal	MAPK8IP1	.
chr11:45899702-45900206	1	1	0	0	distal	.	.
chr11:45983058-45983485	2	1	0	0	distal	.	.
chr11:46239158-46239436	1	1	0	0	proximal	ENSG00000254639	.
chr11:46347197-46347540	1	1	0	0	distal	.	.
chr11:46369570-46369720	2	1	0	0	distal	.	.
chr11:46389525-46389679	3	1	0	0	distal	.	.
chr11:46415101-46415251	2	1	0	0	distal	.	.
chr11:46593430-46593855	3	1	0	0	proximal	AMBRA1	.
chr11:46593970-46594212	3	1	0	0	proximal	AMBRA1	.
chr11:46617081-46617384	1	1	0	0	proximal	ATG13,HARBI1	.
chr11:46700279-46700921	2	1	0	0	proximal	ARHGAP1,ZNF408	.
chr11:46732394-46732545	1	1	0	0	distal	.	.
chr11:46846026-46846438	1	1	0	0	proximal	CKAP5,LRP4-AS1	.
chr11:468627-469202	2	1	0	0	distal	.	.
chr11:46918500-46918690	2	1	0	0	proximal	LRP4	.
chr11:46936573-46936855	2	1	0	0	proximal	CSTPP1	.
chr11:46948283-46948585	1	1	0	0	distal	.	.
chr11:47118648-47119504	1	1	0	0	distal	.	.
chr11:47153211-47153361	1	1	0	0	distal	.	.
chr11:47154389-47154564	1	1	0	0	distal	.	.
chr11:47186456-47186611	2	1	0	0	proximal	PACSIN3	.
chr11:47214289-47214533	1	1	0	0	proximal	DDB2	.
chr11:47214791-47215260	1	1	0	0	proximal	DDB2	.
chr11:47248754-47249017	1	1	0	0	proximal	ACP2,NR1H3	.
chr11:47269003-47269406	1	1	0	0	proximal	MADD	.
chr11:47269572-47270184	2	1	0	0	proximal	MADD	.
chr11:47305737-47305887	1	1	0	0	distal	.	.
chr11:47355027-47355733	1	1	0	0	distal	.	.
chr11:47408050-47408617	1	1	0	0	distal	.	.
chr11:47426137-47426310	1	1	0	0	proximal	PSMC3	.
chr11:47426394-47427281	2	1	0	0	proximal	PSMC3	.
chr11:47499741-47500076	1	1	0	0	distal	.	.
chr11:47524550-47524700	1	1	0	0	distal	.	.
chr11:47552815-47552998	1	1	0	0	distal	.	.
chr11:47565486-47565998	1	1	0	0	proximal	CELF1,NDUFS3,PTPMT1	.
chr11:47566182-47566332	2	1	0	0	proximal	CELF1,NDUFS3,PTPMT1	.
chr11:47594013-47594167	1	1	0	0	proximal	C1QTNF4	.
chr11:47821355-47821505	1	1	0	0	distal	.	.
chr11:47824960-47825110	1	1	0	0	distal	.	.
chr11:47834996-47835146	1	1	0	0	distal	.	.
chr11:47847839-47848678	2	1	0	0	proximal	NUP160	.
chr11:47881544-47881750	1	1	0	0	distal	.	.
chr11:4901276-4901426	1	1	0	0	distal	.	.
chr11:5380808-5380988	1	1	0	0	distal	.	.
chr11:57294577-57294727	1	1	0	0	distal	.	.
chr11:57324890-57325332	1	1	0	0	proximal	ENSG00000254662,TNKS1BP1	.
chr11:57349910-57350082	1	1	0	0	distal	.	.
chr11:57499611-57500012	2	1	0	0	distal	.	.
chr11:57598096-57598289	1	1	0	0	proximal	SERPING1	.
chr11:57612379-57612557	1	1	0	0	distal	.	.
chr11:57644831-57645034	1	1	0	0	distal	.	.
chr11:57667052-57667565	1	1	0	0	proximal	ZDHHC5	.
chr11:57711839-57712729	1	1	0	0	proximal	ENSG00000288534,MED19,TMX2	.
chr11:57741125-57741694	1	1	0	0	proximal	ENSG00000254732,SELENOH	.
chr11:58203328-58203486	1	1	0	0	proximal	OR1S2	.
chr11:585319-585696	1	1	0	0	distal	.	.
chr11:59668508-59669370	1	1	0	0	proximal	PATL1,PATL1-DT	.
chr11:59754866-59755070	1	1	0	0	proximal	ENSG00000254477	.
chr11:60775439-60775741	3	3	1	1	distal	.	.
chr11:60906330-60906843	2	1	0	0	proximal	PRPF19,PRPF19-DT	.
chr11:60970413-60970577	1	1	0	0	distal	.	.
chr11:61129704-61130404	1	1	0	0	distal	.	.
chr11:61149918-61150068	4	3	1	1	distal	.	.
chr11:61254500-61254717	2	1	0	0	distal	.	.
chr11:61290070-61290220	1	1	0	0	distal	.	.
chr11:61333031-61333569	2	2	0	0	proximal	TKFC	.
chr11:61361812-61362417	5	3	1	1	proximal	CYB561A3,TMEM138	.
chr11:61392335-61392908	3	3	1	1	proximal	TMEM216	.
chr11:61418929-61419079	1	1	0	0	distal	.	.
chr11:61429336-61430167	3	1	0	0	proximal	CPSF7,ENSG00000256591,SDHAF2	.
chr11:61567218-61567805	3	2	2	1	distal	.	.
chr11:61581022-61581725	3	1	0	0	proximal	SYT7	.
chr11:61638522-61638723	1	1	0	0	distal	.	.
chr11:61680239-61680389	2	2	0	0	proximal	DAGLA	.
chr11:61701205-61701608	3	2	0	0	distal	.	.
chr11:61715968-61716118	3	2	2	1	distal	.	.
chr11:61718539-61718925	1	1	0	0	distal	.	.
chr11:6173786-6173936	1	1	0	0	distal	.	.
chr11:61776612-61776824	2	2	1	1	distal	.	.
chr11:61792275-61793182	1	1	0	0	proximal	FADS2,FEN1,TMEM258	.
chr11:61816764-61817171	1	1	0	0	distal	.	.
chr11:61871177-61871469	1	1	0	0	distal	.	.
chr11:61897726-61897905	1	1	0	0	distal	.	.
chr11:61899155-61899628	2	2	0	0	distal	.	.
chr11:61917464-61917647	1	1	0	0	distal	.	.
chr11:61949491-61949670	1	1	0	0	proximal	BEST1	.
chr11:61967472-61967852	1	1	0	0	proximal	FTH1	.
chr11:61968398-61968569	3	2	0	0	proximal	FTH1	.
chr11:62082106-62082344	2	1	0	0	proximal	LINC02733	.
chr11:62123672-62124463	2	1	0	0	proximal	ENSG00000285656,INCENP	.
chr11:62171293-62171747	4	2	1	1	distal	.	.
chr11:62245262-62245504	1	1	0	0	distal	.	.
chr11:62316506-62316766	1	1	0	0	distal	.	.
chr11:62337590-62338028	2	1	0	0	proximal	ASRGL1,ENSG00000255118	.
chr11:62367388-62367538	1	1	0	0	distal	.	.
chr11:62380674-62381060	2	1	0	0	distal	.	.
chr11:62389275-62389594	2	1	0	0	distal	.	.
chr11:62407679-62407872	1	1	0	0	distal	.	.
chr11:62424819-62425041	4	2	2	2	distal	.	.
chr11:62591438-62591901	1	1	0	0	proximal	ENSG00000255508,TUT1	.
chr11:62592074-62592300	3	1	0	0	proximal	ENSG00000255508,TUT1	.
chr11:62593653-62593821	1	1	0	0	distal	.	.
chr11:62599227-62599456	1	1	0	0	distal	.	.
chr11:62601552-62602137	1	1	0	0	proximal	MTA2	.
chr11:62612771-62613093	1	1	0	0	proximal	EML3	.
chr11:62621633-62622368	2	1	0	0	proximal	B3GAT3	.
chr11:62634148-62634359	2	1	0	0	distal	.	.
chr11:62646041-62646854	2	1	0	0	proximal	GANAB	.
chr11:62652843-62653618	1	1	0	0	proximal	INTS5	.
chr11:62664735-62664998	1	1	0	0	proximal	C11orf98,CSKMT,ENSG00000255432	.
chr11:62665090-62665603	1	1	0	0	proximal	C11orf98,CSKMT,ENSG00000255432	.
chr11:62665754-62666014	2	1	0	0	proximal	C11orf98,CSKMT,ENSG00000255432	.
chr11:62671484-62671985	2	2	0	0	proximal	LBHD1	.
chr11:62672115-62672426	2	2	0	0	proximal	LBHD1	.
chr11:62678659-62678825	1	1	0	0	proximal	UBXN1	.
chr11:62705849-62706487	3	2	0	0	distal	.	.
chr11:62761079-62762031	1	1	0	0	proximal	POLR2G	.
chr11:62786593-62786799	2	1	0	0	proximal	ENSG00000269176,TMEM179B	.
chr11:62787209-62787593	1	1	0	0	proximal	ENSG00000269176,TMEM179B	.
chr11:62805252-62805857	2	1	0	0	proximal	NXF1	.
chr11:62831197-62831393	2	2	0	0	proximal	STX5,STX5-DT	.
chr11:62842317-62842578	1	1	0	0	proximal	WDR74	.
chr11:62850611-62850761	4	2	1	1	distal	.	.
chr11:62855747-62856342	1	1	0	0	proximal	SLC3A2,SNHG1	.
chr11:62880772-62881054	1	1	0	0	distal	.	.
chr11:62881143-62881917	2	1	0	0	distal	.	.
chr11:62888553-62888787	1	1	0	0	distal	.	.
chr11:62905994-62906263	3	1	0	0	distal	.	.
chr11:62965748-62965898	1	1	0	0	distal	.	.
chr11:63212812-63212997	1	1	0	0	distal	.	.
chr11:63453634-63453852	2	1	0	0	distal	.	.
chr11:63670920-63671950	1	1	0	0	proximal	ATL3	.
chr11:63813781-63814183	3	1	0	0	proximal	SPINDOC	.
chr11:63822251-63822418	2	1	0	0	distal	.	.
chr11:63917110-63917292	1	1	0	0	proximal	RCOR2	.
chr11:63938212-63939040	1	1	0	0	proximal	NAA40	.
chr11:63960161-63960368	1	1	0	0	distal	.	.
chr11:64060850-64061011	1	1	0	0	distal	.	.
chr11:64165811-64165999	1	1	0	0	proximal	MACROD1	.
chr11:64185629-64186414	2	1	0	0	proximal	ENSG00000289486,STIP1	.
chr11:6418935-6419529	2	1	0	0	proximal	APBB1	.
chr11:64204602-64204763	1	1	0	0	distal	.	.
chr11:64207969-64208183	1	1	0	0	distal	.	.
chr11:64225738-64226012	3	1	0	0	proximal	NUDT22,TRPT1	.
chr11:64230384-64230597	1	1	0	0	proximal	DNAJC4	.
chr11:64240855-64242086	1	1	0	0	proximal	ENSG00000286264,FKBP2	.
chr11:64246827-64247022	2	1	0	0	proximal	PPP1R14B	.
chr11:64247338-64247617	1	1	0	0	proximal	PPP1R14B	.
chr11:64269800-64270600	1	1	0	0	proximal	GPR137	.
chr11:64270805-64271063	1	1	0	0	proximal	GPR137	.
chr11:64271342-64271589	1	1	0	0	distal	.	.
chr11:64304977-64305644	2	1	0	0	proximal	ESRRA	.
chr11:64305949-64306211	1	1	0	0	proximal	ESRRA	.
chr11:64317438-64317777	2	1	0	0	proximal	PRDX5,TRMT112	.
chr11:64331633-64332020	1	1	0	0	distal	.	.
chr11:64340760-64341119	1	1	0	0	proximal	CCDC88B,ENSG00000236935	.
chr11:64356587-64356753	2	1	0	0	distal	.	.
chr11:64372720-64373389	2	1	0	0	distal	.	.
chr11:64448856-64449329	1	1	0	0	proximal	LINC02724	.
chr11:64449390-64449804	1	1	0	0	proximal	LINC02724	.
chr11:64489698-64489848	1	1	0	0	proximal	ENSG00000286816	.
chr11:64579147-64579371	1	1	0	0	distal	.	.
chr11:64653208-64653477	1	1	0	0	distal	.	.
chr11:64688365-64688704	5	1	0	0	proximal	ENSG00000289058	.
chr11:6469103-6469372	2	1	0	0	distal	.	.
chr11:64723539-64723740	2	1	0	0	proximal	NRXN2	.
chr11:64742964-64743313	1	1	0	0	distal	.	.
chr11:64743655-64743820	2	1	0	0	distal	.	.
chr11:64759679-64759846	3	1	0	0	proximal	PYGM	.
chr11:64778431-64779256	2	1	0	0	proximal	SF1,SF1-DT	.
chr11:64803139-64803419	2	1	0	0	proximal	MAP4K2	.
chr11:64803614-64804017	2	1	0	0	proximal	MAP4K2	.
chr11:64809801-64809991	4	1	0	0	distal	.	.
chr11:6481253-6481578	1	1	0	0	proximal	ARFIP2,ENSG00000283977,TIMM10B	.
chr11:64829381-64829558	1	1	0	0	distal	.	.
chr11:64847230-64847488	4	1	0	0	distal	.	.
chr11:64878129-64878920	2	1	0	0	distal	.	.
chr11:64887769-64888128	2	1	0	0	proximal	EHD1	.
chr11:64894306-64894505	3	1	0	0	proximal	MIR194-2HG	.
chr11:64916945-64917665	2	1	0	0	proximal	ATG2A,PPP2R5B	.
chr11:64924020-64924815	4	2	0	0	distal	.	.
chr11:65013496-65013875	2	1	0	0	proximal	ARL2,ARL2-SNX15	.
chr11:65013950-65014533	1	1	0	0	proximal	ARL2,ARL2-SNX15	.
chr11:65027100-65027894	6	2	0	0	proximal	SNX15	.
chr11:65041382-65041684	2	1	0	0	proximal	SAC3D1	.
chr11:65084022-65084485	2	1	0	0	proximal	CDCA5,ZFPL1	.
chr11:65110414-65110589	2	1	0	0	distal	.	.
chr11:65111560-65111902	3	1	0	0	proximal	ENSG00000254501,TM7SF2	.
chr11:65117598-65118015	2	1	0	0	proximal	ENSG00000255173,ZNHIT2	.
chr11:65122079-65122395	2	2	0	0	proximal	FAU,MRPL49	.
chr11:65134290-65135297	3	1	0	0	proximal	SYVN1	.
chr11:65169853-65170314	1	1	0	0	proximal	SPDYC	.
chr11:65204583-65205068	2	2	0	0	distal	.	.
chr11:65259911-65260212	2	1	0	0	distal	.	.
chr11:65261678-65262049	2	1	0	0	proximal	ENSG00000285816,ENSG00000287821,POLA2	.
chr11:65314605-65314923	1	1	0	0	proximal	CDC42EP2,ENSG00000287917	.
chr11:65315299-65315840	1	1	0	0	proximal	CDC42EP2,ENSG00000287917	.
chr11:65333574-65334151	1	1	0	0	proximal	DPF2	.
chr11:65340913-65341063	2	1	0	0	distal	.	.
chr11:65354196-65354404	1	1	0	0	proximal	ENSG00000289231,TIGD3	.
chr11:65354472-65355255	2	2	0	0	proximal	ENSG00000289231,TIGD3	.
chr11:65366350-65366510	2	1	0	0	distal	.	.
chr11:65382376-65382595	2	2	0	0	distal	.	.
chr11:65416406-65416616	2	2	0	0	distal	.	.
chr11:65418874-65419276	5	2	0	0	distal	.	.
chr11:65422203-65422940	2	1	0	0	proximal	NEAT1	.
chr11:65440681-65440892	1	1	0	0	distal	.	.
chr11:65497240-65498216	3	2	0	0	proximal	ENSG00000270117,MALAT1	.
chr11:65510828-65511044	1	1	0	0	distal	.	.
chr11:65524815-65525326	1	1	0	0	proximal	SCYL1	.
chr11:65546481-65546888	2	2	0	0	distal	.	.
chr11:65558565-65558715	6	2	0	0	proximal	LTBP3	.
chr11:65570001-65570564	3	2	0	0	proximal	ZNRD2,ZNRD2-DT	.
chr11:65614242-65614441	2	1	0	0	distal	.	.
chr11:65615037-65615804	1	1	0	0	proximal	MAP3K11,PCNX3	.
chr11:65637933-65638113	1	1	0	0	proximal	SIPA1	.
chr11:65652344-65652753	2	2	0	0	distal	.	.
chr11:65662870-65663385	3	1	0	0	proximal	RELA,RELA-DT	.
chr11:65663635-65663886	3	1	0	0	proximal	RELA,RELA-DT	.
chr11:65706322-65706487	2	2	0	0	distal	.	.
chr11:65712137-65712798	1	1	0	0	proximal	KAT5	.
chr11:65757077-65757232	2	2	0	0	distal	.	.
chr11:65817999-65818390	3	2	0	0	distal	.	.
chr11:65833751-65834434	4	2	0	0	proximal	SNX32	.
chr11:65858144-65858501	2	1	0	0	distal	.	.
chr11:65859329-65859739	2	1	0	0	distal	.	.
chr11:65860260-65860553	4	2	1	1	distal	.	.
chr11:65873572-65873946	1	1	0	0	proximal	EFEMP2	.
chr11:65884753-65884903	2	1	0	0	distal	.	.
chr11:65888149-65888323	3	1	0	0	proximal	FIBP	.
chr11:65888391-65888752	2	1	0	0	proximal	FIBP	.
chr11:65918964-65919523	2	2	0	0	proximal	C11orf68,DRAP1	.
chr11:65919586-65920046	3	1	0	0	proximal	C11orf68,DRAP1	.
chr11:65961380-65961804	1	1	0	0	proximal	SART1	.
chr11:65962004-65962200	2	2	0	0	proximal	SART1	.
chr11:65971286-65971499	4	2	0	0	distal	.	.
chr11:65988966-65989273	2	1	0	0	distal	.	.
chr11:66002038-66002783	1	1	0	0	proximal	BANF1,EIF1AD	.
chr11:66022461-66022957	3	2	0	0	distal	.	.
chr11:6603491-6604039	1	1	0	0	proximal	ENSG00000254400,ILK,RRP8	.
chr11:66045187-66045546	4	2	0	0	distal	.	.
chr11:66051981-66052656	3	2	0	0	distal	.	.
chr11:66097168-66097383	1	1	0	0	distal	.	.
chr11:66115020-66115170	1	1	0	0	distal	.	.
chr11:6618992-6619205	2	1	0	0	proximal	ENSG00000255680,TPP1	.
chr11:6619373-6619608	1	1	0	0	proximal	ENSG00000255680,TPP1	.
chr11:66257596-66258082	3	2	0	0	proximal	ENSG00000255320,KLC2	.
chr11:66258256-66258551	3	2	0	0	proximal	ENSG00000255320	.
chr11:66267461-66267805	4	2	1	1	proximal	KLC2-AS2,RAB1B	.
chr11:66268109-66268675	1	1	0	0	proximal	KLC2-AS2,RAB1B	.
chr11:66268741-66269071	3	2	0	0	proximal	KLC2-AS2,RAB1B	.
chr11:66282487-66282675	1	1	0	0	distal	.	.
chr11:66293056-66293206	2	2	1	1	distal	.	.
chr11:66311902-66312441	1	1	0	0	proximal	ENSG00000254458	.
chr11:66312627-66313294	1	1	0	0	proximal	ENSG00000254458,ENSG00000289560	.
chr11:66328357-66328623	4	2	1	1	distal	.	.
chr11:66345075-66345322	2	2	0	0	proximal	BRMS1	.
chr11:66347605-66348470	1	1	0	0	proximal	B4GAT1,B4GAT1-DT	.
chr11:66364037-66364187	5	2	2	2	distal	.	.
chr11:66386266-66386506	1	1	0	0	distal	.	.
chr11:66408548-66409183	2	1	0	0	proximal	ENSG00000254510	.
chr11:66421452-66422034	1	1	0	0	proximal	NPAS4	.
chr11:66430015-66430270	3	2	1	1	distal	.	.
chr11:66438976-66439234	3	2	1	1	distal	.	.
chr11:66466257-66467103	1	1	0	0	proximal	MRPL11,PELI3	.
chr11:66467241-66467398	1	1	0	0	proximal	MRPL11,PELI3	.
chr11:66480192-66480487	1	1	0	0	proximal	DPP3,DPP3-DT	.
chr11:66480585-66480765	1	1	0	0	proximal	DPP3,DPP3-DT	.
chr11:66510508-66510758	3	2	1	1	proximal	BBS1	.
chr11:66510829-66511306	1	1	0	0	proximal	BBS1	.
chr11:66545543-66545724	1	1	0	0	proximal	ACTN3,ZDHHC24	.
chr11:66545932-66546323	3	2	1	1	proximal	ACTN3,ZDHHC24	.
chr11:66554756-66554944	2	1	0	0	distal	.	.
chr11:66579101-66579292	2	1	0	0	distal	.	.
chr11:66592799-66593255	2	2	1	1	proximal	CCDC87,CCS	.
chr11:66727227-66727587	2	2	0	0	distal	.	.
chr11:66744586-66744959	3	2	2	1	proximal	C11orf80,SPTBN2	.
chr11:66745117-66745516	1	1	0	0	proximal	C11orf80,SPTBN2	.
chr11:66843252-66843534	1	1	0	0	proximal	RCE1	.
chr11:66856162-66856574	4	2	2	1	proximal	LRFN4	.
chr11:66886056-66886278	2	1	0	0	distal	.	.
chr11:66908089-66908239	2	1	0	0	distal	.	.
chr11:66957953-66958219	2	1	0	0	proximal	PC	.
chr11:66964664-66964846	1	1	0	0	distal	.	.
chr11:67151192-67151342	1	1	0	0	distal	.	.
chr11:67239516-67240198	2	2	1	1	distal	.	.
chr11:67261510-67261668	2	2	1	1	proximal	ENSG00000287934	.
chr11:67262760-67262961	1	1	0	0	distal	.	.
chr11:67266245-67266455	2	2	1	1	proximal	GRK2	.
chr11:67288411-67289055	1	1	0	0	proximal	ANKRD13D	.
chr11:67315403-67315553	2	1	0	0	distal	.	.
chr11:67317373-67317871	2	1	0	0	proximal	ENSG00000287851,RAD9A	.
chr11:67353465-67353873	3	2	1	1	proximal	ENSG00000274251	.
chr11:67356942-67357092	1	1	0	0	proximal	POLD4	.
chr11:67373038-67373287	2	2	1	1	proximal	ENSG00000256514	.
chr11:67391760-67392046	3	2	1	1	distal	.	.
chr11:67428297-67428569	1	1	0	0	proximal	RPS6KB2	.
chr11:67443440-67443850	1	1	0	0	proximal	CORO1B	.
chr11:67443939-67444250	2	2	1	1	proximal	CORO1B	.
chr11:67464628-67465105	2	1	0	0	distal	.	.
chr11:67469159-67469557	1	1	0	0	proximal	TMEM134	.
chr11:67482887-67483417	2	2	1	1	distal	.	.
chr11:67558775-67558925	1	1	0	0	distal	.	.
chr11:67583489-67584054	1	1	0	0	proximal	GSTP1	.
chr11:67615616-67615823	2	1	0	0	distal	.	.
chr11:67640037-67640336	1	1	0	0	proximal	TBX10	.
chr11:67732169-67732416	1	1	0	0	distal	.	.
chr11:67769865-67770015	2	2	1	1	distal	.	.
chr11:67805114-67806489	1	1	0	0	proximal	FAM86C2P	.
chr11:67955319-67955692	1	1	0	0	proximal	ENSG00000290995	.
chr11:67968586-67968841	1	1	0	0	distal	.	.
chr11:67997707-67997918	1	1	0	0	distal	.	.
chr11:68030140-68030708	1	1	0	0	proximal	ENSG00000255306,NDUFS8	.
chr11:68030767-68031155	1	1	0	0	proximal	ENSG00000255306,NDUFS8	.
chr11:68038581-68039024	1	1	0	0	proximal	ENSG00000289908,TCIRG1	.
chr11:68097818-68098054	1	1	0	0	distal	.	.
chr11:68121728-68122219	1	1	0	0	proximal	CHKA,CHKA-DT	.
chr11:68146823-68146998	1	1	0	0	distal	.	.
chr11:68213607-68213857	2	2	1	1	proximal	KMT5B	.
chr11:68447101-68447490	2	1	0	0	distal	.	.
chr11:68684419-68684628	2	2	1	1	proximal	GAL	.
chr11:68839244-68839654	1	1	0	0	distal	.	.
chr11:68845931-68846081	1	1	0	0	distal	.	.
chr11:68998392-68998542	2	2	1	1	distal	.	.
chr11:69048638-69049388	2	1	0	0	proximal	TPCN2	.
chr11:69101122-69101272	1	1	0	0	distal	.	.
chr11:69131628-69131800	1	1	0	0	distal	.	.
chr11:6927439-6927589	1	1	0	0	proximal	ENSG00000283415	.
chr11:69443382-69443850	1	1	0	0	distal	.	.
chr11:69675288-69675592	1	1	0	0	proximal	LTO1	.
chr11:69685983-69686193	2	1	0	0	distal	.	.
chr11:69767477-69767627	1	1	0	0	distal	.	.
chr11:69817787-69817958	1	1	0	0	distal	.	.
chr11:69910042-69910310	1	1	0	0	proximal	ENSG00000260348	.
chr11:69915554-69915775	1	1	0	0	distal	.	.
chr11:70191577-70191808	1	1	0	0	distal	.	.
chr11:7020209-7020439	1	1	0	0	proximal	NLRP14,ZNF214	.
chr11:70269765-70270770	2	1	0	0	proximal	ENSG00000289074,PPFIA1	.
chr11:70286733-70286885	1	1	0	0	distal	.	.
chr11:70592487-70592772	1	1	0	0	distal	.	.
chr11:71452943-71453257	1	1	0	0	proximal	DHCR7,NADSYN1	.
chr11:71928245-71928500	1	1	0	0	proximal	RNF121,XNDC1N,XNDC1N-ZNF705EP-ALG1L9P	.
chr11:72025022-72025517	2	1	0	0	distal	.	.
chr11:72091119-72091457	1	1	0	0	distal	.	.
chr11:72223117-72223520	2	1	0	0	proximal	INPPL1	.
chr11:72257661-72257811	1	1	0	0	distal	.	.
chr11:72328403-72328556	1	1	0	0	distal	.	.
chr11:72433824-72434776	4	1	0	0	proximal	CLPB	.
chr11:72482283-72482498	3	1	0	0	distal	.	.
chr11:72642685-72643024	2	1	0	0	proximal	PDE2A-AS1	.
chr11:72722234-72722404	1	1	0	0	distal	.	.
chr11:72752346-72752626	1	1	0	0	distal	.	.
chr11:72781804-72782005	1	1	0	0	distal	.	.
chr11:72793596-72794309	4	3	1	1	proximal	ARAP1,STARD10	.
chr11:728132-728488	4	2	1	1	distal	.	.
chr11:72813942-72814202	3	3	1	1	proximal	ATG16L2,ENSG00000285693	.
chr11:72814325-72814513	5	3	1	1	proximal	ATG16L2,ENSG00000285693	.
chr11:72821985-72822720	3	1	0	0	distal	.	.
chr11:72831534-72831713	1	1	0	0	distal	.	.
chr11:72871400-72871550	1	1	0	0	distal	.	.
chr11:73142206-73143130	1	1	0	0	proximal	FCHSD2	.
chr11:73185192-73185520	4	3	1	1	distal	.	.
chr11:73218163-73218590	2	1	0	0	proximal	ENSG00000215841,P2RY2	.
chr11:73376118-73376373	1	1	0	0	proximal	RELT	.
chr11:73597450-73597600	1	1	0	0	proximal	FAM168A	.
chr11:73624036-73624186	1	1	0	0	distal	.	.
chr11:73661023-73661296	3	2	1	1	distal	.	.
chr11:73729657-73729882	1	1	0	0	distal	.	.
chr11:73779084-73779976	1	1	0	0	distal	.	.
chr11:73788542-73788757	2	2	1	1	proximal	MRPL48	.
chr11:73931074-73931645	1	1	0	0	distal	.	.
chr11:74022096-74022246	1	1	0	0	distal	.	.
chr11:74105104-74105254	2	2	1	1	distal	.	.
chr11:74156099-74156423	1	1	0	0	distal	.	.
chr11:74229163-74229316	1	1	0	0	distal	.	.
chr11:74397821-74398252	1	1	0	0	proximal	ENSG00000254631,ENSG00000255440,PGM2L1	.
chr11:744725-744899	2	2	1	1	distal	.	.
chr11:74493019-74494147	1	1	0	0	proximal	LIPT2,LIPT2-AS1,POLD3	.
chr11:747253-747543	2	2	1	1	proximal	TALDO1	.
chr11:74748694-74748981	1	1	0	0	proximal	RNF169	.
chr11:74895768-74895952	1	1	0	0	distal	.	.
chr11:74988615-74989227	1	1	0	0	proximal	NEU3	.
chr11:75056644-75056794	1	1	0	0	distal	.	.
chr11:75062516-75062666	1	1	0	0	distal	.	.
chr11:7513573-7513818	1	1	0	0	proximal	PPFIBP2,SYT9-AS1	.
chr11:75351673-75352105	1	1	0	0	proximal	ARRB1	.
chr11:75525817-75526266	1	1	0	0	proximal	GDPD5	.
chr11:75668376-75668842	1	1	0	0	proximal	MAP6	.
chr11:75706213-75706601	1	1	0	0	distal	.	.
chr11:75723309-75723470	1	1	0	0	distal	.	.
chr11:7574165-7574385	1	1	0	0	distal	.	.
chr11:75768445-75768761	2	1	0	0	proximal	DGAT2-DT	.
chr11:75814695-75815362	1	1	0	0	proximal	UVRAG,UVRAG-DT	.
chr11:75846097-75846247	1	1	0	0	distal	.	.
chr11:76145486-76145636	1	1	0	0	distal	.	.
chr11:76152219-76152574	1	1	0	0	distal	.	.
chr11:76207624-76207795	2	1	0	0	distal	.	.
chr11:76235763-76236274	1	1	0	0	distal	.	.
chr11:76265093-76265309	1	1	0	0	distal	.	.
chr11:76411413-76411605	1	1	0	0	distal	.	.
chr11:76445236-76446108	2	1	0	0	proximal	EMSY,EMSY-DT	.
chr11:76513322-76513472	1	1	0	0	distal	.	.
chr11:76721847-76722278	1	1	0	0	distal	.	.
chr11:76782826-76783611	1	1	0	0	proximal	TSKU,TSKU-AS1	.
chr11:76889066-76889299	1	1	0	0	distal	.	.
chr11:76903650-76903800	1	1	0	0	distal	.	.
chr11:77066596-77067236	1	1	0	0	proximal	CAPN5	.
chr11:77214632-77214833	1	1	0	0	distal	.	.
chr11:77286275-77286425	1	1	0	0	distal	.	.
chr11:77287946-77288096	1	1	0	0	distal	.	.
chr11:77383982-77384134	2	2	1	1	distal	.	.
chr11:77458828-77458980	1	1	0	0	distal	.	.
chr11:77473449-77474401	2	2	1	1	proximal	ENSG00000268635,PAK1	.
chr11:77589778-77590342	1	1	0	0	proximal	AQP11	.
chr11:77637436-77637862	2	1	0	0	proximal	CLNS1A	.
chr11:777159-777328	1	1	0	0	proximal	GATD1,GATD1-DT	.
chr11:77731976-77732299	1	1	0	0	distal	.	.
chr11:777415-777815	2	1	0	0	proximal	GATD1,GATD1-DT	.
chr11:77819970-77820178	1	1	0	0	proximal	RSF1	.
chr11:77820642-77821277	2	2	1	1	proximal	AAMDC,RSF1	.
chr11:77848853-77849031	1	1	0	0	distal	.	.
chr11:77980585-77980735	1	1	0	0	distal	.	.
chr11:78020270-78020488	1	1	0	0	distal	.	.
chr11:78253372-78253522	1	1	0	0	distal	.	.
chr11:78352114-78352319	1	1	0	0	distal	.	.
chr11:78366036-78366272	1	1	0	0	distal	.	.
chr11:78416686-78416836	1	1	0	0	distal	.	.
chr11:78692351-78692562	1	1	0	0	distal	.	.
chr11:79321157-79321307	1	1	0	0	distal	.	.
chr11:79395310-79395652	1	1	0	0	distal	.	.
chr11:819394-819607	2	2	1	1	proximal	PNPLA2	.
chr11:8262713-8263134	1	1	0	0	distal	.	.
chr11:82901283-82901758	2	1	0	0	distal	.	.
chr11:83071474-83072358	1	1	0	0	proximal	RAB30,RAB30-DT	.
chr11:83193625-83193845	1	1	0	0	proximal	ANKRD42,ANKRD42-DT	.
chr11:83194611-83194779	1	1	0	0	proximal	ANKRD42,ANKRD42-DT	.
chr11:83246493-83246643	1	1	0	0	distal	.	.
chr11:832834-832984	2	1	0	0	proximal	CD151,ENSG00000255108	.
chr11:8328839-8329198	1	1	0	0	distal	.	.
chr11:85664582-85665286	1	1	0	0	distal	.	.
chr11:8566934-8567115	1	1	0	0	distal	.	.
chr11:85761931-85762081	1	1	0	0	distal	.	.
chr11:86193585-86193858	1	1	0	0	proximal	LINC02695	.
chr11:86302030-86302733	1	1	0	0	proximal	HIKESHI	.
chr11:86435553-86435703	1	1	0	0	distal	.	.
chr11:8649150-8649368	1	1	0	0	distal	.	.
chr11:86790525-86790955	1	1	0	0	proximal	PRSS23	.
chr11:8688789-8689215	3	1	0	0	distal	.	.
chr11:86955338-86955818	1	1	0	0	proximal	FZD4,FZD4-DT	.
chr11:86955920-86956138	1	1	0	0	proximal	FZD4,FZD4-DT	.
chr11:8766729-8766904	1	1	0	0	distal	.	.
chr11:877465-877623	1	1	0	0	distal	.	.
chr11:8843284-8843715	1	1	0	0	distal	.	.
chr11:8870726-8871124	2	1	0	0	distal	.	.
chr11:8964864-8965246	3	1	0	0	proximal	TMEM9B,TMEM9B-AS1	.
chr11:9038844-9038994	1	1	0	0	distal	.	.
chr11:910763-911575	2	1	0	0	distal	.	.
chr11:9137770-9138024	1	1	0	0	proximal	SCUBE2	.
chr11:9166049-9166247	1	1	0	0	distal	.	.
chr11:92226435-92226827	1	1	0	0	distal	.	.
chr11:925627-926027	1	1	0	0	proximal	AP2A2	.
chr11:9265077-9265751	1	1	0	0	proximal	DENND5A	.
chr11:92838749-92838931	1	1	0	0	distal	.	.
chr11:92839011-92839302	1	1	0	0	distal	.	.
chr11:9314521-9315037	1	1	0	0	proximal	TMEM41B	.
chr11:93197689-93198186	1	1	0	0	proximal	SLC36A4	.
chr11:93279123-93279359	1	1	0	0	distal	.	.
chr11:9363650-9363887	3	1	0	0	distal	.	.
chr11:93661439-93662146	1	1	0	0	proximal	CEP295	.
chr11:93741160-93741764	3	1	0	0	proximal	C11orf54,ENSG00000284057	.
chr11:9384472-9384874	1	1	0	0	proximal	IPO7	.
chr11:9384938-9385241	2	1	0	0	proximal	IPO7	.
chr11:93963624-93963835	2	1	0	0	distal	.	.
chr11:94129152-94129350	1	1	0	0	proximal	PANX1	.
chr11:94493413-94493651	1	1	0	0	proximal	ANKRD49,MRE11	.
chr11:94512333-94512527	1	1	0	0	proximal	C11orf97	.
chr11:9460558-9461550	1	1	0	0	proximal	ENSG00000268403,ZNF143	.
chr11:94768061-94768464	2	1	0	0	distal	.	.
chr11:95066889-95067953	1	1	0	0	proximal	SRSF8	.
chr11:95107184-95107471	1	1	0	0	distal	.	.
chr11:95151504-95151940	1	1	0	0	distal	.	.
chr11:95302864-95303072	1	1	0	0	distal	.	.
chr11:9535219-9535369	1	1	0	0	distal	.	.
chr11:95501899-95502071	1	1	0	0	distal	.	.
chr11:9613265-9613950	1	1	0	0	proximal	ENSG00000289518	.
chr11:9614041-9614417	1	1	0	0	proximal	ENSG00000289518	.
chr11:96243218-96243803	1	1	0	0	distal	.	.
chr11:96307026-96307722	1	1	0	0	distal	.	.
chr11:96389579-96390347	1	1	0	0	proximal	CCDC82,JRKL	.
chr11:9841428-9841742	1	1	0	0	distal	.	.
chr12:10028-10220	1	1	0	0	distal	.	.
chr12:101279975-101280320	1	1	0	0	proximal	UTP20	.
chr12:101466354-101466509	1	1	0	0	distal	.	.
chr12:101697365-101698040	1	1	0	0	proximal	CHPT1	.
chr12:101707478-101707737	1	1	0	0	distal	.	.
chr12:10212723-10212966	1	1	0	0	proximal	GABARAPL1	.
chr12:10361694-10361877	1	1	0	0	proximal	LINC02598	.
chr12:103841775-103841982	1	1	0	0	proximal	ENSG00000257327,NT5DC3	.
chr12:103878054-103878204	1	1	0	0	distal	.	.
chr12:103956797-103956973	1	1	0	0	distal	.	.
chr12:104031412-104031633	1	1	0	0	distal	.	.
chr12:104063999-104064584	1	1	0	0	proximal	GLT8D2,HCFC2	.
chr12:104286787-104287595	2	1	0	0	distal	.	.
chr12:104320756-104320953	1	1	0	0	distal	.	.
chr12:104387171-104387358	1	1	0	0	distal	.	.
chr12:104521604-104521754	1	1	0	0	distal	.	.
chr12:104576830-104577106	1	1	0	0	distal	.	.
chr12:104628695-104628851	1	1	0	0	distal	.	.
chr12:104761717-104761867	1	1	0	0	distal	.	.
chr12:104790608-104790825	2	1	0	0	distal	.	.
chr12:104913422-104913572	1	1	0	0	distal	.	.
chr12:104957751-104958122	2	1	0	0	proximal	SLC41A2	.
chr12:104958278-104959036	1	1	0	0	proximal	SLC41A2	.
chr12:104986131-104986433	1	1	0	0	proximal	NOPCHAP1	.
chr12:105235678-105236291	1	1	0	0	proximal	APPL2,C12orf75,ENSG00000286903	.
chr12:105330796-105330986	1	1	0	0	distal	.	.
chr12:105562491-105562647	1	1	0	0	distal	.	.
chr12:105706345-105706553	1	1	0	0	distal	.	.
chr12:10613339-10613764	2	1	0	0	proximal	MAGOHB	.
chr12:106357627-106358082	1	1	0	0	proximal	POLR3B	.
chr12:106626519-106626836	1	1	0	0	distal	.	.
chr12:106754773-106754923	1	1	0	0	distal	.	.
chr12:106903620-106903880	1	1	0	0	distal	.	.
chr12:106955347-106956336	3	1	0	0	proximal	TMEM263,TMEM263-DT	.
chr12:107446961-107447111	1	1	0	0	distal	.	.
chr12:107912403-107913013	1	1	0	0	distal	.	.
chr12:107930587-107930737	1	1	0	0	distal	.	.
chr12:108562302-108562705	2	1	0	0	proximal	ISCU	.
chr12:108691445-108691924	1	1	0	0	distal	.	.
chr12:108731464-108732500	1	1	0	0	proximal	CORO1C	.
chr12:108803642-108803803	1	1	0	0	distal	.	.
chr12:108812502-108812652	1	1	0	0	distal	.	.
chr12:108822882-108823175	1	1	0	0	distal	.	.
chr12:109052425-109053070	3	1	0	0	distal	.	.
chr12:109062374-109062524	1	1	0	0	distal	.	.
chr12:109097400-109097666	1	1	0	0	proximal	UNG	.
chr12:109097897-109098245	1	1	0	0	proximal	UNG	.
chr12:109154506-109154879	1	1	0	0	distal	.	.
chr12:109238948-109239204	1	1	0	0	distal	.	.
chr12:109385562-109385766	1	1	0	0	distal	.	.
chr12:109476975-109477466	1	1	0	0	proximal	KCTD10,UBE3B	.
chr12:109518909-109519059	1	1	0	0	distal	.	.
chr12:109597367-109597527	2	1	0	0	distal	.	.
chr12:109805410-109805747	1	1	0	0	distal	.	.
chr12:109833130-109833510	2	1	0	0	proximal	TRPV4	.
chr12:109855910-109856106	1	1	0	0	distal	.	.
chr12:109925065-109925251	1	1	0	0	distal	.	.
chr12:109998993-109999617	1	1	0	0	proximal	ANKRD13A	.
chr12:110022196-110022476	1	1	0	0	distal	.	.
chr12:110048319-110048760	1	1	0	0	distal	.	.
chr12:110124017-110124670	1	1	0	0	proximal	IFT81	.
chr12:110196320-110196491	1	1	0	0	distal	.	.
chr12:110280878-110281962	1	1	0	0	proximal	ATP2A2,ENSG00000289311	.
chr12:110306440-110306893	1	1	0	0	distal	.	.
chr12:110431469-110431656	1	1	0	0	distal	.	.
chr12:110450223-110450529	1	1	0	0	proximal	ARPC3	.
chr12:110552372-110552711	1	1	0	0	distal	.	.
chr12:110613731-110614255	1	1	0	0	proximal	TCTN1	.
chr12:110742771-110743282	1	1	0	0	proximal	PPP1CC	.
chr12:110826709-110827106	1	1	0	0	distal	.	.
chr12:110969436-110969586	1	1	0	0	distal	.	.
chr12:111034580-111035167	2	1	0	0	proximal	CUX2	.
chr12:111298944-111299129	1	1	0	0	distal	.	.
chr12:111490407-111490557	2	1	0	0	distal	.	.
chr12:111531623-111531796	1	1	0	0	distal	.	.
chr12:111548914-111549108	1	1	0	0	distal	.	.
chr12:111599205-111599397	1	1	0	0	proximal	ATXN2,ATXN2-AS	.
chr12:111599547-111599887	1	1	0	0	proximal	ATXN2,ATXN2-AS	.
chr12:111637029-111637343	1	1	0	0	distal	.	.
chr12:111664850-111665066	1	1	0	0	distal	.	.
chr12:111766862-111767174	1	1	0	0	proximal	ALDH2	.
chr12:111834730-111835330	1	1	0	0	distal	.	.
chr12:111945309-111945459	1	1	0	0	distal	.	.
chr12:112012602-112013494	1	1	0	0	proximal	ERP29,TMEM116	.
chr12:112013908-112014082	2	1	0	0	proximal	ERP29,TMEM116	.
chr12:112108485-112108890	1	1	0	0	proximal	NAA25	.
chr12:112116218-112116968	1	1	0	0	distal	.	.
chr12:112125329-112126025	1	1	0	0	proximal	TRAFD1	.
chr12:112382047-112382563	1	1	0	0	proximal	HECTD4	.
chr12:112387436-112387802	1	1	0	0	distal	.	.
chr12:112404221-112404371	1	1	0	0	distal	.	.
chr12:112409082-112409397	1	1	0	0	distal	.	.
chr12:112409483-112409854	1	1	0	0	distal	.	.
chr12:113161653-113161943	1	1	0	0	distal	.	.
chr12:113357953-113358914	1	1	0	0	proximal	PLBD2	.
chr12:116099768-116099918	1	1	0	0	distal	.	.
chr12:116122714-116122864	1	1	0	0	distal	.	.
chr12:116195155-116195305	1	1	0	0	distal	.	.
chr12:116197326-116197626	2	1	0	0	distal	.	.
chr12:116359033-116359260	1	1	0	0	proximal	ENSG00000286354	.
chr12:116533274-116533497	1	1	0	0	proximal	LINC00173	.
chr12:116599703-116599962	1	1	0	0	proximal	ENSG00000258249	.
chr12:116624680-116624891	1	1	0	0	distal	.	.
chr12:116697205-116697517	2	1	0	0	proximal	ENSG00000257654	.
chr12:116737164-116737373	1	1	0	0	proximal	RNFT2,SPRING1	.
chr12:116819111-116819689	1	1	0	0	proximal	ENSG00000290033	.
chr12:116958392-116958542	1	1	0	0	distal	.	.
chr12:1170443-1170707	1	1	0	0	distal	.	.
chr12:1171697-1171949	1	1	0	0	distal	.	.
chr12:117190208-117190662	1	1	0	0	proximal	FBXO21	.
chr12:117455031-117455181	1	1	0	0	distal	.	.
chr12:118016500-118017029	2	2	1	1	distal	.	.
chr12:118076689-118076839	2	2	1	1	distal	.	.
chr12:118136223-118136485	3	2	1	1	proximal	PEBP1,VSIG10	.
chr12:118246589-118246796	1	1	0	0	distal	.	.
chr12:118372768-118373228	2	1	0	0	proximal	TAOK3	.
chr12:119534116-119534266	1	1	0	0	distal	.	.
chr12:119688517-119688743	1	1	0	0	distal	.	.
chr12:119775675-119775905	1	1	0	0	distal	.	.
chr12:119835088-119835302	1	1	0	0	distal	.	.
chr12:119887763-119887955	1	1	0	0	distal	.	.
chr12:120116583-120117366	3	2	1	1	proximal	ENSG00000277283,RAB35	.
chr12:120265738-120266016	1	1	0	0	proximal	PXN	.
chr12:120291281-120291977	1	1	0	0	distal	.	.
chr12:120292044-120292389	3	2	1	1	distal	.	.
chr12:120325519-120325709	2	1	0	0	distal	.	.
chr12:120437740-120438489	1	1	0	0	proximal	COX6A1,ENSG00000111780	.
chr12:120534239-120534433	1	1	0	0	proximal	COQ5,ENSG00000288623,RNF10	.
chr12:120599127-120599405	2	2	1	1	distal	.	.
chr12:120641439-120641696	1	1	0	0	proximal	CABP1,CABP1-DT	.
chr12:120649273-120649517	2	1	0	0	distal	.	.
chr12:120686272-120687498	1	1	0	0	proximal	MLEC	.
chr12:120710351-120710542	1	1	0	0	proximal	UNC119B	.
chr12:120742317-120742500	2	1	0	0	distal	.	.
chr12:120761653-120761985	1	1	0	0	proximal	ENSG00000255946	.
chr12:120812312-120812462	1	1	0	0	distal	.	.
chr12:121016390-121016618	1	1	0	0	proximal	C12orf43	.
chr12:121051376-121051547	1	1	0	0	distal	.	.
chr12:121105180-121105403	1	1	0	0	distal	.	.
chr12:121110416-121110573	2	1	0	0	distal	.	.
chr12:121209825-121210463	1	1	0	0	proximal	P2RX4	.
chr12:121210791-121210941	1	1	0	0	proximal	P2RX4	.
chr12:121335212-121335375	1	1	0	0	distal	.	.
chr12:121352012-121352618	2	2	1	1	distal	.	.
chr12:121352704-121352915	2	1	0	0	distal	.	.
chr12:121443295-121443578	5	2	1	1	distal	.	.
chr12:121467057-121467978	3	2	1	1	distal	.	.
chr12:121514332-121514678	1	1	0	0	distal	.	.
chr12:121626045-121626842	2	1	0	0	proximal	ORAI1	.
chr12:121626942-121627309	1	1	0	0	proximal	ORAI1	.
chr12:121663960-121664169	2	2	0	0	distal	.	.
chr12:121672365-121672515	1	1	0	0	proximal	MORN3	.
chr12:121690863-121691126	1	1	0	0	distal	.	.
chr12:121712607-121713075	2	1	0	0	proximal	TMEM120B	.
chr12:121795027-121795222	1	1	0	0	distal	.	.
chr12:121811716-121812279	5	2	2	2	distal	.	.
chr12:121839372-121839843	2	1	0	0	distal	.	.
chr12:121888433-121888922	4	1	0	0	proximal	ENSG00000256950,ENSG00000287493,PSMD9	.
chr12:121888983-121889198	3	2	1	1	proximal	ENSG00000256950,ENSG00000287493,PSMD9	.
chr12:121989836-121990018	1	1	0	0	distal	.	.
chr12:122021801-122022067	2	1	0	0	distal	.	.
chr12:122029307-122029457	3	2	1	1	distal	.	.
chr12:122072464-122072887	1	1	0	0	distal	.	.
chr12:122078257-122079042	1	1	0	0	proximal	MLXIP	.
chr12:122093921-122094071	1	1	0	0	distal	.	.
chr12:122097950-122098100	1	1	0	0	distal	.	.
chr12:122165111-122165261	1	1	0	0	distal	.	.
chr12:122185690-122185875	1	1	0	0	distal	.	.
chr12:122190961-122191154	2	2	1	1	distal	.	.
chr12:122196980-122197158	2	1	0	0	distal	.	.
chr12:122203344-122203561	1	1	0	0	proximal	B3GNT4	.
chr12:122225520-122226572	1	1	0	0	distal	.	.
chr12:122368572-122368744	1	1	0	0	distal	.	.
chr12:122400384-122400740	2	1	0	0	distal	.	.
chr12:122403600-122403750	1	1	0	0	distal	.	.
chr12:122422441-122422774	5	1	0	0	proximal	CLIP1	.
chr12:122423223-122423547	1	1	0	0	proximal	CLIP1,ENSG00000289831	.
chr12:122500610-122501410	1	1	0	0	proximal	ENSG00000275265,ZCCHC8	.
chr12:12266845-12267472	1	1	0	0	proximal	LRP6	.
chr12:122750018-122750192	1	1	0	0	distal	.	.
chr12:122775109-122775325	1	1	0	0	proximal	CCDC62	.
chr12:12281466-12281616	1	1	0	0	distal	.	.
chr12:122834645-122834829	1	1	0	0	proximal	HIP1R	.
chr12:122834979-122835145	1	1	0	0	proximal	HIP1R	.
chr12:122888545-122888731	1	1	0	0	distal	.	.
chr12:122888848-122889072	1	1	0	0	distal	.	.
chr12:122915153-122915343	1	1	0	0	distal	.	.
chr12:122952398-122952548	1	1	0	0	distal	.	.
chr12:122966329-122966703	1	1	0	0	distal	.	.
chr12:122974569-122974845	3	2	1	1	proximal	ENSG00000256028,OGFOD2	.
chr12:122980561-122980715	1	1	0	0	proximal	ARL6IP4	.
chr12:123094772-123094949	3	1	0	0	distal	.	.
chr12:123275140-123275311	1	1	0	0	distal	.	.
chr12:123300858-123301008	1	1	0	0	distal	.	.
chr12:123383515-123384242	1	1	0	0	proximal	KMT5A	.
chr12:123427031-123427212	1	1	0	0	distal	.	.
chr12:123436506-123436832	2	1	0	0	proximal	RILPL2	.
chr12:123458157-123458663	1	1	0	0	proximal	SNRNP35	.
chr12:123534371-123534612	2	1	0	0	proximal	RILPL1	.
chr12:123552561-123552836	1	1	0	0	distal	.	.
chr12:123583881-123584217	3	1	0	0	proximal	TMED2	.
chr12:123601750-123602094	1	1	0	0	proximal	DDX55	.
chr12:123633482-123633921	1	1	0	0	proximal	EIF2B1,GTF2H3	.
chr12:123670931-123671161	2	1	0	0	proximal	TCTN2	.
chr12:123712150-123712540	2	1	0	0	proximal	ATP6V0A2	.
chr12:124131101-124131311	2	1	0	0	distal	.	.
chr12:1241866-1242016	2	1	0	0	distal	.	.
chr12:124240374-124240717	1	1	0	0	distal	.	.
chr12:124321028-124321212	1	1	0	0	distal	.	.
chr12:124551466-124551837	1	1	0	0	distal	.	.
chr12:124636203-124636598	2	1	0	0	distal	.	.
chr12:124750835-124751077	1	1	0	0	distal	.	.
chr12:124838231-124838426	1	1	0	0	distal	.	.
chr12:124864153-124864478	1	1	0	0	distal	.	.
chr12:124891058-124891363	1	1	0	0	distal	.	.
chr12:124914450-124914789	1	1	0	0	distal	.	.
chr12:124917161-124917776	1	1	0	0	proximal	UBC	.
chr12:124927680-124927967	1	1	0	0	distal	.	.
chr12:125050244-125050394	1	1	0	0	distal	.	.
chr12:125065070-125065529	1	1	0	0	proximal	AACS	.
chr12:12511030-12511190	1	1	0	0	distal	.	.
chr12:125168493-125168710	1	1	0	0	distal	.	.
chr12:125220421-125220764	1	1	0	0	distal	.	.
chr12:125228522-125228874	1	1	0	0	distal	.	.
chr12:12696651-12696805	1	1	0	0	proximal	GPR19	.
chr12:12716817-12717634	2	1	0	0	distal	.	.
chr12:12725145-12726083	1	1	0	0	proximal	APOLD1	.
chr12:12788223-12788397	1	1	0	0	distal	.	.
chr12:12818837-12819020	1	1	0	0	distal	.	.
chr12:12840036-12840220	1	1	0	0	distal	.	.
chr12:12890610-12891067	1	1	0	0	proximal	GPRC5A	.
chr12:131017479-131017629	1	1	0	0	distal	.	.
chr12:131071265-131071477	1	1	0	0	distal	.	.
chr12:13117723-13117873	1	1	0	0	distal	.	.
chr12:131779234-131779384	1	1	0	0	distal	.	.
chr12:131837762-131837912	1	1	0	0	distal	.	.
chr12:131865177-131865327	2	2	1	1	distal	.	.
chr12:131894087-131894772	1	1	0	0	proximal	ULK1	.
chr12:131928478-131928628	2	2	1	1	proximal	ENSG00000255992,PUS1	.
chr12:131949612-131950132	1	1	0	0	proximal	EP400	.
chr12:132083859-132084608	2	1	0	0	proximal	ENSG00000274670,ENSG00000291171	.
chr12:132084716-132085004	1	1	0	0	proximal	ENSG00000291171	.
chr12:132144296-132144462	1	1	0	0	proximal	DDX51,NOC4L	.
chr12:132161034-132161339	2	1	0	0	distal	.	.
chr12:132189409-132190010	2	1	0	0	proximal	ENSG00000256312,LINC02361	.
chr12:132241246-132241635	2	2	1	1	distal	.	.
chr12:132243000-132243327	3	1	0	0	distal	.	.
chr12:132244275-132244729	1	1	0	0	distal	.	.
chr12:132301087-132301431	2	1	0	0	distal	.	.
chr12:132391932-132392082	1	1	0	0	distal	.	.
chr12:132400489-132400639	1	1	0	0	distal	.	.
chr12:132489798-132490163	1	1	0	0	proximal	FBRSL1	.
chr12:132502635-132502807	2	1	0	0	distal	.	.
chr12:132560300-132560510	1	1	0	0	distal	.	.
chr12:132594020-132594260	2	1	0	0	proximal	ENSG00000277186	.
chr12:132687201-132687848	2	1	0	0	proximal	ENSG00000256632,POLE,PXMP2	.
chr12:132695510-132695727	3	1	0	0	distal	.	.
chr12:132710505-132710943	2	1	0	0	proximal	PGAM5	.
chr12:132711027-132711385	1	1	0	0	proximal	PGAM5	.
chr12:132762004-132762429	1	1	0	0	proximal	ANKLE2	.
chr12:13278311-13278692	2	1	0	0	proximal	ENSG00000286869	.
chr12:132829025-132829303	1	1	0	0	proximal	GOLGA3	.
chr12:132887453-132888056	1	1	0	0	proximal	CHFR-DT	.
chr12:132955948-132956159	1	1	0	0	proximal	CHFR,ENSG00000289516,ZNF605	.
chr12:132985958-132986565	2	1	0	0	proximal	ZNF26	.
chr12:133080057-133081150	3	1	0	0	proximal	ZNF140	.
chr12:133129954-133130696	2	1	0	0	proximal	ENSG00000256825,ZNF10,ZNF891	.
chr12:133264855-133265276	1	1	0	0	distal	.	.
chr12:14769964-14770170	1	1	0	0	distal	.	.
chr12:14770435-14770947	1	1	0	0	proximal	H4C16	.
chr12:15220944-15221576	1	1	0	0	distal	.	.
chr12:1576591-1576801	1	1	0	0	distal	.	.
chr12:15789147-15789582	1	1	0	0	distal	.	.
chr12:1690521-1691488	1	1	0	0	distal	.	.
chr12:1764440-1764748	1	1	0	0	distal	.	.
chr12:188958-189427	1	1	0	0	distal	.	.
chr12:2034969-2035222	1	1	0	0	distal	.	.
chr12:2057302-2057479	1	1	0	0	distal	.	.
chr12:21437429-21438051	1	1	0	0	proximal	PYROXD1	.
chr12:21478984-21479229	1	1	0	0	distal	.	.
chr12:21527386-21528063	1	1	0	0	distal	.	.
chr12:21680424-21680621	1	1	0	0	distal	.	.
chr12:21774392-21775374	1	1	0	0	proximal	KCNJ8	.
chr12:22046763-22047062	1	1	0	0	proximal	CMAS	.
chr12:22255195-22255345	1	1	0	0	distal	.	.
chr12:22499988-22500242	1	1	0	0	distal	.	.
chr12:22543864-22544828	1	1	0	0	proximal	C2CD5	.
chr12:22624869-22625829	1	1	0	0	proximal	ETNK1,ETNK1-DT	.
chr12:237515-237686	1	1	0	0	distal	.	.
chr12:25124747-25125060	1	1	0	0	distal	.	.
chr12:25692518-25692683	1	1	0	0	distal	.	.
chr12:2583785-2584082	2	1	0	0	distal	.	.
chr12:25957912-25958541	1	1	0	0	proximal	RASSF8	.
chr12:26126532-26126710	2	1	0	0	proximal	ENSG00000256894	.
chr12:26298876-26299255	1	1	0	0	distal	.	.
chr12:26351107-26351341	1	1	0	0	distal	.	.
chr12:26853092-26853242	1	1	0	0	distal	.	.
chr12:26937689-26938584	1	1	0	0	proximal	FGFR1OP2,INTS13	.
chr12:27119725-27120065	1	1	0	0	distal	.	.
chr12:27142252-27142417	2	1	0	0	distal	.	.
chr12:27243961-27244366	2	1	0	0	proximal	STK38L	.
chr12:27332975-27333148	1	1	0	0	proximal	BMAL2	.
chr12:27341825-27341981	1	1	0	0	distal	.	.
chr12:27499356-27499593	1	1	0	0	distal	.	.
chr12:27652229-27652449	1	1	0	0	distal	.	.
chr12:27820271-27820465	1	1	0	0	distal	.	.
chr12:2794826-2795182	2	2	1	1	proximal	FKBP4	.
chr12:27969238-27969493	2	1	0	0	distal	.	.
chr12:2803919-2804093	1	1	0	0	proximal	ENSG00000258092	.
chr12:28115551-28115701	1	1	0	0	distal	.	.
chr12:28190646-28191117	1	1	0	0	proximal	ENSG00000247934	.
chr12:2853694-2853869	3	2	1	1	distal	.	.
chr12:28575746-28576160	1	1	0	0	distal	.	.
chr12:2876697-2877544	1	1	0	0	proximal	FOXM1,RHNO1,TULP3	.
chr12:2877602-2877785	1	1	0	0	proximal	FOXM1,TULP3	.
chr12:2885311-2885583	1	1	0	0	proximal	ENSG00000278356	.
chr12:2903781-2903931	2	2	1	1	distal	.	.
chr12:30687531-30687691	1	1	0	0	distal	.	.
chr12:30754560-30755293	1	1	0	0	proximal	ENSG00000246331,LINC00941	.
chr12:31078754-31079039	1	1	0	0	distal	.	.
chr12:31370100-31370326	1	1	0	0	proximal	LINC02387	.
chr12:3152490-3152640	3	1	0	0	distal	.	.
chr12:31728752-31729492	1	1	0	0	proximal	AMN1,ENSG00000276900	.
chr12:31959091-31959583	1	1	0	0	proximal	LINC02422,RESF1	.
chr12:3200198-3200486	2	1	0	0	distal	.	.
chr12:32146256-32146438	1	1	0	0	distal	.	.
chr12:32288209-32288359	1	1	0	0	distal	.	.
chr12:3245222-3245391	1	1	0	0	distal	.	.
chr12:32755741-32756069	1	1	0	0	proximal	ENSG00000286950,YARS2	.
chr12:32756275-32756497	1	1	0	0	proximal	ENSG00000286950,YARS2	.
chr12:3300563-3300768	1	1	0	0	proximal	ENSG00000287712	.
chr12:3426078-3426232	1	1	0	0	distal	.	.
chr12:3752759-3753281	1	1	0	0	proximal	ENSG00000283138	.
chr12:38053708-38053952	1	1	0	0	distal	.	.
chr12:3873022-3873541	1	1	0	0	proximal	PARP11	.
chr12:38905848-38906408	1	1	0	0	proximal	CPNE8-AS1	.
chr12:401307-401947	2	1	0	0	distal	.	.
chr12:4031033-4031232	1	1	0	0	distal	.	.
chr12:4031358-4031569	1	1	0	0	distal	.	.
chr12:42144562-42145147	1	1	0	0	proximal	GXYLT1	.
chr12:42174979-42175152	1	1	0	0	distal	.	.
chr12:42238037-42238437	1	1	0	0	proximal	PPHLN1,YAF2	.
chr12:42238622-42238833	3	1	0	0	proximal	PPHLN1,YAF2	.
chr12:42325816-42326225	1	1	0	0	proximal	ZCRB1	.
chr12:42362975-42363286	1	1	0	0	distal	.	.
chr12:42589684-42589835	1	1	0	0	proximal	PRICKLE1	.
chr12:42607176-42607326	1	1	0	0	distal	.	.
chr12:42742674-42742931	1	1	0	0	distal	.	.
chr12:42799545-42799695	1	1	0	0	distal	.	.
chr12:4320449-4321318	1	1	0	0	distal	.	.
chr12:43552045-43552218	1	1	0	0	proximal	ADAMTS20	.
chr12:43676260-43676440	1	1	0	0	distal	.	.
chr12:45050822-45051635	1	1	0	0	proximal	DBX2,DBX2-AS1	.
chr12:45435777-45435931	1	1	0	0	distal	.	.
chr12:4560626-4560841	1	1	0	0	distal	.	.
chr12:4562129-4562308	1	1	0	0	proximal	DYRK4	.
chr12:45729260-45729736	1	1	0	0	proximal	ARID2,ENSG00000289229	.
chr12:459540-460058	1	1	0	0	proximal	B4GALNT3	.
chr12:46133883-46134563	1	1	0	0	distal	.	.
chr12:46371291-46371628	2	1	0	0	proximal	SLC38A2-AS1	.
chr12:47705591-47706152	1	1	0	0	proximal	RPAP3,RPAP3-DT	.
chr12:47717601-47717766	1	1	0	0	distal	.	.
chr12:47744725-47744875	1	1	0	0	distal	.	.
chr12:47802471-47802790	2	1	0	0	distal	.	.
chr12:47819840-47820250	1	1	0	0	distal	.	.
chr12:47850805-47850955	1	1	0	0	distal	.	.
chr12:48021765-48021986	1	1	0	0	distal	.	.
chr12:48105728-48106385	1	1	0	0	proximal	PFKM,SENP1	.
chr12:48119176-48119782	1	1	0	0	distal	.	.
chr12:481481-481720	1	1	0	0	distal	.	.
chr12:48156973-48157784	3	1	0	0	distal	.	.
chr12:48183037-48183277	3	1	0	0	proximal	CCDC184	.
chr12:48189643-48189852	1	1	0	0	distal	.	.
chr12:48197806-48198473	1	1	0	0	proximal	ENSG00000269514	.
chr12:48350754-48351211	3	1	0	0	proximal	ENSG00000257735,ZNF641	.
chr12:48442501-48442725	1	1	0	0	distal	.	.
chr12:48490972-48491206	1	1	0	0	distal	.	.
chr12:48681868-48682514	1	1	0	0	proximal	KANSL2	.
chr12:48814486-48814946	1	1	0	0	proximal	CACNB3	.
chr12:48851463-48851613	1	1	0	0	distal	.	.
chr12:48853332-48853635	1	1	0	0	proximal	DDX23	.
chr12:48936476-48936652	2	1	0	0	distal	.	.
chr12:48957175-48957744	1	1	0	0	proximal	ARF3,ENSG00000272822	.
chr12:49018229-49018909	1	1	0	0	proximal	PRKAG1	.
chr12:49060191-49060433	4	1	0	0	proximal	KMT2D	.
chr12:49060529-49061324	2	1	0	0	proximal	KMT2D	.
chr12:49064106-49064256	1	1	0	0	distal	.	.
chr12:49069665-49070259	1	1	0	0	proximal	RHEBL1	.
chr12:49087993-49088754	2	1	0	0	distal	.	.
chr12:49110541-49111130	2	1	0	0	proximal	LMBR1L	.
chr12:49130316-49130605	2	1	0	0	proximal	TUBA1B	.
chr12:49130665-49131205	1	1	0	0	proximal	TUBA1B	.
chr12:49131267-49131831	1	1	0	0	proximal	TUBA1B	.
chr12:49234491-49234714	2	1	0	0	distal	.	.
chr12:49234804-49235153	1	1	0	0	distal	.	.
chr12:49264577-49265169	3	1	0	0	proximal	ENSG00000258101	.
chr12:49265382-49265696	1	1	0	0	proximal	ENSG00000258101	.
chr12:49322886-49323586	1	1	0	0	proximal	TROAP	.
chr12:49336713-49337147	2	1	0	0	proximal	C1QL4	.
chr12:49366513-49367170	1	1	0	0	proximal	SPATS2	.
chr12:49367230-49367623	2	1	0	0	proximal	SPATS2	.
chr12:49386651-49386801	1	1	0	0	distal	.	.
chr12:49455324-49455476	1	1	0	0	distal	.	.
chr12:49545144-49545294	3	1	0	0	distal	.	.
chr12:49580324-49580795	2	1	0	0	distal	.	.
chr12:49636908-49637168	2	1	0	0	distal	.	.
chr12:49637388-49637542	1	1	0	0	distal	.	.
chr12:49699143-49699305	1	1	0	0	distal	.	.
chr12:49707401-49707794	2	1	0	0	proximal	FMNL3,TMBIM6	.
chr12:49812604-49812754	1	1	0	0	distal	.	.
chr12:49827824-49827974	1	1	0	0	proximal	BCDIN3D-AS1,NCKAP5L	.
chr12:49842777-49843282	4	2	1	1	proximal	BCDIN3D	.
chr12:49867221-49867403	1	1	0	0	distal	.	.
chr12:49945310-49945821	2	1	0	0	distal	.	.
chr12:49967067-49967321	2	1	0	0	proximal	AQP6	.
chr12:50024924-50025848	2	1	0	0	distal	.	.
chr12:50039329-50039690	1	1	0	0	distal	.	.
chr12:50075237-50075447	1	1	0	0	distal	.	.
chr12:50084959-50085858	2	2	1	1	proximal	SMARCD1	.
chr12:50221357-50221509	1	1	0	0	distal	.	.
chr12:50400649-50401147	1	1	0	0	distal	.	.
chr12:50416117-50416337	1	1	0	0	distal	.	.
chr12:50432572-50432768	3	2	1	1	distal	.	.
chr12:50734632-50734939	1	1	0	0	distal	.	.
chr12:50987070-50987220	1	1	0	0	distal	.	.
chr12:51047806-51048464	2	1	0	0	proximal	LETMD1	.
chr12:51082821-51083827	1	1	0	0	proximal	CSRNP2	.
chr12:51172502-51173516	1	1	0	0	proximal	TFCP2	.
chr12:51217331-51217510	1	1	0	0	proximal	POU6F1	.
chr12:51218294-51218622	1	1	0	0	proximal	POU6F1	.
chr12:51238613-51239330	2	1	0	0	proximal	DAZAP2	.
chr12:51270359-51270606	1	1	0	0	proximal	SMAGP	.
chr12:51275535-51275685	1	1	0	0	distal	.	.
chr12:51492642-51492863	1	1	0	0	distal	.	.
chr12:51846902-51847127	1	1	0	0	distal	.	.
chr12:51894995-51895372	1	1	0	0	distal	.	.
chr12:51951097-51951839	1	1	0	0	proximal	ACVR1B	.
chr12:51993193-51993361	2	1	0	0	distal	.	.
chr12:52023756-52023952	1	1	0	0	distal	.	.
chr12:52032959-52033246	1	1	0	0	distal	.	.
chr12:52043052-52043272	2	1	0	0	distal	.	.
chr12:52080013-52080163	1	1	0	0	proximal	SMIM41	.
chr12:52157271-52157431	1	1	0	0	distal	.	.
chr12:525135-525308	1	1	0	0	distal	.	.
chr12:52879542-52879752	1	1	0	0	distal	.	.
chr12:53006020-53007229	2	1	0	0	proximal	EIF4B	.
chr12:53046922-53047448	1	1	0	0	proximal	TNS2	.
chr12:53054413-53054840	1	1	0	0	proximal	TNS2-AS1	.
chr12:53066068-53066264	1	1	0	0	distal	.	.
chr12:53159459-53159772	1	1	0	0	proximal	ENSG00000257808	.
chr12:53159918-53160127	1	1	0	0	proximal	ENSG00000257808	.
chr12:53180338-53181186	1	1	0	0	proximal	CSAD,ZNF740	.
chr12:53206334-53206484	1	1	0	0	proximal	ITGB7	.
chr12:53221494-53221695	1	1	0	0	distal	.	.
chr12:53241929-53242222	1	1	0	0	proximal	ENSG00000283536	.
chr12:53295366-53295586	3	1	0	0	proximal	ENSG00000288663,PFDN5	.
chr12:53321205-53321790	1	1	0	0	distal	.	.
chr12:53328344-53328512	3	1	0	0	distal	.	.
chr12:53344751-53345197	1	1	0	0	proximal	SP7	.
chr12:53352720-53352918	2	1	0	0	distal	.	.
chr12:53371187-53371525	2	1	0	0	distal	.	.
chr12:53421514-53421851	2	1	0	0	distal	.	.
chr12:53452476-53452751	1	1	0	0	proximal	PCBP2	.
chr12:53492732-53493294	3	1	0	0	distal	.	.
chr12:53500636-53501618	2	1	0	0	proximal	ENSG00000270175,TARBP2	.
chr12:53508523-53508861	4	1	0	0	distal	.	.
chr12:53625809-53626579	1	1	0	0	proximal	ATF7,ATF7-NPFF	.
chr12:53633403-53633553	1	1	0	0	distal	.	.
chr12:53676513-53676983	1	1	0	0	proximal	ATP5MC2	.
chr12:53695492-53695881	2	1	0	0	distal	.	.
chr12:53696347-53696564	1	1	0	0	distal	.	.
chr12:53701877-53702035	2	1	0	0	distal	.	.
chr12:53727435-53727824	1	1	0	0	proximal	CALCOCO1	.
chr12:53767822-53767972	1	1	0	0	distal	.	.
chr12:53800153-53800379	2	1	0	0	distal	.	.
chr12:53820512-53820701	2	1	0	0	distal	.	.
chr12:53939799-53940042	1	1	0	0	proximal	HOXC13-AS	.
chr12:53973347-53973498	2	1	0	0	proximal	HOXC11	.
chr12:53974202-53974533	1	1	0	0	proximal	HOTAIR	.
chr12:53984887-53985169	2	2	1	1	proximal	ENSG00000273049,HOXC-AS3,HOXC10	.
chr12:53985327-53985628	1	1	0	0	proximal	ENSG00000273049,HOXC-AS3,HOXC10	.
chr12:53994714-53994865	7	2	1	1	proximal	HOXC9	.
chr12:54017878-54018264	1	1	0	0	proximal	ENSG00000273046	.
chr12:54032682-54032949	2	1	0	0	proximal	HOXC5	.
chr12:54033472-54033783	1	1	0	0	proximal	HOXC5	.
chr12:54036939-54037212	2	1	0	0	distal	.	.
chr12:54054105-54054572	1	1	0	0	distal	.	.
chr12:54080316-54080466	1	1	0	0	distal	.	.
chr12:54081355-54082335	4	1	0	0	proximal	ENSG00000249388,ENSG00000291180	.
chr12:54110190-54110397	1	1	0	0	distal	.	.
chr12:54146600-54146929	5	1	0	0	proximal	ENSG00000260470	.
chr12:54166607-54166846	1	1	0	0	distal	.	.
chr12:54173374-54173571	1	1	0	0	distal	.	.
chr12:54188878-54189290	1	1	0	0	proximal	SMUG1	.
chr12:54191630-54191876	2	1	0	0	distal	.	.
chr12:54201419-54201812	1	1	0	0	distal	.	.
chr12:54262723-54262918	2	1	0	0	proximal	SCAT2	.
chr12:54287678-54287852	1	1	0	0	distal	.	.
chr12:54300814-54301205	3	2	1	1	proximal	COPZ1,NFE2	.
chr12:54368799-54369145	4	1	0	0	distal	.	.
chr12:54370250-54370539	1	1	0	0	distal	.	.
chr12:54379503-54379856	1	1	0	0	distal	.	.
chr12:54439675-54439825	1	1	0	0	distal	.	.
chr12:54505621-54505809	1	1	0	0	distal	.	.
chr12:54549238-54549565	1	1	0	0	proximal	PDE1B	.
chr12:54579788-54580010	1	1	0	0	distal	.	.
chr12:54588770-54589007	1	1	0	0	proximal	PPP1R1A	.
chr12:54973992-54974142	1	1	0	0	distal	.	.
chr12:55632112-55632301	1	1	0	0	distal	.	.
chr12:55646178-55646536	1	1	0	0	distal	.	.
chr12:55681476-55681820	2	1	0	0	proximal	METTL7B	.
chr12:55716350-55716740	3	2	1	1	proximal	BLOC1S1,ENSG00000258311,ITGA7	.
chr12:55728327-55728591	2	1	0	0	proximal	CD63-AS1	.
chr12:55738404-55738672	1	1	0	0	distal	.	.
chr12:55742990-55743572	1	1	0	0	proximal	GDF11	.
chr12:55764492-55764784	1	1	0	0	distal	.	.
chr12:55817285-55817453	2	1	0	0	proximal	ORMDL2,SARNP	.
chr12:55830001-55830250	1	1	0	0	proximal	DNAJC14	.
chr12:55940137-55940521	2	1	0	0	distal	.	.
chr12:55966638-55967083	1	1	0	0	proximal	CDK2,ENSG00000258554	.
chr12:55973450-55974534	1	1	0	0	proximal	PMEL,RAB5B	.
chr12:55996987-55997355	1	1	0	0	proximal	SUOX	.
chr12:56007270-56008109	1	1	0	0	proximal	IKZF4	.
chr12:56041240-56041401	3	2	1	1	proximal	ENSG00000257449,RPS26	.
chr12:56078997-56079496	1	1	0	0	distal	.	.
chr12:56079758-56080323	1	1	0	0	distal	.	.
chr12:56095315-56095523	1	1	0	0	distal	.	.
chr12:56116229-56116379	1	1	0	0	proximal	RPL41	.
chr12:56118400-56118611	1	1	0	0	proximal	ESYT1,ZC3H10	.
chr12:56127838-56128331	2	1	0	0	distal	.	.
chr12:56152151-56152671	3	1	0	0	proximal	MYL6B	.
chr12:56157651-56158516	1	1	0	0	proximal	MYL6,MYL6B-AS1	.
chr12:56224029-56224417	3	1	0	0	distal	.	.
chr12:56257509-56257676	1	1	0	0	proximal	ANKRD52	.
chr12:56257966-56258475	1	1	0	0	proximal	ANKRD52	.
chr12:56266732-56267387	1	1	0	0	proximal	COQ10A	.
chr12:56299891-56300865	1	1	0	0	proximal	CNPY2-AS1,CS	.
chr12:56315699-56316544	1	1	0	0	proximal	CNPY2,ENSG00000144785	.
chr12:56359891-56360623	5	1	0	0	proximal	STAT2	.
chr12:56412532-56412702	2	2	1	1	proximal	ENSG00000276272	.
chr12:56449004-56449715	2	1	0	0	proximal	TIMELESS	.
chr12:56468442-56468631	2	1	0	0	proximal	MIP,SPRYD4	.
chr12:56488115-56488752	1	1	0	0	proximal	ENSG00000285528,GLS2	.
chr12:56573451-56573650	1	1	0	0	distal	.	.
chr12:56590234-56590544	7	2	2	1	distal	.	.
chr12:56630271-56630487	4	2	1	1	distal	.	.
chr12:56636761-56637266	3	1	0	0	proximal	BAZ2A	.
chr12:56685402-56685562	3	1	0	0	distal	.	.
chr12:56688197-56688665	1	1	0	0	proximal	PTGES3	.
chr12:56688770-56689015	1	1	0	0	proximal	PTGES3	.
chr12:56689183-56689746	4	2	1	1	distal	.	.
chr12:56710868-56711018	1	1	0	0	distal	.	.
chr12:56724925-56725617	1	1	0	0	distal	.	.
chr12:56751967-56752557	3	2	2	1	proximal	HSD17B6,PRIM1	.
chr12:56831612-56831762	1	1	0	0	distal	.	.
chr12:56958029-56958179	1	1	0	0	distal	.	.
chr12:569792-570220	1	1	0	0	distal	.	.
chr12:56987680-56987882	1	1	0	0	proximal	ENSG00000287715	.
chr12:57062699-57062883	5	2	3	1	distal	.	.
chr12:57078547-57079229	2	1	0	0	distal	.	.
chr12:57088445-57089097	3	2	1	1	proximal	NAB2,NEMP1	.
chr12:57110265-57110698	1	1	0	0	distal	.	.
chr12:57124380-57124546	1	1	0	0	distal	.	.
chr12:57127834-57128462	2	1	0	0	proximal	LRP1	.
chr12:57146564-57146769	1	1	0	0	proximal	LRP1-AS	.
chr12:57160992-57161235	1	1	0	0	distal	.	.
chr12:57175614-57175826	3	2	0	0	distal	.	.
chr12:57175907-57176057	3	1	0	0	distal	.	.
chr12:57195890-57196207	2	2	1	1	distal	.	.
chr12:57213422-57213596	1	1	0	0	distal	.	.
chr12:57217837-57218004	2	2	1	1	distal	.	.
chr12:57239196-57239426	2	1	0	0	distal	.	.
chr12:57342300-57342648	4	2	0	0	distal	.	.
chr12:57349691-57349881	1	1	0	0	distal	.	.
chr12:57430572-57431233	1	1	0	0	proximal	R3HDM2,R3HDM2-DT	.
chr12:57452957-57453173	1	1	0	0	proximal	INHBE	.
chr12:57459192-57459384	1	1	0	0	proximal	GLI1	.
chr12:57462639-57462925	3	1	0	0	proximal	ENSG00000287200	.
chr12:57487890-57488310	1	1	0	0	proximal	ARHGAP9	.
chr12:57520438-57520966	1	1	0	0	proximal	ENSG00000285133,MBD6	.
chr12:57523063-57523278	1	1	0	0	distal	.	.
chr12:57546864-57547396	2	1	0	0	proximal	DCTN2	.
chr12:57549932-57550365	1	1	0	0	distal	.	.
chr12:57590793-57590950	1	1	0	0	proximal	PIP4K2C	.
chr12:576107-576391	2	1	0	0	distal	.	.
chr12:57611670-57611829	1	1	0	0	distal	.	.
chr12:57739036-57739205	1	1	0	0	distal	.	.
chr12:57754824-57755046	3	1	0	0	proximal	MARCHF9	.
chr12:57782592-57782840	1	1	0	0	proximal	TSFM	.
chr12:57789094-57789315	1	1	0	0	distal	.	.
chr12:57846931-57847237	1	1	0	0	proximal	CTDSP2	.
chr12:57889058-57889235	1	1	0	0	distal	.	.
chr12:57896683-57896867	1	1	0	0	proximal	ENSG00000245651	.
chr12:57897065-57897290	2	1	0	0	proximal	ENSG00000245651	.
chr12:5951256-5951423	1	1	0	0	distal	.	.
chr12:5960806-5961033	1	1	0	0	distal	.	.
chr12:6124272-6124422	1	1	0	0	proximal	VWF	.
chr12:62269936-62270086	1	1	0	0	distal	.	.
chr12:62595126-62595276	1	1	0	0	distal	.	.
chr12:62603113-62603865	3	1	0	0	proximal	ENSG00000275180,LINC01465,MIRLET7IHG	.
chr12:62751861-62752204	1	1	0	0	distal	.	.
chr12:6278645-6279015	4	2	1	1	distal	.	.
chr12:62866089-62866268	2	1	0	0	distal	.	.
chr12:6296046-6296196	3	2	1	1	distal	.	.
chr12:62971313-62971470	1	1	0	0	distal	.	.
chr12:6323300-6323503	1	1	0	0	distal	.	.
chr12:63420263-63420717	1	1	0	0	distal	.	.
chr12:6376465-6376899	1	1	0	0	distal	.	.
chr12:64003215-64003365	1	1	0	0	distal	.	.
chr12:643018-643209	1	1	0	0	distal	.	.
chr12:6451345-6451580	2	1	0	0	proximal	CD27-AS1,TAPBPL	.
chr12:64582639-64582801	1	1	0	0	distal	.	.
chr12:6470044-6470466	3	1	0	0	proximal	VAMP1	.
chr12:6470554-6471249	1	1	0	0	proximal	VAMP1	.
chr12:64758730-64759251	1	1	0	0	proximal	ENSG00000288591,GNS,TBC1D30	.
chr12:64759358-64759664	1	1	0	0	proximal	ENSG00000288591,GNS,TBC1D30	.
chr12:64781038-64781375	1	1	0	0	distal	.	.
chr12:6493178-6493420	1	1	0	0	proximal	MRPL51,NCAPD2	.
chr12:6493572-6494159	2	1	0	0	proximal	MRPL51,NCAPD2	.
chr12:65251078-65251327	1	1	0	0	distal	.	.
chr12:6533507-6533745	2	1	0	0	proximal	GAPDH,GAPDH-DT	.
chr12:6533950-6534533	1	1	0	0	proximal	GAPDH,GAPDH-DT	.
chr12:65510488-65510715	1	1	0	0	distal	.	.
chr12:6554177-6554367	3	1	0	0	distal	.	.
chr12:6554502-6554661	1	1	0	0	distal	.	.
chr12:6556018-6556402	3	1	0	0	proximal	IFFO1	.
chr12:65603155-65603305	1	1	0	0	distal	.	.
chr12:65603523-65603697	1	1	0	0	distal	.	.
chr12:6563522-6563695	2	1	0	0	distal	.	.
chr12:65728879-65729740	1	1	0	0	distal	.	.
chr12:6580402-6580640	3	2	0	0	distal	.	.
chr12:65825169-65825319	1	1	0	0	proximal	HMGA2	.
chr12:66066289-66066547	1	1	0	0	distal	.	.
chr12:66066659-66066967	2	1	0	0	distal	.	.
chr12:6607752-6607927	1	1	0	0	proximal	ENSG00000285238	.
chr12:66092978-66093128	1	1	0	0	distal	.	.
chr12:6613058-6613267	4	2	1	1	distal	.	.
chr12:66130644-66130901	1	1	0	0	proximal	LLPH,LLPH-DT	.
chr12:6613594-6614590	1	1	0	0	proximal	CHD4	.
chr12:66169275-66169466	1	1	0	0	proximal	ENSG00000228144,TMBIM4	.
chr12:66169558-66170130	1	1	0	0	proximal	ENSG00000228144,TMBIM4	.
chr12:66234847-66235403	1	1	0	0	distal	.	.
chr12:66294055-66294246	1	1	0	0	distal	.	.
chr12:66302220-66302892	1	1	0	0	proximal	HELB	.
chr12:6662804-6662988	1	1	0	0	proximal	ENSG00000219410,ING4	.
chr12:6663084-6663543	1	1	0	0	proximal	ENSG00000219410,ING4	.
chr12:6672484-6672634	2	2	1	1	distal	.	.
chr12:66744959-66745163	1	1	0	0	distal	.	.
chr12:6688878-6689237	1	1	0	0	proximal	ENSG00000289303,ZNF384	.
chr12:6689317-6689818	3	1	0	0	proximal	ENSG00000289303,ZNF384	.
chr12:6697880-6698074	1	1	0	0	distal	.	.
chr12:6700331-6700696	2	1	0	0	proximal	PIANP	.
chr12:67069544-67069854	1	1	0	0	proximal	GRIP1	.
chr12:6723724-6724755	2	1	0	0	proximal	COPS7A,ENSG00000288814	.
chr12:67268712-67268946	1	1	0	0	proximal	CAND1	.
chr12:67269059-67269710	2	1	0	0	proximal	CAND1	.
chr12:6752845-6753285	1	1	0	0	distal	.	.
chr12:6764087-6764706	3	1	0	0	distal	.	.
chr12:67648592-67649149	1	1	0	0	proximal	DYRK2	.
chr12:6778341-6778519	2	2	1	1	distal	.	.
chr12:6778613-6779163	2	1	0	0	distal	.	.
chr12:68209099-68209694	1	1	0	0	distal	.	.
chr12:6821354-6821987	2	1	0	0	proximal	GPR162	.
chr12:68245327-68245786	2	1	0	0	distal	.	.
chr12:68332158-68332657	3	1	0	0	proximal	MDM1	.
chr12:6851236-6851488	2	1	0	0	proximal	CDCA3,USP5	.
chr12:68610371-68610958	1	1	0	0	proximal	ENSG00000289173,RAP1B	.
chr12:68611103-68611659	2	1	0	0	proximal	ENSG00000289173,RAP1B	.
chr12:6867383-6867651	2	1	0	0	proximal	TPI1	.
chr12:68676273-68676743	3	1	0	0	distal	.	.
chr12:68686581-68687079	1	1	0	0	proximal	NUP107,NUP107-DT	.
chr12:6873259-6873630	2	1	0	0	proximal	LRRC23	.
chr12:68745960-68746338	1	1	0	0	proximal	SLC35E3	.
chr12:68878097-68878247	1	1	0	0	distal	.	.
chr12:6890999-6891532	1	1	0	0	distal	.	.
chr12:68933032-68933734	1	1	0	0	distal	.	.
chr12:6904647-6904936	2	2	0	0	distal	.	.
chr12:69105127-69105352	1	1	0	0	distal	.	.
chr12:6914219-6914893	1	1	0	0	proximal	ENO2	.
chr12:6915652-6915852	3	1	0	0	distal	.	.
chr12:69239119-69240294	1	1	0	0	proximal	CPSF6	.
chr12:6927589-6927903	1	1	0	0	distal	.	.
chr12:69291047-69291253	2	1	0	0	distal	.	.
chr12:69359644-69360458	1	1	0	0	proximal	YEATS4	.
chr12:6936709-6936868	1	1	0	0	distal	.	.
chr12:6937871-6938276	2	1	0	0	distal	.	.
chr12:6943455-6943626	1	1	0	0	proximal	C12orf57	.
chr12:69470584-69471095	3	1	0	0	proximal	FRS2	.
chr12:69484622-69484828	1	1	0	0	distal	.	.
chr12:69528985-69529137	1	1	0	0	distal	.	.
chr12:69585254-69586047	2	1	0	0	proximal	CCT2	.
chr12:6961354-6961571	1	1	0	0	distal	.	.
chr12:69616536-69616756	1	1	0	0	distal	.	.
chr12:6961786-6962017	1	1	0	0	distal	.	.
chr12:6962115-6962265	1	1	0	0	distal	.	.
chr12:6970580-6971052	5	2	1	1	proximal	EMG1,ENSG00000290146,PHB2	.
chr12:69709746-69709896	1	1	0	0	distal	.	.
chr12:6988402-6988580	2	1	0	0	proximal	C1S	.
chr12:70163351-70163534	1	1	0	0	distal	.	.
chr12:7018463-7019059	1	1	0	0	proximal	LPCAT3	.
chr12:70365501-70366008	1	1	0	0	proximal	KCNMB4	.
chr12:70366108-70366472	1	1	0	0	proximal	KCNMB4	.
chr12:7060644-7060794	1	1	0	0	distal	.	.
chr12:7109199-7109408	2	1	0	0	proximal	C1RL	.
chr12:71483445-71483644	1	1	0	0	distal	.	.
chr12:71546881-71547057	1	1	0	0	distal	.	.
chr12:71639739-71639908	1	1	0	0	distal	.	.
chr12:71686299-71686543	1	1	0	0	proximal	TMEM19	.
chr12:7189497-7189647	1	1	0	0	proximal	ENSG00000255572,PEX5	.
chr12:7189870-7190048	2	1	0	0	proximal	ENSG00000255572	.
chr12:72316744-72316894	1	1	0	0	distal	.	.
chr12:72640279-72640569	1	1	0	0	distal	.	.
chr12:76530479-76530639	1	1	0	0	distal	.	.
chr12:76558915-76559073	1	1	0	0	proximal	ENSG00000257526,OSBPL8	.
chr12:76559414-76560062	1	1	0	0	proximal	ENSG00000257526,OSBPL8	.
chr12:76829180-76829330	1	1	0	0	distal	.	.
chr12:76878332-76878496	1	1	0	0	proximal	CSRP2,ENSG00000257910	.
chr12:76938778-76938933	2	1	0	0	distal	.	.
chr12:77324775-77325111	1	1	0	0	proximal	NAV3	.
chr12:78863854-78864089	1	1	0	0	proximal	SYT1	.
chr12:78864538-78864790	1	1	0	0	proximal	SYT1	.
chr12:78864992-78865156	1	1	0	0	distal	.	.
chr12:79045162-79045926	1	1	0	0	proximal	ENSG00000257191	.
chr12:79108941-79109091	1	1	0	0	distal	.	.
chr12:79768893-79769090	1	1	0	0	distal	.	.
chr12:80149801-80150167	1	1	0	0	distal	.	.
chr12:8032590-8032940	1	1	0	0	proximal	FOXJ2	.
chr12:8081876-8082288	1	1	0	0	proximal	ENSG00000284697	.
chr12:80937521-80938036	1	1	0	0	proximal	LIN7A	.
chr12:814182-814450	1	1	0	0	distal	.	.
chr12:8179830-8179997	1	1	0	0	proximal	FAM66C	.
chr12:8237594-8237744	2	1	0	0	distal	.	.
chr12:84363235-84363385	1	1	0	0	distal	.	.
chr12:84877109-84877351	1	1	0	0	distal	.	.
chr12:84898229-84898379	2	1	0	0	distal	.	.
chr12:84911336-84911728	1	1	0	0	distal	.	.
chr12:84912691-84913025	1	1	0	0	proximal	SLC6A15	.
chr12:85182742-85183004	1	1	0	0	distal	.	.
chr12:85280003-85280960	1	1	0	0	proximal	ALX1	.
chr12:8681485-8681838	1	1	0	0	proximal	RIMKLB	.
chr12:8692670-8692972	1	1	0	0	distal	.	.
chr12:8891102-8891275	2	1	0	0	distal	.	.
chr12:8949274-8950140	1	1	0	0	proximal	KLRG1,M6PR	.
chr12:89709952-89710286	1	1	0	0	proximal	ATP2B1	.
chr12:89812491-89812641	1	1	0	0	distal	.	.
chr12:93886397-93887014	1	1	0	0	distal	.	.
chr12:94101443-94101811	1	1	0	0	distal	.	.
chr12:94459796-94460318	2	1	0	0	proximal	CEP83,CEP83-DT	.
chr12:94650050-94650289	1	1	0	0	proximal	TMCC3	.
chr12:94699987-94700302	1	1	0	0	distal	.	.
chr12:94750494-94750677	1	1	0	0	distal	.	.
chr12:94939793-94940025	1	1	0	0	distal	.	.
chr12:949401-950038	3	1	0	0	distal	.	.
chr12:95003373-95003910	1	1	0	0	proximal	NDUFA12	.
chr12:95003991-95004175	1	1	0	0	proximal	NDUFA12	.
chr12:95217136-95217926	1	1	0	0	proximal	FGD6,VEZT	.
chr12:95473776-95474263	1	1	0	0	proximal	METAP2	.
chr12:95548264-95548734	2	1	0	0	distal	.	.
chr12:95691040-95691190	1	1	0	0	distal	.	.
chr12:95918582-95918775	1	1	0	0	distal	.	.
chr12:95942456-95942797	1	1	0	0	proximal	AMDHD1,CCDC38	.
chr12:95942963-95943446	1	1	0	0	proximal	AMDHD1,CCDC38	.
chr12:96035281-96036118	1	1	0	0	distal	.	.
chr12:96167468-96167618	1	1	0	0	distal	.	.
chr12:96417048-96417199	1	1	0	0	distal	.	.
chr12:96453055-96453205	1	1	0	0	distal	.	.
chr12:98491077-98491261	1	1	0	0	distal	.	.
chr12:98515169-98515364	1	1	0	0	proximal	TMPO	.
chr12:98515443-98515685	1	1	0	0	proximal	TMPO,TMPO-AS1	.
chr12:98645454-98645778	1	1	0	0	proximal	APAF1,IKBIP	.
chr12:990601-991564	1	1	0	0	proximal	ENSG00000250132,ERC1	.
chr12:99437499-99437714	2	1	0	0	distal	.	.
chr13:100088797-100089729	1	1	0	0	proximal	PCCA,PCCA-DT	.
chr13:100342703-100342895	1	1	0	0	distal	.	.
chr13:100443331-100443611	1	1	0	0	distal	.	.
chr13:100588762-100588930	1	1	0	0	proximal	GGACT	.
chr13:110615390-110615625	1	1	0	0	proximal	ENSG00000275880,NAXD	.
chr13:110712738-110713373	1	1	0	0	proximal	CARS2,ING1	.
chr13:110715400-110715747	1	1	0	0	distal	.	.
chr13:110870049-110870599	1	1	0	0	proximal	PRECSIT	.
chr13:110874676-110874863	1	1	0	0	distal	.	.
chr13:111062839-111063019	1	1	0	0	distal	.	.
chr13:111223507-111223657	1	1	0	0	distal	.	.
chr13:111239022-111239172	2	1	0	0	distal	.	.
chr13:111382496-111382681	1	1	0	0	distal	.	.
chr13:112587435-112587988	1	1	0	0	proximal	TUBGCP3	.
chr13:112689806-112690286	1	1	0	0	proximal	ATP11A,ENSG00000274922	.
chr13:112942853-112943033	1	1	0	0	distal	.	.
chr13:113153978-113154442	2	1	0	0	proximal	ENSG00000283828	.
chr13:113208589-113208754	1	1	0	0	proximal	CUL4A,PCID2	.
chr13:113296768-113297747	1	1	0	0	proximal	LAMP1	.
chr13:113328194-113328367	1	1	0	0	distal	.	.
chr13:113364113-113364406	1	1	0	0	proximal	GRTP1	.
chr13:113397770-113397955	1	1	0	0	distal	.	.
chr13:113584423-113584841	1	1	0	0	proximal	TFDP1	.
chr13:113854745-113854974	1	1	0	0	distal	.	.
chr13:19109142-19109295	1	1	0	0	distal	.	.
chr13:19633343-19633763	2	1	0	0	proximal	MPHOSPH8	.
chr13:19664814-19664964	1	1	0	0	distal	.	.
chr13:19825736-19825933	1	1	0	0	distal	.	.
chr13:19863457-19863903	1	1	0	0	proximal	ENSG00000275964,ZMYM5	.
chr13:19957958-19958318	1	1	0	0	proximal	ENSG00000289235,ZMYM2	.
chr13:19960206-19960379	1	1	0	0	distal	.	.
chr13:20184224-20184374	1	1	0	0	distal	.	.
chr13:20703970-20704585	1	1	0	0	proximal	ENSG00000278291	.
chr13:21113696-21113846	1	1	0	0	distal	.	.
chr13:21176384-21176801	2	1	0	0	proximal	MRPL57,SKA3	.
chr13:21459354-21459572	1	1	0	0	proximal	ZDHHC20	.
chr13:24141727-24141910	1	1	0	0	distal	.	.
chr13:24618201-24618351	1	1	0	0	distal	.	.
chr13:26557412-26557754	1	1	0	0	proximal	WASF3	.
chr13:27022904-27023279	1	1	0	0	distal	.	.
chr13:27035010-27035181	1	1	0	0	distal	.	.
chr13:27170907-27171057	1	1	0	0	proximal	USP12	.
chr13:27270632-27271302	1	1	0	0	proximal	RASL11A	.
chr13:27339395-27339599	1	1	0	0	distal	.	.
chr13:27449927-27450681	1	1	0	0	proximal	ENSG00000289827,MTIF3	.
chr13:27533146-27533458	1	1	0	0	distal	.	.
chr13:27545481-27545773	1	1	0	0	distal	.	.
chr13:27620169-27620902	1	1	0	0	proximal	LNX2,POLR1D	.
chr13:27621665-27621884	1	1	0	0	distal	.	.
chr13:27826601-27826848	1	1	0	0	distal	.	.
chr13:27919907-27920317	3	1	0	0	proximal	PDX1	.
chr13:27968689-27969436	1	1	0	0	proximal	CDX2	.
chr13:27988540-27988771	1	1	0	0	proximal	URAD	.
chr13:28100334-28100820	1	1	0	0	proximal	FLT3	.
chr13:28138075-28138246	1	1	0	0	proximal	PAN3,PAN3-AS1	.
chr13:28138316-28138505	1	1	0	0	proximal	PAN3,PAN3-AS1	.
chr13:28139107-28139620	3	1	0	0	proximal	PAN3	.
chr13:28303116-28303268	2	1	0	0	distal	.	.
chr13:28324324-28324526	1	1	0	0	distal	.	.
chr13:28350352-28350610	1	1	0	0	distal	.	.
chr13:28357864-28358014	1	1	0	0	distal	.	.
chr13:28576769-28576932	1	1	0	0	distal	.	.
chr13:28619237-28619387	1	1	0	0	distal	.	.
chr13:28658831-28659195	1	1	0	0	proximal	ENSG00000289569,POMP	.
chr13:28693683-28693838	1	1	0	0	distal	.	.
chr13:28796709-28796904	1	1	0	0	distal	.	.
chr13:29428910-29429092	1	1	0	0	distal	.	.
chr13:29924131-29924438	1	1	0	0	distal	.	.
chr13:30205590-30205740	1	1	0	0	distal	.	.
chr13:30306778-30307847	1	1	0	0	proximal	KATNAL1	.
chr13:30408319-30408621	1	1	0	0	proximal	ENSG00000289302	.
chr13:30421556-30422481	1	1	0	0	proximal	LINC01058,UBE2L5	.
chr13:30445739-30446031	1	1	0	0	distal	.	.
chr13:30548109-30548259	1	1	0	0	distal	.	.
chr13:30744078-30744405	1	1	0	0	distal	.	.
chr13:30832983-30833349	1	1	0	0	distal	.	.
chr13:30865393-30865595	1	1	0	0	distal	.	.
chr13:31161782-31162768	1	1	0	0	proximal	HSPH1	.
chr13:31752520-31752787	1	1	0	0	distal	.	.
chr13:32523498-32523673	1	1	0	0	distal	.	.
chr13:32750691-32750844	1	1	0	0	distal	.	.
chr13:32791928-32792191	1	1	0	0	distal	.	.
chr13:32847643-32847807	1	1	0	0	distal	.	.
chr13:36673597-36674060	1	1	0	0	proximal	SERTM1	.
chr13:36999161-36999461	1	1	0	0	proximal	EXOSC8	.
chr13:38349404-38349918	1	1	0	0	proximal	LINC00571,UFM1	.
chr13:38686619-38687288	1	1	0	0	proximal	FREM2	.
chr13:39655532-39656422	1	1	0	0	proximal	COG6	.
chr13:40116151-40116406	1	1	0	0	distal	.	.
chr13:40225794-40225944	1	1	0	0	distal	.	.
chr13:40325731-40325881	1	1	0	0	distal	.	.
chr13:40613571-40613859	1	1	0	0	distal	.	.
chr13:40664275-40665018	2	1	0	0	distal	.	.
chr13:40777267-40777444	1	1	0	0	distal	.	.
chr13:40789228-40789611	1	1	0	0	proximal	SLC25A15	.
chr13:40921277-40921558	1	1	0	0	proximal	ENSG00000290476,SUGT1P3	.
chr13:40974571-40974923	1	1	0	0	distal	.	.
chr13:41054349-41054507	2	1	0	0	distal	.	.
chr13:41061184-41061918	1	1	0	0	proximal	ELF1,WBP4	.
chr13:41194011-41194337	1	1	0	0	proximal	KBTBD7	.
chr13:41194471-41194776	1	1	0	0	proximal	KBTBD7	.
chr13:41310965-41311664	1	1	0	0	proximal	NAA16	.
chr13:41352355-41352505	1	1	0	0	distal	.	.
chr13:41353126-41353276	2	1	0	0	distal	.	.
chr13:41458214-41458523	1	1	0	0	proximal	RGCC	.
chr13:41876301-41876540	3	1	0	0	distal	.	.
chr13:41911031-41911263	1	1	0	0	distal	.	.
chr13:41960771-41960958	1	1	0	0	proximal	VWA8	.
chr13:42048625-42049323	1	1	0	0	distal	.	.
chr13:42272619-42272786	1	1	0	0	proximal	AKAP11	.
chr13:43058403-43058648	1	1	0	0	distal	.	.
chr13:43110866-43111016	1	1	0	0	distal	.	.
chr13:43600614-43600764	1	1	0	0	distal	.	.
chr13:43649701-43649851	1	1	0	0	distal	.	.
chr13:43756208-43756391	2	1	0	0	distal	.	.
chr13:43878979-43879664	1	1	0	0	proximal	CCDC122,LACC1	.
chr13:43879730-43880095	1	1	0	0	proximal	CCDC122,LACC1	.
chr13:44141689-44142563	1	1	0	0	distal	.	.
chr13:44156006-44156411	1	1	0	0	distal	.	.
chr13:44374193-44374415	1	1	0	0	proximal	SERP2	.
chr13:44410153-44410303	1	1	0	0	distal	.	.
chr13:44435134-44435536	1	1	0	0	distal	.	.
chr13:44465103-44465253	1	1	0	0	distal	.	.
chr13:44483765-44483992	1	1	0	0	distal	.	.
chr13:44779416-44779566	1	1	0	0	distal	.	.
chr13:44789228-44789378	1	1	0	0	distal	.	.
chr13:44917724-44918545	1	1	0	0	distal	.	.
chr13:45120281-45120807	1	1	0	0	proximal	GTF2F2	.
chr13:45329738-45329977	1	1	0	0	distal	.	.
chr13:45371100-45371250	1	1	0	0	distal	.	.
chr13:45417808-45418299	1	1	0	0	proximal	SLC25A30,SLC25A30-AS1	.
chr13:45717971-45718370	1	1	0	0	distal	.	.
chr13:45811218-45811383	1	1	0	0	distal	.	.
chr13:48303935-48304129	1	1	0	0	proximal	RB1,RB1-DT	.
chr13:48508891-48509053	1	1	0	0	distal	.	.
chr13:48975648-48975995	1	1	0	0	proximal	FNDC3A	.
chr13:49219941-49220505	1	1	0	0	proximal	MLNR	.
chr13:49242084-49242248	2	1	0	0	distal	.	.
chr13:49247761-49248432	1	1	0	0	proximal	CDADC1,ENSG00000288743	.
chr13:49585541-49585816	1	1	0	0	proximal	RCBTB1	.
chr13:49607104-49607338	1	1	0	0	distal	.	.
chr13:49642139-49642480	1	1	0	0	distal	.	.
chr13:49680005-49680155	1	1	0	0	distal	.	.
chr13:49690852-49691725	2	1	0	0	proximal	EBPL	.
chr13:49792243-49793185	1	1	0	0	proximal	ENSG00000276436,KPNA3	.
chr13:49913240-49913498	1	1	0	0	distal	.	.
chr13:49978219-49978369	2	1	0	0	distal	.	.
chr13:49996662-49997588	1	1	0	0	distal	.	.
chr13:50061542-50061817	1	1	0	0	distal	.	.
chr13:50081471-50081648	1	1	0	0	proximal	DLEU1	.
chr13:50118762-50119038	2	1	0	0	distal	.	.
chr13:50124133-50124932	1	1	0	0	distal	.	.
chr13:50125017-50125187	1	1	0	0	proximal	DLEU2,ENSG00000274270	.
chr13:50125415-50125805	1	1	0	0	proximal	DLEU2,ENSG00000274270	.
chr13:50244889-50245315	2	1	0	0	distal	.	.
chr13:50346597-50346798	1	1	0	0	distal	.	.
chr13:50378546-50378731	1	1	0	0	distal	.	.
chr13:50529194-50529768	1	1	0	0	distal	.	.
chr13:50617207-50617357	1	1	0	0	distal	.	.
chr13:50742979-50743262	1	1	0	0	distal	.	.
chr13:50909694-50909909	1	1	0	0	proximal	RNASEH2B,RNASEH2B-AS1	.
chr13:51080416-51080885	1	1	0	0	distal	.	.
chr13:51090472-51090622	1	1	0	0	distal	.	.
chr13:51222023-51222448	1	1	0	0	proximal	FAM124A	.
chr13:52128987-52129223	1	1	0	0	proximal	ENSG00000273523,NEK5	.
chr13:52317043-52317202	1	1	0	0	distal	.	.
chr13:52440894-52441234	1	1	0	0	distal	.	.
chr13:52450559-52450874	1	1	0	0	proximal	VPS36	.
chr13:52651985-52652489	1	1	0	0	proximal	SUGT1,SUGT1-DT	.
chr13:52928616-52928798	1	1	0	0	distal	.	.
chr13:60163537-60164273	2	1	0	0	proximal	DIAPH3	.
chr13:60323130-60323291	1	1	0	0	distal	.	.
chr13:60518217-60518367	1	1	0	0	distal	.	.
chr13:61748550-61748700	1	1	0	0	distal	.	.
chr13:61822333-61822513	1	1	0	0	distal	.	.
chr13:62137833-62138033	1	1	0	0	distal	.	.
chr13:62387885-62388035	2	1	0	0	distal	.	.
chr13:62436139-62436326	1	1	0	0	distal	.	.
chr13:63655194-63655344	1	1	0	0	distal	.	.
chr13:63784986-63785136	1	1	0	0	distal	.	.
chr13:64305197-64305530	1	1	0	0	distal	.	.
chr13:64723728-64724083	2	1	0	0	distal	.	.
chr13:65237222-65237429	1	1	0	0	distal	.	.
chr13:65296850-65297058	1	1	0	0	distal	.	.
chr13:65855031-65855295	1	1	0	0	distal	.	.
chr13:65855477-65855627	1	1	0	0	distal	.	.
chr13:66214730-66214885	1	1	0	0	distal	.	.
chr13:66265165-66265541	1	1	0	0	distal	.	.
chr13:66350252-66350502	1	1	0	0	distal	.	.
chr13:66459113-66459307	1	1	0	0	distal	.	.
chr13:66552530-66552835	1	1	0	0	distal	.	.
chr13:66803196-66803604	3	1	0	0	distal	.	.
chr13:67061826-67062110	1	1	0	0	distal	.	.
chr13:67106689-67106879	1	1	0	0	distal	.	.
chr13:67224207-67224485	1	1	0	0	distal	.	.
chr13:67243239-67243400	1	1	0	0	distal	.	.
chr13:67247135-67247623	1	1	0	0	distal	.	.
chr13:67665211-67665366	1	1	0	0	distal	.	.
chr13:67785855-67786052	1	1	0	0	distal	.	.
chr13:67869510-67869785	1	1	0	0	distal	.	.
chr13:67881165-67881315	1	1	0	0	distal	.	.
chr13:68018305-68018455	1	1	0	0	distal	.	.
chr13:68256846-68257294	2	1	0	0	distal	.	.
chr13:68855829-68856064	1	1	0	0	distal	.	.
chr13:69767215-69767365	2	2	1	1	distal	.	.
chr13:69871368-69871526	2	2	1	1	distal	.	.
chr13:69960230-69960399	3	2	1	1	distal	.	.
chr13:70129625-70129824	1	1	0	0	distal	.	.
chr13:70589962-70590112	1	1	0	0	distal	.	.
chr13:71313797-71314003	1	1	0	0	distal	.	.
chr13:71879275-71879519	2	1	0	0	distal	.	.
chr13:72024188-72024383	1	1	0	0	distal	.	.
chr13:72067663-72067813	1	1	0	0	distal	.	.
chr13:72126845-72126995	1	1	0	0	distal	.	.
chr13:72507470-72507689	1	1	0	0	distal	.	.
chr13:74135338-74135683	1	1	0	0	distal	.	.
chr13:74325074-74325410	1	1	0	0	distal	.	.
chr13:74424589-74424818	1	1	0	0	distal	.	.
chr13:74575713-74576244	1	1	0	0	distal	.	.
chr13:74664261-74664413	1	1	0	0	distal	.	.
chr13:75268472-75268622	1	1	0	0	distal	.	.
chr13:75414026-75414178	1	1	0	0	distal	.	.
chr13:75487649-75487799	1	1	0	0	distal	.	.
chr13:75635545-75636350	1	1	0	0	proximal	LMO7-AS1	.
chr13:75870652-75871046	1	1	0	0	proximal	LMO7DN	.
chr13:76497193-76497343	1	1	0	0	distal	.	.
chr13:76647726-76647876	1	1	0	0	distal	.	.
chr13:77286952-77287208	1	1	0	0	distal	.	.
chr13:77298098-77298359	1	1	0	0	distal	.	.
chr13:77580015-77580166	1	1	0	0	distal	.	.
chr13:77598796-77598946	2	1	0	0	distal	.	.
chr13:77919489-77919863	1	1	0	0	proximal	OBI1-AS1	.
chr13:78074693-78074843	1	1	0	0	distal	.	.
chr13:78169465-78169821	2	1	0	0	distal	.	.
chr13:78215765-78216035	2	1	0	0	distal	.	.
chr13:78309222-78309535	1	1	0	0	distal	.	.
chr13:78388867-78389017	1	1	0	0	distal	.	.
chr13:78609474-78609801	1	1	0	0	distal	.	.
chr13:78658608-78659265	2	1	0	0	proximal	OBI1	.
chr13:78978319-78978639	1	1	0	0	distal	.	.
chr13:79102296-79102470	1	1	0	0	distal	.	.
chr13:79225977-79226292	1	1	0	0	distal	.	.
chr13:79393808-79394317	2	1	0	0	distal	.	.
chr13:79406451-79406842	1	1	0	0	proximal	RBM26,RBM26-AS1	.
chr13:79508755-79508905	1	1	0	0	distal	.	.
chr13:79528477-79529223	2	1	0	0	distal	.	.
chr13:80132860-80133446	1	1	0	0	distal	.	.
chr13:80490464-80490820	1	1	0	0	distal	.	.
chr13:80948949-80949158	1	1	0	0	distal	.	.
chr13:81295368-81295518	1	1	0	0	distal	.	.
chr13:81890495-81890645	1	1	0	0	distal	.	.
chr13:82606204-82606467	1	1	0	0	distal	.	.
chr13:82758154-82758319	1	1	0	0	distal	.	.
chr13:84263847-84264049	1	1	0	0	distal	.	.
chr13:84402961-84403111	1	1	0	0	distal	.	.
chr13:84635452-84635910	1	1	0	0	distal	.	.
chr13:84720684-84720844	1	1	0	0	distal	.	.
chr13:85238833-85239074	1	1	0	0	distal	.	.
chr13:85266636-85266792	1	1	0	0	distal	.	.
chr13:85266949-85267099	1	1	0	0	distal	.	.
chr13:85277803-85278073	1	1	0	0	distal	.	.
chr13:87274289-87274505	1	1	0	0	distal	.	.
chr13:87671029-87671705	1	1	0	0	proximal	SLITRK5	.
chr13:87672061-87672211	1	1	0	0	proximal	SLITRK5	.
chr13:87672388-87672668	1	1	0	0	distal	.	.
chr13:88118269-88118419	1	1	0	0	distal	.	.
chr13:88130004-88130154	1	1	0	0	distal	.	.
chr13:90657558-90657708	1	1	0	0	distal	.	.
chr13:90925977-90926222	1	1	0	0	proximal	LINC00410	.
chr13:91017718-91017891	1	1	0	0	distal	.	.
chr13:91184342-91184689	1	1	0	0	distal	.	.
chr13:91313172-91313330	1	1	0	0	distal	.	.
chr13:91549759-91549909	1	1	0	0	distal	.	.
chr13:91844733-91844902	1	1	0	0	distal	.	.
chr13:92102610-92102772	1	1	0	0	distal	.	.
chr13:92379465-92379616	1	1	0	0	proximal	GPC5-AS2	.
chr13:92500371-92500521	1	1	0	0	distal	.	.
chr13:92573479-92573687	1	1	0	0	distal	.	.
chr13:92615972-92616122	1	1	0	0	distal	.	.
chr13:92843641-92844019	2	1	0	0	distal	.	.
chr13:93020723-93021016	1	1	0	0	distal	.	.
chr13:93227657-93228304	1	1	0	0	proximal	ENSG00000278177	.
chr13:93228445-93228785	1	1	0	0	distal	.	.
chr13:93862186-93862336	1	1	0	0	distal	.	.
chr13:93937619-93937796	2	2	1	1	distal	.	.
chr13:94016887-94017053	1	1	0	0	distal	.	.
chr13:94038896-94039082	2	2	1	1	distal	.	.
chr13:94372555-94372705	1	1	0	0	distal	.	.
chr13:94379651-94379959	1	1	0	0	distal	.	.
chr13:94464003-94464421	2	2	1	1	distal	.	.
chr13:94548929-94550253	2	1	0	0	proximal	ENSG00000289878	.
chr13:94595711-94595951	2	2	1	1	proximal	TGDS	.
chr13:94596038-94596472	2	2	1	1	proximal	TGDS	.
chr13:94601489-94602472	2	1	0	0	proximal	GPR180	.
chr13:94712757-94713251	2	1	0	0	proximal	SOX21	.
chr13:94815823-94815973	1	1	0	0	distal	.	.
chr13:94942300-94942450	1	1	0	0	distal	.	.
chr13:95004178-95004328	1	1	0	0	distal	.	.
chr13:95018109-95018259	1	1	0	0	distal	.	.
chr13:95192072-95192280	1	1	0	0	distal	.	.
chr13:95301368-95301893	4	2	1	1	proximal	ABCC4	.
chr13:95506499-95506692	1	1	0	0	distal	.	.
chr13:95677478-95677767	1	1	0	0	proximal	DNAJC3,DNAJC3-DT	.
chr13:95907836-95907986	1	1	0	0	distal	.	.
chr13:96052936-96053822	1	1	0	0	proximal	UGGT2	.
chr13:96076078-96076241	1	1	0	0	distal	.	.
chr13:96289684-96289834	1	1	0	0	distal	.	.
chr13:96553005-96553155	1	1	0	0	distal	.	.
chr13:96719939-96720089	1	1	0	0	distal	.	.
chr13:97109885-97110249	1	1	0	0	distal	.	.
chr13:97183422-97183597	1	1	0	0	distal	.	.
chr13:98142883-98143328	1	1	0	0	proximal	FARP1	.
chr13:98145090-98145304	1	1	0	0	distal	.	.
chr13:98301803-98301977	1	1	0	0	distal	.	.
chr13:98327964-98328246	2	1	0	0	distal	.	.
chr13:98557099-98557483	1	1	0	0	distal	.	.
chr13:98577018-98577346	1	1	0	0	proximal	STK24,STK24-AS1	.
chr13:98742004-98742229	1	1	0	0	distal	.	.
chr13:99200617-99200916	1	1	0	0	proximal	UBAC2,UBAC2-AS1	.
chr13:99261990-99262169	1	1	0	0	proximal	GPR18	.
chr13:99577951-99578109	1	1	0	0	proximal	LINC01039	.
chr13:99605833-99606144	1	1	0	0	proximal	CLYBL	.
chr13:99606484-99606922	1	1	0	0	proximal	CLYBL	.
chr13:99865467-99865901	1	1	0	0	distal	.	.
chr13:99871096-99871283	1	1	0	0	distal	.	.
chr13:99971063-99971655	1	1	0	0	proximal	ZIC5	.
chr13:99971785-99972165	1	1	0	0	proximal	ZIC5	.
chr13:99990521-99990851	1	1	0	0	distal	.	.
chr14:100076100-100076485	1	1	0	0	distal	.	.
chr14:100192839-100193386	1	1	0	0	distal	.	.
chr14:100214058-100214301	1	1	0	0	distal	.	.
chr14:100214385-100214704	2	1	0	0	distal	.	.
chr14:100238365-100238958	2	1	0	0	proximal	ENSG00000258982,YY1	.
chr14:100240051-100240280	1	1	0	0	distal	.	.
chr14:100240368-100240710	1	1	0	0	distal	.	.
chr14:100272715-100272944	1	1	0	0	distal	.	.
chr14:100375950-100376610	2	1	0	0	proximal	WARS1,WDR25	.
chr14:100440470-100440653	1	1	0	0	distal	.	.
chr14:100456129-100456309	2	1	0	0	distal	.	.
chr14:100574168-100574343	1	1	0	0	distal	.	.
chr14:100851219-100851403	1	1	0	0	distal	.	.
chr14:101761381-101761652	1	1	0	0	proximal	ENSG00000289049,PPP2R5C	.
chr14:101772930-101773086	1	1	0	0	distal	.	.
chr14:101848662-101848849	1	1	0	0	distal	.	.
chr14:101972423-101972706	1	1	0	0	distal	.	.
chr14:102086851-102087667	1	1	0	0	distal	.	.
chr14:102316954-102317183	1	1	0	0	proximal	ZNF839	.
chr14:102437968-102438304	1	1	0	0	distal	.	.
chr14:102498534-102498977	2	1	0	0	distal	.	.
chr14:102510901-102511051	2	1	0	0	distal	.	.
chr14:102516732-102517089	2	1	0	0	distal	.	.
chr14:102645785-102645935	1	1	0	0	distal	.	.
chr14:102666894-102667087	2	1	0	0	distal	.	.
chr14:102707748-102707983	1	1	0	0	distal	.	.
chr14:102872380-102872613	1	1	0	0	distal	.	.
chr14:102993233-102993406	1	1	0	0	distal	.	.
chr14:103056573-103056795	3	1	0	0	proximal	CDC42BPB	.
chr14:103056992-103057863	1	1	0	0	proximal	CDC42BPB,ENSG00000289207	.
chr14:103068209-103068359	1	1	0	0	distal	.	.
chr14:103075584-103076086	1	1	0	0	distal	.	.
chr14:103303595-103303876	1	1	0	0	distal	.	.
chr14:103333423-103333600	1	1	0	0	proximal	EIF5,ENSG00000291313	.
chr14:103333811-103334284	1	1	0	0	proximal	EIF5,ENSG00000291313	.
chr14:103420228-103420378	1	1	0	0	distal	.	.
chr14:103472326-103472519	1	1	0	0	distal	.	.
chr14:103500227-103500444	1	1	0	0	distal	.	.
chr14:103518643-103518946	2	1	0	0	distal	.	.
chr14:103519756-103519906	1	1	0	0	distal	.	.
chr14:103520920-103521299	2	1	0	0	distal	.	.
chr14:103629082-103629389	1	1	0	0	distal	.	.
chr14:103760696-103760846	1	1	0	0	distal	.	.
chr14:103801534-103801729	1	1	0	0	distal	.	.
chr14:103847476-103847798	2	1	0	0	proximal	PPP1R13B,PPP1R13B-DT	.
chr14:104071344-104071528	1	1	0	0	distal	.	.
chr14:104094745-104094904	1	1	0	0	distal	.	.
chr14:104214167-104214317	2	1	0	0	distal	.	.
chr14:104224550-104224723	1	1	0	0	distal	.	.
chr14:104658069-104658238	4	1	0	0	distal	.	.
chr14:104708709-104708908	2	1	0	0	distal	.	.
chr14:104723285-104723435	2	1	0	0	proximal	ADSS1	.
chr14:104723615-104723827	1	1	0	0	proximal	ADSS1	.
chr14:104752550-104753225	3	1	0	0	proximal	SIVA1	.
chr14:104768610-104768984	1	1	0	0	proximal	ENSG00000258430	.
chr14:104800498-104800746	2	1	0	0	proximal	ZBTB42	.
chr14:104805356-104805537	2	1	0	0	distal	.	.
chr14:104815575-104815850	2	1	0	0	distal	.	.
chr14:104815967-104816426	3	1	0	0	distal	.	.
chr14:104826284-104827040	2	1	0	0	distal	.	.
chr14:104933393-104933619	1	1	0	0	distal	.	.
chr14:104933885-104934149	1	1	0	0	distal	.	.
chr14:104978077-104978558	4	2	1	1	proximal	AHNAK2	.
chr14:104985567-104986394	1	1	0	0	proximal	CLBA1	.
chr14:105021048-105021606	2	1	0	0	proximal	CDCA4	.
chr14:105045710-105045994	2	2	1	1	distal	.	.
chr14:105300653-105300803	1	1	0	0	proximal	PACS2	.
chr14:105316715-105317150	1	1	0	0	distal	.	.
chr14:105414969-105415350	1	1	0	0	distal	.	.
chr14:105448710-105448889	1	1	0	0	distal	.	.
chr14:105480812-105481449	4	2	1	1	distal	.	.
chr14:105489747-105489927	1	1	0	0	proximal	TEDC1	.
chr14:20305475-20306105	1	1	0	0	proximal	ENSG00000258459,TTC5	.
chr14:20332951-20333125	1	1	0	0	proximal	CCNB1IP1	.
chr14:20333197-20333672	1	1	0	0	proximal	CCNB1IP1	.
chr14:20342702-20343742	1	1	0	0	proximal	ENSG00000259001,PARP2	.
chr14:20413382-20413606	1	1	0	0	proximal	TEP1	.
chr14:20461358-20462132	1	1	0	0	proximal	PIP4P1,PNP	.
chr14:20610052-20610243	1	1	0	0	proximal	ENSG00000259060,RNASE11	.
chr14:20613257-20613880	1	1	0	0	distal	.	.
chr14:20625229-20625697	1	1	0	0	distal	.	.
chr14:20653156-20653517	1	1	0	0	distal	.	.
chr14:20662844-20663513	2	1	0	0	distal	.	.
chr14:20681923-20682178	1	1	0	0	distal	.	.
chr14:20684363-20684640	1	1	0	0	proximal	ANG,ENSG00000259171,RNASE4	.
chr14:20971025-20971646	1	1	0	0	distal	.	.
chr14:20971735-20971911	2	1	0	0	distal	.	.
chr14:20989671-20990307	1	1	0	0	proximal	METTL17	.
chr14:21040237-21040404	1	1	0	0	distal	.	.
chr14:21071274-21071462	1	1	0	0	proximal	NDRG2	.
chr14:21071523-21071834	2	1	0	0	proximal	NDRG2	.
chr14:21092541-21092771	2	1	0	0	distal	.	.
chr14:21102585-21102770	1	1	0	0	distal	.	.
chr14:21104568-21104719	1	1	0	0	proximal	ZNF219	.
chr14:21191973-21192301	4	1	0	0	distal	.	.
chr14:21308486-21309085	1	1	0	0	distal	.	.
chr14:21329198-21329475	2	1	0	0	distal	.	.
chr14:21383553-21384096	1	1	0	0	proximal	ENSG00000260830,SUPT16H	.
chr14:21510797-21511736	1	1	0	0	proximal	METTL3	.
chr14:21602685-21602848	1	1	0	0	distal	.	.
chr14:21694016-21694166	1	1	0	0	distal	.	.
chr14:21846405-21846611	1	1	0	0	proximal	TRAV8-2	.
chr14:22557266-22557453	1	1	0	0	proximal	ENSG00000259003,LINC02332	.
chr14:22570696-22570846	1	1	0	0	distal	.	.
chr14:22589026-22589905	1	1	0	0	proximal	DAD1	.
chr14:22598153-22598364	2	1	0	0	proximal	ABHD4,ENSG00000275552	.
chr14:22712964-22713618	1	1	0	0	distal	.	.
chr14:22766477-22766724	2	1	0	0	proximal	OXA1L,OXA1L-DT	.
chr14:22766784-22766982	2	1	0	0	proximal	OXA1L,OXA1L-DT	.
chr14:22767041-22767338	1	1	0	0	proximal	OXA1L,OXA1L-DT	.
chr14:22829764-22829948	1	1	0	0	proximal	MRPL52,SLC7A7	.
chr14:22871312-22871511	1	1	0	0	proximal	LRP10	.
chr14:22872287-22872525	1	1	0	0	proximal	LRP10	.
chr14:22886367-22886780	1	1	0	0	distal	.	.
chr14:22886855-22887065	2	1	0	0	distal	.	.
chr14:22929067-22929865	1	1	0	0	proximal	PRMT5,PRMT5-DT	.
chr14:22930471-22930695	1	1	0	0	proximal	PRMT5-DT	.
chr14:22956761-22957620	2	1	0	0	proximal	HAUS4	.
chr14:22982536-22983037	1	1	0	0	proximal	AJUBA,AJUBA-DT,ENSG00000259132	.
chr14:23006673-23007419	2	1	0	0	distal	.	.
chr14:23010055-23010240	2	1	0	0	proximal	C14orf93	.
chr14:23034806-23035313	2	1	0	0	proximal	PSMB5	.
chr14:23056356-23056535	1	1	0	0	distal	.	.
chr14:23057549-23058365	1	1	0	0	proximal	CDH24,ENSG00000288795	.
chr14:23068954-23069198	2	1	0	0	distal	.	.
chr14:23071511-23071737	1	1	0	0	distal	.	.
chr14:23183208-23183503	1	1	0	0	proximal	SLC7A8	.
chr14:23241625-23241889	1	1	0	0	distal	.	.
chr14:23285882-23286807	2	1	0	0	distal	.	.
chr14:23295103-23295443	3	1	0	0	distal	.	.
chr14:23301209-23301397	1	1	0	0	distal	.	.
chr14:23352764-23353009	2	1	0	0	proximal	SLC22A17	.
chr14:23435514-23435777	1	1	0	0	proximal	MYH7	.
chr14:23460343-23460618	1	1	0	0	distal	.	.
chr14:23469176-23469976	2	1	0	0	proximal	NGDN	.
chr14:23478398-23478548	1	1	0	0	distal	.	.
chr14:23482807-23482967	1	1	0	0	distal	.	.
chr14:23551323-23551842	1	1	0	0	distal	.	.
chr14:23555855-23556391	1	1	0	0	proximal	THTPA,ZFHX2	.
chr14:23567752-23567983	2	2	1	1	proximal	AP1G2	.
chr14:23631771-23632167	2	1	0	0	distal	.	.
chr14:23926739-23926924	2	1	0	0	distal	.	.
chr14:23953912-23954262	2	1	0	0	proximal	DHRS4	.
chr14:24006945-24007340	1	1	0	0	proximal	ENSG00000286931	.
chr14:24113959-24115381	1	1	0	0	proximal	DCAF11,NRL	.
chr14:24135721-24136228	2	1	0	0	proximal	PSME1	.
chr14:24141199-24141727	1	1	0	0	proximal	EMC9	.
chr14:24195274-24195855	1	1	0	0	proximal	ENSG00000288820,TM9SF1	.
chr14:24213301-24213751	1	1	0	0	proximal	CHMP4A,ENSG00000254692	.
chr14:24215968-24216211	2	2	1	1	proximal	ENSG00000260669,MDP1	.
chr14:24232285-24232954	2	2	1	1	proximal	GMPR2,NEDD8,NEDD8-MDP1	.
chr14:24242924-24243227	4	2	2	2	proximal	ENSG00000289979,TINF2	.
chr14:24271406-24271917	1	1	0	0	proximal	ENSG00000286825,ENSG00000288044,RABGGTA	.
chr14:24346649-24346799	2	2	1	1	distal	.	.
chr14:24367070-24367786	1	1	0	0	distal	.	.
chr14:24442044-24443039	1	1	0	0	proximal	ENSG00000258744,SDR39U1	.
chr14:24679034-24679200	1	1	0	0	distal	.	.
chr14:30002648-30002798	1	1	0	0	distal	.	.
chr14:30355436-30355586	1	1	0	0	distal	.	.
chr14:30558952-30559242	1	1	0	0	proximal	G2E3	.
chr14:30559305-30559567	1	1	0	0	proximal	G2E3	.
chr14:30656256-30656458	1	1	0	0	distal	.	.
chr14:30690496-30690905	5	1	0	0	distal	.	.
chr14:30711793-30711943	2	1	0	0	distal	.	.
chr14:31137379-31137564	1	1	0	0	distal	.	.
chr14:31207459-31208197	1	1	0	0	proximal	HECTD1	.
chr14:31369749-31369899	1	1	0	0	distal	.	.
chr14:31420341-31421030	1	1	0	0	proximal	HEATR5A,HEATR5A-DT	.
chr14:31457065-31457235	1	1	0	0	proximal	DTD2,ENSG00000203546	.
chr14:31622846-31622996	1	1	0	0	distal	.	.
chr14:32203443-32203650	1	1	0	0	distal	.	.
chr14:32722476-32722795	1	1	0	0	distal	.	.
chr14:33602441-33602595	1	1	0	0	distal	.	.
chr14:34181340-34181598	1	1	0	0	distal	.	.
chr14:34331787-34332045	1	1	0	0	distal	.	.
chr14:34505972-34506241	1	1	0	0	distal	.	.
chr14:34539270-34540129	2	1	0	0	proximal	EAPP	.
chr14:34700182-34700691	1	1	0	0	distal	.	.
chr14:34723003-34723166	1	1	0	0	distal	.	.
chr14:34873377-34874207	1	1	0	0	proximal	BAZ1A-AS1	.
chr14:34982308-34982755	1	1	0	0	proximal	SRP54	.
chr14:35045996-35046968	1	1	0	0	distal	.	.
chr14:35121764-35122326	1	1	0	0	proximal	ENSG00000258790,PPP2R3C,PRORP	.
chr14:35252568-35252718	3	1	0	0	distal	.	.
chr14:35343850-35344000	1	1	0	0	distal	.	.
chr14:35404504-35404888	1	1	0	0	proximal	NFKBIA	.
chr14:35533646-35534150	2	1	0	0	proximal	INSM2	.
chr14:35558726-35558886	1	1	0	0	distal	.	.
chr14:36012852-36013251	1	1	0	0	distal	.	.
chr14:36373927-36374324	2	1	0	0	distal	.	.
chr14:36520181-36520426	1	1	0	0	proximal	NKX2-1,SFTA3	.
chr14:36520619-36520886	1	1	0	0	proximal	NKX2-1,SFTA3	.
chr14:36661675-36661947	1	1	0	0	distal	.	.
chr14:36971402-36971552	1	1	0	0	distal	.	.
chr14:37063313-37063694	1	1	0	0	distal	.	.
chr14:38864946-38865104	1	1	0	0	distal	.	.
chr14:39114124-39114721	1	1	0	0	proximal	GEMIN2	.
chr14:39339105-39339335	1	1	0	0	distal	.	.
chr14:39367186-39367365	1	1	0	0	distal	.	.
chr14:45083872-45084453	1	1	0	0	proximal	PRPF39,PRPF39-DT	.
chr14:45551075-45551968	1	1	0	0	distal	.	.
chr14:48201906-48202056	1	1	0	0	distal	.	.
chr14:48809374-48809785	1	1	0	0	distal	.	.
chr14:49309595-49309881	1	1	0	0	distal	.	.
chr14:49599080-49599353	1	1	0	0	proximal	LRR1,RPS29	.
chr14:49693136-49693335	1	1	0	0	proximal	KLHDC1	.
chr14:49852963-49853141	1	1	0	0	proximal	NEMF	.
chr14:49862775-49863099	1	1	0	0	proximal	ENSG00000278002	.
chr14:49879689-49880020	1	1	0	0	distal	.	.
chr14:49970879-49971029	1	1	0	0	distal	.	.
chr14:49971993-49972159	1	1	0	0	distal	.	.
chr14:49994440-49994606	2	1	0	0	distal	.	.
chr14:50000204-50000400	1	1	0	0	distal	.	.
chr14:50096540-50096690	1	1	0	0	distal	.	.
chr14:50184888-50185048	1	1	0	0	distal	.	.
chr14:50231382-50232099	1	1	0	0	proximal	SOS2	.
chr14:50321064-50321534	1	1	0	0	distal	.	.
chr14:50326779-50326929	1	1	0	0	distal	.	.
chr14:50506907-50507105	1	1	0	0	distal	.	.
chr14:50532329-50533067	1	1	0	0	proximal	ATL1	.
chr14:50560709-50560910	1	1	0	0	proximal	MAP4K5	.
chr14:50943339-50943747	1	1	0	0	proximal	PYGL	.
chr14:51546711-51546869	1	1	0	0	distal	.	.
chr14:51547197-51547387	1	1	0	0	distal	.	.
chr14:52068803-52069795	1	1	0	0	proximal	NID2	.
chr14:52131798-52131995	1	1	0	0	distal	.	.
chr14:52133269-52133498	1	1	0	0	distal	.	.
chr14:52314411-52314561	1	1	0	0	proximal	ENSG00000289424,PTGER2	.
chr14:52471083-52471233	1	1	0	0	distal	.	.
chr14:52547172-52547330	1	1	0	0	distal	.	.
chr14:52594314-52594465	2	2	1	1	distal	.	.
chr14:52641188-52641554	1	1	0	0	proximal	ENSG00000258757	.
chr14:52695440-52696003	2	1	0	0	proximal	ERO1A	.
chr14:52707520-52707798	2	1	0	0	proximal	PSMC6	.
chr14:52729866-52730533	1	1	0	0	proximal	STYX	.
chr14:52791163-52792147	3	2	1	1	proximal	ENSG00000285664,GNPNAT1	.
chr14:52792214-52792388	2	2	1	1	proximal	ENSG00000285664,GNPNAT1	.
chr14:52835581-52835779	1	1	0	0	distal	.	.
chr14:53117240-53117390	1	1	0	0	distal	.	.
chr14:53152144-53152618	1	1	0	0	proximal	DDHD1,DDHD1-DT	.
chr14:53153261-53153448	1	1	0	0	proximal	DDHD1,DDHD1-DT	.
chr14:53306272-53306422	1	1	0	0	distal	.	.
chr14:54397778-54398062	1	1	0	0	distal	.	.
chr14:54462208-54462358	1	1	0	0	distal	.	.
chr14:54805893-54806096	1	1	0	0	distal	.	.
chr14:54826914-54827219	2	2	1	1	distal	.	.
chr14:54835902-54836052	1	1	0	0	distal	.	.
chr14:54870316-54871001	1	1	0	0	distal	.	.
chr14:54902318-54902982	2	1	0	0	proximal	GCH1	.
chr14:54903114-54903470	1	1	0	0	proximal	GCH1	.
chr14:55015289-55015597	2	2	1	1	distal	.	.
chr14:55021504-55021759	1	1	0	0	distal	.	.
chr14:55051045-55052188	1	1	0	0	proximal	MAPK1IP1L	.
chr14:55107934-55108574	1	1	0	0	distal	.	.
chr14:55191162-55192111	1	1	0	0	proximal	DLGAP5	.
chr14:55340308-55340458	1	1	0	0	proximal	ENSG00000258455	.
chr14:55392194-55392406	1	1	0	0	distal	.	.
chr14:55411703-55411982	2	2	1	1	proximal	ATG14	.
chr14:55597933-55598107	1	1	0	0	distal	.	.
chr14:55866023-55866176	1	1	0	0	distal	.	.
chr14:55902350-55902541	1	1	0	0	distal	.	.
chr14:56118050-56118615	1	1	0	0	proximal	ENSG00000277763,PELI2	.
chr14:56148426-56148777	1	1	0	0	distal	.	.
chr14:56911937-56912099	1	1	0	0	distal	.	.
chr14:58151768-58151967	1	1	0	0	distal	.	.
chr14:58171032-58171346	2	2	1	1	distal	.	.
chr14:58199761-58200425	1	1	0	0	proximal	ACTR10	.
chr14:58224843-58225011	2	2	1	1	distal	.	.
chr14:58245009-58245174	1	1	0	0	proximal	PSMA3	.
chr14:58297782-58297987	3	2	1	1	proximal	ARID4A,ARMH4,PSMA3-AS1	.
chr14:58349679-58349829	2	1	0	0	distal	.	.
chr14:58349907-58350081	1	1	0	0	distal	.	.
chr14:58362488-58362666	1	1	0	0	distal	.	.
chr14:58377684-58377834	2	1	0	0	distal	.	.
chr14:58619289-58619579	1	1	0	0	distal	.	.
chr14:58872321-58872471	1	1	0	0	distal	.	.
chr14:58878978-58879128	1	1	0	0	distal	.	.
chr14:58939446-58939596	1	1	0	0	distal	.	.
chr14:59188187-59188963	1	1	0	0	proximal	DAAM1	.
chr14:59454563-59454756	1	1	0	0	distal	.	.
chr14:59483825-59484826	1	1	0	0	proximal	JKAMP,L3HYPDH	.
chr14:59919884-59920239	2	1	0	0	proximal	ENSG00000261120,LRRC9	.
chr14:60248370-60249680	1	1	0	0	proximal	ENSG00000254718	.
chr14:60249762-60250210	1	1	0	0	distal	.	.
chr14:60722874-60723038	1	1	0	0	distal	.	.
chr14:61261858-61262008	1	1	0	0	distal	.	.
chr14:61615149-61615341	1	1	0	0	distal	.	.
chr14:61761943-61762837	2	1	0	0	proximal	SNAPC1	.
chr14:61859182-61859380	2	1	0	0	distal	.	.
chr14:63543058-63543857	2	1	0	0	proximal	ENSG00000261242,PPP2R5E	.
chr14:64147194-64147354	1	1	0	0	distal	.	.
chr14:64164534-64164684	1	1	0	0	distal	.	.
chr14:64183794-64183944	1	1	0	0	distal	.	.
chr14:64337914-64339297	1	1	0	0	proximal	ENSG00000214770,ESR2	.
chr14:64636693-64636912	1	1	0	0	distal	.	.
chr14:64720385-64720535	1	1	0	0	distal	.	.
chr14:64762299-64762449	1	1	0	0	distal	.	.
chr14:64812303-64812612	1	1	0	0	distal	.	.
chr14:65026146-65026296	1	1	0	0	distal	.	.
chr14:65102416-65103292	1	1	0	0	proximal	MAX	.
chr14:66507805-66508710	1	1	0	0	proximal	GPHN	.
chr14:67146143-67146293	1	1	0	0	distal	.	.
chr14:67674510-67674715	1	1	0	0	proximal	VTI1B	.
chr14:68089383-68089587	1	1	0	0	distal	.	.
chr14:68191816-68192079	1	1	0	0	distal	.	.
chr14:68292533-68292753	1	1	0	0	distal	.	.
chr14:68364957-68365231	1	1	0	0	distal	.	.
chr14:68548171-68548594	1	1	0	0	distal	.	.
chr14:68631874-68632024	1	1	0	0	distal	.	.
chr14:68896240-68896397	1	1	0	0	distal	.	.
chr14:68939904-68940258	1	1	0	0	distal	.	.
chr14:68978706-68978856	3	1	0	0	proximal	ACTN1,ACTN1-DT	.
chr14:69152602-69152839	2	1	0	0	proximal	DCAF5	.
chr14:69191382-69191643	1	1	0	0	proximal	EXD2	.
chr14:69261175-69261325	1	1	0	0	proximal	ENSG00000258520	.
chr14:69398535-69398731	1	1	0	0	proximal	ERH,SLC39A9	.
chr14:69409406-69409670	1	1	0	0	distal	.	.
chr14:70977704-70977854	1	1	0	0	distal	.	.
chr14:71320226-71320674	1	1	0	0	proximal	SIPA1L1	.
chr14:72232898-72233092	1	1	0	0	distal	.	.
chr14:72688039-72688189	1	1	0	0	distal	.	.
chr14:72908045-72908195	1	1	0	0	distal	.	.
chr14:72925940-72927161	1	1	0	0	proximal	DCAF4	.
chr14:73058236-73058952	1	1	0	0	proximal	RBM25,RBM25-AS1	.
chr14:73163733-73164043	2	1	0	0	distal	.	.
chr14:73221795-73221945	1	1	0	0	distal	.	.
chr14:73457870-73458424	1	1	0	0	proximal	NUMB	.
chr14:73458497-73458938	1	1	0	0	proximal	NUMB	.
chr14:73504516-73504790	1	1	0	0	distal	.	.
chr14:73569227-73569956	2	1	0	0	distal	.	.
chr14:73612809-73613293	1	1	0	0	distal	.	.
chr14:73728840-73729002	1	1	0	0	distal	.	.
chr14:73759954-73760389	2	1	0	0	distal	.	.
chr14:73785588-73785834	1	1	0	0	distal	.	.
chr14:73829748-73829898	1	1	0	0	proximal	LINC02274	.
chr14:73852803-73853059	1	1	0	0	proximal	ENSG00000258653	.
chr14:73885583-73885733	4	2	1	1	proximal	ENSG00000273711,ZNF410	.
chr14:73949764-73950737	1	1	0	0	proximal	COQ6,FAM161B	.
chr14:74140413-74140645	2	2	1	1	distal	.	.
chr14:74251573-74251831	1	1	0	0	distal	.	.
chr14:74276557-74276793	3	2	1	1	distal	.	.
chr14:74302626-74303482	1	1	0	0	proximal	ABCD4,VRTN	.
chr14:74377477-74377692	1	1	0	0	distal	.	.
chr14:74377845-74378014	1	1	0	0	distal	.	.
chr14:74414453-74414633	1	1	0	0	distal	.	.
chr14:74426031-74426195	1	1	0	0	proximal	SYNDIG1L	.
chr14:74459634-74459866	1	1	0	0	distal	.	.
chr14:74647841-74648147	1	1	0	0	distal	.	.
chr14:74712893-74713235	3	1	0	0	proximal	AREL1,FCF1	.
chr14:74718749-74718999	1	1	0	0	distal	.	.
chr14:74763053-74763695	1	1	0	0	proximal	YLPM1	.
chr14:74881705-74882284	2	1	0	0	proximal	DLST	.
chr14:74954283-74954552	1	1	0	0	distal	.	.
chr14:75069192-75069660	1	1	0	0	proximal	ACYP1	.
chr14:75126882-75127249	3	1	0	0	proximal	ENSG00000259138,NEK9	.
chr14:75176470-75176699	1	1	0	0	proximal	ENSG00000273565,TMED10	.
chr14:75176768-75177052	1	1	0	0	proximal	ENSG00000273565,TMED10	.
chr14:75197904-75198054	1	1	0	0	distal	.	.
chr14:75258922-75259365	2	1	0	0	proximal	ENSG00000258820,ENSG00000289340	.
chr14:75278361-75279111	1	1	0	0	proximal	FOS	.
chr14:75293999-75294455	1	1	0	0	proximal	LINC01220	.
chr14:75295212-75295387	2	1	0	0	proximal	LINC01220	.
chr14:75307816-75308018	1	1	0	0	distal	.	.
chr14:75354501-75354651	1	1	0	0	distal	.	.
chr14:75512369-75512519	1	1	0	0	distal	.	.
chr14:75533440-75533640	1	1	0	0	distal	.	.
chr14:75555763-75555983	1	1	0	0	distal	.	.
chr14:75577849-75578002	3	1	0	0	proximal	FLVCR2	.
chr14:75654229-75654449	1	1	0	0	distal	.	.
chr14:75660822-75661748	2	1	0	0	proximal	ERG28	.
chr14:76254569-76254719	1	1	0	0	distal	.	.
chr14:76310104-76310254	1	1	0	0	proximal	ENSG00000258402,ESRRB	.
chr14:76375964-76376400	1	1	0	0	distal	.	.
chr14:76761294-76761794	1	1	0	0	proximal	VASH1,VASH1-DT	.
chr14:76784864-76785049	1	1	0	0	distal	.	.
chr14:76956221-76956865	1	1	0	0	distal	.	.
chr14:76961851-76962093	1	1	0	0	distal	.	.
chr14:77033959-77034197	1	1	0	0	distal	.	.
chr14:77070166-77070316	1	1	0	0	distal	.	.
chr14:77097676-77098418	2	1	0	0	proximal	CIPC,ENSG00000259164	.
chr14:77109040-77109211	1	1	0	0	distal	.	.
chr14:77141107-77141397	1	1	0	0	proximal	ENSG00000269883	.
chr14:77181503-77181831	2	1	0	0	distal	.	.
chr14:77226044-77226208	2	1	0	0	distal	.	.
chr14:77320357-77320697	2	1	0	0	proximal	GSTZ1,POMT2	.
chr14:77321180-77321482	1	1	0	0	proximal	GSTZ1,POMT2	.
chr14:77376449-77376680	1	1	0	0	proximal	SAMD15,TMED8	.
chr14:77388316-77388469	1	1	0	0	distal	.	.
chr14:77457918-77458436	1	1	0	0	proximal	AHSA1,VIPAS39	.
chr14:77616577-77617157	1	1	0	0	proximal	SPTLC2	.
chr14:81170333-81170680	2	1	0	0	proximal	ENSG00000284959,ENSG00000286686	.
chr14:81219307-81219600	1	1	0	0	distal	.	.
chr14:81269474-81269650	1	1	0	0	distal	.	.
chr14:81278002-81278152	1	1	0	0	distal	.	.
chr14:81436487-81436664	2	1	0	0	proximal	STON2	.
chr14:81533600-81534266	1	1	0	0	proximal	SEL1L	.
chr14:88335109-88335308	1	1	0	0	distal	.	.
chr14:88551470-88552066	1	1	0	0	proximal	ENSG00000258789	.
chr14:88578841-88578991	1	1	0	0	distal	.	.
chr14:89013136-89013286	1	1	0	0	proximal	ENSG00000283627	.
chr14:89417107-89417465	1	1	0	0	proximal	FOXN3-AS1	.
chr14:89484604-89484754	1	1	0	0	distal	.	.
chr14:89619154-89619304	1	1	0	0	proximal	FOXN3	.
chr14:89701712-89702092	1	1	0	0	distal	.	.
chr14:89954519-89955059	3	1	0	0	proximal	EFCAB11,ENSG00000259053,TDP1	.
chr14:89987405-89987555	1	1	0	0	distal	.	.
chr14:90060995-90061160	1	1	0	0	proximal	KCNK13	.
chr14:90331614-90332212	2	1	0	0	proximal	NRDE2	.
chr14:90383113-90383557	1	1	0	0	proximal	LINC02960	.
chr14:90396537-90397179	1	1	0	0	proximal	CALM1	.
chr14:90397886-90398570	1	1	0	0	distal	.	.
chr14:90455049-90455231	1	1	0	0	proximal	LINC02317	.
chr14:90455422-90455900	1	1	0	0	proximal	LINC02317	.
chr14:90758205-90758711	1	1	0	0	proximal	ENSG00000287663	.
chr14:90828118-90828409	2	1	0	0	proximal	LINC02321	.
chr14:91173220-91173382	1	1	0	0	distal	.	.
chr14:91303206-91303624	1	1	0	0	distal	.	.
chr14:91510205-91510684	1	1	0	0	proximal	PPP4R3A	.
chr14:92039458-92040265	1	1	0	0	distal	.	.
chr14:92221920-92222075	1	1	0	0	distal	.	.
chr14:92322969-92323149	1	1	0	0	proximal	SLC24A4	.
chr14:92686588-92687192	1	1	0	0	distal	.	.
chr14:94770113-94770577	1	1	0	0	proximal	ENSG00000285205,GSC	.
chr14:95236293-95236448	1	1	0	0	distal	.	.
chr14:95364295-95364482	2	1	0	0	distal	.	.
chr14:95516497-95516824	1	1	0	0	proximal	ENSG00000258572,SYNE3	.
chr14:95534506-95535111	1	1	0	0	proximal	SNHG10	.
chr14:96852910-96853113	1	1	0	0	distal	.	.
chr14:96888589-96889128	1	1	0	0	distal	.	.
chr14:98915589-98915739	1	1	0	0	distal	.	.
chr14:98921543-98921693	1	1	0	0	distal	.	.
chr14:99145683-99145833	1	1	0	0	distal	.	.
chr14:99413542-99413989	3	1	0	0	distal	.	.
chr14:99446852-99447002	1	1	0	0	distal	.	.
chr14:99551990-99552218	2	1	0	0	distal	.	.
chr14:99730545-99730837	1	1	0	0	distal	.	.
chr14:99971025-99971877	3	1	0	0	proximal	EVL	.
chr14:99982551-99982701	2	1	0	0	distal	.	.
chr15:100041530-100041858	1	1	0	0	distal	.	.
chr15:100341731-100342352	1	1	0	0	proximal	ADAMTS17	.
chr15:100371706-100371856	1	1	0	0	distal	.	.
chr15:100627866-100628016	2	1	0	0	distal	.	.
chr15:100729754-100729904	1	1	0	0	distal	.	.
chr15:100873202-100873374	1	1	0	0	distal	.	.
chr15:101007023-101007223	2	1	0	0	distal	.	.
chr15:101008405-101008607	1	1	0	0	distal	.	.
chr15:101244968-101245146	1	1	0	0	distal	.	.
chr15:101251693-101252414	1	1	0	0	proximal	CHSY1	.
chr15:101276999-101277895	1	1	0	0	proximal	SELENOS	.
chr15:101295053-101295665	2	1	0	0	proximal	SNRPA1,SNRPA1-DT	.
chr15:101333979-101334422	1	1	0	0	proximal	PCSK6-AS1	.
chr15:101334865-101335089	2	1	0	0	proximal	PCSK6-AS1	.
chr15:101387079-101387281	1	1	0	0	distal	.	.
chr15:101479155-101479315	2	1	0	0	distal	.	.
chr15:101488133-101488358	2	1	0	0	distal	.	.
chr15:101496427-101496876	1	1	0	0	distal	.	.
chr15:101541967-101542326	1	1	0	0	distal	.	.
chr15:101542765-101542960	1	1	0	0	distal	.	.
chr15:101578347-101578797	2	1	0	0	distal	.	.
chr15:101659485-101659635	1	1	0	0	distal	.	.
chr15:101723878-101724716	2	1	0	0	proximal	TARS3	.
chr15:101754203-101754412	1	1	0	0	distal	.	.
chr15:101759563-101759759	1	1	0	0	distal	.	.
chr15:101773025-101773317	1	1	0	0	distal	.	.
chr15:101953699-101954168	1	1	0	0	proximal	FAM138E	.
chr15:101961493-101961658	1	1	0	0	proximal	ENSG00000259553,ENSG00000290823	.
chr15:101967482-101967819	1	1	0	0	distal	.	.
chr15:19776151-19776458	1	1	0	0	distal	.	.
chr15:19777567-19777865	1	1	0	0	distal	.	.
chr15:22757763-22758091	1	1	0	0	proximal	ENSG00000274253	.
chr15:22785892-22786742	1	1	0	0	distal	.	.
chr15:33915744-33916243	1	1	0	0	distal	.	.
chr15:34223868-34224040	1	1	0	0	distal	.	.
chr15:34224771-34225055	3	1	0	0	proximal	EMC4	.
chr15:34337476-34337771	1	1	0	0	proximal	SLC12A6	.
chr15:34337926-34338311	2	1	0	0	proximal	SLC12A6	.
chr15:34343023-34343307	2	1	0	0	proximal	NOP10,NUTM1	.
chr15:34418983-34419133	1	1	0	0	distal	.	.
chr15:34524239-34524408	1	1	0	0	distal	.	.
chr15:34588416-34588611	1	1	0	0	proximal	GOLGA8B	.
chr15:34969334-34970060	3	1	0	0	proximal	AQR	.
chr15:34987968-34988718	2	1	0	0	proximal	ZNF770	.
chr15:36590864-36591126	1	1	0	0	distal	.	.
chr15:37101361-37101817	1	1	0	0	proximal	ENSG00000288808,MEIS2	.
chr15:39782410-39783038	1	1	0	0	proximal	ENSG00000261136,FSIP1	.
chr15:40045141-40045376	1	1	0	0	distal	.	.
chr15:40069187-40069608	1	1	0	0	distal	.	.
chr15:40098846-40099272	1	1	0	0	distal	.	.
chr15:40104839-40105101	1	1	0	0	distal	.	.
chr15:40338160-40338310	2	1	0	0	distal	.	.
chr15:40367964-40368362	2	1	0	0	distal	.	.
chr15:40382778-40383269	2	1	0	0	proximal	KNSTRN	.
chr15:40405567-40405939	2	1	0	0	proximal	IVD	.
chr15:40421977-40422202	1	1	0	0	distal	.	.
chr15:40430548-40430730	1	1	0	0	distal	.	.
chr15:40440708-40441205	1	1	0	0	distal	.	.
chr15:40564949-40565303	1	1	0	0	proximal	CCDC32	.
chr15:40694966-40695507	1	1	0	0	proximal	RAD51,RAD51-AS1	.
chr15:40754507-40754803	4	1	0	0	distal	.	.
chr15:40763698-40764149	1	1	0	0	proximal	GCHFR	.
chr15:40807008-40807222	2	1	0	0	proximal	DNAJC17,ZFYVE19	.
chr15:40807392-40807791	1	1	0	0	proximal	DNAJC17,ZFYVE19	.
chr15:40847177-40847414	2	1	0	0	distal	.	.
chr15:40847479-40847651	1	1	0	0	distal	.	.
chr15:40859270-40859437	2	1	0	0	distal	.	.
chr15:40873757-40874297	1	1	0	0	proximal	ENSG00000274798,RHOV	.
chr15:40894128-40894547	2	1	0	0	proximal	VPS18	.
chr15:40894716-40895120	1	1	0	0	proximal	VPS18	.
chr15:40906445-40906641	1	1	0	0	proximal	ENSG00000251161	.
chr15:40929048-40929641	2	1	0	0	proximal	DLL4	.
chr15:40953229-40953471	1	1	0	0	proximal	CHAC1	.
chr15:40979259-40979409	1	1	0	0	distal	.	.
chr15:41030563-41030713	1	1	0	0	distal	.	.
chr15:41083307-41083457	1	1	0	0	distal	.	.
chr15:41116412-41116732	1	1	0	0	proximal	INO80	.
chr15:41143475-41143670	1	1	0	0	distal	.	.
chr15:41168990-41169178	3	1	0	0	distal	.	.
chr15:41230745-41231304	1	1	0	0	proximal	CHP1,EXD1	.
chr15:41283615-41284249	2	1	0	0	proximal	ENSG00000285920,OIP5-AS1	.
chr15:41332163-41333215	1	1	0	0	proximal	OIP5	.
chr15:41402082-41402263	1	1	0	0	distal	.	.
chr15:41402387-41402627	2	1	0	0	distal	.	.
chr15:41416634-41417221	1	1	0	0	distal	.	.
chr15:41493094-41493591	3	1	0	0	proximal	ITPKA	.
chr15:41544194-41544574	4	2	1	1	proximal	RPAP1	.
chr15:41559001-41559344	1	1	0	0	distal	.	.
chr15:41566575-41566725	2	1	0	0	distal	.	.
chr15:41578189-41578519	2	1	0	0	distal	.	.
chr15:41603894-41604080	2	1	0	0	distal	.	.
chr15:41621413-41621845	1	1	0	0	proximal	MGA	.
chr15:41652317-41652488	1	1	0	0	distal	.	.
chr15:41660271-41660746	1	1	0	0	distal	.	.
chr15:41697499-41697649	2	1	0	0	distal	.	.
chr15:41774087-41774853	3	1	0	0	proximal	MAPKBP1	.
chr15:41827901-41828282	1	1	0	0	proximal	ENSG00000250379,JMJD7,JMJD7-PLA2G4B	.
chr15:41971570-41971766	2	1	0	0	proximal	EHD4	.
chr15:42084466-42084647	1	1	0	0	distal	.	.
chr15:42092646-42092872	1	1	0	0	distal	.	.
chr15:42208179-42208507	2	2	1	1	proximal	VPS39,VPS39-DT	.
chr15:42273048-42273611	2	2	1	1	proximal	GANC,TMEM87A	.
chr15:42339627-42339777	1	1	0	0	distal	.	.
chr15:42392516-42392723	2	1	0	0	distal	.	.
chr15:42490928-42491106	1	1	0	0	proximal	SNAP23,ZNF106	.
chr15:42495973-42496175	1	1	0	0	distal	.	.
chr15:42548326-42548934	2	1	0	0	proximal	ENSG00000285942,HAUS2,LRRC57	.
chr15:42641619-42641828	1	1	0	0	distal	.	.
chr15:42852128-42852280	1	1	0	0	distal	.	.
chr15:42920750-42921319	1	1	0	0	proximal	TTBK2	.
chr15:43014753-43015057	1	1	0	0	distal	.	.
chr15:43105735-43105985	2	1	0	0	proximal	UBR1	.
chr15:43106095-43106282	2	1	0	0	proximal	UBR1	.
chr15:43123089-43123345	2	1	0	0	proximal	TMEM62	.
chr15:43133459-43134293	1	1	0	0	distal	.	.
chr15:43330424-43330894	1	1	0	0	proximal	ADAL,LCMT2	.
chr15:43510345-43511124	3	1	0	0	proximal	MAP1A,TP53BP1	.
chr15:43517530-43517972	1	1	0	0	distal	.	.
chr15:43776696-43777525	1	1	0	0	proximal	ELL3,SERF2	.
chr15:43791973-43792372	1	1	0	0	distal	.	.
chr15:43825000-43825215	1	1	0	0	proximal	MFAP1	.
chr15:44058695-44058845	1	1	0	0	distal	.	.
chr15:44066092-44066514	1	1	0	0	distal	.	.
chr15:44252444-44252598	2	1	0	0	distal	.	.
chr15:44595902-44596052	1	1	0	0	distal	.	.
chr15:44976930-44977080	1	1	0	0	distal	.	.
chr15:48810453-48811482	1	1	0	0	proximal	CEP152,ENSG00000259700	.
chr15:49229939-49230089	1	1	0	0	distal	.	.
chr15:50356472-50356673	1	1	0	0	distal	.	.
chr15:50908950-50909121	1	1	0	0	proximal	AP4E1,ENSG00000273674	.
chr15:52019021-52019285	1	1	0	0	proximal	MAPK6-DT	.
chr15:52618301-52618468	1	1	0	0	distal	.	.
chr15:55319118-55319377	1	1	0	0	proximal	PIGB,PIGBOS1,RAB27A	.
chr15:55397110-55397260	1	1	0	0	distal	.	.
chr15:55408280-55408719	1	1	0	0	proximal	CCPG1,PIERCE2	.
chr15:55498343-55498595	1	1	0	0	proximal	DNAAF4-CCPG1	.
chr15:55588339-55588798	1	1	0	0	proximal	ENSG00000285805,PYGO1	.
chr15:55741732-55741882	1	1	0	0	distal	.	.
chr15:55825132-55825282	1	1	0	0	distal	.	.
chr15:55993308-55993913	3	1	0	0	proximal	NEDD4	.
chr15:57505592-57505742	1	1	0	0	distal	.	.
chr15:57908232-57908382	1	1	0	0	distal	.	.
chr15:57951489-57951702	2	1	0	0	distal	.	.
chr15:57963501-57963658	1	1	0	0	distal	.	.
chr15:58332116-58332513	2	1	0	0	distal	.	.
chr15:58987952-58988206	1	1	0	0	distal	.	.
chr15:59104980-59105273	1	1	0	0	proximal	CCNB2	.
chr15:59313818-59314009	1	1	0	0	distal	.	.
chr15:59372395-59373072	2	1	0	0	proximal	FAM81A,MYO1E	.
chr15:59657068-59657832	1	1	0	0	proximal	GTF2A2	.
chr15:59688949-59689207	1	1	0	0	proximal	BNIP2,ENSG00000259238	.
chr15:59704276-59704761	1	1	0	0	distal	.	.
chr15:60398474-60398988	1	1	0	0	distal	.	.
chr15:63042446-63042681	1	1	0	0	proximal	TPM1	.
chr15:63157451-63157767	1	1	0	0	proximal	RPS27L	.
chr15:63487423-63487624	1	1	0	0	distal	.	.
chr15:63493497-63493647	1	1	0	0	distal	.	.
chr15:63504308-63504694	2	1	0	0	proximal	USP3	.
chr15:63600528-63601021	1	1	0	0	proximal	USP3-AS1	.
chr15:63752199-63752374	1	1	0	0	distal	.	.
chr15:63833957-63834121	1	1	0	0	proximal	HERC1	.
chr15:63908332-63908556	1	1	0	0	distal	.	.
chr15:63942578-63942728	1	1	0	0	distal	.	.
chr15:64093387-64094098	2	1	0	0	proximal	CIAO2A,SNX1	.
chr15:64094241-64094418	1	1	0	0	proximal	CIAO2A,SNX1	.
chr15:64151367-64151749	2	1	0	0	proximal	SNX22	.
chr15:64155836-64156028	1	1	0	0	distal	.	.
chr15:64327069-64327270	1	1	0	0	distal	.	.
chr15:64356007-64356616	1	1	0	0	proximal	CSNK1G1	.
chr15:64381081-64381704	3	1	0	0	proximal	ENSG00000259316	.
chr15:64461382-64461581	2	1	0	0	proximal	ZNF609	.
chr15:64507687-64507837	2	1	0	0	distal	.	.
chr15:64597248-64597401	1	1	0	0	distal	.	.
chr15:64825414-64826208	3	1	0	0	proximal	PIF1	.
chr15:64841365-64841856	1	1	0	0	proximal	ENSG00000249240,PLEKHO2	.
chr15:64935259-64935482	2	1	0	0	distal	.	.
chr15:64989660-64990127	1	1	0	0	proximal	SPG21	.
chr15:65022234-65022425	3	1	0	0	distal	.	.
chr15:65095164-65095314	1	1	0	0	distal	.	.
chr15:65116872-65117080	1	1	0	0	distal	.	.
chr15:65185081-65185619	1	1	0	0	proximal	CLPX	.
chr15:65198655-65198825	1	1	0	0	distal	.	.
chr15:65271049-65271207	2	1	0	0	distal	.	.
chr15:65286521-65287098	1	1	0	0	distal	.	.
chr15:65295791-65296832	1	1	0	0	distal	.	.
chr15:65297795-65298051	2	1	0	0	distal	.	.
chr15:65377341-65377866	1	1	0	0	proximal	IGDCC3	.
chr15:65384740-65385262	4	1	0	0	distal	.	.
chr15:65385421-65386085	3	1	0	0	distal	.	.
chr15:65400805-65401097	1	1	0	0	distal	.	.
chr15:65414987-65415137	1	1	0	0	distal	.	.
chr15:65415238-65415446	1	1	0	0	distal	.	.
chr15:65472876-65473026	2	1	0	0	distal	.	.
chr15:65488916-65489123	1	1	0	0	distal	.	.
chr15:65517009-65517899	2	1	0	0	proximal	DPP8	.
chr15:65542081-65542400	1	1	0	0	distal	.	.
chr15:65610831-65611682	3	1	0	0	proximal	INTS14,SLC24A1	.
chr15:65665654-65665837	1	1	0	0	distal	.	.
chr15:65774049-65774199	2	1	0	0	distal	.	.
chr15:65778942-65779092	1	1	0	0	distal	.	.
chr15:65869040-65869977	2	1	0	0	distal	.	.
chr15:66293379-66293879	2	1	0	0	proximal	DIS3L,DIS3L-AS1	.
chr15:66334313-66334475	1	1	0	0	distal	.	.
chr15:66356561-66357128	1	1	0	0	distal	.	.
chr15:66386382-66387080	1	1	0	0	proximal	MAP2K1,TIPIN	.
chr15:66497539-66498391	1	1	0	0	proximal	SNAPC5	.
chr15:66505281-66505662	1	1	0	0	proximal	ZWILCH	.
chr15:66553772-66554098	1	1	0	0	distal	.	.
chr15:66567069-66567502	3	1	0	0	distal	.	.
chr15:66619262-66619538	1	1	0	0	distal	.	.
chr15:66632910-66633060	2	1	0	0	distal	.	.
chr15:66700942-66702370	1	1	0	0	proximal	SMAD6	.
chr15:66707406-66707660	1	1	0	0	distal	.	.
chr15:66725650-66725800	1	1	0	0	distal	.	.
chr15:66770855-66771275	1	1	0	0	distal	.	.
chr15:66797043-66797262	1	1	0	0	distal	.	.
chr15:66804154-66804304	1	1	0	0	distal	.	.
chr15:66841959-66842163	1	1	0	0	distal	.	.
chr15:66862933-66863132	1	1	0	0	distal	.	.
chr15:66961609-66961818	1	1	0	0	distal	.	.
chr15:67065298-67065916	1	1	0	0	proximal	ENSG00000259347	.
chr15:67222658-67222827	1	1	0	0	distal	.	.
chr15:67254299-67255096	2	1	0	0	proximal	AAGAB,IQCH	.
chr15:67383294-67383462	1	1	0	0	distal	.	.
chr15:67433629-67433779	1	1	0	0	distal	.	.
chr15:67520907-67521803	2	1	0	0	proximal	C15orf61,IQCH-AS1	.
chr15:67637428-67637667	1	1	0	0	distal	.	.
chr15:67840012-67840162	1	1	0	0	distal	.	.
chr15:67884491-67885139	1	1	0	0	distal	.	.
chr15:68053939-68054671	1	1	0	0	proximal	PIAS1	.
chr15:68054753-68054914	1	1	0	0	proximal	PIAS1	.
chr15:68190252-68190419	1	1	0	0	distal	.	.
chr15:68200695-68200896	2	1	0	0	distal	.	.
chr15:68210826-68211211	2	1	0	0	distal	.	.
chr15:68229348-68229531	1	1	0	0	proximal	ENSG00000260007	.
chr15:68229617-68230160	1	1	0	0	proximal	ENSG00000260007	.
chr15:68277155-68277460	1	1	0	0	proximal	ENSG00000260657,FEM1B	.
chr15:68278014-68278674	2	1	0	0	proximal	ENSG00000260657,FEM1B	.
chr15:68304625-68304796	1	1	0	0	distal	.	.
chr15:68629266-68629416	1	1	0	0	distal	.	.
chr15:68657796-68658011	2	1	0	0	distal	.	.
chr15:68674078-68674309	1	1	0	0	distal	.	.
chr15:68700660-68701134	1	1	0	0	distal	.	.
chr15:68776841-68776999	1	1	0	0	distal	.	.
chr15:68818179-68818575	3	1	0	0	proximal	SPESP1	.
chr15:68843906-68844056	1	1	0	0	distal	.	.
chr15:68888572-68888722	1	1	0	0	distal	.	.
chr15:69126052-69126417	1	1	0	0	distal	.	.
chr15:69160053-69161051	1	1	0	0	proximal	GLCE	.
chr15:69235105-69235324	1	1	0	0	distal	.	.
chr15:69246876-69247026	1	1	0	0	distal	.	.
chr15:69298776-69299107	1	1	0	0	proximal	PAQR5,PAQR5-DT	.
chr15:69337248-69337398	1	1	0	0	distal	.	.
chr15:69394630-69394911	1	1	0	0	distal	.	.
chr15:69414680-69414860	1	1	0	0	proximal	KIF23,KIF23-AS1	.
chr15:69737492-69737642	1	1	0	0	distal	.	.
chr15:69847501-69847651	1	1	0	0	distal	.	.
chr15:69973301-69973451	2	1	0	0	distal	.	.
chr15:70006194-70006380	1	1	0	0	distal	.	.
chr15:70062426-70062944	3	2	1	1	distal	.	.
chr15:70099515-70099925	1	1	0	0	distal	.	.
chr15:70111319-70111587	1	1	0	0	distal	.	.
chr15:70155109-70155259	1	1	0	0	distal	.	.
chr15:70181475-70181625	1	1	0	0	distal	.	.
chr15:70196638-70196950	2	1	0	0	distal	.	.
chr15:70223052-70223208	1	1	0	0	distal	.	.
chr15:70460333-70460687	1	1	0	0	distal	.	.
chr15:70467041-70467210	3	2	1	1	distal	.	.
chr15:70478282-70478489	1	1	0	0	distal	.	.
chr15:70494391-70494784	1	1	0	0	distal	.	.
chr15:70762531-70762974	2	1	0	0	proximal	UACA	.
chr15:70763047-70763909	1	1	0	0	proximal	UACA	.
chr15:70833992-70834225	2	2	1	1	distal	.	.
chr15:70840934-70841084	2	1	0	0	distal	.	.
chr15:70853812-70854570	1	1	0	0	proximal	LARP6,LRRC49	.
chr15:70891711-70891925	1	1	0	0	proximal	THAP10	.
chr15:70892166-70892958	3	1	0	0	proximal	THAP10	.
chr15:71069712-71069862	1	1	0	0	distal	.	.
chr15:71128833-71129056	1	1	0	0	distal	.	.
chr15:71279085-71279330	1	1	0	0	distal	.	.
chr15:71454720-71454870	1	1	0	0	distal	.	.
chr15:71713288-71713438	1	1	0	0	distal	.	.
chr15:71926273-71926423	1	1	0	0	distal	.	.
chr15:71953772-71954090	1	1	0	0	distal	.	.
chr15:72061603-72061753	1	1	0	0	distal	.	.
chr15:72117312-72117910	1	1	0	0	proximal	MYO9A	.
chr15:72230255-72230671	1	1	0	0	distal	.	.
chr15:72230759-72231443	1	1	0	0	proximal	PKM	.
chr15:72272172-72273078	1	1	0	0	proximal	PARP6	.
chr15:72290768-72290936	1	1	0	0	distal	.	.
chr15:72319766-72320436	3	1	0	0	proximal	CELF6,ENSG00000273025	.
chr15:72389315-72389524	1	1	0	0	distal	.	.
chr15:72473630-72474729	1	1	0	0	proximal	ARIH1,TMEM202-AS1	.
chr15:72475106-72475292	3	1	0	0	proximal	ARIH1,TMEM202-AS1	.
chr15:72685910-72686717	2	1	0	0	proximal	BBS4,HIGD2B	.
chr15:72783158-72783316	1	1	0	0	proximal	ADPGK-AS1	.
chr15:72783638-72783991	1	1	0	0	proximal	ADPGK-AS1	.
chr15:72796914-72797444	1	1	0	0	distal	.	.
chr15:73187441-73187591	1	1	0	0	distal	.	.
chr15:73265539-73265842	1	1	0	0	distal	.	.
chr15:73633202-73633985	2	1	0	0	proximal	NPTN	.
chr15:73683965-73684502	2	1	0	0	proximal	CD276	.
chr15:73700327-73700501	1	1	0	0	distal	.	.
chr15:73752816-73753050	2	1	0	0	proximal	INSYN1,INSYN1-AS1	.
chr15:73810176-73810406	1	1	0	0	distal	.	.
chr15:73857938-73858109	1	1	0	0	distal	.	.
chr15:73927164-73927346	1	1	0	0	proximal	LOXL1-AS1	.
chr15:73950969-73951417	2	1	0	0	distal	.	.
chr15:73992177-73992540	2	1	0	0	distal	.	.
chr15:74040603-74040770	1	1	0	0	distal	.	.
chr15:74065854-74066016	2	2	0	0	distal	.	.
chr15:74072144-74072518	1	1	0	0	distal	.	.
chr15:74089648-74089928	1	1	0	0	distal	.	.
chr15:74095681-74095964	3	2	0	0	distal	.	.
chr15:74099930-74100408	3	2	0	0	proximal	ISLR2	.
chr15:74136051-74136890	2	1	0	0	distal	.	.
chr15:74177858-74178027	2	1	0	0	distal	.	.
chr15:74202952-74203114	1	1	0	0	proximal	CCDC33	.
chr15:74255926-74256154	1	1	0	0	distal	.	.
chr15:74307832-74308021	2	2	1	1	distal	.	.
chr15:74373509-74373970	2	2	0	0	proximal	ENSG00000274937	.
chr15:74374321-74374577	3	2	0	0	proximal	ENSG00000274937	.
chr15:74382435-74382629	1	1	0	0	distal	.	.
chr15:74433905-74434155	3	2	0	0	proximal	SEMA7A	.
chr15:74461055-74461800	6	2	0	0	proximal	UBL7,UBL7-DT	.
chr15:74489923-74490342	3	2	1	1	proximal	ENSG00000261775	.
chr15:74557780-74557944	1	1	0	0	distal	.	.
chr15:74563460-74563617	1	1	0	0	distal	.	.
chr15:74598361-74598580	1	1	0	0	proximal	CLK3,ENSG00000275527	.
chr15:74614659-74614862	2	2	0	0	proximal	ENSG00000260919	.
chr15:74615269-74615510	1	1	0	0	proximal	ENSG00000260919	.
chr15:74615574-74615924	3	2	0	0	proximal	ENSG00000260919	.
chr15:74635233-74635448	3	1	0	0	distal	.	.
chr15:74643639-74643836	1	1	0	0	distal	.	.
chr15:74688491-74688677	1	1	0	0	distal	.	.
chr15:74695587-74696640	2	1	0	0	proximal	EDC3	.
chr15:74725520-74725876	1	1	0	0	proximal	CYP1A1	.
chr15:74726115-74726481	1	1	0	0	proximal	CYP1A1	.
chr15:74754753-74754903	2	2	0	0	distal	.	.
chr15:74771104-74771360	1	1	0	0	distal	.	.
chr15:74782394-74782569	4	2	0	0	proximal	CSK	.
chr15:74787877-74788061	4	2	0	0	distal	.	.
chr15:74800067-74800420	1	1	0	0	distal	.	.
chr15:74807096-74807246	3	2	1	1	distal	.	.
chr15:74842561-74842790	3	2	0	0	proximal	ULK3	.
chr15:74843122-74843528	3	2	0	0	proximal	ULK3	.
chr15:74857075-74857324	2	1	0	0	distal	.	.
chr15:74872737-74873499	2	2	0	0	proximal	SCAMP2	.
chr15:74873783-74873952	5	2	0	0	proximal	SCAMP2	.
chr15:74889892-74890397	2	2	0	0	proximal	MPI	.
chr15:74957377-74957558	1	1	0	0	proximal	RPP25,SCAMP5	.
chr15:74995058-74995670	3	1	0	0	distal	.	.
chr15:75023135-75023285	4	2	0	0	proximal	PPCDC	.
chr15:75023480-75023720	1	1	0	0	proximal	PPCDC	.
chr15:75029353-75029580	1	1	0	0	distal	.	.
chr15:75104644-75104800	2	2	1	1	distal	.	.
chr15:75119736-75120413	8	2	1	1	distal	.	.
chr15:75138011-75138161	1	1	0	0	distal	.	.
chr15:75150232-75150392	1	1	0	0	distal	.	.
chr15:75177824-75178050	2	2	1	1	distal	.	.
chr15:75181006-75181263	1	1	0	0	distal	.	.
chr15:75201794-75202201	1	1	0	0	distal	.	.
chr15:75202587-75202884	3	2	0	0	distal	.	.
chr15:75204833-75205050	1	1	0	0	distal	.	.
chr15:75216016-75216166	1	1	0	0	distal	.	.
chr15:75274272-75274422	1	1	0	0	distal	.	.
chr15:75274528-75275081	2	1	0	0	distal	.	.
chr15:75288593-75288885	1	1	0	0	distal	.	.
chr15:75308103-75308361	1	1	0	0	distal	.	.
chr15:75327523-75327942	1	1	0	0	distal	.	.
chr15:75335920-75336342	1	1	0	0	proximal	COMMD4	.
chr15:75347967-75348165	1	1	0	0	proximal	ENSG00000275645	.
chr15:75367767-75368760	3	1	0	0	proximal	ENSG00000260274,MAN2C1	.
chr15:75440973-75441206	3	2	1	1	distal	.	.
chr15:75450627-75452305	4	2	0	0	distal	.	.
chr15:75453914-75454526	1	1	0	0	proximal	ENSG00000276744	.
chr15:75532506-75532724	1	1	0	0	distal	.	.
chr15:75579200-75579743	1	1	0	0	proximal	PTPN9	.
chr15:75624979-75626167	1	1	0	0	proximal	ENSG00000260235,SNUPN	.
chr15:75631851-75632051	4	2	0	0	distal	.	.
chr15:75638446-75638604	1	1	0	0	distal	.	.
chr15:75640541-75640839	1	1	0	0	proximal	ENSG00000275454	.
chr15:75647537-75648065	5	2	0	0	proximal	IMP3,SNX33	.
chr15:75673352-75673502	1	1	0	0	distal	.	.
chr15:75722224-75722374	1	1	0	0	distal	.	.
chr15:75723806-75724065	1	1	0	0	proximal	ODF3L1	.
chr15:75738499-75738840	1	1	0	0	proximal	DNM1P35,ENSG00000260288	.
chr15:75738912-75739109	1	1	0	0	proximal	DNM1P35	.
chr15:75758381-75758867	2	1	0	0	distal	.	.
chr15:75758950-75759147	1	1	0	0	distal	.	.
chr15:75767520-75767707	1	1	0	0	distal	.	.
chr15:75786285-75786547	2	2	1	1	distal	.	.
chr15:75808318-75808514	1	1	0	0	distal	.	.
chr15:75843926-75844278	3	1	0	0	proximal	UBE2Q2	.
chr15:75904488-75904667	2	1	0	0	proximal	FBXO22	.
chr15:75942136-75942344	2	2	1	1	distal	.	.
chr15:76059283-76059631	1	1	0	0	proximal	NRG4,TMEM266	.
chr15:76059691-76060091	2	2	1	1	proximal	NRG4,TMEM266	.
chr15:76139591-76139897	1	1	0	0	distal	.	.
chr15:76229269-76229509	3	2	0	0	distal	.	.
chr15:76285336-76285486	1	1	0	0	distal	.	.
chr15:76291510-76291809	1	1	0	0	distal	.	.
chr15:76310807-76311751	1	1	0	0	proximal	ETFA	.
chr15:76732447-76732649	2	2	1	1	distal	.	.
chr15:76916486-76916695	2	2	1	1	distal	.	.
chr15:76931260-76931811	2	1	0	0	proximal	RCN2	.
chr15:77034898-77035048	1	1	0	0	distal	.	.
chr15:77083793-77084114	1	1	0	0	proximal	TSPAN3	.
chr15:77290449-77290679	1	1	0	0	distal	.	.
chr15:77408781-77408931	1	1	0	0	distal	.	.
chr15:77527255-77527510	1	1	0	0	distal	.	.
chr15:77632295-77632445	2	1	0	0	distal	.	.
chr15:77633153-77633741	3	2	1	1	distal	.	.
chr15:77724881-77725112	1	1	0	0	distal	.	.
chr15:77900243-77900624	2	1	0	0	distal	.	.
chr15:77902894-77903099	1	1	0	0	distal	.	.
chr15:77910511-77910690	1	1	0	0	distal	.	.
chr15:77920171-77920321	1	1	0	0	distal	.	.
chr15:77944845-77944995	1	1	0	0	proximal	ENSG00000290666	.
chr15:77959429-77959670	1	1	0	0	distal	.	.
chr15:78039642-78039792	1	1	0	0	distal	.	.
chr15:78065587-78065737	1	1	0	0	distal	.	.
chr15:78076818-78076968	2	1	0	0	proximal	SH2D7,TBC1D2B	.
chr15:78113314-78113825	1	1	0	0	distal	.	.
chr15:78131088-78131706	2	2	1	1	proximal	CIB2,IDH3A	.
chr15:78149097-78149571	5	1	0	0	distal	.	.
chr15:78212556-78212996	2	1	0	0	distal	.	.
chr15:78241040-78241469	2	1	0	0	distal	.	.
chr15:78299114-78299869	3	1	0	0	proximal	ENSG00000277482,SKIC8	.
chr15:78308495-78308716	5	2	3	1	distal	.	.
chr15:78360077-78360227	4	2	3	1	distal	.	.
chr15:78395135-78395578	1	1	0	0	distal	.	.
chr15:78422636-78422863	1	1	0	0	distal	.	.
chr15:78481165-78481398	2	1	0	0	proximal	ENSG00000259474	.
chr15:78506877-78508096	1	1	0	0	proximal	HYKK	.
chr15:78540985-78541170	1	1	0	0	proximal	PSMA4	.
chr15:78620076-78620477	3	1	0	0	distal	.	.
chr15:78709428-78709690	1	1	0	0	distal	.	.
chr15:78739826-78740434	4	1	0	0	distal	.	.
chr15:78751097-78751404	2	1	0	0	proximal	ENSG00000290424	.
chr15:78860044-78860397	1	1	0	0	distal	.	.
chr15:78907705-78907855	3	2	1	1	distal	.	.
chr15:78909890-78910109	2	1	0	0	distal	.	.
chr15:79016759-79016920	1	1	0	0	distal	.	.
chr15:79091671-79091821	1	1	0	0	proximal	RASGRF1	.
chr15:79343862-79344012	1	1	0	0	distal	.	.
chr15:79431790-79432537	2	1	0	0	proximal	MINAR1	.
chr15:79896610-79897401	1	1	0	0	proximal	ENSG00000286813,MTHFS	.
chr15:79922728-79923187	1	1	0	0	proximal	ENSG00000278600,ST20,ST20-AS1,ST20-MTHFS	.
chr15:79923302-79924134	2	1	0	0	proximal	ST20,ST20-AS1,ST20-MTHFS	.
chr15:80059287-80060247	1	1	0	0	proximal	ZFAND6	.
chr15:80093135-80093317	1	1	0	0	distal	.	.
chr15:80120899-80121203	1	1	0	0	distal	.	.
chr15:80241683-80241848	1	1	0	0	distal	.	.
chr15:80417711-80417861	1	1	0	0	distal	.	.
chr15:80430847-80431009	1	1	0	0	distal	.	.
chr15:80567812-80568011	1	1	0	0	distal	.	.
chr15:80695536-80695908	1	1	0	0	distal	.	.
chr15:80747848-80748069	2	1	0	0	distal	.	.
chr15:80945110-80945260	1	1	0	0	distal	.	.
chr15:80989524-80990067	3	1	0	0	proximal	MESD	.
chr15:81001262-81001529	1	1	0	0	proximal	ENSG00000288625,TLNRD1	.
chr15:81236909-81237186	1	1	0	0	distal	.	.
chr15:81275161-81275311	2	1	0	0	distal	.	.
chr15:81878293-81878908	1	1	0	0	distal	.	.
chr15:82045633-82045795	1	1	0	0	proximal	MEX3B	.
chr15:82068325-82068475	2	1	0	0	distal	.	.
chr15:82198097-82198305	1	1	0	0	distal	.	.
chr15:82261992-82263157	1	1	0	0	proximal	EFL1,SAXO2	.
chr15:82647611-82647956	1	1	0	0	proximal	CPEB1-AS1	.
chr15:82698225-82698375	1	1	0	0	distal	.	.
chr15:82709385-82709665	3	2	1	1	proximal	AP3B2	.
chr15:82750285-82750713	1	1	0	0	proximal	ENSG00000286817,SNHG21	.
chr15:82751035-82751185	1	1	0	0	proximal	ENSG00000286817,SNHG21	.
chr15:82809372-82810091	2	2	1	1	proximal	WHAMM	.
chr15:82849684-82849892	2	2	1	1	distal	.	.
chr15:82896462-82896693	1	1	0	0	distal	.	.
chr15:82985839-82986722	1	1	0	0	proximal	HOMER2,RAMAC	.
chr15:83061793-83062076	1	1	0	0	distal	.	.
chr15:83074066-83074236	1	1	0	0	distal	.	.
chr15:83207956-83208194	1	1	0	0	proximal	HDGFL3	.
chr15:83226285-83226435	1	1	0	0	distal	.	.
chr15:83383683-83383926	1	1	0	0	distal	.	.
chr15:83446757-83447838	1	1	0	0	proximal	SH3GL3	.
chr15:83871984-83872155	1	1	0	0	distal	.	.
chr15:83955692-83955842	1	1	0	0	distal	.	.
chr15:84079887-84080741	1	1	0	0	proximal	ENSG00000291062	.
chr15:84172578-84172811	2	1	0	0	proximal	ENSG00000259694,ENSG00000290688	.
chr15:84387226-84387398	1	1	0	0	distal	.	.
chr15:84421604-84422095	1	1	0	0	proximal	ENSG00000259774	.
chr15:84470344-84470670	1	1	0	0	distal	.	.
chr15:84512222-84512646	2	1	0	0	proximal	ENSG00000291026	.
chr15:84570471-84571373	2	1	0	0	proximal	LINC00933,UBE2Q2P1	.
chr15:84585700-84585863	1	1	0	0	distal	.	.
chr15:84588020-84588310	1	1	0	0	distal	.	.
chr15:84600770-84601190	1	1	0	0	proximal	ZSCAN2	.
chr15:84654316-84654480	1	1	0	0	proximal	WDR73	.
chr15:84658171-84658524	1	1	0	0	proximal	NMB	.
chr15:84706865-84707092	1	1	0	0	distal	.	.
chr15:84748749-84749010	1	1	0	0	proximal	ZNF592	.
chr15:84766650-84766800	1	1	0	0	distal	.	.
chr15:84887507-84887662	3	1	0	0	distal	.	.
chr15:84915021-84915455	2	1	0	0	proximal	ENSG00000286505	.
chr15:84928258-84928446	2	1	0	0	distal	.	.
chr15:84955474-84955648	1	1	0	0	distal	.	.
chr15:84980320-84980924	1	1	0	0	proximal	PDE8A	.
chr15:85201768-85201984	1	1	0	0	distal	.	.
chr15:85204388-85204593	1	1	0	0	distal	.	.
chr15:85264148-85264344	3	1	0	0	distal	.	.
chr15:85379930-85380739	1	1	0	0	proximal	AKAP13	.
chr15:85413506-85413799	2	1	0	0	distal	.	.
chr15:85434060-85434243	1	1	0	0	distal	.	.
chr15:85640072-85640233	1	1	0	0	distal	.	.
chr15:85775959-85776109	1	1	0	0	distal	.	.
chr15:88309233-88309383	1	1	0	0	distal	.	.
chr15:88519134-88519372	1	1	0	0	distal	.	.
chr15:88546286-88546829	1	1	0	0	proximal	DET1,ENSG00000173867	.
chr15:88621107-88621641	1	1	0	0	proximal	AEN	.
chr15:88621962-88622112	1	1	0	0	proximal	AEN	.
chr15:88681834-88682085	2	1	0	0	distal	.	.
chr15:88711814-88711964	1	1	0	0	distal	.	.
chr15:88750652-88750802	1	1	0	0	distal	.	.
chr15:88851706-88851942	1	1	0	0	distal	.	.
chr15:88913140-88913584	2	1	0	0	proximal	MFGE8	.
chr15:89004921-89005071	1	1	0	0	distal	.	.
chr15:89020548-89020698	2	1	0	0	distal	.	.
chr15:89040905-89041055	1	1	0	0	proximal	CARMAL	.
chr15:89057613-89057777	2	1	0	0	distal	.	.
chr15:89158375-89158583	2	1	0	0	distal	.	.
chr15:89177828-89178002	2	1	0	0	distal	.	.
chr15:89195028-89195243	1	1	0	0	distal	.	.
chr15:89216977-89217161	1	1	0	0	distal	.	.
chr15:89334436-89335390	1	1	0	0	proximal	POLG,POLG-DT	.
chr15:89358688-89359129	1	1	0	0	distal	.	.
chr15:89383575-89383912	1	1	0	0	distal	.	.
chr15:89399119-89399315	2	1	0	0	proximal	ENSG00000289128	.
chr15:89399907-89400248	1	1	0	0	proximal	ENSG00000289128	.
chr15:89411580-89411828	1	1	0	0	distal	.	.
chr15:89523476-89523626	1	1	0	0	proximal	LINC00928	.
chr15:89556756-89556937	1	1	0	0	distal	.	.
chr15:89560080-89560230	1	1	0	0	distal	.	.
chr15:89575024-89575580	1	1	0	0	proximal	TICRR	.
chr15:89647155-89647651	2	1	0	0	distal	.	.
chr15:89654672-89655754	2	1	0	0	distal	.	.
chr15:89666260-89666432	1	1	0	0	distal	.	.
chr15:89690484-89690874	4	1	0	0	proximal	PEX11A,WDR93	.
chr15:89740111-89740346	1	1	0	0	distal	.	.
chr15:89750755-89751263	2	1	0	0	proximal	MESP1	.
chr15:89760818-89761232	2	1	0	0	proximal	MESP2	.
chr15:89776342-89776677	1	1	0	0	distal	.	.
chr15:89861646-89861822	3	2	1	1	distal	.	.
chr15:89912241-89913085	1	1	0	0	proximal	ARPIN,ARPIN-AP3S2	.
chr15:90001763-90002276	1	1	0	0	proximal	ZNF710	.
chr15:90046513-90046663	1	1	0	0	distal	.	.
chr15:90048384-90048534	1	1	0	0	distal	.	.
chr15:90102189-90102740	4	2	1	1	proximal	IDH2,IDH2-DT	.
chr15:90143242-90143783	1	1	0	0	distal	.	.
chr15:90156073-90156223	1	1	0	0	distal	.	.
chr15:90157908-90158103	3	1	0	0	distal	.	.
chr15:90162701-90162861	1	1	0	0	distal	.	.
chr15:90165703-90166002	1	1	0	0	distal	.	.
chr15:90201226-90201900	2	2	1	1	distal	.	.
chr15:90233563-90234297	1	1	0	0	proximal	CIB1,ENSG00000284626,GDPGP1	.
chr15:90249188-90249611	2	1	0	0	proximal	ENSG00000261147,TTLL13	.
chr15:90265300-90265951	1	1	0	0	proximal	ENSG00000275674,NGRN	.
chr15:90319981-90320366	2	1	0	0	distal	.	.
chr15:90351792-90351998	1	1	0	0	proximal	ZNF774	.
chr15:90352056-90352416	2	1	0	0	proximal	ZNF774	.
chr15:90485720-90485870	1	1	0	0	distal	.	.
chr15:90529213-90529570	1	1	0	0	proximal	CRTC3	.
chr15:90529789-90530146	2	1	0	0	proximal	CRTC3	.
chr15:90716999-90717523	1	1	0	0	proximal	BLM,CRTC3-AS1	.
chr15:90780277-90780429	1	1	0	0	distal	.	.
chr15:90807549-90807702	1	1	0	0	distal	.	.
chr15:90864663-90864813	2	1	0	0	distal	.	.
chr15:90903243-90903533	1	1	0	0	distal	.	.
chr15:90930069-90930482	4	1	0	0	proximal	UNC45A	.
chr15:90931744-90931972	1	1	0	0	distal	.	.
chr15:90932500-90932684	2	1	0	0	distal	.	.
chr15:90935419-90935659	1	1	0	0	proximal	HDDC3	.
chr15:90954713-90955403	1	1	0	0	proximal	RCCD1,RCCD1-AS1	.
chr15:92304637-92304787	1	1	0	0	distal	.	.
chr15:92831584-92832135	1	1	0	0	distal	.	.
chr15:92984662-92984812	1	1	0	0	distal	.	.
chr15:93068630-93068999	1	1	0	0	distal	.	.
chr15:95539846-95540012	1	1	0	0	distal	.	.
chr15:96171110-96171315	2	1	0	0	proximal	ENSG00000259359	.
chr15:96246604-96246754	1	1	0	0	distal	.	.
chr15:96361068-96361272	1	1	0	0	distal	.	.
chr15:96554385-96554577	1	1	0	0	distal	.	.
chr15:98548181-98548974	1	1	0	0	distal	.	.
chr15:98648056-98648654	1	1	0	0	proximal	IGF1R,IRAIN	.
chr15:98727557-98727837	1	1	0	0	distal	.	.
chr15:98750686-98750884	2	2	1	1	distal	.	.
chr15:98776854-98777163	2	1	0	0	distal	.	.
chr15:98799544-98799777	1	1	0	0	distal	.	.
chr15:98805824-98806024	2	1	0	0	distal	.	.
chr15:98852335-98852600	1	1	0	0	distal	.	.
chr15:98873954-98874196	1	1	0	0	distal	.	.
chr15:98893430-98893748	2	1	0	0	proximal	ENSG00000259621	.
chr15:99014811-99015196	3	2	1	1	proximal	LUNAR1	.
chr15:99015275-99015569	2	1	0	0	proximal	LUNAR1	.
chr15:99059002-99059411	1	1	0	0	distal	.	.
chr15:99076610-99076991	1	1	0	0	distal	.	.
chr15:99100626-99100779	2	2	1	1	distal	.	.
chr15:99104745-99105101	1	1	0	0	proximal	SYNM-AS1	.
chr15:99123519-99124082	2	1	0	0	distal	.	.
chr15:99264222-99264439	1	1	0	0	distal	.	.
chr15:99275380-99275816	1	1	0	0	distal	.	.
chr15:99437412-99437667	1	1	0	0	distal	.	.
chr15:99565263-99565737	1	1	0	0	proximal	MEF2A	.
chr15:99668509-99668673	1	1	0	0	distal	.	.
chr15:99733382-99734008	1	1	0	0	proximal	LYSMD4	.
chr15:99755951-99756101	1	1	0	0	distal	.	.
chr15:99796374-99796524	1	1	0	0	distal	.	.
chr15:99806594-99806805	1	1	0	0	proximal	ENSG00000259363,ENSG00000290767	.
chr16:1025241-1025688	1	1	0	0	distal	.	.
chr16:10269-10465	1	1	0	0	distal	.	.
chr16:1055151-1055398	2	1	0	0	distal	.	.
chr16:1070613-1070763	1	1	0	0	distal	.	.
chr16:10954029-10954193	1	1	0	0	distal	.	.
chr16:11345320-11345521	1	1	0	0	proximal	ENSG00000263080	.
chr16:11532278-11532465	1	1	0	0	distal	.	.
chr16:11595799-11595949	1	1	0	0	distal	.	.
chr16:11742795-11743135	1	1	0	0	proximal	TXNDC11	.
chr16:11851852-11852161	1	1	0	0	proximal	RSL1D1,RSL1D1-DT	.
chr16:11915856-11916310	2	1	0	0	proximal	GSPT1	.
chr16:1198924-1199546	1	1	0	0	distal	.	.
chr16:12019185-12019366	1	1	0	0	distal	.	.
chr16:12318749-12318899	1	1	0	0	distal	.	.
chr16:1238811-1239208	1	1	0	0	distal	.	.
chr16:1300948-1301384	1	1	0	0	proximal	ENSG00000260710	.
chr16:1342864-1343531	2	1	0	0	distal	.	.
chr16:1363496-1363724	2	1	0	0	distal	.	.
chr16:13970065-13970215	1	1	0	0	distal	.	.
chr16:1407995-1408469	2	1	0	0	proximal	ENSG00000260132	.
chr16:1420553-1421084	1	1	0	0	proximal	C16orf91	.
chr16:14285465-14286216	1	1	0	0	distal	.	.
chr16:1474867-1475218	2	1	0	0	proximal	CLCN7	.
chr16:1492966-1493461	2	1	0	0	proximal	TELO2	.
chr16:152938-153299	4	2	1	1	proximal	HBM	.
chr16:154395-154710	2	1	0	0	proximal	HBM	.
chr16:1610561-1610879	2	1	0	0	distal	.	.
chr16:1611781-1612484	1	1	0	0	proximal	CRAMP1,IFT140	.
chr16:1631872-1632062	3	1	0	0	proximal	ENSG00000261732	.
chr16:1679941-1680091	2	2	0	0	distal	.	.
chr16:1705401-1706559	1	1	0	0	proximal	MAPK8IP3	.
chr16:1742329-1742479	1	1	0	0	distal	.	.
chr16:1747748-1748109	2	1	0	0	distal	.	.
chr16:1756394-1756598	1	1	0	0	distal	.	.
chr16:1773496-1773652	3	1	0	0	proximal	EME2,MRPS34	.
chr16:1782499-1783079	2	1	0	0	proximal	NUBP2	.
chr16:181473-181665	2	1	0	0	distal	.	.
chr16:1826544-1826972	2	1	0	0	proximal	FAHD1,HAGH	.
chr16:1827098-1827298	1	1	0	0	proximal	FAHD1,HAGH	.
chr16:19086358-19086939	1	1	0	0	proximal	ENSG00000260430	.
chr16:1943185-1943559	1	1	0	0	proximal	MSRB1	.
chr16:19475520-19475670	1	1	0	0	distal	.	.
chr16:1959337-1959616	2	1	0	0	proximal	NDUFB10	.
chr16:1959827-1960005	1	1	0	0	proximal	NDUFB10	.
chr16:1964766-1965147	1	1	0	0	proximal	RPS2,SNHG9	.
chr16:1971874-1972497	1	1	0	0	proximal	ENSG00000277602,TBL3	.
chr16:1984363-1984544	3	2	0	0	proximal	GFER,NOXO1	.
chr16:1992049-1992556	1	1	0	0	distal	.	.
chr16:2003781-2004183	2	1	0	0	distal	.	.
chr16:2009717-2010018	4	1	0	0	proximal	NPW,ZNF598	.
chr16:2022915-2023072	1	1	0	0	distal	.	.
chr16:2023196-2023816	2	2	0	0	distal	.	.
chr16:2047619-2047949	3	2	0	0	proximal	NTHL1,TSC2	.
chr16:20741319-20741523	1	1	0	0	proximal	THUMPD1	.
chr16:20774824-20775062	1	1	0	0	distal	.	.
chr16:20806163-20806616	2	1	0	0	proximal	REXO5	.
chr16:21158512-21158894	2	2	1	1	proximal	DNAH3,LDAF1	.
chr16:2127867-2128711	1	1	0	0	distal	.	.
chr16:21300510-21300925	1	1	0	0	distal	.	.
chr16:2135089-2135324	2	1	0	0	proximal	PKD1	.
chr16:2135939-2136321	1	1	0	0	proximal	PKD1	.
chr16:21404754-21404937	2	2	1	1	distal	.	.
chr16:21554690-21555144	1	1	0	0	distal	.	.
chr16:21599219-21599667	1	1	0	0	distal	.	.
chr16:21599732-21600268	1	1	0	0	distal	.	.
chr16:2178590-2178998	1	1	0	0	distal	.	.
chr16:21820337-21820865	1	1	0	0	proximal	ENSG00000291066	.
chr16:21952531-21952727	1	1	0	0	proximal	ENSG00000274460,UQCRC2	.
chr16:21952932-21953153	1	1	0	0	proximal	ENSG00000274460,UQCRC2	.
chr16:21953237-21953465	1	1	0	0	proximal	ENSG00000274460,UQCRC2	.
chr16:21960483-21960633	2	2	1	1	distal	.	.
chr16:22001042-22001446	1	1	0	0	proximal	PDZD9	.
chr16:2205305-2205511	2	2	0	0	distal	.	.
chr16:2205626-2205851	4	2	0	0	distal	.	.
chr16:22092414-22092564	1	1	0	0	proximal	ENSG00000260277,VWA3A	.
chr16:2214769-2215378	1	1	0	0	proximal	PGP	.
chr16:22190432-22191468	1	1	0	0	distal	.	.
chr16:22206017-22206566	1	1	0	0	proximal	EEF2K	.
chr16:2223123-2223802	3	1	0	0	proximal	E4F1	.
chr16:22297072-22297728	1	1	0	0	proximal	POLR3E	.
chr16:22437180-22437652	1	1	0	0	proximal	CDR2,ENSG00000291060,RRN3P3	.
chr16:2251310-2252055	3	1	0	0	proximal	ECI1	.
chr16:2268009-2268592	5	2	0	0	proximal	MIR3677HG,RNPS1	.
chr16:2282128-2282289	2	1	0	0	distal	.	.
chr16:2333192-2333342	1	1	0	0	distal	.	.
chr16:2340662-2341117	4	2	0	0	proximal	ABCA3	.
chr16:235039-235292	1	1	0	0	proximal	FAM234A	.
chr16:235478-235678	4	2	1	1	distal	.	.
chr16:23597097-23597277	1	1	0	0	proximal	NDUFAB1	.
chr16:23678387-23678566	1	1	0	0	proximal	PLK1	.
chr16:2428743-2429556	1	1	0	0	proximal	CCNF	.
chr16:24538974-24539680	1	1	0	0	distal	.	.
chr16:24723293-24723445	1	1	0	0	distal	.	.
chr16:2474929-2475148	3	2	0	0	proximal	TBC1D24	.
chr16:24838441-24838640	1	1	0	0	distal	.	.
chr16:2501227-2501474	1	1	0	0	distal	.	.
chr16:25015343-25015763	1	1	0	0	proximal	ARHGAP17	.
chr16:2501553-2501766	1	1	0	0	distal	.	.
chr16:25066711-25067014	1	1	0	0	proximal	LINC02175	.
chr16:2513564-2513864	2	2	0	0	proximal	ATP6V0C,ENSG00000259784	.
chr16:25257433-25257661	1	1	0	0	proximal	ZKSCAN2,ZKSCAN2-DT	.
chr16:2531880-2532169	2	2	0	0	proximal	CEMP1	.
chr16:2537666-2538088	1	1	0	0	proximal	PDPK1	.
chr16:2546651-2546907	2	1	0	0	distal	.	.
chr16:2551762-2552101	2	2	0	0	distal	.	.
chr16:2553052-2553215	2	1	0	0	distal	.	.
chr16:2603175-2603916	3	2	0	0	proximal	ENSG00000291228	.
chr16:2673063-2673793	1	1	0	0	distal	.	.
chr16:2682282-2683027	1	1	0	0	proximal	ERVK13-1,KCTD5	.
chr16:2692948-2693122	2	1	0	0	distal	.	.
chr16:2720828-2721638	3	1	0	0	proximal	PRSS27	.
chr16:27235077-27235236	1	1	0	0	distal	.	.
chr16:27244018-27244260	1	1	0	0	distal	.	.
chr16:2751947-2753055	2	2	1	1	proximal	SRRM2,SRRM2-AS1	.
chr16:27599856-27600006	2	1	0	0	distal	.	.
chr16:27685751-27685901	1	1	0	0	distal	.	.
chr16:27726943-27727097	1	1	0	0	distal	.	.
chr16:2777198-2777390	3	2	0	0	proximal	ELOB,ENSG00000276791	.
chr16:2777542-2777871	2	1	0	0	proximal	ELOB,ENSG00000276791	.
chr16:2799453-2799657	1	1	0	0	distal	.	.
chr16:28112144-28112316	1	1	0	0	distal	.	.
chr16:28211770-28212455	1	1	0	0	proximal	XPO6	.
chr16:28277766-28278461	1	1	0	0	distal	.	.
chr16:28291995-28292610	1	1	0	0	proximal	ENSG00000246465	.
chr16:28317186-28317336	1	1	0	0	distal	.	.
chr16:28331667-28331899	1	1	0	0	distal	.	.
chr16:28349578-28349740	1	1	0	0	distal	.	.
chr16:28364900-28365070	1	1	0	0	distal	.	.
chr16:28376333-28376483	1	1	0	0	distal	.	.
chr16:28377118-28377466	1	1	0	0	distal	.	.
chr16:2841970-2842173	4	2	0	0	proximal	PRSS30P	.
chr16:2842368-2842990	3	2	0	0	proximal	PRSS30P	.
chr16:28538868-28539263	1	1	0	0	proximal	NUPR1	.
chr16:28553914-28554452	1	1	0	0	proximal	ENSG00000275441,SGF29	.
chr16:2856378-2856858	2	1	0	0	distal	.	.
chr16:28572703-28572902	1	1	0	0	distal	.	.
chr16:28609786-28610149	1	1	0	0	distal	.	.
chr16:28615989-28616183	1	1	0	0	distal	.	.
chr16:28662074-28662252	2	1	0	0	distal	.	.
chr16:28666380-28666598	1	1	0	0	distal	.	.
chr16:2867896-2868053	2	2	0	0	proximal	ENSG00000263280	.
chr16:2868150-2868660	2	1	0	0	proximal	ENSG00000263280	.
chr16:28739679-28739909	1	1	0	0	distal	.	.
chr16:2874512-2874809	3	2	0	0	distal	.	.
chr16:2874895-2875085	2	2	1	1	distal	.	.
chr16:28765600-28765750	2	1	0	0	distal	.	.
chr16:28802899-28803317	1	1	0	0	proximal	ENSG00000251417	.
chr16:28823664-28824189	1	1	0	0	proximal	ATXN2L,ENSG00000275807	.
chr16:2882415-2882882	1	1	0	0	proximal	FLYWCH2	.
chr16:28824275-28824621	2	1	0	0	proximal	ENSG00000275807	.
chr16:2882996-2883971	3	1	0	0	proximal	FLYWCH2	.
chr16:28879851-28880292	1	1	0	0	proximal	ATP2A1-AS1	.
chr16:28898316-28898478	1	1	0	0	distal	.	.
chr16:28950566-28951126	1	1	0	0	proximal	NFATC2IP	.
chr16:28974267-28974870	1	1	0	0	proximal	ENSG00000261067,SPNS1	.
chr16:2898613-2898836	8	2	1	1	distal	.	.
chr16:2904975-2905213	3	2	1	1	proximal	ENSG00000289222	.
chr16:29115040-29115392	1	1	0	0	proximal	ENSG00000291188	.
chr16:29115538-29115776	2	1	0	0	proximal	ENSG00000291188	.
chr16:2911708-2912269	1	1	0	0	proximal	FLYWCH1	.
chr16:29166410-29166560	1	1	0	0	distal	.	.
chr16:29179493-29179671	1	1	0	0	distal	.	.
chr16:2927104-2927273	1	1	0	0	distal	.	.
chr16:29400765-29401113	1	1	0	0	distal	.	.
chr16:29469765-29470005	2	1	0	0	distal	.	.
chr16:29594589-29594740	4	1	0	0	distal	.	.
chr16:29595032-29595745	1	1	0	0	distal	.	.
chr16:2961841-2962060	4	2	1	1	distal	.	.
chr16:29629335-29629782	1	1	0	0	distal	.	.
chr16:2963750-2964262	1	1	0	0	proximal	KREMEN2	.
chr16:29678984-29679435	1	1	0	0	distal	.	.
chr16:2968886-2969036	1	1	0	0	proximal	PAQR4	.
chr16:2969120-2969580	4	2	1	1	proximal	PAQR4	.
chr16:29700586-29700736	1	1	0	0	distal	.	.
chr16:2970119-2970468	2	2	0	0	distal	.	.
chr16:29701534-29701684	1	1	0	0	distal	.	.
chr16:29721694-29721873	1	1	0	0	distal	.	.
chr16:29790387-29790891	2	1	0	0	proximal	KIF22	.
chr16:2980383-2980875	1	1	0	0	proximal	ENSG00000274367,PKMYT1	.
chr16:29811232-29811402	2	1	0	0	proximal	ENSG00000280893,PRRT2	.
chr16:29816758-29816922	1	1	0	0	proximal	ENSG00000281348,PAGR1	.
chr16:2983720-2983932	2	2	0	0	distal	.	.
chr16:29848559-29848770	2	1	0	0	distal	.	.
chr16:29862738-29863393	1	1	0	0	proximal	CDIPT,ENSG00000278713	.
chr16:29863452-29863730	1	1	0	0	proximal	CDIPT,ENSG00000278713	.
chr16:29899252-29899837	1	1	0	0	proximal	ASPHD1,SEZ6L2	.
chr16:29900265-29900622	2	1	0	0	proximal	ASPHD1,SEZ6L2	.
chr16:29925293-29925673	2	2	0	0	proximal	KCTD13	.
chr16:29925936-29926952	2	2	0	0	proximal	KCTD13,KCTD13-DT	.
chr16:29943570-29944616	1	1	0	0	distal	.	.
chr16:29951648-29952009	2	1	0	0	distal	.	.
chr16:29961458-29962300	3	2	0	0	distal	.	.
chr16:29995180-29995440	1	1	0	0	proximal	HIRIP3,INO80E	.
chr16:29995537-29995765	2	2	1	1	proximal	HIRIP3,INO80E	.
chr16:29996023-29996308	2	2	1	1	proximal	HIRIP3,INO80E	.
chr16:30020849-30021095	3	2	1	1	distal	.	.
chr16:30021251-30021845	2	1	0	0	distal	.	.
chr16:30032284-30032529	5	3	1	1	distal	.	.
chr16:3003860-3004220	1	1	0	0	proximal	ENSG00000289281	.
chr16:30052968-30053287	1	1	0	0	proximal	ENSG00000285043,TLCD3B	.
chr16:30064833-30065893	1	1	0	0	proximal	ENSG00000274904	.
chr16:30075201-30075394	3	2	0	0	proximal	PPP4C	.
chr16:30075820-30076517	4	2	0	0	proximal	PPP4C	.
chr16:30091807-30092379	1	1	0	0	proximal	TBX6	.
chr16:30096211-30096535	1	1	0	0	proximal	YPEL3,YPEL3-DT	.
chr16:30122819-30123105	1	1	0	0	proximal	MAPK3	.
chr16:30123181-30123544	3	3	1	1	proximal	MAPK3	.
chr16:30165281-30165440	3	2	1	1	distal	.	.
chr16:30182860-30183159	6	2	1	1	proximal	CORO1A	.
chr16:30183311-30183647	3	2	0	0	proximal	CORO1A	.
chr16:30194541-30194873	2	2	0	0	proximal	BOLA2B,SLX1A,SLX1A-SULT1A3	.
chr16:3020210-3020403	1	1	0	0	proximal	CLDN6	.
chr16:3021189-3021683	1	1	0	0	distal	.	.
chr16:30219324-30219525	1	1	0	0	distal	.	.
chr16:3023938-3024105	4	2	0	0	proximal	HCFC1R1,THOC6	.
chr16:3024192-3024442	2	1	0	0	proximal	HCFC1R1,THOC6	.
chr16:3028249-3028414	1	1	0	0	distal	.	.
chr16:3031535-3031864	3	1	0	0	proximal	ENSG00000205890	.
chr16:30334548-30334996	1	1	0	0	proximal	SMG1P5	.
chr16:30335066-30335633	1	1	0	0	proximal	SMG1P5	.
chr16:30354859-30355146	2	1	0	0	proximal	CD2BP2,CD2BP2-DT	.
chr16:30355221-30355967	2	1	0	0	proximal	CD2BP2,CD2BP2-DT	.
chr16:30377577-30377977	2	2	0	0	proximal	ZNF48	.
chr16:30378591-30379224	3	2	0	0	proximal	ZNF48	.
chr16:30400112-30400842	6	2	1	1	distal	.	.
chr16:30409482-30409719	6	3	1	1	distal	.	.
chr16:30445309-30445974	8	2	1	1	proximal	SEPHS2	.
chr16:30473200-30473388	2	2	1	1	proximal	ITGAL	.
chr16:30526519-30527745	3	2	0	0	proximal	ZNF768	.
chr16:30534162-30534351	5	2	0	0	proximal	ENSG00000261459,ZNF747-DT	.
chr16:30534422-30535085	2	2	0	0	proximal	ENSG00000261459,ZNF747,ZNF747-DT	.
chr16:30558152-30558923	3	2	0	0	proximal	ZNF764	.
chr16:30571440-30572312	1	1	0	0	proximal	ENSG00000239791,ZNF688	.
chr16:30615279-30615429	3	2	0	0	distal	.	.
chr16:30628852-30629034	3	2	0	0	distal	.	.
chr16:30633978-30634794	3	2	0	0	proximal	ENSG00000288983	.
chr16:30664023-30664206	3	2	1	1	distal	.	.
chr16:30677531-30677681	1	1	0	0	distal	.	.
chr16:30677882-30678099	2	2	0	0	distal	.	.
chr16:30693946-30694158	1	1	0	0	distal	.	.
chr16:30698935-30699496	1	1	0	0	proximal	ENSG00000261840	.
chr16:30705862-30706035	1	1	0	0	distal	.	.
chr16:30730842-30730998	2	2	1	1	distal	.	.
chr16:30775372-30775835	1	1	0	0	distal	.	.
chr16:30775896-30776096	3	2	2	1	distal	.	.
chr16:3078242-3078418	1	1	0	0	distal	.	.
chr16:30786355-30786968	1	1	0	0	proximal	ZNF629	.
chr16:30787123-30787320	2	1	0	0	proximal	ZNF629	.
chr16:30793952-30794122	2	2	0	0	distal	.	.
chr16:30805382-30805752	1	1	0	0	distal	.	.
chr16:30814074-30814924	1	1	0	0	distal	.	.
chr16:30844731-30844993	2	2	1	1	distal	.	.
chr16:30856588-30856823	1	1	0	0	distal	.	.
chr16:30874889-30875108	3	2	0	0	proximal	MIR762HG	.
chr16:30875189-30875587	2	1	0	0	proximal	MIR762HG	.
chr16:30896512-30897259	1	1	0	0	proximal	CTF1	.
chr16:30902157-30902373	1	1	0	0	distal	.	.
chr16:30902450-30902685	2	2	1	1	distal	.	.
chr16:30922178-30923640	1	1	0	0	proximal	FBXL19,FBXL19-AS1	.
chr16:30927957-30928407	1	1	0	0	distal	.	.
chr16:30941871-30942221	1	1	0	0	distal	.	.
chr16:30957832-30958051	4	3	1	1	proximal	ENSG00000275263,SETD1A	.
chr16:30958124-30958448	1	1	0	0	proximal	SETD1A	.
chr16:30965536-30965763	3	2	1	1	distal	.	.
chr16:30985023-30985511	4	2	2	1	proximal	HSD3B7	.
chr16:30997037-30997496	1	1	0	0	distal	.	.
chr16:3099830-3100420	1	1	0	0	proximal	ZSCAN10	.
chr16:3101418-3101568	3	1	0	0	distal	.	.
chr16:31033145-31034453	2	1	0	0	proximal	STX4	.
chr16:3106461-3106913	5	2	1	1	proximal	ENSG00000263011	.
chr16:31074183-31074713	2	1	0	0	proximal	ZNF646,ZNF668	.
chr16:31094567-31095061	5	2	0	0	proximal	ENSG00000255439	.
chr16:31117438-31118230	3	1	0	0	proximal	ENSG00000262766	.
chr16:3112348-3112681	3	2	1	1	proximal	ZNF205	.
chr16:31179785-31180286	3	2	1	1	proximal	FUS	.
chr16:31180462-31180799	1	1	0	0	proximal	FUS	.
chr16:31215394-31215693	1	1	0	0	distal	.	.
chr16:31260017-31260182	1	1	0	0	proximal	ITGAM	.
chr16:3129637-3130043	4	1	0	0	proximal	ZNF213	.
chr16:3131884-3132066	1	1	0	0	distal	.	.
chr16:31333978-31334128	1	1	0	0	distal	.	.
chr16:3134841-3135543	1	1	0	0	distal	.	.
chr16:31442689-31443281	1	1	0	0	proximal	ZNF843	.
chr16:3157338-3157658	4	2	1	1	proximal	ENSG00000261889	.
chr16:3157765-3157951	2	1	0	0	proximal	ENSG00000261889	.
chr16:3158081-3158458	1	1	0	0	proximal	ENSG00000261889	.
chr16:3158732-3159242	2	1	0	0	distal	.	.
chr16:3165927-3166230	2	2	0	0	distal	.	.
chr16:3174259-3174463	1	1	0	0	distal	.	.
chr16:3174957-3175107	2	1	0	0	distal	.	.
chr16:3175494-3175690	1	1	0	0	distal	.	.
chr16:3182708-3183088	2	2	1	1	distal	.	.
chr16:3189294-3189626	4	2	1	1	distal	.	.
chr16:3191808-3192108	1	1	0	0	distal	.	.
chr16:3203163-3203503	2	2	1	1	distal	.	.
chr16:32204-32362	1	1	0	0	distal	.	.
chr16:3235019-3235570	3	2	1	1	proximal	ZNF200	.
chr16:3235977-3236141	1	1	0	0	proximal	ZNF200	.
chr16:324385-325161	4	2	1	1	distal	.	.
chr16:3263622-3263841	2	2	0	0	proximal	ENSG00000290183,LINC00921	.
chr16:3264135-3264346	1	1	0	0	proximal	ENSG00000290183,LINC00921	.
chr16:3264455-3264989	1	1	0	0	proximal	ENSG00000290183,LINC00921	.
chr16:3282388-3282720	2	1	0	0	proximal	ZNF263	.
chr16:3282796-3283625	2	1	0	0	proximal	ZNF263	.
chr16:3364891-3365223	2	2	0	0	proximal	ENSG00000285329	.
chr16:3378231-3378430	1	1	0	0	distal	.	.
chr16:3400663-3401630	4	2	1	1	proximal	ZNF174,ZSCAN32	.
chr16:3457362-3458236	3	2	1	1	proximal	ENSG00000263212	.
chr16:3469211-3469374	1	1	0	0	distal	.	.
chr16:3484854-3485004	1	1	0	0	distal	.	.
chr16:3500739-3501341	3	2	0	0	proximal	CLUAP1	.
chr16:3509629-3509779	1	1	0	0	distal	.	.
chr16:3519133-3519346	1	1	0	0	distal	.	.
chr16:352596-353279	1	1	0	0	proximal	AXIN1	.
chr16:3611504-3612051	1	1	0	0	proximal	DNASE1,SLX4	.
chr16:362198-362406	1	1	0	0	distal	.	.
chr16:3654143-3654480	1	1	0	0	distal	.	.
chr16:370212-370742	1	1	0	0	proximal	MRPL28	.
chr16:3717481-3717763	1	1	0	0	proximal	TRAP1	.
chr16:381628-381800	1	1	0	0	distal	.	.
chr16:38266212-38266607	1	1	0	0	distal	.	.
chr16:38279993-38280268	1	1	0	0	distal	.	.
chr16:3880693-3880982	1	1	0	0	proximal	CREBBP	.
chr16:3903068-3903281	1	1	0	0	distal	.	.
chr16:3938899-3939337	2	1	0	0	distal	.	.
chr16:396608-396820	1	1	0	0	proximal	NME4	.
chr16:4116868-4117018	1	1	0	0	proximal	ADCY9	.
chr16:4183146-4184160	1	1	0	0	proximal	ENSG00000263105	.
chr16:4271770-4272056	1	1	0	0	distal	.	.
chr16:4537814-4538086	1	1	0	0	proximal	CDIP1	.
chr16:4616046-4616669	1	1	0	0	proximal	MGRN1	.
chr16:46399989-46401632	1	1	0	0	distal	.	.
chr16:46689073-46689766	1	1	0	0	proximal	ORC6,VPS35	.
chr16:46736209-46736376	2	1	0	0	distal	.	.
chr16:46748326-46748476	1	1	0	0	distal	.	.
chr16:467869-468260	4	1	0	0	distal	.	.
chr16:46789550-46789700	2	1	0	0	proximal	MYLK3	.
chr16:46830671-46831585	1	1	0	0	proximal	C16orf87	.
chr16:46883799-46884431	1	1	0	0	proximal	GPT2	.
chr16:46929751-46929981	2	1	0	0	distal	.	.
chr16:47038132-47038324	1	1	0	0	distal	.	.
chr16:4729340-4729490	1	1	0	0	distal	.	.
chr16:4734131-4734668	1	1	0	0	proximal	ANKS3,DNAAF8	.
chr16:4767084-4767410	3	1	0	0	proximal	ZNF500	.
chr16:4768626-4768986	2	1	0	0	distal	.	.
chr16:48344731-48344902	1	1	0	0	distal	.	.
chr16:48385332-48385533	1	1	0	0	distal	.	.
chr16:4847100-4847939	1	1	0	0	proximal	GLYR1,UBN1	.
chr16:4848083-4848254	1	1	0	0	proximal	GLYR1	.
chr16:48623255-48623529	1	1	0	0	proximal	ENSG00000260086	.
chr16:4881315-4881522	1	1	0	0	distal	.	.
chr16:4893653-4893803	1	1	0	0	distal	.	.
chr16:49281756-49282143	1	1	0	0	proximal	CBLN1,ENSG00000279249	.
chr16:49282234-49282544	1	1	0	0	proximal	CBLN1,ENSG00000279249	.
chr16:49296040-49296263	1	1	0	0	distal	.	.
chr16:49453071-49453278	1	1	0	0	proximal	ENSG00000262950	.
chr16:494692-495051	1	1	0	0	distal	.	.
chr16:49492345-49492704	1	1	0	0	distal	.	.
chr16:4957764-4958557	1	1	0	0	proximal	SEC14L5	.
chr16:49855552-49855908	2	1	0	0	distal	.	.
chr16:49876627-49877039	1	1	0	0	distal	.	.
chr16:49909642-49909792	1	1	0	0	distal	.	.
chr16:50024900-50025529	1	1	0	0	proximal	CNEP1R1	.
chr16:50065505-50066522	1	1	0	0	proximal	HEATR3,HEATR3-AS1	.
chr16:50355220-50355370	1	1	0	0	distal	.	.
chr16:5043264-5043414	1	1	0	0	distal	.	.
chr16:5056461-5056611	1	1	0	0	distal	.	.
chr16:50665519-50665669	1	1	0	0	proximal	ENSG00000260249	.
chr16:53055569-53055719	1	1	0	0	proximal	CHD9	.
chr16:53153321-53153477	1	1	0	0	distal	.	.
chr16:531707-531869	1	1	0	0	distal	.	.
chr16:53339025-53339232	1	1	0	0	distal	.	.
chr16:53528073-53528295	1	1	0	0	distal	.	.
chr16:53714748-53715297	1	1	0	0	distal	.	.
chr16:53742942-53743109	1	1	0	0	distal	.	.
chr16:54193619-54194288	1	1	0	0	distal	.	.
chr16:54286185-54286643	2	1	0	0	proximal	ENSG00000283689,IRX3	.
chr16:54686890-54687299	1	1	0	0	distal	.	.
chr16:547065-547242	1	1	0	0	distal	.	.
chr16:54930590-54930872	1	1	0	0	proximal	ENSG00000289307,IRX5	.
chr16:55078792-55078942	1	1	0	0	distal	.	.
chr16:56519806-56520217	2	1	0	0	distal	.	.
chr16:56608451-56608764	1	1	0	0	proximal	MT2A	.
chr16:56682285-56682555	1	1	0	0	proximal	ENSG00000259827,MT1X	.
chr16:56714253-56714403	1	1	0	0	distal	.	.
chr16:56930728-56930878	1	1	0	0	distal	.	.
chr16:56931810-56932440	1	1	0	0	proximal	HERPUD1	.
chr16:56951329-56951484	2	1	0	0	distal	.	.
chr16:56989196-56989368	1	1	0	0	proximal	NLRC5	.
chr16:57028771-57029204	1	1	0	0	distal	.	.
chr16:57185751-57186753	1	1	0	0	proximal	PSME3IP1,RSPRY1	.
chr16:57284265-57284846	1	1	0	0	proximal	PLLP	.
chr16:57300416-57300879	1	1	0	0	distal	.	.
chr16:57430756-57430906	1	1	0	0	distal	.	.
chr16:57462424-57463003	1	1	0	0	proximal	POLR2C	.
chr16:57475910-57476115	1	1	0	0	distal	.	.
chr16:57486083-57486534	1	1	0	0	distal	.	.
chr16:57535915-57536357	2	1	0	0	proximal	CCDC102A	.
chr16:57676080-57676230	1	1	0	0	distal	.	.
chr16:57735246-57736112	1	1	0	0	proximal	ENSG00000288753,KATNB1	.
chr16:57757282-57757627	1	1	0	0	distal	.	.
chr16:57764776-57765190	1	1	0	0	distal	.	.
chr16:57880286-57880436	1	1	0	0	distal	.	.
chr16:57956166-57956359	1	1	0	0	distal	.	.
chr16:57984816-57985476	1	1	0	0	distal	.	.
chr16:58032714-58032879	1	1	0	0	distal	.	.
chr16:58249824-58250408	1	1	0	0	distal	.	.
chr16:58371406-58371765	1	1	0	0	distal	.	.
chr16:58392187-58392612	1	1	0	0	proximal	ENSG00000276131	.
chr16:58629409-58629677	1	1	0	0	proximal	CNOT1	.
chr16:589147-590141	1	1	0	0	proximal	RAB40C	.
chr16:611160-611353	3	1	0	0	distal	.	.
chr16:636145-636536	2	1	0	0	proximal	MCRIP2,METTL26	.
chr16:641733-641891	2	1	0	0	distal	.	.
chr16:66474822-66474990	2	1	0	0	distal	.	.
chr16:66552350-66552985	1	1	0	0	proximal	CKLF,CKLF-CMTM1,TK2	.
chr16:66605378-66605556	1	1	0	0	distal	.	.
chr16:66608660-66608884	1	1	0	0	distal	.	.
chr16:66662508-66662675	1	1	0	0	distal	.	.
chr16:66696666-66697044	3	1	0	0	proximal	CMTM4	.
chr16:66697227-66697467	1	1	0	0	proximal	CMTM4	.
chr16:66751128-66751486	1	1	0	0	proximal	DYNC1LI2,DYNC1LI2-DT	.
chr16:667849-668140	1	1	0	0	proximal	RHOT2	.
chr16:66867730-66868080	1	1	0	0	distal	.	.
chr16:66873185-66873457	2	1	0	0	proximal	NAE1	.
chr16:66934293-66934499	1	1	0	0	proximal	CES2,CIAO2B	.
chr16:67001032-67001182	1	1	0	0	proximal	ENSG00000289415	.
chr16:67069788-67069975	2	1	0	0	distal	.	.
chr16:67170386-67170560	1	1	0	0	proximal	NOL3	.
chr16:67183562-67184372	1	1	0	0	proximal	MATCAP1	.
chr16:67226818-67227189	2	1	0	0	proximal	TMEM208	.
chr16:67236580-67236930	2	1	0	0	proximal	SLC9A5	.
chr16:67246274-67246490	2	1	0	0	distal	.	.
chr16:67393383-67393714	4	2	1	1	proximal	TPPP3	.
chr16:67416145-67416586	1	1	0	0	proximal	ZDHHC1	.
chr16:67416673-67416823	2	1	0	0	proximal	ZDHHC1	.
chr16:67466290-67466487	3	1	0	0	distal	.	.
chr16:67480787-67481502	1	1	0	0	proximal	ATP6V0D1,ATP6V0D1-DT	.
chr16:67552349-67552499	1	1	0	0	distal	.	.
chr16:67562008-67562560	1	1	0	0	proximal	CTCF,CTCF-DT	.
chr16:67562691-67563172	1	1	0	0	proximal	CTCF,CTCF-DT	.
chr16:67601002-67601307	2	1	0	0	distal	.	.
chr16:67660189-67660650	1	1	0	0	proximal	ACD,PARD6A	.
chr16:67660768-67661031	2	1	0	0	proximal	ACD,PARD6A	.
chr16:67667959-67668157	1	1	0	0	proximal	ENKD1	.
chr16:67718869-67719548	3	1	0	0	proximal	GFOD2	.
chr16:67719992-67720191	2	1	0	0	proximal	GFOD2	.
chr16:67729236-67729386	1	1	0	0	distal	.	.
chr16:67782534-67783095	1	1	0	0	distal	.	.
chr16:67806469-67807323	4	2	1	1	proximal	RANBP10,TSNAXIP1	.
chr16:67816621-67816826	3	1	0	0	distal	.	.
chr16:67841832-67842100	2	2	1	1	proximal	THAP11	.
chr16:67846397-67847021	1	1	0	0	proximal	NUTF2	.
chr16:67893004-67893678	3	1	0	0	proximal	PSKH1	.
chr16:67935562-67936198	1	1	0	0	proximal	ENSG00000261884,PSMB10	.
chr16:67966812-67966987	1	1	0	0	distal	.	.
chr16:679828-680440	1	1	0	0	proximal	STUB1,STUB1-DT	.
chr16:67983443-67983686	1	1	0	0	proximal	ENSG00000289991	.
chr16:67992947-67993771	2	1	0	0	distal	.	.
chr16:68023110-68023671	2	1	0	0	proximal	DDX28	.
chr16:68084515-68085690	1	1	0	0	proximal	NFATC3	.
chr16:68091672-68091953	2	1	0	0	distal	.	.
chr16:68237316-68238110	1	1	0	0	proximal	ENSG00000261469,ESRP2	.
chr16:68298720-68298870	2	1	0	0	distal	.	.
chr16:68328481-68328923	1	1	0	0	distal	.	.
chr16:68382375-68382539	1	1	0	0	distal	.	.
chr16:684249-684667	2	1	0	0	proximal	JMJD8	.
chr16:68448405-68448946	1	1	0	0	proximal	ENSG00000287760,SMPD3	.
chr16:68529920-68530176	3	1	0	0	proximal	ZFP90	.
chr16:68539092-68539285	1	1	0	0	distal	.	.
chr16:68801173-68801323	1	1	0	0	distal	.	.
chr16:690302-690500	2	2	0	0	proximal	WDR24	.
chr16:69106134-69106408	1	1	0	0	proximal	HAS3	.
chr16:69131551-69132407	1	1	0	0	proximal	CHTF8,DERPC,UTP4	.
chr16:69167752-69167902	1	1	0	0	distal	.	.
chr16:69310814-69311477	1	1	0	0	proximal	VPS4A	.
chr16:69311705-69311889	2	1	0	0	proximal	VPS4A	.
chr16:69330335-69331072	2	1	0	0	proximal	PDF	.
chr16:69339129-69339393	1	1	0	0	proximal	COG8	.
chr16:69339528-69340189	2	1	0	0	proximal	COG8	.
chr16:69374458-69374707	1	1	0	0	distal	.	.
chr16:69385832-69386154	1	1	0	0	distal	.	.
chr16:69424135-69424909	3	1	0	0	distal	.	.
chr16:69477032-69477182	1	1	0	0	distal	.	.
chr16:69513844-69514063	1	1	0	0	distal	.	.
chr16:69565576-69566465	4	1	0	0	proximal	NFAT5	.
chr16:69726183-69726972	5	1	0	0	proximal	NQO1,NQO1-DT	.
chr16:69754473-69754742	1	1	0	0	proximal	NOB1	.
chr16:69754834-69755186	1	1	0	0	proximal	NOB1	.
chr16:69762225-69762819	3	1	0	0	proximal	WWP2	.
chr16:69859644-69859882	1	1	0	0	distal	.	.
chr16:69873290-69873440	1	1	0	0	distal	.	.
chr16:69954582-69955140	1	1	0	0	distal	.	.
chr16:70065820-70066351	1	1	0	0	proximal	ENSG00000290709,PDXDC2P-NPIPB14P	.
chr16:70165154-70165331	1	1	0	0	distal	.	.
chr16:70251560-70252137	4	1	0	0	proximal	EXOSC6	.
chr16:70288534-70288767	1	1	0	0	distal	.	.
chr16:70289046-70289196	1	1	0	0	proximal	AARS1,DDX19B	.
chr16:70289278-70289917	1	1	0	0	proximal	AARS1,DDX19B	.
chr16:70299009-70299757	2	1	0	0	proximal	ENSG00000260537	.
chr16:70346724-70347123	2	1	0	0	proximal	DDX19A,DDX19A-DT	.
chr16:70380735-70381110	1	1	0	0	distal	.	.
chr16:70428438-70428841	1	1	0	0	distal	.	.
chr16:70438935-70439849	1	1	0	0	proximal	ST3GAL2	.
chr16:70523160-70523656	1	1	0	0	proximal	COG4,SF3B3	.
chr16:70608448-70608606	1	1	0	0	distal	.	.
chr16:70800623-70800934	1	1	0	0	proximal	VAC14	.
chr16:71412737-71412957	1	1	0	0	distal	.	.
chr16:71435769-71435919	1	1	0	0	distal	.	.
chr16:71461974-71462488	1	1	0	0	proximal	ENSG00000247324,ZNF23	.
chr16:71611071-71611258	1	1	0	0	distal	.	.
chr16:71723030-71723278	2	1	0	0	proximal	ENSG00000261513	.
chr16:71786464-71786767	2	1	0	0	distal	.	.
chr16:71884402-71884748	1	1	0	0	distal	.	.
chr16:71895294-71895536	1	1	0	0	proximal	ZNF821	.
chr16:72008483-72008909	1	1	0	0	proximal	DHODH	.
chr16:73055625-73055789	1	1	0	0	distal	.	.
chr16:73058023-73058402	1	1	0	0	distal	.	.
chr16:73071299-73071568	2	1	0	0	distal	.	.
chr16:740881-741208	1	1	0	0	proximal	CIAO3	.
chr16:74251777-74251941	1	1	0	0	distal	.	.
chr16:74296618-74296875	1	1	0	0	proximal	PSMD7,PSMD7-DT	.
chr16:74368033-74368444	1	1	0	0	proximal	ENSG00000261079,ENSG00000290890	.
chr16:74413878-74414059	1	1	0	0	distal	.	.
chr16:74418571-74418776	1	1	0	0	distal	.	.
chr16:74487991-74488213	1	1	0	0	distal	.	.
chr16:745772-745968	1	1	0	0	distal	.	.
chr16:74606540-74606735	2	1	0	0	proximal	GLG1	.
chr16:74813138-74813526	1	1	0	0	distal	.	.
chr16:74998828-74999105	1	1	0	0	proximal	ZNRF1	.
chr16:75116690-75116899	1	1	0	0	proximal	LDHD	.
chr16:75226969-75227119	1	1	0	0	proximal	ENSG00000290455	.
chr16:75331533-75331700	1	1	0	0	distal	.	.
chr16:75433176-75433881	1	1	0	0	proximal	CFDP1,ENSG00000274220	.
chr16:75445843-75446034	1	1	0	0	distal	.	.
chr16:75464329-75465021	1	1	0	0	proximal	ENSG00000261717,TMEM170A	.
chr16:75509637-75509850	1	1	0	0	distal	.	.
chr16:75516959-75517830	1	1	0	0	proximal	ENSG00000291051	.
chr16:75555795-75556438	2	1	0	0	proximal	ENSG00000276408,TMEM231	.
chr16:75566485-75566827	1	1	0	0	proximal	GABARAPL2	.
chr16:75623212-75623552	1	1	0	0	proximal	ADAT1	.
chr16:78113-78364	2	1	0	0	distal	.	.
chr16:788283-788677	2	1	0	0	proximal	CHTF18,RPUSD1	.
chr16:81387453-81387684	1	1	0	0	distal	.	.
chr16:81765195-81765381	1	1	0	0	distal	.	.
chr16:83899259-83899605	1	1	0	0	proximal	MLYCD	.
chr16:83953357-83953715	2	1	0	0	distal	.	.
chr16:83954173-83954346	1	1	0	0	distal	.	.
chr16:83956877-83957046	1	1	0	0	distal	.	.
chr16:84050651-84050801	1	1	0	0	distal	.	.
chr16:84105486-84105668	1	1	0	0	distal	.	.
chr16:84504200-84505049	1	1	0	0	distal	.	.
chr16:84603930-84604235	3	1	0	0	distal	.	.
chr16:84617814-84618503	1	1	0	0	proximal	COTL1	.
chr16:846870-847166	2	1	0	0	distal	.	.
chr16:84731184-84731334	1	1	0	0	distal	.	.
chr16:84738554-84738719	2	1	0	0	distal	.	.
chr16:85027290-85027925	1	1	0	0	proximal	ENSG00000289551,KIAA0513	.
chr16:85114998-85115222	2	1	0	0	distal	.	.
chr16:85245722-85245894	1	1	0	0	distal	.	.
chr16:85438871-85439198	1	1	0	0	distal	.	.
chr16:85480266-85480674	1	1	0	0	distal	.	.
chr16:85613031-85613208	1	1	0	0	distal	.	.
chr16:85614043-85614201	1	1	0	0	distal	.	.
chr16:85703129-85703313	1	1	0	0	distal	.	.
chr16:857858-858377	2	2	0	0	distal	.	.
chr16:86409658-86409853	1	1	0	0	distal	.	.
chr16:86510270-86510767	2	1	0	0	proximal	FOXF1	.
chr16:86575824-86576388	1	1	0	0	proximal	FOXL1	.
chr16:86741179-86741494	1	1	0	0	distal	.	.
chr16:86906746-86906896	1	1	0	0	distal	.	.
chr16:87018043-87018233	1	1	0	0	distal	.	.
chr16:87077330-87077560	1	1	0	0	distal	.	.
chr16:87178167-87178375	1	1	0	0	distal	.	.
chr16:87317133-87317705	1	1	0	0	proximal	C16orf95,C16orf95-DT	.
chr16:87383399-87383549	1	1	0	0	proximal	MAP1LC3B	.
chr16:87391452-87392360	2	1	0	0	proximal	FBXO31	.
chr16:87490803-87490976	1	1	0	0	distal	.	.
chr16:87492963-87493455	1	1	0	0	proximal	ZCCHC14,ZCCHC14-DT	.
chr16:87560463-87561260	1	1	0	0	distal	.	.
chr16:87588853-87589135	1	1	0	0	distal	.	.
chr16:87777583-87778122	2	1	0	0	distal	.	.
chr16:87869427-87869702	1	1	0	0	proximal	SLC7A5	.
chr16:87898201-87898382	1	1	0	0	distal	.	.
chr16:87936979-87937129	1	1	0	0	proximal	CA5A	.
chr16:88265115-88265278	1	1	0	0	distal	.	.
chr16:88443086-88443267	1	1	0	0	distal	.	.
chr16:88452663-88453250	1	1	0	0	proximal	ZFPM1	.
chr16:88570124-88570487	3	1	0	0	proximal	ENSG00000289151,ZC3H18	.
chr16:88570546-88570696	2	1	0	0	proximal	ENSG00000289151,ZC3H18	.
chr16:88663006-88663668	1	1	0	0	proximal	MVD,SNAI3-AS1	.
chr16:88686771-88687074	1	1	0	0	proximal	SNAI3	.
chr16:88803588-88803891	1	1	0	0	proximal	CDT1	.
chr16:88856646-88857190	2	1	0	0	proximal	GALNS,TRAPPC2L	.
chr16:88905592-88905845	2	1	0	0	distal	.	.
chr16:89192415-89193412	1	1	0	0	distal	.	.
chr16:89201619-89202016	2	1	0	0	proximal	SLC22A31	.
chr16:89216563-89216777	3	1	0	0	proximal	ZNF778-DT	.
chr16:89240526-89241413	1	1	0	0	distal	.	.
chr16:89294501-89294652	2	1	0	0	distal	.	.
chr16:89326396-89326546	2	1	0	0	distal	.	.
chr16:89343591-89343883	3	1	0	0	distal	.	.
chr16:89452370-89452546	2	1	0	0	distal	.	.
chr16:89490545-89491243	1	1	0	0	proximal	ANKRD11,SPG7	.
chr16:89565426-89565731	1	1	0	0	distal	.	.
chr16:89599470-89599693	2	1	0	0	distal	.	.
chr16:89609521-89609671	2	1	0	0	distal	.	.
chr16:89615659-89615830	1	1	0	0	distal	.	.
chr16:89657377-89658131	1	1	0	0	proximal	CHMP1A,SPATA33	.
chr16:89658565-89658715	1	1	0	0	proximal	CHMP1A,SPATA33	.
chr16:89686343-89686695	1	1	0	0	proximal	LINC02166	.
chr16:89686847-89687301	1	1	0	0	proximal	LINC02166	.
chr16:89711655-89711903	2	1	0	0	proximal	VPS9D1-AS1	.
chr16:89721068-89721642	1	1	0	0	proximal	VPS9D1,ZNF276	.
chr16:89763675-89763825	1	1	0	0	distal	.	.
chr16:89816582-89817358	2	1	0	0	proximal	FANCA	.
chr16:89860959-89861124	1	1	0	0	distal	.	.
chr16:89923029-89923422	2	1	0	0	proximal	ENSG00000259006	.
chr16:89984967-89985171	1	1	0	0	distal	.	.
chr16:90077273-90077734	3	1	0	0	distal	.	.
chr16:90171319-90171491	1	1	0	0	distal	.	.
chr16:917595-917966	1	1	0	0	distal	.	.
chr16:929145-929343	1	1	0	0	distal	.	.
chr16:970899-971499	2	1	0	0	distal	.	.
chr17:1268106-1268683	1	1	0	0	distal	.	.
chr17:15260826-15261002	1	1	0	0	proximal	ENSG00000265445	.
chr17:15502951-15503119	2	2	1	1	distal	.	.
chr17:15699382-15699933	1	1	0	0	proximal	ZNF286A,ZNF286A-TBC1D26	.
chr17:15820012-15820174	3	2	1	1	distal	.	.
chr17:16380464-16380854	1	1	0	0	proximal	UBB	.
chr17:16380948-16381386	1	1	0	0	proximal	UBB	.
chr17:16438705-16439124	3	2	1	1	proximal	SNHG29	.
chr17:16536271-16536485	1	1	0	0	distal	.	.
chr17:16653330-16654000	1	1	0	0	proximal	ENSG00000264765,ZNF624	.
chr17:16832987-16833296	2	2	0	0	proximal	ENSG00000290978	.
chr17:17001897-17002115	1	1	0	0	distal	.	.
chr17:17042109-17042470	1	1	0	0	proximal	ENSG00000287910,MPRIP	.
chr17:17087565-17087742	2	2	1	1	distal	.	.
chr17:17098600-17098853	1	1	0	0	distal	.	.
chr17:17141954-17142162	1	1	0	0	distal	.	.
chr17:17205401-17205698	1	1	0	0	proximal	PLD6	.
chr17:17205781-17206840	1	1	0	0	proximal	PLD6	.
chr17:17222781-17222933	2	2	0	0	distal	.	.
chr17:17235881-17236141	4	1	0	0	proximal	ENSG00000266498	.
chr17:17237578-17237792	2	1	0	0	proximal	ENSG00000264187,FLCN	.
chr17:172409-172559	1	1	0	0	distal	.	.
chr17:17252361-17252527	2	1	0	0	distal	.	.
chr17:17280613-17281487	2	1	0	0	proximal	COPS3	.
chr17:17303149-17303368	1	1	0	0	proximal	NT5M	.
chr17:17320553-17320703	1	1	0	0	distal	.	.
chr17:17355012-17355167	4	2	0	0	distal	.	.
chr17:17356170-17356365	1	1	0	0	distal	.	.
chr17:17416154-17416360	1	1	0	0	distal	.	.
chr17:17476780-17477109	1	1	0	0	proximal	MED9	.
chr17:17591307-17592283	1	1	0	0	proximal	ENSG00000264666,PEMT	.
chr17:17613358-17613513	1	1	0	0	distal	.	.
chr17:17621503-17621673	5	2	0	0	distal	.	.
chr17:17623386-17623855	4	2	1	1	distal	.	.
chr17:17641939-17642102	3	2	0	0	distal	.	.
chr17:17646970-17647181	5	2	1	1	distal	.	.
chr17:17663278-17663609	3	2	1	1	distal	.	.
chr17:17681171-17681724	3	1	0	0	proximal	RAI1	.
chr17:17682588-17682960	3	1	0	0	distal	.	.
chr17:17693469-17693847	3	1	0	0	distal	.	.
chr17:17693962-17694170	2	1	0	0	distal	.	.
chr17:17695187-17695410	1	1	0	0	distal	.	.
chr17:17723473-17724276	2	1	0	0	distal	.	.
chr17:17724680-17724883	1	1	0	0	distal	.	.
chr17:17750064-17750215	1	1	0	0	distal	.	.
chr17:17752143-17752573	2	1	0	0	distal	.	.
chr17:17769072-17769240	2	2	1	1	distal	.	.
chr17:17781040-17781593	1	1	0	0	distal	.	.
chr17:17782644-17782967	2	1	0	0	distal	.	.
chr17:17812329-17812572	2	2	0	0	distal	.	.
chr17:17818057-17818281	8	2	2	2	distal	.	.
chr17:17823615-17824173	1	1	0	0	distal	.	.
chr17:17835736-17836512	2	2	0	0	proximal	SREBF1	.
chr17:17836767-17837155	1	1	0	0	proximal	SREBF1	.
chr17:17849182-17849550	4	2	0	0	distal	.	.
chr17:17850124-17850347	3	2	0	0	distal	.	.
chr17:17860078-17860495	4	1	0	0	distal	.	.
chr17:17860554-17860704	3	1	0	0	distal	.	.
chr17:1787621-1787841	1	1	0	0	distal	.	.
chr17:17877908-17878089	2	1	0	0	distal	.	.
chr17:17912841-17913057	3	1	0	0	distal	.	.
chr17:17913803-17914607	1	1	0	0	distal	.	.
chr17:17919242-17919427	2	2	0	0	distal	.	.
chr17:17922217-17922404	4	2	2	1	distal	.	.
chr17:17922833-17923220	4	1	0	0	distal	.	.
chr17:17946975-17947125	1	1	0	0	distal	.	.
chr17:17958530-17958745	3	2	1	1	distal	.	.
chr17:18010519-18010706	1	1	0	0	distal	.	.
chr17:18017421-18017643	4	2	0	0	distal	.	.
chr17:18038825-18039966	1	1	0	0	proximal	ATPAF2,GID4	.
chr17:18087579-18088414	1	1	0	0	proximal	DRG2	.
chr17:18094093-18094449	1	1	0	0	distal	.	.
chr17:18109032-18109197	6	2	1	1	proximal	MYO15A	.
chr17:18130475-18131033	1	1	0	0	distal	.	.
chr17:18141284-18141491	4	2	2	1	distal	.	.
chr17:18153833-18154107	1	1	0	0	distal	.	.
chr17:18217464-18217758	5	2	0	0	distal	.	.
chr17:18224715-18224897	1	1	0	0	proximal	LLGL1	.
chr17:18225134-18225681	1	1	0	0	proximal	LLGL1	.
chr17:18225782-18226181	2	2	0	0	proximal	LLGL1	.
chr17:18248324-18248526	2	1	0	0	distal	.	.
chr17:18258100-18258343	2	1	0	0	proximal	FLII	.
chr17:18260378-18261116	1	1	0	0	proximal	MIEF2	.
chr17:18274721-18274871	2	1	0	0	distal	.	.
chr17:1829360-1830041	1	1	0	0	proximal	RPA1,SMYD4	.
chr17:18295301-18295451	1	1	0	0	distal	.	.
chr17:18314675-18315420	1	1	0	0	proximal	SMCR8,TOP3A	.
chr17:18319952-18320102	3	1	0	0	distal	.	.
chr17:18338325-18338516	1	1	0	0	distal	.	.
chr17:18363092-18363242	1	1	0	0	proximal	SHMT1	.
chr17:18363337-18363820	1	1	0	0	proximal	SHMT1	.
chr17:18371361-18371594	1	1	0	0	distal	.	.
chr17:18383082-18383426	1	1	0	0	distal	.	.
chr17:18392439-18392694	2	2	1	1	distal	.	.
chr17:18401177-18401379	1	1	0	0	distal	.	.
chr17:18404378-18404540	2	1	0	0	distal	.	.
chr17:18411417-18411897	1	1	0	0	proximal	LINC02076	.
chr17:18424766-18424929	1	1	0	0	distal	.	.
chr17:18429519-18429712	2	1	0	0	distal	.	.
chr17:18442176-18442406	3	2	1	1	distal	.	.
chr17:18476876-18477070	1	1	0	0	proximal	LGALS9C	.
chr17:18478432-18478626	1	1	0	0	distal	.	.
chr17:18484106-18484293	2	1	0	0	distal	.	.
chr17:18502432-18502631	2	2	0	0	distal	.	.
chr17:18508747-18509053	1	1	0	0	distal	.	.
chr17:18563788-18564399	5	2	2	2	distal	.	.
chr17:18569321-18569628	4	3	1	1	distal	.	.
chr17:18682828-18682978	2	1	0	0	proximal	FOXO3B,ZNF286B	.
chr17:18697673-18697823	2	1	0	0	proximal	TRIM16L	.
chr17:18697896-18698075	1	1	0	0	proximal	TRIM16L	.
chr17:18698156-18698512	1	1	0	0	proximal	TRIM16L	.
chr17:18712377-18712649	2	1	0	0	distal	.	.
chr17:18719257-18719410	2	1	0	0	distal	.	.
chr17:18753144-18753372	1	1	0	0	distal	.	.
chr17:18816909-18817076	1	1	0	0	distal	.	.
chr17:18823543-18824041	2	2	0	0	distal	.	.
chr17:18836914-18837074	1	1	0	0	distal	.	.
chr17:18850334-18850532	2	1	0	0	distal	.	.
chr17:18856091-18856445	1	1	0	0	proximal	ENSG00000289213	.
chr17:18857853-18858580	1	1	0	0	distal	.	.
chr17:18886354-18886674	4	2	1	1	distal	.	.
chr17:18946633-18946824	1	1	0	0	distal	.	.
chr17:18981746-18981935	3	1	0	0	distal	.	.
chr17:18998834-18999033	4	1	0	0	distal	.	.
chr17:19004061-19004499	1	1	0	0	proximal	FAM83G	.
chr17:19004725-19004951	3	1	0	0	proximal	FAM83G	.
chr17:19016554-19016738	4	2	1	1	distal	.	.
chr17:19031767-19032379	4	2	1	1	distal	.	.
chr17:19037508-19037715	2	1	0	0	distal	.	.
chr17:19041174-19041564	1	1	0	0	distal	.	.
chr17:19047666-19047841	2	1	0	0	proximal	GRAP	.
chr17:19050843-19051028	1	1	0	0	distal	.	.
chr17:19062089-19062594	1	1	0	0	distal	.	.
chr17:19063301-19064009	2	1	0	0	distal	.	.
chr17:19074534-19074838	2	1	0	0	distal	.	.
chr17:19076485-19076835	4	1	0	0	distal	.	.
chr17:19081996-19082193	2	1	0	0	distal	.	.
chr17:19086985-19087322	1	1	0	0	distal	.	.
chr17:19088906-19089253	4	3	2	1	distal	.	.
chr17:19093530-19094139	3	2	0	0	proximal	ENSG00000228157	.
chr17:19123514-19123699	1	1	0	0	distal	.	.
chr17:19133575-19133834	2	2	0	0	distal	.	.
chr17:19142971-19143127	1	1	0	0	proximal	ENSG00000262319	.
chr17:19144194-19144702	1	1	0	0	proximal	ENSG00000262319	.
chr17:19146924-19147142	2	2	1	1	distal	.	.
chr17:19149552-19149874	4	3	2	1	proximal	ENSG00000266664	.
chr17:19187904-19188299	2	1	0	0	distal	.	.
chr17:19188708-19188872	1	1	0	0	distal	.	.
chr17:19226151-19226510	6	3	2	1	distal	.	.
chr17:19237204-19238033	1	1	0	0	distal	.	.
chr17:19260193-19260343	1	1	0	0	distal	.	.
chr17:19317289-19317675	2	2	0	0	distal	.	.
chr17:19321735-19321894	1	1	0	0	distal	.	.
chr17:19337414-19337583	3	2	0	0	distal	.	.
chr17:19347454-19347659	1	1	0	0	distal	.	.
chr17:19377555-19378936	2	2	0	0	proximal	B9D1,MAPK7	.
chr17:19387141-19387501	2	2	0	0	proximal	MFAP4	.
chr17:19447127-19447529	2	2	0	0	distal	.	.
chr17:19463850-19464000	3	1	0	0	distal	.	.
chr17:19469393-19469621	1	1	0	0	distal	.	.
chr17:19513995-19514195	3	1	0	0	distal	.	.
chr17:19526156-19526720	2	1	0	0	distal	.	.
chr17:19533182-19533332	2	1	0	0	distal	.	.
chr17:19533698-19534433	2	1	0	0	distal	.	.
chr17:19567025-19567297	2	1	0	0	distal	.	.
chr17:19580550-19580724	2	1	0	0	proximal	ENSG00000290454	.
chr17:19606156-19606336	1	1	0	0	distal	.	.
chr17:19614099-19614288	2	1	0	0	distal	.	.
chr17:19717485-19717668	1	1	0	0	distal	.	.
chr17:19718988-19719168	2	2	0	0	proximal	ENSG00000262681,SLC47A2	.
chr17:19744558-19744857	6	2	0	0	distal	.	.
chr17:19744931-19745212	2	1	0	0	distal	.	.
chr17:19745274-19745434	3	2	0	0	distal	.	.
chr17:19762583-19762831	1	1	0	0	distal	.	.
chr17:19766574-19766781	5	3	1	1	distal	.	.
chr17:1978398-1978548	1	1	0	0	distal	.	.
chr17:19786042-19786192	1	1	0	0	distal	.	.
chr17:19794819-19795059	1	1	0	0	distal	.	.
chr17:19812533-19812720	1	1	0	0	distal	.	.
chr17:19870071-19870223	1	1	0	0	distal	.	.
chr17:19911878-19912028	3	1	0	0	distal	.	.
chr17:19938684-19938846	1	1	0	0	distal	.	.
chr17:19992817-19993370	1	1	0	0	distal	.	.
chr17:20008657-20010122	1	1	0	0	proximal	SPECC1,SPECC1-DT	.
chr17:20010240-20010408	1	1	0	0	distal	.	.
chr17:20079625-20079830	1	1	0	0	distal	.	.
chr17:20093267-20093641	1	1	0	0	distal	.	.
chr17:20095379-20095584	2	1	0	0	distal	.	.
chr17:20111686-20111852	3	1	0	0	distal	.	.
chr17:20135633-20135853	1	1	0	0	distal	.	.
chr17:20155691-20156712	1	1	0	0	distal	.	.
chr17:20171750-20171900	1	1	0	0	distal	.	.
chr17:20226829-20227117	5	1	0	0	distal	.	.
chr17:20231994-20232144	1	1	0	0	distal	.	.
chr17:20266982-20267342	2	1	0	0	distal	.	.
chr17:20284332-20284496	2	1	0	0	distal	.	.
chr17:2029943-2030216	1	1	0	0	proximal	DPH1	.
chr17:20329447-20329740	1	1	0	0	distal	.	.
chr17:20389077-20389339	2	1	0	0	distal	.	.
chr17:20418031-20418191	1	1	0	0	distal	.	.
chr17:20419011-20419460	1	1	0	0	distal	.	.
chr17:20446945-20447152	1	1	0	0	distal	.	.
chr17:20502839-20503001	1	1	0	0	distal	.	.
chr17:20514310-20514492	1	1	0	0	distal	.	.
chr17:20531998-20532292	4	2	1	1	distal	.	.
chr17:20701505-20701701	2	1	0	0	distal	.	.
chr17:20842781-20842952	1	1	0	0	distal	.	.
chr17:20843544-20844244	1	1	0	0	distal	.	.
chr17:20852543-20853208	2	1	0	0	distal	.	.
chr17:20867531-20867697	1	1	0	0	proximal	CCDC144NL-AS1	.
chr17:20877121-20877420	2	1	0	0	distal	.	.
chr17:20908375-20908903	2	2	1	1	distal	.	.
chr17:20931803-20931984	1	1	0	0	distal	.	.
chr17:20944306-20944554	2	1	0	0	distal	.	.
chr17:21041826-21042164	1	1	0	0	distal	.	.
chr17:21060327-21060587	1	1	0	0	distal	.	.
chr17:21098817-21099240	3	1	0	0	distal	.	.
chr17:21239727-21239924	2	1	0	0	distal	.	.
chr17:21253262-21253620	1	1	0	0	proximal	NATD1	.
chr17:21275383-21276031	4	2	1	1	proximal	ENSG00000289453	.
chr17:21280081-21280290	1	1	0	0	distal	.	.
chr17:21286152-21286701	2	1	0	0	distal	.	.
chr17:21322825-21323262	2	1	0	0	distal	.	.
chr17:21339023-21339216	1	1	0	0	distal	.	.
chr17:21376079-21376653	1	1	0	0	proximal	KCNJ12	.
chr17:21402335-21402491	3	1	0	0	distal	.	.
chr17:21411126-21411339	1	1	0	0	distal	.	.
chr17:21513028-21513258	1	1	0	0	distal	.	.
chr17:21524032-21524536	1	1	0	0	distal	.	.
chr17:21593938-21594088	1	1	0	0	distal	.	.
chr17:21870602-21870775	1	1	0	0	distal	.	.
chr17:21883841-21884052	1	1	0	0	distal	.	.
chr17:2248946-2249105	1	1	0	0	distal	.	.
chr17:2303117-2304072	1	1	0	0	proximal	SMG6,SRR	.
chr17:2336905-2337481	1	1	0	0	proximal	ENSG00000289388,SGSM2,TSR1	.
chr17:2392692-2393339	1	1	0	0	distal	.	.
chr17:2401049-2401468	1	1	0	0	proximal	MNT	.
chr17:2484696-2485310	1	1	0	0	distal	.	.
chr17:2511598-2512055	1	1	0	0	proximal	METTL16	.
chr17:25383605-25383987	1	1	0	0	distal	.	.
chr17:25389713-25390095	1	1	0	0	distal	.	.
chr17:25569060-25569432	1	1	0	0	distal	.	.
chr17:25920062-25920400	1	1	0	0	distal	.	.
chr17:2593780-2594248	1	1	0	0	proximal	PAFAH1B1	.
chr17:2711812-2712219	1	1	0	0	proximal	CLUH,ENSG00000262050	.
chr17:27672658-27672808	1	1	0	0	distal	.	.
chr17:2786300-2786566	1	1	0	0	distal	.	.
chr17:27880331-27880507	1	1	0	0	distal	.	.
chr17:27988660-27988832	1	1	0	0	distal	.	.
chr17:28227388-28228061	2	1	0	0	distal	.	.
chr17:28276368-28276554	1	1	0	0	proximal	ENSG00000260777	.
chr17:28318835-28319403	2	1	0	0	proximal	TMEM97	.
chr17:28356868-28357781	2	1	0	0	proximal	ENSG00000258924,POLDIP2,TMEM199	.
chr17:28405637-28405989	2	1	0	0	proximal	ENSG00000265254	.
chr17:28548271-28548421	1	1	0	0	distal	.	.
chr17:28571402-28571777	2	1	0	0	proximal	PIGS	.
chr17:28598529-28599249	3	1	0	0	proximal	SPAG5,SPAG5-AS1	.
chr17:28599594-28599852	2	1	0	0	proximal	SPAG5,SPAG5-AS1	.
chr17:28645040-28645571	4	1	0	0	proximal	BLTP2	.
chr17:28662128-28662324	1	1	0	0	proximal	SDF2,SUPT6H	.
chr17:28717597-28717984	1	1	0	0	proximal	RAB34	.
chr17:28719514-28720046	1	1	0	0	proximal	RPL23A	.
chr17:28743117-28743369	1	1	0	0	proximal	ENSG00000265073,TRAF4	.
chr17:28807457-28807677	1	1	0	0	distal	.	.
chr17:28812300-28812714	1	1	0	0	distal	.	.
chr17:28812831-28813069	2	1	0	0	distal	.	.
chr17:28842487-28842988	2	1	0	0	distal	.	.
chr17:28897249-28897399	1	1	0	0	proximal	ENSG00000266642,FLOT2	.
chr17:28902862-28903306	2	1	0	0	proximal	DHRS13	.
chr17:28916414-28916580	1	1	0	0	distal	.	.
chr17:28951491-28951918	2	1	0	0	proximal	PHF12	.
chr17:28952304-28952642	1	1	0	0	proximal	PHF12	.
chr17:29006265-29006415	2	1	0	0	proximal	SEZ6	.
chr17:29111691-29112091	1	1	0	0	distal	.	.
chr17:29148635-29149206	1	1	0	0	distal	.	.
chr17:29180052-29180492	1	1	0	0	proximal	MYO18A	.
chr17:29293499-29294457	3	1	0	0	proximal	NUFIP2	.
chr17:29325701-29325858	3	1	0	0	distal	.	.
chr17:29369824-29370077	1	1	0	0	distal	.	.
chr17:29370461-29370611	1	1	0	0	distal	.	.
chr17:29390094-29390619	2	1	0	0	proximal	ENSG00000264808,TAOK1	.
chr17:29419998-29420148	1	1	0	0	distal	.	.
chr17:29453877-29454027	1	1	0	0	distal	.	.
chr17:29472562-29472738	1	1	0	0	distal	.	.
chr17:29567975-29568193	1	1	0	0	proximal	ENSG00000290082	.
chr17:29568408-29568793	1	1	0	0	proximal	ENSG00000264290,ENSG00000290082	.
chr17:29591020-29591170	1	1	0	0	distal	.	.
chr17:29591432-29591904	4	1	0	0	proximal	ENSG00000264647	.
chr17:29622825-29623003	1	1	0	0	proximal	CORO6,ENSG00000264007	.
chr17:29742093-29742275	1	1	0	0	distal	.	.
chr17:29760496-29760646	2	1	0	0	proximal	ENSG00000263657	.
chr17:29912898-29913048	1	1	0	0	distal	.	.
chr17:29929519-29930348	2	1	0	0	proximal	EFCAB5,SSH2	.
chr17:30116681-30116960	2	1	0	0	proximal	ENSG00000265394,hsa-mir-423	.
chr17:30203501-30203753	1	1	0	0	proximal	ENSG00000264125	.
chr17:30291509-30292329	1	1	0	0	proximal	BLMH	.
chr17:30476981-30477767	1	1	0	0	proximal	GOSR1	.
chr17:30555549-30555753	1	1	0	0	distal	.	.
chr17:30599927-30600103	1	1	0	0	proximal	ENSG00000290395	.
chr17:30625219-30625411	1	1	0	0	distal	.	.
chr17:30697905-30698178	1	1	0	0	distal	.	.
chr17:30708367-30709232	1	1	0	0	proximal	ENSG00000290928	.
chr17:30730812-30730962	2	1	0	0	distal	.	.
chr17:30731316-30731979	1	1	0	0	distal	.	.
chr17:30741912-30742065	1	1	0	0	distal	.	.
chr17:30824432-30824925	2	1	0	0	proximal	CRLF3	.
chr17:30832070-30832467	1	1	0	0	proximal	ATAD5	.
chr17:30846906-30847065	1	1	0	0	distal	.	.
chr17:30897598-30897806	1	1	0	0	distal	.	.
chr17:30906698-30907026	2	1	0	0	proximal	ADAP2,TEFM	.
chr17:31008474-31008794	1	1	0	0	proximal	ENSG00000291063	.
chr17:31009191-31009344	1	1	0	0	proximal	ENSG00000291063	.
chr17:31015765-31016110	1	1	0	0	distal	.	.
chr17:31094670-31095454	1	1	0	0	proximal	MIR4733HG,NF1	.
chr17:31113352-31113657	1	1	0	0	distal	.	.
chr17:31239936-31240161	1	1	0	0	distal	.	.
chr17:31503344-31503543	1	1	0	0	distal	.	.
chr17:31558838-31559238	1	1	0	0	distal	.	.
chr17:31616515-31616717	1	1	0	0	distal	.	.
chr17:31889531-31889723	1	1	0	0	distal	.	.
chr17:31901481-31902062	1	1	0	0	proximal	UTP6	.
chr17:32135629-32135818	1	1	0	0	distal	.	.
chr17:32349926-32350237	1	1	0	0	proximal	C17orf75,ZNF207	.
chr17:32486514-32487167	1	1	0	0	proximal	CDK5R1	.
chr17:35567815-35568265	1	1	0	0	proximal	SNHG30	.
chr17:35587217-35587493	2	1	0	0	distal	.	.
chr17:35587750-35587915	2	1	0	0	distal	.	.
chr17:35670232-35670431	1	1	0	0	distal	.	.
chr17:3636113-3636773	2	1	0	0	proximal	CTNS,ENSG00000262304,SHPK	.
chr17:3683021-3683473	1	1	0	0	distal	.	.
chr17:3723513-3723712	1	1	0	0	proximal	HASPIN	.
chr17:3845805-3846527	1	1	0	0	proximal	NCBP3	.
chr17:39152989-39153186	1	1	0	0	distal	.	.
chr17:39197423-39197765	1	1	0	0	proximal	CACNB1	.
chr17:3936323-3936567	1	1	0	0	distal	.	.
chr17:39461173-39462026	2	1	0	0	proximal	CDK12	.
chr17:39636957-39637215	3	1	0	0	proximal	STARD3	.
chr17:39687704-39688238	2	1	0	0	proximal	ERBB2	.
chr17:39730185-39730744	1	1	0	0	proximal	MIEN1	.
chr17:39927588-39927824	1	1	0	0	proximal	ENSG00000264968,LRRC3C,ORMDL3	.
chr17:39980089-39980304	1	1	0	0	proximal	PSMD3	.
chr17:39996856-39997093	1	1	0	0	distal	.	.
chr17:40013765-40014009	2	1	0	0	proximal	ENSG00000265799	.
chr17:40035203-40035507	1	1	0	0	distal	.	.
chr17:4004598-4004879	2	1	0	0	distal	.	.
chr17:40054381-40054923	1	1	0	0	distal	.	.
chr17:40068944-40069278	2	1	0	0	distal	.	.
chr17:40100562-40100891	1	1	0	0	proximal	NR1D1	.
chr17:40111720-40111942	1	1	0	0	distal	.	.
chr17:40113228-40113530	1	1	0	0	distal	.	.
chr17:40219163-40219518	2	1	0	0	proximal	WIPF2	.
chr17:40393865-40394015	1	1	0	0	distal	.	.
chr17:40417420-40418240	1	1	0	0	proximal	TOP2A	.
chr17:40433585-40433857	2	1	0	0	distal	.	.
chr17:40459606-40459756	1	1	0	0	distal	.	.
chr17:40702000-40702150	1	1	0	0	distal	.	.
chr17:4081216-4081393	1	1	0	0	distal	.	.
chr17:4142987-4143303	2	2	1	1	proximal	CYB5D2,ZZEF1	.
chr17:41530228-41530378	2	2	0	0	distal	.	.
chr17:41561682-41561904	1	1	0	0	distal	.	.
chr17:41579593-41579824	1	1	0	0	distal	.	.
chr17:41648026-41648342	2	2	0	0	distal	.	.
chr17:41648474-41648900	1	1	0	0	distal	.	.
chr17:41662776-41662926	1	1	0	0	distal	.	.
chr17:41665943-41666192	1	1	0	0	distal	.	.
chr17:41667023-41667218	1	1	0	0	distal	.	.
chr17:41734590-41734925	2	1	0	0	proximal	HAP1	.
chr17:41738110-41738285	1	1	0	0	distal	.	.
chr17:41786371-41787098	1	1	0	0	proximal	JUP	.
chr17:41793355-41793593	1	1	0	0	distal	.	.
chr17:41793939-41794323	4	1	0	0	distal	.	.
chr17:41801678-41802055	1	1	0	0	distal	.	.
chr17:41835760-41836383	1	1	0	0	proximal	KLHL10,NT5C3B	.
chr17:41836460-41836658	3	2	0	0	proximal	KLHL10,NT5C3B	.
chr17:41851718-41851885	1	1	0	0	proximal	ENSG00000259623	.
chr17:41918975-41919780	1	1	0	0	distal	.	.
chr17:41963023-41963201	1	1	0	0	distal	.	.
chr17:41965826-41966065	4	2	0	0	proximal	CNP	.
chr17:42017386-42018200	1	1	0	0	distal	.	.
chr17:42050367-42050637	2	1	0	0	proximal	C17orf113	.
chr17:42101629-42101804	1	1	0	0	distal	.	.
chr17:42107699-42108008	1	1	0	0	distal	.	.
chr17:42183962-42184391	5	2	0	0	distal	.	.
chr17:42194437-42194605	1	1	0	0	proximal	GHDC	.
chr17:42194690-42194850	1	1	0	0	proximal	GHDC	.
chr17:42205077-42205237	2	1	0	0	distal	.	.
chr17:42238101-42238416	2	1	0	0	distal	.	.
chr17:42255197-42255405	1	1	0	0	distal	.	.
chr17:42265472-42265651	1	1	0	0	distal	.	.
chr17:42266960-42267205	1	1	0	0	distal	.	.
chr17:42276114-42276528	2	1	0	0	proximal	ENSG00000278829	.
chr17:42308770-42309017	1	1	0	0	distal	.	.
chr17:42312296-42312475	2	2	0	0	distal	.	.
chr17:42423153-42423483	2	1	0	0	proximal	CAVIN1	.
chr17:42458631-42458983	2	1	0	0	proximal	ATP6V0A1	.
chr17:42472593-42472743	3	1	0	0	distal	.	.
chr17:42527320-42527490	1	1	0	0	distal	.	.
chr17:42536014-42536250	2	1	0	0	proximal	ENSG00000266929,NAGLU	.
chr17:42554748-42554919	1	1	0	0	proximal	HSD17B1-AS1	.
chr17:42556307-42556566	6	1	0	0	distal	.	.
chr17:42561962-42562256	2	2	0	0	proximal	COASY	.
chr17:42577643-42577962	2	1	0	0	proximal	ENSG00000287710,PSMC3IP	.
chr17:42609036-42610239	1	1	0	0	proximal	RETREG3,TUBG1	.
chr17:4263632-4264147	2	1	0	0	proximal	ANKFY1	.
chr17:42653491-42653775	1	1	0	0	distal	.	.
chr17:42659149-42659772	1	1	0	0	proximal	TUBG2	.
chr17:42676958-42677473	4	1	0	0	proximal	PLEKHH3	.
chr17:42677921-42678186	1	1	0	0	distal	.	.
chr17:42678302-42678548	4	1	0	0	distal	.	.
chr17:42763481-42763714	1	1	0	0	distal	.	.
chr17:42798420-42798899	3	1	0	0	proximal	CNTD1,COA3	.
chr17:42838362-42838512	2	1	0	0	distal	.	.
chr17:42866169-42866392	1	1	0	0	proximal	AOC4P	.
chr17:42934709-42934859	1	1	0	0	distal	.	.
chr17:42964156-42964569	1	1	0	0	proximal	AARSD1	.
chr17:42980023-42980266	3	1	0	0	proximal	PTGES3L,PTGES3L-AARSD1,RUNDC1	.
chr17:42980509-42980667	2	2	0	0	proximal	PTGES3L,PTGES3L-AARSD1,RUNDC1	.
chr17:42980755-42980974	2	1	0	0	proximal	PTGES3L,PTGES3L-AARSD1,RUNDC1	.
chr17:43006643-43007112	1	1	0	0	proximal	IFI35	.
chr17:43022343-43022557	2	1	0	0	distal	.	.
chr17:43062720-43062924	1	1	0	0	distal	.	.
chr17:43112884-43113039	2	1	0	0	distal	.	.
chr17:43125060-43125661	3	2	0	0	proximal	NBR2	.
chr17:43138623-43138773	1	1	0	0	distal	.	.
chr17:43170270-43170528	2	1	0	0	proximal	BRCA1,ENSG00000267002,NBR1	.
chr17:43170930-43171437	2	1	0	0	proximal	BRCA1,ENSG00000267002,NBR1	.
chr17:43222148-43222369	1	1	0	0	distal	.	.
chr17:43233342-43233642	3	1	0	0	distal	.	.
chr17:43246443-43246820	2	1	0	0	distal	.	.
chr17:43251587-43251927	2	1	0	0	distal	.	.
chr17:43315381-43316228	3	2	0	0	distal	.	.
chr17:43322496-43322703	1	1	0	0	distal	.	.
chr17:43334199-43334466	1	1	0	0	distal	.	.
chr17:43338823-43338986	1	1	0	0	distal	.	.
chr17:43388260-43388978	2	1	0	0	proximal	ENSG00000288909,LINC00910	.
chr17:43389238-43389388	1	1	0	0	proximal	ENSG00000288909,LINC00910	.
chr17:43412657-43412825	2	1	0	0	distal	.	.
chr17:43418898-43419115	2	1	0	0	distal	.	.
chr17:43483545-43484123	2	2	0	0	proximal	DHX8	.
chr17:43545333-43545535	1	1	0	0	distal	.	.
chr17:43545995-43546162	1	1	0	0	distal	.	.
chr17:43588887-43589234	1	1	0	0	distal	.	.
chr17:4366554-4366972	2	1	0	0	proximal	UBE2G1	.
chr17:43760496-43760669	2	1	0	0	distal	.	.
chr17:43832868-43833258	1	1	0	0	proximal	MPP3	.
chr17:43842357-43842584	1	1	0	0	distal	.	.
chr17:43900569-43900870	3	1	0	0	distal	.	.
chr17:43901150-43901300	5	2	1	1	distal	.	.
chr17:43907321-43907919	3	1	0	0	distal	.	.
chr17:43937757-43938303	2	1	0	0	proximal	LINC01976	.
chr17:43944053-43944223	1	1	0	0	distal	.	.
chr17:43983651-43983907	1	1	0	0	distal	.	.
chr17:43994953-43995194	2	1	0	0	distal	.	.
chr17:44014324-44014515	1	1	0	0	distal	.	.
chr17:44014900-44015152	2	1	0	0	distal	.	.
chr17:44066138-44066434	2	1	0	0	distal	.	.
chr17:44070557-44071287	2	1	0	0	proximal	G6PC3	.
chr17:44077805-44078207	2	1	0	0	distal	.	.
chr17:44086852-44087152	2	1	0	0	distal	.	.
chr17:44095614-44096138	3	1	0	0	distal	.	.
chr17:44111070-44111516	1	1	0	0	distal	.	.
chr17:44123559-44124248	2	1	0	0	proximal	HDAC5	.
chr17:4413368-4413518	2	2	1	1	distal	.	.
chr17:44141678-44142020	2	1	0	0	proximal	HROB	.
chr17:44199379-44199567	1	1	0	0	proximal	ATXN7L3,ATXN7L3-AS1	.
chr17:44210794-44210989	1	1	0	0	distal	.	.
chr17:44218409-44219010	1	1	0	0	distal	.	.
chr17:44269570-44269750	2	2	1	1	distal	.	.
chr17:44308300-44308681	2	1	0	0	proximal	RUNDC3A	.
chr17:4431093-4431314	2	1	0	0	distal	.	.
chr17:44315104-44315622	2	2	1	1	proximal	RUNDC3A-AS1	.
chr17:44324682-44325208	5	1	0	0	proximal	ENSG00000288961,SLC25A39	.
chr17:44345033-44345722	2	1	0	0	proximal	GRN	.
chr17:44350804-44351031	1	1	0	0	distal	.	.
chr17:44352759-44352933	1	1	0	0	distal	.	.
chr17:44375462-44375634	2	1	0	0	distal	.	.
chr17:44385029-44385906	1	1	0	0	distal	.	.
chr17:44503092-44503828	1	1	0	0	proximal	GPATCH8	.
chr17:44523269-44523436	2	1	0	0	distal	.	.
chr17:44533511-44533809	1	1	0	0	distal	.	.
chr17:44557103-44557542	1	1	0	0	proximal	FZD2	.
chr17:44601890-44602040	1	1	0	0	distal	.	.
chr17:44656170-44656415	2	1	0	0	proximal	MEIOC	.
chr17:44689709-44690360	1	1	0	0	proximal	CCDC43	.
chr17:44703432-44703582	1	1	0	0	distal	.	.
chr17:44774902-44775159	1	1	0	0	distal	.	.
chr17:44775409-44776027	1	1	0	0	distal	.	.
chr17:44810922-44811072	1	1	0	0	distal	.	.
chr17:44899059-44899839	1	1	0	0	proximal	CCDC103,EFTUD2,FAM187A	.
chr17:44947388-44948177	5	1	0	0	proximal	KIF18B,KIF18B-DT	.
chr17:4498596-4498926	1	1	0	0	proximal	SPNS2,SPNS2-AS1	.
chr17:44995100-44995250	1	1	0	0	distal	.	.
chr17:45021949-45022230	1	1	0	0	distal	.	.
chr17:45051249-45051790	1	1	0	0	distal	.	.
chr17:45135360-45135865	1	1	0	0	distal	.	.
chr17:45161426-45162019	2	1	0	0	proximal	HEXIM2-AS1	.
chr17:45168873-45169044	1	1	0	0	distal	.	.
chr17:45191881-45192031	1	1	0	0	distal	.	.
chr17:45247047-45247197	1	1	0	0	proximal	MAP3K14-AS1	.
chr17:45247478-45247995	1	1	0	0	proximal	MAP3K14-AS1	.
chr17:4566747-4566934	1	1	0	0	distal	.	.
chr17:4577744-4577894	1	1	0	0	distal	.	.
chr17:4626307-4626473	1	1	0	0	distal	.	.
chr17:46350376-46350526	1	1	0	0	distal	.	.
chr17:46361901-46362212	1	1	0	0	proximal	ARL17B	.
chr17:46475139-46475336	1	1	0	0	distal	.	.
chr17:46579617-46579870	3	1	0	0	proximal	ARL17A	.
chr17:46904128-46904358	1	1	0	0	distal	.	.
chr17:46922752-46923446	1	1	0	0	proximal	ENSG00000262633,GOSR2,GOSR2-DT	.
chr17:46971100-46971250	1	1	0	0	distal	.	.
chr17:47067231-47067381	1	1	0	0	distal	.	.
chr17:47067458-47067661	1	1	0	0	distal	.	.
chr17:47099812-47100031	2	1	0	0	proximal	ENSG00000262879	.
chr17:47100208-47100511	1	1	0	0	proximal	ENSG00000262879	.
chr17:4710046-4710869	3	2	1	1	proximal	ARRB2	.
chr17:47159300-47159467	1	1	0	0	distal	.	.
chr17:47188917-47189722	3	1	0	0	proximal	CDC27	.
chr17:47205519-47205992	2	1	0	0	distal	.	.
chr17:47253811-47254005	2	1	0	0	proximal	ENSG00000259753,ITGB3	.
chr17:47275563-47275793	1	1	0	0	distal	.	.
chr17:4730816-4731473	1	1	0	0	proximal	MED11	.
chr17:4731584-4731934	2	1	0	0	proximal	ENSG00000261898,MED11	.
chr17:47492157-47492847	1	1	0	0	proximal	MRPL45P2	.
chr17:47530841-47531319	1	1	0	0	distal	.	.
chr17:47531457-47532240	2	1	0	0	distal	.	.
chr17:47558766-47558974	1	1	0	0	distal	.	.
chr17:47649096-47650850	1	1	0	0	proximal	KPNB1,KPNB1-DT	.
chr17:47693858-47694093	3	1	0	0	proximal	TBKBP1	.
chr17:47745004-47745173	1	1	0	0	distal	.	.
chr17:47789812-47790330	1	1	0	0	distal	.	.
chr17:47802491-47802664	1	1	0	0	distal	.	.
chr17:47821550-47821957	1	1	0	0	proximal	OSBPL7	.
chr17:47831204-47832023	2	1	0	0	proximal	LRRC46,MRPL10	.
chr17:47840718-47840896	1	1	0	0	proximal	SCRN2	.
chr17:47889983-47890172	1	1	0	0	distal	.	.
chr17:47895669-47896830	1	1	0	0	proximal	SP2,SP2-DT	.
chr17:4789967-4790440	1	1	0	0	distal	.	.
chr17:47941210-47941888	1	1	0	0	proximal	PNPO,SP2-AS1	.
chr17:47946990-47947201	1	1	0	0	distal	.	.
chr17:47970706-47971398	2	1	0	0	distal	.	.
chr17:47982511-47982862	1	1	0	0	distal	.	.
chr17:48026561-48026756	1	1	0	0	distal	.	.
chr17:48047819-48048876	1	1	0	0	proximal	NFE2L1,NFE2L1-DT	.
chr17:48100615-48101839	1	1	0	0	proximal	CBX1	.
chr17:48107256-48107898	2	1	0	0	distal	.	.
chr17:48131119-48131484	1	1	0	0	distal	.	.
chr17:48252627-48252777	1	1	0	0	distal	.	.
chr17:48351722-48351872	1	1	0	0	distal	.	.
chr17:48389118-48389372	3	1	0	0	distal	.	.
chr17:48415869-48416019	1	1	0	0	distal	.	.
chr17:48457339-48457752	1	1	0	0	distal	.	.
chr17:48483602-48484106	4	2	1	1	distal	.	.
chr17:48492619-48493170	2	1	0	0	distal	.	.
chr17:48493477-48493647	1	1	0	0	distal	.	.
chr17:48555388-48555561	1	1	0	0	distal	.	.
chr17:48555687-48555994	1	1	0	0	distal	.	.
chr17:48577635-48577797	1	1	0	0	proximal	HOXB4	.
chr17:48578154-48578504	1	1	0	0	proximal	HOXB4	.
chr17:48585451-48585710	2	1	0	0	distal	.	.
chr17:48590175-48590390	3	1	0	0	distal	.	.
chr17:48593372-48593626	2	1	0	0	proximal	HOXB5	.
chr17:48598244-48598394	1	1	0	0	distal	.	.
chr17:48612000-48612308	1	1	0	0	distal	.	.
chr17:48626041-48626906	1	1	0	0	proximal	HOXB9	.
chr17:48671657-48671946	2	1	0	0	distal	.	.
chr17:48728682-48728893	4	1	0	0	proximal	HOXB13	.
chr17:48795568-48795718	1	1	0	0	distal	.	.
chr17:48804903-48805134	1	1	0	0	distal	.	.
chr17:48814502-48814652	2	1	0	0	distal	.	.
chr17:48816991-48817333	2	1	0	0	proximal	TTLL6	.
chr17:48830678-48831278	3	1	0	0	proximal	CALCOCO2	.
chr17:48884508-48884899	1	1	0	0	distal	.	.
chr17:48892078-48892970	1	1	0	0	proximal	ATP5MC1	.
chr17:48908923-48909297	2	1	0	0	proximal	UBE2Z	.
chr17:48943914-48944064	3	2	1	1	proximal	ENSG00000289021,SNF8	.
chr17:48954136-48954471	2	1	0	0	distal	.	.
chr17:48972431-48972591	1	1	0	0	distal	.	.
chr17:48996009-48996847	3	1	0	0	proximal	IGF2BP1	.
chr17:48997047-48997481	2	2	1	1	proximal	ENSG00000250838,IGF2BP1	.
chr17:49031312-49031462	1	1	0	0	distal	.	.
chr17:49191738-49192100	3	1	0	0	distal	.	.
chr17:49192159-49193340	2	1	0	0	distal	.	.
chr17:49223496-49223686	1	1	0	0	distal	.	.
chr17:49245233-49245383	1	1	0	0	distal	.	.
chr17:49254210-49254399	1	1	0	0	distal	.	.
chr17:49260209-49260376	2	1	0	0	distal	.	.
chr17:49361937-49362672	2	1	0	0	proximal	ZNF652	.
chr17:49389707-49389974	1	1	0	0	distal	.	.
chr17:4939917-4940400	1	1	0	0	proximal	RNF167,SLC25A11	.
chr17:49435141-49435322	2	1	0	0	distal	.	.
chr17:4948462-4948716	1	1	0	0	proximal	ENO3,PFN1	.
chr17:49497643-49497827	1	1	0	0	distal	.	.
chr17:49556290-49556559	1	1	0	0	distal	.	.
chr17:49567926-49568339	3	2	1	1	distal	.	.
chr17:49570061-49570367	1	1	0	0	distal	.	.
chr17:49575665-49576147	3	1	0	0	proximal	NXPH3	.
chr17:4967718-4968045	2	1	0	0	proximal	ENSG00000262429,SPAG7	.
chr17:49677460-49678400	1	1	0	0	proximal	SPOP	.
chr17:49707889-49708517	2	1	0	0	proximal	ENSG00000250751,SLC35B1	.
chr17:49764096-49764497	3	1	0	0	distal	.	.
chr17:49788334-49788763	3	2	1	1	proximal	FAM117A,KAT7	.
chr17:49788940-49789422	1	1	0	0	proximal	FAM117A,KAT7	.
chr17:49851721-49851889	1	1	0	0	distal	.	.
chr17:4987023-4987227	1	1	0	0	proximal	CAMTA2,CAMTA2-AS1,ENSG00000262227	.
chr17:49880533-49880725	1	1	0	0	distal	.	.
chr17:49892955-49893160	3	1	0	0	distal	.	.
chr17:49944582-49944753	2	1	0	0	distal	.	.
chr17:49952566-49952720	1	1	0	0	distal	.	.
chr17:49968419-49968569	1	1	0	0	proximal	DLX4	.
chr17:4997460-4998072	1	1	0	0	proximal	INCA1,KIF1C	.
chr17:49996674-49996848	1	1	0	0	proximal	ENSG00000248172	.
chr17:49998285-49998457	2	1	0	0	distal	.	.
chr17:50026522-50026702	3	2	1	1	distal	.	.
chr17:50026887-50027061	2	1	0	0	distal	.	.
chr17:50056096-50056723	1	1	0	0	proximal	ITGA3,PICART1	.
chr17:50076359-50076529	1	1	0	0	distal	.	.
chr17:50087827-50088135	1	1	0	0	distal	.	.
chr17:50094358-50094523	1	1	0	0	proximal	ENSG00000276851,PDK2	.
chr17:50123564-50123787	1	1	0	0	distal	.	.
chr17:50151073-50151300	3	1	0	0	proximal	PPP1R9B	.
chr17:50151729-50151960	3	1	0	0	distal	.	.
chr17:50169369-50169647	1	1	0	0	distal	.	.
chr17:50178213-50178581	2	1	0	0	distal	.	.
chr17:50200043-50200471	1	1	0	0	proximal	ENSG00000249406	.
chr17:50200597-50200935	2	1	0	0	proximal	COL1A1,ENSG00000249406	.
chr17:50272664-50272842	1	1	0	0	distal	.	.
chr17:50297469-50297761	2	1	0	0	distal	.	.
chr17:50345997-50346479	1	1	0	0	proximal	XYLT2	.
chr17:50372260-50372428	1	1	0	0	proximal	EME1,MRPL27	.
chr17:50372829-50373265	3	1	0	0	proximal	EME1,MRPL27	.
chr17:50378510-50378660	2	1	0	0	distal	.	.
chr17:50426219-50426478	2	1	0	0	proximal	ACSF2	.
chr17:50478421-50479140	1	1	0	0	proximal	RSAD1	.
chr17:50546987-50547262	2	1	0	0	distal	.	.
chr17:50560385-50560790	3	1	0	0	proximal	CACNA1G	.
chr17:50626203-50626392	1	1	0	0	distal	.	.
chr17:50841744-50842122	2	1	0	0	proximal	ENSG00000261976	.
chr17:50866930-50867113	3	1	0	0	proximal	TOB1,TOB1-AS1	.
chr17:50909761-50909925	1	1	0	0	proximal	ENSG00000262006	.
chr17:51056861-51057070	1	1	0	0	distal	.	.
chr17:51121836-51122032	1	1	0	0	distal	.	.
chr17:51153698-51153930	1	1	0	0	proximal	NME1,NME1-NME2	.
chr17:51166201-51166669	1	1	0	0	proximal	NME2	.
chr17:51167115-51167286	1	1	0	0	distal	.	.
chr17:51244885-51245084	2	1	0	0	distal	.	.
chr17:51457832-51457982	1	1	0	0	distal	.	.
chr17:5419585-5420175	1	1	0	0	proximal	NUP88,RPAIN	.
chr17:5439084-5439400	1	1	0	0	distal	.	.
chr17:5485865-5486586	1	1	0	0	proximal	DERL2,MIS12	.
chr17:5486709-5487087	1	1	0	0	proximal	DERL2,MIS12	.
chr17:56511697-56511847	1	1	0	0	distal	.	.
chr17:5667752-5667902	1	1	0	0	distal	.	.
chr17:56793935-56794237	1	1	0	0	distal	.	.
chr17:56854313-56854538	1	1	0	0	distal	.	.
chr17:56960595-56961248	1	1	0	0	proximal	COIL	.
chr17:56977744-56978185	2	1	0	0	proximal	SCPEP1	.
chr17:57084890-57085327	1	1	0	0	proximal	AKAP1,AKAP1-DT	.
chr17:57131106-57131256	2	1	0	0	distal	.	.
chr17:57256242-57256712	2	1	0	0	proximal	ENSG00000286732,MSI2	.
chr17:57277989-57278139	1	1	0	0	distal	.	.
chr17:57424819-57425035	1	1	0	0	distal	.	.
chr17:57454241-57454591	1	1	0	0	distal	.	.
chr17:57511328-57511537	1	1	0	0	distal	.	.
chr17:57671982-57672186	1	1	0	0	distal	.	.
chr17:57747646-57747803	1	1	0	0	distal	.	.
chr17:57849756-57850397	1	1	0	0	proximal	MRPS23	.
chr17:57858010-57858199	1	1	0	0	distal	.	.
chr17:57910853-57911003	1	1	0	0	distal	.	.
chr17:57955180-57955519	2	1	0	0	proximal	CUEDC1,ENSG00000278642	.
chr17:58083139-58083544	1	1	0	0	proximal	DYNLL2,DYNLL2-DT	.
chr17:58084007-58084289	1	1	0	0	proximal	DYNLL2,DYNLL2-DT	.
chr17:58113158-58113308	1	1	0	0	distal	.	.
chr17:58142069-58142219	1	1	0	0	distal	.	.
chr17:58156923-58157124	1	1	0	0	distal	.	.
chr17:58219151-58219660	1	1	0	0	proximal	ENSG00000287337,LPO,MKS1	.
chr17:58249255-58249659	1	1	0	0	distal	.	.
chr17:58352189-58352482	1	1	0	0	proximal	SUPT4H1	.
chr17:58352619-58352769	1	1	0	0	proximal	SUPT4H1	.
chr17:58364392-58364642	2	1	0	0	distal	.	.
chr17:58366971-58367133	1	1	0	0	distal	.	.
chr17:58375471-58375649	1	1	0	0	distal	.	.
chr17:58417583-58417807	1	1	0	0	proximal	ENSG00000285897,RNF43	.
chr17:58558069-58558219	1	1	0	0	distal	.	.
chr17:58631162-58632200	1	1	0	0	distal	.	.
chr17:58658410-58658610	1	1	0	0	proximal	ENSG00000290039	.
chr17:58658776-58659601	1	1	0	0	proximal	ENSG00000290039	.
chr17:58755581-58756052	1	1	0	0	proximal	PPM1E	.
chr17:58930066-58930216	1	1	0	0	distal	.	.
chr17:59073718-59073868	1	1	0	0	distal	.	.
chr17:59165907-59166182	2	2	1	1	distal	.	.
chr17:59220342-59220729	1	1	0	0	proximal	GDPD1	.
chr17:59220902-59221255	1	1	0	0	proximal	GDPD1	.
chr17:59260974-59261124	1	1	0	0	distal	.	.
chr17:59565240-59565711	2	1	0	0	proximal	DHX40	.
chr17:59619184-59620142	2	2	1	1	proximal	CLTC,ENSG00000273702	.
chr17:59637798-59637953	2	1	0	0	distal	.	.
chr17:59707348-59707800	1	1	0	0	proximal	PTRH2,VMP1	.
chr17:59828764-59828914	2	1	0	0	distal	.	.
chr17:59963904-59965260	2	2	1	1	proximal	RNFT1,RNFT1-DT	.
chr17:60088312-60088614	1	1	0	0	distal	.	.
chr17:60141943-60142572	1	1	0	0	distal	.	.
chr17:60142909-60143151	1	1	0	0	distal	.	.
chr17:60204578-60204786	1	1	0	0	distal	.	.
chr17:60280190-60280394	1	1	0	0	distal	.	.
chr17:60372858-60373171	1	1	0	0	distal	.	.
chr17:60525764-60526359	2	1	0	0	proximal	APPBP2,APPBP2-DT	.
chr17:60599615-60600742	1	1	0	0	proximal	PPM1D	.
chr17:60641888-60642137	1	1	0	0	distal	.	.
chr17:61150099-61150377	2	1	0	0	distal	.	.
chr17:61226938-61227090	1	1	0	0	distal	.	.
chr17:61399612-61399808	1	1	0	0	proximal	ENSG00000267131,TBX2	.
chr17:61412514-61412681	1	1	0	0	proximal	LINC02875	.
chr17:61486573-61486906	1	1	0	0	distal	.	.
chr17:61524907-61525118	1	1	0	0	distal	.	.
chr17:61532734-61532884	1	1	0	0	distal	.	.
chr17:61628955-61629105	1	1	0	0	distal	.	.
chr17:61927670-61928391	2	1	0	0	proximal	INTS2	.
chr17:62065669-62066196	1	1	0	0	proximal	ENSG00000289293,MED13	.
chr17:62478248-62479542	1	1	0	0	distal	.	.
chr17:62750730-62751029	1	1	0	0	distal	.	.
chr17:63332848-63333001	1	1	0	0	distal	.	.
chr17:63491629-63491824	1	1	0	0	distal	.	.
chr17:63522835-63523369	1	1	0	0	proximal	KCNH6	.
chr17:63741470-63742265	1	1	0	0	proximal	STRADA	.
chr17:63773405-63774229	1	1	0	0	proximal	DDX42	.
chr17:63827583-63827733	3	1	0	0	proximal	PSMC5	.
chr17:63834719-63835249	3	1	0	0	distal	.	.
chr17:63842600-63843248	3	1	0	0	proximal	SMARCD2	.
chr17:63849068-63849422	2	1	0	0	distal	.	.
chr17:63919383-63919561	1	1	0	0	proximal	GH1	.
chr17:63946603-63946776	1	1	0	0	distal	.	.
chr17:63946865-63947018	2	1	0	0	distal	.	.
chr17:64037273-64037423	1	1	0	0	distal	.	.
chr17:64084061-64084224	1	1	0	0	distal	.	.
chr17:64101240-64101553	2	1	0	0	distal	.	.
chr17:64129878-64130379	3	1	0	0	proximal	ENSG00000289957,ERN1	.
chr17:64230338-64230497	1	1	0	0	distal	.	.
chr17:64385256-64385637	2	1	0	0	distal	.	.
chr17:6444131-6444471	1	1	0	0	proximal	PIMREG	.
chr17:64457846-64458189	1	1	0	0	distal	.	.
chr17:64496803-64497571	1	1	0	0	proximal	POLG2	.
chr17:64520448-64520598	1	1	0	0	distal	.	.
chr17:64641590-64641840	1	1	0	0	distal	.	.
chr17:64661892-64662510	2	1	0	0	proximal	SMURF2	.
chr17:64837057-64837446	1	1	0	0	proximal	ENSG00000291117	.
chr17:64975161-64976205	1	1	0	0	proximal	AMZ2P1	.
chr17:65006854-65007004	1	1	0	0	distal	.	.
chr17:65056558-65057023	1	1	0	0	proximal	GNA13	.
chr17:65100664-65101256	1	1	0	0	proximal	RGS9	.
chr17:65479736-65479929	1	1	0	0	distal	.	.
chr17:65556506-65556656	1	1	0	0	distal	.	.
chr17:67349018-67349317	2	1	0	0	distal	.	.
chr17:67529213-67529363	2	1	0	0	distal	.	.
chr17:67717573-67718002	2	1	0	0	proximal	NOL11	.
chr17:67994000-67994333	1	1	0	0	distal	.	.
chr17:68101293-68102014	2	1	0	0	proximal	ENSG00000265055,ENSG00000291214	.
chr17:68205343-68205737	2	1	0	0	proximal	AMZ2,ENSG00000290793	.
chr17:68292143-68292293	1	1	0	0	proximal	SLC16A6	.
chr17:69326613-69326883	1	1	0	0	proximal	ABCA5	.
chr17:69712659-69712969	1	1	0	0	distal	.	.
chr17:7014554-7015011	1	1	0	0	proximal	C17orf49	.
chr17:7023693-7024041	2	1	0	0	proximal	BCL6B	.
chr17:7035752-7036039	2	2	1	1	proximal	SLC16A13	.
chr17:71032665-71033140	1	1	0	0	distal	.	.
chr17:71033219-71033369	1	1	0	0	distal	.	.
chr17:7191590-7191866	1	1	0	0	distal	.	.
chr17:7219724-7219931	1	1	0	0	proximal	DLG4	.
chr17:7234211-7234386	1	1	0	0	proximal	DVL2	.
chr17:7234497-7234712	1	1	0	0	proximal	DVL2	.
chr17:7237792-7237993	1	1	0	0	distal	.	.
chr17:7239383-7239880	2	1	0	0	proximal	PHF23	.
chr17:72592347-72593082	1	1	0	0	distal	.	.
chr17:7280907-7281082	3	1	0	0	proximal	SLC2A4	.
chr17:7281474-7281715	3	1	0	0	proximal	SLC2A4	.
chr17:7296472-7296622	1	1	0	0	distal	.	.
chr17:72986160-72986386	2	1	0	0	distal	.	.
chr17:73037965-73038213	1	1	0	0	distal	.	.
chr17:7307088-7307682	3	2	0	0	proximal	EIF5A	.
chr17:73092219-73092905	1	1	0	0	proximal	SLC39A11	.
chr17:732067-732277	1	1	0	0	proximal	TLCD3A	.
chr17:7329250-7329762	2	1	0	0	proximal	NEURL4	.
chr17:73311943-73312284	1	1	0	0	proximal	CDC42EP4	.
chr17:73429544-73429705	1	1	0	0	distal	.	.
chr17:7350200-7350452	1	1	0	0	distal	.	.
chr17:73841682-73841951	1	1	0	0	distal	.	.
chr17:7394283-7394924	1	1	0	0	proximal	PLSCR3	.
chr17:73980466-73980616	1	1	0	0	distal	.	.
chr17:7403847-7404713	2	1	0	0	proximal	NLGN2,TMEM256,TMEM256-PLSCR3	.
chr17:74203251-74203610	1	1	0	0	proximal	RPL38	.
chr17:74260720-74260950	1	1	0	0	distal	.	.
chr17:74365955-74366111	1	1	0	0	distal	.	.
chr17:7436654-7436804	1	1	0	0	proximal	ENSG00000262624	.
chr17:74410295-74410451	1	1	0	0	distal	.	.
chr17:7445400-7445646	1	1	0	0	proximal	CHRNB1	.
chr17:74454063-74454512	1	1	0	0	distal	.	.
chr17:74514417-74514837	1	1	0	0	distal	.	.
chr17:7455552-7455981	1	1	0	0	distal	.	.
chr17:74622891-74623099	1	1	0	0	proximal	CD300E	.
chr17:74681549-74681699	1	1	0	0	distal	.	.
chr17:74748378-74748720	1	1	0	0	proximal	SLC9A3R1,SLC9A3R1-AS1	.
chr17:74748933-74749143	1	1	0	0	proximal	SLC9A3R1,SLC9A3R1-AS1	.
chr17:74776049-74776506	1	1	0	0	proximal	NAT9,TMEM104	.
chr17:7484152-7484522	1	1	0	0	proximal	POLR2A,ZBTB4	.
chr17:7484606-7484953	2	1	0	0	proximal	POLR2A,ZBTB4	.
chr17:74862274-74862457	1	1	0	0	proximal	GRIN2C	.
chr17:74872506-74872820	1	1	0	0	proximal	FDXR	.
chr17:74872916-74873748	1	1	0	0	proximal	FDXR	.
chr17:74972147-74972916	3	1	0	0	proximal	HID1	.
chr17:74981958-74982220	1	1	0	0	distal	.	.
chr17:74982286-74982660	2	1	0	0	distal	.	.
chr17:74987493-74987876	1	1	0	0	proximal	CDR2L	.
chr17:74999684-74999872	2	1	0	0	distal	.	.
chr17:75012416-75013050	3	2	0	0	proximal	MRPL58	.
chr17:75034377-75034653	3	2	0	0	distal	.	.
chr17:75034901-75035769	5	2	0	0	distal	.	.
chr17:75046634-75047360	2	2	1	1	proximal	ATP5PD	.
chr17:75105485-75105777	1	1	0	0	distal	.	.
chr17:75105881-75106055	1	1	0	0	distal	.	.
chr17:75109836-75110013	1	1	0	0	proximal	ARMC7	.
chr17:75113934-75114318	1	1	0	0	distal	.	.
chr17:75130795-75130945	1	1	0	0	proximal	NT5C	.
chr17:75131049-75131281	2	1	0	0	proximal	NT5C	.
chr17:75131391-75131611	1	1	0	0	proximal	NT5C	.
chr17:75131671-75131984	6	3	1	1	proximal	NT5C	.
chr17:75154216-75154862	1	1	0	0	distal	.	.
chr17:75172151-75172553	1	1	0	0	distal	.	.
chr17:75182540-75183343	1	1	0	0	proximal	SUMO2	.
chr17:75205261-75205788	2	2	0	0	proximal	NUP85	.
chr17:75240412-75240564	1	1	0	0	distal	.	.
chr17:75240622-75240918	1	1	0	0	distal	.	.
chr17:75261291-75261761	4	3	1	1	proximal	GGA3,MRPS7	.
chr17:75261829-75262414	1	1	0	0	proximal	GGA3,MRPS7	.
chr17:75270464-75271375	1	1	0	0	proximal	MIF4GD,MIF4GD-DT	.
chr17:75288921-75289824	4	1	0	0	proximal	SLC25A19	.
chr17:75309519-75309761	3	1	0	0	distal	.	.
chr17:75352222-75352374	1	1	0	0	distal	.	.
chr17:75368174-75368741	1	1	0	0	distal	.	.
chr17:75393558-75394344	1	1	0	0	proximal	ENSG00000265342	.
chr17:75405486-75405966	1	1	0	0	proximal	GRB2	.
chr17:75456383-75456744	4	1	0	0	distal	.	.
chr17:75469013-75469216	1	1	0	0	distal	.	.
chr17:75515471-75516035	3	1	0	0	proximal	CASKIN2,TSEN54	.
chr17:75524960-75525130	4	2	1	1	proximal	LLGL2	.
chr17:75549465-75549615	2	1	0	0	distal	.	.
chr17:75589079-75589776	3	1	0	0	distal	.	.
chr17:75596832-75597031	3	2	1	1	distal	.	.
chr17:7560484-7560678	1	1	0	0	distal	.	.
chr17:75614159-75614309	1	1	0	0	distal	.	.
chr17:7561705-7561999	1	1	0	0	proximal	SENP3	.
chr17:75625881-75626171	2	2	0	0	distal	.	.
chr17:75633771-75634217	4	2	0	0	proximal	SMIM5	.
chr17:75640828-75640999	3	2	0	0	distal	.	.
chr17:75666981-75667424	2	1	0	0	proximal	RECQL5,SAP30BP	.
chr17:75675378-75675528	3	2	0	0	distal	.	.
chr17:7572329-7572830	2	2	0	0	proximal	EIF4A1,ENSG00000264772	.
chr17:75723420-75723587	2	2	0	0	distal	.	.
chr17:7573704-7573946	2	1	0	0	proximal	ENSG00000264772	.
chr17:75747931-75748148	1	1	0	0	distal	.	.
chr17:75749950-75750149	2	1	0	0	distal	.	.
chr17:75764626-75764816	7	3	1	1	proximal	GALK1	.
chr17:75779011-75779401	1	1	0	0	distal	.	.
chr17:75779658-75780119	4	3	1	1	distal	.	.
chr17:7583566-7583899	1	1	0	0	proximal	ENSG00000233223,MPDU1	.
chr17:7584014-7584166	2	1	0	0	proximal	ENSG00000233223,MPDU1	.
chr17:75845279-75845474	2	1	0	0	proximal	UNC13D	.
chr17:75861402-75861620	2	1	0	0	distal	.	.
chr17:75904791-75905525	2	2	0	0	proximal	MRPL38	.
chr17:75940765-75941336	3	1	0	0	proximal	FBF1	.
chr17:76005756-76005907	1	1	0	0	distal	.	.
chr17:76014001-76014151	1	1	0	0	distal	.	.
chr17:76072424-76072789	2	1	0	0	proximal	SRP68,ZACN	.
chr17:76072903-76073073	1	1	0	0	proximal	SRP68	.
chr17:76080110-76080416	2	2	0	0	distal	.	.
chr17:76103462-76104307	2	2	0	0	distal	.	.
chr17:76121230-76121683	1	1	0	0	proximal	EXOC7	.
chr17:76240359-76240647	1	1	0	0	proximal	RNF157	.
chr17:76240773-76241110	1	1	0	0	proximal	RNF157	.
chr17:76264882-76265346	2	1	0	0	proximal	UBALD2	.
chr17:7627745-7628004	3	2	1	1	proximal	SAT2	.
chr17:76279508-76279807	2	1	0	0	distal	.	.
chr17:76296351-76296515	1	1	0	0	distal	.	.
chr17:76297507-76297766	2	1	0	0	distal	.	.
chr17:76343228-76343378	1	1	0	0	distal	.	.
chr17:76354149-76354309	2	1	0	0	distal	.	.
chr17:76398068-76398257	1	1	0	0	distal	.	.
chr17:76452272-76452784	1	1	0	0	proximal	AANAT,UBE2O	.
chr17:76453084-76453536	2	2	0	0	proximal	AANAT,UBE2O	.
chr17:76535866-76536064	1	1	0	0	distal	.	.
chr17:76540376-76540531	1	1	0	0	distal	.	.
chr17:76585832-76586393	1	1	0	0	proximal	ST6GALNAC2	.
chr17:76658596-76658791	1	1	0	0	distal	.	.
chr17:76671459-76671995	1	1	0	0	proximal	ENSG00000261335	.
chr17:76681418-76681625	1	1	0	0	distal	.	.
chr17:76709035-76709402	1	1	0	0	proximal	ENSG00000277382	.
chr17:76726085-76727265	1	1	0	0	proximal	JMJD6,METTL23	.
chr17:76791434-76791619	1	1	0	0	distal	.	.
chr17:7686320-7686470	5	2	1	1	proximal	WRAP53	.
chr17:7686587-7686737	3	2	1	1	proximal	TP53,WRAP53	.
chr17:7688080-7688521	2	1	0	0	proximal	TP53	.
chr17:76969521-76969741	2	1	0	0	proximal	ENSG00000267568	.
chr17:7704883-7705489	1	1	0	0	proximal	EFNB3	.
chr17:77088534-77088978	1	1	0	0	proximal	SEC14L1	.
chr17:77148524-77148742	1	1	0	0	distal	.	.
chr17:7717019-7718033	1	1	0	0	proximal	DNAH2	.
chr17:77331305-77331699	1	1	0	0	distal	.	.
chr17:77372742-77373301	1	1	0	0	distal	.	.
chr17:77419456-77419620	1	1	0	0	distal	.	.
chr17:77471208-77471372	1	1	0	0	distal	.	.
chr17:77488926-77489076	1	1	0	0	distal	.	.
chr17:77528680-77528844	1	1	0	0	distal	.	.
chr17:78112685-78112840	1	1	0	0	distal	.	.
chr17:78128770-78128927	1	1	0	0	distal	.	.
chr17:78140295-78140848	1	1	0	0	distal	.	.
chr17:78168348-78168633	1	1	0	0	proximal	SYNGR2	.
chr17:78197346-78197496	1	1	0	0	distal	.	.
chr17:78213925-78214296	2	1	0	0	proximal	BIRC5	.
chr17:78214653-78214886	1	1	0	0	proximal	BIRC5	.
chr17:78238488-78238673	1	1	0	0	distal	.	.
chr17:78266774-78266924	1	1	0	0	distal	.	.
chr17:78289845-78290045	1	1	0	0	distal	.	.
chr17:78314121-78314509	1	1	0	0	distal	.	.
chr17:7833828-7834020	1	1	0	0	proximal	KDM6B	.
chr17:78353150-78353496	3	1	0	0	distal	.	.
chr17:7835442-7835941	1	1	0	0	proximal	ENSG00000288748,ENSG00000288929	.
chr17:78360199-78360459	1	1	0	0	proximal	SOCS3,SOCS3-DT	.
chr17:78377891-78378175	1	1	0	0	proximal	PGS1	.
chr17:78378527-78378677	2	1	0	0	proximal	PGS1	.
chr17:7844748-7845023	1	1	0	0	distal	.	.
chr17:78493614-78493806	1	1	0	0	distal	.	.
chr17:7851735-7852106	3	1	0	0	distal	.	.
chr17:7857100-7857783	4	1	0	0	proximal	CYB5D1	.
chr17:7857901-7858077	3	1	0	0	proximal	CYB5D1	.
chr17:78646700-78646850	1	1	0	0	proximal	ENSG00000289922	.
chr17:78708414-78708752	1	1	0	0	distal	.	.
chr17:78736754-78737041	2	1	0	0	distal	.	.
chr17:78782266-78782991	2	1	0	0	proximal	CYTH1	.
chr17:78828606-78828756	1	1	0	0	distal	.	.
chr17:78840658-78841166	1	1	0	0	proximal	USP36	.
chr17:78841353-78841575	1	1	0	0	proximal	USP36	.
chr17:78865859-78866009	2	1	0	0	distal	.	.
chr17:7887490-7887837	1	1	0	0	distal	.	.
chr17:78993292-78993514	2	1	0	0	distal	.	.
chr17:79009668-79009925	1	1	0	0	proximal	CANT1	.
chr17:79045781-79046150	1	1	0	0	distal	.	.
chr17:79114538-79114742	2	1	0	0	distal	.	.
chr17:79120311-79120461	1	1	0	0	distal	.	.
chr17:7915600-7916080	4	2	1	1	proximal	RNF227	.
chr17:7931920-7932346	5	2	1	1	proximal	CNTROB,TRAPPC1	.
chr17:79401014-79401342	1	1	0	0	distal	.	.
chr17:7968479-7968649	2	1	0	0	distal	.	.
chr17:79777851-79778374	1	1	0	0	proximal	CBX2	.
chr17:79803616-79803766	1	1	0	0	distal	.	.
chr17:79810613-79810763	1	1	0	0	distal	.	.
chr17:79839410-79840001	1	1	0	0	proximal	CBX4	.
chr17:79844834-79844984	1	1	0	0	distal	.	.
chr17:7988796-7988972	1	1	0	0	distal	.	.
chr17:7990006-7990156	2	1	0	0	distal	.	.
chr17:7990253-7990477	1	1	0	0	distal	.	.
chr17:79970590-79970792	1	1	0	0	distal	.	.
chr17:7997161-7997386	1	1	0	0	distal	.	.
chr17:80008501-80008690	1	1	0	0	distal	.	.
chr17:80035800-80036340	1	1	0	0	proximal	CCDC40,TBC1D16	.
chr17:80082732-80082933	2	1	0	0	distal	.	.
chr17:80101416-80101594	2	1	0	0	proximal	GAA	.
chr17:80147068-80147452	1	1	0	0	proximal	EIF4A3	.
chr17:80147673-80147884	1	1	0	0	proximal	EIF4A3	.
chr17:8016616-8016934	2	2	1	1	distal	.	.
chr17:80192448-80192686	1	1	0	0	distal	.	.
chr17:80340458-80340738	1	1	0	0	distal	.	.
chr17:80367723-80367873	1	1	0	0	distal	.	.
chr17:80384315-80384674	1	1	0	0	distal	.	.
chr17:80474653-80474937	2	1	0	0	proximal	ENSG00000290024	.
chr17:80544751-80545206	3	1	0	0	proximal	ENSG00000289764,RPTOR	.
chr17:80647878-80648028	1	1	0	0	distal	.	.
chr17:80663959-80664117	1	1	0	0	distal	.	.
chr17:8073745-8073946	2	1	0	0	distal	.	.
chr17:80769005-80769155	1	1	0	0	distal	.	.
chr17:80774529-80774714	3	1	0	0	distal	.	.
chr17:80780029-80780391	2	1	0	0	distal	.	.
chr17:80825170-80825320	3	1	0	0	distal	.	.
chr17:81034829-81035188	2	1	0	0	proximal	BAIAP2,BAIAP2-DT	.
chr17:81101840-81102140	2	1	0	0	distal	.	.
chr17:81222974-81223544	2	1	0	0	proximal	CEP131	.
chr17:81238916-81239628	1	1	0	0	proximal	NDUFAF8,TEPSIN	.
chr17:81253424-81253598	1	1	0	0	distal	.	.
chr17:81345635-81345894	1	1	0	0	proximal	RENO1	.
chr17:81346001-81346553	3	1	0	0	proximal	RENO1	.
chr17:81357772-81358146	1	1	0	0	distal	.	.
chr17:81379559-81379750	2	1	0	0	distal	.	.
chr17:8138658-8139194	1	1	0	0	distal	.	.
chr17:81393937-81394267	1	1	0	0	distal	.	.
chr17:81484643-81484825	2	2	0	0	distal	.	.
chr17:81487582-81488083	2	1	0	0	distal	.	.
chr17:81512662-81512895	2	1	0	0	distal	.	.
chr17:8151273-8151587	2	1	0	0	distal	.	.
chr17:8152413-8152615	1	1	0	0	distal	.	.
chr17:81552331-81552707	2	1	0	0	distal	.	.
chr17:81553122-81553340	1	1	0	0	proximal	FAAP100	.
chr17:81566811-81566961	1	1	0	0	distal	.	.
chr17:81588328-81588478	2	1	0	0	distal	.	.
chr17:8162739-8163013	1	1	0	0	proximal	ENSG00000263620,VAMP2	.
chr17:81637042-81637331	1	1	0	0	proximal	TSPAN10	.
chr17:81644726-81644876	2	1	0	0	distal	.	.
chr17:81666510-81667242	1	1	0	0	proximal	CCDC137,OXLD1	.
chr17:81675963-81676355	1	1	0	0	distal	.	.
chr17:81683514-81684100	1	1	0	0	proximal	ARL16,HGS	.
chr17:81703238-81703499	1	1	0	0	proximal	ENSG00000262049,ENSG00000262660,MRPL12	.
chr17:81733786-81733990	2	1	0	0	distal	.	.
chr17:81740932-81741244	1	1	0	0	distal	.	.
chr17:81793386-81793596	1	1	0	0	distal	.	.
chr17:81806201-81806351	1	1	0	0	distal	.	.
chr17:81833013-81833442	2	2	0	0	proximal	MCRIP1	.
chr17:81843272-81843428	5	2	0	0	proximal	ENSG00000262831	.
chr17:81860236-81861556	1	1	0	0	proximal	P4HB	.
chr17:8186267-8186417	1	1	0	0	distal	.	.
chr17:8186764-8187341	2	1	0	0	distal	.	.
chr17:81871273-81871496	2	2	0	0	proximal	ARHGDIA	.
chr17:81891561-81892108	1	1	0	0	proximal	ALYREF	.
chr17:8190104-8190409	3	2	1	1	proximal	BORCS6	.
chr17:81911290-81911696	2	1	0	0	proximal	PCYT2	.
chr17:81918042-81918219	1	1	0	0	distal	.	.
chr17:81926325-81926694	2	1	0	0	distal	.	.
chr17:81937285-81937568	2	1	0	0	distal	.	.
chr17:81977109-81977634	2	1	0	0	proximal	ASPSCR1	.
chr17:81977733-81978134	1	1	0	0	distal	.	.
chr17:82020028-82020205	2	2	0	0	distal	.	.
chr17:82022793-82023543	1	1	0	0	proximal	CENPX,LRRC45	.
chr17:82030491-82030728	2	1	0	0	distal	.	.
chr17:82037301-82037929	2	1	0	0	proximal	DCXR,DCXR-DT	.
chr17:82050794-82050956	2	1	0	0	proximal	GPS1,RFNG	.
chr17:82065745-82065914	4	1	0	0	proximal	DUS1L	.
chr17:82079139-82079289	3	2	0	0	distal	.	.
chr17:82098094-82098599	1	1	0	0	proximal	FASN	.
chr17:8210331-8210815	1	1	0	0	proximal	AURKB	.
chr17:82153959-82154252	2	1	0	0	proximal	ENSG00000265678	.
chr17:82205766-82206214	2	1	0	0	distal	.	.
chr17:8222129-8222445	3	1	0	0	distal	.	.
chr17:82273392-82273542	1	1	0	0	proximal	CSNK1D,ENSG00000287737	.
chr17:82273605-82273833	2	1	0	0	proximal	CSNK1D,ENSG00000287737	.
chr17:82287972-82288392	2	1	0	0	distal	.	.
chr17:82292514-82293387	2	1	0	0	proximal	ENSG00000260563,LINC01970	.
chr17:82336500-82336726	4	2	0	0	distal	.	.
chr17:82351858-82352070	1	1	0	0	distal	.	.
chr17:82359710-82360125	1	1	0	0	proximal	TEX19	.
chr17:82367784-82368307	2	2	0	0	distal	.	.
chr17:82417881-82418703	4	2	0	0	proximal	HEXD,OGFOD3	.
chr17:82441431-82441581	2	1	0	0	distal	.	.
chr17:82450435-82450585	1	1	0	0	proximal	CYBC1,ENSG00000287193	.
chr17:82450677-82450979	3	1	0	0	proximal	CYBC1,ENSG00000287193	.
chr17:82458035-82458813	2	2	0	0	proximal	NARF,NARF-AS2	.
chr17:8248294-8248597	1	1	0	0	proximal	CTC1,PFAS	.
chr17:8249162-8249315	1	1	0	0	distal	.	.
chr17:82497173-82497703	2	2	0	0	distal	.	.
chr17:82519504-82519866	1	1	0	0	proximal	FOXK2	.
chr17:82544749-82544934	1	1	0	0	distal	.	.
chr17:82579760-82580141	1	1	0	0	distal	.	.
chr17:82586189-82586519	3	2	0	0	distal	.	.
chr17:82648431-82648947	1	1	0	0	proximal	WDR45B	.
chr17:82672091-82672391	1	1	0	0	distal	.	.
chr17:82698607-82699256	3	1	0	0	proximal	ENSG00000289945,RAB40B	.
chr17:82742155-82742364	1	1	0	0	distal	.	.
chr17:82751583-82752115	3	2	0	0	proximal	TBCD	.
chr17:82822536-82822686	1	1	0	0	distal	.	.
chr17:82863702-82863852	1	1	0	0	distal	.	.
chr17:83026724-83026911	2	1	0	0	distal	.	.
chr17:83082129-83082279	1	1	0	0	distal	.	.
chr17:83205565-83205950	1	1	0	0	distal	.	.
chr17:8376276-8376512	1	1	0	0	proximal	KRBA2	.
chr17:8376628-8376872	2	2	1	1	proximal	KRBA2	.
chr17:8383174-8384062	1	1	0	0	proximal	ENSG00000263809,ENSG00000288750,RPL26	.
chr17:8435619-8436121	1	1	0	0	distal	.	.
chr17:8630570-8631531	1	1	0	0	proximal	MYH10	.
chr17:8912905-8913055	1	1	0	0	distal	.	.
chr17:958766-958970	1	1	0	0	distal	.	.
chr18:10072136-10072407	2	1	0	0	distal	.	.
chr18:10084-10234	1	1	0	0	proximal	LINC02564	.
chr18:10525839-10526338	1	1	0	0	proximal	NAPG	.
chr18:108006-108611	1	1	0	0	proximal	ROCK1P1	.
chr18:110211-110830	1	1	0	0	distal	.	.
chr18:196811-197012	1	1	0	0	distal	.	.
chr18:21576691-21576910	1	1	0	0	distal	.	.
chr18:21599144-21599319	1	1	0	0	distal	.	.
chr18:22169023-22169808	1	1	0	0	proximal	GATA6,GATA6-AS1	.
chr18:22223723-22224010	1	1	0	0	distal	.	.
chr18:22324208-22324589	1	1	0	0	distal	.	.
chr18:22324812-22325136	2	1	0	0	distal	.	.
chr18:22418890-22419074	1	1	0	0	distal	.	.
chr18:22558911-22559472	1	1	0	0	distal	.	.
chr18:22933081-22934110	1	1	0	0	proximal	ENSG00000265943	.
chr18:23218359-23218685	1	1	0	0	distal	.	.
chr18:23354609-23354759	1	1	0	0	distal	.	.
chr18:23437266-23437811	2	1	0	0	proximal	TMEM241	.
chr18:23437904-23438054	2	1	0	0	proximal	TMEM241	.
chr18:23552293-23552504	1	1	0	0	distal	.	.
chr18:23570808-23570958	1	1	0	0	distal	.	.
chr18:23585525-23585807	1	1	0	0	proximal	NPC1	.
chr18:23662219-23662908	3	1	0	0	proximal	ANKRD29	.
chr18:23727726-23727876	1	1	0	0	distal	.	.
chr18:240075-240235	1	1	0	0	distal	.	.
chr18:24014570-24015245	1	1	0	0	proximal	TTC39C-AS1	.
chr18:24076226-24076778	1	1	0	0	distal	.	.
chr18:24138883-24139137	1	1	0	0	proximal	CABYR	.
chr18:24181644-24181794	1	1	0	0	distal	.	.
chr18:24255792-24255942	2	1	0	0	distal	.	.
chr18:24397153-24398096	2	1	0	0	proximal	OSBPL1A	.
chr18:24426283-24427050	2	1	0	0	proximal	IMPACT	.
chr18:24763947-24764106	1	1	0	0	distal	.	.
chr18:24831895-24832067	1	1	0	0	distal	.	.
chr18:24992928-24993078	1	1	0	0	distal	.	.
chr18:25269355-25269505	1	1	0	0	distal	.	.
chr18:25352018-25352412	1	1	0	0	proximal	ZNF521	.
chr18:25734206-25734361	1	1	0	0	distal	.	.
chr18:25743736-25743912	1	1	0	0	distal	.	.
chr18:25946985-25947135	1	1	0	0	distal	.	.
chr18:26202451-26202601	1	1	0	0	distal	.	.
chr18:26226225-26226511	1	1	0	0	proximal	TAF4B	.
chr18:26226595-26226844	2	1	0	0	proximal	TAF4B	.
chr18:26488534-26488696	1	1	0	0	distal	.	.
chr18:26511252-26511402	1	1	0	0	distal	.	.
chr18:26656812-26657292	2	1	0	0	proximal	KCTD1	.
chr18:267471-267833	1	1	0	0	proximal	THOC1,THOC1-DT	.
chr18:268394-268544	1	1	0	0	proximal	THOC1,THOC1-DT	.
chr18:26981451-26981679	1	1	0	0	distal	.	.
chr18:28176716-28177465	1	1	0	0	proximal	CDH2	.
chr18:28229892-28230230	1	1	0	0	distal	.	.
chr18:28349786-28349936	1	1	0	0	distal	.	.
chr18:28384697-28384847	1	1	0	0	distal	.	.
chr18:3012707-3013633	1	1	0	0	proximal	LPIN2	.
chr18:31206799-31207376	1	1	0	0	distal	.	.
chr18:31658181-31659108	1	1	0	0	distal	.	.
chr18:31684559-31685676	1	1	0	0	proximal	B4GALT6,ENSG00000259985	.
chr18:31700357-31700544	1	1	0	0	distal	.	.
chr18:31722458-31722636	1	1	0	0	distal	.	.
chr18:31888100-31888322	1	1	0	0	distal	.	.
chr18:31942793-31943548	1	1	0	0	proximal	ENSG00000263823	.
chr18:31943627-31943865	1	1	0	0	distal	.	.
chr18:32093230-32093380	1	1	0	0	distal	.	.
chr18:32120879-32121283	1	1	0	0	distal	.	.
chr18:32158102-32158565	1	1	0	0	distal	.	.
chr18:32416380-32416592	1	1	0	0	distal	.	.
chr18:32459297-32459447	1	1	0	0	distal	.	.
chr18:3246136-3246385	1	1	0	0	distal	.	.
chr18:32470696-32471618	1	1	0	0	proximal	ENSG00000285095,GAREM1	.
chr18:32552581-32552953	1	1	0	0	distal	.	.
chr18:32576692-32576960	1	1	0	0	distal	.	.
chr18:32655711-32655992	1	1	0	0	distal	.	.
chr18:32919924-32920092	1	1	0	0	distal	.	.
chr18:32944028-32944256	1	1	0	0	distal	.	.
chr18:32991587-32991871	1	1	0	0	distal	.	.
chr18:33265391-33265759	1	1	0	0	distal	.	.
chr18:33494351-33494550	1	1	0	0	distal	.	.
chr18:33570225-33570375	1	1	0	0	distal	.	.
chr18:33577718-33578440	1	1	0	0	proximal	ASXL3,ASXL3-DT	.
chr18:33578740-33579372	1	1	0	0	proximal	ASXL3,ASXL3-DT	.
chr18:33593221-33593419	1	1	0	0	distal	.	.
chr18:33938772-33938922	1	1	0	0	distal	.	.
chr18:34359143-34359325	1	1	0	0	distal	.	.
chr18:3448113-3448433	1	1	0	0	distal	.	.
chr18:34493178-34494066	2	1	0	0	proximal	DTNA	.
chr18:34651936-34652286	1	1	0	0	distal	.	.
chr18:35240428-35241346	1	1	0	0	proximal	ZNF397	.
chr18:35290068-35290651	1	1	0	0	proximal	ENSG00000268573,ZSCAN30	.
chr18:35343683-35343833	1	1	0	0	distal	.	.
chr18:35497255-35497451	1	1	0	0	proximal	ENSG00000267140,ENSG00000289891,INO80C	.
chr18:35497551-35498114	1	1	0	0	proximal	ENSG00000267140,ENSG00000289891,INO80C	.
chr18:35526825-35526975	2	1	0	0	distal	.	.
chr18:35628221-35628371	1	1	0	0	distal	.	.
chr18:35690232-35690401	1	1	0	0	distal	.	.
chr18:35730847-35731052	1	1	0	0	distal	.	.
chr18:35774681-35774883	1	1	0	0	distal	.	.
chr18:35844927-35845208	1	1	0	0	distal	.	.
chr18:35926625-35926831	1	1	0	0	distal	.	.
chr18:35949902-35950424	1	1	0	0	distal	.	.
chr18:35950506-35950672	1	1	0	0	distal	.	.
chr18:3602950-3603298	1	1	0	0	proximal	DLGAP1-AS2	.
chr18:36067206-36067774	1	1	0	0	proximal	RPRD1A	.
chr18:36129225-36130016	1	1	0	0	proximal	ELP2,ENSG00000288917,SLC39A6	.
chr18:36186750-36186945	2	1	0	0	proximal	COSMOC,MOCOS	.
chr18:36187290-36187919	1	1	0	0	proximal	COSMOC,MOCOS	.
chr18:36195460-36195658	1	1	0	0	distal	.	.
chr18:36296690-36296933	1	1	0	0	proximal	FHOD3	.
chr18:36297552-36298424	2	1	0	0	proximal	FHOD3	.
chr18:36400920-36401095	1	1	0	0	distal	.	.
chr18:36440463-36440747	1	1	0	0	distal	.	.
chr18:36462574-36462753	1	1	0	0	distal	.	.
chr18:36511849-36512389	1	1	0	0	distal	.	.
chr18:36973191-36973341	1	1	0	0	distal	.	.
chr18:37167717-37167892	1	1	0	0	distal	.	.
chr18:37270144-37270367	2	1	0	0	distal	.	.
chr18:37880054-37880280	1	1	0	0	distal	.	.
chr18:39707981-39708156	1	1	0	0	distal	.	.
chr18:39902110-39902260	1	1	0	0	distal	.	.
chr18:454266-454423	1	1	0	0	distal	.	.
chr18:45966998-45967721	1	1	0	0	proximal	EPG5	.
chr18:45998463-45998613	1	1	0	0	distal	.	.
chr18:47149881-47150268	1	1	0	0	proximal	HDHD2	.
chr18:47697119-47697269	1	1	0	0	distal	.	.
chr18:47791525-47791730	1	1	0	0	distal	.	.
chr18:47799574-47799724	1	1	0	0	distal	.	.
chr18:48116848-48116998	1	1	0	0	distal	.	.
chr18:48121887-48122037	1	1	0	0	distal	.	.
chr18:48409972-48410648	1	1	0	0	proximal	ZBTB7C	.
chr18:48538817-48539304	1	1	0	0	proximal	CTIF	.
chr18:48846796-48846946	1	1	0	0	distal	.	.
chr18:48951765-48951958	1	1	0	0	proximal	SMAD7	.
chr18:49486927-49487571	1	1	0	0	proximal	C18orf32,ENSG00000265496	.
chr18:49842109-49842285	1	1	0	0	distal	.	.
chr18:505500-505652	1	1	0	0	distal	.	.
chr18:57558025-57558175	1	1	0	0	distal	.	.
chr18:57793365-57793579	1	1	0	0	distal	.	.
chr18:58629133-58629292	1	1	0	0	proximal	ALPK2	.
chr18:58629414-58629957	1	1	0	0	proximal	ALPK2	.
chr18:59681432-59681736	1	1	0	0	distal	.	.
chr18:60075704-60075854	1	1	0	0	distal	.	.
chr18:62186740-62187299	1	1	0	0	proximal	PIGN,RELCH	.
chr18:62522801-62523368	1	1	0	0	proximal	ZCCHC2	.
chr18:62612238-62612449	1	1	0	0	distal	.	.
chr18:62714918-62715556	2	1	0	0	proximal	PHLPP1	.
chr18:63342600-63342875	1	1	0	0	distal	.	.
chr18:657369-658114	3	1	0	0	proximal	ENSG00000263727,TYMS,TYMSOS	.
chr18:712282-712933	1	1	0	0	proximal	ENOSF1	.
chr18:76815092-76815264	1	1	0	0	distal	.	.
chr18:76984666-76985036	1	1	0	0	distal	.	.
chr18:79246624-79246867	1	1	0	0	distal	.	.
chr18:79951531-79951835	1	1	0	0	proximal	SLC66A2	.
chr18:79988801-79988961	1	1	0	0	distal	.	.
chr18:80154764-80154914	1	1	0	0	distal	.	.
chr18:839426-839615	1	1	0	0	distal	.	.
chr18:8781801-8782068	1	1	0	0	distal	.	.
chr18:9137250-9137950	1	1	0	0	proximal	NDUFV2-AS1	.
chr18:9475149-9475540	1	1	0	0	proximal	RALBP1	.
chr18:9481126-9481276	2	1	0	0	distal	.	.
chr18:9708140-9708625	1	1	0	0	proximal	RAB31	.
chr18:9914354-9914853	1	1	0	0	proximal	VAPA	.
chr19:10096052-10096531	4	3	1	1	distal	.	.
chr19:10106101-10106448	4	2	0	0	proximal	PPAN,PPAN-P2RY11	.
chr19:10119644-10120123	2	1	0	0	proximal	EIF3G	.
chr19:10174696-10174846	1	1	0	0	distal	.	.
chr19:10194414-10195208	4	3	1	1	distal	.	.
chr19:1019960-1020113	2	2	1	1	distal	.	.
chr19:1021443-1021855	3	2	0	0	proximal	TMEM259	.
chr19:10231217-10231454	2	2	0	0	proximal	DNMT1,S1PR2	.
chr19:10236211-10236361	4	2	0	0	distal	.	.
chr19:10250177-10250328	2	1	0	0	distal	.	.
chr19:10251719-10252462	2	2	0	0	proximal	MRPL4	.
chr19:10259005-10259469	3	2	0	0	proximal	ENSG00000267105	.
chr19:1026463-1026692	1	1	0	0	proximal	CNN2	.
chr19:10269519-10269714	1	1	0	0	distal	.	.
chr19:10315946-10316112	3	3	1	1	proximal	ENSG00000167807,FDX2	.
chr19:10332794-10333760	1	1	0	0	proximal	ENSG00000274425,RAVER1	.
chr19:10334961-10335131	2	1	0	0	distal	.	.
chr19:10380267-10381239	2	1	0	0	proximal	TYK2	.
chr19:1039816-1040137	2	2	0	0	proximal	ABCA7	.
chr19:10403458-10404133	1	1	0	0	distal	.	.
chr19:10404231-10404436	4	2	0	0	distal	.	.
chr19:10420135-10420526	2	2	0	0	proximal	CDC37	.
chr19:10424128-10424278	1	1	0	0	distal	.	.
chr19:1044526-1044676	6	2	1	1	distal	.	.
chr19:1044826-1045628	4	2	1	1	distal	.	.
chr19:10472023-10472183	2	2	0	0	distal	.	.
chr19:10483568-10483860	1	1	0	0	distal	.	.
chr19:10502567-10502962	1	1	0	0	proximal	KEAP1	.
chr19:10517856-10518096	1	1	0	0	proximal	S1PR5	.
chr19:10541491-10541641	2	2	0	0	distal	.	.
chr19:10543623-10543953	1	1	0	0	proximal	ATG4D	.
chr19:10565264-10565439	2	1	0	0	proximal	KRI1	.
chr19:10569561-10569711	4	2	0	0	proximal	CDKN2D	.
chr19:10572420-10572612	1	1	0	0	distal	.	.
chr19:10581122-10581464	3	2	0	0	distal	.	.
chr19:10602293-10602918	1	1	0	0	proximal	SLC44A2	.
chr19:1062809-1063564	1	1	0	0	distal	.	.
chr19:10644728-10645063	1	1	0	0	distal	.	.
chr19:10653788-10654706	1	1	0	0	proximal	ILF3,ILF3-DT	.
chr19:10695696-10696036	2	1	0	0	distal	.	.
chr19:10701324-10701545	4	2	1	1	proximal	QTRT1	.
chr19:10701639-10702311	2	2	0	0	proximal	QTRT1	.
chr19:10738403-10739195	1	1	0	0	distal	.	.
chr19:10864462-10864665	1	1	0	0	distal	.	.
chr19:10885700-10885952	1	1	0	0	distal	.	.
chr19:10928503-10929139	1	1	0	0	proximal	TIMM29,YIPF2	.
chr19:10936675-10936964	1	1	0	0	distal	.	.
chr19:1095276-1095659	2	2	1	1	proximal	POLR2E	.
chr19:10960420-10961078	2	2	0	0	proximal	SMARCA4	.
chr19:11035789-11035939	2	1	0	0	distal	.	.
chr19:1103712-1104203	2	2	0	0	proximal	GPX4	.
chr19:1104403-1104806	1	1	0	0	proximal	GPX4	.
chr19:11089294-11089559	4	2	1	1	proximal	LDLR	.
chr19:11090101-11090627	2	1	0	0	proximal	LDLR	.
chr19:11126148-11126383	3	1	0	0	distal	.	.
chr19:11137738-11137888	1	1	0	0	distal	.	.
chr19:11139320-11139564	1	1	0	0	distal	.	.
chr19:11155720-11156271	2	2	1	1	proximal	SPC24	.
chr19:11197533-11198087	1	1	0	0	proximal	KANK2	.
chr19:11203588-11204094	2	2	1	1	proximal	ENSG00000267082	.
chr19:11225119-11225340	1	1	0	0	distal	.	.
chr19:11236837-11236987	1	1	0	0	proximal	ANGPTL8	.
chr19:11243411-11243657	4	2	0	0	distal	.	.
chr19:11262405-11262585	2	1	0	0	proximal	DOCK6	.
chr19:11339636-11339850	1	1	0	0	distal	.	.
chr19:11346226-11346864	2	1	0	0	proximal	RAB3D,TMEM205	.
chr19:11355218-11355483	1	1	0	0	proximal	PLPPR2	.
chr19:11375498-11375663	3	2	1	1	proximal	ENSG00000267277,SWSAP1	.
chr19:11381062-11381510	2	1	0	0	distal	.	.
chr19:11384271-11384439	1	1	0	0	proximal	EPOR	.
chr19:11420866-11421029	2	1	0	0	distal	.	.
chr19:11450618-11450938	2	1	0	0	distal	.	.
chr19:11482575-11482773	1	1	0	0	distal	.	.
chr19:11504965-11506219	4	1	0	0	proximal	ENSG00000267477,ZNF653	.
chr19:11528617-11529373	2	2	1	1	proximal	ECSIT	.
chr19:11558807-11559008	1	1	0	0	proximal	ELOF1,ZNF627	.
chr19:11559087-11559449	2	1	0	0	proximal	ELOF1,ZNF627	.
chr19:11597176-11597539	4	1	0	0	distal	.	.
chr19:11623489-11623836	2	1	0	0	distal	.	.
chr19:11639539-11640129	1	1	0	0	proximal	ENSG00000197332	.
chr19:11640345-11640495	1	1	0	0	proximal	ENSG00000197332	.
chr19:11657615-11657812	2	1	0	0	distal	.	.
chr19:11694924-11695399	1	1	0	0	proximal	ENSG00000289985	.
chr19:11738872-11739444	1	1	0	0	proximal	ZNF823	.
chr19:1174148-1174432	4	2	1	1	proximal	SBNO2	.
chr19:11785015-11785170	1	1	0	0	distal	.	.
chr19:11814087-11814591	2	1	0	0	proximal	ZNF440	.
chr19:11924920-11925188	2	1	0	0	proximal	ENSG00000267179,ZNF700	.
chr19:1194295-1194790	1	1	0	0	distal	.	.
chr19:11987539-11987703	1	1	0	0	proximal	ENSG00000286098,ZNF433-AS1	.
chr19:1205446-1205857	3	2	0	0	distal	.	.
chr19:12140270-12140420	2	1	0	0	proximal	ZNF20	.
chr19:12162883-12163279	2	1	0	0	proximal	ZNF136	.
chr19:12239181-12239331	2	2	1	1	distal	.	.
chr19:12294781-12295345	1	1	0	0	proximal	ZNF44	.
chr19:12365564-12365912	1	1	0	0	proximal	ZNF442	.
chr19:12400561-12401055	1	1	0	0	proximal	ENSG00000268744,ZNF799	.
chr19:1241542-1241815	3	2	0	0	proximal	ATP5F1D	.
chr19:12440362-12441245	1	1	0	0	proximal	ENSG00000268870,ZNF443	.
chr19:12441365-12441644	1	1	0	0	proximal	ENSG00000268870,ZNF443	.
chr19:12484410-12485011	3	2	0	0	proximal	ENSG00000269755	.
chr19:1248775-1249082	2	2	0	0	proximal	ENSG00000288704,MIDN	.
chr19:12551211-12551991	2	2	0	0	proximal	ENSG00000196826,LINC02926,ZNF564	.
chr19:1260844-1261122	5	2	1	1	distal	.	.
chr19:12610502-12611275	4	2	0	0	proximal	ZNF791	.
chr19:12611356-12611547	4	2	2	2	proximal	ZNF791	.
chr19:12656459-12656648	2	1	0	0	distal	.	.
chr19:12681051-12681700	2	1	0	0	proximal	DHPS,ENSG00000285589	.
chr19:1269045-1269773	1	1	0	0	proximal	CIRBP-AS1	.
chr19:12696535-12696733	1	1	0	0	proximal	FBXW9	.
chr19:12722055-12722295	3	2	1	1	distal	.	.
chr19:12722601-12722911	3	2	1	1	distal	.	.
chr19:12737449-12737608	2	1	0	0	proximal	GET3	.
chr19:1275292-1275596	1	1	0	0	proximal	FAM174C	.
chr19:1275711-1276038	4	2	1	1	proximal	FAM174C	.
chr19:12757626-12757920	2	1	0	0	distal	.	.
chr19:12760684-12760846	1	1	0	0	distal	.	.
chr19:12765986-12766477	2	2	1	1	distal	.	.
chr19:12793472-12793746	1	1	0	0	distal	.	.
chr19:12796658-12796882	1	1	0	0	proximal	ENSG00000267062	.
chr19:12806416-12806998	2	1	0	0	proximal	RNASEH2A	.
chr19:12828431-12828708	1	1	0	0	distal	.	.
chr19:12840509-12840986	1	1	0	0	distal	.	.
chr19:12847611-12847885	2	1	0	0	distal	.	.
chr19:12867559-12867786	1	1	0	0	distal	.	.
chr19:12881360-12881715	1	1	0	0	proximal	DNASE2,ENSG00000267735	.
chr19:12890747-12891217	1	1	0	0	proximal	GCDH	.
chr19:12933459-12933867	3	1	0	0	proximal	FARSA	.
chr19:12944259-12944462	2	1	0	0	proximal	ENSG00000267458	.
chr19:12965004-12965261	3	1	0	0	proximal	DAND5	.
chr19:12965332-12965855	1	1	0	0	proximal	DAND5	.
chr19:12983651-12983811	1	1	0	0	distal	.	.
chr19:13051587-13051963	1	1	0	0	distal	.	.
chr19:13061460-13061626	1	1	0	0	distal	.	.
chr19:13140606-13140756	1	1	0	0	proximal	ENSG00000267512	.
chr19:13150249-13150399	2	1	0	0	proximal	IER2,STX10	.
chr19:13151590-13152040	2	2	0	0	distal	.	.
chr19:13152860-13153174	3	2	1	1	proximal	ENSG00000287296	.
chr19:13162931-13163331	2	2	0	0	distal	.	.
chr19:13194613-13194767	1	1	0	0	distal	.	.
chr19:1320880-1321067	5	2	1	1	proximal	ENSG00000267372	.
chr19:1325229-1325455	2	1	0	0	distal	.	.
chr19:1354696-1355084	1	1	0	0	proximal	PWWP3A	.
chr19:13632940-13633090	2	1	0	0	proximal	CACNA1A	.
chr19:13642424-13642574	1	1	0	0	distal	.	.
chr19:13685723-13685935	1	1	0	0	distal	.	.
chr19:13747614-13747990	3	2	0	0	distal	.	.
chr19:13748439-13748663	1	1	0	0	distal	.	.
chr19:1378113-1378263	2	2	0	0	proximal	ENSG00000267755	.
chr19:13795109-13795524	2	1	0	0	proximal	ZSWIM4	.
chr19:13833589-13833935	4	2	1	1	distal	.	.
chr19:13854691-13855006	3	1	0	0	distal	.	.
chr19:13862247-13862513	1	1	0	0	proximal	NANOS3	.
chr19:13928173-13928337	2	2	1	1	distal	.	.
chr19:13952620-13952919	1	1	0	0	proximal	DCAF15,PODNL1	.
chr19:14023397-14023788	1	1	0	0	distal	.	.
chr19:14073416-14073906	3	1	0	0	distal	.	.
chr19:14075156-14075322	3	2	1	1	distal	.	.
chr19:14081270-14081845	2	2	0	0	distal	.	.
chr19:1415464-1415760	4	2	0	0	distal	.	.
chr19:14206756-14207654	1	1	0	0	distal	.	.
chr19:14217360-14218021	3	2	1	1	proximal	ENSG00000287254	.
chr19:1422015-1422165	4	2	0	0	distal	.	.
chr19:14248115-14248336	2	2	0	0	distal	.	.
chr19:14256760-14256910	1	1	0	0	distal	.	.
chr19:14262905-14263098	1	1	0	0	distal	.	.
chr19:14333612-14333818	1	1	0	0	proximal	LINC01842	.
chr19:1438130-1438394	3	2	0	0	proximal	RPS15	.
chr19:14405893-14406443	2	1	0	0	distal	.	.
chr19:14419258-14419645	3	2	0	0	proximal	DDX39A	.
chr19:1443688-1444049	2	2	0	0	distal	.	.
chr19:1444880-1445463	2	1	0	0	distal	.	.
chr19:14450248-14450823	1	1	0	0	distal	.	.
chr19:14505443-14505725	1	1	0	0	distal	.	.
chr19:14529193-14530099	1	1	0	0	distal	.	.
chr19:1455472-1456125	1	1	0	0	distal	.	.
chr19:14564178-14564891	3	2	0	0	distal	.	.
chr19:14689502-14690367	1	1	0	0	proximal	ADGRE3,ZNF333	.
chr19:14751498-14751648	1	1	0	0	distal	.	.
chr19:14765516-14765723	4	2	1	1	distal	.	.
chr19:1479105-1479329	5	2	1	1	proximal	C19orf25	.
chr19:1479462-1479631	2	1	0	0	proximal	C19orf25	.
chr19:1490308-1491269	2	2	0	0	proximal	PCSK4,REEP6	.
chr19:1507731-1508496	3	2	0	0	proximal	ENSG00000267092,PLK5	.
chr19:15231063-15231266	1	1	0	0	distal	.	.
chr19:15251687-15252045	2	1	0	0	distal	.	.
chr19:1527460-1527617	2	2	0	0	distal	.	.
chr19:15332465-15332658	1	1	0	0	proximal	BRD4,ENSG00000290008	.
chr19:1542615-1543003	2	2	1	1	distal	.	.
chr19:15433162-15433384	1	1	0	0	distal	.	.
chr19:15449587-15449737	2	1	0	0	proximal	WIZ	.
chr19:15452071-15452842	1	1	0	0	distal	.	.
chr19:1546234-1546415	2	1	0	0	distal	.	.
chr19:15499177-15499345	2	1	0	0	proximal	PGLYRP2	.
chr19:15508317-15508547	1	1	0	0	proximal	CYP4F22	.
chr19:15555769-15556160	4	1	0	0	distal	.	.
chr19:15629417-15629597	1	1	0	0	distal	.	.
chr19:1575959-1576112	1	1	0	0	distal	.	.
chr19:1592338-1592563	1	1	0	0	proximal	MBD3	.
chr19:1592888-1593120	1	1	0	0	proximal	MBD3	.
chr19:1605377-1605688	2	2	0	0	proximal	ENSG00000267059,UQCR11	.
chr19:1605847-1606162	2	1	0	0	proximal	ENSG00000267059,UQCR11	.
chr19:16076161-16076439	1	1	0	0	distal	.	.
chr19:16110721-16110927	2	1	0	0	distal	.	.
chr19:16111190-16111918	2	1	0	0	proximal	RAB8A	.
chr19:16185832-16185982	1	1	0	0	proximal	FAM32A	.
chr19:16197685-16198347	1	1	0	0	proximal	AP1M1,ENSG00000287961	.
chr19:16218564-16218720	2	1	0	0	distal	.	.
chr19:16495990-16496702	1	1	0	0	proximal	C19orf44,CALR3	.
chr19:1652571-1653275	2	2	0	0	proximal	TCF3	.
chr19:16542303-16542993	1	1	0	0	proximal	CHERP,ENSG00000269399	.
chr19:16584382-16584535	1	1	0	0	distal	.	.
chr19:16587690-16587840	1	1	0	0	proximal	ENSG00000269578	.
chr19:16628123-16628595	1	1	0	0	proximal	ENSG00000141979,MED26	.
chr19:16635249-16635476	1	1	0	0	proximal	ENSG00000269044	.
chr19:16660635-16660977	1	1	0	0	proximal	ENSG00000268790,SMIM7,TMEM38A	.
chr19:16765875-16766025	1	1	0	0	distal	.	.
chr19:16771648-16771798	1	1	0	0	distal	.	.
chr19:16801714-16801983	1	1	0	0	proximal	ENSG00000269799	.
chr19:16896912-16897627	1	1	0	0	distal	.	.
chr19:1690866-1691484	1	1	0	0	distal	.	.
chr19:17075400-17075846	1	1	0	0	proximal	HAUS8,MYO9B	.
chr19:17108081-17108236	2	2	0	0	distal	.	.
chr19:17209241-17209997	2	2	0	0	distal	.	.
chr19:17215152-17215462	1	1	0	0	proximal	USE1	.
chr19:17226080-17226806	1	1	0	0	proximal	OCEL1	.
chr19:17235734-17236044	1	1	0	0	distal	.	.
chr19:17245884-17246034	4	2	0	0	proximal	NR2F6	.
chr19:17246095-17246271	4	2	1	1	proximal	NR2F6	.
chr19:17266929-17267502	1	1	0	0	proximal	BABAM1,ENSG00000269307	.
chr19:17282630-17282888	1	1	0	0	proximal	USHBP1	.
chr19:17292415-17293199	2	1	0	0	proximal	MRPL34	.
chr19:17294089-17294471	1	1	0	0	distal	.	.
chr19:17303290-17303657	3	2	1	1	distal	.	.
chr19:17305616-17306177	1	1	0	0	distal	.	.
chr19:17309073-17309621	3	2	1	1	proximal	ABHD8,DDA1	.
chr19:17332550-17333096	1	1	0	0	distal	.	.
chr19:17334685-17335025	2	2	0	0	proximal	ANO8,GTPBP3	.
chr19:17337304-17337625	1	1	0	0	distal	.	.
chr19:17395039-17395248	2	1	0	0	proximal	CCDC194	.
chr19:17403098-17403701	2	1	0	0	distal	.	.
chr19:17425061-17425490	5	2	0	0	distal	.	.
chr19:17453533-17453723	1	1	0	0	proximal	ENSG00000269736	.
chr19:17470702-17470954	2	1	0	0	distal	.	.
chr19:17489034-17489436	2	2	1	1	distal	.	.
chr19:17511208-17512363	2	2	0	0	proximal	PGLS,PGLS-DT	.
chr19:17523486-17523671	2	1	0	0	proximal	NIBAN3	.
chr19:17539593-17540203	1	1	0	0	distal	.	.
chr19:17556176-17556482	1	1	0	0	proximal	COLGALT1	.
chr19:17579769-17580227	3	2	0	0	distal	.	.
chr19:17605730-17606797	2	2	1	1	distal	.	.
chr19:17616495-17616711	1	1	0	0	distal	.	.
chr19:17657286-17657436	4	2	1	1	distal	.	.
chr19:1767550-1767707	1	1	0	0	distal	.	.
chr19:1768147-1768541	1	1	0	0	distal	.	.
chr19:17688263-17688473	2	2	0	0	proximal	UNC13A	.
chr19:1768833-1768999	1	1	0	0	distal	.	.
chr19:17719333-17719546	2	2	0	0	proximal	MAP1S	.
chr19:17740173-17740328	2	2	1	1	distal	.	.
chr19:17747434-17747812	3	2	0	0	proximal	FCHO1	.
chr19:1774844-1775139	3	2	1	1	distal	.	.
chr19:17778251-17778472	1	1	0	0	distal	.	.
chr19:17779486-17779789	1	1	0	0	distal	.	.
chr19:17784476-17784654	1	1	0	0	distal	.	.
chr19:17789758-17789912	1	1	0	0	distal	.	.
chr19:17794719-17795057	2	2	0	0	proximal	B3GNT3	.
chr19:17830100-17830510	2	2	0	0	distal	.	.
chr19:17859537-17860162	2	1	0	0	proximal	RPL18A	.
chr19:17866392-17866804	2	1	0	0	distal	.	.
chr19:17874114-17874751	1	1	0	0	distal	.	.
chr19:17880143-17880365	1	1	0	0	distal	.	.
chr19:17932551-17932795	3	2	0	0	proximal	CCDC124	.
chr19:17932858-17933275	6	2	1	1	proximal	CCDC124	.
chr19:17947547-17948433	2	1	0	0	distal	.	.
chr19:1795920-1796257	1	1	0	0	distal	.	.
chr19:17998287-17998461	3	2	0	0	distal	.	.
chr19:18000961-18001388	4	2	1	1	proximal	ARRDC2	.
chr19:18007020-18007495	4	2	0	0	distal	.	.
chr19:18007604-18007881	1	1	0	0	distal	.	.
chr19:18008023-18008462	5	2	0	0	distal	.	.
chr19:18036357-18036570	2	2	1	1	distal	.	.
chr19:18058509-18058670	3	2	1	1	distal	.	.
chr19:18097544-18097905	1	1	0	0	proximal	MAST3	.
chr19:18109793-18110188	2	2	0	0	distal	.	.
chr19:1812270-1813155	4	2	1	1	proximal	ATP8B3	.
chr19:18152177-18153415	1	1	0	0	proximal	ENSG00000268173,PIK3R2	.
chr19:18161396-18161653	4	2	1	1	distal	.	.
chr19:18168281-18168431	1	1	0	0	distal	.	.
chr19:18203569-18204522	2	1	0	0	proximal	ENSG00000268650,RAB3A	.
chr19:1826170-1826424	3	2	0	0	distal	.	.
chr19:18262164-18262314	3	1	0	0	distal	.	.
chr19:18291810-18292104	1	1	0	0	distal	.	.
chr19:18328490-18328734	1	1	0	0	distal	.	.
chr19:18340431-18340861	2	2	0	0	proximal	PGPEP1	.
chr19:18349648-18349798	1	1	0	0	distal	.	.
chr19:18374478-18374673	1	1	0	0	proximal	GDF15	.
chr19:1837709-1837887	2	2	1	1	distal	.	.
chr19:18388473-18388727	1	1	0	0	distal	.	.
chr19:18410682-18410832	2	2	1	1	distal	.	.
chr19:18417665-18417827	1	1	0	0	distal	.	.
chr19:18419190-18419475	3	1	0	0	proximal	SSBP4	.
chr19:18437827-18438009	4	2	1	1	proximal	ISYNA1	.
chr19:18438073-18438223	2	2	1	1	proximal	ISYNA1	.
chr19:18461963-18462118	3	1	0	0	distal	.	.
chr19:1847548-1847698	1	1	0	0	proximal	REXO1	.
chr19:1848295-1848931	4	2	1	1	proximal	REXO1	.
chr19:18521990-18522739	2	1	0	0	proximal	ELL	.
chr19:1853370-1853652	3	2	1	1	distal	.	.
chr19:18543576-18544160	4	2	2	1	proximal	FKBP8	.
chr19:18557686-18558089	1	1	0	0	proximal	KXD1	.
chr19:18571528-18572173	4	2	1	1	proximal	UBA52	.
chr19:18588636-18588824	3	2	0	0	proximal	REX1BD	.
chr19:18589680-18590093	2	1	0	0	distal	.	.
chr19:18590499-18590794	4	2	1	1	distal	.	.
chr19:18612141-18612373	1	1	0	0	distal	.	.
chr19:18636205-18637083	1	1	0	0	proximal	KLHL26	.
chr19:1864821-1864997	3	2	0	0	distal	.	.
chr19:18655454-18655663	1	1	0	0	distal	.	.
chr19:18683796-18683969	2	1	0	0	proximal	CRTC1	.
chr19:18743367-18743520	2	1	0	0	distal	.	.
chr19:1876121-1876336	1	1	0	0	proximal	ENSG00000261526	.
chr19:1876423-1876644	4	1	0	0	proximal	ENSG00000261526	.
chr19:18772013-18772174	2	1	0	0	distal	.	.
chr19:18785151-18785505	6	2	2	1	distal	.	.
chr19:18832411-18832652	1	1	0	0	proximal	UPF1	.
chr19:1885333-1885689	5	2	0	0	proximal	ABHD17A	.
chr19:18879593-18879829	1	1	0	0	distal	.	.
chr19:18880074-18880308	2	1	0	0	distal	.	.
chr19:18919054-18919807	1	1	0	0	proximal	COPE,DDX49	.
chr19:18932143-18932853	3	1	0	0	distal	.	.
chr19:18940972-18941159	1	1	0	0	proximal	HOMER3,HOMER3-AS1	.
chr19:18995907-18996057	4	2	1	1	distal	.	.
chr19:19032876-19033099	2	2	1	1	proximal	ARMC6	.
chr19:19033322-19034011	3	2	0	0	proximal	ARMC6,SUGP2	.
chr19:19034365-19034579	1	1	0	0	proximal	ARMC6,SUGP2	.
chr19:1905123-1905892	3	2	0	0	proximal	ADAT3,SCAMP4	.
chr19:19105615-19105890	2	1	0	0	proximal	ENSG00000288837	.
chr19:19120302-19120708	1	1	0	0	distal	.	.
chr19:19138387-19138663	1	1	0	0	proximal	TMEM161A	.
chr19:19146096-19146276	1	1	0	0	distal	.	.
chr19:19170136-19170369	2	1	0	0	distal	.	.
chr19:19174938-19175213	1	1	0	0	distal	.	.
chr19:19186007-19186162	1	1	0	0	distal	.	.
chr19:19192468-19192937	1	1	0	0	proximal	BORCS8,BORCS8-MEF2B,MEF2B,RFXANK	.
chr19:19224620-19224796	2	1	0	0	distal	.	.
chr19:1929397-1929745	2	1	0	0	distal	.	.
chr19:19320274-19320847	1	1	0	0	proximal	MAU2,SUGP1	.
chr19:19355662-19355958	1	1	0	0	distal	.	.
chr19:19361113-19361460	1	1	0	0	distal	.	.
chr19:19365043-19365250	1	1	0	0	distal	.	.
chr19:19385199-19386120	2	1	0	0	proximal	GATAD2A	.
chr19:19394974-19395142	3	2	0	0	distal	.	.
chr19:1940211-1940567	2	2	1	1	proximal	CSNK1G2	.
chr19:19405135-19405285	1	1	0	0	distal	.	.
chr19:19418315-19418518	2	2	1	1	distal	.	.
chr19:19474813-19474999	1	1	0	0	distal	.	.
chr19:19526062-19526212	1	1	0	0	distal	.	.
chr19:19538141-19538415	1	1	0	0	proximal	CILP2	.
chr19:19663642-19664305	2	1	0	0	proximal	ATP13A1	.
chr19:19668644-19668841	1	1	0	0	proximal	ZNF101	.
chr19:19732993-19733242	2	1	0	0	proximal	ZNF14	.
chr19:19776327-19776922	1	1	0	0	proximal	ENSG00000291177,LINC00663	.
chr19:1985785-1985946	1	1	0	0	distal	.	.
chr19:1992790-1993038	1	1	0	0	distal	.	.
chr19:2015684-2016081	4	2	1	1	distal	.	.
chr19:2019725-2019875	1	1	0	0	distal	.	.
chr19:202000-202161	1	1	0	0	distal	.	.
chr19:2051192-2051484	3	1	0	0	proximal	MKNK2	.
chr19:2061054-2061777	1	1	0	0	distal	.	.
chr19:2069844-2070079	1	1	0	0	distal	.	.
chr19:2096296-2097006	2	2	0	0	proximal	IZUMO4,MOB3A	.
chr19:2151515-2152069	2	1	0	0	distal	.	.
chr19:2163596-2164150	1	1	0	0	proximal	AP3D1,DOT1L	.
chr19:2231092-2231358	2	1	0	0	distal	.	.
chr19:2235829-2235979	2	1	0	0	proximal	SF3A2	.
chr19:2236210-2236891	2	2	0	0	proximal	SF3A2	.
chr19:2275213-2275406	1	1	0	0	distal	.	.
chr19:2384891-2385495	1	1	0	0	distal	.	.
chr19:2427097-2427307	2	2	1	1	proximal	TIMM13	.
chr19:2427477-2428095	1	1	0	0	proximal	TIMM13	.
chr19:2475938-2476231	2	2	1	1	proximal	GADD45B	.
chr19:2516883-2517039	1	1	0	0	distal	.	.
chr19:2543263-2543437	1	1	0	0	distal	.	.
chr19:2543500-2543908	2	2	1	1	distal	.	.
chr19:2598948-2599563	3	2	1	1	distal	.	.
chr19:2702679-2703014	1	1	0	0	proximal	GNG7	.
chr19:2713767-2714094	2	2	0	0	distal	.	.
chr19:2739874-2740404	1	1	0	0	proximal	ENSG00000267001,SLC39A3	.
chr19:2783180-2783631	4	2	0	0	proximal	SGTA	.
chr19:2785169-2785798	3	1	0	0	proximal	THOP1	.
chr19:2819718-2820033	3	2	0	0	proximal	ZNF554	.
chr19:2841012-2841553	4	2	1	1	proximal	ZNF555	.
chr19:2872261-2872444	2	2	0	0	distal	.	.
chr19:2900529-2901249	4	2	1	1	proximal	ZNF57	.
chr19:29212710-29212890	1	1	0	0	proximal	UQCRFS1,UQCRFS1-DT	.
chr19:2962072-2962382	1	1	0	0	distal	.	.
chr19:29860607-29860757	1	1	0	0	distal	.	.
chr19:29942078-29942328	1	1	0	0	distal	.	.
chr19:29942861-29943048	1	1	0	0	distal	.	.
chr19:3008418-3008568	1	1	0	0	distal	.	.
chr19:3046346-3046507	1	1	0	0	distal	.	.
chr19:3093797-3094396	1	1	0	0	proximal	GNA11	.
chr19:3121932-3122086	4	2	0	0	proximal	ENSG00000267688	.
chr19:3125924-3126209	1	1	0	0	distal	.	.
chr19:3152149-3152326	1	1	0	0	distal	.	.
chr19:3169759-3169909	1	1	0	0	distal	.	.
chr19:3185030-3185354	2	2	0	0	proximal	NCLN	.
chr19:32224736-32224886	2	2	1	1	distal	.	.
chr19:3224459-3224725	1	1	0	0	proximal	CELF5	.
chr19:3227899-3228068	1	1	0	0	distal	.	.
chr19:32345473-32345926	1	1	0	0	proximal	ZNF507	.
chr19:32373949-32374136	1	1	0	0	distal	.	.
chr19:3249440-3249648	1	1	0	0	distal	.	.
chr19:32560271-32560443	1	1	0	0	distal	.	.
chr19:32580999-32581623	1	1	0	0	proximal	PDCD5	.
chr19:3266200-3266350	1	1	0	0	distal	.	.
chr19:32691667-32692149	1	1	0	0	proximal	NUDT19,NUDT19-DT	.
chr19:32708037-32708187	1	1	0	0	distal	.	.
chr19:32746124-32746318	1	1	0	0	distal	.	.
chr19:32746586-32746804	2	2	1	1	distal	.	.
chr19:32787320-32787645	2	1	0	0	distal	.	.
chr19:32826451-32826642	2	2	1	1	distal	.	.
chr19:3284882-3286009	1	1	0	0	distal	.	.
chr19:32971870-32972362	1	1	0	0	proximal	CEP89,FAAP24	.
chr19:32991695-32991845	1	1	0	0	distal	.	.
chr19:3305026-3305176	2	1	0	0	distal	.	.
chr19:33053403-33053553	1	1	0	0	distal	.	.
chr19:3306706-3306904	3	2	0	0	proximal	ENSG00000267448	.
chr19:33226225-33226400	2	1	0	0	proximal	SLC7A10	.
chr19:33249840-33250039	2	1	0	0	distal	.	.
chr19:33302479-33303113	2	1	0	0	proximal	CEBPA,CEBPA-DT	.
chr19:33310921-33311071	1	1	0	0	distal	.	.
chr19:33348721-33348871	1	1	0	0	distal	.	.
chr19:33402986-33403136	1	1	0	0	distal	.	.
chr19:33416329-33416646	1	1	0	0	distal	.	.
chr19:33521739-33522088	1	1	0	0	proximal	PEPD	.
chr19:3366905-3367288	3	2	1	1	distal	.	.
chr19:3367389-3367566	2	2	1	1	distal	.	.
chr19:33771629-33771856	1	1	0	0	distal	.	.
chr19:3384785-3385070	3	2	1	1	distal	.	.
chr19:33859115-33859265	1	1	0	0	distal	.	.
chr19:34134229-34134687	1	1	0	0	distal	.	.
chr19:3429585-3429771	1	1	0	0	distal	.	.
chr19:3434917-3435500	2	2	0	0	distal	.	.
chr19:34392341-34392600	1	1	0	0	distal	.	.
chr19:34428275-34428564	1	1	0	0	proximal	ENSG00000267024,UBA2	.
chr19:344498-344936	2	1	0	0	proximal	MIER2	.
chr19:3458934-3459143	3	2	0	0	distal	.	.
chr19:34602604-34602754	1	1	0	0	distal	.	.
chr19:34712427-34712910	1	1	0	0	distal	.	.
chr19:34733770-34733997	1	1	0	0	proximal	ENSG00000274104,ZNF181	.
chr19:34772693-34772843	1	1	0	0	proximal	ZNF599	.
chr19:3479203-3479389	5	2	1	1	distal	.	.
chr19:3479961-3480281	1	1	0	0	proximal	SMIM24	.
chr19:3485121-3485483	2	1	0	0	distal	.	.
chr19:34951990-34952140	1	1	0	0	distal	.	.
chr19:34964099-34964312	1	1	0	0	proximal	ZNF792	.
chr19:35000132-35000336	2	1	0	0	proximal	GRAMD1A-AS1	.
chr19:3500539-3501005	1	1	0	0	proximal	DOHH	.
chr19:35031224-35031382	3	2	1	1	proximal	SCN1B	.
chr19:35055775-35055929	1	1	0	0	distal	.	.
chr19:3505795-3506385	4	2	1	1	proximal	FZR1	.
chr19:35067170-35067359	3	2	1	1	distal	.	.
chr19:3507463-3507718	2	2	0	0	distal	.	.
chr19:35090350-35090831	1	1	0	0	proximal	ENSG00000179066	.
chr19:35118639-35118838	1	1	0	0	distal	.	.
chr19:35141175-35141592	1	1	0	0	distal	.	.
chr19:35248095-35248467	1	1	0	0	proximal	LSR	.
chr19:35248572-35249237	2	1	0	0	proximal	LSR	.
chr19:35268084-35268460	2	1	0	0	proximal	ENSG00000288942,USF2	.
chr19:35299739-35300146	2	1	0	0	distal	.	.
chr19:35352641-35353005	1	1	0	0	distal	.	.
chr19:35399564-35399742	1	1	0	0	proximal	LINC01531	.
chr19:3545125-3545366	1	1	0	0	distal	.	.
chr19:35495441-35495646	1	1	0	0	proximal	KRTDAP	.
chr19:35509328-35509533	1	1	0	0	distal	.	.
chr19:35510163-35510385	2	1	0	0	distal	.	.
chr19:35545519-35545722	1	1	0	0	proximal	TMEM147,TMEM147-AS1	.
chr19:35557805-35558381	1	1	0	0	proximal	ENSG00000283907	.
chr19:3557544-3558364	4	2	0	0	proximal	ENSG00000267231	.
chr19:35612589-35613182	1	1	0	0	proximal	HAUS5,HAUS5-DT	.
chr19:35643538-35643713	2	1	0	0	distal	.	.
chr19:35644367-35644751	2	1	0	0	distal	.	.
chr19:35648059-35648422	2	1	0	0	proximal	COX6B1	.
chr19:35702071-35702861	1	1	0	0	distal	.	.
chr19:35702975-35703132	3	1	0	0	distal	.	.
chr19:35718491-35718691	2	1	0	0	proximal	KMT2B	.
chr19:3572566-3573011	4	2	0	0	proximal	HMG20B	.
chr19:35744715-35745164	1	1	0	0	proximal	ENSG00000188223,ENSG00000267120,PSENEN,U2AF1L4	.
chr19:35745390-35745669	2	2	1	1	proximal	ENSG00000188223,ENSG00000267120,PSENEN,U2AF1L4	.
chr19:35757820-35758470	2	1	0	0	proximal	HSPB6,PROSER3	.
chr19:3585524-3585852	2	2	0	0	proximal	GIPC3	.
chr19:35868433-35868614	2	1	0	0	proximal	APLP1,NPHS1	.
chr19:35900251-35900423	1	1	0	0	distal	.	.
chr19:35900503-35900725	1	1	0	0	distal	.	.
chr19:35912100-35912269	1	1	0	0	distal	.	.
chr19:35935948-35936126	3	1	0	0	proximal	LRFN3	.
chr19:36054040-36055025	2	1	0	0	proximal	THAP8,WDR62	.
chr19:36055183-36055348	2	1	0	0	proximal	THAP8,WDR62	.
chr19:3606453-3606603	2	2	0	0	proximal	CACTIN-AS1,TBXA2R	.
chr19:36077406-36077588	1	1	0	0	distal	.	.
chr19:36114814-36115600	2	1	0	0	proximal	POLR2I,TBCB	.
chr19:36127436-36128257	1	1	0	0	distal	.	.
chr19:36139861-36140166	2	1	0	0	proximal	CAPNS1	.
chr19:36150679-36150988	1	1	0	0	distal	.	.
chr19:3618616-3618783	1	1	0	0	distal	.	.
chr19:36282172-36282500	1	1	0	0	distal	.	.
chr19:3643074-3643271	2	1	0	0	distal	.	.
chr19:36489309-36489697	1	1	0	0	proximal	ZNF566,ZNF566-AS1	.
chr19:36604430-36604638	1	1	0	0	proximal	ZNF382,ZNF529	.
chr19:36666471-36667198	1	1	0	0	proximal	ZNF461	.
chr19:36687191-36687960	2	1	0	0	proximal	ZNF567,ZNF567-DT	.
chr19:3670286-3670477	1	1	0	0	distal	.	.
chr19:36772430-36772939	1	1	0	0	proximal	ENSG00000267260,ZNF850	.
chr19:36837980-36838207	1	1	0	0	distal	.	.
chr19:36838601-36838960	1	1	0	0	distal	.	.
chr19:37078097-37078533	1	1	0	0	proximal	ENSG00000267345	.
chr19:37217675-37217959	1	1	0	0	proximal	ZNF383,ZNF585B	.
chr19:37317524-37317947	1	1	0	0	distal	.	.
chr19:37467130-37467340	1	1	0	0	proximal	ZNF570	.
chr19:375802-375982	1	1	0	0	proximal	THEG	.
chr19:3761922-3762126	3	2	1	1	proximal	APBA3,MRPL54	.
chr19:3762529-3763170	2	2	0	0	proximal	MRPL54	.
chr19:37655412-37656327	3	1	0	0	distal	.	.
chr19:37779540-37779994	1	1	0	0	distal	.	.
chr19:37902690-37902844	1	1	0	0	distal	.	.
chr19:3804847-3804997	2	2	1	1	distal	.	.
chr19:38063066-38063287	1	1	0	0	distal	.	.
chr19:38129313-38129463	1	1	0	0	distal	.	.
chr19:38224079-38224651	4	1	0	0	distal	.	.
chr19:38270796-38271017	1	1	0	0	distal	.	.
chr19:38305047-38305377	1	1	0	0	distal	.	.
chr19:38315780-38316398	3	1	0	0	distal	.	.
chr19:38335580-38336693	1	1	0	0	proximal	CATSPERG	.
chr19:38336820-38337164	2	1	0	0	distal	.	.
chr19:38361645-38362098	3	1	0	0	proximal	ENSG00000266963	.
chr19:38374942-38375470	1	1	0	0	proximal	PSMD8	.
chr19:38402850-38403654	1	1	0	0	proximal	FAM98C	.
chr19:38441537-38441687	1	1	0	0	distal	.	.
chr19:38452893-38453353	1	1	0	0	distal	.	.
chr19:38506942-38507678	2	2	1	1	distal	.	.
chr19:3852800-3853060	1	1	0	0	distal	.	.
chr19:38537867-38538092	2	2	1	1	proximal	ENSG00000268055	.
chr19:38543674-38544270	1	1	0	0	distal	.	.
chr19:38586862-38587012	1	1	0	0	distal	.	.
chr19:38596188-38596560	2	1	0	0	proximal	MAP4K1-AS1	.
chr19:38618843-38619244	2	1	0	0	proximal	EIF3K,MAP4K1	.
chr19:38636905-38637081	1	1	0	0	distal	.	.
chr19:38729756-38730123	1	1	0	0	distal	.	.
chr19:38769818-38769973	1	1	0	0	proximal	CAPN12	.
chr19:38831577-38832230	1	1	0	0	proximal	ECH1	.
chr19:38849445-38849643	3	2	1	1	distal	.	.
chr19:3886397-3886841	1	1	0	0	distal	.	.
chr19:38865748-38866122	2	1	0	0	distal	.	.
chr19:38899417-38900277	4	2	1	1	proximal	NFKBIB,SIRT2	.
chr19:38945505-38945802	1	1	0	0	distal	.	.
chr19:38962743-38962893	1	1	0	0	distal	.	.
chr19:38975438-38975597	4	2	2	2	proximal	ENSG00000287271,FBXO17	.
chr19:38975940-38976374	1	1	0	0	proximal	ENSG00000287271,FBXO17	.
chr19:39031176-39031820	2	1	0	0	distal	.	.
chr19:39122136-39122313	1	1	0	0	distal	.	.
chr19:39125523-39125843	2	1	0	0	proximal	PAK4	.
chr19:39179883-39180095	1	1	0	0	distal	.	.
chr19:39326502-39326657	1	1	0	0	distal	.	.
chr19:3933177-3933444	2	1	0	0	proximal	NMRK2	.
chr19:39341910-39342556	1	1	0	0	proximal	ENSG00000269246,GMFG,SAMD4B	.
chr19:39406647-39407103	3	1	0	0	proximal	ZFP36	.
chr19:39412730-39412907	4	1	0	0	proximal	PLEKHG2	.
chr19:39435918-39436416	1	1	0	0	proximal	RPS16,SUPT5H	.
chr19:39480495-39481030	1	1	0	0	proximal	TIMM50	.
chr19:3949275-3949425	1	1	0	0	distal	.	.
chr19:39498279-39498598	1	1	0	0	proximal	DLL3	.
chr19:39532637-39533033	1	1	0	0	proximal	EID2B,ENSG00000269792	.
chr19:39551436-39551671	1	1	0	0	distal	.	.
chr19:3968688-3969047	2	1	0	0	distal	.	.
chr19:3970752-3971543	1	1	0	0	proximal	DAPK3	.
chr19:3976955-3977146	2	1	0	0	distal	.	.
chr19:39824397-39824703	1	1	0	0	distal	.	.
chr19:39833476-39833996	2	1	0	0	proximal	DYRK1B	.
chr19:39834087-39834392	2	1	0	0	proximal	DYRK1B	.
chr19:39846208-39846645	3	1	0	0	proximal	FBL	.
chr19:3985358-3985594	2	2	0	0	proximal	EEF2	.
chr19:3987893-3988294	3	2	0	0	distal	.	.
chr19:39881590-39881779	1	1	0	0	distal	.	.
chr19:39892444-39892594	1	1	0	0	distal	.	.
chr19:39935745-39935907	1	1	0	0	distal	.	.
chr19:39941737-39941887	1	1	0	0	distal	.	.
chr19:40055545-40055695	1	1	0	0	proximal	ZNF780B	.
chr19:40056094-40056409	2	1	0	0	proximal	ZNF780B	.
chr19:4007414-4007790	2	2	0	0	proximal	PIAS4	.
chr19:40090609-40091077	4	2	0	0	proximal	ENSG00000269296,ENSG00000269749,ZNF780A	.
chr19:40190986-40191506	1	1	0	0	proximal	MAP3K10	.
chr19:40221961-40222568	1	1	0	0	distal	.	.
chr19:40284772-40285289	1	1	0	0	proximal	AKT2	.
chr19:40366703-40366928	2	2	0	0	distal	.	.
chr19:40378107-40378442	1	1	0	0	distal	.	.
chr19:40403500-40403744	4	2	0	0	distal	.	.
chr19:40404243-40404476	1	1	0	0	distal	.	.
chr19:40424899-40425156	1	1	0	0	proximal	SERTAD1	.
chr19:40425362-40425512	2	1	0	0	proximal	ENSG00000277453,SERTAD1	.
chr19:40433113-40433482	1	1	0	0	distal	.	.
chr19:40433889-40434194	1	1	0	0	distal	.	.
chr19:40443018-40443476	3	2	0	0	proximal	SERTAD3-AS1	.
chr19:40444263-40445003	1	1	0	0	proximal	SERTAD3	.
chr19:40465331-40466138	3	1	0	0	proximal	BLVRB,SPTBN4	.
chr19:40506259-40506531	3	1	0	0	distal	.	.
chr19:40523369-40523601	2	1	0	0	distal	.	.
chr19:40549248-40549529	4	2	1	1	distal	.	.
chr19:40570497-40571042	1	1	0	0	distal	.	.
chr19:40576461-40577226	3	1	0	0	proximal	SHKBP1	.
chr19:40598137-40598870	1	1	0	0	distal	.	.
chr19:40609915-40610132	1	1	0	0	distal	.	.
chr19:40613765-40614154	3	1	0	0	distal	.	.
chr19:40623672-40624311	2	1	0	0	distal	.	.
chr19:40634540-40634867	2	1	0	0	distal	.	.
chr19:40645544-40645701	1	1	0	0	distal	.	.
chr19:4065821-4066318	2	1	0	0	proximal	ZBTB7A	.
chr19:40662677-40663118	2	1	0	0	distal	.	.
chr19:40690580-40691121	1	1	0	0	proximal	NUMBL	.
chr19:40691213-40691379	2	1	0	0	proximal	NUMBL	.
chr19:40715035-40715206	2	2	1	1	distal	.	.
chr19:40715850-40716014	2	1	0	0	distal	.	.
chr19:40716831-40717063	3	1	0	0	proximal	ITPKC	.
chr19:40777393-40777694	1	1	0	0	proximal	RAB4B,RAB4B-EGLN2	.
chr19:40798717-40799261	1	1	0	0	proximal	EGLN2	.
chr19:40799657-40799831	2	1	0	0	proximal	EGLN2	.
chr19:40825461-40825756	1	1	0	0	distal	.	.
chr19:40908307-40908479	1	1	0	0	distal	.	.
chr19:40921111-40921667	1	1	0	0	distal	.	.
chr19:41223652-41223818	1	1	0	0	distal	.	.
chr19:4124008-4124372	2	2	1	1	proximal	MAP2K2	.
chr19:41308203-41308481	2	1	0	0	distal	.	.
chr19:41309876-41310444	2	1	0	0	proximal	CCDC97,ENSG00000286177	.
chr19:41353613-41354230	1	1	0	0	proximal	TGFB1	.
chr19:41363715-41364379	1	1	0	0	proximal	B9D2	.
chr19:41397261-41397589	1	1	0	0	proximal	BCKDHA,EXOSC5	.
chr19:41397720-41397962	2	2	1	1	proximal	BCKDHA,EXOSC5	.
chr19:4139788-4140110	1	1	0	0	distal	.	.
chr19:41427009-41427224	1	1	0	0	distal	.	.
chr19:41706746-41707138	2	1	0	0	proximal	CEACAM7	.
chr19:4172729-4173211	4	2	1	1	distal	.	.
chr19:41793237-41793388	1	1	0	0	distal	.	.
chr19:4180232-4180382	1	1	0	0	distal	.	.
chr19:4182435-4182748	1	1	0	0	proximal	ANKRD24,SIRT6	.
chr19:4186425-4186712	1	1	0	0	distal	.	.
chr19:41866288-41866497	1	1	0	0	distal	.	.
chr19:41884174-41884489	1	1	0	0	distal	.	.
chr19:41928275-41928523	3	1	0	0	proximal	ERFL	.
chr19:41957839-41958048	2	1	0	0	distal	.	.
chr19:41958221-41958497	1	1	0	0	proximal	RABAC1	.
chr19:41959297-41959536	2	1	0	0	proximal	RABAC1	.
chr19:41994117-41994379	1	1	0	0	proximal	ENSG00000285505	.
chr19:4199996-4200172	1	1	0	0	distal	.	.
chr19:42034822-42034991	1	1	0	0	distal	.	.
chr19:42177009-42177304	1	1	0	0	distal	.	.
chr19:42230961-42231163	1	1	0	0	distal	.	.
chr19:42283774-42284431	1	1	0	0	distal	.	.
chr19:4229128-4229312	2	2	0	0	proximal	EBI3	.
chr19:42447196-42447346	1	1	0	0	distal	.	.
chr19:4246646-4247713	1	1	0	0	proximal	YJU2	.
chr19:42472507-42472804	1	1	0	0	distal	.	.
chr19:4284558-4284881	1	1	0	0	distal	.	.
chr19:4304407-4304741	4	2	1	1	proximal	FSD1	.
chr19:43104385-43104554	2	2	0	0	distal	.	.
chr19:43178652-43178877	1	1	0	0	distal	.	.
chr19:43191618-43192004	1	1	0	0	distal	.	.
chr19:43198720-43198967	1	1	0	0	distal	.	.
chr19:43247540-43247690	1	1	0	0	distal	.	.
chr19:4327308-4327856	1	1	0	0	distal	.	.
chr19:4335221-4335396	2	2	1	1	distal	.	.
chr19:43533134-43533430	1	1	0	0	distal	.	.
chr19:43575321-43575860	1	1	0	0	proximal	ENSG00000269583,PINLYP	.
chr19:43595246-43595504	3	2	0	0	proximal	IRGQ	.
chr19:43619221-43620105	4	2	0	0	proximal	ZNF428	.
chr19:43639808-43640240	2	2	1	1	proximal	CADM4	.
chr19:43652361-43652530	3	1	0	0	distal	.	.
chr19:43668014-43669044	2	2	0	0	distal	.	.
chr19:43826963-43827731	3	1	0	0	proximal	LYPD5,ZNF283	.
chr19:43838220-43838389	1	1	0	0	distal	.	.
chr19:43984363-43984639	1	1	0	0	distal	.	.
chr19:44002717-44003040	3	1	0	0	proximal	ZNF230,ZNF230-DT	.
chr19:4400432-4400854	3	1	0	0	proximal	SH3GL1	.
chr19:4402262-4402942	2	1	0	0	proximal	CHAF1A	.
chr19:44025129-44025412	4	2	2	1	proximal	ENSG00000267022,ZNF222,ZNF222-DT	.
chr19:44052325-44052475	1	1	0	0	distal	.	.
chr19:44112851-44113709	5	2	2	1	proximal	ZNF225-AS1	.
chr19:4414631-4414931	2	1	0	0	distal	.	.
chr19:44212318-44213045	3	1	0	0	distal	.	.
chr19:44259758-44260187	1	1	0	0	proximal	ZNF233	.
chr19:44304785-44305196	2	2	0	0	proximal	ZNF235	.
chr19:443130-443280	1	1	0	0	distal	.	.
chr19:44499985-44500385	1	1	0	0	proximal	ZNF180	.
chr19:44500462-44500793	3	2	0	0	proximal	ZNF180	.
chr19:44643778-44644156	3	2	0	0	proximal	PVR	.
chr19:44677114-44677550	5	2	1	1	distal	.	.
chr19:44689256-44689448	1	1	0	0	distal	.	.
chr19:4471563-4472307	2	2	0	0	proximal	ENSG00000267011,HDGFL2	.
chr19:44722071-44722276	1	1	0	0	distal	.	.
chr19:44747481-44747643	2	2	0	0	proximal	BCL3	.
chr19:44784105-44784679	1	1	0	0	distal	.	.
chr19:44808566-44808716	3	2	1	1	proximal	BCAM	.
chr19:44844824-44845089	4	2	0	0	distal	.	.
chr19:44845610-44846337	6	2	1	1	proximal	NECTIN2	.
chr19:44891442-44891765	1	1	0	0	proximal	ENSG00000267282	.
chr19:44903688-44903855	2	1	0	0	distal	.	.
chr19:44915071-44915255	4	1	0	0	proximal	APOC1	.
chr19:44915335-44915496	1	1	0	0	distal	.	.
chr19:44927121-44927469	3	2	1	1	proximal	APOC1P1	.
chr19:44954640-44954822	3	2	0	0	proximal	CLPTM1,ENSG00000267114	.
chr19:44954903-44955438	3	1	0	0	proximal	CLPTM1	.
chr19:44966713-44966863	1	1	0	0	distal	.	.
chr19:44989289-44989501	1	1	0	0	distal	.	.
chr19:44993147-44993356	2	2	0	0	distal	.	.
chr19:45001202-45002335	3	2	0	0	proximal	RELB	.
chr19:45007775-45008046	3	2	0	0	distal	.	.
chr19:45038957-45039618	3	2	1	1	proximal	CLASRP	.
chr19:45076444-45076705	1	1	0	0	proximal	ZNF296	.
chr19:45091480-45091912	7	2	1	1	proximal	GEMIN7-AS1,PPP1R37	.
chr19:45092212-45092478	3	2	0	0	proximal	GEMIN7-AS1,PPP1R37	.
chr19:45092734-45092981	2	1	0	0	proximal	GEMIN7-AS1	.
chr19:45154553-45154773	1	1	0	0	distal	.	.
chr19:45178159-45179065	2	1	0	0	proximal	BLOC1S3,TRAPPC6A	.
chr19:45244674-45244824	4	2	0	0	proximal	EXOC3L2	.
chr19:45251172-45251928	2	2	0	0	distal	.	.
chr19:45259009-45259159	1	1	0	0	distal	.	.
chr19:45264583-45264733	1	1	0	0	distal	.	.
chr19:45300642-45300912	3	2	1	1	distal	.	.
chr19:45308050-45308407	1	1	0	0	distal	.	.
chr19:45326046-45326539	3	2	0	0	distal	.	.
chr19:45331505-45331684	1	1	0	0	distal	.	.
chr19:4535209-4535429	3	1	0	0	proximal	PLIN5	.
chr19:45359828-45359988	3	2	1	1	distal	.	.
chr19:45370565-45370965	5	2	1	1	proximal	ERCC2	.
chr19:45383496-45383719	3	2	1	1	distal	.	.
chr19:45402430-45402580	2	1	0	0	distal	.	.
chr19:45405024-45405306	2	2	0	0	distal	.	.
chr19:45406556-45406706	2	2	0	0	proximal	POLR1G,PPP1R13L	.
chr19:45423474-45424115	1	1	0	0	distal	.	.
chr19:45428066-45428349	1	1	0	0	distal	.	.
chr19:45450720-45451152	2	1	0	0	distal	.	.
chr19:45455793-45456002	5	2	0	0	distal	.	.
chr19:45467646-45468034	1	1	0	0	proximal	FOSB	.
chr19:45469090-45469608	2	1	0	0	distal	.	.
chr19:45469670-45469952	2	1	0	0	distal	.	.
chr19:45479022-45479230	1	1	0	0	proximal	ERCC1	.
chr19:45506537-45506991	1	1	0	0	proximal	VASP	.
chr19:45507314-45507558	2	1	0	0	proximal	VASP	.
chr19:45523729-45524032	2	2	1	1	distal	.	.
chr19:4556374-4556974	1	1	0	0	distal	.	.
chr19:45584222-45585063	1	1	0	0	distal	.	.
chr19:45615727-45616719	1	1	0	0	distal	.	.
chr19:456372-456522	1	1	0	0	distal	.	.
chr19:45641270-45641510	2	1	0	0	proximal	EML2-AS1	.
chr19:45642022-45642328	3	1	0	0	proximal	EML2-AS1	.
chr19:45646155-45646374	4	2	1	1	proximal	EML2	.
chr19:45660624-45660774	1	1	0	0	distal	.	.
chr19:45669496-45669646	2	1	0	0	distal	.	.
chr19:45677182-45677781	2	1	0	0	distal	.	.
chr19:45681552-45681746	1	1	0	0	distal	.	.
chr19:45717223-45718020	4	2	0	0	distal	.	.
chr19:45730300-45731182	1	1	0	0	proximal	FBXO46	.
chr19:4576097-4576247	1	1	0	0	distal	.	.
chr19:45769245-45769731	2	1	0	0	proximal	SIX5	.
chr19:45770282-45771132	1	1	0	0	distal	.	.
chr19:45779267-45779439	2	1	0	0	distal	.	.
chr19:45779508-45779754	3	2	0	0	distal	.	.
chr19:45792698-45793147	2	1	0	0	proximal	DMWD	.
chr19:45817141-45817537	3	2	1	1	distal	.	.
chr19:45826704-45826901	2	1	0	0	distal	.	.
chr19:45837696-45837846	1	1	0	0	distal	.	.
chr19:4584289-4584445	1	1	0	0	distal	.	.
chr19:45862551-45862971	2	1	0	0	proximal	SYMPK	.
chr19:45885833-45886282	2	2	0	0	proximal	IRF2BP1	.
chr19:45902511-45903210	3	2	0	0	proximal	MYPOP	.
chr19:4592561-4592774	1	1	0	0	distal	.	.
chr19:45927720-45928145	2	2	0	0	distal	.	.
chr19:4597829-4598453	3	1	0	0	distal	.	.
chr19:46009653-46010022	1	1	0	0	distal	.	.
chr19:46058349-46058557	1	1	0	0	distal	.	.
chr19:4606890-4607040	2	1	0	0	distal	.	.
chr19:46076998-46077153	4	2	1	1	proximal	IGFL4	.
chr19:46077577-46077846	1	1	0	0	proximal	IGFL4	.
chr19:46078708-46078863	1	1	0	0	distal	.	.
chr19:46107068-46107218	1	1	0	0	distal	.	.
chr19:46123966-46124116	1	1	0	0	proximal	IGFL3	.
chr19:46133187-46133645	1	1	0	0	distal	.	.
chr19:461673-461858	2	1	0	0	proximal	SHC2	.
chr19:4624762-4624924	1	1	0	0	distal	.	.
chr19:46265295-46265764	3	1	0	0	distal	.	.
chr19:46346183-46346333	1	1	0	0	proximal	PPP5C	.
chr19:46346689-46347150	2	1	0	0	proximal	PPP5C	.
chr19:46347271-46347598	3	2	0	0	proximal	PPP5C	.
chr19:4636098-4636487	2	1	0	0	distal	.	.
chr19:4639004-4639591	1	1	0	0	proximal	TNFAIP8L1	.
chr19:46402323-46402473	2	2	0	0	distal	.	.
chr19:46413327-46413824	1	1	0	0	proximal	CCDC8	.
chr19:46416431-46416722	3	2	1	1	distal	.	.
chr19:46435148-46435318	1	1	0	0	distal	.	.
chr19:46448319-46448469	1	1	0	0	distal	.	.
chr19:46454598-46454766	1	1	0	0	distal	.	.
chr19:46529575-46529808	1	1	0	0	distal	.	.
chr19:46600517-46600744	2	2	0	0	proximal	CALM3,PPP5D1P	.
chr19:46614168-46614418	2	2	0	0	distal	.	.
chr19:46638647-46639337	2	2	0	0	distal	.	.
chr19:46662093-46662291	3	2	0	0	distal	.	.
chr19:46678191-46678377	2	1	0	0	distal	.	.
chr19:46687827-46688015	1	1	0	0	distal	.	.
chr19:4669673-4670191	1	1	0	0	proximal	MYDGF	.
chr19:46697203-46697787	2	1	0	0	distal	.	.
chr19:4670277-4670635	1	1	0	0	proximal	MYDGF	.
chr19:46716860-46717436	1	1	0	0	proximal	PRKD2	.
chr19:46729439-46729669	1	1	0	0	proximal	ENSG00000269487	.
chr19:46787296-46787589	1	1	0	0	proximal	ENSG00000275719	.
chr19:46788354-46788840	1	1	0	0	proximal	ENSG00000275719,SLC1A5	.
chr19:4678939-4679359	1	1	0	0	proximal	DPP9-AS1	.
chr19:46840590-46840773	1	1	0	0	distal	.	.
chr19:46850050-46850467	2	1	0	0	proximal	AP2S1	.
chr19:46850535-46851118	5	2	2	2	proximal	AP2S1	.
chr19:46861638-46861795	3	2	0	0	proximal	ARHGAP35	.
chr19:4690467-4690617	1	1	0	0	distal	.	.
chr19:46917043-46917193	1	1	0	0	distal	.	.
chr19:46976503-46976707	2	2	1	1	distal	.	.
chr19:46997547-46997738	1	1	0	0	distal	.	.
chr19:47002919-47003085	1	1	0	0	distal	.	.
chr19:47013029-47013479	3	2	1	1	distal	.	.
chr19:47026217-47026367	2	2	1	1	distal	.	.
chr19:47035821-47036080	1	1	0	0	distal	.	.
chr19:47047913-47048920	1	1	0	0	proximal	TMEM160	.
chr19:47079380-47079557	2	1	0	0	distal	.	.
chr19:47112495-47112741	3	2	1	1	proximal	SAE1	.
chr19:47112852-47113553	2	1	0	0	proximal	SAE1,ZC3H4	.
chr19:47113715-47113870	1	1	0	0	proximal	SAE1,ZC3H4	.
chr19:47130626-47131069	3	2	1	1	distal	.	.
chr19:47131346-47131530	1	1	0	0	distal	.	.
chr19:47226112-47226395	2	2	0	0	distal	.	.
chr19:47227583-47227794	1	1	0	0	distal	.	.
chr19:47231129-47231527	1	1	0	0	distal	.	.
chr19:4723618-4724259	5	2	0	0	proximal	DPP9	.
chr19:47241154-47241320	4	2	1	1	distal	.	.
chr19:47243894-47244668	7	2	1	1	proximal	ENSG00000289915	.
chr19:47274184-47274924	1	1	0	0	proximal	INAFM1	.
chr19:47281359-47281593	2	2	0	0	distal	.	.
chr19:47348987-47349484	2	2	0	0	proximal	DHX34,ENSG00000288827	.
chr19:47391496-47391823	3	2	0	0	distal	.	.
chr19:47422068-47422250	1	1	0	0	distal	.	.
chr19:47447049-47447978	1	1	0	0	distal	.	.
chr19:47471911-47472124	1	1	0	0	proximal	SLC8A2	.
chr19:47483815-47484453	3	2	0	0	proximal	KPTN,NAPA-AS1	.
chr19:47514946-47515599	2	2	1	1	proximal	NAPA	.
chr19:47520944-47521219	4	2	1	1	distal	.	.
chr19:4759840-4760262	4	2	1	1	distal	.	.
chr19:47600293-47600774	3	2	1	1	distal	.	.
chr19:47607875-47608452	3	2	0	0	proximal	BICRA,ENSG00000268746,ENSG00000277383	.
chr19:47608610-47608893	2	2	0	0	proximal	BICRA,ENSG00000277383	.
chr19:47699460-47699610	3	2	1	1	distal	.	.
chr19:47707195-47707584	1	1	0	0	distal	.	.
chr19:47713459-47713609	1	1	0	0	proximal	EHD2	.
chr19:47719744-47719926	2	2	1	1	distal	.	.
chr19:47745399-47745626	3	2	0	0	proximal	NOP53	.
chr19:47765695-47765896	3	1	0	0	distal	.	.
chr19:47778371-47778866	1	1	0	0	proximal	SELENOW	.
chr19:47781739-47781915	3	2	1	1	distal	.	.
chr19:47790516-47790666	2	1	0	0	distal	.	.
chr19:47813861-47814118	1	1	0	0	distal	.	.
chr19:47820573-47820723	1	1	0	0	proximal	CRX	.
chr19:4791179-4791812	1	1	0	0	proximal	ENSG00000268536,FEM1A	.
chr19:47920184-47920489	2	2	0	0	distal	.	.
chr19:47941235-47941504	1	1	0	0	distal	.	.
chr19:47949862-47950535	1	1	0	0	distal	.	.
chr19:4803960-4804155	1	1	0	0	distal	.	.
chr19:48085884-48086034	1	1	0	0	distal	.	.
chr19:48107440-48107590	1	1	0	0	distal	.	.
chr19:48154722-48154872	2	2	0	0	distal	.	.
chr19:48255609-48256069	2	2	0	0	proximal	CARD8,CARD8-AS1	.
chr19:48260218-48260376	2	1	0	0	distal	.	.
chr19:48267057-48267357	3	2	1	1	distal	.	.
chr19:48271167-48271614	2	2	0	0	proximal	ZNF114-AS1	.
chr19:48290470-48290620	1	1	0	0	distal	.	.
chr19:48321251-48321706	1	1	0	0	proximal	EMP3,ODAD1	.
chr19:48321836-48322151	1	1	0	0	proximal	EMP3,ODAD1	.
chr19:48325443-48325608	3	2	0	0	distal	.	.
chr19:48330083-48330409	2	1	0	0	distal	.	.
chr19:48332726-48333281	5	2	2	1	distal	.	.
chr19:48363116-48363402	5	2	2	1	proximal	TMEM143	.
chr19:48390642-48390835	3	2	0	0	proximal	KDELR1	.
chr19:48391225-48391712	1	1	0	0	proximal	KDELR1	.
chr19:48398889-48399183	2	2	0	0	distal	.	.
chr19:48399799-48399989	2	1	0	0	distal	.	.
chr19:48400166-48400406	2	2	0	0	distal	.	.
chr19:48419353-48419540	2	1	0	0	distal	.	.
chr19:4842411-4842648	2	1	0	0	distal	.	.
chr19:48436179-48436329	2	1	0	0	distal	.	.
chr19:48437504-48437654	2	2	1	1	distal	.	.
chr19:48445243-48446271	2	2	0	0	proximal	GRWD1	.
chr19:48468820-48469404	2	2	0	0	proximal	CYTH2,ENSG00000268530	.
chr19:48469657-48469867	2	2	1	1	proximal	CYTH2,ENSG00000268530	.
chr19:48477419-48477580	1	1	0	0	distal	.	.
chr19:48492792-48493684	1	1	0	0	distal	.	.
chr19:48493750-48493900	2	1	0	0	distal	.	.
chr19:48510692-48510856	1	1	0	0	distal	.	.
chr19:48513680-48514061	2	2	0	0	proximal	LMTK3	.
chr19:4851723-4851909	1	1	0	0	distal	.	.
chr19:48565105-48565255	2	2	1	1	distal	.	.
chr19:48584298-48584552	1	1	0	0	distal	.	.
chr19:48619113-48619715	1	1	0	0	proximal	RPL18,SPHK2	.
chr19:48624053-48624426	2	1	0	0	proximal	ENSG00000268093	.
chr19:48634503-48634751	2	2	0	0	distal	.	.
chr19:48638111-48638396	2	1	0	0	proximal	DBP	.
chr19:48645578-48646462	1	1	0	0	proximal	CA11	.
chr19:48660862-48661078	3	2	0	0	distal	.	.
chr19:48661152-48661413	3	2	0	0	distal	.	.
chr19:48675453-48675685	2	1	0	0	distal	.	.
chr19:4870238-4870388	2	1	0	0	distal	.	.
chr19:48713861-48714654	2	2	0	0	distal	.	.
chr19:48720620-48721269	3	2	0	0	distal	.	.
chr19:4872663-4872824	2	1	0	0	distal	.	.
chr19:48737481-48737631	1	1	0	0	distal	.	.
chr19:48737723-48737882	4	2	3	1	distal	.	.
chr19:48738676-48739230	4	2	0	0	distal	.	.
chr19:48741556-48741721	2	2	0	0	distal	.	.
chr19:48745327-48745500	2	2	0	0	distal	.	.
chr19:48746862-48747367	1	1	0	0	proximal	IZUMO1	.
chr19:48788240-48788390	1	1	0	0	distal	.	.
chr19:48795107-48795358	7	2	2	1	distal	.	.
chr19:48805339-48805525	3	2	1	1	distal	.	.
chr19:48810687-48811213	3	2	0	0	proximal	BCAT2	.
chr19:48812243-48812470	1	1	0	0	distal	.	.
chr19:48835484-48835679	7	2	2	1	proximal	HSD17B14	.
chr19:48835806-48836395	1	1	0	0	proximal	HSD17B14	.
chr19:48837134-48837456	1	1	0	0	proximal	HSD17B14	.
chr19:48858746-48858896	2	2	0	0	distal	.	.
chr19:48868364-48868527	2	2	0	0	proximal	PLEKHA4	.
chr19:48875269-48875439	1	1	0	0	distal	.	.
chr19:48896113-48896481	1	1	0	0	distal	.	.
chr19:48899933-48900598	5	2	0	0	proximal	NUCB1	.
chr19:489009-489252	1	1	0	0	proximal	MADCAM1	.
chr19:48933367-48933744	2	2	1	1	proximal	DHDH	.
chr19:48954385-48955227	1	1	0	0	proximal	BAX	.
chr19:48964945-48965387	4	2	0	0	proximal	FTL	.
chr19:48965643-48966020	1	1	0	0	proximal	FTL	.
chr19:49017818-49018204	4	2	1	1	proximal	LHB	.
chr19:49030955-49031117	1	1	0	0	proximal	CGB2	.
chr19:49056160-49056614	3	2	0	0	distal	.	.
chr19:49074975-49075145	1	1	0	0	distal	.	.
chr19:49085056-49085740	2	1	0	0	proximal	SNRNP70	.
chr19:4909750-4910102	1	1	0	0	distal	.	.
chr19:49114011-49114600	4	2	0	0	proximal	LIN7B	.
chr19:49119004-49119392	2	2	0	0	proximal	C19orf73,PPFIA3	.
chr19:49127878-49128669	1	1	0	0	distal	.	.
chr19:49142706-49143179	2	2	0	0	distal	.	.
chr19:49145964-49146337	6	2	1	1	distal	.	.
chr19:49149274-49149601	2	2	0	0	distal	.	.
chr19:49149727-49150020	1	1	0	0	distal	.	.
chr19:49150242-49150422	3	2	0	0	distal	.	.
chr19:49150521-49150733	2	1	0	0	distal	.	.
chr19:491563-491840	3	1	0	0	distal	.	.
chr19:49158278-49158513	3	2	0	0	proximal	TRPM4	.
chr19:49167463-49167676	1	1	0	0	distal	.	.
chr19:491969-492260	2	1	0	0	distal	.	.
chr19:49208377-49208582	3	2	1	1	distal	.	.
chr19:49226124-49226318	1	1	0	0	distal	.	.
chr19:49301344-49301566	1	1	0	0	distal	.	.
chr19:49331981-49332131	2	1	0	0	distal	.	.
chr19:49340017-49340464	3	2	0	0	proximal	ENSG00000197813	.
chr19:49362308-49362478	2	1	0	0	proximal	DKKL1,TEAD2	.
chr19:49363432-49364157	1	1	0	0	distal	.	.
chr19:49391996-49392178	1	1	0	0	distal	.	.
chr19:49392255-49392406	2	2	0	0	distal	.	.
chr19:49403501-49404302	5	2	1	1	distal	.	.
chr19:49443531-49443979	2	2	0	0	distal	.	.
chr19:49451748-49452080	2	2	0	0	distal	.	.
chr19:49452903-49453666	4	2	0	0	proximal	ALDH16A1,PIH1D1	.
chr19:49474456-49474633	4	2	0	0	proximal	ENSG00000273189,FLT3LG	.
chr19:49495897-49496566	1	1	0	0	proximal	RPS11	.
chr19:49503155-49503305	1	1	0	0	distal	.	.
chr19:49506609-49506890	1	1	0	0	proximal	FCGRT	.
chr19:49513033-49513248	6	2	1	1	distal	.	.
chr19:49533581-49533941	1	1	0	0	distal	.	.
chr19:49534056-49534481	2	2	1	1	distal	.	.
chr19:49546967-49547233	2	1	0	0	distal	.	.
chr19:49570199-49570482	1	1	0	0	distal	.	.
chr19:49580431-49580806	4	2	0	0	proximal	PRRG2	.
chr19:49589985-49590409	4	2	0	0	proximal	NOSIP,PRR12	.
chr19:49591046-49591228	4	2	2	2	proximal	NOSIP,PRR12	.
chr19:49593336-49593705	1	1	0	0	distal	.	.
chr19:49625388-49625538	1	1	0	0	proximal	ENSG00000268636	.
chr19:49640126-49640962	1	1	0	0	proximal	RRAS	.
chr19:49664460-49664640	2	1	0	0	proximal	BCL2L12	.
chr19:49672360-49672610	3	1	0	0	distal	.	.
chr19:49676257-49676532	3	2	1	1	proximal	PRMT1	.
chr19:49680748-49680926	3	2	0	0	distal	.	.
chr19:4968547-4969133	2	1	0	0	proximal	KDM4B	.
chr19:49712351-49712761	4	2	0	0	distal	.	.
chr19:49717564-49717754	2	2	0	0	distal	.	.
chr19:49746057-49746755	3	2	0	0	distal	.	.
chr19:49766223-49767087	3	2	0	0	proximal	AP2A1	.
chr19:49802361-49802591	1	1	0	0	distal	.	.
chr19:49813218-49813416	1	1	0	0	distal	.	.
chr19:49817501-49817651	2	1	0	0	proximal	FUZ,MED25	.
chr19:49818172-49818484	1	1	0	0	proximal	FUZ,MED25	.
chr19:49850549-49851180	3	1	0	0	proximal	PTOV1,PTOV1-AS1	.
chr19:49867022-49867172	5	2	0	0	distal	.	.
chr19:49867234-49867735	1	1	0	0	distal	.	.
chr19:49869407-49869868	1	1	0	0	distal	.	.
chr19:49890113-49890698	4	2	2	1	distal	.	.
chr19:49890833-49890985	4	2	0	0	distal	.	.
chr19:49929132-49929315	1	1	0	0	proximal	ATF5,IL4I1,NUP62	.
chr19:49937554-49937934	1	1	0	0	distal	.	.
chr19:49987176-49987363	3	1	0	0	distal	.	.
chr19:50004013-50004207	2	1	0	0	distal	.	.
chr19:50011787-50011937	1	1	0	0	distal	.	.
chr19:50025133-50025766	1	1	0	0	proximal	VRK3,ZNF473	.
chr19:50025872-50026131	2	1	0	0	proximal	VRK3,ZNF473	.
chr19:50050427-50050909	1	1	0	0	proximal	ENSG00000269091,ZNF473CR	.
chr19:50095394-50095604	3	2	0	0	distal	.	.
chr19:50098900-50099285	2	1	0	0	distal	.	.
chr19:50099420-50099570	2	1	0	0	distal	.	.
chr19:50103651-50104061	2	2	0	0	distal	.	.
chr19:50117416-50117827	3	2	0	0	distal	.	.
chr19:50121941-50122229	1	1	0	0	distal	.	.
chr19:50133639-50134015	2	2	0	0	distal	.	.
chr19:50134207-50134483	5	2	2	1	distal	.	.
chr19:50137010-50137328	1	1	0	0	distal	.	.
chr19:50147672-50148393	2	1	0	0	proximal	ENSG00000287001	.
chr19:50167627-50167777	1	1	0	0	distal	.	.
chr19:50203292-50203862	2	1	0	0	distal	.	.
chr19:50290758-50290979	1	1	0	0	distal	.	.
chr19:50312232-50312397	1	1	0	0	distal	.	.
chr19:5031660-5031887	1	1	0	0	distal	.	.
chr19:50325636-50325881	2	2	0	0	distal	.	.
chr19:50328998-50329625	1	1	0	0	proximal	NR1H2	.
chr19:50333508-50333674	2	1	0	0	proximal	KCNC3	.
chr19:50376318-50376517	2	2	0	0	distal	.	.
chr19:50376662-50377247	2	1	0	0	distal	.	.
chr19:50383887-50384732	3	2	0	0	proximal	POLD1	.
chr19:50414490-50414749	3	2	1	1	distal	.	.
chr19:50431600-50432152	4	2	0	0	distal	.	.
chr19:50476164-50476602	1	1	0	0	proximal	EMC10,GARIN5A	.
chr19:50476712-50477004	1	1	0	0	proximal	EMC10,GARIN5A	.
chr19:50511033-50511818	1	1	0	0	proximal	JOSD2	.
chr19:50542295-50542553	1	1	0	0	distal	.	.
chr19:50607790-50608331	2	2	0	0	distal	.	.
chr19:50658869-50659288	1	1	0	0	distal	.	.
chr19:50679460-50679663	3	2	0	0	distal	.	.
chr19:50728422-50728614	1	1	0	0	distal	.	.
chr19:50748885-50749101	3	1	0	0	distal	.	.
chr19:507821-508022	1	1	0	0	proximal	MADCAM1-AS1,TPGS1	.
chr19:50804247-50804697	2	1	0	0	distal	.	.
chr19:50804760-50805164	2	1	0	0	distal	.	.
chr19:50812762-50812922	1	1	0	0	distal	.	.
chr19:50844109-50844447	1	1	0	0	distal	.	.
chr19:50896570-50896938	2	1	0	0	proximal	KLKP1	.
chr19:50909296-50909715	3	2	0	0	distal	.	.
chr19:50911312-50911462	1	1	0	0	proximal	KLK4	.
chr19:50981034-50981431	4	2	0	0	distal	.	.
chr19:51002604-51003048	1	1	0	0	proximal	KLK8	.
chr19:51026151-51026301	2	1	0	0	distal	.	.
chr19:51108112-51108649	1	1	0	0	proximal	CTU1	.
chr19:51366299-51366664	2	1	0	0	proximal	ENSG00000268520,ETFB	.
chr19:51367302-51367925	1	1	0	0	proximal	ENSG00000269403	.
chr19:51394133-51394860	2	1	0	0	proximal	LIM2-AS1	.
chr19:5154215-5154448	1	1	0	0	distal	.	.
chr19:51594286-51594692	1	1	0	0	proximal	LINC01530	.
chr19:51688069-51688515	1	1	0	0	proximal	SPACA6	.
chr19:51688739-51689281	1	1	0	0	proximal	SPACA6	.
chr19:51690764-51690914	1	1	0	0	distal	.	.
chr19:51704136-51704449	2	1	0	0	distal	.	.
chr19:52049293-52049463	1	1	0	0	proximal	ENSG00000275055	.
chr19:52570065-52570535	1	1	0	0	distal	.	.
chr19:5265018-5265207	1	1	0	0	distal	.	.
chr19:52734082-52734232	1	1	0	0	proximal	ZNF611	.
chr19:52923356-52923567	2	1	0	0	proximal	ZNF888,ZNF888-AS1	.
chr19:5292985-5293389	1	1	0	0	distal	.	.
chr19:52942002-52942160	1	1	0	0	distal	.	.
chr19:52962784-52963169	1	1	0	0	proximal	ZNF816,ZNF816-ZNF321P	.
chr19:531024-531224	1	1	0	0	proximal	CDC34	.
chr19:53103518-53103797	2	1	0	0	proximal	ZNF160	.
chr19:53333827-53334051	1	1	0	0	proximal	ZNF845	.
chr19:5340062-5340320	4	1	0	0	proximal	PTPRS	.
chr19:5340422-5340630	1	1	0	0	proximal	PTPRS	.
chr19:5340749-5341228	1	1	0	0	proximal	PTPRS	.
chr19:5350420-5350608	2	1	0	0	distal	.	.
chr19:53842183-53842438	1	1	0	0	distal	.	.
chr19:53867482-53867936	1	1	0	0	distal	.	.
chr19:53889525-53890244	1	1	0	0	distal	.	.
chr19:53942175-53942692	1	1	0	0	distal	.	.
chr19:54008637-54008787	1	1	0	0	distal	.	.
chr19:5404102-5404499	1	1	0	0	distal	.	.
chr19:54102745-54102962	1	1	0	0	proximal	NDUFA3,OSCAR	.
chr19:54136939-54137219	1	1	0	0	proximal	CNOT3	.
chr19:54137520-54137845	4	2	1	1	proximal	CNOT3	.
chr19:54162238-54162444	1	1	0	0	distal	.	.
chr19:54200941-54201225	2	2	1	1	proximal	RPS9	.
chr19:54206699-54206877	2	2	1	1	distal	.	.
chr19:5436534-5436884	2	1	0	0	distal	.	.
chr19:54432321-54432573	1	1	0	0	distal	.	.
chr19:55088612-55088888	2	1	0	0	distal	.	.
chr19:55117628-55117988	1	1	0	0	proximal	PPP1R12C	.
chr19:55146680-55147114	1	1	0	0	distal	.	.
chr19:55156395-55156581	2	1	0	0	distal	.	.
chr19:55156678-55157196	3	2	1	1	proximal	TNNI3	.
chr19:55160626-55160999	1	1	0	0	proximal	ENSG00000267110	.
chr19:55166028-55166315	2	1	0	0	proximal	DNAAF3	.
chr19:55166500-55166894	1	1	0	0	proximal	DNAAF3	.
chr19:55166955-55167152	1	1	0	0	proximal	DNAAF3	.
chr19:55216962-55217173	2	1	0	0	proximal	ENSG00000267649,ENSG00000286230	.
chr19:55279708-55280591	1	1	0	0	proximal	HSPBP1	.
chr19:55341214-55341411	2	2	1	1	distal	.	.
chr19:55362490-55362659	2	1	0	0	proximal	GARIN5B	.
chr19:5536583-5536834	1	1	0	0	distal	.	.
chr19:55384780-55385208	2	2	0	0	proximal	RPL28,TMEM238	.
chr19:55385573-55386046	2	2	0	0	proximal	RPL28	.
chr19:55452992-55453249	1	1	0	0	distal	.	.
chr19:55476471-55476906	2	2	0	0	proximal	ZNF628,ZNF628-DT	.
chr19:55477136-55477293	1	1	0	0	proximal	ZNF628,ZNF628-DT	.
chr19:55503834-55503992	1	1	0	0	distal	.	.
chr19:55504094-55504250	1	1	0	0	distal	.	.
chr19:55516981-55517228	2	1	0	0	distal	.	.
chr19:55579811-55580235	1	1	0	0	proximal	ZNF579	.
chr19:55580778-55581098	3	2	1	1	proximal	ZNF579	.
chr19:55587328-55587535	2	2	0	0	distal	.	.
chr19:55599490-55599822	2	1	0	0	proximal	ZNF524	.
chr19:55604974-55605742	5	2	1	1	proximal	ZNF865	.
chr19:55606333-55606564	3	1	0	0	proximal	ZNF865	.
chr19:55624055-55624972	1	1	0	0	proximal	ZNF784	.
chr19:556260-556537	1	1	0	0	distal	.	.
chr19:55634850-55635313	3	2	0	0	proximal	ZNF580,ZNF581	.
chr19:55641188-55641338	2	2	1	1	proximal	CCDC106	.
chr19:55655250-55655418	4	2	1	1	distal	.	.
chr19:55674852-55675341	2	1	0	0	proximal	ENSG00000267523,EPN1	.
chr19:5578083-5578291	3	1	0	0	proximal	TINCR	.
chr19:56120439-56120609	1	1	0	0	proximal	ZNF787	.
chr19:56120839-56121747	2	1	0	0	proximal	ZNF787	.
chr19:56140643-56141354	1	1	0	0	distal	.	.
chr19:5615464-5615661	1	1	0	0	distal	.	.
chr19:5622394-5622616	3	2	1	1	proximal	SAFB	.
chr19:5622696-5623162	1	1	0	0	proximal	SAFB	.
chr19:5650061-5650211	1	1	0	0	distal	.	.
chr19:56567312-56567968	1	1	0	0	proximal	ZNF470,ZNF470-DT	.
chr19:5680880-5681259	2	1	0	0	proximal	HSD11B1L,MICOS13	.
chr19:5690058-5690385	1	1	0	0	distal	.	.
chr19:571200-571497	2	1	0	0	proximal	BSG,BSG-AS1	.
chr19:5720031-5721146	1	1	0	0	proximal	CATSPERD,LONP1	.
chr19:572228-572614	1	1	0	0	proximal	BSG-AS1	.
chr19:57240550-57240881	2	2	1	1	proximal	ZNF805	.
chr19:57279750-57280051	2	2	1	1	proximal	ZNF460,ZNF460-AS1	.
chr19:57351012-57351310	1	1	0	0	proximal	ENSG00000268678,ZNF304	.
chr19:57363177-57363591	1	1	0	0	proximal	ENSG00000268133,TRAPPC2B,ZNF547	.
chr19:57435021-57435647	2	1	0	0	proximal	ZNF749	.
chr19:57477231-57477920	1	1	0	0	proximal	ENSG00000268163,ENSG00000268266,ZNF772	.
chr19:57527161-57527525	1	1	0	0	proximal	ZNF549	.
chr19:57578880-57579137	1	1	0	0	proximal	ZIK1,ZNF416	.
chr19:57599731-57599931	1	1	0	0	proximal	ZNF530	.
chr19:57746634-57747133	2	1	0	0	proximal	ZNF776	.
chr19:57814731-57814983	1	1	0	0	proximal	ZNF552	.
chr19:57819349-57819505	1	1	0	0	proximal	ENSG00000268750,ZNF587B	.
chr19:5790553-5790906	4	1	0	0	proximal	DUS3L	.
chr19:5791127-5791565	2	2	1	1	proximal	DUS3L	.
chr19:57916172-57916809	1	1	0	0	proximal	ENSG00000269476,ZNF417	.
chr19:5794223-5794373	2	1	0	0	distal	.	.
chr19:57947583-57947903	3	2	1	1	proximal	ZNF256	.
chr19:5803988-5804324	2	1	0	0	proximal	NRTN	.
chr19:5804892-5805055	1	1	0	0	proximal	NRTN	.
chr19:5805931-5806120	2	2	1	1	proximal	NRTN	.
chr19:58098218-58098459	1	1	0	0	distal	.	.
chr19:5823637-5823787	1	1	0	0	distal	.	.
chr19:5827786-5828739	2	1	0	0	proximal	ENSG00000289543	.
chr19:58279137-58279566	1	1	0	0	proximal	ZNF8,ZNF8-DT,ZNF8-ERVK3-1	.
chr19:583048-583522	2	2	0	0	distal	.	.
chr19:58305184-58305850	1	1	0	0	proximal	ERVK3-1	.
chr19:58326792-58327117	1	1	0	0	proximal	ENSG00000283103,ZSCAN22	.
chr19:58347121-58347312	1	1	0	0	proximal	A1BG-AS1	.
chr19:58347586-58347820	2	1	0	0	proximal	A1BG-AS1	.
chr19:58362433-58363075	4	1	0	0	proximal	ENSG00000268230,ZNF497,ZNF497-AS1	.
chr19:58386679-58387292	3	1	0	0	proximal	RPS5	.
chr19:58394656-58394843	2	1	0	0	proximal	RNF225	.
chr19:58401123-58401640	2	1	0	0	proximal	ZNF584	.
chr19:58408364-58408796	2	1	0	0	proximal	ZNF584-DT	.
chr19:58409126-58409307	2	1	0	0	proximal	ZNF584-DT	.
chr19:58422389-58422539	1	1	0	0	distal	.	.
chr19:58451208-58452042	1	1	0	0	proximal	ZNF324B	.
chr19:58475940-58476454	1	1	0	0	proximal	ENSG00000269106	.
chr19:58554985-58555354	1	1	0	0	proximal	CHMP2A	.
chr19:58559469-58559795	1	1	0	0	proximal	MZF1-AS1,UBE2M	.
chr19:58575266-58575816	1	1	0	0	proximal	ENSG00000286104	.
chr19:58581011-58581520	2	1	0	0	distal	.	.
chr19:5859859-5860009	1	1	0	0	distal	.	.
chr19:588259-588426	2	2	0	0	distal	.	.
chr19:5886150-5886304	1	1	0	0	distal	.	.
chr19:5977614-5977918	1	1	0	0	proximal	RANBP3,RANBP3-DT	.
chr19:6092350-6092719	1	1	0	0	distal	.	.
chr19:6110411-6110890	2	1	0	0	distal	.	.
chr19:6199386-6199935	1	1	0	0	proximal	RFX2	.
chr19:6205078-6205228	1	1	0	0	distal	.	.
chr19:624146-624482	3	1	0	0	distal	.	.
chr19:6301370-6301520	1	1	0	0	distal	.	.
chr19:632611-632775	2	2	1	1	proximal	POLRMT	.
chr19:632892-633106	4	2	0	0	proximal	POLRMT	.
chr19:6372417-6372825	3	1	0	0	proximal	ALKBH7	.
chr19:6372999-6373672	2	1	0	0	proximal	ALKBH7	.
chr19:6393112-6393324	1	1	0	0	proximal	GTF2F1	.
chr19:6393385-6394451	1	1	0	0	proximal	GTF2F1	.
chr19:6412376-6412630	2	1	0	0	distal	.	.
chr19:6424777-6425664	3	1	0	0	proximal	KHSRP	.
chr19:6460108-6460804	2	1	0	0	distal	.	.
chr19:6476191-6476960	6	1	0	0	distal	.	.
chr19:6516024-6516700	3	1	0	0	distal	.	.
chr19:6516901-6517153	1	1	0	0	distal	.	.
chr19:6530811-6531258	1	1	0	0	proximal	TNFSF9	.
chr19:6531318-6531505	2	1	0	0	proximal	TNFSF9	.
chr19:663064-663523	3	2	0	0	proximal	ENSG00000267666,RNF126	.
chr19:6709800-6709965	1	1	0	0	distal	.	.
chr19:680329-681210	1	1	0	0	distal	.	.
chr19:6828639-6829495	2	1	0	0	distal	.	.
chr19:6863565-6863769	1	1	0	0	distal	.	.
chr19:703611-704368	3	2	0	0	distal	.	.
chr19:7068975-7070117	2	1	0	0	proximal	MBD3L3,ZNF557	.
chr19:7150684-7150834	1	1	0	0	distal	.	.
chr19:7168828-7168979	1	1	0	0	distal	.	.
chr19:7197686-7198339	2	1	0	0	distal	.	.
chr19:7199756-7200058	1	1	0	0	distal	.	.
chr19:7262997-7263306	1	1	0	0	distal	.	.
chr19:7294304-7294661	1	1	0	0	proximal	INSR	.
chr19:7315458-7315608	1	1	0	0	distal	.	.
chr19:7354508-7354667	1	1	0	0	distal	.	.
chr19:737876-738228	2	2	0	0	distal	.	.
chr19:7395021-7395219	1	1	0	0	proximal	ARHGEF18-AS1	.
chr19:7488900-7489231	1	1	0	0	distal	.	.
chr19:7500967-7501193	3	2	1	1	distal	.	.
chr19:7507955-7508109	2	1	0	0	proximal	ENSG00000267952	.
chr19:7515604-7516125	1	1	0	0	proximal	ZNF358	.
chr19:7522378-7522789	3	1	0	0	proximal	MCOLN1	.
chr19:7534641-7534821	1	1	0	0	proximal	PNPLA6	.
chr19:7550550-7550778	2	1	0	0	distal	.	.
chr19:7558058-7558218	1	1	0	0	distal	.	.
chr19:7585686-7585836	1	1	0	0	distal	.	.
chr19:7605019-7605251	2	2	1	1	distal	.	.
chr19:7605402-7605973	2	1	0	0	distal	.	.
chr19:7629488-7629911	2	1	0	0	proximal	ENSG00000268400,PET100,XAB2	.
chr19:7680685-7681017	2	1	0	0	proximal	TRAPPC5	.
chr19:770137-770287	1	1	0	0	distal	.	.
chr19:7751524-7751674	2	1	0	0	distal	.	.
chr19:782123-782513	3	2	0	0	proximal	ENSG00000272473,LINC01836	.
chr19:7829459-7830274	1	1	0	0	proximal	EVI5L	.
chr19:7868779-7869103	2	1	0	0	distal	.	.
chr19:7870021-7870948	1	1	0	0	proximal	ENSG00000268120	.
chr19:7871439-7871589	2	1	0	0	proximal	ENSG00000268120	.
chr19:7872006-7872328	1	1	0	0	distal	.	.
chr19:7888699-7888853	2	1	0	0	proximal	LRRC8E	.
chr19:789250-789483	1	1	0	0	distal	.	.
chr19:7920283-7921051	4	2	1	1	proximal	SNAPC2	.
chr19:7925289-7925440	1	1	0	0	proximal	CTXN1,ENSG00000269139	.
chr19:7925639-7925835	1	1	0	0	proximal	CTXN1,ENSG00000269139	.
chr19:7943539-7944087	1	1	0	0	proximal	ENSG00000286138,TIMM44	.
chr19:796833-797635	1	1	0	0	proximal	PTBP1	.
chr19:7970834-7971003	3	2	1	1	distal	.	.
chr19:797701-797971	3	2	0	0	proximal	PTBP1	.
chr19:8002414-8002749	4	1	0	0	distal	.	.
chr19:8027394-8027553	1	1	0	0	distal	.	.
chr19:8050348-8051097	1	1	0	0	distal	.	.
chr19:8208954-8209141	2	2	1	1	distal	.	.
chr19:8209232-8209387	2	1	0	0	distal	.	.
chr19:8210192-8210374	1	1	0	0	distal	.	.
chr19:8240276-8240804	1	1	0	0	proximal	ENSG00000271717	.
chr19:8269027-8269272	2	1	0	0	distal	.	.
chr19:8321066-8321610	1	1	0	0	proximal	ENSG00000167774,NDUFA7,RPS28	.
chr19:8343043-8343555	2	1	0	0	proximal	KANK3	.
chr19:8389665-8390509	1	1	0	0	proximal	RAB11B,RAB11B-AS1	.
chr19:8390625-8391004	2	2	1	1	proximal	RAB11B,RAB11B-AS1	.
chr19:8396677-8396962	1	1	0	0	distal	.	.
chr19:8412686-8413548	1	1	0	0	proximal	MARCHF2	.
chr19:8418141-8418334	1	1	0	0	distal	.	.
chr19:8424008-8424261	2	1	0	0	distal	.	.
chr19:8505919-8506616	1	1	0	0	distal	.	.
chr19:851429-851579	1	1	0	0	proximal	ELANE	.
chr19:862176-862501	4	2	0	0	distal	.	.
chr19:862727-862929	2	1	0	0	distal	.	.
chr19:869375-869581	1	1	0	0	distal	.	.
chr19:871833-871983	1	1	0	0	distal	.	.
chr19:872769-873088	2	1	0	0	distal	.	.
chr19:893109-893266	2	2	0	0	proximal	MED16	.
chr19:893367-893519	1	1	0	0	proximal	MED16	.
chr19:900660-900863	2	1	0	0	distal	.	.
chr19:9027980-9028130	1	1	0	0	distal	.	.
chr19:913128-913311	2	1	0	0	proximal	R3HDM4	.
chr19:9136605-9136757	1	1	0	0	distal	.	.
chr19:9140282-9140493	1	1	0	0	proximal	ZNF317	.
chr19:9140561-9140794	1	1	0	0	proximal	ZNF317	.
chr19:925029-925795	1	1	0	0	proximal	ARID3A	.
chr19:9584419-9584887	1	1	0	0	proximal	ZNF121	.
chr19:9768435-9769165	3	2	0	0	distal	.	.
chr19:9785251-9786272	2	1	0	0	distal	.	.
chr19:9791627-9792747	1	1	0	0	proximal	ZNF846	.
chr19:9818741-9818943	2	1	0	0	distal	.	.
chr19:9819006-9819724	1	1	0	0	distal	.	.
chr19:9827457-9828246	1	1	0	0	proximal	FBXL12,UBL5	.
chr19:9834701-9835581	5	3	1	1	proximal	PIN1,PIN1-DT	.
chr19:984224-984486	1	1	0	0	proximal	WDR18	.
chr19:984665-984926	1	1	0	0	proximal	WDR18	.
chr19:9846994-9847226	1	1	0	0	distal	.	.
chr19:991390-991947	2	1	0	0	distal	.	.
chr19:9934204-9934727	2	1	0	0	distal	.	.
chr19:9945467-9945823	2	2	0	0	distal	.	.
chr1:100006042-100006284	1	1	0	0	distal	.	.
chr1:1000090-1000331	1	1	0	0	proximal	HES4,ISG15	.
chr1:100024442-100024765	1	1	0	0	distal	.	.
chr1:100037975-100038587	1	1	0	0	proximal	ENSG00000288826,MFSD14A	.
chr1:1000702-1000975	2	2	0	0	proximal	HES4,ISG15	.
chr1:100132630-100133479	1	1	0	0	proximal	SASS6,TRMT13	.
chr1:100166906-100167065	1	1	0	0	distal	.	.
chr1:100249190-100249671	2	1	0	0	proximal	DBT	.
chr1:100266031-100266489	4	2	1	1	proximal	RTCA,RTCA-AS1	.
chr1:100266686-100266836	1	1	0	0	proximal	RTCA,RTCA-AS1	.
chr1:10032451-10033225	2	1	0	0	proximal	UBE4B	.
chr1:10034985-10035279	1	1	0	0	distal	.	.
chr1:100351117-100351718	1	1	0	0	distal	.	.
chr1:100352152-100352679	1	1	0	0	distal	.	.
chr1:100425472-100425622	1	1	0	0	distal	.	.
chr1:100459370-100459819	4	2	1	1	distal	.	.
chr1:100539686-100539841	2	2	1	1	distal	.	.
chr1:100794798-100795175	2	2	1	1	distal	.	.
chr1:100894678-100895327	1	1	0	0	proximal	ENSG00000273204,EXTL2	.
chr1:100895730-100896135	2	2	1	1	proximal	EXTL2,SLC30A7	.
chr1:100949473-100949691	1	1	0	0	distal	.	.
chr1:100977726-100978004	1	1	0	0	distal	.	.
chr1:101025735-101026393	1	1	0	0	proximal	DPH5,DPH5-DT	.
chr1:101238777-101239000	2	2	1	1	distal	.	.
chr1:1014933-1015115	1	1	0	0	distal	.	.
chr1:10165552-10165707	1	1	0	0	distal	.	.
chr1:10209823-10210635	2	1	0	0	proximal	KIF1B	.
chr1:10219755-10220244	1	1	0	0	distal	.	.
chr1:1040812-1041100	2	1	0	0	distal	.	.
chr1:10430206-10430836	1	1	0	0	proximal	CENPS,CENPS-CORT,ENSG00000271989	.
chr1:10474816-10475209	1	1	0	0	distal	.	.
chr1:10494728-10495007	2	1	0	0	distal	.	.
chr1:10495082-10495302	1	1	0	0	distal	.	.
chr1:1058308-1058468	2	1	0	0	distal	.	.
chr1:1063805-1064095	3	2	1	1	proximal	ENSG00000273443	.
chr1:108000579-108000729	1	1	0	0	distal	.	.
chr1:1080203-1080390	1	1	0	0	distal	.	.
chr1:108182519-108182670	2	1	0	0	distal	.	.
chr1:108559806-108560118	2	1	0	0	proximal	FAM102B	.
chr1:10866882-10867032	1	1	0	0	distal	.	.
chr1:108714689-108714994	1	1	0	0	distal	.	.
chr1:108773263-108773414	1	1	0	0	distal	.	.
chr1:108806954-108807113	1	1	0	0	distal	.	.
chr1:108816442-108816735	1	1	0	0	distal	.	.
chr1:108876532-108877556	1	1	0	0	distal	.	.
chr1:109041853-109042497	3	1	0	0	proximal	WDR47	.
chr1:109055885-109056071	1	1	0	0	distal	.	.
chr1:109090408-109091045	1	1	0	0	proximal	TMEM167B,TMEM167B-DT	.
chr1:109099343-109099496	1	1	0	0	proximal	ENSG00000270066	.
chr1:109149419-109149615	2	1	0	0	distal	.	.
chr1:109197451-109197792	1	1	0	0	distal	.	.
chr1:109213699-109214513	1	1	0	0	proximal	SARS1	.
chr1:109249400-109249625	1	1	0	0	proximal	CELSR2	.
chr1:109263663-109263912	1	1	0	0	distal	.	.
chr1:109277469-109277631	3	2	1	1	distal	.	.
chr1:109282884-109283827	1	1	0	0	proximal	PSRC1	.
chr1:109357614-109357840	1	1	0	0	distal	.	.
chr1:109397889-109398338	1	1	0	0	proximal	SORT1	.
chr1:109426027-109426960	1	1	0	0	proximal	PSMA5	.
chr1:109466360-109466517	1	1	0	0	proximal	SYPL2	.
chr1:109466616-109466915	1	1	0	0	proximal	SYPL2	.
chr1:109483697-109484305	1	1	0	0	proximal	ATXN7L2	.
chr1:109494199-109494628	1	1	0	0	proximal	CYB561D1	.
chr1:109509328-109510011	2	2	1	1	proximal	AMIGO1	.
chr1:109532410-109532639	1	1	0	0	distal	.	.
chr1:109532854-109533118	2	1	0	0	distal	.	.
chr1:109547994-109548192	1	1	0	0	proximal	ENSG00000290117,GNAI3	.
chr1:109548479-109548731	1	1	0	0	proximal	ENSG00000290117,GNAI3	.
chr1:109548840-109549349	1	1	0	0	proximal	ENSG00000290117,GNAI3	.
chr1:10961103-10961264	2	1	0	0	distal	.	.
chr1:109620804-109621085	3	1	0	0	distal	.	.
chr1:109643865-109644097	1	1	0	0	distal	.	.
chr1:109668351-109668501	1	1	0	0	proximal	GSTM2	.
chr1:109716997-109717171	1	1	0	0	distal	.	.
chr1:10973549-10973699	1	1	0	0	distal	.	.
chr1:109740970-109741120	1	1	0	0	proximal	GSTM3	.
chr1:109792142-109792384	3	1	0	0	distal	.	.
chr1:109910570-109911175	5	2	1	1	proximal	CSF1	.
chr1:109931230-109931579	1	1	0	0	distal	.	.
chr1:110034422-110035334	1	1	0	0	distal	.	.
chr1:110106168-110106399	1	1	0	0	distal	.	.
chr1:11012164-11012457	2	1	0	0	proximal	TARDBP	.
chr1:11012522-11013188	1	1	0	0	proximal	TARDBP	.
chr1:110209710-110210613	2	1	0	0	proximal	KCNC4,KCNC4-DT	.
chr1:110312648-110312842	1	1	0	0	distal	.	.
chr1:110338748-110339507	2	1	0	0	proximal	RBM15,RBM15-AS1	.
chr1:110407350-110408024	1	1	0	0	proximal	LAMTOR5	.
chr1:110433879-110434029	3	1	0	0	distal	.	.
chr1:110450268-110450418	2	1	0	0	proximal	PROK1	.
chr1:110466018-110466177	1	1	0	0	distal	.	.
chr1:110467801-110467988	1	1	0	0	distal	.	.
chr1:110496054-110496267	1	1	0	0	distal	.	.
chr1:110524565-110524745	1	1	0	0	distal	.	.
chr1:110550105-110550393	2	1	0	0	distal	.	.
chr1:11059482-11059634	2	1	0	0	proximal	SRM	.
chr1:11059750-11060456	2	1	0	0	proximal	SRM	.
chr1:110630810-110631038	1	1	0	0	proximal	KCNA2	.
chr1:110674500-110674765	1	1	0	0	proximal	KCNA3	.
chr1:110720678-110720835	1	1	0	0	distal	.	.
chr1:110724092-110724242	2	1	0	0	distal	.	.
chr1:110730138-110730365	1	1	0	0	distal	.	.
chr1:1108141-1108346	2	1	0	0	distal	.	.
chr1:11099319-11099509	2	1	0	0	proximal	EXOSC10,EXOSC10-AS1	.
chr1:11099766-11100085	2	1	0	0	proximal	EXOSC10,EXOSC10-AS1	.
chr1:111032341-111032524	1	1	0	0	distal	.	.
chr1:111202613-111202797	1	1	0	0	distal	.	.
chr1:111441711-111441895	1	1	0	0	proximal	ENSG00000243960	.
chr1:111592838-111593260	1	1	0	0	distal	.	.
chr1:111599776-111600002	1	1	0	0	distal	.	.
chr1:111619563-111620112	1	1	0	0	distal	.	.
chr1:111699461-111699611	1	1	0	0	distal	.	.
chr1:1122205-1122379	1	1	0	0	distal	.	.
chr1:112337019-112337272	1	1	0	0	distal	.	.
chr1:112390480-112390767	1	1	0	0	distal	.	.
chr1:112390834-112391103	1	1	0	0	distal	.	.
chr1:112395954-112396503	1	1	0	0	proximal	CTTNBP2NL	.
chr1:11262497-11262985	1	1	0	0	proximal	MTOR	.
chr1:112700683-112701085	1	1	0	0	distal	.	.
chr1:112705094-112705406	1	1	0	0	distal	.	.
chr1:112707375-112707546	1	1	0	0	proximal	RHOC	.
chr1:112716315-112716486	2	2	1	1	proximal	PPM1J-DT	.
chr1:11272898-11273629	1	1	0	0	proximal	UBIAD1	.
chr1:112986055-112986225	2	2	1	1	distal	.	.
chr1:113115174-113115420	2	2	1	1	distal	.	.
chr1:113683419-113683569	2	1	0	0	distal	.	.
chr1:113811672-113812026	1	1	0	0	proximal	ENSG00000231128,RSBN1	.
chr1:113812134-113812770	1	1	0	0	proximal	ENSG00000231128,RSBN1	.
chr1:113929176-113929707	1	1	0	0	proximal	HIPK1,HIPK1-AS1	.
chr1:113930401-113930592	1	1	0	0	distal	.	.
chr1:114134787-114134937	2	1	0	0	distal	.	.
chr1:114152627-114152777	1	1	0	0	distal	.	.
chr1:114346146-114346445	1	1	0	0	distal	.	.
chr1:114346513-114346854	2	1	0	0	distal	.	.
chr1:114581523-114581941	3	1	0	0	proximal	BCAS2	.
chr1:114717036-114717191	1	1	0	0	proximal	NRAS	.
chr1:114767100-114767357	1	1	0	0	distal	.	.
chr1:114780279-114780927	2	2	1	1	proximal	SIKE1	.
chr1:114886007-114886201	2	2	1	1	distal	.	.
chr1:115193989-115194139	1	1	0	0	distal	.	.
chr1:115337719-115337886	1	1	0	0	proximal	NGF	.
chr1:115469776-115469942	2	2	1	1	distal	.	.
chr1:115507283-115507433	1	1	0	0	distal	.	.
chr1:115513956-115514165	1	1	0	0	distal	.	.
chr1:115641597-115642054	1	1	0	0	proximal	VANGL1	.
chr1:115642367-115643016	1	1	0	0	proximal	VANGL1	.
chr1:1157372-1157580	1	1	0	0	distal	.	.
chr1:115838769-115839009	1	1	0	0	distal	.	.
chr1:115946625-115946775	1	1	0	0	distal	.	.
chr1:115975919-115976887	1	1	0	0	proximal	SLC22A15	.
chr1:115981468-115981673	1	1	0	0	distal	.	.
chr1:116168488-116168681	1	1	0	0	distal	.	.
chr1:116247220-116247370	2	1	0	0	distal	.	.
chr1:116418272-116418753	1	1	0	0	distal	.	.
chr1:116444164-116444356	1	1	0	0	distal	.	.
chr1:11654717-11654934	1	1	0	0	proximal	FBXO2,FBXO44	.
chr1:116643368-116643518	1	1	0	0	distal	.	.
chr1:116667727-116667914	1	1	0	0	proximal	IGSF3	.
chr1:11736481-11736684	2	1	0	0	proximal	AGTRAP	.
chr1:117605618-117606149	1	1	0	0	proximal	TENT5C,TENT5C-DT	.
chr1:11762025-11762228	1	1	0	0	proximal	C1orf167	.
chr1:11791325-11791532	2	1	0	0	distal	.	.
chr1:117947022-117947172	1	1	0	0	distal	.	.
chr1:118300945-118301280	1	1	0	0	distal	.	.
chr1:1183020-1183170	3	2	1	1	distal	.	.
chr1:11838723-11839012	1	1	0	0	distal	.	.
chr1:118472305-118472470	1	1	0	0	distal	.	.
chr1:11859240-11859577	1	1	0	0	proximal	NPPB	.
chr1:11909208-11909847	1	1	0	0	distal	.	.
chr1:119244366-119244767	1	1	0	0	distal	.	.
chr1:119549786-119550136	1	1	0	0	distal	.	.
chr1:119611676-119612087	1	1	0	0	distal	.	.
chr1:119613836-119614031	1	1	0	0	distal	.	.
chr1:119663253-119663403	2	1	0	0	distal	.	.
chr1:119687520-119687713	1	1	0	0	distal	.	.
chr1:119712499-119713059	2	1	0	0	distal	.	.
chr1:11979886-11980542	2	1	0	0	proximal	ENSG00000287384,MFN2	.
chr1:120176140-120176655	1	1	0	0	proximal	SEC22B	.
chr1:12018923-12019761	1	1	0	0	proximal	MIIP	.
chr1:120558355-120558922	1	1	0	0	distal	.	.
chr1:120850325-120850606	1	1	0	0	proximal	ENSG00000287979	.
chr1:12118693-12118862	1	1	0	0	distal	.	.
chr1:12236197-12236347	1	1	0	0	distal	.	.
chr1:1231890-1232389	4	3	1	1	proximal	B3GALT6,SDF4	.
chr1:12478075-12478600	1	1	0	0	distal	.	.
chr1:12539975-12540533	1	1	0	0	distal	.	.
chr1:12658684-12658834	1	1	0	0	distal	.	.
chr1:1289981-1290414	1	1	0	0	distal	.	.
chr1:1291970-1292120	1	1	0	0	distal	.	.
chr1:1307835-1308137	2	1	0	0	proximal	PUSL1	.
chr1:1324346-1324887	3	1	0	0	proximal	CPTP,INTS11	.
chr1:13469515-13469698	1	1	0	0	distal	.	.
chr1:1375153-1375627	1	1	0	0	proximal	AURKAIP1	.
chr1:1382573-1382819	3	2	1	1	distal	.	.
chr1:1407131-1407468	2	1	0	0	proximal	MRPL20	.
chr1:143184990-143185380	1	1	0	0	distal	.	.
chr1:143200139-143200471	1	1	0	0	distal	.	.
chr1:143203287-143203534	1	1	0	0	distal	.	.
chr1:143217230-143217472	1	1	0	0	distal	.	.
chr1:143222105-143222368	1	1	0	0	distal	.	.
chr1:143232922-143233213	1	1	0	0	distal	.	.
chr1:143237983-143238269	1	1	0	0	distal	.	.
chr1:143247187-143247495	1	1	0	0	distal	.	.
chr1:143252685-143253286	2	1	0	0	distal	.	.
chr1:143255507-143255796	1	1	0	0	distal	.	.
chr1:1435562-1435735	3	1	0	0	proximal	VWA1	.
chr1:143735856-143736226	1	1	0	0	proximal	ENSG00000232721	.
chr1:145093614-145094046	1	1	0	0	distal	.	.
chr1:145190130-145190376	1	1	0	0	distal	.	.
chr1:145232891-145233222	1	1	0	0	distal	.	.
chr1:145451887-145452197	1	1	0	0	distal	.	.
chr1:145465471-145465773	1	1	0	0	distal	.	.
chr1:14560774-14560924	1	1	0	0	distal	.	.
chr1:145607848-145608508	3	1	0	0	proximal	GPR89A,NBPF25P	.
chr1:145721223-145721688	1	1	0	0	distal	.	.
chr1:145773804-145773954	1	1	0	0	distal	.	.
chr1:145823776-145824270	1	1	0	0	proximal	POLR3C,RNF115	.
chr1:145824332-145824482	2	1	0	0	proximal	POLR3C,RNF115	.
chr1:145845504-145845978	2	1	0	0	proximal	NUDT17	.
chr1:145858680-145859243	2	1	0	0	proximal	PIAS3	.
chr1:145885743-145886244	2	1	0	0	proximal	ANKRD35	.
chr1:145891900-145892409	2	1	0	0	proximal	ENSG00000244619	.
chr1:145919378-145919636	1	1	0	0	proximal	PEX11B	.
chr1:145957957-145958255	1	1	0	0	proximal	LIX1L	.
chr1:145979381-145979827	3	1	0	0	distal	.	.
chr1:145996530-145997237	2	1	0	0	proximal	TXNIP	.
chr1:146037492-146037798	1	1	0	0	proximal	HJV	.
chr1:146037950-146038143	2	1	0	0	distal	.	.
chr1:146038473-146038732	1	1	0	0	distal	.	.
chr1:146039017-146039207	1	1	0	0	distal	.	.
chr1:146039382-146039568	1	1	0	0	distal	.	.
chr1:146051833-146052731	2	1	0	0	proximal	ENSG00000287190,LINC01719	.
chr1:146228762-146229454	1	1	0	0	proximal	NBPF10,NOTCH2NLA	.
chr1:146376407-146376656	3	1	0	0	distal	.	.
chr1:146387007-146387641	2	1	0	0	proximal	ENSG00000287978	.
chr1:146387904-146388183	1	1	0	0	proximal	ENSG00000287978	.
chr1:146835887-146836037	1	1	0	0	distal	.	.
chr1:147084338-147085361	1	1	0	0	distal	.	.
chr1:1471375-1471870	6	3	1	1	proximal	ATAD3B	.
chr1:1473057-1473244	2	1	0	0	distal	.	.
chr1:147327234-147327384	1	1	0	0	distal	.	.
chr1:147540863-147541551	2	1	0	0	proximal	BCL9	.
chr1:147621694-147621971	1	1	0	0	distal	.	.
chr1:147627593-147627776	1	1	0	0	distal	.	.
chr1:147640784-147641074	1	1	0	0	distal	.	.
chr1:147664054-147664285	1	1	0	0	distal	.	.
chr1:147743965-147744115	3	2	1	1	distal	.	.
chr1:147890224-147890434	1	1	0	0	distal	.	.
chr1:147928588-147928844	1	1	0	0	proximal	GPR89B	.
chr1:1479885-1480225	1	1	0	0	distal	.	.
chr1:148038452-148039036	3	2	1	1	distal	.	.
chr1:148039453-148039681	3	2	1	1	distal	.	.
chr1:148228893-148229161	1	1	0	0	distal	.	.
chr1:148254968-148255118	1	1	0	0	proximal	ENSG00000227733	.
chr1:148263147-148263977	1	1	0	0	distal	.	.
chr1:148345774-148346078	1	1	0	0	distal	.	.
chr1:148363504-148363695	1	1	0	0	distal	.	.
chr1:148387955-148388311	1	1	0	0	distal	.	.
chr1:148402311-148402781	1	1	0	0	proximal	ENSG00000291232	.
chr1:148459738-148460102	1	1	0	0	distal	.	.
chr1:148522168-148522423	1	1	0	0	distal	.	.
chr1:149176781-149177059	2	1	0	0	proximal	ENSG00000289614	.
chr1:14924258-14924408	1	1	0	0	distal	.	.
chr1:149558295-149558719	1	1	0	0	distal	.	.
chr1:149607842-149608088	1	1	0	0	proximal	ENSG00000275557	.
chr1:149636328-149637147	1	1	0	0	distal	.	.
chr1:149712770-149712959	1	1	0	0	distal	.	.
chr1:149811982-149812557	2	1	0	0	proximal	H2BC18	.
chr1:149887934-149888687	2	1	0	0	proximal	BOLA1,H2AC21	.
chr1:149899488-149899700	1	1	0	0	distal	.	.
chr1:149928181-149928489	1	1	0	0	proximal	SF3B4	.
chr1:149939086-149939355	1	1	0	0	distal	.	.
chr1:150010167-150010912	2	1	0	0	proximal	OTUD7B	.
chr1:150036211-150036415	1	1	0	0	distal	.	.
chr1:150066959-150067897	2	1	0	0	proximal	ENSG00000285184,VPS45	.
chr1:150096413-150096616	1	1	0	0	distal	.	.
chr1:150114738-150114890	1	1	0	0	distal	.	.
chr1:150149664-150150181	2	1	0	0	proximal	PLEKHO1	.
chr1:150163083-150163436	1	1	0	0	distal	.	.
chr1:150187607-150187767	1	1	0	0	distal	.	.
chr1:150217733-150217903	1	1	0	0	distal	.	.
chr1:150221157-150221505	2	1	0	0	distal	.	.
chr1:150234571-150234844	1	1	0	0	distal	.	.
chr1:150255416-150255603	1	1	0	0	distal	.	.
chr1:150259908-150260136	2	1	0	0	distal	.	.
chr1:150268942-150269229	2	1	0	0	proximal	APH1A,C1orf54	.
chr1:150281704-150281978	1	1	0	0	proximal	CIART,ENSG00000289041	.
chr1:150282244-150282549	2	1	0	0	proximal	CIART,ENSG00000289041	.
chr1:150287211-150287361	1	1	0	0	distal	.	.
chr1:150293592-150294150	1	1	0	0	proximal	MRPS21	.
chr1:150321328-150321856	2	1	0	0	proximal	PRPF3	.
chr1:150344226-150344397	1	1	0	0	distal	.	.
chr1:150364528-150364778	2	1	0	0	distal	.	.
chr1:150374258-150374511	1	1	0	0	distal	.	.
chr1:150515100-150516406	2	1	0	0	proximal	FALEC	.
chr1:150548872-150549034	1	1	0	0	proximal	ADAMTSL4	.
chr1:150549146-150549466	2	1	0	0	proximal	ADAMTSL4	.
chr1:150560029-150560210	2	1	0	0	distal	.	.
chr1:150561027-150561250	2	1	0	0	proximal	ADAMTSL4-AS1,ENSG00000289457	.
chr1:150561321-150561777	2	1	0	0	proximal	ADAMTSL4-AS1,ENSG00000289457	.
chr1:150562125-150562313	1	1	0	0	proximal	ADAMTSL4-AS1,ENSG00000289457	.
chr1:150604808-150605104	2	1	0	0	distal	.	.
chr1:150629025-150630126	2	1	0	0	proximal	ENSA,ENSG00000288880	.
chr1:150688869-150689039	1	1	0	0	distal	.	.
chr1:150697087-150697732	1	1	0	0	proximal	GOLPH3L	.
chr1:150914064-150914281	1	1	0	0	distal	.	.
chr1:150926065-150926752	1	1	0	0	proximal	SETDB1	.
chr1:150973918-150974203	2	1	0	0	proximal	CERS2,ENSG00000231073	.
chr1:150974676-150975142	2	1	0	0	proximal	CERS2	.
chr1:15099031-15099224	1	1	0	0	distal	.	.
chr1:151006605-151006999	1	1	0	0	distal	.	.
chr1:151048551-151048775	2	2	1	1	proximal	C1orf56	.
chr1:151070442-151070869	2	1	0	0	proximal	CDC42SE1,GABPB2	.
chr1:151071022-151071323	1	1	0	0	proximal	CDC42SE1,GABPB2	.
chr1:1511679-1512207	3	1	0	0	proximal	ATAD3A	.
chr1:151189814-151190337	1	1	0	0	distal	.	.
chr1:151198163-151198661	1	1	0	0	proximal	PIP5K1A	.
chr1:151327553-151327915	3	1	0	0	proximal	ENSG00000273481,PI4KB	.
chr1:151346683-151347815	1	1	0	0	proximal	RFX5,RFX5-AS1	.
chr1:151435955-151436151	1	1	0	0	distal	.	.
chr1:151458228-151458433	3	1	0	0	distal	.	.
chr1:151459000-151459626	1	1	0	0	proximal	POGZ	.
chr1:151511103-151511935	2	2	1	1	distal	.	.
chr1:15153357-15153746	1	1	0	0	proximal	TMEM51-AS1	.
chr1:151534587-151534968	1	1	0	0	distal	.	.
chr1:151594252-151594466	2	1	0	0	distal	.	.
chr1:151608319-151608581	2	2	1	1	distal	.	.
chr1:151611837-151612487	2	1	0	0	proximal	SNX27	.
chr1:151699192-151699342	1	1	0	0	distal	.	.
chr1:151762978-151763672	1	1	0	0	proximal	MRPL9,OAZ3	.
chr1:15176881-15177060	1	1	0	0	distal	.	.
chr1:151851701-151852021	2	2	1	1	distal	.	.
chr1:151944918-151945068	1	1	0	0	proximal	ENSG00000286581	.
chr1:15197110-15197376	1	1	0	0	distal	.	.
chr1:151994073-151994252	1	1	0	0	proximal	ENSG00000229021,S100A10	.
chr1:15200627-15200841	1	1	0	0	distal	.	.
chr1:152036947-152037256	1	1	0	0	distal	.	.
chr1:152047947-152048194	1	1	0	0	proximal	S100A11	.
chr1:152052665-152052890	1	1	0	0	distal	.	.
chr1:152111642-152112009	3	2	1	1	distal	.	.
chr1:152112207-152112435	2	2	1	1	distal	.	.
chr1:152215758-152216047	1	1	0	0	distal	.	.
chr1:152378159-152378309	2	1	0	0	distal	.	.
chr1:152458780-152458930	1	1	0	0	distal	.	.
chr1:153223103-153223361	1	1	0	0	distal	.	.
chr1:153261299-153261554	1	1	0	0	distal	.	.
chr1:153408021-153408171	1	1	0	0	distal	.	.
chr1:153568553-153568818	1	1	0	0	proximal	S100A2	.
chr1:153627067-153627752	1	1	0	0	proximal	S100A1	.
chr1:153658503-153659019	1	1	0	0	proximal	SNAPIN	.
chr1:153670871-153671693	2	1	0	0	proximal	ILF2	.
chr1:153945622-153945838	1	1	0	0	proximal	DENND4B,ENSG00000289935	.
chr1:153945950-153946274	4	1	0	0	proximal	DENND4B,ENSG00000289935	.
chr1:153957943-153958343	2	1	0	0	proximal	CRTC2	.
chr1:153963503-153963789	1	1	0	0	proximal	ENSG00000282386	.
chr1:153967265-153967912	2	1	0	0	proximal	CREB3L4,SLC39A1	.
chr1:153977165-153977442	1	1	0	0	proximal	JTB,JTB-DT	.
chr1:153977617-153978152	2	1	0	0	proximal	JTB,JTB-DT	.
chr1:154034833-154034983	1	1	0	0	distal	.	.
chr1:154066352-154066526	1	1	0	0	distal	.	.
chr1:15409771-15410060	1	1	0	0	proximal	EFHD2,EFHD2-AS1	.
chr1:154116401-154116574	1	1	0	0	distal	.	.
chr1:154182869-154183691	2	1	0	0	distal	.	.
chr1:154220050-154220205	2	1	0	0	proximal	C1orf43,UBAP2L	.
chr1:154220268-154221042	1	1	0	0	proximal	C1orf43,UBAP2L	.
chr1:154221216-154221373	1	1	0	0	proximal	C1orf43	.
chr1:154272202-154272777	3	2	0	0	proximal	HAX1	.
chr1:154324641-154324844	2	1	0	0	proximal	ATP8B2	.
chr1:154324953-154326041	2	1	0	0	proximal	ATP8B2	.
chr1:154326314-154326470	1	1	0	0	proximal	ATP8B2	.
chr1:154335135-154335285	2	2	1	1	distal	.	.
chr1:154405192-154405408	2	1	0	0	proximal	IL6R	.
chr1:154405495-154406050	1	1	0	0	proximal	IL6R,IL6R-AS1	.
chr1:154477426-154477576	1	1	0	0	distal	.	.
chr1:154479824-154480122	1	1	0	0	proximal	ENSG00000273110	.
chr1:154558612-154559092	3	2	1	1	proximal	UBE2Q1	.
chr1:154559181-154559435	1	1	0	0	proximal	UBE2Q1	.
chr1:154608145-154608437	1	1	0	0	distal	.	.
chr1:154608598-154608914	1	1	0	0	distal	.	.
chr1:154627303-154628082	1	1	0	0	proximal	ADAR	.
chr1:154803833-154803983	1	1	0	0	distal	.	.
chr1:154870210-154870529	3	2	1	1	proximal	KCNN3	.
chr1:154878557-154878783	5	2	1	1	distal	.	.
chr1:154890839-154891082	1	1	0	0	distal	.	.
chr1:154936444-154937113	2	1	0	0	proximal	ENSG00000270361,PMVK	.
chr1:154937176-154937445	2	2	1	1	proximal	ENSG00000270361,PMVK	.
chr1:154943854-154944035	1	1	0	0	distal	.	.
chr1:154961983-154962472	1	1	0	0	proximal	ENSG00000271380	.
chr1:154970759-154970934	4	2	2	1	distal	.	.
chr1:154973751-154974206	3	2	0	0	proximal	CKS1B,SHC1	.
chr1:154974321-154975116	2	2	0	0	proximal	CKS1B,SHC1	.
chr1:154982868-154983437	2	2	0	0	proximal	FLAD1	.
chr1:155001061-155001215	3	2	1	1	proximal	ENSG00000289103	.
chr1:155001827-155002614	2	1	0	0	proximal	ENSG00000289103,ZBTB7B	.
chr1:155045009-155045159	1	1	0	0	distal	.	.
chr1:155050530-155051537	1	1	0	0	proximal	ADAM15	.
chr1:155061596-155061783	2	2	0	0	distal	.	.
chr1:155063857-155064075	1	1	0	0	proximal	EFNA4,EFNA4-EFNA3	.
chr1:155070963-155071128	3	2	1	1	distal	.	.
chr1:1550740-1550890	1	1	0	0	distal	.	.
chr1:155078726-155078893	3	2	0	0	proximal	EFNA3	.
chr1:155091490-155091740	3	2	1	1	distal	.	.
chr1:155091809-155092104	3	1	0	0	distal	.	.
chr1:155120137-155120452	1	1	0	0	distal	.	.
chr1:155126190-155126660	3	2	1	1	distal	.	.
chr1:155127596-155127965	3	2	1	1	proximal	EFNA1	.
chr1:155140470-155140685	2	1	0	0	proximal	DPM3	.
chr1:155167380-155168149	2	1	0	0	distal	.	.
chr1:155172801-155173087	3	2	1	1	proximal	KRTCAP2,TRIM46	.
chr1:155173156-155173546	6	2	2	1	proximal	KRTCAP2,TRIM46	.
chr1:155176719-155176906	2	1	0	0	distal	.	.
chr1:155194310-155194551	2	1	0	0	proximal	THBS3-AS1	.
chr1:155194614-155195125	1	1	0	0	proximal	THBS3-AS1	.
chr1:155208474-155208893	5	2	0	0	proximal	MTX1,THBS3	.
chr1:155209018-155209323	3	2	1	1	proximal	MTX1,THBS3	.
chr1:15526421-15526883	4	2	1	1	proximal	CASP9,DNAJC16	.
chr1:155308050-155308950	2	2	0	0	proximal	FDPS	.
chr1:155323097-155323566	2	2	1	1	proximal	RUSC1-AS1	.
chr1:155323793-155323987	2	2	0	0	proximal	RUSC1-AS1	.
chr1:155324091-155324605	3	2	2	1	proximal	RUSC1-AS1	.
chr1:155530534-155530684	1	1	0	0	distal	.	.
chr1:155598985-155599219	3	1	0	0	distal	.	.
chr1:155609695-155610268	2	1	0	0	proximal	ENSG00000232519	.
chr1:155651042-155651363	4	2	0	0	distal	.	.
chr1:155697744-155697909	3	2	1	1	distal	.	.
chr1:155729202-155729360	3	1	0	0	distal	.	.
chr1:155745318-155745840	3	2	2	1	distal	.	.
chr1:155777709-155777918	2	1	0	0	distal	.	.
chr1:155792608-155792758	2	1	0	0	distal	.	.
chr1:155834831-155835086	1	1	0	0	distal	.	.
chr1:155856921-155857392	4	2	0	0	distal	.	.
chr1:155881205-155881355	1	1	0	0	distal	.	.
chr1:155976649-155976868	3	2	0	0	distal	.	.
chr1:155977891-155978233	3	2	0	0	proximal	ARHGEF2-AS2	.
chr1:155978485-155978934	1	1	0	0	proximal	ARHGEF2-AS2	.
chr1:155989423-155989613	4	2	0	0	distal	.	.
chr1:156020645-156021091	1	1	0	0	proximal	SSR2	.
chr1:156026007-156026262	1	1	0	0	distal	.	.
chr1:156053354-156053624	3	2	1	1	proximal	UBQLN4	.
chr1:156053710-156053959	1	1	0	0	proximal	LAMTOR2,UBQLN4	.
chr1:156054025-156054295	1	1	0	0	proximal	LAMTOR2,UBQLN4	.
chr1:156054523-156055263	4	2	1	1	proximal	LAMTOR2	.
chr1:156075705-156075855	2	1	0	0	distal	.	.
chr1:156082441-156082664	1	1	0	0	proximal	LMNA,MEX3A	.
chr1:156083120-156083286	3	1	0	0	proximal	LMNA,MEX3A	.
chr1:156083377-156083608	2	1	0	0	proximal	LMNA	.
chr1:156090808-156090991	2	1	0	0	distal	.	.
chr1:156096688-156096855	3	1	0	0	distal	.	.
chr1:156105817-156106581	1	1	0	0	distal	.	.
chr1:156114466-156115004	2	2	0	0	distal	.	.
chr1:156123120-156123458	1	1	0	0	distal	.	.
chr1:156123564-156123721	1	1	0	0	distal	.	.
chr1:156130408-156130638	1	1	0	0	distal	.	.
chr1:156160809-156161279	7	2	1	1	distal	.	.
chr1:156161462-156161673	2	2	0	0	distal	.	.
chr1:15617051-15617789	1	1	0	0	proximal	DDI2	.
chr1:156193617-156194153	1	1	0	0	proximal	SLC25A44	.
chr1:156212801-156213641	2	1	0	0	proximal	PMF1,PMF1-BGLAP	.
chr1:156225527-156225701	3	2	0	0	distal	.	.
chr1:156291641-156291791	1	1	0	0	distal	.	.
chr1:156356738-156357195	1	1	0	0	distal	.	.
chr1:156359942-156360223	2	2	0	0	distal	.	.
chr1:156383032-156383246	3	2	1	1	distal	.	.
chr1:156385728-156385878	4	2	0	0	distal	.	.
chr1:156421469-156421932	2	1	0	0	distal	.	.
chr1:156445837-156446128	3	2	0	0	distal	.	.
chr1:156456412-156457051	1	1	0	0	proximal	MIR9-1HG	.
chr1:156489756-156489928	1	1	0	0	distal	.	.
chr1:156500322-156500498	2	1	0	0	proximal	MEF2D	.
chr1:156505081-156505268	1	1	0	0	proximal	ENSG00000289593	.
chr1:156505360-156505583	3	2	1	1	proximal	ENSG00000289593	.
chr1:156533647-156533855	1	1	0	0	distal	.	.
chr1:156543072-156543361	3	1	0	0	distal	.	.
chr1:15655424-15655574	1	1	0	0	distal	.	.
chr1:156591414-156591867	4	1	0	0	proximal	NAXE	.
chr1:156591967-156592172	1	1	0	0	proximal	NAXE	.
chr1:156599850-156600000	1	1	0	0	distal	.	.
chr1:156601404-156601784	3	2	1	1	proximal	GPATCH4	.
chr1:156609162-156609312	2	1	0	0	distal	.	.
chr1:156616566-156616731	1	1	0	0	distal	.	.
chr1:156641797-156642006	1	1	0	0	proximal	BCAN,BCAN-AS1	.
chr1:156660016-156660475	2	2	1	1	distal	.	.
chr1:156689521-156689752	2	1	0	0	proximal	ENSG00000285570	.
chr1:156706006-156706249	2	1	0	0	proximal	CRABP2	.
chr1:156719015-156719165	2	1	0	0	distal	.	.
chr1:156719881-156720045	1	1	0	0	distal	.	.
chr1:156728328-156728930	1	1	0	0	proximal	ISG20L2,METTL25B	.
chr1:156740517-156741536	1	1	0	0	proximal	MRPL24	.
chr1:156746675-156746886	3	2	1	1	distal	.	.
chr1:156788831-156789079	1	1	0	0	distal	.	.
chr1:156798598-156798798	3	1	0	0	distal	.	.
chr1:156860172-156860538	2	1	0	0	distal	.	.
chr1:156868781-156869003	3	1	0	0	distal	.	.
chr1:156892353-156892568	2	1	0	0	distal	.	.
chr1:156910331-156910509	1	1	0	0	distal	.	.
chr1:156920415-156920858	2	1	0	0	proximal	LRRC71	.
chr1:156927445-156927760	4	1	0	0	distal	.	.
chr1:156927842-156928031	1	1	0	0	distal	.	.
chr1:156971531-156971815	2	1	0	0	distal	.	.
chr1:157035214-157035364	2	1	0	0	distal	.	.
chr1:157045713-157046421	2	1	0	0	proximal	ARHGEF11	.
chr1:157060255-157060413	2	1	0	0	distal	.	.
chr1:157090028-157090359	2	1	0	0	distal	.	.
chr1:157138227-157138918	2	1	0	0	proximal	ETV3	.
chr1:157156131-157156465	1	1	0	0	distal	.	.
chr1:15716027-15716177	3	2	1	1	distal	.	.
chr1:157163759-157163944	1	1	0	0	distal	.	.
chr1:157171935-157172254	1	1	0	0	proximal	ENSG00000290592	.
chr1:157239005-157239169	1	1	0	0	distal	.	.
chr1:1574533-1575098	2	1	0	0	proximal	ENSG00000215014,SSU72	.
chr1:157489407-157489649	1	1	0	0	distal	.	.
chr1:157505743-157505922	1	1	0	0	distal	.	.
chr1:157551147-157551297	1	1	0	0	distal	.	.
chr1:15758654-15759012	1	1	0	0	distal	.	.
chr1:157669120-157669372	1	1	0	0	distal	.	.
chr1:15796059-15796209	2	1	0	0	distal	.	.
chr1:15800336-15800580	1	1	0	0	distal	.	.
chr1:158113555-158114029	1	1	0	0	distal	.	.
chr1:15816019-15816169	1	1	0	0	distal	.	.
chr1:158203832-158204026	1	1	0	0	proximal	ENSG00000176320	.
chr1:15835541-15836184	1	1	0	0	proximal	SPEN	.
chr1:15886224-15886603	2	1	0	0	distal	.	.
chr1:159204712-159204892	1	1	0	0	distal	.	.
chr1:159780693-159780998	1	1	0	0	proximal	DUSP23	.
chr1:159924666-159924884	1	1	0	0	proximal	TAGLN2	.
chr1:159925481-159925716	2	1	0	0	proximal	TAGLN2	.
chr1:159945435-159946126	2	1	0	0	proximal	IGSF9	.
chr1:160031234-160031437	1	1	0	0	proximal	PIGM	.
chr1:160058139-160058305	1	1	0	0	distal	.	.
chr1:160193163-160193546	1	1	0	0	distal	.	.
chr1:160205530-160205891	1	1	0	0	proximal	PEA15	.
chr1:160251978-160252128	1	1	0	0	distal	.	.
chr1:16026774-16026947	3	1	0	0	distal	.	.
chr1:16032872-16033127	3	1	0	0	distal	.	.
chr1:160401276-160401462	1	1	0	0	proximal	VANGL2	.
chr1:16048552-16049148	2	1	0	0	distal	.	.
chr1:160493946-160494096	1	1	0	0	distal	.	.
chr1:160675698-160675848	1	1	0	0	distal	.	.
chr1:16073053-16073375	2	2	0	0	proximal	FAM131C	.
chr1:16073489-16073783	2	2	1	1	proximal	FAM131C	.
chr1:16078983-16079159	5	2	1	1	distal	.	.
chr1:160796081-160796231	1	1	0	0	proximal	LY9	.
chr1:160830611-160830841	2	1	0	0	distal	.	.
chr1:160951486-160951710	5	2	2	2	distal	.	.
chr1:160979657-160979844	1	1	0	0	distal	.	.
chr1:160990356-160990506	2	1	0	0	distal	.	.
chr1:161020690-161021035	1	1	0	0	proximal	F11R	.
chr1:161021094-161021565	4	1	0	0	proximal	F11R	.
chr1:161045185-161045397	2	1	0	0	proximal	ENSG00000289121,USF1	.
chr1:161045567-161046095	1	1	0	0	proximal	ENSG00000289121,USF1	.
chr1:161046191-161046341	1	1	0	0	proximal	ENSG00000289121,USF1	.
chr1:161067646-161067831	2	1	0	0	distal	.	.
chr1:161073576-161073953	1	1	0	0	distal	.	.
chr1:161097715-161098079	1	1	0	0	proximal	KLHDC9	.
chr1:161124634-161124784	1	1	0	0	distal	.	.
chr1:161153685-161154589	1	1	0	0	distal	.	.
chr1:161159293-161159790	1	1	0	0	proximal	ENSG00000224985,USP21	.
chr1:161166991-161167156	3	2	1	1	proximal	ENSG00000290115	.
chr1:161176937-161177119	2	2	1	1	proximal	B4GALT3	.
chr1:161177184-161177889	1	1	0	0	proximal	B4GALT3	.
chr1:161192508-161192965	1	1	0	0	distal	.	.
chr1:161198575-161198725	1	1	0	0	proximal	ADAMTS4	.
chr1:161201697-161202519	2	1	0	0	distal	.	.
chr1:161209873-161210120	2	1	0	0	distal	.	.
chr1:161225650-161226434	1	1	0	0	proximal	TOMM40L	.
chr1:161291566-161291809	1	1	0	0	distal	.	.
chr1:161306203-161306545	1	1	0	0	distal	.	.
chr1:161314195-161314466	2	1	0	0	proximal	SDHC	.
chr1:161314525-161314734	1	1	0	0	proximal	SDHC	.
chr1:161314804-161314960	1	1	0	0	proximal	SDHC	.
chr1:161356253-161356403	4	1	0	0	distal	.	.
chr1:161389656-161390374	3	2	1	1	proximal	ENSG00000289141	.
chr1:161427677-161427856	5	2	1	1	distal	.	.
chr1:161428021-161428171	1	1	0	0	distal	.	.
chr1:161443719-161443992	3	1	0	0	distal	.	.
chr1:161444839-161445143	1	1	0	0	distal	.	.
chr1:161453938-161454333	1	1	0	0	distal	.	.
chr1:161458504-161458801	1	1	0	0	distal	.	.
chr1:161459367-161459523	1	1	0	0	distal	.	.
chr1:16146094-16146582	2	1	0	0	distal	.	.
chr1:161501122-161501272	2	1	0	0	distal	.	.
chr1:1615057-1615618	5	2	1	1	proximal	ENSG00000272106,MIB2	.
chr1:161523624-161523975	2	1	0	0	proximal	HSPA6	.
chr1:161530043-161530473	2	1	0	0	distal	.	.
chr1:161530793-161531326	2	1	0	0	distal	.	.
chr1:161539837-161540497	1	1	0	0	distal	.	.
chr1:1615689-1615888	4	2	1	1	proximal	ENSG00000272106,MIB2	.
chr1:161589774-161589924	1	1	0	0	distal	.	.
chr1:16167966-16168116	1	1	0	0	distal	.	.
chr1:161749370-161750469	2	1	0	0	proximal	DUSP12	.
chr1:161764938-161765167	1	1	0	0	distal	.	.
chr1:161765296-161765522	1	1	0	0	proximal	ATF6,ATF6-DT	.
chr1:161766079-161766518	1	1	0	0	proximal	ATF6,ATF6-DT	.
chr1:161887283-161887433	2	1	0	0	distal	.	.
chr1:162023543-162024080	1	1	0	0	proximal	OLFML2B	.
chr1:16206455-16207223	1	1	0	0	distal	.	.
chr1:162117859-162118009	1	1	0	0	distal	.	.
chr1:162145991-162146213	1	1	0	0	distal	.	.
chr1:16216294-16216534	1	1	0	0	distal	.	.
chr1:162384000-162384193	1	1	0	0	distal	.	.
chr1:162445533-162445725	1	1	0	0	distal	.	.
chr1:162497691-162498092	1	1	0	0	proximal	UHMK1	.
chr1:16352190-16352892	2	2	1	1	proximal	FBXO42,SZRD1	.
chr1:16367374-16367806	1	1	0	0	distal	.	.
chr1:1637625-1637775	3	2	0	0	distal	.	.
chr1:16408845-16409049	1	1	0	0	distal	.	.
chr1:16440517-16441002	4	2	2	2	proximal	NECAP2	.
chr1:164635232-164635432	1	1	0	0	distal	.	.
chr1:16499041-16499829	4	2	1	1	proximal	CROCCP3	.
chr1:165235340-165235719	1	1	0	0	distal	.	.
chr1:165254673-165254823	1	1	0	0	distal	.	.
chr1:165258090-165258240	2	1	0	0	distal	.	.
chr1:16535016-16535440	2	1	0	0	proximal	LINC01783	.
chr1:16545794-16546106	2	1	0	0	distal	.	.
chr1:16561201-16561351	1	1	0	0	distal	.	.
chr1:16565386-16565595	1	1	0	0	distal	.	.
chr1:165827394-165828172	1	1	0	0	proximal	TMCO1,UCK2	.
chr1:16612646-16613120	1	1	0	0	proximal	NBPF1	.
chr1:16613237-16613749	3	2	1	1	proximal	NBPF1	.
chr1:16620714-16621488	2	2	0	0	distal	.	.
chr1:16625013-16625187	2	1	0	0	distal	.	.
chr1:16644312-16644483	1	1	0	0	proximal	CROCCP2	.
chr1:16644569-16645152	1	1	0	0	proximal	CROCCP2	.
chr1:1666367-1666517	1	1	0	0	distal	.	.
chr1:16677983-16678420	2	1	0	0	distal	.	.
chr1:166875921-166876595	2	1	0	0	proximal	TADA1	.
chr1:167035015-167035247	1	1	0	0	distal	.	.
chr1:167052078-167052292	1	1	0	0	proximal	ENSG00000227907	.
chr1:16727234-16727720	1	1	0	0	distal	.	.
chr1:167442222-167442372	2	1	0	0	distal	.	.
chr1:167482705-167482855	2	1	0	0	distal	.	.
chr1:167495458-167495608	1	1	0	0	distal	.	.
chr1:167553395-167553943	1	1	0	0	proximal	CREG1	.
chr1:167687997-167688206	1	1	0	0	distal	.	.
chr1:167714259-167715125	1	1	0	0	distal	.	.
chr1:167721591-167722049	1	1	0	0	proximal	MPZL1	.
chr1:167784230-167784380	1	1	0	0	distal	.	.
chr1:167820101-167820460	1	1	0	0	proximal	ENSG00000232194	.
chr1:167843451-167843601	2	1	0	0	distal	.	.
chr1:167916038-167916339	1	1	0	0	distal	.	.
chr1:168098459-168098729	1	1	0	0	distal	.	.
chr1:168136056-168136789	1	1	0	0	distal	.	.
chr1:168178568-168179514	1	1	0	0	proximal	TIPRL	.
chr1:168249540-168249828	1	1	0	0	distal	.	.
chr1:16859015-16859165	3	2	1	1	distal	.	.
chr1:168603510-168603813	1	1	0	0	distal	.	.
chr1:16869120-16869281	1	1	0	0	distal	.	.
chr1:168888322-168888671	1	1	0	0	distal	.	.
chr1:168932423-168932630	1	1	0	0	distal	.	.
chr1:16896104-16896935	1	1	0	0	distal	.	.
chr1:16904069-16904219	1	1	0	0	proximal	ENSG00000272426	.
chr1:16904799-16905292	1	1	0	0	proximal	ENSG00000272426,ENSG00000290122	.
chr1:169105637-169106131	1	1	0	0	proximal	ATP1B1	.
chr1:16913712-16914275	1	1	0	0	distal	.	.
chr1:169171813-169172107	1	1	0	0	distal	.	.
chr1:1692299-1693255	1	1	0	0	proximal	SLC35E2B	.
chr1:169367306-169367456	1	1	0	0	proximal	BLZF1,NME7	.
chr1:169367701-169368031	1	1	0	0	proximal	BLZF1,NME7	.
chr1:16939425-16939656	1	1	0	0	distal	.	.
chr1:169485464-169486306	2	1	0	0	proximal	ENSG00000213062,SLC19A2	.
chr1:16960690-16961245	2	1	0	0	distal	.	.
chr1:169794573-169795044	1	1	0	0	proximal	METTL18	.
chr1:169809730-169809880	1	1	0	0	distal	.	.
chr1:169893559-169894437	1	1	0	0	proximal	SCYL3	.
chr1:170284394-170284544	1	1	0	0	proximal	LINC01142	.
chr1:17034417-17034567	1	1	0	0	distal	.	.
chr1:170531798-170532721	2	1	0	0	proximal	GORAB,GORAB-AS1	.
chr1:17053786-17054374	1	1	0	0	proximal	SDHB	.
chr1:171404175-171404325	1	1	0	0	distal	.	.
chr1:171485758-171486439	3	1	0	0	proximal	PRRC2C	.
chr1:171557363-171557702	1	1	0	0	distal	.	.
chr1:171644982-171645477	1	1	0	0	distal	.	.
chr1:171696586-171696741	1	1	0	0	distal	.	.
chr1:171741922-171742189	2	1	0	0	proximal	VAMP4	.
chr1:171781116-171781959	1	1	0	0	proximal	METTL13	.
chr1:171870532-171870786	1	1	0	0	distal	.	.
chr1:172056277-172056427	1	1	0	0	distal	.	.
chr1:17207068-17207257	1	1	0	0	distal	.	.
chr1:172359810-172359980	1	1	0	0	distal	.	.
chr1:172443644-172444290	1	1	0	0	proximal	PIGC	.
chr1:172466957-172467162	1	1	0	0	distal	.	.
chr1:172546994-172547144	1	1	0	0	distal	.	.
chr1:17265267-17265494	1	1	0	0	distal	.	.
chr1:172742689-172742853	1	1	0	0	distal	.	.
chr1:17274311-17274502	4	2	1	1	distal	.	.
chr1:173338057-173338274	1	1	0	0	distal	.	.
chr1:173476678-173477589	1	1	0	0	proximal	PRDX6	.
chr1:17359246-17359396	1	1	0	0	distal	.	.
chr1:174114859-174115124	1	1	0	0	distal	.	.
chr1:17437612-17437762	2	2	1	1	distal	.	.
chr1:174883537-174883845	1	1	0	0	distal	.	.
chr1:175029800-175030267	1	1	0	0	distal	.	.
chr1:175319722-175320128	1	1	0	0	distal	.	.
chr1:1758986-1759136	3	3	1	1	distal	.	.
chr1:1778315-1778531	1	1	0	0	distal	.	.
chr1:1778817-1779302	1	1	0	0	distal	.	.
chr1:178374228-178374454	3	1	0	0	distal	.	.
chr1:178476928-178477078	1	1	0	0	distal	.	.
chr1:178542547-178543243	1	1	0	0	proximal	C1orf220	.
chr1:178724821-178725584	2	1	0	0	proximal	RALGPS2	.
chr1:178725794-178726064	1	1	0	0	proximal	RALGPS2,RALGPS2-AS1	.
chr1:178726299-178726488	1	1	0	0	proximal	RALGPS2-AS1	.
chr1:178768718-178768868	1	1	0	0	distal	.	.
chr1:178866611-178866793	1	1	0	0	distal	.	.
chr1:178946045-178946218	2	1	0	0	distal	.	.
chr1:178985323-178985545	2	1	0	0	distal	.	.
chr1:179081861-179082155	1	1	0	0	proximal	TOR3A	.
chr1:179193921-179194109	2	1	0	0	distal	.	.
chr1:179228979-179229192	1	1	0	0	proximal	ABL2	.
chr1:179229621-179230162	2	1	0	0	proximal	ABL2	.
chr1:179246705-179246954	1	1	0	0	distal	.	.
chr1:179293504-179293902	2	1	0	0	proximal	SOAT1	.
chr1:179586188-179586873	2	1	0	0	distal	.	.
chr1:179814851-179815123	1	1	0	0	distal	.	.
chr1:179881976-179883336	1	1	0	0	proximal	ENSG00000272906,TOR1AIP1	.
chr1:179938825-179939193	1	1	0	0	distal	.	.
chr1:179997374-179997524	1	1	0	0	distal	.	.
chr1:180042427-180042577	1	1	0	0	distal	.	.
chr1:180154417-180155001	2	1	0	0	proximal	QSOX1	.
chr1:180229611-180230446	1	1	0	0	proximal	LHX4	.
chr1:180712-181039	1	1	0	0	distal	.	.
chr1:180785285-180785479	1	1	0	0	distal	.	.
chr1:180875233-180875388	1	1	0	0	distal	.	.
chr1:181105049-181105594	1	1	0	0	distal	.	.
chr1:181135495-181135659	1	1	0	0	distal	.	.
chr1:181575181-181575331	1	1	0	0	distal	.	.
chr1:181601062-181601238	1	1	0	0	distal	.	.
chr1:181937132-181937474	1	1	0	0	distal	.	.
chr1:182084982-182085174	2	1	0	0	distal	.	.
chr1:182226101-182226260	1	1	0	0	distal	.	.
chr1:182493355-182493553	1	1	0	0	distal	.	.
chr1:182604105-182604587	1	1	0	0	proximal	RGS16	.
chr1:182614765-182615149	1	1	0	0	proximal	LINC01686	.
chr1:182656699-182656849	1	1	0	0	distal	.	.
chr1:1827135-1827285	1	1	0	0	distal	.	.
chr1:182782368-182782528	1	1	0	0	distal	.	.
chr1:182789283-182789531	1	1	0	0	proximal	NPL	.
chr1:182789630-182789837	1	1	0	0	proximal	NPL	.
chr1:182942112-182942414	2	1	0	0	distal	.	.
chr1:182962622-182962811	1	1	0	0	distal	.	.
chr1:183023937-183024329	2	1	0	0	proximal	LAMC1	.
chr1:183051337-183051487	1	1	0	0	distal	.	.
chr1:183103351-183103567	1	1	0	0	distal	.	.
chr1:183235406-183235829	1	1	0	0	distal	.	.
chr1:183392688-183392838	1	1	0	0	distal	.	.
chr1:183439132-183439479	1	1	0	0	distal	.	.
chr1:183623363-183623552	2	1	0	0	distal	.	.
chr1:183714737-183714920	1	1	0	0	distal	.	.
chr1:184051507-184052257	1	1	0	0	proximal	TSEN15	.
chr1:184295614-184295795	1	1	0	0	distal	.	.
chr1:184973739-184974432	1	1	0	0	proximal	NIBAN1	.
chr1:185045118-185045672	1	1	0	0	proximal	RNF2	.
chr1:185316192-185316916	2	1	0	0	proximal	IVNS1ABP	.
chr1:186016668-186016818	1	1	0	0	distal	.	.
chr1:186396281-186396431	1	1	0	0	distal	.	.
chr1:18902452-18902630	1	1	0	0	proximal	ALDH4A1	.
chr1:18902740-18903061	1	1	0	0	proximal	ALDH4A1	.
chr1:1890978-1891639	4	3	1	1	proximal	GNB1,GNB1-DT	.
chr1:18956256-18956496	1	1	0	0	proximal	IFFO2	.
chr1:189752605-189753265	1	1	0	0	distal	.	.
chr1:19011778-19011928	1	1	0	0	distal	.	.
chr1:190474704-190475154	1	1	0	0	distal	.	.
chr1:1909661-1909838	2	2	1	1	distal	.	.
chr1:1919244-1919773	2	1	0	0	proximal	TMEM52	.
chr1:19209935-19210788	2	1	0	0	proximal	EMC1-AS1,UBR4	.
chr1:19241367-19241517	1	1	0	0	distal	.	.
chr1:19252296-19252511	2	1	0	0	proximal	EMC1,MRTO4	.
chr1:192777304-192777454	1	1	0	0	distal	.	.
chr1:192820970-192821201	1	1	0	0	distal	.	.
chr1:193059232-193059704	2	1	0	0	proximal	RO60,UCHL5	.
chr1:19312016-19312355	1	1	0	0	proximal	AKR7A2,SLC66A1	.
chr1:193121642-193122551	1	1	0	0	proximal	CDC73	.
chr1:193408501-193408706	1	1	0	0	distal	.	.
chr1:1944078-1944252	2	1	0	0	distal	.	.
chr1:19460245-19460471	1	1	0	0	distal	.	.
chr1:19485147-19486095	2	1	0	0	proximal	CAPZB	.
chr1:19596833-19597484	1	1	0	0	proximal	MICOS10-DT,MICOS10-NBL1,NBL1	.
chr1:1960092-1960314	1	1	0	0	distal	.	.
chr1:19629241-19629472	2	1	0	0	distal	.	.
chr1:19653766-19654023	1	1	0	0	distal	.	.
chr1:19715587-19716052	1	1	0	0	distal	.	.
chr1:197615274-197615457	1	1	0	0	distal	.	.
chr1:19762350-19762527	1	1	0	0	distal	.	.
chr1:197793814-197793964	1	1	0	0	distal	.	.
chr1:197884683-197884833	1	1	0	0	distal	.	.
chr1:197908735-197909154	1	1	0	0	distal	.	.
chr1:198158997-198159278	1	1	0	0	distal	.	.
chr1:198282800-198282960	1	1	0	0	distal	.	.
chr1:198325252-198325402	1	1	0	0	distal	.	.
chr1:198351929-198352092	1	1	0	0	distal	.	.
chr1:19882186-19882594	1	1	0	0	proximal	OTUD3	.
chr1:19882783-19882937	1	1	0	0	proximal	OTUD3	.
chr1:19957095-19957299	1	1	0	0	distal	.	.
chr1:199973030-199973180	1	1	0	0	distal	.	.
chr1:200123152-200123302	1	1	0	0	distal	.	.
chr1:200302264-200302790	2	1	0	0	distal	.	.
chr1:200464911-200465180	1	1	0	0	distal	.	.
chr1:200506488-200506704	1	1	0	0	distal	.	.
chr1:200510220-200510415	1	1	0	0	distal	.	.
chr1:200620725-200621029	1	1	0	0	proximal	KIF14	.
chr1:200629660-200629918	1	1	0	0	distal	.	.
chr1:200669287-200670604	2	1	0	0	proximal	DDX59,DDX59-AS1	.
chr1:201023601-201023979	2	1	0	0	proximal	ENSG00000229191,KIF21B	.
chr1:201119340-201119490	1	1	0	0	distal	.	.
chr1:201127942-201128092	1	1	0	0	proximal	ASCL5	.
chr1:201154153-201154687	3	1	0	0	distal	.	.
chr1:201170665-201171383	1	1	0	0	proximal	TMEM9	.
chr1:201171461-201171648	1	1	0	0	proximal	TMEM9	.
chr1:201385378-201385528	1	1	0	0	proximal	ENSG00000286600	.
chr1:201435721-201435948	1	1	0	0	distal	.	.
chr1:201480507-201480657	1	1	0	0	distal	.	.
chr1:201482133-201482563	1	1	0	0	distal	.	.
chr1:201513027-201513242	1	1	0	0	distal	.	.
chr1:201530864-201531072	1	1	0	0	distal	.	.
chr1:201539723-201539957	2	1	0	0	proximal	NAV1	.
chr1:201554084-201554373	1	1	0	0	distal	.	.
chr1:201648089-201648709	3	1	0	0	distal	.	.
chr1:201676352-201676564	1	1	0	0	distal	.	.
chr1:201704188-201704457	1	1	0	0	distal	.	.
chr1:201709576-201709726	1	1	0	0	distal	.	.
chr1:201713532-201713746	1	1	0	0	distal	.	.
chr1:201793092-201793374	1	1	0	0	distal	.	.
chr1:201828904-201829851	1	1	0	0	proximal	IPO9,IPO9-AS1	.
chr1:201954802-201955784	3	1	0	0	proximal	TIMM17A	.
chr1:201982511-201982846	2	1	0	0	proximal	RNPEP	.
chr1:201983164-201983407	3	1	0	0	proximal	RNPEP	.
chr1:202034779-202035075	1	1	0	0	distal	.	.
chr1:202046903-202047107	2	1	0	0	distal	.	.
chr1:202135304-202135489	1	1	0	0	distal	.	.
chr1:202192859-202193021	1	1	0	0	proximal	LGR6	.
chr1:202236436-202236633	1	1	0	0	distal	.	.
chr1:202237094-202237440	1	1	0	0	distal	.	.
chr1:202348397-202349129	2	1	0	0	proximal	PPP1R12B	.
chr1:202589300-202589645	1	1	0	0	distal	.	.
chr1:202614654-202615005	2	1	0	0	distal	.	.
chr1:202643435-202643896	3	1	0	0	distal	.	.
chr1:202888448-202889446	1	1	0	0	proximal	RABIF	.
chr1:202926813-202927790	2	1	0	0	distal	.	.
chr1:202958133-202958564	1	1	0	0	proximal	ADIPOR1	.
chr1:203006580-203006832	1	1	0	0	proximal	TMEM183A	.
chr1:203007091-203007502	1	1	0	0	proximal	TMEM183A	.
chr1:203007563-203007839	1	1	0	0	proximal	TMEM183A	.
chr1:203026275-203026876	2	1	0	0	proximal	PPFIA4	.
chr1:203040225-203040375	2	1	0	0	distal	.	.
chr1:203273153-203273562	1	1	0	0	proximal	CHIT1,LINC01353	.
chr1:203305033-203305756	1	1	0	0	proximal	BTG2,BTG2-DT	.
chr1:203326969-203327835	1	1	0	0	distal	.	.
chr1:203453082-203453242	2	1	0	0	distal	.	.
chr1:203487342-203488225	1	1	0	0	distal	.	.
chr1:203615036-203615246	2	1	0	0	distal	.	.
chr1:203650153-203650618	1	1	0	0	distal	.	.
chr1:203861128-203861902	1	1	0	0	proximal	SNRPE	.
chr1:203924687-203924837	1	1	0	0	distal	.	.
chr1:204073025-204073323	1	1	0	0	proximal	ENSG00000286572,SOX13	.
chr1:204080411-204080635	1	1	0	0	distal	.	.
chr1:204129119-204129348	1	1	0	0	distal	.	.
chr1:204207218-204207542	1	1	0	0	distal	.	.
chr1:204258479-204258681	2	1	0	0	distal	.	.
chr1:204309175-204309441	2	1	0	0	distal	.	.
chr1:204363530-204363907	1	1	0	0	distal	.	.
chr1:204411494-204412405	1	1	0	0	proximal	ENSG00000288934,PPP1R15B	.
chr1:204424715-204424865	1	1	0	0	distal	.	.
chr1:204431407-204431726	2	1	0	0	distal	.	.
chr1:204445940-204446109	1	1	0	0	distal	.	.
chr1:204493809-204494195	3	2	2	1	proximal	PIK3C2B	.
chr1:204494546-204494998	3	1	0	0	proximal	PIK3C2B	.
chr1:204506331-204506764	1	1	0	0	distal	.	.
chr1:204506839-204507183	2	1	0	0	distal	.	.
chr1:204585210-204585373	2	1	0	0	distal	.	.
chr1:204624109-204624400	1	1	0	0	distal	.	.
chr1:204684585-204684766	1	1	0	0	distal	.	.
chr1:204685523-204685917	3	1	0	0	proximal	LRRN2	.
chr1:204692899-204693049	1	1	0	0	distal	.	.
chr1:204763811-204764085	1	1	0	0	distal	.	.
chr1:204806961-204807420	2	2	1	1	distal	.	.
chr1:204828479-204828982	5	2	1	1	proximal	ENSG00000287197,NFASC	.
chr1:20486157-20486798	1	1	0	0	proximal	CAMK2N1,ENSG00000289402	.
chr1:204897633-204897783	1	1	0	0	distal	.	.
chr1:204935629-204935779	2	2	1	1	distal	.	.
chr1:204975784-204975934	4	2	2	1	distal	.	.
chr1:204978297-204978588	1	1	0	0	distal	.	.
chr1:2050119-2050429	2	1	0	0	proximal	PRKCZ,PRKCZ-DT	.
chr1:205141701-205141870	1	1	0	0	distal	.	.
chr1:205175482-205175650	1	1	0	0	distal	.	.
chr1:205179114-205179294	1	1	0	0	distal	.	.
chr1:205210998-205211318	4	2	1	1	proximal	DSTYK	.
chr1:205211421-205211852	3	2	1	1	proximal	DSTYK	.
chr1:205227716-205228076	2	1	0	0	proximal	TMCC2	.
chr1:205256209-205256401	2	1	0	0	distal	.	.
chr1:205284667-205284973	1	1	0	0	distal	.	.
chr1:205285733-205285883	1	1	0	0	distal	.	.
chr1:205294708-205294888	3	2	1	1	distal	.	.
chr1:205321680-205321959	3	1	0	0	proximal	NUAK2	.
chr1:205325460-205325731	3	2	1	1	distal	.	.
chr1:205430397-205430625	1	1	0	0	distal	.	.
chr1:205529038-205529314	1	1	0	0	distal	.	.
chr1:205591827-205592335	2	1	0	0	distal	.	.
chr1:205631062-205631277	1	1	0	0	proximal	ELK4	.
chr1:205648565-205648905	1	1	0	0	distal	.	.
chr1:205738286-205738440	2	2	1	1	distal	.	.
chr1:205749308-205750517	1	1	0	0	proximal	NUCKS1	.
chr1:20575254-20575504	1	1	0	0	distal	.	.
chr1:205775361-205775638	2	1	0	0	proximal	ENSG00000285521,RAB29	.
chr1:205813631-205813813	1	1	0	0	proximal	ENSG00000286619,SLC41A1	.
chr1:205961393-205961724	1	1	0	0	distal	.	.
chr1:20633250-20633805	1	1	0	0	proximal	PINK1	.
chr1:20633871-20634147	1	1	0	0	proximal	PINK1	.
chr1:206479589-206479780	2	1	0	0	distal	.	.
chr1:206490010-206490634	1	1	0	0	distal	.	.
chr1:206557221-206557581	1	1	0	0	distal	.	.
chr1:20661298-20661770	1	1	0	0	proximal	DDOST	.
chr1:206634380-206634553	1	1	0	0	distal	.	.
chr1:206635153-206635878	1	1	0	0	proximal	DYRK3,DYRK3-AS1	.
chr1:207050531-207050795	1	1	0	0	distal	.	.
chr1:207050888-207051151	2	1	0	0	distal	.	.
chr1:207052810-207053570	2	1	0	0	proximal	YOD1	.
chr1:207301164-207301356	2	1	0	0	distal	.	.
chr1:20743380-20743561	1	1	0	0	distal	.	.
chr1:207830937-207831087	2	1	0	0	distal	.	.
chr1:20786323-20787103	1	1	0	0	proximal	HP1BP3	.
chr1:207868647-207869020	1	1	0	0	distal	.	.
chr1:207869124-207869648	3	1	0	0	distal	.	.
chr1:2081941-2082091	2	1	0	0	distal	.	.
chr1:208244202-208244410	1	1	0	0	proximal	PLXNA2	.
chr1:209449547-209449712	1	1	0	0	distal	.	.
chr1:209602120-209602275	1	1	0	0	distal	.	.
chr1:209692984-209693163	2	2	1	1	distal	.	.
chr1:209747496-209748136	2	1	0	0	distal	.	.
chr1:209938343-209938561	1	1	0	0	distal	.	.
chr1:21022364-21022565	2	1	0	0	distal	.	.
chr1:21022698-21022860	1	1	0	0	distal	.	.
chr1:210232479-210232874	4	2	1	1	proximal	SERTAD4	.
chr1:210328644-210329187	1	1	0	0	proximal	HHAT	.
chr1:210407276-210407643	2	2	1	1	distal	.	.
chr1:210886884-210887034	1	1	0	0	distal	.	.
chr1:210970133-210970283	1	1	0	0	distal	.	.
chr1:211382569-211383275	1	1	0	0	proximal	ENSG00000287033,LINC00467	.
chr1:211413100-211413250	1	1	0	0	distal	.	.
chr1:21149582-21149768	1	1	0	0	distal	.	.
chr1:211515247-211515400	1	1	0	0	distal	.	.
chr1:211515513-211515791	2	1	0	0	distal	.	.
chr1:211578771-211579020	1	1	0	0	proximal	SLC30A1	.
chr1:211579132-211579715	1	1	0	0	proximal	SLC30A1	.
chr1:211592181-211592542	1	1	0	0	distal	.	.
chr1:21161117-21161267	1	1	0	0	distal	.	.
chr1:211630157-211630827	1	1	0	0	distal	.	.
chr1:21176506-21177228	2	1	0	0	proximal	EIF4G3,ENSG00000287192	.
chr1:211947501-211947710	1	1	0	0	distal	.	.
chr1:212129204-212129381	2	1	0	0	distal	.	.
chr1:212213691-212213929	4	2	1	1	distal	.	.
chr1:212308311-212308509	2	2	1	1	distal	.	.
chr1:21232030-21232329	3	1	0	0	distal	.	.
chr1:212368063-212368487	2	1	0	0	distal	.	.
chr1:212414463-212415145	1	1	0	0	proximal	PACC1	.
chr1:212457867-212458039	1	1	0	0	distal	.	.
chr1:212558483-212559230	3	2	1	1	proximal	ENSG00000260805,ENSG00000288007	.
chr1:212665292-212665792	2	2	1	1	proximal	LINC02773	.
chr1:212699654-212699987	1	1	0	0	proximal	BATF3	.
chr1:21270258-21270408	1	1	0	0	distal	.	.
chr1:212804959-212805109	1	1	0	0	distal	.	.
chr1:212857535-212857839	1	1	0	0	proximal	FLVCR1,FLVCR1-DT	.
chr1:212857914-212858603	1	1	0	0	proximal	FLVCR1,FLVCR1-DT	.
chr1:212870745-212870895	1	1	0	0	distal	.	.
chr1:212942628-212942778	2	1	0	0	distal	.	.
chr1:212967843-212967993	1	1	0	0	distal	.	.
chr1:212995535-212995844	1	1	0	0	distal	.	.
chr1:213015193-213015982	1	1	0	0	proximal	ANGEL2	.
chr1:213016053-213016203	2	2	1	1	proximal	ANGEL2	.
chr1:213050807-213051042	2	1	0	0	proximal	RPS6KC1	.
chr1:213051125-213051800	3	2	1	1	proximal	RPS6KC1	.
chr1:213082310-213082566	1	1	0	0	distal	.	.
chr1:2133171-2133719	2	1	0	0	distal	.	.
chr1:213445966-213446116	2	1	0	0	distal	.	.
chr1:213505629-213505846	1	1	0	0	distal	.	.
chr1:213987818-213988086	1	1	0	0	proximal	PROX1-AS1	.
chr1:214328921-214329173	1	1	0	0	distal	.	.
chr1:21439956-21440252	1	1	0	0	proximal	NBPF3	.
chr1:214506242-214506392	1	1	0	0	distal	.	.
chr1:214602678-214603610	1	1	0	0	proximal	CENPF	.
chr1:21509109-21509379	2	1	0	0	proximal	ALPL	.
chr1:21514593-21514743	1	1	0	0	distal	.	.
chr1:2155166-2155316	1	1	0	0	distal	.	.
chr1:21607758-21608228	1	1	0	0	distal	.	.
chr1:216723217-216723391	1	1	0	0	distal	.	.
chr1:217135165-217135509	1	1	0	0	distal	.	.
chr1:21770994-21771144	1	1	0	0	distal	.	.
chr1:21818812-21818985	1	1	0	0	distal	.	.
chr1:21827883-21828108	1	1	0	0	distal	.	.
chr1:2189410-2189825	1	1	0	0	distal	.	.
chr1:21905094-21905250	2	1	0	0	distal	.	.
chr1:21937247-21937548	1	1	0	0	proximal	HSPG2	.
chr1:2194750-2195468	1	1	0	0	distal	.	.
chr1:219650754-219650957	1	1	0	0	distal	.	.
chr1:219724646-219724829	1	1	0	0	distal	.	.
chr1:219840034-219840364	1	1	0	0	distal	.	.
chr1:220026688-220026863	1	1	0	0	distal	.	.
chr1:220088675-220088825	1	1	0	0	distal	.	.
chr1:220089597-220089880	1	1	0	0	proximal	BPNT1	.
chr1:220134900-220135050	1	1	0	0	distal	.	.
chr1:220220417-220220621	1	1	0	0	distal	.	.
chr1:22025354-22025704	1	1	0	0	proximal	ENSG00000289694,LINC00339,LINC01635	.
chr1:220260594-220260952	1	1	0	0	distal	.	.
chr1:220271751-220272004	1	1	0	0	proximal	RAB3GAP2	.
chr1:220272133-220272930	2	1	0	0	proximal	RAB3GAP2	.
chr1:220300488-220300751	2	1	0	0	distal	.	.
chr1:220324493-220324643	1	1	0	0	distal	.	.
chr1:220344818-220344968	1	1	0	0	distal	.	.
chr1:2204378-2204531	1	1	0	0	distal	.	.
chr1:22053020-22053356	2	1	0	0	proximal	CDC42,CDC42-AS1	.
chr1:220557231-220557459	1	1	0	0	distal	.	.
chr1:220733123-220733472	2	1	0	0	distal	.	.
chr1:220748115-220748843	1	1	0	0	proximal	MTARC2	.
chr1:220786248-220786567	1	1	0	0	proximal	ENSG00000286231,MTARC1	.
chr1:220841156-220841306	1	1	0	0	distal	.	.
chr1:220879112-220879724	1	1	0	0	proximal	ENSG00000289142,HLX,HLX-AS1	.
chr1:220895502-220895796	1	1	0	0	distal	.	.
chr1:220935784-220935934	1	1	0	0	distal	.	.
chr1:220983972-220984122	1	1	0	0	distal	.	.
chr1:2212572-2212726	1	1	0	0	proximal	ENSG00000234396,FAAP20	.
chr1:22150468-22150618	1	1	0	0	distal	.	.
chr1:221717111-221717261	1	1	0	0	distal	.	.
chr1:221940291-221940463	1	1	0	0	distal	.	.
chr1:221995847-221995997	1	1	0	0	distal	.	.
chr1:222097710-222097869	1	1	0	0	distal	.	.
chr1:222221904-222222094	2	1	0	0	distal	.	.
chr1:222465501-222465911	1	1	0	0	distal	.	.
chr1:222497311-222497461	1	1	0	0	distal	.	.
chr1:222618550-222618799	1	1	0	0	proximal	MIA3	.
chr1:222643654-222644615	3	1	0	0	distal	.	.
chr1:2227614-2228024	2	1	0	0	proximal	SKI	.
chr1:22297651-22297928	1	1	0	0	distal	.	.
chr1:223023126-223023572	1	1	0	0	distal	.	.
chr1:223081244-223081696	1	1	0	0	distal	.	.
chr1:223142927-223143416	1	1	0	0	proximal	ENSG00000236846,TLR5	.
chr1:223182092-223182507	1	1	0	0	distal	.	.
chr1:223463920-223464070	1	1	0	0	distal	.	.
chr1:223531735-223531986	1	1	0	0	distal	.	.
chr1:22357776-22357926	1	1	0	0	distal	.	.
chr1:223712382-223712856	1	1	0	0	distal	.	.
chr1:223749199-223749352	1	1	0	0	distal	.	.
chr1:223845541-223846496	2	1	0	0	proximal	ENSG00000288999,TP53BP2	.
chr1:223992408-223992998	1	1	0	0	proximal	ENSG00000290989,ENSG00000291068	.
chr1:223993326-223993560	1	1	0	0	proximal	ENSG00000278467,ENSG00000290989,ENSG00000291068	.
chr1:224050873-224051045	1	1	0	0	distal	.	.
chr1:224113951-224114803	1	1	0	0	proximal	FBXO28	.
chr1:22429253-22429483	1	1	0	0	proximal	ZBTB40	.
chr1:224356663-224357614	1	1	0	0	proximal	CNIH4	.
chr1:224433549-224433699	1	1	0	0	distal	.	.
chr1:224434579-224434984	1	1	0	0	proximal	CNIH3	.
chr1:224470362-224470603	1	1	0	0	distal	.	.
chr1:22451534-22451979	1	1	0	0	distal	.	.
chr1:224616345-224616805	1	1	0	0	proximal	CNIH3-AS2	.
chr1:224633137-224633323	1	1	0	0	distal	.	.
chr1:224736978-224737239	2	1	0	0	distal	.	.
chr1:224795740-224796033	1	1	0	0	distal	.	.
chr1:224929310-224930073	1	1	0	0	distal	.	.
chr1:225004534-225004747	1	1	0	0	distal	.	.
chr1:225334341-225334491	1	1	0	0	distal	.	.
chr1:225359853-225360003	1	1	0	0	distal	.	.
chr1:225428582-225428775	1	1	0	0	proximal	LBR	.
chr1:225474893-225475233	1	1	0	0	distal	.	.
chr1:225517229-225517417	2	1	0	0	distal	.	.
chr1:225580507-225580701	1	1	0	0	distal	.	.
chr1:225642306-225642579	1	1	0	0	distal	.	.
chr1:225652722-225654014	1	1	0	0	proximal	ENAH,ENSG00000289602	.
chr1:225720429-225720760	2	1	0	0	distal	.	.
chr1:225746671-225747151	1	1	0	0	distal	.	.
chr1:225772421-225772610	1	1	0	0	distal	.	.
chr1:225777480-225777951	1	1	0	0	proximal	SRP9	.
chr1:225778009-225778459	1	1	0	0	proximal	SRP9	.
chr1:22582605-22582851	2	1	0	0	distal	.	.
chr1:225881889-225883204	1	1	0	0	proximal	TMEM63A	.
chr1:225987625-225987775	1	1	0	0	distal	.	.
chr1:225988410-225988747	1	1	0	0	distal	.	.
chr1:225999082-226000106	1	1	0	0	proximal	ENSG00000289341,SDE2	.
chr1:226002777-226002991	3	1	0	0	distal	.	.
chr1:226074818-226074968	1	1	0	0	distal	.	.
chr1:226083142-226084232	1	1	0	0	proximal	LINC01703	.
chr1:226122587-226122804	2	1	0	0	distal	.	.
chr1:226125256-226125442	1	1	0	0	distal	.	.
chr1:226142942-226143225	4	1	0	0	distal	.	.
chr1:226186215-226187105	1	1	0	0	proximal	ACBD3	.
chr1:226197012-226197320	2	1	0	0	distal	.	.
chr1:226224079-226224229	1	1	0	0	proximal	MIXL1	.
chr1:226294237-226294506	2	1	0	0	distal	.	.
chr1:226308707-226309575	1	1	0	0	proximal	LIN9	.
chr1:226390206-226390356	1	1	0	0	distal	.	.
chr1:226407615-226408706	2	1	0	0	proximal	PARP1	.
chr1:226480545-226480764	1	1	0	0	distal	.	.
chr1:226519859-226520010	1	1	0	0	distal	.	.
chr1:226547823-226548056	1	1	0	0	proximal	STUM	.
chr1:226548351-226548775	2	1	0	0	proximal	STUM	.
chr1:226560659-226560809	1	1	0	0	distal	.	.
chr1:226575409-226575559	1	1	0	0	distal	.	.
chr1:226626332-226626766	2	1	0	0	distal	.	.
chr1:226633944-226634392	1	1	0	0	distal	.	.
chr1:226675171-226675321	2	2	1	1	proximal	ITPKB-IT1	.
chr1:226703085-226703676	2	1	0	0	distal	.	.
chr1:226711276-226711460	2	1	0	0	distal	.	.
chr1:226723720-226724416	3	2	1	1	distal	.	.
chr1:226797491-226797641	1	1	0	0	distal	.	.
chr1:226870260-226870905	1	1	0	0	proximal	ENSG00000288674,PSEN2	.
chr1:226892610-226892760	2	1	0	0	distal	.	.
chr1:226939376-226939776	1	1	0	0	proximal	COQ8A	.
chr1:226939857-226940472	2	2	1	1	proximal	COQ8A	.
chr1:226951424-226951613	3	1	0	0	distal	.	.
chr1:226964511-226964661	1	1	0	0	distal	.	.
chr1:22704322-22704805	1	1	0	0	distal	.	.
chr1:22710199-22710349	2	1	0	0	proximal	EPHB2	.
chr1:227198568-227198730	1	1	0	0	distal	.	.
chr1:227234506-227234719	1	1	0	0	distal	.	.
chr1:227429548-227429710	2	1	0	0	distal	.	.
chr1:227473141-227473334	1	1	0	0	distal	.	.
chr1:227692990-227693198	1	1	0	0	distal	.	.
chr1:227730414-227730837	1	1	0	0	distal	.	.
chr1:227762503-227762764	1	1	0	0	distal	.	.
chr1:22780797-22781081	1	1	0	0	distal	.	.
chr1:227845190-227845348	1	1	0	0	distal	.	.
chr1:227858406-227858556	1	1	0	0	distal	.	.
chr1:22790539-22790689	1	1	0	0	distal	.	.
chr1:227954018-227954168	1	1	0	0	distal	.	.
chr1:228031029-228031231	1	1	0	0	distal	.	.
chr1:228059652-228060489	1	1	0	0	distal	.	.
chr1:228081753-228082205	2	1	0	0	proximal	ARF1	.
chr1:228098780-228098991	1	1	0	0	distal	.	.
chr1:228103223-228103616	1	1	0	0	distal	.	.
chr1:228174394-228174666	1	1	0	0	distal	.	.
chr1:228276023-228276195	1	1	0	0	proximal	ENSG00000269934	.
chr1:228378719-228379003	1	1	0	0	distal	.	.
chr1:228406759-228407361	1	1	0	0	proximal	ENSG00000231563,TRIM11	.
chr1:22841187-22841337	2	1	0	0	distal	.	.
chr1:228459306-228459458	1	1	0	0	distal	.	.
chr1:228471857-228472168	1	1	0	0	distal	.	.
chr1:228486498-228487411	1	1	0	0	proximal	RNF187	.
chr1:228500934-228501207	1	1	0	0	distal	.	.
chr1:228509825-228509975	1	1	0	0	distal	.	.
chr1:22858254-22858563	1	1	0	0	distal	.	.
chr1:228635313-228635806	1	1	0	0	distal	.	.
chr1:228664510-228664680	2	1	0	0	distal	.	.
chr1:228781746-228782092	1	1	0	0	distal	.	.
chr1:228804729-228804910	1	1	0	0	distal	.	.
chr1:228842310-228842515	1	1	0	0	distal	.	.
chr1:228861157-228861479	1	1	0	0	distal	.	.
chr1:22889346-22889496	1	1	0	0	distal	.	.
chr1:228949109-228949372	1	1	0	0	distal	.	.
chr1:229038276-229038426	1	1	0	0	proximal	LINC02815	.
chr1:229072728-229072878	1	1	0	0	distal	.	.
chr1:229199995-229200298	2	1	0	0	distal	.	.
chr1:229221335-229221917	1	1	0	0	distal	.	.
chr1:229330498-229330682	1	1	0	0	distal	.	.
chr1:229396775-229396990	1	1	0	0	distal	.	.
chr1:229507972-229508559	2	1	0	0	proximal	NUP133,NUP133-DT	.
chr1:229558448-229559437	1	1	0	0	proximal	ABCB10	.
chr1:229593986-229594277	1	1	0	0	distal	.	.
chr1:229617496-229617665	1	1	0	0	distal	.	.
chr1:229661120-229661581	2	1	0	0	distal	.	.
chr1:229696452-229696602	1	1	0	0	distal	.	.
chr1:229849166-229849349	1	1	0	0	distal	.	.
chr1:230093430-230093603	1	1	0	0	distal	.	.
chr1:230189186-230189336	1	1	0	0	distal	.	.
chr1:230268965-230269198	4	1	0	0	distal	.	.
chr1:230310643-230310826	1	1	0	0	distal	.	.
chr1:230317958-230318135	2	1	0	0	distal	.	.
chr1:23036107-23036283	1	1	0	0	distal	.	.
chr1:230426258-230426900	1	1	0	0	proximal	ENSG00000282564,PGBD5	.
chr1:230537424-230537574	1	1	0	0	distal	.	.
chr1:230585110-230585298	1	1	0	0	distal	.	.
chr1:230868441-230868971	2	1	0	0	proximal	C1orf198,ENSG00000223393	.
chr1:230978149-230978471	1	1	0	0	proximal	ARV1,TTC13	.
chr1:231040804-231041181	1	1	0	0	proximal	FAM89A	.
chr1:231211399-231211833	2	1	0	0	distal	.	.
chr1:231241712-231241862	2	1	0	0	proximal	C1orf131,GNPAT	.
chr1:231385172-231385361	1	1	0	0	distal	.	.
chr1:231528047-231528821	1	1	0	0	proximal	ENSG00000233461,ENSG00000287856,TSNAX,TSNAX-DISC1	.
chr1:231626932-231627553	1	1	0	0	proximal	DISC1	.
chr1:23168624-23169036	5	1	0	0	proximal	ENSG00000289014	.
chr1:231691726-231691887	1	1	0	0	distal	.	.
chr1:231762639-231762821	1	1	0	0	distal	.	.
chr1:23177556-23178107	2	1	0	0	proximal	LUZP1	.
chr1:232084555-232084778	1	1	0	0	distal	.	.
chr1:2320973-2321123	2	2	0	0	distal	.	.
chr1:232486295-232486445	1	1	0	0	distal	.	.
chr1:232622481-232622741	1	1	0	0	distal	.	.
chr1:232635875-232636064	1	1	0	0	distal	.	.
chr1:232670277-232670680	1	1	0	0	distal	.	.
chr1:23267462-23267731	1	1	0	0	distal	.	.
chr1:23281665-23281815	1	1	0	0	distal	.	.
chr1:232950386-232951052	2	1	0	0	proximal	NTPCR	.
chr1:232971005-232971155	1	1	0	0	distal	.	.
chr1:233023291-233023441	1	1	0	0	distal	.	.
chr1:233274203-233274353	1	1	0	0	distal	.	.
chr1:233295675-233295905	1	1	0	0	proximal	PCNX2	.
chr1:233520538-233520688	1	1	0	0	distal	.	.
chr1:233635916-233636540	2	1	0	0	distal	.	.
chr1:23367998-23368573	1	1	0	0	proximal	ZNF436-AS1	.
chr1:233842927-233843298	2	1	0	0	distal	.	.
chr1:23387499-23387707	1	1	0	0	distal	.	.
chr1:234136368-234136572	1	1	0	0	distal	.	.
chr1:234214076-234214288	1	1	0	0	proximal	ENSG00000233332	.
chr1:234309825-234310168	1	1	0	0	distal	.	.
chr1:234373033-234374028	1	1	0	0	proximal	COA6,COA6-AS1	.
chr1:234403119-234403274	3	1	0	0	distal	.	.
chr1:234430011-234430265	1	1	0	0	distal	.	.
chr1:234478249-234478399	1	1	0	0	proximal	TARBP1	.
chr1:234495104-234495385	1	1	0	0	distal	.	.
chr1:234523570-234523830	1	1	0	0	distal	.	.
chr1:234544052-234544557	2	1	0	0	distal	.	.
chr1:234544693-234545163	1	1	0	0	distal	.	.
chr1:234610127-234610522	2	1	0	0	proximal	IRF2BP2	.
chr1:234610704-234611253	1	1	0	0	proximal	IRF2BP2	.
chr1:234684263-234684470	1	1	0	0	distal	.	.
chr1:234723672-234723917	2	1	0	0	proximal	LINC01132	.
chr1:234743776-234744129	1	1	0	0	distal	.	.
chr1:23484088-23484839	2	1	0	0	proximal	ASAP3	.
chr1:234863399-234863549	2	1	0	0	distal	.	.
chr1:234876831-234877145	1	1	0	0	distal	.	.
chr1:234932647-234932856	1	1	0	0	proximal	ENSG00000286263	.
chr1:234957431-234957661	1	1	0	0	proximal	LINC02971	.
chr1:235018461-235018611	1	1	0	0	distal	.	.
chr1:235067697-235068214	3	2	1	1	distal	.	.
chr1:235083692-235083992	1	1	0	0	distal	.	.
chr1:235104234-235104568	1	1	0	0	proximal	ENSG00000273416	.
chr1:235128666-235129193	3	1	0	0	proximal	TOMM20	.
chr1:235176592-235176742	1	1	0	0	distal	.	.
chr1:235220866-235221016	1	1	0	0	distal	.	.
chr1:235224389-235224560	2	2	1	1	distal	.	.
chr1:235253249-235253447	2	1	0	0	distal	.	.
chr1:235296594-235296744	1	1	0	0	distal	.	.
chr1:23530897-23531548	1	1	0	0	proximal	E2F2	.
chr1:235327793-235329086	1	1	0	0	proximal	ARID4B,TBCE	.
chr1:235340285-235340485	2	2	1	1	distal	.	.
chr1:235367178-235367842	1	1	0	0	proximal	ENSG00000285177,TBCE	.
chr1:23539540-23539720	2	1	0	0	distal	.	.
chr1:235417214-235417364	1	1	0	0	distal	.	.
chr1:235468492-235468657	1	1	0	0	distal	.	.
chr1:235504891-235505280	4	1	0	0	proximal	B3GALNT2	.
chr1:235511888-235512162	2	1	0	0	distal	.	.
chr1:235548536-235548745	1	1	0	0	distal	.	.
chr1:23559449-23559656	1	1	0	0	proximal	ID3	.
chr1:235649291-235649590	3	1	0	0	distal	.	.
chr1:235860748-235860900	1	1	0	0	distal	.	.
chr1:235866887-235867473	1	1	0	0	distal	.	.
chr1:235867611-235867761	1	1	0	0	distal	.	.
chr1:235910410-235910590	3	1	0	0	distal	.	.
chr1:235910736-235910952	3	1	0	0	distal	.	.
chr1:235920324-235920474	1	1	0	0	distal	.	.
chr1:235934932-235935335	2	1	0	0	distal	.	.
chr1:235971623-235972062	2	1	0	0	proximal	LINC02768	.
chr1:235993601-235993788	1	1	0	0	distal	.	.
chr1:236025930-236026223	1	1	0	0	distal	.	.
chr1:236064767-236064926	2	1	0	0	proximal	NID1	.
chr1:236065051-236065382	2	1	0	0	proximal	NID1	.
chr1:236065492-236065649	1	1	0	0	proximal	NID1	.
chr1:236206636-236206914	1	1	0	0	distal	.	.
chr1:236219700-236219884	2	1	0	0	distal	.	.
chr1:236255061-236255287	1	1	0	0	distal	.	.
chr1:236255984-236256162	1	1	0	0	distal	.	.
chr1:236281545-236282556	1	1	0	0	proximal	ERO1B	.
chr1:236288165-236288439	2	1	0	0	distal	.	.
chr1:23637459-23637684	2	1	0	0	distal	.	.
chr1:236406428-236406593	1	1	0	0	distal	.	.
chr1:236421069-236421231	3	1	0	0	distal	.	.
chr1:236491728-236491913	1	1	0	0	distal	.	.
chr1:23651301-23651494	1	1	0	0	distal	.	.
chr1:236531888-236532045	2	1	0	0	distal	.	.
chr1:236572160-236572310	1	1	0	0	distal	.	.
chr1:23660861-23661013	1	1	0	0	distal	.	.
chr1:236686233-236686823	1	1	0	0	distal	.	.
chr1:236794878-236795953	2	1	0	0	proximal	MTR	.
chr1:237041555-237042271	1	1	0	0	proximal	RYR2	.
chr1:23743191-23743777	1	1	0	0	proximal	ELOA	.
chr1:23772205-23772423	1	1	0	0	distal	.	.
chr1:23778203-23778500	2	1	0	0	proximal	ELOA-AS1,PITHD1	.
chr1:23790783-23791451	1	1	0	0	proximal	LYPLA2	.
chr1:23800709-23801035	2	1	0	0	proximal	GALE	.
chr1:23868128-23868566	3	1	0	0	proximal	FUCA1	.
chr1:23959057-23959444	1	1	0	0	distal	.	.
chr1:23959543-23960129	1	1	0	0	distal	.	.
chr1:239898259-239898466	1	1	0	0	distal	.	.
chr1:240050791-240050971	1	1	0	0	distal	.	.
chr1:24018722-24019134	1	1	0	0	distal	.	.
chr1:240554285-240554435	1	1	0	0	distal	.	.
chr1:24070955-24071195	1	1	0	0	distal	.	.
chr1:240732621-240732771	1	1	0	0	distal	.	.
chr1:240828368-240828590	1	1	0	0	distal	.	.
chr1:241040841-241041000	1	1	0	0	distal	.	.
chr1:241072359-241072509	1	1	0	0	distal	.	.
chr1:241356245-241356419	1	1	0	0	distal	.	.
chr1:241356568-241357420	2	1	0	0	proximal	ENSG00000286496,RGS7	.
chr1:241376024-241376335	1	1	0	0	distal	.	.
chr1:241466829-241467017	1	1	0	0	distal	.	.
chr1:241887090-241887290	1	1	0	0	distal	.	.
chr1:241993236-241993441	1	1	0	0	distal	.	.
chr1:24199328-24199506	1	1	0	0	proximal	GRHL3,LINC02800	.
chr1:242267004-242267154	1	1	0	0	distal	.	.
chr1:242424879-242425095	1	1	0	0	distal	.	.
chr1:242454659-242455048	1	1	0	0	distal	.	.
chr1:242569327-242569477	2	1	0	0	distal	.	.
chr1:242652098-242652253	1	1	0	0	distal	.	.
chr1:24321916-24322120	1	1	0	0	proximal	GRHL3-AS1	.
chr1:24413522-24413882	1	1	0	0	distal	.	.
chr1:244395747-244396156	1	1	0	0	distal	.	.
chr1:244652628-244653508	1	1	0	0	proximal	DESI2	.
chr1:244674203-244674353	1	1	0	0	distal	.	.
chr1:244867703-244868038	3	1	0	0	distal	.	.
chr1:24493851-24494052	1	1	0	0	distal	.	.
chr1:244986653-244986803	1	1	0	0	distal	.	.
chr1:245042757-245042923	1	1	0	0	distal	.	.
chr1:245143183-245143365	1	1	0	0	distal	.	.
chr1:245190670-245190820	1	1	0	0	distal	.	.
chr1:24567863-24568013	1	1	0	0	distal	.	.
chr1:246254120-246254270	1	1	0	0	distal	.	.
chr1:24642806-24643366	1	1	0	0	distal	.	.
chr1:246565806-246566631	1	1	0	0	proximal	CNST,TFB2M	.
chr1:246644436-246644586	1	1	0	0	distal	.	.
chr1:246689679-246689895	1	1	0	0	proximal	ENSG00000235021	.
chr1:246754004-246754172	1	1	0	0	distal	.	.
chr1:246832573-246832782	1	1	0	0	distal	.	.
chr1:24705179-24705712	2	2	1	1	proximal	ENSG00000284699	.
chr1:24735507-24736318	4	2	1	1	distal	.	.
chr1:248837975-248838865	1	1	0	0	proximal	ZNF672	.
chr1:248906094-248906284	1	1	0	0	proximal	PGBD2	.
chr1:24904822-24904979	2	1	0	0	distal	.	.
chr1:24921076-24921244	1	1	0	0	distal	.	.
chr1:24994279-24994441	1	1	0	0	distal	.	.
chr1:25197319-25197542	2	2	1	1	distal	.	.
chr1:25233121-25233361	1	1	0	0	proximal	ENSG00000284602,SYF2	.
chr1:25239618-25240330	1	1	0	0	proximal	ENSG00000284657	.
chr1:25247046-25248061	1	1	0	0	proximal	ENSG00000272432	.
chr1:25338051-25338909	2	1	0	0	proximal	RSRP1,TMEM50A	.
chr1:25378738-25379013	1	1	0	0	distal	.	.
chr1:25430575-25431009	1	1	0	0	proximal	MACO1,RHCE	.
chr1:25506967-25507307	1	1	0	0	distal	.	.
chr1:25543494-25543684	1	1	0	0	proximal	LDLRAP1	.
chr1:25810893-25811087	3	1	0	0	proximal	ENSG00000255054	.
chr1:25819811-25820243	1	1	0	0	proximal	ENSG00000228172	.
chr1:25895501-25895679	1	1	0	0	distal	.	.
chr1:25905414-25906646	2	1	0	0	proximal	STMN1	.
chr1:25969723-25969913	2	1	0	0	distal	.	.
chr1:25998060-25998461	1	1	0	0	proximal	PAFAH2	.
chr1:26035168-26035583	2	1	0	0	distal	.	.
chr1:26169695-26170079	1	1	0	0	proximal	C1orf232,ZNF593	.
chr1:26233828-26234699	1	1	0	0	proximal	CEP85	.
chr1:26279593-26279878	1	1	0	0	proximal	SH3BGRL3	.
chr1:26279978-26280169	2	1	0	0	proximal	SH3BGRL3	.
chr1:26296453-26296706	1	1	0	0	distal	.	.
chr1:26306309-26306882	3	1	0	0	distal	.	.
chr1:26356799-26356949	1	1	0	0	distal	.	.
chr1:26417106-26417407	1	1	0	0	distal	.	.
chr1:26470362-26470612	1	1	0	0	distal	.	.
chr1:26471944-26472201	2	2	1	1	proximal	HMGN2	.
chr1:26472295-26472575	3	2	1	1	proximal	HMGN2	.
chr1:26472744-26473235	1	1	0	0	proximal	HMGN2	.
chr1:26500310-26500802	2	1	0	0	distal	.	.
chr1:26529939-26530440	1	1	0	0	proximal	RPS6KA1	.
chr1:26531199-26531446	1	1	0	0	distal	.	.
chr1:26620815-26621296	5	1	0	0	proximal	ENSG00000289452	.
chr1:26621393-26621630	5	2	0	0	proximal	ENSG00000289452	.
chr1:26677615-26677779	2	1	0	0	distal	.	.
chr1:26692865-26693200	3	2	0	0	proximal	ARID1A,ENSG00000290006	.
chr1:26695619-26696108	1	1	0	0	distal	.	.
chr1:26697836-26698379	2	1	0	0	distal	.	.
chr1:26787804-26788463	1	1	0	0	distal	.	.
chr1:26826602-26826763	3	1	0	0	proximal	ZDHHC18	.
chr1:26829186-26829336	1	1	0	0	distal	.	.
chr1:26857234-26857384	2	1	0	0	distal	.	.
chr1:26890161-26890658	2	1	0	0	proximal	GPN2	.
chr1:26900044-26900229	2	1	0	0	proximal	GPATCH3,NUDC	.
chr1:26900371-26900524	2	2	1	1	proximal	GPATCH3,NUDC	.
chr1:26921506-26922181	1	1	0	0	distal	.	.
chr1:26993271-26993442	1	1	0	0	proximal	TRNP1	.
chr1:26993512-26993770	1	1	0	0	proximal	TRNP1	.
chr1:27012923-27013428	3	2	0	0	proximal	TENT5B	.
chr1:27046028-27046180	1	1	0	0	distal	.	.
chr1:27154755-27155602	4	2	0	0	distal	.	.
chr1:27233959-27234165	1	1	0	0	proximal	WDTC1,WDTC1-DT	.
chr1:27234248-27234755	1	1	0	0	proximal	WDTC1,WDTC1-DT	.
chr1:27242478-27242688	1	1	0	0	distal	.	.
chr1:27300732-27301118	2	1	0	0	distal	.	.
chr1:27321894-27322449	3	2	0	0	proximal	TMEM222	.
chr1:27341020-27341298	1	1	0	0	proximal	SYTL1	.
chr1:27341880-27342030	1	1	0	0	proximal	SYTL1	.
chr1:27349673-27349832	1	1	0	0	distal	.	.
chr1:27357585-27357741	1	1	0	0	distal	.	.
chr1:27365496-27366348	1	1	0	0	distal	.	.
chr1:27366902-27367103	3	1	0	0	proximal	MAP3K6	.
chr1:27392332-27392619	1	1	0	0	proximal	GPR3	.
chr1:27489648-27490396	1	1	0	0	proximal	WASF2	.
chr1:27519760-27519919	1	1	0	0	distal	.	.
chr1:27526826-27527021	3	2	1	1	distal	.	.
chr1:27537466-27537638	1	1	0	0	distal	.	.
chr1:27568392-27568772	2	1	0	0	distal	.	.
chr1:27575830-27576107	1	1	0	0	distal	.	.
chr1:27604109-27604297	1	1	0	0	proximal	AHDC1	.
chr1:27631923-27632134	2	2	1	1	distal	.	.
chr1:27643953-27644157	1	1	0	0	distal	.	.
chr1:27663222-27663437	3	2	2	1	distal	.	.
chr1:27669242-27669435	2	2	1	1	proximal	ENSG00000225886	.
chr1:27672085-27672486	2	2	0	0	proximal	IFI6	.
chr1:27725500-27726077	1	1	0	0	proximal	ENSG00000287244,FAM76A	.
chr1:27726224-27726570	5	2	3	2	proximal	ENSG00000287244,FAM76A	.
chr1:27772751-27773784	1	1	0	0	proximal	ENSG00000269971,STX12	.
chr1:27830550-27830938	4	2	1	1	proximal	ENSG00000286433,PPP1R8	.
chr1:27914455-27915222	2	2	1	1	proximal	RPA2	.
chr1:27959454-27959654	3	1	0	0	proximal	ENSG00000227050,XKR8	.
chr1:27959729-27960024	3	2	0	0	proximal	ENSG00000227050,XKR8	.
chr1:28167393-28167543	2	1	0	0	distal	.	.
chr1:28183954-28184195	2	1	0	0	distal	.	.
chr1:28208913-28209163	1	1	0	0	distal	.	.
chr1:28232578-28233136	1	1	0	0	proximal	DNAJC8	.
chr1:28235880-28236324	7	1	0	0	proximal	ATP5IF1,ENSG00000290123	.
chr1:28246911-28247512	1	1	0	0	proximal	ENSG00000271398	.
chr1:28247987-28248247	3	1	0	0	proximal	ENSG00000271398	.
chr1:28259254-28259963	1	1	0	0	proximal	SESN2	.
chr1:28260053-28260367	2	1	0	0	proximal	SESN2	.
chr1:28296892-28297120	1	1	0	0	distal	.	.
chr1:28328585-28329173	3	1	0	0	proximal	MED18	.
chr1:28329259-28329596	2	2	1	1	proximal	MED18	.
chr1:28346205-28346458	1	1	0	0	distal	.	.
chr1:28351638-28351875	1	1	0	0	distal	.	.
chr1:28369492-28370571	2	2	1	1	proximal	PHACTR4	.
chr1:28403265-28403415	1	1	0	0	distal	.	.
chr1:28437421-28437595	1	1	0	0	distal	.	.
chr1:28437971-28438121	2	1	0	0	distal	.	.
chr1:28511424-28511781	1	1	0	0	distal	.	.
chr1:28544314-28544608	1	1	0	0	distal	.	.
chr1:28553265-28553636	4	1	0	0	proximal	TRNAU1AP	.
chr1:28581320-28582196	1	1	0	0	distal	.	.
chr1:28620769-28620919	1	1	0	0	distal	.	.
chr1:28642771-28643458	1	1	0	0	proximal	TAF12-DT	.
chr1:28648229-28648419	3	1	0	0	proximal	ENSG00000270103,TAF12	.
chr1:28648510-28649450	1	1	0	0	proximal	ENSG00000270103,TAF12	.
chr1:28668415-28669158	2	1	0	0	proximal	GMEB1	.
chr1:2869399-2869573	1	1	0	0	distal	.	.
chr1:28713813-28713963	2	1	0	0	distal	.	.
chr1:28736323-28737299	1	1	0	0	proximal	ENSG00000289291,YTHDF2	.
chr1:28737643-28737840	1	1	0	0	proximal	ENSG00000289291	.
chr1:28785096-28785418	1	1	0	0	distal	.	.
chr1:28812274-28812521	2	1	0	0	proximal	OPRD1	.
chr1:28846054-28846216	2	1	0	0	distal	.	.
chr1:28884898-28885210	1	1	0	0	distal	.	.
chr1:28886975-28887288	1	1	0	0	proximal	EPB41	.
chr1:28887805-28888283	1	1	0	0	proximal	EPB41	.
chr1:28893850-28894072	2	1	0	0	distal	.	.
chr1:28914176-28914961	1	1	0	0	distal	.	.
chr1:28983560-28983710	1	1	0	0	distal	.	.
chr1:29079764-29079914	1	1	0	0	distal	.	.
chr1:29123863-29124079	1	1	0	0	proximal	TMEM200B	.
chr1:29124564-29124972	1	1	0	0	proximal	TMEM200B	.
chr1:29125439-29125599	1	1	0	0	distal	.	.
chr1:29181419-29182337	1	1	0	0	proximal	SRSF4	.
chr1:29230661-29231116	1	1	0	0	proximal	MECR	.
chr1:29236097-29236593	1	1	0	0	proximal	PTPRU	.
chr1:29282961-29283656	1	1	0	0	distal	.	.
chr1:30719078-30719506	3	1	0	0	proximal	MATN1-AS1	.
chr1:30782328-30782606	1	1	0	0	distal	.	.
chr1:30801426-30801721	2	1	0	0	distal	.	.
chr1:30824015-30824742	1	1	0	0	proximal	LINC01778	.
chr1:30856378-30856812	1	1	0	0	distal	.	.
chr1:30911442-30911644	1	1	0	0	distal	.	.
chr1:31065189-31066156	1	1	0	0	proximal	PUM1	.
chr1:31170819-31171092	1	1	0	0	distal	.	.
chr1:31181517-31181895	3	1	0	0	distal	.	.
chr1:31181991-31182309	2	1	0	0	distal	.	.
chr1:31231299-31231462	1	1	0	0	distal	.	.
chr1:31283925-31284076	1	1	0	0	distal	.	.
chr1:31297320-31297664	1	1	0	0	proximal	SNRNP40,ZCCHC17	.
chr1:31373041-31373985	1	1	0	0	distal	.	.
chr1:31386735-31386885	3	1	0	0	distal	.	.
chr1:31407316-31407535	2	1	0	0	distal	.	.
chr1:31413051-31413217	3	1	0	0	distal	.	.
chr1:31413480-31413824	3	1	0	0	distal	.	.
chr1:31414057-31414215	1	1	0	0	distal	.	.
chr1:31431776-31432163	5	2	1	1	distal	.	.
chr1:31548969-31549522	1	1	0	0	distal	.	.
chr1:31584200-31584433	3	1	0	0	distal	.	.
chr1:31617957-31618535	2	1	0	0	proximal	HCRTR1	.
chr1:31644820-31645391	1	1	0	0	proximal	ENSG00000264078,PEF1	.
chr1:31663940-31664115	1	1	0	0	distal	.	.
chr1:31697122-31697276	1	1	0	0	distal	.	.
chr1:31714539-31715418	2	1	0	0	distal	.	.
chr1:31715489-31715920	3	1	0	0	distal	.	.
chr1:31762954-31763162	2	1	0	0	distal	.	.
chr1:31788566-31788797	3	1	0	0	proximal	ENSG00000254545	.
chr1:31788876-31789500	3	1	0	0	proximal	ENSG00000254545	.
chr1:31917848-31918062	1	1	0	0	distal	.	.
chr1:31937400-31937675	3	2	1	1	distal	.	.
chr1:31937740-31937939	4	2	1	1	distal	.	.
chr1:31938278-31938916	1	1	0	0	distal	.	.
chr1:31944406-31944883	2	1	0	0	proximal	PTP4A2	.
chr1:31956375-31956550	1	1	0	0	distal	.	.
chr1:32019226-32019534	1	1	0	0	distal	.	.
chr1:32040390-32040624	1	1	0	0	distal	.	.
chr1:32062305-32062828	2	1	0	0	distal	.	.
chr1:32107857-32108231	2	1	0	0	proximal	KPNA6	.
chr1:32108326-32108815	1	1	0	0	proximal	KPNA6	.
chr1:32142067-32142266	2	1	0	0	distal	.	.
chr1:32150903-32151087	1	1	0	0	distal	.	.
chr1:32179316-32180138	1	1	0	0	proximal	TXLNA	.
chr1:32200550-32200885	3	1	0	0	proximal	CCDC28B	.
chr1:32205385-32205992	1	1	0	0	proximal	IQCC	.
chr1:32222674-32222919	3	1	0	0	proximal	TMEM234	.
chr1:32248046-32248638	1	1	0	0	distal	.	.
chr1:32291666-32292679	1	1	0	0	proximal	HDAC1	.
chr1:32336096-32336749	2	1	0	0	proximal	MARCKSL1	.
chr1:32393948-32394959	1	1	0	0	proximal	BSDC1	.
chr1:32400939-32401308	1	1	0	0	distal	.	.
chr1:32413830-32413980	1	1	0	0	distal	.	.
chr1:32447944-32448132	1	1	0	0	distal	.	.
chr1:32448394-32448591	1	1	0	0	distal	.	.
chr1:32449200-32449461	4	1	0	0	distal	.	.
chr1:32464591-32465554	1	1	0	0	proximal	ENSG00000254553,ZBTB8B	.
chr1:3247398-3247652	1	1	0	0	distal	.	.
chr1:32539801-32540029	2	1	0	0	proximal	ZBTB8A	.
chr1:32611966-32612129	1	1	0	0	distal	.	.
chr1:32650465-32650707	2	1	0	0	proximal	RBBP4,ZBTB8OS	.
chr1:32712202-32712679	2	1	0	0	distal	.	.
chr1:32741496-32741729	3	1	0	0	proximal	KIAA1522	.
chr1:32753776-32754023	4	2	2	2	distal	.	.
chr1:32754468-32754619	3	2	1	1	distal	.	.
chr1:32773072-32773249	2	1	0	0	distal	.	.
chr1:32817260-32818351	1	1	0	0	proximal	YARS1	.
chr1:32864397-32864557	2	1	0	0	distal	.	.
chr1:32870548-32870775	1	1	0	0	distal	.	.
chr1:32871078-32871407	2	1	0	0	distal	.	.
chr1:32886608-32886953	1	1	0	0	proximal	HPCA	.
chr1:32892932-32893146	2	1	0	0	distal	.	.
chr1:32933434-32933676	1	1	0	0	distal	.	.
chr1:32963681-32964130	1	1	0	0	proximal	RNF19B	.
chr1:32964701-32965120	1	1	0	0	proximal	RNF19B	.
chr1:32998602-32998786	1	1	0	0	distal	.	.
chr1:33007303-33007511	1	1	0	0	distal	.	.
chr1:33036006-33036216	2	2	1	1	distal	.	.
chr1:33036358-33036508	1	1	0	0	distal	.	.
chr1:33080908-33081234	2	2	1	1	proximal	AK2,AZIN2	.
chr1:33181946-33182215	1	1	0	0	proximal	TRIM62	.
chr1:33202444-33202683	2	2	1	1	distal	.	.
chr1:33235108-33235297	1	1	0	0	distal	.	.
chr1:33338570-33338761	1	1	0	0	distal	.	.
chr1:33472321-33472810	1	1	0	0	proximal	ZSCAN20	.
chr1:33633148-33633543	1	1	0	0	distal	.	.
chr1:3393750-3393950	1	1	0	0	distal	.	.
chr1:3491350-3491528	1	1	0	0	distal	.	.
chr1:35079173-35079689	2	1	0	0	distal	.	.
chr1:35085122-35085400	1	1	0	0	distal	.	.
chr1:35500648-35500798	1	1	0	0	distal	.	.
chr1:35559022-35559211	1	1	0	0	distal	.	.
chr1:35568997-35569172	1	1	0	0	distal	.	.
chr1:35623559-35623743	1	1	0	0	distal	.	.
chr1:35681362-35681598	1	1	0	0	distal	.	.
chr1:35715577-35715775	1	1	0	0	distal	.	.
chr1:35729316-35729466	1	1	0	0	distal	.	.
chr1:35769329-35770368	1	1	0	0	proximal	CLSPN	.
chr1:35807479-35807786	1	1	0	0	proximal	AGO4	.
chr1:35882937-35883696	3	1	0	0	distal	.	.
chr1:35930384-35930534	2	1	0	0	proximal	AGO3,ENSG00000271914	.
chr1:35941040-35941430	1	1	0	0	distal	.	.
chr1:36088677-36088920	1	1	0	0	proximal	ADPRS	.
chr1:36089034-36089305	3	1	0	0	proximal	ADPRS	.
chr1:36155805-36156411	1	1	0	0	proximal	MAP7D1,TRAPPC3	.
chr1:36156518-36156833	1	1	0	0	proximal	TRAPPC3	.
chr1:36188030-36188483	1	1	0	0	distal	.	.
chr1:3624515-3625240	1	1	0	0	proximal	ENSG00000238260,TPRG1L	.
chr1:36306731-36307358	1	1	0	0	proximal	SH3D21	.
chr1:36440554-36440726	2	1	0	0	distal	.	.
chr1:36516294-36516597	1	1	0	0	distal	.	.
chr1:36580273-36580423	1	1	0	0	distal	.	.
chr1:37473720-37473886	1	1	0	0	proximal	ZC3H12A,ZC3H12A-DT	.
chr1:37692183-37692560	1	1	0	0	proximal	C1orf109,CDCA8	.
chr1:3796420-3796928	1	1	0	0	proximal	LRRC47	.
chr1:38005533-38005942	1	1	0	0	proximal	FHL3	.
chr1:38046610-38047508	1	1	0	0	proximal	MIR3659HG,POU3F1	.
chr1:38518411-38518561	1	1	0	0	distal	.	.
chr1:38532769-38532919	1	1	0	0	distal	.	.
chr1:3856937-3857499	1	1	0	0	proximal	CEP104,DFFB	.
chr1:38872752-38873847	3	1	0	0	proximal	MYCBP	.
chr1:38914863-38915087	1	1	0	0	distal	.	.
chr1:3900050-3901021	1	1	0	0	proximal	C1orf174,LINC01134	.
chr1:3901096-3901524	2	1	0	0	proximal	LINC01134	.
chr1:39081345-39081667	1	1	0	0	proximal	MACF1	.
chr1:39105162-39105479	2	1	0	0	distal	.	.
chr1:3910799-3911117	1	1	0	0	distal	.	.
chr1:39183778-39184164	2	1	0	0	distal	.	.
chr1:39242136-39242496	2	1	0	0	distal	.	.
chr1:39409259-39409466	1	1	0	0	distal	.	.
chr1:39463282-39463485	3	1	0	0	distal	.	.
chr1:39491776-39492085	1	1	0	0	proximal	BMP8A	.
chr1:39509392-39509573	1	1	0	0	distal	.	.
chr1:39540333-39540483	1	1	0	0	distal	.	.
chr1:39565192-39565693	1	1	0	0	proximal	PABPC4-AS1	.
chr1:39576742-39577075	1	1	0	0	proximal	PABPC4	.
chr1:39606241-39606431	1	1	0	0	distal	.	.
chr1:39609678-39610053	1	1	0	0	distal	.	.
chr1:39639490-39640072	1	1	0	0	proximal	HEYL	.
chr1:39658111-39658268	1	1	0	0	distal	.	.
chr1:39690952-39691498	1	1	0	0	proximal	HPCAL4,PPIE	.
chr1:39701927-39702322	1	1	0	0	distal	.	.
chr1:39764109-39764271	1	1	0	0	distal	.	.
chr1:39799772-39800228	2	1	0	0	proximal	ENSG00000284719	.
chr1:39816898-39817085	1	1	0	0	proximal	LINC02811	.
chr1:39883211-39883858	1	1	0	0	proximal	TRIT1	.
chr1:39954768-39955371	3	1	0	0	proximal	MFSD2A	.
chr1:40039904-40041072	2	1	0	0	proximal	CAP1	.
chr1:40161119-40161716	2	1	0	0	proximal	RLF	.
chr1:40161804-40161954	1	1	0	0	proximal	RLF	.
chr1:40257691-40258411	1	1	0	0	proximal	ZMPSTE24,ZMPSTE24-DT	.
chr1:40266537-40266725	1	1	0	0	distal	.	.
chr1:40315251-40315583	2	2	1	1	distal	.	.
chr1:40444063-40444338	1	1	0	0	distal	.	.
chr1:40449873-40450242	2	2	1	1	proximal	ENSG00000284677,ZFP69B	.
chr1:40477095-40477312	1	1	0	0	proximal	ZFP69	.
chr1:40531383-40531668	1	1	0	0	proximal	ZNF684	.
chr1:40537815-40537965	1	1	0	0	distal	.	.
chr1:40708842-40708992	1	1	0	0	distal	.	.
chr1:40802363-40802682	1	1	0	0	distal	.	.
chr1:40848656-40848810	1	1	0	0	distal	.	.
chr1:40979276-40980143	2	2	1	1	proximal	CTPS1	.
chr1:41201581-41201731	1	1	0	0	distal	.	.
chr1:41432771-41432994	1	1	0	0	distal	.	.
chr1:41661649-41661942	1	1	0	0	distal	.	.
chr1:41713826-41713976	1	1	0	0	distal	.	.
chr1:42035156-42035788	1	1	0	0	proximal	ENSG00000287587,HIVEP3	.
chr1:42312604-42312754	1	1	0	0	distal	.	.
chr1:42334631-42335503	3	1	0	0	proximal	FOXJ3	.
chr1:42380353-42380566	1	1	0	0	proximal	RIMKLA	.
chr1:42462910-42463561	1	1	0	0	proximal	CCDC30	.
chr1:42757087-42757278	1	1	0	0	distal	.	.
chr1:42766909-42767590	1	1	0	0	proximal	C1orf50,ENSG00000283580,P3H1	.
chr1:42816909-42817545	1	1	0	0	proximal	ERMAP,SVBP	.
chr1:42846206-42846730	1	1	0	0	proximal	ZNF691,ZNF691-DT	.
chr1:42886941-42887269	2	1	0	0	distal	.	.
chr1:42924128-42924845	2	1	0	0	proximal	ENSG00000288955	.
chr1:42958787-42959277	1	1	0	0	proximal	SLC2A1,SLC2A1-DT	.
chr1:42998833-42998983	1	1	0	0	distal	.	.
chr1:43137001-43137151	1	1	0	0	distal	.	.
chr1:43172211-43172791	1	1	0	0	proximal	CFAP57	.
chr1:43348602-43349307	1	1	0	0	proximal	ENSG00000287113	.
chr1:43358214-43359069	1	1	0	0	proximal	CDC20,CDC20-DT	.
chr1:43367563-43368233	2	1	0	0	proximal	ELOVL1,ENSG00000288772	.
chr1:43368374-43368524	2	1	0	0	proximal	ELOVL1,ENSG00000288772	.
chr1:43389486-43390005	1	1	0	0	proximal	MED8,SZT2	.
chr1:43526008-43526164	1	1	0	0	proximal	PTPRF	.
chr1:43582265-43582421	1	1	0	0	distal	.	.
chr1:43649780-43650196	1	1	0	0	proximal	ENSG00000284989,KDM4A	.
chr1:43650255-43650762	1	1	0	0	proximal	ENSG00000284989,KDM4A	.
chr1:43707271-43707936	2	1	0	0	proximal	KDM4A-AS1	.
chr1:43816138-43816310	1	1	0	0	distal	.	.
chr1:43947251-43947455	1	1	0	0	proximal	ENSG00000288573,IPO13	.
chr1:43969717-43970238	2	1	0	0	proximal	DPH2	.
chr1:43974783-43975121	4	1	0	0	proximal	ATP6V0B,ENSG00000285649	.
chr1:43991552-43991879	1	1	0	0	proximal	CCDC24	.
chr1:44029767-44030506	1	1	0	0	proximal	ENSG00000230615	.
chr1:44080217-44080429	1	1	0	0	distal	.	.
chr1:44115100-44115250	1	1	0	0	distal	.	.
chr1:44213588-44213738	1	1	0	0	proximal	DMAP1	.
chr1:44238053-44238673	1	1	0	0	distal	.	.
chr1:44342051-44342201	1	1	0	0	distal	.	.
chr1:44417389-44417603	1	1	0	0	distal	.	.
chr1:44431632-44431814	2	1	0	0	distal	.	.
chr1:44437524-44437705	1	1	0	0	distal	.	.
chr1:44484470-44484646	2	1	0	0	distal	.	.
chr1:44546547-44546697	1	1	0	0	distal	.	.
chr1:44581322-44581493	1	1	0	0	distal	.	.
chr1:44610096-44610379	1	1	0	0	distal	.	.
chr1:44631520-44631912	1	1	0	0	distal	.	.
chr1:44739597-44739941	1	1	0	0	proximal	KIF2C	.
chr1:44775213-44775577	1	1	0	0	proximal	ENSG00000225721,RPS8	.
chr1:44793700-44794167	2	2	1	1	distal	.	.
chr1:44799727-44800405	1	1	0	0	proximal	PLK3	.
chr1:44820175-44820334	1	1	0	0	distal	.	.
chr1:44843140-44843691	2	2	1	1	proximal	PTCH2	.
chr1:44861903-44862088	2	1	0	0	distal	.	.
chr1:45085372-45085546	1	1	0	0	distal	.	.
chr1:45465257-45465407	3	2	1	1	distal	.	.
chr1:45536952-45537131	2	1	0	0	distal	.	.
chr1:45583866-45584113	2	1	0	0	proximal	ENSG00000289407,NASP	.
chr1:45584401-45584843	3	1	0	0	proximal	ENSG00000289407,NASP	.
chr1:45802813-45803031	1	1	0	0	distal	.	.
chr1:45849740-45849890	1	1	0	0	distal	.	.
chr1:45865302-45865452	1	1	0	0	distal	.	.
chr1:45897753-45897940	2	1	0	0	distal	.	.
chr1:45985218-45985368	1	1	0	0	distal	.	.
chr1:46019668-46019818	2	1	0	0	distal	.	.
chr1:46037111-46037327	1	1	0	0	distal	.	.
chr1:46068697-46068888	1	1	0	0	distal	.	.
chr1:46132119-46132352	3	1	0	0	proximal	PIK3R3	.
chr1:46203163-46203488	1	1	0	0	proximal	LURAP1	.
chr1:46223576-46223945	1	1	0	0	distal	.	.
chr1:46247015-46247852	2	1	0	0	proximal	RAD54L	.
chr1:46303240-46303403	2	1	0	0	proximal	LRRC41,UQCRH	.
chr1:46303542-46303788	1	1	0	0	proximal	LRRC41,UQCRH	.
chr1:46332176-46332326	1	1	0	0	distal	.	.
chr1:46340579-46340885	2	1	0	0	proximal	NSUN4	.
chr1:46341012-46341162	1	1	0	0	proximal	NSUN4	.
chr1:46347952-46348385	2	1	0	0	distal	.	.
chr1:46442322-46442584	1	1	0	0	distal	.	.
chr1:46442646-46443165	1	1	0	0	distal	.	.
chr1:46489639-46490065	2	1	0	0	proximal	DMBX1	.
chr1:46575929-46576123	1	1	0	0	distal	.	.
chr1:46603743-46604517	1	1	0	0	distal	.	.
chr1:46651243-46651395	1	1	0	0	distal	.	.
chr1:46725145-46725486	1	1	0	0	distal	.	.
chr1:47179189-47179764	1	1	0	0	proximal	CYP4A22-AS1,LINC00853	.
chr1:47314710-47315107	1	1	0	0	proximal	STIL	.
chr1:47333480-47333968	1	1	0	0	proximal	CMPK1	.
chr1:47437546-47438141	1	1	0	0	proximal	FOXD2	.
chr1:47449433-47449789	1	1	0	0	distal	.	.
chr1:47472683-47472833	1	1	0	0	distal	.	.
chr1:47534604-47534788	1	1	0	0	distal	.	.
chr1:47858785-47858941	1	1	0	0	distal	.	.
chr1:50333095-50333329	1	1	0	0	distal	.	.
chr1:50333560-50333852	1	1	0	0	distal	.	.
chr1:50348756-50348981	1	1	0	0	distal	.	.
chr1:50604320-50604488	1	1	0	0	distal	.	.
chr1:50977785-50978146	1	1	0	0	distal	.	.
chr1:50978239-50978481	1	1	0	0	distal	.	.
chr1:51236142-51236365	3	2	1	1	proximal	RNF11	.
chr1:51296809-51297145	2	1	0	0	distal	.	.
chr1:51383460-51383610	1	1	0	0	distal	.	.
chr1:51518992-51519518	1	1	0	0	proximal	EPS15,EPS15-AS1	.
chr1:51616934-51617554	1	1	0	0	distal	.	.
chr1:51648453-51648738	2	1	0	0	distal	.	.
chr1:51671831-51672317	1	1	0	0	distal	.	.
chr1:51729282-51730201	2	2	1	1	distal	.	.
chr1:51878042-51879303	1	1	0	0	proximal	NRDC	.
chr1:51932045-51932229	2	2	1	1	distal	.	.
chr1:52055031-52055716	2	1	0	0	proximal	BTF3L4,TXNDC12	.
chr1:52127471-52127685	2	1	0	0	distal	.	.
chr1:52150110-52150365	1	1	0	0	distal	.	.
chr1:52210918-52211068	1	1	0	0	distal	.	.
chr1:52552941-52553873	1	1	0	0	proximal	TUT4	.
chr1:52697870-52698498	1	1	0	0	proximal	COA7	.
chr1:52702999-52703563	1	1	0	0	distal	.	.
chr1:52738979-52739221	1	1	0	0	distal	.	.
chr1:52926923-52927362	1	1	0	0	proximal	ECHDC2,SCP2	.
chr1:52927424-52927797	1	1	0	0	proximal	ECHDC2,SCP2	.
chr1:53028825-53028975	1	1	0	0	distal	.	.
chr1:53196654-53196967	1	1	0	0	proximal	CPT2	.
chr1:53220864-53221181	2	1	0	0	proximal	CZIB,CZIB-DT	.
chr1:53739112-53739638	1	1	0	0	proximal	GLIS1	.
chr1:53822147-53822297	1	1	0	0	distal	.	.
chr1:53837680-53838808	2	1	0	0	proximal	NDC1	.
chr1:53945361-53946406	1	1	0	0	proximal	HSPB11,LRRC42	.
chr1:54053861-54054037	1	1	0	0	proximal	TCEANC2,TMEM59	.
chr1:54081716-54081949	1	1	0	0	distal	.	.
chr1:54121651-54122092	2	1	0	0	distal	.	.
chr1:54199697-54200455	2	1	0	0	proximal	CYB5RL,ENSG00000256407	.
chr1:54273018-54273532	1	1	0	0	distal	.	.
chr1:54365997-54366332	2	1	0	0	distal	.	.
chr1:54411649-54412044	1	1	0	0	distal	.	.
chr1:54448613-54448774	1	1	0	0	distal	.	.
chr1:54488205-54488543	2	1	0	0	distal	.	.
chr1:54488831-54489054	1	1	0	0	distal	.	.
chr1:54519100-54519382	1	1	0	0	distal	.	.
chr1:54542093-54542538	1	1	0	0	proximal	ACOT11	.
chr1:54664396-54664546	1	1	0	0	distal	.	.
chr1:54886697-54887439	1	1	0	0	proximal	DHCR24,DHCR24-DT,ENSG00000242396	.
chr1:54945241-54945406	1	1	0	0	distal	.	.
chr1:55022101-55022337	1	1	0	0	distal	.	.
chr1:55284867-55285047	1	1	0	0	distal	.	.
chr1:56258157-56258307	1	1	0	0	distal	.	.
chr1:56584970-56585190	2	1	0	0	distal	.	.
chr1:56616919-56617354	1	1	0	0	distal	.	.
chr1:56644671-56645291	1	1	0	0	proximal	PLPP3,PRKAA2	.
chr1:56646069-56646545	2	1	0	0	proximal	PRKAA2	.
chr1:57011518-57011668	1	1	0	0	distal	.	.
chr1:57111292-57111535	1	1	0	0	distal	.	.
chr1:57147328-57147525	1	1	0	0	distal	.	.
chr1:5752870-5753020	1	1	0	0	distal	.	.
chr1:58345122-58345378	1	1	0	0	distal	.	.
chr1:58417278-58417428	2	2	1	1	distal	.	.
chr1:58669522-58669695	1	1	0	0	distal	.	.
chr1:58779905-58780197	3	2	1	1	distal	.	.
chr1:58815230-58815517	2	2	1	1	distal	.	.
chr1:59151113-59151263	1	1	0	0	distal	.	.
chr1:59376392-59376594	2	1	0	0	distal	.	.
chr1:59652997-59653304	1	1	0	0	distal	.	.
chr1:59759474-59759812	1	1	0	0	distal	.	.
chr1:5980453-5980969	1	1	0	0	distal	.	.
chr1:59826663-59826901	1	1	0	0	distal	.	.
chr1:59860818-59861105	1	1	0	0	distal	.	.
chr1:5992412-5992780	2	1	0	0	proximal	NPHP4	.
chr1:59926697-59926857	1	1	0	0	proximal	CYP2J2	.
chr1:59971364-59971635	2	1	0	0	distal	.	.
chr1:60008752-60008902	1	1	0	0	distal	.	.
chr1:60078947-60079097	1	1	0	0	distal	.	.
chr1:6034539-6034721	1	1	0	0	distal	.	.
chr1:6041526-6041729	2	1	0	0	distal	.	.
chr1:60637948-60638161	1	1	0	0	distal	.	.
chr1:60696727-60696954	1	1	0	0	distal	.	.
chr1:60858469-60858728	1	1	0	0	distal	.	.
chr1:60916940-60917175	1	1	0	0	distal	.	.
chr1:60970792-60970947	3	2	1	1	distal	.	.
chr1:61049904-61050362	1	1	0	0	distal	.	.
chr1:61057687-61057994	2	1	0	0	proximal	NFIA-AS2	.
chr1:61076887-61077297	1	1	0	0	distal	.	.
chr1:61224530-61224739	2	2	1	1	distal	.	.
chr1:61253492-61253718	3	2	1	1	proximal	NFIA-AS1	.
chr1:61453438-61453743	1	1	0	0	distal	.	.
chr1:6148714-6148955	2	1	0	0	distal	.	.
chr1:61641809-61641959	1	1	0	0	distal	.	.
chr1:61724794-61725327	1	1	0	0	proximal	TM2D1	.
chr1:61725393-61725688	1	1	0	0	proximal	TM2D1	.
chr1:61742154-61742858	1	1	0	0	proximal	PATJ,PATJ-DT	.
chr1:61763632-61763799	1	1	0	0	distal	.	.
chr1:6199399-6199865	2	1	0	0	distal	.	.
chr1:6204936-6205659	1	1	0	0	proximal	RNF207,RNF207-AS1	.
chr1:62110334-62110514	1	1	0	0	distal	.	.
chr1:62131187-62131395	1	1	0	0	distal	.	.
chr1:6235901-6236299	3	2	1	1	proximal	ICMT	.
chr1:6238702-6238910	2	1	0	0	distal	.	.
chr1:6246823-6246994	3	1	0	0	distal	.	.
chr1:62550718-62550876	1	1	0	0	distal	.	.
chr1:62687719-62688615	2	1	0	0	proximal	DOCK7,DOCK7-DT	.
chr1:62827958-62828108	1	1	0	0	distal	.	.
chr1:629441-629639	1	1	0	0	distal	.	.
chr1:63173130-63173637	2	2	1	1	distal	.	.
chr1:63286501-63286651	1	1	0	0	distal	.	.
chr1:63286915-63287169	1	1	0	0	distal	.	.
chr1:63316958-63317692	1	1	0	0	proximal	LINC00466	.
chr1:63322424-63322794	2	1	0	0	proximal	FOXD3	.
chr1:633825-634191	1	1	0	0	distal	.	.
chr1:63390412-63390624	1	1	0	0	distal	.	.
chr1:6343484-6343699	1	1	0	0	distal	.	.
chr1:63522817-63523650	1	1	0	0	proximal	EFCAB7	.
chr1:6353896-6354238	1	1	0	0	distal	.	.
chr1:63653024-63653174	2	1	0	0	distal	.	.
chr1:63674483-63674756	1	1	0	0	distal	.	.
chr1:63692015-63692322	2	1	0	0	distal	.	.
chr1:63746154-63746542	1	1	0	0	distal	.	.
chr1:63836921-63837119	2	2	1	1	distal	.	.
chr1:63902933-63903084	2	2	1	1	distal	.	.
chr1:6393333-6393586	3	2	1	1	proximal	ACOT7,ENSG00000271746	.
chr1:6393669-6393918	1	1	0	0	proximal	ACOT7,ENSG00000271746	.
chr1:63994789-63994939	2	1	0	0	distal	.	.
chr1:64137207-64137368	1	1	0	0	distal	.	.
chr1:64163094-64163325	1	1	0	0	distal	.	.
chr1:64229300-64229629	1	1	0	0	distal	.	.
chr1:64236681-64236831	1	1	0	0	distal	.	.
chr1:64343536-64343847	1	1	0	0	distal	.	.
chr1:6437534-6437735	1	1	0	0	distal	.	.
chr1:64469689-64470334	3	1	0	0	proximal	CACHD1	.
chr1:64470483-64470873	1	1	0	0	proximal	CACHD1	.
chr1:64505391-64505866	1	1	0	0	distal	.	.
chr1:64537983-64538136	1	1	0	0	distal	.	.
chr1:64572194-64572430	2	1	0	0	distal	.	.
chr1:64715330-64715480	1	1	0	0	distal	.	.
chr1:64738292-64738442	1	1	0	0	distal	.	.
chr1:64744860-64745395	1	1	0	0	proximal	RAVER2	.
chr1:6475591-6475746	1	1	0	0	distal	.	.
chr1:64793018-64793235	2	1	0	0	distal	.	.
chr1:64823767-64823974	1	1	0	0	distal	.	.
chr1:64859431-64859614	1	1	0	0	distal	.	.
chr1:64860867-64861017	1	1	0	0	distal	.	.
chr1:64966061-64966963	1	1	0	0	distal	.	.
chr1:65002555-65002976	1	1	0	0	proximal	LINC01359	.
chr1:65066103-65066318	1	1	0	0	distal	.	.
chr1:65114131-65114281	1	1	0	0	distal	.	.
chr1:65148559-65149144	3	1	0	0	distal	.	.
chr1:65265666-65265816	1	1	0	0	distal	.	.
chr1:65309169-65309595	1	1	0	0	proximal	ENSG00000290094	.
chr1:65357474-65357711	1	1	0	0	distal	.	.
chr1:65459557-65459707	1	1	0	0	distal	.	.
chr1:65469159-65469526	1	1	0	0	distal	.	.
chr1:65525336-65525718	1	1	0	0	distal	.	.
chr1:6554431-6554826	1	1	0	0	proximal	NOL9,TAS1R1	.
chr1:65643997-65644160	1	1	0	0	distal	.	.
chr1:65792744-65793224	2	1	0	0	proximal	PDE4B	.
chr1:6579811-6580280	1	1	0	0	proximal	ZBTB48	.
chr1:66032637-66032837	1	1	0	0	distal	.	.
chr1:6613228-6613814	1	1	0	0	proximal	PHF13	.
chr1:6613889-6614287	1	1	0	0	proximal	KLHL21,PHF13	.
chr1:6625325-6625712	3	2	1	1	proximal	THAP3	.
chr1:6648010-6648263	2	1	0	0	distal	.	.
chr1:66543475-66543883	1	1	0	0	distal	.	.
chr1:6701361-6701669	1	1	0	0	proximal	DNAJC11	.
chr1:6701785-6702269	1	1	0	0	proximal	DNAJC11	.
chr1:67053388-67053860	1	1	0	0	proximal	SLC35D1	.
chr1:67149254-67149435	1	1	0	0	distal	.	.
chr1:67155223-67155459	2	1	0	0	distal	.	.
chr1:6719632-6720264	1	1	0	0	distal	.	.
chr1:67401083-67401279	2	1	0	0	distal	.	.
chr1:67460941-67461226	1	1	0	0	distal	.	.
chr1:67561773-67561945	1	1	0	0	distal	.	.
chr1:6757931-6758266	1	1	0	0	distal	.	.
chr1:67674730-67674880	1	1	0	0	distal	.	.
chr1:67685508-67685666	1	1	0	0	proximal	GADD45A	.
chr1:67686279-67686973	2	1	0	0	distal	.	.
chr1:67700379-67701125	1	1	0	0	distal	.	.
chr1:67831946-67832254	1	1	0	0	proximal	GNG12-AS1	.
chr1:67832839-67833681	1	1	0	0	proximal	GNG12,GNG12-AS1	.
chr1:68120218-68120411	1	1	0	0	distal	.	.
chr1:68155948-68156214	1	1	0	0	distal	.	.
chr1:68342873-68343038	1	1	0	0	distal	.	.
chr1:68481630-68481790	1	1	0	0	distal	.	.
chr1:6850924-6851080	1	1	0	0	distal	.	.
chr1:6962277-6963423	1	1	0	0	distal	.	.
chr1:7075428-7075584	1	1	0	0	distal	.	.
chr1:7108116-7108293	1	1	0	0	distal	.	.
chr1:7208006-7208156	2	1	0	0	distal	.	.
chr1:7299374-7299646	1	1	0	0	distal	.	.
chr1:74197983-74198563	1	1	0	0	proximal	FPGT,FPGT-TNNI3K,LRRIQ3	.
chr1:74947489-74947639	1	1	0	0	distal	.	.
chr1:75615679-75616087	1	1	0	0	distal	.	.
chr1:75785895-75786514	1	1	0	0	proximal	RABGGTB	.
chr1:7582934-7583084	1	1	0	0	distal	.	.
chr1:7646387-7646557	2	2	1	1	distal	.	.
chr1:7704483-7704912	2	1	0	0	distal	.	.
chr1:77281652-77281853	1	1	0	0	proximal	AK5	.
chr1:77438572-77438722	1	1	0	0	distal	.	.
chr1:77584509-77584659	1	1	0	0	distal	.	.
chr1:77697808-77697958	1	1	0	0	distal	.	.
chr1:7770858-7771680	2	1	0	0	proximal	VAMP3	.
chr1:77795519-77795821	1	1	0	0	distal	.	.
chr1:778256-779210	1	1	0	0	proximal	ENSG00000291215,LINC01409	.
chr1:7783750-7784240	2	2	1	1	proximal	PER3	.
chr1:77949070-77949272	1	1	0	0	distal	.	.
chr1:77978746-77979610	1	1	0	0	proximal	DNAJB4,FUBP1,GIPC2	.
chr1:78004015-78004590	1	1	0	0	proximal	ENSG00000273338	.
chr1:78004707-78005008	2	1	0	0	proximal	ENSG00000273338	.
chr1:78033303-78033757	1	1	0	0	distal	.	.
chr1:78884885-78885303	1	1	0	0	distal	.	.
chr1:7961299-7961996	1	1	0	0	distal	.	.
chr1:8055782-8055953	1	1	0	0	distal	.	.
chr1:81763376-81763619	1	1	0	0	distal	.	.
chr1:81777808-81777958	1	1	0	0	distal	.	.
chr1:81802760-81803145	1	1	0	0	distal	.	.
chr1:82025428-82025578	1	1	0	0	distal	.	.
chr1:827026-827705	3	2	0	0	proximal	LINC00115	.
chr1:83692984-83693278	2	1	0	0	distal	.	.
chr1:83711758-83711954	1	1	0	0	distal	.	.
chr1:84077592-84078210	1	1	0	0	proximal	PRKACB,PRKACB-DT	.
chr1:8439055-8439431	1	1	0	0	distal	.	.
chr1:84404776-84404926	1	1	0	0	distal	.	.
chr1:84505699-84505998	1	1	0	0	proximal	GNG5,SPATA1	.
chr1:84506080-84506826	2	1	0	0	proximal	GNG5,SPATA1	.
chr1:84524966-84525116	1	1	0	0	distal	.	.
chr1:84574223-84574817	1	1	0	0	proximal	CTBS,ENSG00000284882	.
chr1:84633139-84633314	1	1	0	0	distal	.	.
chr1:84634806-84634956	1	1	0	0	proximal	LINC01555	.
chr1:84689948-84690915	1	1	0	0	proximal	SSX2IP	.
chr1:84715730-84715880	1	1	0	0	distal	.	.
chr1:84753642-84753792	2	1	0	0	distal	.	.
chr1:8482138-8482311	2	2	1	1	distal	.	.
chr1:8489158-8489308	1	1	0	0	distal	.	.
chr1:84945008-84945254	1	1	0	0	distal	.	.
chr1:84969468-84969627	1	1	0	0	distal	.	.
chr1:85047458-85047720	2	1	0	0	proximal	MCOLN3	.
chr1:85047906-85048305	1	1	0	0	proximal	MCOLN3	.
chr1:85061900-85062446	2	1	0	0	distal	.	.
chr1:85200867-85201811	4	1	0	0	proximal	SYDE2	.
chr1:85275226-85275460	2	1	0	0	distal	.	.
chr1:85276136-85277005	1	1	0	0	proximal	BCL10,BCL10-AS1	.
chr1:85298532-85298682	1	1	0	0	distal	.	.
chr1:85308135-85308429	1	1	0	0	distal	.	.
chr1:8542159-8542431	2	1	0	0	distal	.	.
chr1:85447224-85447433	1	1	0	0	distal	.	.
chr1:85464283-85465230	1	1	0	0	distal	.	.
chr1:85465342-85465495	2	1	0	0	distal	.	.
chr1:85476344-85476542	1	1	0	0	distal	.	.
chr1:85581293-85581743	2	1	0	0	proximal	CCN1	.
chr1:85607246-85607480	1	1	0	0	distal	.	.
chr1:85708127-85708769	1	1	0	0	proximal	ZNHIT6	.
chr1:85714459-85714781	1	1	0	0	distal	.	.
chr1:86202965-86203130	1	1	0	0	distal	.	.
chr1:86345431-86345581	1	1	0	0	distal	.	.
chr1:86585694-86585844	1	1	0	0	distal	.	.
chr1:8661216-8661573	1	1	0	0	distal	.	.
chr1:86774051-86774712	1	1	0	0	distal	.	.
chr1:869879-870030	1	1	0	0	distal	.	.
chr1:87009498-87009836	1	1	0	0	distal	.	.
chr1:8701086-8701236	1	1	0	0	distal	.	.
chr1:87020797-87020947	1	1	0	0	distal	.	.
chr1:8703286-8703509	1	1	0	0	distal	.	.
chr1:87131777-87131987	1	1	0	0	distal	.	.
chr1:8726825-8727009	1	1	0	0	distal	.	.
chr1:87309755-87309905	1	1	0	0	distal	.	.
chr1:87331588-87331740	1	1	0	0	distal	.	.
chr1:87441302-87441515	1	1	0	0	distal	.	.
chr1:87718404-87718915	1	1	0	0	distal	.	.
chr1:87806522-87806672	2	1	0	0	distal	.	.
chr1:88093194-88093344	2	1	0	0	distal	.	.
chr1:88165279-88165429	1	1	0	0	distal	.	.
chr1:8817157-8817394	1	1	0	0	distal	.	.
chr1:8817923-8818224	1	1	0	0	distal	.	.
chr1:8869283-8869433	1	1	0	0	distal	.	.
chr1:8878656-8879391	1	1	0	0	proximal	ENO1,ENO1-AS1	.
chr1:8903007-8903206	1	1	0	0	distal	.	.
chr1:89394950-89395100	1	1	0	0	distal	.	.
chr1:89490290-89490520	1	1	0	0	distal	.	.
chr1:89524046-89525096	1	1	0	0	proximal	ENSG00000286548,LRRC8B	.
chr1:89525326-89525578	1	1	0	0	proximal	ENSG00000286548,LRRC8B	.
chr1:89614491-89614860	1	1	0	0	distal	.	.
chr1:89632462-89633155	1	1	0	0	proximal	ENSG00000271949,LRRC8C,LRRC8C-DT	.
chr1:89633222-89633669	1	1	0	0	proximal	ENSG00000271949,LRRC8C,LRRC8C-DT	.
chr1:89708376-89708545	1	1	0	0	distal	.	.
chr1:89709470-89709656	1	1	0	0	distal	.	.
chr1:89731122-89731316	1	1	0	0	distal	.	.
chr1:89820719-89821007	1	1	0	0	proximal	LRRC8D,LRRC8D-DT	.
chr1:89870664-89870814	1	1	0	0	distal	.	.
chr1:89994796-89995374	3	1	0	0	proximal	ZNF326	.
chr1:9019624-9019774	1	1	0	0	distal	.	.
chr1:90207615-90207916	1	1	0	0	distal	.	.
chr1:90354696-90354846	1	1	0	0	distal	.	.
chr1:904649-904922	1	1	0	0	proximal	ENSG00000272438	.
chr1:90851095-90852008	1	1	0	0	proximal	LINC01763,LINC02609	.
chr1:91006650-91006841	1	1	0	0	distal	.	.
chr1:91404096-91404873	1	1	0	0	proximal	HFM1	.
chr1:9142309-9142507	1	1	0	0	distal	.	.
chr1:91500653-91501537	1	1	0	0	proximal	CDC7	.
chr1:91732587-91732828	1	1	0	0	distal	.	.
chr1:9181345-9181559	1	1	0	0	proximal	LNCTAM34A	.
chr1:91886129-91886399	1	1	0	0	distal	.	.
chr1:9196303-9196642	1	1	0	0	distal	.	.
chr1:9210283-9210449	1	1	0	0	distal	.	.
chr1:92268925-92269091	1	1	0	0	distal	.	.
chr1:9234550-9235247	1	1	0	0	proximal	H6PD	.
chr1:92392725-92392882	2	1	0	0	distal	.	.
chr1:92478278-92478428	1	1	0	0	distal	.	.
chr1:92486766-92487104	1	1	0	0	proximal	GFI1	.
chr1:92601644-92601806	1	1	0	0	distal	.	.
chr1:92756731-92757007	1	1	0	0	distal	.	.
chr1:92784385-92784897	1	1	0	0	distal	.	.
chr1:92822916-92823134	1	1	0	0	distal	.	.
chr1:92870335-92870485	1	1	0	0	distal	.	.
chr1:92878660-92878810	1	1	0	0	distal	.	.
chr1:9292615-9292861	1	1	0	0	proximal	SPSB1	.
chr1:9307867-9308027	1	1	0	0	distal	.	.
chr1:93164719-93164869	1	1	0	0	distal	.	.
chr1:93345391-93346193	1	1	0	0	proximal	CCDC18-AS1,DR1	.
chr1:93532199-93532349	1	1	0	0	distal	.	.
chr1:93846263-93846720	1	1	0	0	proximal	BCAR3,ENSG00000260464	.
chr1:93909244-93909961	1	1	0	0	proximal	GCLM	.
chr1:94247142-94247894	2	1	0	0	proximal	ARHGAP29-AS1	.
chr1:9428830-9429285	1	1	0	0	distal	.	.
chr1:94417958-94418543	2	1	0	0	proximal	ABCD3,ENSG00000286692	.
chr1:94792007-94792299	1	1	0	0	distal	.	.
chr1:94819995-94820621	2	1	0	0	proximal	SLC44A3	.
chr1:94884104-94884258	1	1	0	0	distal	.	.
chr1:94926647-94927592	1	1	0	0	proximal	CNN3,CNN3-DT	.
chr1:9539134-9539773	1	1	0	0	proximal	SLC25A33	.
chr1:9588457-9588865	3	1	0	0	proximal	TMEM201	.
chr1:960218-960370	2	1	0	0	proximal	KLHL17,NOC2L	.
chr1:9721654-9722035	2	1	0	0	distal	.	.
chr1:976148-976326	2	1	0	0	distal	.	.
chr1:9874935-9875124	1	1	0	0	distal	.	.
chr1:9943042-9943597	1	1	0	0	proximal	ENSG00000228150,LZIC,NMNAT1	.
chr1:99682563-99682719	1	1	0	0	distal	.	.
chr1:99849824-99850503	2	1	0	0	proximal	AGL	.
chr1:99885416-99885614	1	1	0	0	distal	.	.
chr1:99969662-99970294	2	1	0	0	proximal	ENSG00000228084,ENSG00000283761,SLC35A3	.
chr1:99970354-99970537	1	1	0	0	proximal	ENSG00000228084,ENSG00000283761	.
chr20:1118332-1118658	2	1	0	0	proximal	ENSG00000286787	.
chr20:1283617-1283850	1	1	0	0	distal	.	.
chr20:1325619-1325859	3	1	0	0	proximal	SDCBP2-AS1	.
chr20:13765206-13765356	1	1	0	0	distal	.	.
chr20:1392969-1393318	2	1	0	0	proximal	ENSG00000274322,FKBP1A	.
chr20:14337424-14337826	1	1	0	0	proximal	FLRT3	.
chr20:1503492-1503897	1	1	0	0	distal	.	.
chr20:17530792-17531302	2	1	0	0	distal	.	.
chr20:17681536-17681691	2	1	0	0	proximal	RRBP1	.
chr20:1777262-1777488	1	1	0	0	distal	.	.
chr20:17968584-17969190	2	1	0	0	proximal	MGME1,SNX5	.
chr20:18059103-18059339	1	1	0	0	proximal	ENSG00000229262,OVOL2	.
chr20:18176312-18176557	2	1	0	0	distal	.	.
chr20:18224947-18225503	1	1	0	0	distal	.	.
chr20:18466701-18466851	2	1	0	0	proximal	DZANK1,POLR3F	.
chr20:18466922-18467499	1	1	0	0	proximal	DZANK1,POLR3F	.
chr20:18496946-18497410	1	1	0	0	proximal	RBBP9	.
chr20:2038806-2038956	1	1	0	0	distal	.	.
chr20:2102490-2102944	1	1	0	0	proximal	STK35	.
chr20:21050771-21051028	1	1	0	0	distal	.	.
chr20:21125786-21126417	1	1	0	0	proximal	KIZ	.
chr20:21196147-21196316	1	1	0	0	distal	.	.
chr20:21236127-21236303	2	1	0	0	distal	.	.
chr20:21303495-21303976	2	1	0	0	proximal	ENSG00000275457,XRN2	.
chr20:21663556-21663706	1	1	0	0	distal	.	.
chr20:21694320-21694470	1	1	0	0	distal	.	.
chr20:21767756-21768065	1	1	0	0	distal	.	.
chr20:23357881-23358393	1	1	0	0	proximal	LINC01431	.
chr20:2352140-2352402	2	1	0	0	distal	.	.
chr20:23638430-23638733	1	1	0	0	proximal	CST3	.
chr20:24992672-24993010	1	1	0	0	proximal	APMAP,ENSG00000286444	.
chr20:2508162-2508417	1	1	0	0	proximal	ENSG00000256566	.
chr20:2508792-2509334	1	1	0	0	proximal	ENSG00000256566	.
chr20:2516047-2516197	2	1	0	0	distal	.	.
chr20:25176711-25176968	1	1	0	0	distal	.	.
chr20:25222968-25223137	1	1	0	0	distal	.	.
chr20:2524358-2524711	2	1	0	0	proximal	ZNF343	.
chr20:2548745-2548964	1	1	0	0	distal	.	.
chr20:25537562-25537712	1	1	0	0	distal	.	.
chr20:2652083-2652643	1	1	0	0	proximal	NOP56	.
chr20:2664182-2664367	1	1	0	0	proximal	IDH3B,IDH3B-DT	.
chr20:267019-267241	1	1	0	0	proximal	ENSG00000272874	.
chr20:2820318-2820528	2	1	0	0	distal	.	.
chr20:2831382-2831825	1	1	0	0	distal	.	.
chr20:28494696-28495208	1	1	0	0	distal	.	.
chr20:28497472-28497651	1	1	0	0	distal	.	.
chr20:2872811-2873463	3	1	0	0	proximal	PTPRA	.
chr20:290370-290865	1	1	0	0	proximal	C20orf96	.
chr20:297221-297642	1	1	0	0	proximal	ZCCHC3	.
chr20:3045644-3046171	1	1	0	0	proximal	MRPS26	.
chr20:31068100-31068783	1	1	0	0	distal	.	.
chr20:3115554-3115859	1	1	0	0	distal	.	.
chr20:31547231-31547465	1	1	0	0	proximal	MCTS2	.
chr20:31572850-31573406	1	1	0	0	proximal	HM13-AS1	.
chr20:31596189-31596358	2	1	0	0	distal	.	.
chr20:31605092-31605580	2	1	0	0	proximal	ENSG00000289875,ID1	.
chr20:31722597-31722975	1	1	0	0	distal	.	.
chr20:31861619-31861875	1	1	0	0	distal	.	.
chr20:31869701-31870361	1	1	0	0	proximal	DUSP15,TTLL9	.
chr20:31879637-31880464	4	1	0	0	distal	.	.
chr20:31942971-31943121	1	1	0	0	distal	.	.
chr20:31968281-31968700	1	1	0	0	proximal	XKR7	.
chr20:32018348-32018884	1	1	0	0	distal	.	.
chr20:32031539-32031796	2	1	0	0	proximal	ENSG00000226239	.
chr20:3204320-3204784	1	1	0	0	proximal	DDRGK1	.
chr20:32071555-32071705	1	1	0	0	distal	.	.
chr20:32074036-32074186	1	1	0	0	distal	.	.
chr20:32109688-32110255	2	1	0	0	proximal	TM9SF4	.
chr20:32121818-32122011	1	1	0	0	distal	.	.
chr20:3218577-3218906	1	1	0	0	distal	.	.
chr20:32207609-32207915	3	1	0	0	proximal	PLAGL2,POFUT1	.
chr20:324344-324638	2	1	0	0	distal	.	.
chr20:32457495-32457699	1	1	0	0	distal	.	.
chr20:325167-325581	1	1	0	0	proximal	SOX12	.
chr20:32536186-32536642	1	1	0	0	distal	.	.
chr20:32665310-32665707	1	1	0	0	distal	.	.
chr20:326987-327339	1	1	0	0	distal	.	.
chr20:32772441-32772591	1	1	0	0	distal	.	.
chr20:33299144-33299371	1	1	0	0	distal	.	.
chr20:33433520-33433770	2	1	0	0	distal	.	.
chr20:33674398-33674595	2	1	0	0	proximal	ENSG00000271803,NECAB3	.
chr20:33686165-33686726	1	1	0	0	proximal	E2F1	.
chr20:33732704-33732889	2	1	0	0	proximal	ENSG00000229188	.
chr20:33811054-33812145	1	1	0	0	proximal	CHMP4B,ZNF341-AS1	.
chr20:33994337-33994547	1	1	0	0	proximal	RALY,RALY-AS1	.
chr20:3408649-3408987	1	1	0	0	distal	.	.
chr20:34145283-34145499	1	1	0	0	distal	.	.
chr20:34215912-34216433	2	1	0	0	distal	.	.
chr20:34312733-34312940	1	1	0	0	distal	.	.
chr20:34338024-34338174	1	1	0	0	distal	.	.
chr20:34344909-34345059	2	1	0	0	distal	.	.
chr20:34363094-34363779	2	1	0	0	proximal	ENSG00000289720,ITCH	.
chr20:34415441-34415591	1	1	0	0	distal	.	.
chr20:34515469-34515783	1	1	0	0	proximal	DYNLRB1	.
chr20:34516024-34516843	1	1	0	0	proximal	DYNLRB1	.
chr20:346748-347191	1	1	0	0	proximal	NRSN2	.
chr20:34676528-34677414	1	1	0	0	distal	.	.
chr20:34704592-34704794	1	1	0	0	proximal	TP53INP2	.
chr20:34709221-34709856	1	1	0	0	distal	.	.
chr20:347581-348067	1	1	0	0	proximal	NRSN2-AS1	.
chr20:34769838-34770139	1	1	0	0	distal	.	.
chr20:34825087-34825430	2	1	0	0	proximal	NCOA6	.
chr20:34872791-34873005	2	1	0	0	proximal	ACSS2,GGT7	.
chr20:34876086-34876617	2	1	0	0	distal	.	.
chr20:35092489-35092968	3	2	0	0	proximal	TRPC4AP	.
chr20:35093119-35093303	1	1	0	0	proximal	TRPC4AP	.
chr20:35277510-35278229	3	2	1	1	proximal	MMP24OS	.
chr20:35303927-35304114	1	1	0	0	distal	.	.
chr20:35319215-35319704	3	2	0	0	distal	.	.
chr20:35370020-35370218	1	1	0	0	distal	.	.
chr20:35394818-35394968	1	1	0	0	distal	.	.
chr20:35411930-35412589	2	1	0	0	proximal	UQCC1	.
chr20:35447287-35447437	2	2	0	0	distal	.	.
chr20:35584010-35584261	3	2	1	1	distal	.	.
chr20:35616000-35617060	1	1	0	0	proximal	SPAG4	.
chr20:35617698-35617882	2	2	0	0	distal	.	.
chr20:35664403-35664796	1	1	0	0	proximal	CPNE1,RBM12	.
chr20:35664864-35665171	2	1	0	0	proximal	CPNE1,RBM12	.
chr20:35698728-35699867	1	1	0	0	proximal	NFS1,ROMO1	.
chr20:35710985-35711143	1	1	0	0	distal	.	.
chr20:35771800-35772438	1	1	0	0	proximal	PHF20	.
chr20:35883594-35883829	4	2	1	1	distal	.	.
chr20:35954248-35954758	1	1	0	0	proximal	CNBD2	.
chr20:35955095-35955245	1	1	0	0	proximal	CNBD2	.
chr20:36019254-36019508	2	1	0	0	distal	.	.
chr20:36050927-36051182	1	1	0	0	proximal	ENSG00000234139,NORAD	.
chr20:36064706-36065298	1	1	0	0	proximal	ENSG00000277235	.
chr20:36125566-36125769	2	1	0	0	distal	.	.
chr20:36154451-36154868	3	1	0	0	distal	.	.
chr20:36196178-36196434	2	1	0	0	distal	.	.
chr20:36199800-36199993	2	1	0	0	distal	.	.
chr20:36353587-36353802	2	2	1	1	distal	.	.
chr20:36460903-36461472	2	1	0	0	distal	.	.
chr20:36529651-36529801	2	1	0	0	distal	.	.
chr20:36573292-36573690	1	1	0	0	proximal	DLGAP4-AS1,TGIF2	.
chr20:36605436-36605857	2	1	0	0	proximal	RAB5IF	.
chr20:36623111-36623261	1	1	0	0	distal	.	.
chr20:36632540-36632810	2	1	0	0	distal	.	.
chr20:36674579-36674944	2	2	1	1	distal	.	.
chr20:36773453-36774039	1	1	0	0	proximal	DSN1	.
chr20:36779597-36779858	1	1	0	0	distal	.	.
chr20:36808654-36808850	1	1	0	0	distal	.	.
chr20:36863643-36864090	3	2	1	1	proximal	SOGA1	.
chr20:36887032-36887478	4	1	0	0	distal	.	.
chr20:36950960-36951946	2	1	0	0	proximal	SAMHD1	.
chr20:36952093-36952243	1	1	0	0	proximal	SAMHD1	.
chr20:36991456-36991659	1	1	0	0	distal	.	.
chr20:37095437-37096581	1	1	0	0	proximal	ENSG00000269846,RBL1	.
chr20:37134506-37134733	1	1	0	0	distal	.	.
chr20:37153355-37153505	1	1	0	0	distal	.	.
chr20:37166454-37166630	1	1	0	0	distal	.	.
chr20:37178582-37179375	1	1	0	0	proximal	MROH8,RPN2	.
chr20:37269801-37270019	1	1	0	0	distal	.	.
chr20:37289825-37290019	1	1	0	0	proximal	MANBAL	.
chr20:37290240-37290424	1	1	0	0	proximal	MANBAL	.
chr20:37339507-37339721	1	1	0	0	distal	.	.
chr20:37345770-37346198	1	1	0	0	distal	.	.
chr20:37384764-37385033	1	1	0	0	distal	.	.
chr20:37527618-37527972	1	1	0	0	proximal	BLCAP,ENSG00000276603	.
chr20:3768342-3768579	1	1	0	0	proximal	C20orf27	.
chr20:37693837-37694203	2	1	0	0	proximal	CTNNBL1	.
chr20:37863456-37863623	1	1	0	0	distal	.	.
chr20:37902957-37903347	1	1	0	0	proximal	VSTM2L	.
chr20:3795666-3796589	3	1	0	0	distal	.	.
chr20:37969211-37969508	1	1	0	0	distal	.	.
chr20:38033151-38034142	3	1	0	0	proximal	RPRD1B,TTI1	.
chr20:380946-381118	1	1	0	0	distal	.	.
chr20:3820041-3821015	1	1	0	0	proximal	AP5S1	.
chr20:38220987-38221378	1	1	0	0	distal	.	.
chr20:38356373-38356564	1	1	0	0	distal	.	.
chr20:38446460-38446818	1	1	0	0	proximal	SNHG11	.
chr20:38472512-38473133	1	1	0	0	proximal	RALGAPB	.
chr20:38601962-38602140	3	1	0	0	proximal	ARHGAP40	.
chr20:38731500-38731720	1	1	0	0	distal	.	.
chr20:38748768-38748934	1	1	0	0	proximal	ACTR5	.
chr20:38893355-38893519	1	1	0	0	distal	.	.
chr20:38915236-38915412	1	1	0	0	distal	.	.
chr20:38926026-38926629	2	1	0	0	proximal	FAM83D	.
chr20:3899139-3899289	1	1	0	0	distal	.	.
chr20:407782-408437	1	1	0	0	proximal	RBCK1	.
chr20:4085312-4085541	1	1	0	0	distal	.	.
chr20:4097582-4097750	1	1	0	0	distal	.	.
chr20:4108468-4108952	3	1	0	0	distal	.	.
chr20:41317598-41317924	1	1	0	0	proximal	ZHX3	.
chr20:41340634-41341117	1	1	0	0	proximal	LPIN3	.
chr20:41618038-41618855	1	1	0	0	proximal	CHD6	.
chr20:41894482-41894632	2	1	0	0	distal	.	.
chr20:42149837-42149987	1	1	0	0	distal	.	.
chr20:421634-421784	1	1	0	0	distal	.	.
chr20:4331845-4332011	1	1	0	0	distal	.	.
chr20:43457452-43458054	1	1	0	0	proximal	ENSG00000288000,SRSF6	.
chr20:43506981-43507131	1	1	0	0	distal	.	.
chr20:43513967-43514560	1	1	0	0	distal	.	.
chr20:43558265-43558518	1	1	0	0	proximal	SGK2	.
chr20:43590505-43591232	1	1	0	0	proximal	ENSG00000282876,IFT52	.
chr20:43657490-43657944	1	1	0	0	distal	.	.
chr20:43666942-43667353	2	1	0	0	proximal	MYBL2	.
chr20:43755560-43755775	1	1	0	0	distal	.	.
chr20:43992358-43992571	1	1	0	0	distal	.	.
chr20:44038885-44039035	1	1	0	0	distal	.	.
chr20:44116765-44116929	3	1	0	0	distal	.	.
chr20:44188269-44188485	2	1	0	0	distal	.	.
chr20:44288201-44288351	1	1	0	0	distal	.	.
chr20:44310895-44311745	2	1	0	0	proximal	FITM2	.
chr20:44384905-44385055	1	1	0	0	distal	.	.
chr20:44407116-44407459	2	1	0	0	distal	.	.
chr20:44515281-44515438	1	1	0	0	distal	.	.
chr20:44531379-44531582	1	1	0	0	proximal	PKIG	.
chr20:44531685-44531977	2	1	0	0	proximal	PKIG	.
chr20:44563000-44563150	1	1	0	0	distal	.	.
chr20:44729022-44729458	3	1	0	0	distal	.	.
chr20:44736178-44736550	2	1	0	0	distal	.	.
chr20:44742349-44742499	1	1	0	0	distal	.	.
chr20:44960286-44960674	1	1	0	0	proximal	TOMM34	.
chr20:44966246-44966949	2	1	0	0	proximal	STK4,STK4-DT	.
chr20:45362889-45363639	1	1	0	0	proximal	SYS1-DBNDD2	.
chr20:45386318-45386475	1	1	0	0	distal	.	.
chr20:45415959-45416425	1	1	0	0	proximal	PIGT	.
chr20:45436965-45437178	1	1	0	0	distal	.	.
chr20:45489664-45489980	1	1	0	0	distal	.	.
chr20:45857092-45858087	1	1	0	0	proximal	ACOT8,ZSWIM3	.
chr20:45891224-45891448	1	1	0	0	proximal	NEURL2	.
chr20:45911718-45912277	1	1	0	0	proximal	PLTP	.
chr20:46021826-46022422	1	1	0	0	proximal	SLC12A5,SLC12A5-AS1	.
chr20:46022999-46023149	1	1	0	0	distal	.	.
chr20:46089510-46090257	1	1	0	0	proximal	NCOA5	.
chr20:46132700-46132859	1	1	0	0	distal	.	.
chr20:461930-462749	1	1	0	0	proximal	TBC1D20	.
chr20:46363938-46364202	1	1	0	0	proximal	ENSG00000273828,SLC35C2	.
chr20:46638054-46638204	1	1	0	0	distal	.	.
chr20:47501531-47502102	1	1	0	0	proximal	NCOA3	.
chr20:4760652-4760844	1	1	0	0	proximal	ENSG00000278595	.
chr20:4823371-4823792	2	1	0	0	proximal	RASSF2	.
chr20:48385519-48385669	1	1	0	0	proximal	ENSG00000236874	.
chr20:48794221-48794473	1	1	0	0	distal	.	.
chr20:49045849-49046898	2	1	0	0	proximal	CSE1L,CSE1L-DT	.
chr20:49056283-49056460	1	1	0	0	distal	.	.
chr20:49133098-49133430	1	1	0	0	distal	.	.
chr20:49712921-49713412	4	1	0	0	proximal	B4GALT5	.
chr20:49713824-49714209	2	2	0	0	proximal	B4GALT5	.
chr20:49771337-49771487	1	1	0	0	distal	.	.
chr20:49776675-49776825	1	1	0	0	distal	.	.
chr20:49812708-49813178	1	1	0	0	proximal	SLC9A8	.
chr20:49888591-49888757	2	2	0	0	distal	.	.
chr20:49909894-49910143	2	1	0	0	distal	.	.
chr20:49928424-49928965	2	2	0	0	distal	.	.
chr20:49936686-49936877	1	1	0	0	proximal	RNF114	.
chr20:49948290-49948440	2	1	0	0	distal	.	.
chr20:49982389-49982665	2	1	0	0	proximal	SNAI1	.
chr20:49982723-49983013	1	1	0	0	proximal	SNAI1	.
chr20:50071296-50071606	2	2	0	0	distal	.	.
chr20:50085203-50085353	1	1	0	0	distal	.	.
chr20:50115908-50116125	3	2	0	0	proximal	UBE2V1	.
chr20:50153651-50153967	2	1	0	0	proximal	PEDS1,PEDS1-UBE2V1	.
chr20:50165538-50165910	5	2	0	0	proximal	ENSG00000234698,LINC01275	.
chr20:50166102-50166381	2	2	0	0	proximal	ENSG00000234698,LINC01275	.
chr20:50171955-50172714	1	1	0	0	proximal	LINC01273	.
chr20:50179373-50179534	1	1	0	0	distal	.	.
chr20:50221584-50221801	1	1	0	0	distal	.	.
chr20:50395597-50395756	2	1	0	0	distal	.	.
chr20:50460813-50460997	1	1	0	0	distal	.	.
chr20:50610263-50610486	1	1	0	0	distal	.	.
chr20:50635774-50636190	1	1	0	0	distal	.	.
chr20:50730690-50731731	2	1	0	0	proximal	PARD6B	.
chr20:50741276-50741463	1	1	0	0	distal	.	.
chr20:50743986-50744726	2	2	0	0	distal	.	.
chr20:50790699-50790964	1	1	0	0	distal	.	.
chr20:50794819-50795210	2	2	0	0	proximal	BCAS4	.
chr20:50818305-50818630	1	1	0	0	distal	.	.
chr20:50929503-50929733	1	1	0	0	distal	.	.
chr20:50981531-50981687	1	1	0	0	distal	.	.
chr20:50987611-50988088	2	2	0	0	distal	.	.
chr20:51022883-51023308	2	1	0	0	proximal	KCNG1	.
chr20:5137243-5137439	1	1	0	0	distal	.	.
chr20:51562466-51562855	1	1	0	0	proximal	NFATC2	.
chr20:5205953-5206236	1	1	0	0	distal	.	.
chr20:52145685-52145835	1	1	0	0	distal	.	.
chr20:53162490-53162654	2	1	0	0	distal	.	.
chr20:5320935-5321085	1	1	0	0	distal	.	.
chr20:53503614-53503838	2	1	0	0	proximal	ENSG00000259723	.
chr20:53615291-53615441	1	1	0	0	distal	.	.
chr20:54173528-54173886	1	1	0	0	proximal	CYP24A1	.
chr20:543091-543921	3	1	0	0	proximal	CSNK2A1	.
chr20:561750-561992	2	1	0	0	distal	.	.
chr20:56541603-56541829	2	2	1	1	distal	.	.
chr20:57061204-57061610	1	1	0	0	distal	.	.
chr20:57265744-57266055	2	2	1	1	proximal	BMP7,ENSG00000226308	.
chr20:57301793-57301943	3	2	1	1	distal	.	.
chr20:57391163-57391455	1	1	0	0	proximal	RBM38	.
chr20:57425188-57425338	1	1	0	0	distal	.	.
chr20:58309348-58310245	1	1	0	0	proximal	ENSG00000291067,RAB22A	.
chr20:58336308-58336478	1	1	0	0	distal	.	.
chr20:58688372-58688779	1	1	0	0	proximal	NPEPL1	.
chr20:58997269-58997497	1	1	0	0	distal	.	.
chr20:59032224-59032773	1	1	0	0	proximal	ATP5F1E,ENSG00000289837	.
chr20:59042380-59042615	1	1	0	0	proximal	PRELID3B	.
chr20:5911351-5911840	1	1	0	0	proximal	CHGB	.
chr20:59489026-59489176	1	1	0	0	distal	.	.
chr20:59812062-59812266	1	1	0	0	distal	.	.
chr20:5982182-5982347	1	1	0	0	distal	.	.
chr20:59955263-59955462	1	1	0	0	distal	.	.
chr20:60058325-60058653	1	1	0	0	distal	.	.
chr20:61570359-61570514	1	1	0	0	distal	.	.
chr20:61695970-61696149	1	1	0	0	distal	.	.
chr20:62065850-62066136	1	1	0	0	proximal	ENSG00000283078,TAF4	.
chr20:62121557-62122524	1	1	0	0	proximal	ENSG00000289236,LSM14B	.
chr20:62143129-62143823	1	1	0	0	proximal	PSMA7,SS18L1	.
chr20:62220342-62220508	1	1	0	0	proximal	HRH3	.
chr20:62238110-62238594	1	1	0	0	distal	.	.
chr20:62238697-62238847	1	1	0	0	distal	.	.
chr20:62276697-62276847	1	1	0	0	distal	.	.
chr20:62301848-62303080	1	1	0	0	proximal	ADRM1	.
chr20:62334855-62335069	1	1	0	0	distal	.	.
chr20:62368047-62368215	1	1	0	0	proximal	LAMA5	.
chr20:62369001-62369170	1	1	0	0	distal	.	.
chr20:62386910-62387172	1	1	0	0	proximal	ENSG00000273619,RPS21	.
chr20:62407200-62407618	1	1	0	0	proximal	CABLES2	.
chr20:62500243-62500440	3	1	0	0	distal	.	.
chr20:62616671-62617152	1	1	0	0	distal	.	.
chr20:62642238-62642525	4	1	0	0	proximal	ENSG00000167046,SLCO4A1	.
chr20:62694027-62694207	1	1	0	0	distal	.	.
chr20:62743432-62743604	1	1	0	0	distal	.	.
chr20:62766221-62766371	1	1	0	0	distal	.	.
chr20:62776876-62777198	1	1	0	0	proximal	LINC00659	.
chr20:62794170-62794682	1	1	0	0	distal	.	.
chr20:62796338-62796536	1	1	0	0	proximal	MRGBP	.
chr20:62822884-62823044	1	1	0	0	distal	.	.
chr20:62875418-62875713	2	1	0	0	distal	.	.
chr20:62900360-62900579	1	1	0	0	distal	.	.
chr20:62921323-62921559	1	1	0	0	distal	.	.
chr20:62926432-62926674	2	1	0	0	distal	.	.
chr20:62937814-62938100	2	1	0	0	proximal	DIDO1,GID8	.
chr20:62972358-62972657	1	1	0	0	distal	.	.
chr20:63008735-63009323	2	1	0	0	proximal	LINC01749	.
chr20:63068584-63068771	1	1	0	0	distal	.	.
chr20:63134447-63134656	1	1	0	0	distal	.	.
chr20:63135310-63135886	2	1	0	0	distal	.	.
chr20:63216017-63216432	1	1	0	0	proximal	YTHDF1	.
chr20:63272359-63272826	1	1	0	0	proximal	ARFGAP1,NKAIN4	.
chr20:63291361-63291542	2	1	0	0	distal	.	.
chr20:63309449-63309737	1	1	0	0	distal	.	.
chr20:63472130-63472280	1	1	0	0	proximal	KCNQ2	.
chr20:63487029-63487239	1	1	0	0	distal	.	.
chr20:63496216-63496366	2	1	0	0	distal	.	.
chr20:63520358-63520819	1	1	0	0	proximal	PPDPF	.
chr20:63537765-63537932	2	1	0	0	proximal	PTK6	.
chr20:63538013-63538419	1	1	0	0	proximal	PTK6	.
chr20:63574159-63574405	2	1	0	0	proximal	HELZ2	.
chr20:63626688-63626921	2	1	0	0	proximal	GMEB2,MHENCR	.
chr20:63627034-63627563	1	1	0	0	proximal	GMEB2,MHENCR	.
chr20:63628348-63628535	1	1	0	0	distal	.	.
chr20:63641759-63642148	1	1	0	0	distal	.	.
chr20:63653356-63653934	2	1	0	0	distal	.	.
chr20:63658172-63658735	1	1	0	0	proximal	RTEL1,RTEL1-TNFRSF6B,STMN3	.
chr20:63707820-63708161	1	1	0	0	proximal	ARFRP1,ENSG00000273154,ZGPAT	.
chr20:63739529-63739792	4	1	0	0	proximal	SLC2A4RG	.
chr20:63740700-63741290	1	1	0	0	distal	.	.
chr20:63757619-63758026	1	1	0	0	distal	.	.
chr20:63826521-63826671	1	1	0	0	distal	.	.
chr20:63845834-63845984	2	1	0	0	distal	.	.
chr20:63864859-63865443	3	1	0	0	proximal	ENSG00000268858,ENSG00000290226,TPD52L2	.
chr20:63894801-63895172	2	1	0	0	proximal	DNAJC5	.
chr20:63948553-63948725	1	1	0	0	distal	.	.
chr20:63956340-63956674	1	1	0	0	proximal	UCKL1	.
chr20:63981281-63981517	2	1	0	0	proximal	PRPF6	.
chr20:64039007-64039266	1	1	0	0	distal	.	.
chr20:64083346-64083711	1	1	0	0	proximal	LKAAEAR1	.
chr20:64285683-64286316	1	1	0	0	distal	.	.
chr20:645579-646018	2	2	1	1	distal	.	.
chr20:705086-705236	1	1	0	0	distal	.	.
chr20:728419-728577	1	1	0	0	distal	.	.
chr20:761026-761427	1	1	0	0	distal	.	.
chr20:818993-819270	1	1	0	0	distal	.	.
chr20:833485-833953	3	2	1	1	proximal	FAM110A	.
chr20:873108-873303	1	1	0	0	distal	.	.
chr20:973803-974019	2	2	1	1	distal	.	.
chr21:15084633-15084936	1	1	0	0	distal	.	.
chr21:15931969-15932427	1	1	0	0	distal	.	.
chr21:16026046-16026196	1	1	0	0	distal	.	.
chr21:16159254-16159404	1	1	0	0	distal	.	.
chr21:16425271-16425421	1	1	0	0	distal	.	.
chr21:16587989-16588139	1	1	0	0	distal	.	.
chr21:25607124-25607816	1	1	0	0	proximal	MRPL39	.
chr21:26116788-26116938	1	1	0	0	distal	.	.
chr21:26170731-26170949	1	1	0	0	proximal	APP,APP-DT	.
chr21:26845065-26845599	1	1	0	0	proximal	ADAMTS1	.
chr21:29024499-29024756	1	1	0	0	proximal	ENSG00000273254,USP16	.
chr21:29102957-29103139	2	1	0	0	distal	.	.
chr21:29434923-29435097	1	1	0	0	distal	.	.
chr21:31252031-31252200	1	1	0	0	distal	.	.
chr21:31472279-31472429	1	1	0	0	distal	.	.
chr21:31506027-31506178	1	1	0	0	distal	.	.
chr21:31558941-31559280	1	1	0	0	proximal	TIAM1,TIAM1-AS1	.
chr21:31580920-31581274	1	1	0	0	distal	.	.
chr21:31781749-31781979	1	1	0	0	distal	.	.
chr21:31874125-31874324	1	1	0	0	distal	.	.
chr21:31931704-31931900	2	1	0	0	distal	.	.
chr21:32250917-32251105	1	1	0	0	distal	.	.
chr21:32258403-32258553	2	1	0	0	distal	.	.
chr21:32267171-32267394	1	1	0	0	distal	.	.
chr21:32458639-32458789	1	1	0	0	distal	.	.
chr21:32492223-32492482	2	1	0	0	distal	.	.
chr21:32569846-32570196	1	1	0	0	distal	.	.
chr21:32612306-32612972	1	1	0	0	proximal	CFAP298,CFAP298-TCP10L	.
chr21:32641183-32641333	1	1	0	0	distal	.	.
chr21:32647144-32647485	1	1	0	0	distal	.	.
chr21:32716975-32717381	1	1	0	0	distal	.	.
chr21:32840329-32840544	2	1	0	0	distal	.	.
chr21:32854374-32854524	1	1	0	0	distal	.	.
chr21:32987423-32987573	1	1	0	0	distal	.	.
chr21:33025542-33026164	2	1	0	0	proximal	OLIG2	.
chr21:33109797-33109959	2	1	0	0	distal	.	.
chr21:33127221-33127633	1	1	0	0	distal	.	.
chr21:33162813-33163034	1	1	0	0	distal	.	.
chr21:33266044-33266697	2	1	0	0	proximal	IL10RB,IL10RB-DT	.
chr21:33587858-33588327	1	1	0	0	proximal	DONSON	.
chr21:33677111-33677281	1	1	0	0	distal	.	.
chr21:33883566-33883719	1	1	0	0	distal	.	.
chr21:33915744-33916201	2	1	0	0	proximal	ATP5PO,LINC00649	.
chr21:33947876-33948044	1	1	0	0	distal	.	.
chr21:34036529-34036803	1	1	0	0	distal	.	.
chr21:34073085-34073671	1	1	0	0	proximal	ENSG00000272657,MRPS6,SLC5A3	.
chr21:34182171-34182321	1	1	0	0	distal	.	.
chr21:35871305-35871456	1	1	0	0	distal	.	.
chr21:36069827-36070066	1	1	0	0	proximal	CBR1,ENSG00000289001	.
chr21:36135482-36135804	1	1	0	0	proximal	CBR3	.
chr21:36188504-36188680	1	1	0	0	distal	.	.
chr21:36210195-36210760	2	1	0	0	distal	.	.
chr21:36297758-36297992	1	1	0	0	distal	.	.
chr21:36319861-36320857	1	1	0	0	proximal	ENSG00000273199,MORC3	.
chr21:36589437-36589636	1	1	0	0	distal	.	.
chr21:36759770-36759954	1	1	0	0	distal	.	.
chr21:36966330-36966808	2	1	0	0	proximal	HLCS-AS1	.
chr21:36989531-36990579	1	1	0	0	proximal	HLCS	.
chr21:37009869-37010144	1	1	0	0	distal	.	.
chr21:37060438-37060609	1	1	0	0	distal	.	.
chr21:37119925-37120230	1	1	0	0	distal	.	.
chr21:37267871-37268230	1	1	0	0	proximal	ENSG00000272948,VPS26C	.
chr21:37282112-37282295	2	2	1	1	distal	.	.
chr21:37304262-37304497	1	1	0	0	distal	.	.
chr21:37338963-37339487	5	2	1	1	distal	.	.
chr21:37366212-37367141	1	1	0	0	proximal	ENSG00000273210,ENSG00000287637	.
chr21:37399031-37399307	1	1	0	0	distal	.	.
chr21:37435136-37435429	2	1	0	0	distal	.	.
chr21:37564472-37564807	2	2	1	1	distal	.	.
chr21:37829174-37829379	1	1	0	0	distal	.	.
chr21:38126752-38126902	1	1	0	0	distal	.	.
chr21:38348556-38348753	1	1	0	0	distal	.	.
chr21:38622627-38622781	1	1	0	0	distal	.	.
chr21:38743580-38743860	1	1	0	0	distal	.	.
chr21:39207269-39207619	1	1	0	0	distal	.	.
chr21:39313198-39313627	1	1	0	0	proximal	BRWD1-AS2	.
chr21:39348750-39349748	1	1	0	0	proximal	HMGN1	.
chr21:39388619-39388899	1	1	0	0	distal	.	.
chr21:39445413-39445605	1	1	0	0	proximal	LCA5L,SH3BGR	.
chr21:39445672-39446128	2	1	0	0	proximal	LCA5L,SH3BGR	.
chr21:39985084-39985234	1	1	0	0	distal	.	.
chr21:41403435-41403585	1	1	0	0	distal	.	.
chr21:41777667-41777835	1	1	0	0	distal	.	.
chr21:41805825-41806125	1	1	0	0	distal	.	.
chr21:42009795-42010178	2	1	0	0	proximal	ZBTB21,ZNF295-AS1	.
chr21:42010268-42010606	2	1	0	0	proximal	ZBTB21	.
chr21:42097927-42098077	2	1	0	0	distal	.	.
chr21:42193577-42193740	1	1	0	0	distal	.	.
chr21:42234764-42234976	1	1	0	0	distal	.	.
chr21:42309768-42309925	2	1	0	0	distal	.	.
chr21:42423039-42423310	1	1	0	0	distal	.	.
chr21:42602426-42602576	1	1	0	0	distal	.	.
chr21:42653332-42653689	1	1	0	0	proximal	PDE9A	.
chr21:42692377-42692572	1	1	0	0	distal	.	.
chr21:42725049-42725199	1	1	0	0	distal	.	.
chr21:42845280-42845430	1	1	0	0	distal	.	.
chr21:42893635-42893814	2	1	0	0	distal	.	.
chr21:42973937-42974919	1	1	0	0	proximal	PKNOX1	.
chr21:42975281-42975448	1	1	0	0	proximal	PKNOX1	.
chr21:42988890-42989040	1	1	0	0	distal	.	.
chr21:43262411-43262835	2	1	0	0	distal	.	.
chr21:43467819-43468129	1	1	0	0	distal	.	.
chr21:43582134-43582445	2	1	0	0	distal	.	.
chr21:43646703-43646874	1	1	0	0	distal	.	.
chr21:43658970-43659315	1	1	0	0	proximal	HSF2BP,RRP1B	.
chr21:43768384-43768700	1	1	0	0	proximal	ENSG00000287507	.
chr21:43771817-43772041	1	1	0	0	distal	.	.
chr21:43827014-43827501	2	1	0	0	distal	.	.
chr21:43847428-43847721	1	1	0	0	distal	.	.
chr21:43866301-43866610	1	1	0	0	distal	.	.
chr21:43884201-43884548	1	1	0	0	proximal	ENSG00000289546	.
chr21:43956725-43956904	1	1	0	0	distal	.	.
chr21:44011619-44011785	1	1	0	0	proximal	TRAPPC10	.
chr21:44011984-44012341	3	2	1	1	proximal	TRAPPC10	.
chr21:44107248-44107633	2	1	0	0	proximal	PWP2	.
chr21:44133514-44133664	1	1	0	0	proximal	GATD3	.
chr21:44297707-44297895	1	1	0	0	distal	.	.
chr21:44428305-44428938	1	1	0	0	distal	.	.
chr21:44517277-44517612	1	1	0	0	proximal	TSPEAR-AS2	.
chr21:44650930-44651099	1	1	0	0	distal	.	.
chr21:44801652-44802199	3	2	1	1	proximal	LINC01424,UBE2G2	.
chr21:44817633-44817912	1	1	0	0	distal	.	.
chr21:44845769-44846262	1	1	0	0	distal	.	.
chr21:44873620-44874215	2	1	0	0	proximal	ENSG00000289009,PTTG1IP	.
chr21:44949820-44950025	4	2	1	1	distal	.	.
chr21:45156169-45156472	1	1	0	0	distal	.	.
chr21:45185132-45185310	1	1	0	0	distal	.	.
chr21:45265737-45265887	1	1	0	0	distal	.	.
chr21:45287388-45288344	1	1	0	0	proximal	LINC00205,POFUT2	.
chr21:45288471-45288674	1	1	0	0	proximal	LINC00205,POFUT2	.
chr21:45308979-45309297	1	1	0	0	distal	.	.
chr21:45439458-45439683	2	1	0	0	distal	.	.
chr21:45478083-45478383	1	1	0	0	distal	.	.
chr21:45542353-45542503	2	1	0	0	distal	.	.
chr21:45555453-45555990	1	1	0	0	proximal	ENSG00000288885	.
chr21:45556093-45556372	2	1	0	0	proximal	ENSG00000288885	.
chr21:45590560-45590810	2	1	0	0	proximal	LINC01694	.
chr21:45634891-45635278	1	1	0	0	distal	.	.
chr21:45642860-45643802	1	1	0	0	proximal	PCBP3	.
chr21:45820577-45820931	1	1	0	0	distal	.	.
chr21:45948459-45948662	1	1	0	0	distal	.	.
chr21:45970759-45970919	1	1	0	0	distal	.	.
chr21:45973139-45973514	1	1	0	0	distal	.	.
chr21:45973706-45974299	2	1	0	0	proximal	ENSG00000274248	.
chr21:45981470-45981851	1	1	0	0	proximal	COL6A1	.
chr21:45982526-45982736	1	1	0	0	proximal	COL6A1	.
chr21:46097862-46098162	1	1	0	0	proximal	COL6A2,COL6A2-DT	.
chr21:46140498-46140880	1	1	0	0	distal	.	.
chr21:46229379-46229554	2	1	0	0	proximal	LSS,MCM3AP-AS1	.
chr21:46285856-46286715	1	1	0	0	proximal	MCM3AP,YBEY	.
chr21:46311751-46311920	1	1	0	0	distal	.	.
chr21:46324359-46324798	1	1	0	0	proximal	C21orf58,PCNT	.
chr21:46347254-46347404	1	1	0	0	distal	.	.
chr21:46369892-46370097	1	1	0	0	distal	.	.
chr21:46468269-46468419	1	1	0	0	distal	.	.
chr21:46635841-46636317	1	1	0	0	proximal	PRMT2	.
chr21:8405094-8405955	1	1	0	0	distal	.	.
chr21:8449371-8450177	2	1	0	0	distal	.	.
chr21:8472095-8472435	1	1	0	0	distal	.	.
chr22:17369554-17369704	1	1	0	0	distal	.	.
chr22:17369766-17370149	1	1	0	0	distal	.	.
chr22:17379339-17379581	1	1	0	0	distal	.	.
chr22:17558550-17558700	1	1	0	0	distal	.	.
chr22:17609785-17610116	1	1	0	0	distal	.	.
chr22:17628702-17628959	2	1	0	0	proximal	ATP6V1E1,BCL2L13	.
chr22:17773683-17774016	1	1	0	0	proximal	BID	.
chr22:17785307-17785597	1	1	0	0	distal	.	.
chr22:17876973-17877123	1	1	0	0	distal	.	.
chr22:18001152-18001614	1	1	0	0	distal	.	.
chr22:18024468-18024917	1	1	0	0	proximal	MICAL3	.
chr22:18149627-18150210	1	1	0	0	proximal	USP18	.
chr22:18382277-18382479	1	1	0	0	distal	.	.
chr22:18511478-18511779	1	1	0	0	proximal	FAM247B	.
chr22:18528175-18528329	1	1	0	0	proximal	TMEM191B	.
chr22:18528572-18528951	2	1	0	0	proximal	TMEM191B	.
chr22:18569921-18570118	1	1	0	0	distal	.	.
chr22:18573845-18574017	1	1	0	0	distal	.	.
chr22:18586291-18586833	1	1	0	0	distal	.	.
chr22:18612351-18612684	1	1	0	0	proximal	RIMBP3	.
chr22:18884495-18884791	1	1	0	0	proximal	ENSG00000279987	.
chr22:18910617-18910875	1	1	0	0	distal	.	.
chr22:18954493-18954687	1	1	0	0	distal	.	.
chr22:18967506-18967656	1	1	0	0	distal	.	.
chr22:19007466-19007725	1	1	0	0	distal	.	.
chr22:19024988-19025239	2	1	0	0	distal	.	.
chr22:19030684-19030859	1	1	0	0	distal	.	.
chr22:19115695-19115887	2	1	0	0	distal	.	.
chr22:19144549-19144955	1	1	0	0	proximal	ESS2	.
chr22:19146368-19146572	1	1	0	0	distal	.	.
chr22:19171199-19171447	1	1	0	0	proximal	ENSG00000289481,LINC01311	.
chr22:19178438-19178591	1	1	0	0	proximal	SLC25A1	.
chr22:19178756-19179188	1	1	0	0	proximal	SLC25A1	.
chr22:19291687-19291994	2	1	0	0	proximal	CLTCL1,ENSG00000287146	.
chr22:19431659-19431876	1	1	0	0	proximal	MRPL40	.
chr22:19432240-19432599	1	1	0	0	proximal	MRPL40	.
chr22:19447692-19448011	1	1	0	0	proximal	C22orf39,HIRA,UFD1-AS1	.
chr22:19479033-19479279	2	1	0	0	proximal	CDC45,UFD1	.
chr22:19479357-19480113	1	1	0	0	proximal	CDC45,UFD1	.
chr22:19480228-19480378	1	1	0	0	proximal	CDC45	.
chr22:19507033-19507306	1	1	0	0	distal	.	.
chr22:19679674-19679883	2	2	0	0	distal	.	.
chr22:19717998-19718230	1	1	0	0	proximal	ENSG00000284874	.
chr22:19730991-19731141	1	1	0	0	distal	.	.
chr22:19780257-19780632	1	1	0	0	distal	.	.
chr22:19813016-19813192	2	2	1	1	distal	.	.
chr22:19854731-19855129	2	2	0	0	proximal	ENSG00000289960,GNB1L,RTL10	.
chr22:19941542-19941841	1	1	0	0	proximal	COMT,TXNRD2	.
chr22:19942961-19943187	2	1	0	0	distal	.	.
chr22:19947868-19948026	2	1	0	0	distal	.	.
chr22:19953684-19953927	1	1	0	0	distal	.	.
chr22:19959293-19959629	1	1	0	0	distal	.	.
chr22:19974520-19974830	1	1	0	0	distal	.	.
chr22:19992700-19992871	1	1	0	0	distal	.	.
chr22:20016722-20017190	2	1	0	0	proximal	ARVCF,TANGO2	.
chr22:20099771-20099979	3	2	0	0	distal	.	.
chr22:20238666-20238887	4	1	0	0	distal	.	.
chr22:20285805-20286052	5	2	1	1	distal	.	.
chr22:20319968-20320650	2	1	0	0	proximal	DGCR6L,ENSG00000273139	.
chr22:20344090-20344248	1	1	0	0	proximal	ENSG00000235578	.
chr22:20393918-20394477	3	2	1	1	proximal	ZNF74	.
chr22:20401055-20401229	2	1	0	0	distal	.	.
chr22:20417984-20418148	3	1	0	0	distal	.	.
chr22:20418240-20418624	2	2	1	1	distal	.	.
chr22:20437006-20437183	2	2	1	1	proximal	SCARF2	.
chr22:20456351-20456576	1	1	0	0	distal	.	.
chr22:20495315-20495650	3	1	0	0	proximal	KLHL22,MED15	.
chr22:20507418-20508111	1	1	0	0	distal	.	.
chr22:20564365-20564642	1	1	0	0	distal	.	.
chr22:20628225-20628381	1	1	0	0	distal	.	.
chr22:20664002-20664364	1	1	0	0	distal	.	.
chr22:20702553-20703429	1	1	0	0	distal	.	.
chr22:20727132-20727282	2	1	0	0	distal	.	.
chr22:20858249-20858607	3	2	1	1	proximal	PI4KA,SNAP29	.
chr22:20858680-20859121	4	2	1	1	proximal	PI4KA,SNAP29	.
chr22:20874358-20874527	3	2	1	1	distal	.	.
chr22:20885495-20885820	4	2	1	1	distal	.	.
chr22:20916844-20917532	2	1	0	0	proximal	CRKL	.
chr22:20917979-20918139	1	1	0	0	proximal	CRKL	.
chr22:20981777-20982396	1	1	0	0	proximal	ENSG00000272829,LZTR1	.
chr22:20982634-20982829	1	1	0	0	proximal	ENSG00000272829,LZTR1	.
chr22:21001595-21002400	2	1	0	0	proximal	THAP7,THAP7-AS1	.
chr22:21014204-21014572	1	1	0	0	proximal	TUBA3FP	.
chr22:21045612-21046265	2	2	1	1	proximal	ENSG00000290799,LRRC74B	.
chr22:21102834-21103202	3	1	0	0	proximal	ENSG00000291044	.
chr22:21111823-21112019	1	1	0	0	distal	.	.
chr22:21112568-21112735	3	2	2	1	distal	.	.
chr22:21120108-21120315	1	1	0	0	distal	.	.
chr22:21149192-21149466	2	1	0	0	distal	.	.
chr22:21237599-21237795	1	1	0	0	distal	.	.
chr22:21251964-21252287	3	2	2	1	distal	.	.
chr22:21335555-21335724	1	1	0	0	distal	.	.
chr22:21406278-21406570	1	1	0	0	distal	.	.
chr22:21417153-21417450	1	1	0	0	proximal	HIC2	.
chr22:21417533-21417718	3	2	1	1	proximal	HIC2	.
chr22:21419003-21419329	1	1	0	0	distal	.	.
chr22:21436297-21436524	1	1	0	0	distal	.	.
chr22:21443890-21444056	1	1	0	0	distal	.	.
chr22:21468121-21468791	1	1	0	0	distal	.	.
chr22:21481482-21481637	1	1	0	0	distal	.	.
chr22:21567859-21568009	1	1	0	0	distal	.	.
chr22:21629338-21629538	2	1	0	0	proximal	YDJC	.
chr22:21629973-21630276	1	1	0	0	proximal	YDJC	.
chr22:21643118-21643282	1	1	0	0	proximal	SDF2L1	.
chr22:21646815-21646993	1	1	0	0	distal	.	.
chr22:21657478-21657874	1	1	0	0	distal	.	.
chr22:21726631-21727118	2	1	0	0	distal	.	.
chr22:21735474-21735676	1	1	0	0	proximal	YPEL1	.
chr22:21735776-21736320	1	1	0	0	proximal	YPEL1	.
chr22:21837306-21837525	1	1	0	0	distal	.	.
chr22:21867536-21867907	2	1	0	0	proximal	MAPK1	.
chr22:21867970-21868315	1	1	0	0	proximal	MAPK1	.
chr22:21938070-21938823	1	1	0	0	proximal	PPM1F-AS1	.
chr22:21952094-21952343	1	1	0	0	proximal	PPM1F	.
chr22:21952542-21953104	1	1	0	0	proximal	PPM1F	.
chr22:21984901-21985230	1	1	0	0	distal	.	.
chr22:21990349-21990652	2	1	0	0	distal	.	.
chr22:22069876-22070073	1	1	0	0	proximal	IGLVIV-65	.
chr22:22085921-22086347	1	1	0	0	proximal	IGLV1-62	.
chr22:22298019-22298624	3	1	0	0	proximal	ENSG00000286129	.
chr22:22357327-22357616	1	1	0	0	proximal	IGLV1-47	.
chr22:22648073-22648436	1	1	0	0	distal	.	.
chr22:22753631-22753806	1	1	0	0	distal	.	.
chr22:23038336-23038495	1	1	0	0	distal	.	.
chr22:23070785-23071013	1	1	0	0	proximal	GNAZ	.
chr22:23141924-23142159	1	1	0	0	distal	.	.
chr22:23145119-23145491	1	1	0	0	proximal	RAB36,RSPH14	.
chr22:23220293-23220458	1	1	0	0	distal	.	.
chr22:23315673-23315870	2	1	0	0	distal	.	.
chr22:23521728-23522129	1	1	0	0	distal	.	.
chr22:23539541-23539885	1	1	0	0	distal	.	.
chr22:23565365-23565814	1	1	0	0	distal	.	.
chr22:23591188-23591409	1	1	0	0	distal	.	.
chr22:23716910-23717564	1	1	0	0	proximal	ENSG00000290440,GUSBP11	.
chr22:23750988-23751750	2	1	0	0	proximal	ZNF70	.
chr22:24026867-24027048	1	1	0	0	distal	.	.
chr22:24107787-24107937	1	1	0	0	distal	.	.
chr22:24142357-24142517	1	1	0	0	distal	.	.
chr22:24189763-24189972	1	1	0	0	distal	.	.
chr22:24219978-24220128	1	1	0	0	distal	.	.
chr22:24359567-24359717	1	1	0	0	distal	.	.
chr22:24554874-24556019	1	1	0	0	proximal	ENSG00000286070,GUCD1,SNRPD3	.
chr22:24583642-24583850	1	1	0	0	distal	.	.
chr22:24603761-24604030	1	1	0	0	distal	.	.
chr22:24660997-24661163	1	1	0	0	distal	.	.
chr22:24806078-24806451	1	1	0	0	proximal	SGSM1	.
chr22:24952181-24953013	2	1	0	0	proximal	KIAA1671	.
chr22:24977614-24977783	1	1	0	0	distal	.	.
chr22:25110775-25111813	2	1	0	0	distal	.	.
chr22:25267744-25267903	1	1	0	0	distal	.	.
chr22:25383333-25383503	2	1	0	0	distal	.	.
chr22:25419521-25419721	1	1	0	0	distal	.	.
chr22:25564440-25564890	1	1	0	0	proximal	GRK3,GRK3-AS1	.
chr22:27212906-27213139	1	1	0	0	distal	.	.
chr22:27257976-27258126	2	1	0	0	distal	.	.
chr22:27580951-27581101	1	1	0	0	distal	.	.
chr22:27607951-27608152	1	1	0	0	distal	.	.
chr22:27710523-27710673	1	1	0	0	distal	.	.
chr22:27778853-27779003	1	1	0	0	distal	.	.
chr22:27801543-27801971	2	1	0	0	proximal	MN1	.
chr22:27879887-27880225	2	1	0	0	distal	.	.
chr22:27918647-27919003	1	1	0	0	proximal	TTC28-AS1	.
chr22:27919153-27919588	1	1	0	0	proximal	PITPNB,TTC28-AS1	.
chr22:27920106-27920328	1	1	0	0	proximal	PITPNB,TTC28-AS1	.
chr22:28009513-28009663	2	1	0	0	distal	.	.
chr22:28136688-28136838	2	1	0	0	distal	.	.
chr22:28139978-28140128	2	1	0	0	distal	.	.
chr22:28274952-28275102	1	1	0	0	distal	.	.
chr22:28442175-28442638	1	1	0	0	distal	.	.
chr22:28663154-28663420	1	1	0	0	distal	.	.
chr22:28679207-28679625	1	1	0	0	proximal	TTC28	.
chr22:28679775-28680046	1	1	0	0	proximal	TTC28	.
chr22:28772519-28773167	1	1	0	0	proximal	CCDC117	.
chr22:28800445-28800794	1	1	0	0	proximal	ENSG00000226471,XBP1	.
chr22:28800869-28801044	3	1	0	0	proximal	ENSG00000226471,XBP1	.
chr22:28882669-28882827	2	1	0	0	proximal	ZNRF3	.
chr22:28943031-28943244	1	1	0	0	distal	.	.
chr22:29030777-29031106	2	2	1	1	proximal	ZNRF3-AS1	.
chr22:29044880-29045030	1	1	0	0	distal	.	.
chr22:29058595-29058759	1	1	0	0	distal	.	.
chr22:29071431-29072059	1	1	0	0	distal	.	.
chr22:29072837-29073204	3	2	1	1	proximal	KREMEN1	.
chr22:29120142-29120355	2	1	0	0	distal	.	.
chr22:29206063-29206289	1	1	0	0	proximal	EMID1	.
chr22:29245576-29245766	1	1	0	0	distal	.	.
chr22:29267827-29268079	2	2	1	1	proximal	EWSR1,RHBDD3	.
chr22:29268562-29268712	1	1	0	0	proximal	EWSR1,RHBDD3	.
chr22:29278570-29278756	1	1	0	0	distal	.	.
chr22:29306880-29307091	1	1	0	0	proximal	GAS2L1	.
chr22:29311060-29311216	1	1	0	0	distal	.	.
chr22:29315682-29315898	5	2	0	0	distal	.	.
chr22:29395062-29395229	1	1	0	0	distal	.	.
chr22:29470469-29470767	2	2	0	0	distal	.	.
chr22:29553441-29554047	2	2	0	0	distal	.	.
chr22:29580834-29581489	2	1	0	0	proximal	NIPSNAP1	.
chr22:29603089-29603941	1	1	0	0	proximal	NF2	.
chr22:29670703-29670853	2	2	0	0	distal	.	.
chr22:29766520-29767531	3	2	0	0	proximal	UQCR10,ZMAT5	.
chr22:29781067-29781353	1	1	0	0	distal	.	.
chr22:29935700-29935894	2	2	0	0	distal	.	.
chr22:29979340-29979517	1	1	0	0	distal	.	.
chr22:30255935-30256539	1	1	0	0	distal	.	.
chr22:30263007-30263225	2	2	1	1	distal	.	.
chr22:30288113-30288269	2	1	0	0	distal	.	.
chr22:30289566-30289932	1	1	0	0	proximal	CASTOR1	.
chr22:30326805-30327252	2	2	0	0	proximal	TBC1D10A	.
chr22:30357171-30357646	2	1	0	0	proximal	CCDC157,SF3A1	.
chr22:30423372-30423532	3	2	0	0	distal	.	.
chr22:30485479-30485659	2	2	0	0	distal	.	.
chr22:30494023-30494249	2	2	0	0	distal	.	.
chr22:30562519-30562669	2	1	0	0	distal	.	.
chr22:30591846-30592555	2	2	0	0	distal	.	.
chr22:30605641-30605806	3	1	0	0	distal	.	.
chr22:30606781-30606957	3	2	0	0	proximal	PES1,TCN2	.
chr22:30634476-30634664	1	1	0	0	distal	.	.
chr22:30635324-30635807	2	1	0	0	proximal	SLC35E4	.
chr22:30720793-30720943	1	1	0	0	distal	.	.
chr22:30755918-30756076	1	1	0	0	distal	.	.
chr22:30763816-30764071	1	1	0	0	distal	.	.
chr22:30802573-30803212	3	1	0	0	distal	.	.
chr22:30822369-30822561	1	1	0	0	distal	.	.
chr22:30863055-30863205	2	1	0	0	distal	.	.
chr22:30879013-30879195	2	1	0	0	distal	.	.
chr22:30920437-30920587	3	2	1	1	distal	.	.
chr22:30968904-30969746	3	2	1	1	proximal	MORC2,TUG1	.
chr22:31022555-31022705	3	1	0	0	distal	.	.
chr22:31032454-31032604	1	1	0	0	distal	.	.
chr22:31080818-31081045	3	2	2	1	distal	.	.
chr22:31081135-31081558	3	2	2	1	distal	.	.
chr22:31107164-31107887	1	1	0	0	distal	.	.
chr22:31122654-31123073	1	1	0	0	proximal	INPP5J	.
chr22:31140782-31140932	2	1	0	0	proximal	PLA2G3	.
chr22:31159699-31159895	1	1	0	0	proximal	RNF185	.
chr22:31160346-31160687	1	1	0	0	proximal	RNF185	.
chr22:31248186-31248623	1	1	0	0	distal	.	.
chr22:31291068-31291227	1	1	0	0	distal	.	.
chr22:31312640-31312801	2	1	0	0	distal	.	.
chr22:31345906-31346178	2	1	0	0	proximal	LINC01521,PATZ1	.
chr22:31346247-31346458	1	1	0	0	proximal	LINC01521,PATZ1	.
chr22:31365175-31365325	1	1	0	0	distal	.	.
chr22:31399296-31400072	4	1	0	0	proximal	DRG1	.
chr22:31452854-31453006	1	1	0	0	proximal	ENSG00000240591	.
chr22:31462014-31462164	1	1	0	0	distal	.	.
chr22:31489121-31489637	3	1	0	0	proximal	ENSG00000287817,SFI1	.
chr22:31489809-31490199	2	1	0	0	proximal	ENSG00000287817	.
chr22:31496155-31496724	1	1	0	0	proximal	EIF4ENIF1	.
chr22:31517649-31517818	1	1	0	0	distal	.	.
chr22:31588195-31588345	1	1	0	0	distal	.	.
chr22:31595720-31595870	1	1	0	0	distal	.	.
chr22:31665782-31665964	1	1	0	0	distal	.	.
chr22:31742704-31742854	1	1	0	0	distal	.	.
chr22:31749799-31750337	1	1	0	0	proximal	PRR14L	.
chr22:31753715-31754078	1	1	0	0	proximal	DEPDC5	.
chr22:31917180-31917476	2	2	1	1	distal	.	.
chr22:31943795-31944628	3	2	1	1	proximal	YWHAH	.
chr22:31970183-31970388	2	1	0	0	proximal	LINC02558	.
chr22:31970466-31970923	2	1	0	0	proximal	LINC02558	.
chr22:31977104-31977456	1	1	0	0	distal	.	.
chr22:32366852-32367002	1	1	0	0	distal	.	.
chr22:32475093-32475468	1	1	0	0	proximal	FBXO7	.
chr22:32527770-32527920	1	1	0	0	distal	.	.
chr22:33166305-33166455	1	1	0	0	distal	.	.
chr22:33210557-33210707	1	1	0	0	distal	.	.
chr22:33851647-33851797	1	1	0	0	distal	.	.
chr22:33921506-33922052	1	1	0	0	proximal	LARGE1-AS1	.
chr22:34955599-34955749	1	1	0	0	distal	.	.
chr22:35231054-35231365	1	1	0	0	distal	.	.
chr22:35300450-35300749	1	1	0	0	distal	.	.
chr22:35350802-35351232	2	1	0	0	distal	.	.
chr22:35371850-35372359	2	1	0	0	proximal	ENSG00000282602	.
chr22:35377033-35377242	1	1	0	0	proximal	ENSG00000282041	.
chr22:35381016-35381367	1	1	0	0	proximal	HMOX1	.
chr22:35399818-35400160	3	2	1	1	proximal	MCM5	.
chr22:35444526-35444676	2	2	1	1	distal	.	.
chr22:35491520-35492193	3	2	1	1	distal	.	.
chr22:35552360-35552717	1	1	0	0	distal	.	.
chr22:35656491-35656673	1	1	0	0	distal	.	.
chr22:36065784-36066163	1	1	0	0	proximal	ENSG00000279927	.
chr22:36123898-36124190	1	1	0	0	distal	.	.
chr22:36144749-36144899	1	1	0	0	distal	.	.
chr22:36221884-36222038	1	1	0	0	distal	.	.
chr22:36277746-36277938	1	1	0	0	distal	.	.
chr22:36454942-36455411	2	1	0	0	proximal	ENSG00000228719	.
chr22:36481359-36481835	1	1	0	0	proximal	TXN2	.
chr22:36546375-36546526	1	1	0	0	distal	.	.
chr22:36595501-36595651	1	1	0	0	distal	.	.
chr22:36606663-36606980	1	1	0	0	distal	.	.
chr22:36703478-36703812	1	1	0	0	proximal	CACNG2,CACNG2-DT	.
chr22:36937458-36937660	2	1	0	0	distal	.	.
chr22:36977077-36977342	2	1	0	0	distal	.	.
chr22:36978102-36978359	2	1	0	0	distal	.	.
chr22:37019326-37019527	1	1	0	0	proximal	MPST,TST	.
chr22:37051540-37051845	3	2	0	0	proximal	KCTD17	.
chr22:37166635-37167020	1	1	0	0	proximal	ENSG00000235237	.
chr22:37198562-37198917	3	2	1	1	proximal	C1QTNF6	.
chr22:37199291-37199717	1	1	0	0	proximal	C1QTNF6	.
chr22:37212467-37212780	1	1	0	0	proximal	SSTR3	.
chr22:37259565-37259715	2	2	0	0	proximal	RAC2	.
chr22:37267090-37267279	1	1	0	0	distal	.	.
chr22:37316906-37317095	1	1	0	0	distal	.	.
chr22:37519505-37519713	1	1	0	0	proximal	CARD10	.
chr22:37538876-37539139	1	1	0	0	distal	.	.
chr22:37560129-37560411	2	1	0	0	proximal	CDC42EP1	.
chr22:37592533-37592768	1	1	0	0	distal	.	.
chr22:37601647-37601897	2	2	0	0	distal	.	.
chr22:37607106-37607361	3	2	2	1	distal	.	.
chr22:37607624-37607789	3	1	0	0	distal	.	.
chr22:37608718-37609495	3	2	0	0	proximal	GGA1	.
chr22:37643317-37643528	1	1	0	0	distal	.	.
chr22:37658179-37658798	2	2	0	0	proximal	PDXP,PDXP-DT	.
chr22:37661186-37661336	1	1	0	0	distal	.	.
chr22:37674996-37675204	3	2	0	0	proximal	LGALS1	.
chr22:37675342-37675558	2	2	0	0	proximal	LGALS1	.
chr22:37677290-37677480	1	1	0	0	distal	.	.
chr22:37686141-37686678	1	1	0	0	proximal	ENSG00000100101	.
chr22:37696594-37697172	4	2	0	0	proximal	TRIOBP	.
chr22:37746056-37746368	3	2	0	0	distal	.	.
chr22:37746790-37747066	3	1	0	0	distal	.	.
chr22:37802338-37802719	2	2	0	0	distal	.	.
chr22:37805179-37805443	2	1	0	0	proximal	H1-0	.
chr22:37817706-37817917	3	2	0	0	distal	.	.
chr22:37829905-37830124	1	1	0	0	distal	.	.
chr22:37832979-37833129	2	2	1	1	distal	.	.
chr22:37843827-37844732	2	2	0	0	distal	.	.
chr22:37861163-37861362	2	2	0	0	distal	.	.
chr22:37905756-37906066	5	2	3	2	proximal	MICALL1	.
chr22:37906145-37906352	1	1	0	0	proximal	MICALL1	.
chr22:37933756-37934262	3	1	0	0	distal	.	.
chr22:37953255-37953774	1	1	0	0	proximal	C22orf23,POLR2F	.
chr22:38052360-38052597	1	1	0	0	distal	.	.
chr22:38114565-38114765	1	1	0	0	distal	.	.
chr22:38181633-38182173	3	1	0	0	distal	.	.
chr22:38201694-38202962	1	1	0	0	distal	.	.
chr22:38214758-38215190	1	1	0	0	proximal	PLA2G6	.
chr22:38220962-38221130	4	2	1	1	distal	.	.
chr22:38230288-38230614	4	2	0	0	proximal	ENSG00000235246	.
chr22:38272578-38273157	3	2	0	0	proximal	TMEM184B	.
chr22:38283476-38283631	3	2	1	1	distal	.	.
chr22:38283705-38283855	2	1	0	0	distal	.	.
chr22:38289482-38289646	2	1	0	0	distal	.	.
chr22:38336172-38336331	2	2	0	0	distal	.	.
chr22:38341193-38341343	2	2	0	0	distal	.	.
chr22:38347790-38347946	1	1	0	0	distal	.	.
chr22:38353197-38353483	4	2	1	1	distal	.	.
chr22:38398417-38399186	1	1	0	0	proximal	ENSG00000291015,TPTEP2-CSNK1E	.
chr22:38431405-38431577	2	1	0	0	distal	.	.
chr22:38441185-38441388	2	2	1	1	distal	.	.
chr22:38456039-38456198	3	2	0	0	proximal	KCNJ4	.
chr22:38461530-38461821	4	2	1	1	distal	.	.
chr22:38467904-38468166	2	1	0	0	proximal	KDELR3	.
chr22:38468257-38468413	1	1	0	0	proximal	KDELR3	.
chr22:38495214-38495530	2	1	0	0	distal	.	.
chr22:38535176-38535361	2	1	0	0	distal	.	.
chr22:38570055-38570662	2	1	0	0	proximal	DMC1	.
chr22:38606499-38606754	1	1	0	0	distal	.	.
chr22:38606853-38607043	1	1	0	0	distal	.	.
chr22:38656218-38656755	1	1	0	0	proximal	CBY1,FAM227A	.
chr22:38700639-38701147	1	1	0	0	proximal	JOSD1	.
chr22:38793721-38794348	1	1	0	0	proximal	DNAL4,SUN2	.
chr22:38840728-38841023	2	2	0	0	distal	.	.
chr22:38860030-38860348	2	1	0	0	distal	.	.
chr22:38868974-38869128	4	2	0	0	distal	.	.
chr22:38872009-38873037	2	1	0	0	proximal	CBX6	.
chr22:38973655-38973874	1	1	0	0	distal	.	.
chr22:38982195-38982507	3	1	0	0	proximal	APOBEC3B	.
chr22:39014270-39014502	2	1	0	0	proximal	APOBEC3C,ENSG00000284554	.
chr22:39027315-39027466	2	1	0	0	distal	.	.
chr22:39040775-39041251	2	1	0	0	proximal	APOBEC3F	.
chr22:39145236-39145813	1	1	0	0	distal	.	.
chr22:39152394-39153278	1	1	0	0	proximal	CBX7	.
chr22:39316599-39316759	1	1	0	0	distal	.	.
chr22:39320060-39320663	2	1	0	0	proximal	RPL3	.
chr22:39328531-39328745	1	1	0	0	distal	.	.
chr22:39343585-39343770	2	1	0	0	distal	.	.
chr22:39349758-39349933	2	1	0	0	proximal	SYNGR1	.
chr22:39388237-39388588	3	1	0	0	distal	.	.
chr22:39399597-39400212	1	1	0	0	proximal	TAB1	.
chr22:39490201-39490421	1	1	0	0	distal	.	.
chr22:39502061-39502488	2	1	0	0	distal	.	.
chr22:39502584-39502843	2	1	0	0	distal	.	.
chr22:39514454-39514611	1	1	0	0	distal	.	.
chr22:39754700-39754880	1	1	0	0	distal	.	.
chr22:39972720-39972961	1	1	0	0	distal	.	.
chr22:40024789-40025007	1	1	0	0	distal	.	.
chr22:40196844-40197036	2	1	0	0	distal	.	.
chr22:40284416-40284566	1	1	0	0	distal	.	.
chr22:40346176-40346961	1	1	0	0	proximal	ADSL,ENSG00000284431	.
chr22:40361181-40361425	1	1	0	0	distal	.	.
chr22:40370421-40370712	1	1	0	0	proximal	SGSM3	.
chr22:40636397-40637482	1	1	0	0	proximal	MRTFA	.
chr22:40651683-40652384	1	1	0	0	distal	.	.
chr22:40711555-40711902	2	1	0	0	distal	.	.
chr22:40735914-40736145	2	2	0	0	distal	.	.
chr22:40818774-40819171	4	1	0	0	proximal	SLC25A17	.
chr22:40819258-40819622	1	1	0	0	proximal	SLC25A17	.
chr22:41021921-41022112	2	2	1	1	distal	.	.
chr22:41022175-41022971	2	1	0	0	distal	.	.
chr22:41052805-41052959	1	1	0	0	distal	.	.
chr22:41091345-41091960	4	2	1	1	proximal	EP300	.
chr22:41092444-41092632	1	1	0	0	proximal	EP300	.
chr22:41178377-41178568	3	1	0	0	distal	.	.
chr22:41197061-41197914	1	1	0	0	proximal	EP300-AS1	.
chr22:41205061-41205396	4	2	1	1	proximal	L3MBTL2	.
chr22:41367235-41367609	2	1	0	0	proximal	TEF	.
chr22:41413126-41413713	3	2	1	1	distal	.	.
chr22:41413860-41414155	1	1	0	0	distal	.	.
chr22:41414587-41414770	1	1	0	0	distal	.	.
chr22:41434389-41434583	2	1	0	0	distal	.	.
chr22:41444380-41444671	1	1	0	0	distal	.	.
chr22:41447544-41447700	1	1	0	0	proximal	ACO2,ENSG00000289841,TOB2	.
chr22:41448200-41448815	2	1	0	0	proximal	ACO2	.
chr22:41468461-41469483	2	1	0	0	proximal	PHF5A	.
chr22:41512865-41513025	3	2	1	1	distal	.	.
chr22:41517846-41517996	1	1	0	0	distal	.	.
chr22:41526838-41526988	1	1	0	0	distal	.	.
chr22:41533295-41533491	1	1	0	0	distal	.	.
chr22:41544406-41544787	2	1	0	0	proximal	POLR3H	.
chr22:41589493-41590510	1	1	0	0	proximal	PMM1	.
chr22:41666750-41667044	1	1	0	0	distal	.	.
chr22:41688498-41689036	4	1	0	0	distal	.	.
chr22:41746671-41746858	3	1	0	0	distal	.	.
chr22:41800806-41801120	1	1	0	0	proximal	CCDC134	.
chr22:41915044-41915224	1	1	0	0	proximal	SHISA8	.
chr22:41926151-41926427	2	2	1	1	proximal	TNFRSF13C	.
chr22:41946676-41947294	2	1	0	0	proximal	CENPM	.
chr22:41966962-41967242	1	1	0	0	distal	.	.
chr22:42070115-42070304	1	1	0	0	proximal	ENSG00000286659,NAGA	.
chr22:42369209-42369760	1	1	0	0	proximal	LINC01315	.
chr22:42444209-42444678	1	1	0	0	distal	.	.
chr22:42490033-42490205	1	1	0	0	distal	.	.
chr22:42519707-42520354	2	1	0	0	proximal	RRP7A	.
chr22:42576566-42576791	1	1	0	0	distal	.	.
chr22:42615173-42615734	4	1	0	0	proximal	ENSG00000270022,POLDIP3	.
chr22:42621551-42621798	2	1	0	0	distal	.	.
chr22:42628535-42628685	1	1	0	0	proximal	ENSG00000289517	.
chr22:42793096-42793246	1	1	0	0	distal	.	.
chr22:42940328-42940707	2	1	0	0	distal	.	.
chr22:42947772-42947994	1	1	0	0	distal	.	.
chr22:43014845-43015539	2	1	0	0	proximal	PACSIN2	.
chr22:43024132-43024293	1	1	0	0	distal	.	.
chr22:43040443-43040670	1	1	0	0	distal	.	.
chr22:43089065-43089510	2	1	0	0	proximal	TTLL1	.
chr22:43110519-43110934	1	1	0	0	proximal	BIK	.
chr22:43220751-43221090	2	1	0	0	distal	.	.
chr22:43228453-43228634	1	1	0	0	distal	.	.
chr22:43231083-43231237	2	1	0	0	proximal	ENSG00000234892	.
chr22:43273998-43274196	1	1	0	0	distal	.	.
chr22:43281998-43282148	1	1	0	0	distal	.	.
chr22:43307975-43308125	3	1	0	0	distal	.	.
chr22:43377776-43378010	1	1	0	0	distal	.	.
chr22:43385753-43385981	1	1	0	0	distal	.	.
chr22:43403888-43404038	1	1	0	0	distal	.	.
chr22:43476177-43476327	1	1	0	0	distal	.	.
chr22:43486504-43486654	1	1	0	0	distal	.	.
chr22:43535344-43535565	1	1	0	0	distal	.	.
chr22:43777353-43777503	1	1	0	0	distal	.	.
chr22:43885068-43885263	3	1	0	0	distal	.	.
chr22:43945767-43946131	3	1	0	0	distal	.	.
chr22:43955284-43955468	1	1	0	0	proximal	SAMM50	.
chr22:44023786-44024307	1	1	0	0	distal	.	.
chr22:44498039-44498775	1	1	0	0	proximal	RTL6	.
chr22:44975670-44975820	1	1	0	0	distal	.	.
chr22:45096343-45096493	1	1	0	0	distal	.	.
chr22:45227447-45227597	1	1	0	0	distal	.	.
chr22:45548290-45548517	1	1	0	0	distal	.	.
chr22:45553758-45554395	1	1	0	0	distal	.	.
chr22:45594547-45594697	1	1	0	0	distal	.	.
chr22:45697854-45698152	1	1	0	0	distal	.	.
chr22:45978630-45978825	1	1	0	0	distal	.	.
chr22:45994861-45995167	2	1	0	0	distal	.	.
chr22:46013461-46014072	1	1	0	0	proximal	ENSG00000273145	.
chr22:46035637-46036570	3	2	1	1	distal	.	.
chr22:46071545-46071750	5	2	1	1	distal	.	.
chr22:46136569-46136719	1	1	0	0	distal	.	.
chr22:46150677-46150827	2	2	1	1	proximal	PPARA	.
chr22:46250089-46250543	2	1	0	0	proximal	CDPF1,ENSG00000289858	.
chr22:46335275-46335719	1	1	0	0	distal	.	.
chr22:46390719-46391014	1	1	0	0	distal	.	.
chr22:46509077-46509246	1	1	0	0	distal	.	.
chr22:46531796-46531970	1	1	0	0	distal	.	.
chr22:46537549-46537965	1	1	0	0	proximal	CELSR1,ENSG00000288754	.
chr22:46563421-46563928	1	1	0	0	distal	.	.
chr22:46582413-46582659	1	1	0	0	distal	.	.
chr22:46777782-46777932	1	1	0	0	distal	.	.
chr22:46798688-46798838	1	1	0	0	distal	.	.
chr22:46983061-46983211	1	1	0	0	distal	.	.
chr22:48605275-48605425	1	1	0	0	distal	.	.
chr22:49323416-49323641	1	1	0	0	distal	.	.
chr22:49929614-49929772	1	1	0	0	distal	.	.
chr22:49945384-49945534	1	1	0	0	distal	.	.
chr22:50260986-50261196	1	1	0	0	proximal	MAPK12	.
chr22:50327003-50327309	1	1	0	0	proximal	DENND6B	.
chr22:50526330-50526511	1	1	0	0	proximal	SCO2	.
chr22:50600462-50600727	1	1	0	0	proximal	CHKB,MAPK8IP2	.
chr22:50642494-50642693	1	1	0	0	distal	.	.
chr22:50733552-50733806	2	1	0	0	distal	.	.
chr22:50807831-50808077	1	1	0	0	distal	.	.
chr2:10019584-10019734	1	1	0	0	distal	.	.
chr2:10029030-10029412	2	1	0	0	distal	.	.
chr2:100339405-100339555	1	1	0	0	distal	.	.
chr2:10043310-10044281	1	1	0	0	proximal	KLF11	.
chr2:100647957-100648116	2	1	0	0	distal	.	.
chr2:10079973-10080344	1	1	0	0	proximal	CYS1	.
chr2:101002055-101002532	1	1	0	0	proximal	ENSG00000223947,RPL31	.
chr2:101039869-101040033	1	1	0	0	distal	.	.
chr2:101205564-101205818	1	1	0	0	distal	.	.
chr2:10120581-10120731	1	1	0	0	proximal	RRM2	.
chr2:101308363-101308918	2	1	0	0	proximal	RNF149	.
chr2:101362315-101362465	1	1	0	0	distal	.	.
chr2:101697204-101697738	3	1	0	0	proximal	MAP4K4	.
chr2:10409197-10409608	1	1	0	0	distal	.	.
chr2:104414037-104414253	1	1	0	0	proximal	LINC01831	.
chr2:10447923-10448959	1	1	0	0	proximal	ODC1,ODC1-DT	.
chr2:104843596-104843765	1	1	0	0	distal	.	.
chr2:104853705-104854242	1	1	0	0	proximal	ENSG00000269707,PANTR1,POU3F3	.
chr2:105037779-105038429	1	1	0	0	proximal	MRPS9,MRPS9-AS2	.
chr2:105244041-105244191	1	1	0	0	distal	.	.
chr2:105337420-105337623	1	1	0	0	proximal	C2orf49,C2orf49-DT	.
chr2:105522859-105523026	1	1	0	0	distal	.	.
chr2:105811646-105811800	1	1	0	0	distal	.	.
chr2:10755614-10755768	1	1	0	0	distal	.	.
chr2:10835418-10835782	1	1	0	0	distal	.	.
chr2:108461292-108461442	1	1	0	0	distal	.	.
chr2:108636482-108636704	1	1	0	0	distal	.	.
chr2:108786395-108786876	1	1	0	0	proximal	CCDC138	.
chr2:10880134-10880456	1	1	0	0	distal	.	.
chr2:108979528-108979685	1	1	0	0	distal	.	.
chr2:109128016-109128299	1	1	0	0	proximal	SH3RF3-AS1	.
chr2:109223462-109223612	1	1	0	0	distal	.	.
chr2:110211982-110212172	1	1	0	0	distal	.	.
chr2:110652167-110652344	1	1	0	0	distal	.	.
chr2:110700551-110700701	1	1	0	0	distal	.	.
chr2:11071900-11072050	1	1	0	0	distal	.	.
chr2:111068426-111068632	1	1	0	0	distal	.	.
chr2:111122220-111122591	1	1	0	0	distal	.	.
chr2:111123175-111123412	1	1	0	0	distal	.	.
chr2:111310220-111310377	1	1	0	0	distal	.	.
chr2:111514312-111514474	1	1	0	0	distal	.	.
chr2:11155008-11155769	1	1	0	0	proximal	SLC66A3	.
chr2:111884122-111884330	1	1	0	0	proximal	ANAPC1	.
chr2:111897826-111898759	1	1	0	0	proximal	MERTK	.
chr2:112042612-112042876	1	1	0	0	distal	.	.
chr2:112254966-112255185	1	1	0	0	proximal	ZC3H8	.
chr2:112451651-112451801	2	1	0	0	distal	.	.
chr2:112481085-112481392	1	1	0	0	proximal	TTL	.
chr2:112483187-112483381	1	1	0	0	distal	.	.
chr2:112541814-112542545	1	1	0	0	proximal	POLR1B	.
chr2:112583897-112584124	1	1	0	0	proximal	CHCHD5	.
chr2:112600064-112600344	1	1	0	0	distal	.	.
chr2:112645144-112646163	1	1	0	0	proximal	SLC20A1,SLC20A1-DT	.
chr2:112764044-112764942	1	1	0	0	proximal	CKAP2L	.
chr2:113070138-113070378	2	1	0	0	distal	.	.
chr2:113157318-113157693	1	1	0	0	proximal	PSD4	.
chr2:113199124-113199434	1	1	0	0	distal	.	.
chr2:113437515-113438089	1	1	0	0	proximal	ZNG1B	.
chr2:113583557-113584124	1	1	0	0	proximal	ENSG00000287165,WASH2P	.
chr2:113591823-113592094	1	1	0	0	distal	.	.
chr2:113627002-113627304	1	1	0	0	proximal	RABL2A	.
chr2:113903345-113903673	1	1	0	0	distal	.	.
chr2:113952642-113952833	2	1	0	0	distal	.	.
chr2:11500498-11500648	1	1	0	0	distal	.	.
chr2:11582810-11583021	1	1	0	0	distal	.	.
chr2:11639089-11639239	1	1	0	0	distal	.	.
chr2:11668556-11668712	1	1	0	0	distal	.	.
chr2:11746480-11746760	1	1	0	0	distal	.	.
chr2:11851077-11851257	1	1	0	0	distal	.	.
chr2:119020696-119020846	1	1	0	0	distal	.	.
chr2:119476326-119476547	1	1	0	0	proximal	SCTR-AS1	.
chr2:119759373-119759955	3	1	0	0	proximal	PTPN4	.
chr2:120013395-120013549	1	1	0	0	proximal	EPB41L5	.
chr2:120223114-120223970	3	1	0	0	proximal	TMEM185B	.
chr2:120252384-120253272	1	1	0	0	distal	.	.
chr2:120313020-120313178	1	1	0	0	distal	.	.
chr2:120401871-120402021	2	1	0	0	distal	.	.
chr2:120452308-120452458	1	1	0	0	distal	.	.
chr2:120811488-120811702	1	1	0	0	distal	.	.
chr2:120873439-120873589	1	1	0	0	distal	.	.
chr2:121085040-121085190	1	1	0	0	distal	.	.
chr2:12120765-12120915	1	1	0	0	distal	.	.
chr2:121649238-121649389	1	1	0	0	proximal	CLASP1,NIFK-AS1	.
chr2:121649475-121649948	1	1	0	0	proximal	CLASP1,NIFK-AS1	.
chr2:121724784-121724969	1	1	0	0	distal	.	.
chr2:126657508-126658123	2	2	1	1	distal	.	.
chr2:126777414-126777674	1	1	0	0	distal	.	.
chr2:126887266-126887416	1	1	0	0	distal	.	.
chr2:127064894-127065110	2	1	0	0	distal	.	.
chr2:127107354-127107505	1	1	0	0	proximal	BIN1	.
chr2:127220066-127220453	2	2	1	1	proximal	CYP27C1	.
chr2:127370074-127370404	2	2	1	1	distal	.	.
chr2:127526423-127526663	2	1	0	0	proximal	IWS1	.
chr2:127810695-127811615	1	1	0	0	proximal	WDR33	.
chr2:127841591-127841741	1	1	0	0	distal	.	.
chr2:127857426-127857708	2	1	0	0	proximal	POLR2D	.
chr2:127857846-127857996	1	1	0	0	proximal	POLR2D	.
chr2:127885307-127885770	3	2	1	1	proximal	AMMECR1L	.
chr2:127885882-127886267	1	1	0	0	proximal	AMMECR1L,ENSG00000272667	.
chr2:127979946-127980096	2	2	1	1	distal	.	.
chr2:128027195-128028376	1	1	0	0	proximal	SAP130	.
chr2:128090927-128091301	1	1	0	0	proximal	ENSG00000289982,UGGT1	.
chr2:128318825-128319012	2	2	1	1	proximal	HS6ST1	.
chr2:128321839-128322072	1	1	0	0	distal	.	.
chr2:128569465-128569615	1	1	0	0	distal	.	.
chr2:129877424-129878220	1	1	0	0	proximal	ENSG00000286957,LINC02572	.
chr2:129888863-129889258	1	1	0	0	distal	.	.
chr2:129923485-129924087	1	1	0	0	proximal	LINC01856	.
chr2:129973175-129973437	1	1	0	0	distal	.	.
chr2:130181569-130182329	2	1	0	0	proximal	MZT2B,SMPD4	.
chr2:130342083-130342506	2	1	0	0	proximal	CCDC115,IMP4	.
chr2:130391446-130391651	1	1	0	0	distal	.	.
chr2:130590539-130590980	1	1	0	0	proximal	ENSG00000232408	.
chr2:130756014-130756522	1	1	0	0	proximal	AMER3,ENSG00000229797	.
chr2:131092910-131093849	1	1	0	0	proximal	FAM168B	.
chr2:131154092-131154290	1	1	0	0	distal	.	.
chr2:131363877-131364077	1	1	0	0	proximal	ENSG00000283303,RAB6D	.
chr2:135875996-135876702	1	1	0	0	proximal	MCM6	.
chr2:136025440-136025819	1	1	0	0	distal	.	.
chr2:138444981-138445196	1	1	0	0	distal	.	.
chr2:138545016-138545206	1	1	0	0	distal	.	.
chr2:143937212-143937682	1	1	0	0	proximal	ENSG00000232377	.
chr2:144218295-144218445	1	1	0	0	distal	.	.
chr2:144430713-144431148	1	1	0	0	distal	.	.
chr2:144452669-144452857	1	1	0	0	distal	.	.
chr2:148927031-148927504	1	1	0	0	proximal	ENSG00000286167	.
chr2:149329878-149330052	1	1	0	0	proximal	LYPD6	.
chr2:151560961-151561120	1	1	0	0	distal	.	.
chr2:151828240-151828737	1	1	0	0	proximal	ARL5A	.
chr2:151891970-151892297	1	1	0	0	distal	.	.
chr2:152038460-152038634	1	1	0	0	distal	.	.
chr2:152098340-152098958	1	1	0	0	proximal	CACNB4,ENSG00000225214	.
chr2:152200703-152200929	1	1	0	0	distal	.	.
chr2:152335021-152335326	1	1	0	0	proximal	FMNL2	.
chr2:152372575-152372767	1	1	0	0	distal	.	.
chr2:152379143-152379293	1	1	0	0	distal	.	.
chr2:152481841-152482044	1	1	0	0	distal	.	.
chr2:153477188-153477362	1	1	0	0	distal	.	.
chr2:153478656-153479034	1	1	0	0	proximal	RPRM	.
chr2:154142445-154142595	1	1	0	0	distal	.	.
chr2:154532788-154533094	1	1	0	0	distal	.	.
chr2:15561033-15561332	1	1	0	0	proximal	NBAS	.
chr2:15591612-15592136	1	1	0	0	proximal	DDX1	.
chr2:156341534-156342234	1	1	0	0	proximal	NR4A2	.
chr2:156342380-156342716	1	1	0	0	proximal	NR4A2	.
chr2:158722987-158723137	2	2	1	1	distal	.	.
chr2:158967435-158968271	1	1	0	0	proximal	TANC1	.
chr2:158995802-158995957	3	2	1	1	distal	.	.
chr2:159064807-159065267	1	1	0	0	distal	.	.
chr2:159124712-159124862	1	1	0	0	distal	.	.
chr2:159344690-159344852	2	2	1	1	distal	.	.
chr2:15965550-15965700	1	1	0	0	distal	.	.
chr2:15985679-15985829	1	1	0	0	distal	.	.
chr2:160224118-160224307	1	1	0	0	distal	.	.
chr2:160493748-160494045	1	1	0	0	proximal	RBMS1	.
chr2:160993735-160993993	2	1	0	0	distal	.	.
chr2:161413992-161414889	1	1	0	0	distal	.	.
chr2:161684379-161684576	1	1	0	0	distal	.	.
chr2:162548169-162548335	1	1	0	0	distal	.	.
chr2:163347771-163347976	1	1	0	0	distal	.	.
chr2:168247365-168247815	1	1	0	0	proximal	STK39	.
chr2:168816317-168816492	2	1	0	0	distal	.	.
chr2:169012238-169012726	2	1	0	0	distal	.	.
chr2:169361811-169362260	1	1	0	0	proximal	LRP2	.
chr2:169363524-169363699	1	1	0	0	distal	.	.
chr2:169364050-169364587	1	1	0	0	distal	.	.
chr2:169452930-169453318	2	1	0	0	distal	.	.
chr2:169509663-169509815	1	1	0	0	proximal	KLHL41	.
chr2:169570707-169570950	1	1	0	0	distal	.	.
chr2:169584237-169584640	2	1	0	0	proximal	PPIG	.
chr2:169584698-169584888	1	1	0	0	proximal	PPIG	.
chr2:169694345-169694914	2	1	0	0	proximal	CFAP210,KLHL23,PHOSPHO2	.
chr2:169717037-169717187	1	1	0	0	distal	.	.
chr2:169733187-169733337	1	1	0	0	distal	.	.
chr2:169733455-169734068	1	1	0	0	distal	.	.
chr2:169827243-169827542	1	1	0	0	proximal	UBR3	.
chr2:169827635-169827818	1	1	0	0	proximal	UBR3	.
chr2:169828360-169828808	2	1	0	0	distal	.	.
chr2:169898947-169899101	2	1	0	0	distal	.	.
chr2:169966879-169967031	1	1	0	0	distal	.	.
chr2:170007694-170007860	1	1	0	0	distal	.	.
chr2:170081399-170081552	1	1	0	0	distal	.	.
chr2:170324625-170324941	1	1	0	0	distal	.	.
chr2:170361025-170361485	1	1	0	0	distal	.	.
chr2:170474300-170474536	1	1	0	0	distal	.	.
chr2:170724906-170725056	1	1	0	0	distal	.	.
chr2:170928757-170929519	1	1	0	0	proximal	GORASP2	.
chr2:170973516-170973753	1	1	0	0	distal	.	.
chr2:170973819-170974104	1	1	0	0	distal	.	.
chr2:171159718-171159913	2	1	0	0	distal	.	.
chr2:171160059-171161098	1	1	0	0	distal	.	.
chr2:171176136-171176377	1	1	0	0	distal	.	.
chr2:171347148-171347325	2	1	0	0	distal	.	.
chr2:171433751-171434835	1	1	0	0	proximal	DCAF17,METTL8	.
chr2:171687198-171687516	1	1	0	0	proximal	DYNC1I2	.
chr2:171738692-171738882	2	1	0	0	distal	.	.
chr2:171761387-171761577	1	1	0	0	distal	.	.
chr2:171999539-172000277	2	1	0	0	proximal	METAP1D,SLC25A12	.
chr2:172054252-172054462	1	1	0	0	distal	.	.
chr2:172084352-172084702	1	1	0	0	proximal	DLX1,ENSG00000288958	.
chr2:172084864-172085058	1	1	0	0	proximal	DLX1	.
chr2:172951716-172952039	1	1	0	0	distal	.	.
chr2:172972062-172972291	1	1	0	0	distal	.	.
chr2:173049338-173049547	3	2	1	1	distal	.	.
chr2:173075882-173076223	1	1	0	0	proximal	MAP3K20	.
chr2:173401883-173402033	2	2	1	1	distal	.	.
chr2:173479998-173480148	1	1	0	0	distal	.	.
chr2:173911368-173911591	2	1	0	0	distal	.	.
chr2:173963833-173964045	1	1	0	0	distal	.	.
chr2:173964220-173965139	1	1	0	0	proximal	ENSG00000289296,SP3	.
chr2:173965317-173965569	3	2	1	1	proximal	ENSG00000289296,SP3	.
chr2:174059919-174060069	1	1	0	0	distal	.	.
chr2:174247899-174248367	1	1	0	0	proximal	OLA1	.
chr2:174248452-174248832	1	1	0	0	proximal	OLA1	.
chr2:174486500-174487406	1	1	0	0	proximal	GPR155,GPR155-DT	.
chr2:174682777-174683272	2	1	0	0	proximal	WIPF1	.
chr2:174706890-174707083	1	1	0	0	distal	.	.
chr2:174788551-174788862	1	1	0	0	proximal	CHRNA1	.
chr2:175145421-175145606	1	1	0	0	distal	.	.
chr2:175181556-175181878	1	1	0	0	proximal	ATP5MC3	.
chr2:175366871-175367035	2	1	0	0	distal	.	.
chr2:175757400-175757580	1	1	0	0	distal	.	.
chr2:176002595-176002848	1	1	0	0	proximal	LNPK	.
chr2:176080385-176080720	1	1	0	0	distal	.	.
chr2:176091895-176092045	1	1	0	0	proximal	HOXD13	.
chr2:176106797-176107340	1	1	0	0	distal	.	.
chr2:176129995-176130412	1	1	0	0	proximal	HOXD8	.
chr2:176130572-176130909	1	1	0	0	distal	.	.
chr2:176135890-176136251	1	1	0	0	proximal	HOXD3	.
chr2:176158479-176159320	1	1	0	0	distal	.	.
chr2:176188392-176188750	1	1	0	0	proximal	HAGLR,HOXD1	.
chr2:176335175-176335343	1	1	0	0	distal	.	.
chr2:176419266-176419416	1	1	0	0	distal	.	.
chr2:176454938-176455368	2	1	0	0	distal	.	.
chr2:176532338-176532488	1	1	0	0	proximal	ENSG00000236231	.
chr2:176618623-176618782	1	1	0	0	distal	.	.
chr2:176638167-176638589	1	1	0	0	proximal	LINC01116	.
chr2:177164670-177164902	1	1	0	0	proximal	ENSG00000236501	.
chr2:177212335-177213344	1	1	0	0	proximal	ENSG00000229337,HNRNPA3	.
chr2:177265211-177265544	1	1	0	0	distal	.	.
chr2:177365849-177366106	1	1	0	0	distal	.	.
chr2:17737931-17738138	1	1	0	0	distal	.	.
chr2:177392658-177393088	1	1	0	0	proximal	AGPS,ENSG00000213963,NFE2L2	.
chr2:177588939-177589089	1	1	0	0	distal	.	.
chr2:177618621-177618814	1	1	0	0	proximal	TTC30A	.
chr2:177634385-177634740	1	1	0	0	distal	.	.
chr2:178112280-178112587	1	1	0	0	proximal	RBM45	.
chr2:178193999-178194184	1	1	0	0	proximal	OSBPL6	.
chr2:178194277-178195019	1	1	0	0	proximal	OSBPL6	.
chr2:181294763-181295026	1	1	0	0	distal	.	.
chr2:181569474-181569678	1	1	0	0	distal	.	.
chr2:181656400-181656888	1	1	0	0	distal	.	.
chr2:181954156-181954497	1	1	0	0	proximal	PPP1R1C	.
chr2:18473441-18473591	1	1	0	0	distal	.	.
chr2:188291573-188291864	1	1	0	0	proximal	GULP1	.
chr2:188291992-188292341	1	1	0	0	proximal	GULP1	.
chr2:189580391-189581041	1	1	0	0	distal	.	.
chr2:189738538-189738688	1	1	0	0	distal	.	.
chr2:189871751-189871944	1	1	0	0	distal	.	.
chr2:190380746-190380896	1	1	0	0	distal	.	.
chr2:190648474-190649189	1	1	0	0	distal	.	.
chr2:191434119-191434269	1	1	0	0	distal	.	.
chr2:191677404-191677675	1	1	0	0	proximal	ENSG00000288900,NABP1	.
chr2:191677813-191678418	2	1	0	0	proximal	ENSG00000288900,NABP1	.
chr2:192194762-192195468	1	1	0	0	proximal	TMEFF2	.
chr2:196171293-196171782	2	1	0	0	distal	.	.
chr2:196593602-196593796	1	1	0	0	proximal	HECW2	.
chr2:196639350-196640011	1	1	0	0	proximal	CCDC150,ENSG00000282836	.
chr2:196799421-196799878	2	1	0	0	proximal	GTF3C3	.
chr2:196855033-196855274	2	1	0	0	distal	.	.
chr2:196926583-196927275	2	1	0	0	proximal	PGAP1	.
chr2:197228499-197228672	1	1	0	0	distal	.	.
chr2:197453774-197454026	1	1	0	0	proximal	COQ10B	.
chr2:197515753-197516537	1	1	0	0	proximal	HSPD1,MOB4	.
chr2:197805110-197805304	1	1	0	0	proximal	PLCL1	.
chr2:19863494-19863644	1	1	0	0	distal	.	.
chr2:200481755-200482032	1	1	0	0	distal	.	.
chr2:200525929-200526398	1	1	0	0	distal	.	.
chr2:200600631-200600880	1	1	0	0	distal	.	.
chr2:200713039-200713475	1	1	0	0	distal	.	.
chr2:200756574-200756893	1	1	0	0	distal	.	.
chr2:200812450-200812674	1	1	0	0	proximal	BZW1-AS1	.
chr2:200864242-200864911	1	1	0	0	proximal	CLK1	.
chr2:200963258-200964160	1	1	0	0	proximal	ENSG00000183308,ORC2	.
chr2:201451862-201452212	2	1	0	0	proximal	TRAK2	.
chr2:201621730-201621955	1	1	0	0	distal	.	.
chr2:201642409-201642791	1	1	0	0	proximal	ENSG00000287133,TMEM237	.
chr2:201780855-201781267	1	1	0	0	distal	.	.
chr2:201872721-201872871	1	1	0	0	distal	.	.
chr2:201912044-201912215	1	1	0	0	distal	.	.
chr2:202014902-202015172	1	1	0	0	distal	.	.
chr2:202109729-202109984	1	1	0	0	distal	.	.
chr2:202200584-202200734	2	1	0	0	distal	.	.
chr2:202238211-202238392	2	1	0	0	proximal	SUMO1	.
chr2:202238454-202238819	1	1	0	0	proximal	SUMO1	.
chr2:20224776-20225011	1	1	0	0	proximal	SDC1	.
chr2:202265186-202265835	1	1	0	0	proximal	NOP58	.
chr2:202349393-202349552	1	1	0	0	distal	.	.
chr2:202375241-202376343	1	1	0	0	proximal	BMPR2,ENSG00000273456	.
chr2:202386654-202386804	1	1	0	0	distal	.	.
chr2:202831385-202831712	1	1	0	0	distal	.	.
chr2:202871152-202871971	1	1	0	0	proximal	ICA1L	.
chr2:202911372-202911748	1	1	0	0	proximal	CARF	.
chr2:202911873-202912062	1	1	0	0	proximal	CARF	.
chr2:203239642-203239845	1	1	0	0	proximal	CYP20A1,ENSG00000289294	.
chr2:203374185-203374344	1	1	0	0	distal	.	.
chr2:203465988-203466138	1	1	0	0	distal	.	.
chr2:203556326-203556553	1	1	0	0	distal	.	.
chr2:205711848-205711998	1	1	0	0	distal	.	.
chr2:205776183-205776402	1	1	0	0	distal	.	.
chr2:206159164-206159694	1	1	0	0	proximal	EEF1B2,NDUFS1	.
chr2:206159766-206160000	1	1	0	0	proximal	EEF1B2,NDUFS1	.
chr2:206202516-206202714	1	1	0	0	proximal	CMKLR2-AS	.
chr2:206265277-206265427	1	1	0	0	distal	.	.
chr2:206274415-206274806	1	1	0	0	proximal	ZDBF2	.
chr2:206275503-206275744	1	1	0	0	proximal	ZDBF2	.
chr2:206399289-206399481	1	1	0	0	distal	.	.
chr2:206489159-206489309	1	1	0	0	distal	.	.
chr2:206530474-206530730	1	1	0	0	distal	.	.
chr2:206540547-206540697	1	1	0	0	distal	.	.
chr2:206765206-206765455	1	1	0	0	proximal	FASTKD2,MDH1B	.
chr2:206765573-206765845	2	1	0	0	proximal	FASTKD2,MDH1B	.
chr2:206981867-206982045	1	1	0	0	distal	.	.
chr2:207165789-207166479	3	1	0	0	proximal	MYOSLID	.
chr2:207166828-207167002	1	1	0	0	proximal	MYOSLID	.
chr2:207245024-207245252	1	1	0	0	distal	.	.
chr2:207350394-207350544	1	1	0	0	distal	.	.
chr2:207473228-207473397	1	1	0	0	distal	.	.
chr2:207529665-207530320	1	1	0	0	proximal	CREB1,ENSG00000223725	.
chr2:207540406-207540694	1	1	0	0	distal	.	.
chr2:207625335-207625898	1	1	0	0	proximal	METTL21A	.
chr2:207711280-207711899	1	1	0	0	proximal	CCNYL1	.
chr2:207712232-207712484	1	1	0	0	proximal	CCNYL1	.
chr2:208072419-208072615	1	1	0	0	distal	.	.
chr2:208124055-208124355	1	1	0	0	proximal	CRYGD	.
chr2:208124432-208124641	1	1	0	0	proximal	CRYGD	.
chr2:208265867-208266565	1	1	0	0	proximal	IDH1,PIKFYVE	.
chr2:209476439-209476761	1	1	0	0	distal	.	.
chr2:209495902-209496407	1	1	0	0	distal	.	.
chr2:210002377-210002782	1	1	0	0	proximal	RPE	.
chr2:210088526-210088676	1	1	0	0	distal	.	.
chr2:212538913-212539079	1	1	0	0	proximal	ERBB4	.
chr2:213151529-213152011	1	1	0	0	proximal	ENSG00000270659,IKZF2	.
chr2:215323822-215323972	1	1	0	0	distal	.	.
chr2:215880700-215880850	1	1	0	0	distal	.	.
chr2:215929818-215929997	1	1	0	0	distal	.	.
chr2:216013172-216013781	1	1	0	0	distal	.	.
chr2:216081507-216081963	1	1	0	0	proximal	TMEM169	.
chr2:216114621-216115080	1	1	0	0	distal	.	.
chr2:216187828-216188011	1	1	0	0	distal	.	.
chr2:216698979-216699202	1	1	0	0	distal	.	.
chr2:217943999-217944194	2	1	0	0	distal	.	.
chr2:218034740-218034980	1	1	0	0	proximal	RUFY4,TNS1	.
chr2:218068888-218069038	1	1	0	0	distal	.	.
chr2:218269598-218269998	1	1	0	0	proximal	AAMP,PNKD	.
chr2:218270062-218270606	1	1	0	0	proximal	AAMP,PNKD	.
chr2:218282093-218282244	1	1	0	0	distal	.	.
chr2:218287236-218287398	1	1	0	0	distal	.	.
chr2:218358518-218358732	1	1	0	0	proximal	CATIP-AS2	.
chr2:218568018-218568672	1	1	0	0	proximal	CNOT9,USP37	.
chr2:218568730-218569013	4	2	1	1	proximal	CNOT9,USP37	.
chr2:218621743-218621893	1	1	0	0	distal	.	.
chr2:218671619-218672574	2	1	0	0	proximal	RNF25,STK36	.
chr2:218710616-218711394	2	1	0	0	proximal	TTLL4	.
chr2:218782005-218782228	3	1	0	0	proximal	CYP27A1	.
chr2:218847755-218847961	1	1	0	0	distal	.	.
chr2:218908948-218909491	1	1	0	0	proximal	ENSG00000288898	.
chr2:218959373-218959744	2	1	0	0	proximal	CDK5R2	.
chr2:218962932-218963082	1	1	0	0	distal	.	.
chr2:218979891-218980513	1	1	0	0	distal	.	.
chr2:218996104-218996635	1	1	0	0	distal	.	.
chr2:219060832-219061180	1	1	0	0	proximal	IHH	.
chr2:219160175-219161098	2	1	0	0	proximal	NHEJ1	.
chr2:219178086-219178709	2	2	1	1	proximal	CNPPD1	.
chr2:219200597-219201050	2	1	0	0	proximal	ENSG00000287529	.
chr2:219218748-219218901	2	1	0	0	proximal	ABCB6	.
chr2:219229253-219229483	2	2	1	1	proximal	ANKZF1,ATG9A	.
chr2:219229571-219229871	3	2	1	1	proximal	ANKZF1,ATG9A	.
chr2:219245120-219245800	2	1	0	0	proximal	GLB1L,STK16	.
chr2:219253892-219254149	2	1	0	0	proximal	TUBA4B	.
chr2:219278906-219279493	1	1	0	0	proximal	DNAJB2	.
chr2:219294576-219295299	2	1	0	0	distal	.	.
chr2:219313918-219314068	1	1	0	0	distal	.	.
chr2:219352413-219352895	2	1	0	0	distal	.	.
chr2:219387805-219388635	1	1	0	0	proximal	DNPEP-AS1	.
chr2:219433963-219434151	1	1	0	0	proximal	SPEG	.
chr2:219441918-219442081	3	2	1	1	distal	.	.
chr2:219498435-219498970	5	2	1	1	proximal	ENSG00000268603,GMPPA	.
chr2:219509791-219510120	1	1	0	0	distal	.	.
chr2:219513928-219514162	1	1	0	0	proximal	ASIC4	.
chr2:219521362-219521552	1	1	0	0	distal	.	.
chr2:219522791-219522995	1	1	0	0	distal	.	.
chr2:219552294-219552843	1	1	0	0	distal	.	.
chr2:219597634-219598291	1	1	0	0	proximal	STK11IP	.
chr2:219728905-219729142	1	1	0	0	distal	.	.
chr2:222291250-222291445	2	1	0	0	distal	.	.
chr2:222298709-222299465	1	1	0	0	proximal	CCDC140,PAX3	.
chr2:222518710-222518895	1	1	0	0	distal	.	.
chr2:222709317-222709778	1	1	0	0	distal	.	.
chr2:222870958-222871108	2	1	0	0	distal	.	.
chr2:222924992-222925334	1	1	0	0	distal	.	.
chr2:222927884-222928034	1	1	0	0	distal	.	.
chr2:223472123-223472284	1	1	0	0	distal	.	.
chr2:223493893-223494043	1	1	0	0	distal	.	.
chr2:223779865-223780180	1	1	0	0	distal	.	.
chr2:223815185-223815533	1	1	0	0	distal	.	.
chr2:223837465-223837935	1	1	0	0	proximal	AP1S3	.
chr2:224242588-224242779	1	1	0	0	distal	.	.
chr2:224485398-224485548	1	1	0	0	distal	.	.
chr2:230323112-230323601	1	1	0	0	distal	.	.
chr2:230712566-230713161	1	1	0	0	proximal	CAB39	.
chr2:230814541-230814771	1	1	0	0	distal	.	.
chr2:230864627-230865003	1	1	0	0	proximal	ITM2C	.
chr2:230865078-230865261	1	1	0	0	proximal	ITM2C	.
chr2:230987283-230987554	1	1	0	0	distal	.	.
chr2:231053020-231053182	1	1	0	0	distal	.	.
chr2:231192441-231192664	1	1	0	0	distal	.	.
chr2:231198190-231198377	2	1	0	0	proximal	ARMC9	.
chr2:231198494-231198777	1	1	0	0	proximal	ARMC9	.
chr2:231227356-231227592	1	1	0	0	distal	.	.
chr2:231243159-231243623	1	1	0	0	distal	.	.
chr2:231412032-231412893	1	1	0	0	distal	.	.
chr2:231563470-231563645	1	1	0	0	distal	.	.
chr2:231604674-231604937	1	1	0	0	distal	.	.
chr2:231662208-231662674	2	1	0	0	distal	.	.
chr2:231674697-231674847	1	1	0	0	distal	.	.
chr2:231681052-231681407	3	1	0	0	distal	.	.
chr2:231687338-231687493	1	1	0	0	distal	.	.
chr2:231706917-231707248	2	1	0	0	proximal	ENSG00000289018,PTMA	.
chr2:231708022-231708558	2	1	0	0	distal	.	.
chr2:231713733-231714081	3	1	0	0	distal	.	.
chr2:231786187-231786499	2	1	0	0	proximal	PDE6D	.
chr2:231786682-231786943	1	1	0	0	proximal	PDE6D	.
chr2:231807736-231808075	1	1	0	0	distal	.	.
chr2:231926262-231926564	2	1	0	0	proximal	NPPC	.
chr2:232078055-232078205	1	1	0	0	distal	.	.
chr2:232192829-232193013	1	1	0	0	distal	.	.
chr2:232335343-232335505	1	1	0	0	distal	.	.
chr2:232387990-232388140	1	1	0	0	distal	.	.
chr2:232420630-232421084	1	1	0	0	proximal	ENSG00000237087	.
chr2:232524065-232524493	1	1	0	0	distal	.	.
chr2:232605805-232606412	1	1	0	0	proximal	EFHD1	.
chr2:232697000-232698043	1	1	0	0	proximal	GIGYF2	.
chr2:232853232-232853435	1	1	0	0	distal	.	.
chr2:233251397-233251789	2	1	0	0	distal	.	.
chr2:233268164-233268368	1	1	0	0	distal	.	.
chr2:233780212-233780372	1	1	0	0	distal	.	.
chr2:233949029-233949211	1	1	0	0	distal	.	.
chr2:234436657-234436807	1	1	0	0	distal	.	.
chr2:234826482-234826632	1	1	0	0	distal	.	.
chr2:235440423-235440573	1	1	0	0	distal	.	.
chr2:235658994-235659196	1	1	0	0	distal	.	.
chr2:23593287-23593473	2	1	0	0	distal	.	.
chr2:236168336-236168648	1	1	0	0	proximal	GBX2	.
chr2:236711693-236711843	1	1	0	0	distal	.	.
chr2:236731513-236731663	1	1	0	0	distal	.	.
chr2:237144358-237144508	1	1	0	0	distal	.	.
chr2:237154166-237154318	1	1	0	0	distal	.	.
chr2:237316779-237316929	1	1	0	0	distal	.	.
chr2:237966728-237967164	1	1	0	0	proximal	UBE2F,UBE2F-SCLY	.
chr2:238053519-238053669	1	1	0	0	distal	.	.
chr2:238060500-238061128	1	1	0	0	proximal	SCLY	.
chr2:238061244-238061649	1	1	0	0	proximal	SCLY	.
chr2:238098305-238098722	2	2	1	1	distal	.	.
chr2:238107316-238107466	3	2	1	1	distal	.	.
chr2:238158785-238159052	1	1	0	0	proximal	ERFE	.
chr2:238203599-238203913	3	2	1	1	proximal	ILKAP	.
chr2:238239929-238240191	2	1	0	0	proximal	HES6	.
chr2:238288664-238289270	3	1	0	0	proximal	ENSG00000283635	.
chr2:238391173-238391370	1	1	0	0	distal	.	.
chr2:238426649-238427070	1	1	0	0	proximal	ASB1,ENSG00000229915	.
chr2:238460995-238461166	1	1	0	0	distal	.	.
chr2:238573382-238573603	1	1	0	0	distal	.	.
chr2:23899901-23900055	1	1	0	0	distal	.	.
chr2:23940082-23940626	1	1	0	0	distal	.	.
chr2:239882111-239882270	1	1	0	0	distal	.	.
chr2:240052974-240053124	2	1	0	0	proximal	OR6B3	.
chr2:240055614-240055764	1	1	0	0	distal	.	.
chr2:240116022-240116193	2	2	1	1	distal	.	.
chr2:240250105-240250255	1	1	0	0	distal	.	.
chr2:24047306-24047713	1	1	0	0	distal	.	.
chr2:24049533-24050135	2	1	0	0	proximal	FKBP1B,WDCP	.
chr2:240501027-240501200	2	1	0	0	distal	.	.
chr2:240560657-240561334	2	2	1	1	proximal	DUSP28	.
chr2:240586217-240586790	1	1	0	0	proximal	CAPN10,CAPN10-DT	.
chr2:240693604-240693754	2	2	1	1	distal	.	.
chr2:24076279-24077185	1	1	0	0	proximal	FAM228B,SF3B6	.
chr2:24083929-24084885	2	1	0	0	distal	.	.
chr2:240998479-240998714	1	1	0	0	proximal	SNED1	.
chr2:241051682-241051864	1	1	0	0	distal	.	.
chr2:241149868-241150537	1	1	0	0	proximal	PASK,PPP1R7	.
chr2:241225824-241225974	1	1	0	0	distal	.	.
chr2:241355227-241355712	1	1	0	0	proximal	FARP2	.
chr2:241411894-241412363	1	1	0	0	distal	.	.
chr2:241459286-241459436	1	1	0	0	distal	.	.
chr2:241610059-241610819	1	1	0	0	distal	.	.
chr2:241627954-241628215	1	1	0	0	distal	.	.
chr2:241637133-241638090	1	1	0	0	proximal	ATG4B,THAP4	.
chr2:241702186-241702490	1	1	0	0	distal	.	.
chr2:241702617-241702926	2	1	0	0	distal	.	.
chr2:241721016-241721221	1	1	0	0	distal	.	.
chr2:241734240-241735264	1	1	0	0	proximal	D2HGDH,ENSG00000215692	.
chr2:241948412-241948835	1	1	0	0	distal	.	.
chr2:24200477-24200627	1	1	0	0	distal	.	.
chr2:24360025-24360844	2	1	0	0	proximal	ITSN2	.
chr2:24540406-24540584	2	1	0	0	distal	.	.
chr2:24600187-24600382	1	1	0	0	distal	.	.
chr2:24620863-24621098	2	1	0	0	distal	.	.
chr2:24764994-24765162	1	1	0	0	distal	.	.
chr2:24805891-24806041	1	1	0	0	distal	.	.
chr2:24833439-24833683	1	1	0	0	distal	.	.
chr2:24971617-24972277	1	1	0	0	proximal	DNAJC27,DNAJC27-AS1	.
chr2:25041538-25041805	2	1	0	0	proximal	EFR3B	.
chr2:25041868-25042778	1	1	0	0	proximal	EFR3B	.
chr2:25099085-25099235	1	1	0	0	distal	.	.
chr2:25342450-25342651	1	1	0	0	proximal	DNMT3A	.
chr2:25361897-25362329	1	1	0	0	proximal	ENSG00000289567	.
chr2:25376746-25377092	1	1	0	0	distal	.	.
chr2:25513454-25513747	1	1	0	0	distal	.	.
chr2:25672951-25673174	1	1	0	0	proximal	DTNB	.
chr2:25851990-25852178	2	1	0	0	distal	.	.
chr2:25877675-25878825	1	1	0	0	proximal	ASXL2	.
chr2:25981981-25982810	2	1	0	0	proximal	KIF3C	.
chr2:26044254-26044428	1	1	0	0	distal	.	.
chr2:26244567-26245025	3	2	1	1	proximal	HADHA	.
chr2:26280923-26281073	1	1	0	0	distal	.	.
chr2:26692548-26693660	3	1	0	0	proximal	KCNK3	.
chr2:26720982-26721152	1	1	0	0	distal	.	.
chr2:26764153-26764342	2	2	1	1	proximal	CENPA,SLC35F6	.
chr2:26785691-26786152	1	1	0	0	distal	.	.
chr2:26847438-26847595	1	1	0	0	proximal	DPYSL5	.
chr2:26847834-26848136	1	1	0	0	proximal	DPYSL5	.
chr2:26848407-26848557	2	1	0	0	proximal	DPYSL5	.
chr2:26970464-26970702	2	2	1	1	proximal	MAPRE3	.
chr2:27032732-27033282	1	1	0	0	proximal	TMEM214	.
chr2:27050303-27051367	2	1	0	0	proximal	AGBL5-AS1	.
chr2:27071502-27071987	1	1	0	0	proximal	OST4	.
chr2:27072067-27072236	1	1	0	0	proximal	OST4	.
chr2:27080731-27080923	3	1	0	0	distal	.	.
chr2:27081260-27081620	2	1	0	0	distal	.	.
chr2:2708689-2708839	1	1	0	0	distal	.	.
chr2:27087047-27087231	1	1	0	0	proximal	KHK	.
chr2:27096213-27096538	1	1	0	0	distal	.	.
chr2:27123560-27124176	1	1	0	0	proximal	ABHD1	.
chr2:27211691-27212100	2	1	0	0	proximal	ATRAID	.
chr2:27212183-27212441	2	1	0	0	proximal	ATRAID,SLC5A6	.
chr2:27217202-27217534	2	1	0	0	proximal	CAD	.
chr2:27217821-27218196	1	1	0	0	proximal	CAD	.
chr2:27255041-27255191	1	1	0	0	distal	.	.
chr2:27279839-27280122	1	1	0	0	distal	.	.
chr2:27322933-27323412	1	1	0	0	distal	.	.
chr2:27369761-27369960	2	1	0	0	proximal	EIF2B4,SNX17	.
chr2:27380337-27380935	2	2	1	1	proximal	ZNF513	.
chr2:27409280-27410015	3	2	1	1	proximal	PPM1G	.
chr2:27428362-27428656	2	1	0	0	proximal	NRBP1	.
chr2:27428765-27429438	1	1	0	0	distal	.	.
chr2:27453378-27453551	1	1	0	0	distal	.	.
chr2:27489555-27490141	2	1	0	0	proximal	IFT172	.
chr2:27582689-27583133	5	2	1	1	proximal	ENSG00000259080,ZNF512	.
chr2:27583277-27583427	2	1	0	0	proximal	ENSG00000259080,ZNF512	.
chr2:27617752-27617958	1	1	0	0	distal	.	.
chr2:27628691-27629126	2	1	0	0	proximal	CCDC121,GPN1	.
chr2:27683615-27683838	1	1	0	0	distal	.	.
chr2:27703802-27704049	1	1	0	0	distal	.	.
chr2:27890395-27890865	1	1	0	0	proximal	BABAM2,RBKS	.
chr2:27958662-27958812	1	1	0	0	distal	.	.
chr2:28107332-28107686	1	1	0	0	distal	.	.
chr2:28332403-28332617	1	1	0	0	distal	.	.
chr2:28436598-28436748	1	1	0	0	distal	.	.
chr2:28764295-28764445	1	1	0	0	distal	.	.
chr2:3104954-3105121	3	1	0	0	distal	.	.
chr2:3158536-3158686	1	1	0	0	distal	.	.
chr2:32039490-32039656	2	2	1	1	proximal	DPY30,ENSG00000288937	.
chr2:32063321-32064026	1	1	0	0	proximal	SPAST	.
chr2:32222787-32222937	2	2	1	1	distal	.	.
chr2:3224056-3224206	1	1	0	0	distal	.	.
chr2:32258156-32258390	2	2	1	1	distal	.	.
chr2:32356858-32357445	1	1	0	0	proximal	BIRC6	.
chr2:32578481-32578664	1	1	0	0	distal	.	.
chr2:32946396-32946551	1	1	0	0	proximal	LTBP1	.
chr2:33031828-33031987	1	1	0	0	distal	.	.
chr2:33610774-33611000	1	1	0	0	distal	.	.
chr2:3379549-3380053	1	1	0	0	proximal	TRAPPC12	.
chr2:3558200-3558688	1	1	0	0	proximal	ENSG00000286905,RNASEH1,RNASEH1-DT	.
chr2:36663907-36664369	1	1	0	0	distal	.	.
chr2:36718396-36718608	1	1	0	0	distal	.	.
chr2:37672503-37672852	1	1	0	0	distal	.	.
chr2:38214228-38214770	1	1	0	0	distal	.	.
chr2:38515319-38515708	1	1	0	0	proximal	LINC02613	.
chr2:38714599-38714749	1	1	0	0	distal	.	.
chr2:38777787-38778310	1	1	0	0	distal	.	.
chr2:38797188-38797338	2	1	0	0	distal	.	.
chr2:39068913-39069132	1	1	0	0	distal	.	.
chr2:39120971-39121207	1	1	0	0	distal	.	.
chr2:39229970-39230351	1	1	0	0	distal	.	.
chr2:39717691-39717841	1	1	0	0	distal	.	.
chr2:39781743-39781948	1	1	0	0	distal	.	.
chr2:39789959-39790867	2	1	0	0	distal	.	.
chr2:41648309-41648540	1	1	0	0	distal	.	.
chr2:41824629-41824784	2	2	1	1	distal	.	.
chr2:42008460-42008610	3	2	1	1	distal	.	.
chr2:42132822-42133446	3	2	1	1	distal	.	.
chr2:42141766-42142019	1	1	0	0	distal	.	.
chr2:42238393-42238545	1	1	0	0	distal	.	.
chr2:42360952-42361354	2	1	0	0	distal	.	.
chr2:42424703-42425095	1	1	0	0	proximal	COX7A2L	.
chr2:42568367-42569034	1	1	0	0	distal	.	.
chr2:42580759-42580954	1	1	0	0	distal	.	.
chr2:42629560-42629984	1	1	0	0	distal	.	.
chr2:42783421-42783571	2	1	0	0	distal	.	.
chr2:42809869-42810847	2	1	0	0	distal	.	.
chr2:42828914-42829125	1	1	0	0	distal	.	.
chr2:42975136-42975557	1	1	0	0	distal	.	.
chr2:42989657-42990018	1	1	0	0	distal	.	.
chr2:42990576-42990726	1	1	0	0	distal	.	.
chr2:43041896-43042046	1	1	0	0	distal	.	.
chr2:43226291-43226532	2	1	0	0	proximal	LINC01126,ZFP36L2	.
chr2:43234263-43234481	1	1	0	0	distal	.	.
chr2:43774390-43774546	1	1	0	0	proximal	DYNC2LI1	.
chr2:43995916-43996105	1	1	0	0	proximal	ENSG00000288707,LRPPRC	.
chr2:44055750-44055998	1	1	0	0	distal	.	.
chr2:44087268-44087457	1	1	0	0	distal	.	.
chr2:44240988-44241199	1	1	0	0	distal	.	.
chr2:44361731-44362022	1	1	0	0	proximal	CAMKMT,PREPL	.
chr2:44362153-44362524	1	1	0	0	proximal	CAMKMT,PREPL	.
chr2:45117521-45117853	2	1	0	0	distal	.	.
chr2:45182589-45182739	1	1	0	0	distal	.	.
chr2:45611183-45611459	1	1	0	0	proximal	SRBD1	.
chr2:45650775-45651366	1	1	0	0	proximal	PRKCE	.
chr2:46004691-46004841	3	2	1	1	distal	.	.
chr2:46464587-46464750	2	1	0	0	distal	.	.
chr2:46543208-46543423	1	1	0	0	proximal	ATP6V1E2	.
chr2:46650438-46650778	1	1	0	0	distal	.	.
chr2:46662582-46663261	2	2	1	1	distal	.	.
chr2:46698694-46699470	1	1	0	0	proximal	LINC01118,SOCS5	.
chr2:46888887-46889120	2	2	1	1	distal	.	.
chr2:46915752-46916194	1	1	0	0	proximal	TTC7A	.
chr2:46940921-46941303	2	1	0	0	proximal	MCFD2	.
chr2:46941386-46941626	1	1	0	0	proximal	MCFD2	.
chr2:47034105-47034299	1	1	0	0	distal	.	.
chr2:47237470-47237620	2	1	0	0	distal	.	.
chr2:47242812-47242962	1	1	0	0	distal	.	.
chr2:47323201-47323404	1	1	0	0	distal	.	.
chr2:47388259-47388489	1	1	0	0	distal	.	.
chr2:47388597-47388747	1	1	0	0	distal	.	.
chr2:47402850-47403688	1	1	0	0	proximal	MSH2	.
chr2:47905704-47906015	1	1	0	0	proximal	ENSG00000233230,FBXO11	.
chr2:47906385-47907046	1	1	0	0	proximal	FBXO11	.
chr2:48359238-48359388	1	1	0	0	distal	.	.
chr2:53658431-53658581	1	1	0	0	distal	.	.
chr2:53767725-53768368	1	1	0	0	proximal	CHAC2	.
chr2:53970748-53971197	1	1	0	0	proximal	ACYP2,PSME4	.
chr2:54088424-54088679	1	1	0	0	distal	.	.
chr2:54572328-54572640	1	1	0	0	distal	.	.
chr2:54975860-54976043	1	1	0	0	distal	.	.
chr2:55049580-55050107	1	1	0	0	distal	.	.
chr2:55268936-55269447	1	1	0	0	proximal	MTIF2	.
chr2:55282099-55282491	1	1	0	0	proximal	ENSG00000240401	.
chr2:55419373-55420302	1	1	0	0	proximal	CCDC88A	.
chr2:55482551-55482715	2	1	0	0	distal	.	.
chr2:55482859-55483148	1	1	0	0	distal	.	.
chr2:55519021-55519297	2	1	0	0	proximal	CFAP36	.
chr2:55519356-55520303	1	1	0	0	proximal	CFAP36	.
chr2:55836515-55836665	1	1	0	0	distal	.	.
chr2:56050714-56050892	1	1	0	0	distal	.	.
chr2:57759687-57760257	1	1	0	0	distal	.	.
chr2:58046497-58046932	1	1	0	0	proximal	ENSG00000287875	.
chr2:58047030-58047544	1	1	0	0	proximal	ENSG00000287875	.
chr2:58186462-58186715	1	1	0	0	distal	.	.
chr2:60581470-60581987	1	1	0	0	distal	.	.
chr2:60653067-60653384	1	1	0	0	distal	.	.
chr2:60685423-60685623	1	1	0	0	distal	.	.
chr2:60881013-60881917	1	1	0	0	proximal	REL,REL-DT	.
chr2:61017361-61017567	1	1	0	0	proximal	PEX13,PUS10	.
chr2:61144775-61145149	1	1	0	0	proximal	C2orf74,C2orf74-DT	.
chr2:61194503-61194675	1	1	0	0	distal	.	.
chr2:61281872-61282148	1	1	0	0	distal	.	.
chr2:61390842-61391052	1	1	0	0	distal	.	.
chr2:61426398-61426706	1	1	0	0	distal	.	.
chr2:61470738-61471490	2	1	0	0	proximal	USP34,USP34-DT	.
chr2:61505065-61505240	1	1	0	0	distal	.	.
chr2:61538108-61538935	3	2	1	1	proximal	XPO1	.
chr2:61694294-61695204	1	1	0	0	distal	.	.
chr2:61763740-61764745	1	1	0	0	proximal	ENSG00000289410,ENSG00000289855	.
chr2:61846265-61846524	1	1	0	0	distal	.	.
chr2:61847634-61847784	1	1	0	0	distal	.	.
chr2:61866438-61866642	2	2	1	1	distal	.	.
chr2:61924419-61924651	1	1	0	0	distal	.	.
chr2:61961380-61961530	1	1	0	0	distal	.	.
chr2:62096902-62097063	1	1	0	0	distal	.	.
chr2:62196206-62196533	1	1	0	0	proximal	B3GNT2	.
chr2:62264818-62264968	2	2	1	1	distal	.	.
chr2:62305638-62305797	1	1	0	0	distal	.	.
chr2:62894339-62894524	1	1	0	0	distal	.	.
chr2:63050273-63051074	1	1	0	0	proximal	OTX1	.
chr2:63588255-63589051	1	1	0	0	proximal	MDH1	.
chr2:64120587-64120737	1	1	0	0	distal	.	.
chr2:64384499-64384725	1	1	0	0	distal	.	.
chr2:64453894-64454228	1	1	0	0	proximal	LGALSL,LGALSL-DT	.
chr2:64454312-64454736	1	1	0	0	proximal	LGALSL,LGALSL-DT	.
chr2:64488070-64488275	1	1	0	0	distal	.	.
chr2:64504029-64504192	1	1	0	0	distal	.	.
chr2:64523969-64524662	4	1	0	0	proximal	AFTPH,AFTPH-DT	.
chr2:64533257-64533443	1	1	0	0	distal	.	.
chr2:64645132-64645357	1	1	0	0	proximal	ENSG00000226756	.
chr2:64653531-64654403	1	1	0	0	distal	.	.
chr2:64672555-64672710	1	1	0	0	distal	.	.
chr2:64768188-64768419	1	1	0	0	proximal	ENSG00000288986	.
chr2:64806549-64806849	1	1	0	0	distal	.	.
chr2:64865181-64865491	1	1	0	0	distal	.	.
chr2:64988805-64989566	1	1	0	0	proximal	SLC1A4	.
chr2:65006399-65006694	1	1	0	0	distal	.	.
chr2:65027930-65028080	1	1	0	0	distal	.	.
chr2:65056072-65056655	1	1	0	0	proximal	CEP68,LINC02245	.
chr2:65141339-65141489	1	1	0	0	distal	.	.
chr2:65238808-65239012	1	1	0	0	distal	.	.
chr2:65265172-65265420	1	1	0	0	distal	.	.
chr2:65432483-65432822	2	1	0	0	proximal	SPRED2	.
chr2:65435763-65436083	2	1	0	0	proximal	LINC02934	.
chr2:65639670-65639820	1	1	0	0	proximal	LINC03050	.
chr2:65662667-65662817	1	1	0	0	distal	.	.
chr2:65760208-65760419	1	1	0	0	distal	.	.
chr2:66085425-66085752	1	1	0	0	distal	.	.
chr2:66301113-66301272	1	1	0	0	distal	.	.
chr2:66962695-66962845	1	1	0	0	distal	.	.
chr2:67650857-67651007	1	1	0	0	distal	.	.
chr2:67897254-67897404	1	1	0	0	distal	.	.
chr2:68028263-68028473	1	1	0	0	distal	.	.
chr2:68157229-68158187	1	1	0	0	proximal	DNAAF10,PNO1	.
chr2:68319367-68320280	1	1	0	0	proximal	CNRIP1	.
chr2:68445050-68445229	1	1	0	0	distal	.	.
chr2:68467214-68467647	1	1	0	0	proximal	APLF,FBXO48	.
chr2:68483040-68483296	1	1	0	0	distal	.	.
chr2:68725726-68726106	1	1	0	0	distal	.	.
chr2:68751841-68752059	1	1	0	0	distal	.	.
chr2:6917264-6917526	1	1	0	0	proximal	RNF144A	.
chr2:69178108-69178710	1	1	0	0	distal	.	.
chr2:69436927-69437950	2	1	0	0	proximal	NFU1	.
chr2:69643168-69643355	1	1	0	0	distal	.	.
chr2:69643638-69644114	3	2	1	1	proximal	ANXA4	.
chr2:69714744-69714929	2	2	1	1	proximal	ENSG00000231024	.
chr2:69724698-69725184	1	1	0	0	distal	.	.
chr2:69893813-69894233	2	1	0	0	proximal	SNRNP27	.
chr2:69902485-69902635	1	1	0	0	distal	.	.
chr2:70087349-70087713	1	1	0	0	proximal	PCBP1	.
chr2:70094827-70094978	1	1	0	0	distal	.	.
chr2:70108116-70108368	2	1	0	0	distal	.	.
chr2:70123196-70123346	1	1	0	0	distal	.	.
chr2:70124048-70124403	2	1	0	0	distal	.	.
chr2:70142112-70142990	1	1	0	0	distal	.	.
chr2:70161798-70162004	1	1	0	0	distal	.	.
chr2:70190662-70191272	2	2	1	1	distal	.	.
chr2:70248522-70248825	3	1	0	0	proximal	C2orf42,TIA1	.
chr2:70257493-70257830	3	1	0	0	proximal	PCYOX1	.
chr2:70258285-70258620	2	1	0	0	distal	.	.
chr2:70293265-70294300	2	1	0	0	proximal	SNRPG	.
chr2:70375189-70375339	1	1	0	0	distal	.	.
chr2:7044425-7044575	1	1	0	0	distal	.	.
chr2:70553691-70554489	1	1	0	0	proximal	TGFA	.
chr2:70617577-70617943	1	1	0	0	distal	.	.
chr2:70630274-70630424	1	1	0	0	proximal	ENSG00000286979	.
chr2:70768061-70768555	1	1	0	0	proximal	ADD2	.
chr2:70798185-70798425	3	1	0	0	distal	.	.
chr2:70808757-70808993	1	1	0	0	distal	.	.
chr2:70861907-70862187	1	1	0	0	distal	.	.
chr2:70871388-70871853	1	1	0	0	distal	.	.
chr2:70899843-70900040	1	1	0	0	proximal	VAX2	.
chr2:70922562-70922712	1	1	0	0	distal	.	.
chr2:70948537-70948723	1	1	0	0	proximal	ATP6V1B1-AS1	.
chr2:70976837-70977384	1	1	0	0	distal	.	.
chr2:71001038-71001343	3	2	1	1	distal	.	.
chr2:71021787-71022003	2	2	1	1	distal	.	.
chr2:71068163-71068728	3	2	1	1	proximal	ENSG00000272735	.
chr2:71129721-71130049	1	1	0	0	proximal	MCEE,MPHOSPH10	.
chr2:71130127-71130410	1	1	0	0	proximal	MCEE,MPHOSPH10	.
chr2:71130541-71130853	1	1	0	0	proximal	MCEE,MPHOSPH10	.
chr2:71157550-71157764	1	1	0	0	distal	.	.
chr2:71331579-71332307	2	1	0	0	distal	.	.
chr2:71372043-71372318	1	1	0	0	distal	.	.
chr2:71498124-71498320	1	1	0	0	distal	.	.
chr2:71510273-71510491	1	1	0	0	distal	.	.
chr2:72144993-72145316	1	1	0	0	proximal	ENSG00000289615	.
chr2:72149957-72150121	1	1	0	0	distal	.	.
chr2:72651592-72651742	1	1	0	0	distal	.	.
chr2:72825363-72826217	1	1	0	0	proximal	EXOC6B	.
chr2:72886940-72887454	1	1	0	0	proximal	SPR	.
chr2:72923675-72923825	1	1	0	0	distal	.	.
chr2:73009455-73009662	1	1	0	0	distal	.	.
chr2:73094524-73094696	3	1	0	0	distal	.	.
chr2:73111602-73112032	1	1	0	0	distal	.	.
chr2:73177379-73177698	1	1	0	0	distal	.	.
chr2:73214122-73214728	1	1	0	0	proximal	SMYD5	.
chr2:73737199-73737689	2	1	0	0	proximal	TPRKB	.
chr2:73779782-73780355	1	1	0	0	proximal	DUSP11	.
chr2:73828806-73829395	1	1	0	0	proximal	STAMBP	.
chr2:73926751-73927223	2	1	0	0	proximal	DGUOK	.
chr2:73976897-73977093	1	1	0	0	distal	.	.
chr2:74002515-74003022	1	1	0	0	distal	.	.
chr2:74032120-74032271	2	1	0	0	distal	.	.
chr2:74120129-74120740	1	1	0	0	distal	.	.
chr2:74133430-74133612	1	1	0	0	distal	.	.
chr2:74148570-74148793	2	1	0	0	proximal	BOLA3,BOLA3-DT	.
chr2:74190578-74190728	1	1	0	0	distal	.	.
chr2:74198333-74198902	2	1	0	0	proximal	ENSG00000279070	.
chr2:74199032-74199508	1	1	0	0	proximal	ENSG00000279070	.
chr2:74343214-74343378	2	1	0	0	proximal	SLC4A5	.
chr2:74391542-74392223	1	1	0	0	proximal	DCTN1	.
chr2:74421556-74421966	3	1	0	0	proximal	C2orf81,ENSG00000159239,WDR54	.
chr2:74440453-74440979	1	1	0	0	distal	.	.
chr2:74482951-74483607	1	1	0	0	proximal	CCDC142,TTC31	.
chr2:74507283-74508085	1	1	0	0	proximal	PCGF1	.
chr2:74741262-74741442	1	1	0	0	distal	.	.
chr2:74806440-74806682	1	1	0	0	distal	.	.
chr2:74834887-74835408	2	1	0	0	distal	.	.
chr2:74958418-74958742	1	1	0	0	proximal	POLE4	.
chr2:75053570-75053789	1	1	0	0	distal	.	.
chr2:75200201-75200576	3	1	0	0	proximal	TACR1	.
chr2:75710634-75711039	1	1	0	0	proximal	ENSG00000286045,GCFC2	.
chr2:84925686-84926253	1	1	0	0	proximal	ENSG00000287625	.
chr2:84970598-84971329	2	1	0	0	proximal	ENSG00000290085,KCMF1	.
chr2:85057029-85057237	1	1	0	0	distal	.	.
chr2:85132895-85133332	3	1	0	0	proximal	TCF7L1	.
chr2:85242435-85242635	1	1	0	0	distal	.	.
chr2:85285571-85285929	1	1	0	0	distal	.	.
chr2:85354445-85354979	1	1	0	0	proximal	ELMOD3,RETSAT	.
chr2:85615962-85616251	1	1	0	0	distal	.	.
chr2:85666199-85666404	1	1	0	0	distal	.	.
chr2:85802767-85802917	1	1	0	0	distal	.	.
chr2:85814327-85814487	1	1	0	0	proximal	ENSG00000229498	.
chr2:8583819-8584073	1	1	0	0	distal	.	.
chr2:85889293-85889640	1	1	0	0	proximal	ST3GAL5-AS1	.
chr2:86194883-86195698	2	1	0	0	proximal	ENSG00000273080,IMMT	.
chr2:86251295-86251445	1	1	0	0	distal	.	.
chr2:86272954-86273118	1	1	0	0	distal	.	.
chr2:86337074-86337224	1	1	0	0	proximal	REEP1	.
chr2:86337326-86337476	1	1	0	0	proximal	REEP1	.
chr2:86440721-86440947	1	1	0	0	proximal	KDM3A	.
chr2:86441058-86441668	1	1	0	0	proximal	KDM3A	.
chr2:86563355-86563652	1	1	0	0	proximal	CHMP3	.
chr2:8681697-8682130	1	1	0	0	proximal	ID2-AS1	.
chr2:87070986-87071136	1	1	0	0	distal	.	.
chr2:87105888-87106400	1	1	0	0	distal	.	.
chr2:87353896-87354046	1	1	0	0	distal	.	.
chr2:87503050-87503213	1	1	0	0	distal	.	.
chr2:87825189-87825348	1	1	0	0	proximal	RGPD2	.
chr2:88026417-88026663	3	2	1	1	distal	.	.
chr2:88330195-88330479	3	2	1	1	distal	.	.
chr2:88549497-88549671	2	2	1	1	distal	.	.
chr2:88627221-88628249	1	1	0	0	proximal	EIF2AK3-DT	.
chr2:9123444-9123594	2	1	0	0	distal	.	.
chr2:9142782-9143130	3	2	1	1	proximal	ENSG00000240980	.
chr2:9206468-9206805	2	1	0	0	proximal	ASAP2	.
chr2:9207192-9207509	1	1	0	0	proximal	ASAP2	.
chr2:9406068-9406218	1	1	0	0	distal	.	.
chr2:9422961-9423994	1	1	0	0	proximal	CPSF3,ITGB1BP1	.
chr2:94602330-94602496	1	1	0	0	distal	.	.
chr2:95053635-95053785	1	1	0	0	proximal	ENSG00000231062	.
chr2:95121612-95121835	2	1	0	0	proximal	MRPS5	.
chr2:9555449-9556295	1	1	0	0	proximal	ADAM17,ENSG00000271855	.
chr2:95574745-95574895	1	1	0	0	distal	.	.
chr2:95682602-95682911	2	1	0	0	distal	.	.
chr2:9582071-9582252	1	1	0	0	distal	.	.
chr2:95991720-95991947	1	1	0	0	proximal	ANKRD36C	.
chr2:96010246-96010616	2	1	0	0	proximal	ENSG00000291176	.
chr2:96090212-96090383	2	1	0	0	distal	.	.
chr2:96153524-96153674	2	2	1	1	distal	.	.
chr2:96164676-96164956	3	2	1	1	distal	.	.
chr2:96174611-96174761	2	1	0	0	distal	.	.
chr2:96208196-96208346	1	1	0	0	proximal	STARD7,STARD7-AS1	.
chr2:96208532-96209137	1	1	0	0	proximal	STARD7,STARD7-AS1	.
chr2:96223454-96223604	2	1	0	0	distal	.	.
chr2:96265133-96265388	1	1	0	0	proximal	CIAO1,TMEM127	.
chr2:9630271-9631420	1	1	0	0	proximal	YWHAQ	.
chr2:96325225-96325432	1	1	0	0	proximal	ITPRIPL1	.
chr2:96325764-96325983	1	1	0	0	proximal	ITPRIPL1	.
chr2:96335648-96336170	1	1	0	0	proximal	NCAPH	.
chr2:9643963-9644113	2	2	1	1	distal	.	.
chr2:96532003-96532509	3	2	1	1	proximal	ENSG00000235480	.
chr2:96537198-96537513	1	1	0	0	proximal	ARID5A	.
chr2:96568342-96568492	1	1	0	0	distal	.	.
chr2:96637965-96638540	1	1	0	0	distal	.	.
chr2:96714859-96715011	1	1	0	0	distal	.	.
chr2:96739761-96740309	1	1	0	0	proximal	LMAN2L	.
chr2:96760567-96761155	1	1	0	0	proximal	CNNM4	.
chr2:96788446-96788902	2	1	0	0	distal	.	.
chr2:96801071-96801436	1	1	0	0	distal	.	.
chr2:96841690-96841865	1	1	0	0	distal	.	.
chr2:96843982-96844236	1	1	0	0	distal	.	.
chr2:96857540-96857752	1	1	0	0	proximal	ANKRD23,ANKRD39	.
chr2:96857903-96858379	1	1	0	0	proximal	ANKRD23,ANKRD39	.
chr2:96858471-96858977	1	1	0	0	proximal	ANKRD23,ANKRD39	.
chr2:96868544-96868858	1	1	0	0	distal	.	.
chr2:96869939-96870103	1	1	0	0	proximal	SEMA4C	.
chr2:96881389-96881581	1	1	0	0	distal	.	.
chr2:96938876-96939072	1	1	0	0	distal	.	.
chr2:97168863-97169056	1	1	0	0	distal	.	.
chr2:9724552-9724739	1	1	0	0	distal	.	.
chr2:97438992-97439214	1	1	0	0	distal	.	.
chr2:97645769-97646370	1	1	0	0	proximal	COX5B	.
chr2:97995499-97995649	1	1	0	0	proximal	TMEM131	.
chr2:97995776-97996532	1	1	0	0	proximal	TMEM131	.
chr2:9799788-9799938	1	1	0	0	distal	.	.
chr2:9813910-9814132	3	1	0	0	distal	.	.
chr2:9843094-9844043	1	1	0	0	proximal	TAF1B	.
chr2:98444656-98444951	1	1	0	0	proximal	INPP4A	.
chr2:98649511-98649662	1	1	0	0	distal	.	.
chr2:98730819-98731329	2	1	0	0	proximal	MGAT4A	.
chr2:98805494-98805644	1	1	0	0	distal	.	.
chr2:99074800-99074950	1	1	0	0	distal	.	.
chr2:99154643-99155352	1	1	0	0	proximal	ENSG00000273155,LIPT1,TSGA10	.
chr2:99180965-99181608	1	1	0	0	proximal	MITD1,MRPL30	.
chr2:99335829-99336193	2	1	0	0	distal	.	.
chr2:99337177-99337692	1	1	0	0	proximal	EIF5B	.
chr2:9951406-9951748	2	2	1	1	proximal	ENSG00000287305,GRHL1	.
chr2:9983916-9984392	1	1	0	0	distal	.	.
chr3:100068923-100069073	1	1	0	0	distal	.	.
chr3:10008906-10009281	1	1	0	0	distal	.	.
chr3:10011048-10011385	3	2	1	1	proximal	EMC3,ENSG00000206567	.
chr3:10025940-10026174	1	1	0	0	proximal	ENSG00000291078,FANCD2	.
chr3:100260494-100261036	1	1	0	0	proximal	ENSG00000287378,TBC1D23	.
chr3:10026236-10026723	3	2	1	1	proximal	ENSG00000291078,FANCD2	.
chr3:100469105-100469336	1	1	0	0	distal	.	.
chr3:10049287-10049437	1	1	0	0	distal	.	.
chr3:100709127-100710070	1	1	0	0	proximal	TFG	.
chr3:101147184-101147334	1	1	0	0	distal	.	.
chr3:10115800-10115969	1	1	0	0	proximal	BRK1	.
chr3:10116216-10116366	1	1	0	0	proximal	BRK1	.
chr3:101512543-101512853	2	2	1	1	proximal	SENP7	.
chr3:101512916-101513130	2	2	1	1	proximal	SENP7	.
chr3:101561601-101561959	2	1	0	0	proximal	TRMT10C	.
chr3:101586677-101586827	1	1	0	0	distal	.	.
chr3:101636308-101636483	1	1	0	0	distal	.	.
chr3:101676162-101676672	2	1	0	0	proximal	ZBTB11,ZBTB11-AS1	.
chr3:10180661-10180870	2	1	0	0	distal	.	.
chr3:101827863-101828075	2	2	1	1	proximal	NFKBIZ	.
chr3:102465459-102465609	1	1	0	0	distal	.	.
chr3:10248218-10248821	1	1	0	0	proximal	ENSG00000272410,ENSG00000289763,TATDN2	.
chr3:10304576-10304726	1	1	0	0	distal	.	.
chr3:10320627-10320834	1	1	0	0	proximal	SEC13	.
chr3:10320929-10321357	2	2	1	1	proximal	SEC13	.
chr3:10574145-10574295	1	1	0	0	distal	.	.
chr3:107522602-107523300	2	1	0	0	proximal	BBX	.
chr3:107523412-107523794	1	1	0	0	proximal	BBX	.
chr3:107643339-107643490	1	1	0	0	distal	.	.
chr3:107697707-107698190	1	1	0	0	distal	.	.
chr3:107712071-107712251	1	1	0	0	distal	.	.
chr3:10772148-10772298	1	1	0	0	distal	.	.
chr3:10772684-10772852	1	1	0	0	distal	.	.
chr3:107846381-107846538	1	1	0	0	distal	.	.
chr3:107855640-107855863	1	1	0	0	distal	.	.
chr3:107939203-107939427	1	1	0	0	distal	.	.
chr3:107957109-107957264	1	1	0	0	distal	.	.
chr3:108060972-108061122	1	1	0	0	distal	.	.
chr3:108090872-108091267	1	1	0	0	proximal	CD47	.
chr3:108222269-108222815	1	1	0	0	proximal	IFT57	.
chr3:108477601-108477845	1	1	0	0	distal	.	.
chr3:10992062-10992494	1	1	0	0	proximal	SLC6A1	.
chr3:11076692-11076932	1	1	0	0	distal	.	.
chr3:111844397-111844605	1	1	0	0	distal	.	.
chr3:111978833-111979452	1	1	0	0	proximal	ABHD10	.
chr3:112617446-112617596	2	1	0	0	distal	.	.
chr3:112676889-112677249	1	1	0	0	distal	.	.
chr3:11272212-11272498	1	1	0	0	proximal	ATG7	.
chr3:112752033-112752344	2	1	0	0	distal	.	.
chr3:112990753-112991367	1	1	0	0	proximal	ENSG00000272844,GTPBP8	.
chr3:113019365-113019897	1	1	0	0	proximal	NEPRO,NEPRO-AS1	.
chr3:113043760-113043928	1	1	0	0	distal	.	.
chr3:113211854-113212243	1	1	0	0	distal	.	.
chr3:113212323-113212473	1	1	0	0	distal	.	.
chr3:113254308-113254458	1	1	0	0	distal	.	.
chr3:113471903-113472419	1	1	0	0	distal	.	.
chr3:113532679-113532927	1	1	0	0	proximal	SIDT1	.
chr3:113697310-113697498	1	1	0	0	proximal	USF3	.
chr3:113736671-113736841	1	1	0	0	distal	.	.
chr3:113746913-113747381	1	1	0	0	proximal	ATP6V1A,ENSG00000242659,NAA50	.
chr3:113936271-113936485	1	1	0	0	distal	.	.
chr3:114057109-114057263	1	1	0	0	proximal	CCDC191	.
chr3:114126753-114126903	1	1	0	0	distal	.	.
chr3:114383893-114384188	1	1	0	0	distal	.	.
chr3:114436976-114437313	1	1	0	0	distal	.	.
chr3:114519656-114519806	1	1	0	0	distal	.	.
chr3:11498785-11498961	2	1	0	0	distal	.	.
chr3:11719141-11719552	1	1	0	0	distal	.	.
chr3:11719636-11720413	1	1	0	0	distal	.	.
chr3:117666418-117666584	1	1	0	0	distal	.	.
chr3:11784013-11784163	1	1	0	0	distal	.	.
chr3:117996477-117996728	1	1	0	0	proximal	ENSG00000239268	.
chr3:119223583-119223871	1	1	0	0	distal	.	.
chr3:119240768-119241114	1	1	0	0	proximal	B4GALT4	.
chr3:119617647-119617841	2	1	0	0	distal	.	.
chr3:119676994-119677607	2	1	0	0	proximal	COX17	.
chr3:120094070-120095328	1	1	0	0	proximal	GSK3B,GSK3B-DT	.
chr3:120095390-120095823	1	1	0	0	proximal	GSK3B,GSK3B-DT	.
chr3:120160577-120160746	1	1	0	0	distal	.	.
chr3:120268589-120268843	1	1	0	0	distal	.	.
chr3:120348661-120349755	1	1	0	0	proximal	LRRC58	.
chr3:120378305-120378618	1	1	0	0	distal	.	.
chr3:120391774-120391924	1	1	0	0	distal	.	.
chr3:120417301-120417778	4	1	0	0	distal	.	.
chr3:120596137-120596743	1	1	0	0	proximal	NDUFB4	.
chr3:120742246-120742873	2	1	0	0	proximal	GTF2E1,RABL3	.
chr3:120907797-120908914	2	1	0	0	proximal	ENSG00000286827,STXBP5L	.
chr3:121513857-121514056	1	1	0	0	distal	.	.
chr3:121545928-121546235	1	1	0	0	proximal	POLQ	.
chr3:121749412-121750123	2	1	0	0	proximal	ENSG00000288868,GOLGB1	.
chr3:121834817-121835492	2	1	0	0	proximal	EAF2,IQCB1	.
chr3:122382900-122383497	2	1	0	0	proximal	FAM162A,MIX23	.
chr3:122416421-122416571	1	1	0	0	proximal	WDR5B,WDR5B-DT	.
chr3:122435786-122436025	1	1	0	0	distal	.	.
chr3:12250573-12250815	1	1	0	0	distal	.	.
chr3:122793783-122794335	1	1	0	0	proximal	HSPBAP1	.
chr3:12288422-12289080	2	1	0	0	distal	.	.
chr3:12296459-12296831	2	1	0	0	distal	.	.
chr3:123055447-123055625	2	1	0	0	distal	.	.
chr3:123066761-123067142	1	1	0	0	proximal	PDIA5	.
chr3:123642416-123642618	1	1	0	0	distal	.	.
chr3:123960883-123961591	1	1	0	0	proximal	CCDC14	.
chr3:123976854-123977004	1	1	0	0	distal	.	.
chr3:124076700-124077036	1	1	0	0	distal	.	.
chr3:124323675-124323825	1	1	0	0	distal	.	.
chr3:124584555-124585020	1	1	0	0	distal	.	.
chr3:12484049-12484570	2	1	0	0	proximal	TSEN2	.
chr3:124887152-124887717	1	1	0	0	distal	.	.
chr3:124901419-124901607	1	1	0	0	proximal	ITGB5	.
chr3:125056100-125056304	1	1	0	0	proximal	HEG1	.
chr3:125115914-125116102	1	1	0	0	distal	.	.
chr3:125519834-125520665	1	1	0	0	proximal	SNX4	.
chr3:125585361-125585511	1	1	0	0	distal	.	.
chr3:125595012-125596179	1	1	0	0	proximal	OSBPL11	.
chr3:125936314-125936464	1	1	0	0	distal	.	.
chr3:126083481-126083858	1	1	0	0	proximal	SLC41A3-AS1	.
chr3:126083929-126084335	1	1	0	0	proximal	SLC41A3-AS1	.
chr3:126343108-126343259	1	1	0	0	distal	.	.
chr3:126389355-126389588	1	1	0	0	distal	.	.
chr3:126389931-126390081	1	1	0	0	distal	.	.
chr3:126607181-126607331	1	1	0	0	distal	.	.
chr3:12663613-12663911	1	1	0	0	proximal	ENSG00000290072,RAF1	.
chr3:126643018-126643168	1	1	0	0	distal	.	.
chr3:126984011-126984222	1	1	0	0	distal	.	.
chr3:12729211-12729387	1	1	0	0	distal	.	.
chr3:127450458-127450608	1	1	0	0	distal	.	.
chr3:127494941-127495091	1	1	0	0	distal	.	.
chr3:127590663-127591347	2	1	0	0	distal	.	.
chr3:127597995-127598724	1	1	0	0	proximal	MCM2,TPRA1	.
chr3:127629055-127629224	1	1	0	0	proximal	ENSG00000285600,PODXL2	.
chr3:128051360-128052459	1	1	0	0	proximal	MGLL,SEC61A1	.
chr3:128123562-128124174	2	1	0	0	distal	.	.
chr3:128234325-128234475	1	1	0	0	distal	.	.
chr3:12830907-12831201	1	1	0	0	distal	.	.
chr3:128395022-128395333	1	1	0	0	distal	.	.
chr3:12841405-12841645	2	1	0	0	proximal	RPL32	.
chr3:128426459-128426857	2	1	0	0	distal	.	.
chr3:128601209-128601363	1	1	0	0	distal	.	.
chr3:128650555-128651318	2	1	0	0	distal	.	.
chr3:128680517-128681373	1	1	0	0	proximal	RPN1	.
chr3:128879290-128880016	1	1	0	0	proximal	ACAD9,ACAD9-DT	.
chr3:129027036-129027498	2	1	0	0	distal	.	.
chr3:129183622-129184217	1	1	0	0	proximal	CNBP,ENSG00000289469	.
chr3:129218577-129218741	1	1	0	0	distal	.	.
chr3:129245817-129246053	1	1	0	0	distal	.	.
chr3:129249394-129249839	1	1	0	0	proximal	COPG1	.
chr3:129278439-129279275	2	1	0	0	proximal	ENSG00000286729,HMCES	.
chr3:12938717-12938867	1	1	0	0	distal	.	.
chr3:129399361-129399832	1	1	0	0	proximal	ENSG00000290993	.
chr3:129439688-129440671	1	1	0	0	proximal	MBD4	.
chr3:129535159-129535327	1	1	0	0	distal	.	.
chr3:129606817-129606991	2	1	0	0	proximal	PLXND1	.
chr3:129893291-129893927	2	1	0	0	proximal	TMCC1,TMCC1-DT	.
chr3:12994770-12995217	2	1	0	0	distal	.	.
chr3:129948112-129948262	1	1	0	0	distal	.	.
chr3:13008668-13008818	2	1	0	0	distal	.	.
chr3:130425388-130425836	2	1	0	0	distal	.	.
chr3:130746579-130747017	1	1	0	0	proximal	PIK3R4	.
chr3:130747564-130747928	1	1	0	0	proximal	PIK3R4	.
chr3:13092261-13092463	2	1	0	0	distal	.	.
chr3:132376698-132376871	1	1	0	0	distal	.	.
chr3:132417072-132417298	2	1	0	0	proximal	DNAJC13	.
chr3:132473710-132473914	1	1	0	0	distal	.	.
chr3:132660154-132660521	1	1	0	0	proximal	ACAD11	.
chr3:132854955-132855141	1	1	0	0	distal	.	.
chr3:133472024-133472174	1	1	0	0	distal	.	.
chr3:133653676-133653850	1	1	0	0	distal	.	.
chr3:133661608-133661906	1	1	0	0	proximal	ENSG00000291042,TOPBP1	.
chr3:133823868-133824018	1	1	0	0	distal	.	.
chr3:133894560-133894710	1	1	0	0	distal	.	.
chr3:134250646-134251020	1	1	0	0	proximal	RYK	.
chr3:134315601-134316034	1	1	0	0	distal	.	.
chr3:134474079-134474373	1	1	0	0	distal	.	.
chr3:134665263-134665469	1	1	0	0	distal	.	.
chr3:13479825-13480398	1	1	0	0	proximal	HDAC11,HDAC11-AS1	.
chr3:13496355-13496505	1	1	0	0	distal	.	.
chr3:135191747-135191897	1	1	0	0	distal	.	.
chr3:136151238-136151566	1	1	0	0	distal	.	.
chr3:136332384-136332572	1	1	0	0	distal	.	.
chr3:13648319-13648533	1	1	0	0	distal	.	.
chr3:13655377-13655590	1	1	0	0	distal	.	.
chr3:136751432-136751653	1	1	0	0	proximal	STAG1	.
chr3:136861443-136862497	1	1	0	0	proximal	NCK1,NCK1-DT	.
chr3:136875959-136876270	1	1	0	0	distal	.	.
chr3:137013953-137014178	1	1	0	0	distal	.	.
chr3:138073215-138073396	1	1	0	0	distal	.	.
chr3:138097554-138097704	1	1	0	0	distal	.	.
chr3:138115375-138115782	1	1	0	0	proximal	DZIP1L	.
chr3:138118995-138119196	1	1	0	0	distal	.	.
chr3:138133356-138133506	1	1	0	0	distal	.	.
chr3:138151211-138151400	1	1	0	0	distal	.	.
chr3:138174193-138174905	2	1	0	0	proximal	DBR1	.
chr3:138187146-138187382	1	1	0	0	proximal	ARMC8	.
chr3:138187999-138188180	1	1	0	0	proximal	ARMC8	.
chr3:138347765-138348672	1	1	0	0	proximal	MRAS	.
chr3:138594112-138594659	1	1	0	0	proximal	CEP70	.
chr3:138608906-138609455	1	1	0	0	proximal	FAIM	.
chr3:138716471-138716834	1	1	0	0	distal	.	.
chr3:138916016-138916282	3	1	0	0	distal	.	.
chr3:13895164-13895696	1	1	0	0	distal	.	.
chr3:139091375-139091543	1	1	0	0	distal	.	.
chr3:139137014-139137164	1	1	0	0	distal	.	.
chr3:139299470-139299683	1	1	0	0	distal	.	.
chr3:140941520-140941978	3	2	1	1	proximal	SLC25A36	.
chr3:140942052-140942452	1	1	0	0	proximal	SLC25A36	.
chr3:141000086-141000261	1	1	0	0	distal	.	.
chr3:141011598-141011799	1	1	0	0	distal	.	.
chr3:141077072-141077481	2	2	1	1	distal	.	.
chr3:141231245-141231859	1	1	0	0	distal	.	.
chr3:141352735-141352953	1	1	0	0	distal	.	.
chr3:141370321-141370514	1	1	0	0	distal	.	.
chr3:141393242-141393406	1	1	0	0	distal	.	.
chr3:141402911-141403202	1	1	0	0	distal	.	.
chr3:141409951-141410248	2	2	1	1	distal	.	.
chr3:141486737-141487081	1	1	0	0	proximal	RASA2	.
chr3:141487237-141487809	1	1	0	0	proximal	RASA2	.
chr3:141500041-141500191	2	1	0	0	distal	.	.
chr3:141589716-141590000	1	1	0	0	distal	.	.
chr3:141659778-141660396	1	1	0	0	distal	.	.
chr3:141737984-141738771	2	1	0	0	proximal	ENSG00000285558,RNF7	.
chr3:141754210-141754387	1	1	0	0	distal	.	.
chr3:142126249-142126475	1	1	0	0	distal	.	.
chr3:142159815-142160082	1	1	0	0	distal	.	.
chr3:142225418-142225746	2	1	0	0	proximal	GK5	.
chr3:142447194-142447648	1	1	0	0	proximal	XRN1	.
chr3:142578350-142579099	1	1	0	0	proximal	ATR	.
chr3:142596220-142596550	1	1	0	0	proximal	PLS1	.
chr3:142888430-142889224	1	1	0	0	proximal	PCOLCE2	.
chr3:142999476-142999658	1	1	0	0	distal	.	.
chr3:143119351-143119959	1	1	0	0	proximal	CHST2	.
chr3:143151598-143151748	1	1	0	0	distal	.	.
chr3:143249562-143249712	1	1	0	0	distal	.	.
chr3:143537201-143537389	1	1	0	0	distal	.	.
chr3:143644389-143644586	1	1	0	0	distal	.	.
chr3:143811431-143811581	1	1	0	0	distal	.	.
chr3:143971271-143971838	1	1	0	0	proximal	DIPK2A	.
chr3:143972375-143972615	2	1	0	0	proximal	DIPK2A	.
chr3:14548173-14548765	1	1	0	0	distal	.	.
chr3:14651420-14651917	1	1	0	0	proximal	CCDC174	.
chr3:146544185-146544896	1	1	0	0	proximal	PLSCR1	.
chr3:147409109-147409273	1	1	0	0	distal	.	.
chr3:14791417-14791654	1	1	0	0	proximal	ENSG00000285969	.
chr3:148991309-148991933	1	1	0	0	proximal	GYG1	.
chr3:149086168-149086809	1	1	0	0	proximal	HLTF,HLTF-AS1	.
chr3:149393461-149393652	1	1	0	0	distal	.	.
chr3:149657682-149658363	1	1	0	0	distal	.	.
chr3:149752160-149752710	2	1	0	0	proximal	COMMD2	.
chr3:149812580-149813350	2	1	0	0	proximal	RNF13	.
chr3:150131094-150131244	1	1	0	0	distal	.	.
chr3:150171279-150171444	1	1	0	0	distal	.	.
chr3:150184172-150184775	2	1	0	0	distal	.	.
chr3:150216322-150216513	1	1	0	0	distal	.	.
chr3:150221391-150221595	1	1	0	0	distal	.	.
chr3:150255653-150255858	1	1	0	0	distal	.	.
chr3:150384874-150385170	1	1	0	0	distal	.	.
chr3:150408098-150408408	3	1	0	0	proximal	TSC22D2	.
chr3:150408485-150409231	2	1	0	0	proximal	TSC22D2	.
chr3:150573271-150573421	1	1	0	0	distal	.	.
chr3:150603129-150603629	1	1	0	0	proximal	SELENOT,SERP1	.
chr3:150672821-150672971	1	1	0	0	distal	.	.
chr3:150878878-150879028	1	1	0	0	distal	.	.
chr3:15098566-15099342	1	1	0	0	proximal	ENSG00000289750,RBSN	.
chr3:15108137-15108333	1	1	0	0	distal	.	.
chr3:151101328-151101746	1	1	0	0	distal	.	.
chr3:151852090-151852522	1	1	0	0	distal	.	.
chr3:15186417-15187031	1	1	0	0	distal	.	.
chr3:15205896-15206778	1	1	0	0	proximal	CAPN7,COL6A4P1	.
chr3:152174919-152175190	1	1	0	0	distal	.	.
chr3:152357432-152357737	1	1	0	0	distal	.	.
chr3:152834783-152835227	1	1	0	0	proximal	P2RY1	.
chr3:15341454-15341604	1	1	0	0	proximal	SH3BP5	.
chr3:15378266-15378495	2	1	0	0	distal	.	.
chr3:155079476-155080455	1	1	0	0	distal	.	.
chr3:15544767-15544917	1	1	0	0	distal	.	.
chr3:155853932-155854849	1	1	0	0	proximal	ENSG00000284952,ENSG00000286585,SLC33A1	.
chr3:155957701-155957908	1	1	0	0	distal	.	.
chr3:156450955-156451105	1	1	0	0	distal	.	.
chr3:156674062-156674921	1	1	0	0	proximal	TIPARP-AS1	.
chr3:157035862-157036012	1	1	0	0	distal	.	.
chr3:157088556-157089466	1	1	0	0	proximal	ENSG00000289409,LINC00881	.
chr3:157137843-157137993	1	1	0	0	distal	.	.
chr3:157159482-157160280	1	1	0	0	proximal	CCNL1	.
chr3:157174342-157175214	1	1	0	0	proximal	ENSG00000243176	.
chr3:158109961-158110562	1	1	0	0	distal	.	.
chr3:15846310-15846482	1	1	0	0	distal	.	.
chr3:15859267-15860523	1	1	0	0	proximal	ANKRD28,ENSG00000287042	.
chr3:158801933-158802469	1	1	0	0	proximal	ENSG00000272247	.
chr3:15904231-15904404	1	1	0	0	distal	.	.
chr3:15917436-15917627	1	1	0	0	distal	.	.
chr3:160225410-160225564	1	1	0	0	proximal	C3orf80,IL12A-AS1	.
chr3:160539952-160540154	1	1	0	0	distal	.	.
chr3:160667675-160667825	1	1	0	0	distal	.	.
chr3:160755073-160755644	2	1	0	0	proximal	PPM1L,PPM1L-DT	.
chr3:160776988-160777215	1	1	0	0	distal	.	.
chr3:161042221-161042371	1	1	0	0	distal	.	.
chr3:161220845-161221682	1	1	0	0	distal	.	.
chr3:161325795-161325963	1	1	0	0	distal	.	.
chr3:161854269-161854424	1	1	0	0	distal	.	.
chr3:16264453-16265469	1	1	0	0	proximal	DPH3,OXNAD1	.
chr3:16336323-16336473	2	1	0	0	distal	.	.
chr3:16469975-16470125	1	1	0	0	distal	.	.
chr3:16512667-16512817	1	1	0	0	distal	.	.
chr3:16601402-16601552	2	1	0	0	distal	.	.
chr3:168697264-168697414	1	1	0	0	distal	.	.
chr3:16884126-16884356	1	1	0	0	distal	.	.
chr3:169003590-169003949	1	1	0	0	proximal	LINC01997	.
chr3:169146487-169146680	2	1	0	0	distal	.	.
chr3:169423520-169423670	1	1	0	0	distal	.	.
chr3:169669096-169669420	1	1	0	0	distal	.	.
chr3:169764596-169764893	1	1	0	0	proximal	TERC	.
chr3:169801234-169801411	1	1	0	0	distal	.	.
chr3:169987208-169987367	1	1	0	0	distal	.	.
chr3:170037787-170038490	1	1	0	0	proximal	GPR160	.
chr3:170285940-170286095	1	1	0	0	distal	.	.
chr3:170356713-170357899	1	1	0	0	proximal	SKIL	.
chr3:170685672-170685929	1	1	0	0	distal	.	.
chr3:170809587-170809788	1	1	0	0	distal	.	.
chr3:170869708-170869999	1	1	0	0	proximal	RPL22L1	.
chr3:170870119-170870509	1	1	0	0	proximal	RPL22L1	.
chr3:170925722-170925872	2	1	0	0	distal	.	.
chr3:171330117-171330267	1	1	0	0	distal	.	.
chr3:171460370-171460947	1	1	0	0	proximal	TNIK	.
chr3:17176517-17176695	1	1	0	0	distal	.	.
chr3:172039392-172040567	1	1	0	0	proximal	FNDC3B	.
chr3:172711301-172711568	1	1	0	0	proximal	ENSG00000287012,NCEH1	.
chr3:172750453-172751394	2	1	0	0	proximal	ECT2	.
chr3:17470594-17470762	1	1	0	0	distal	.	.
chr3:17645204-17645523	1	1	0	0	distal	.	.
chr3:17680274-17680439	1	1	0	0	distal	.	.
chr3:177151390-177151557	1	1	0	0	distal	.	.
chr3:177358569-177359232	1	1	0	0	distal	.	.
chr3:179292905-179293093	1	1	0	0	distal	.	.
chr3:179322749-179323547	1	1	0	0	proximal	ZNF639	.
chr3:179562582-179563306	1	1	0	0	proximal	ACTL6A	.
chr3:179563398-179563806	1	1	0	0	proximal	ACTL6A	.
chr3:179587422-179587572	1	1	0	0	distal	.	.
chr3:179622735-179622925	1	1	0	0	distal	.	.
chr3:182814884-182815261	1	1	0	0	distal	.	.
chr3:183031452-183031602	2	1	0	0	distal	.	.
chr3:183564479-183564844	1	1	0	0	distal	.	.
chr3:183578277-183578427	1	1	0	0	distal	.	.
chr3:183635450-183635713	1	1	0	0	proximal	KLHL24	.
chr3:183636002-183636190	1	1	0	0	proximal	KLHL24	.
chr3:183697588-183698138	1	1	0	0	proximal	YEATS2	.
chr3:183884618-183885322	2	1	0	0	proximal	ENSG00000283765,PARL	.
chr3:183892821-183892976	1	1	0	0	distal	.	.
chr3:184055351-184055501	1	1	0	0	distal	.	.
chr3:184135070-184135447	1	1	0	0	proximal	EIF2B5,EIF2B5-DT	.
chr3:184174611-184174949	1	1	0	0	proximal	AP2M1	.
chr3:184229432-184229906	1	1	0	0	proximal	VWA5B2	.
chr3:184249474-184249813	2	1	0	0	proximal	ALG3,EEF1AKMT4,EEF1AKMT4-ECE2	.
chr3:184261931-184262178	1	1	0	0	proximal	CAMK2N2	.
chr3:184289496-184289771	1	1	0	0	distal	.	.
chr3:184298901-184299362	2	1	0	0	proximal	PSMD2	.
chr3:184335785-184336308	3	1	0	0	proximal	FAM131A	.
chr3:184380163-184380423	1	1	0	0	proximal	CHRD	.
chr3:18444895-18445360	1	1	0	0	proximal	SATB1,SATB1-AS1,TBC1D5	.
chr3:184587595-184587745	1	1	0	0	distal	.	.
chr3:184620141-184620291	1	1	0	0	distal	.	.
chr3:184711669-184712188	1	1	0	0	proximal	ENSG00000272970,MAGEF1	.
chr3:184740836-184741043	1	1	0	0	proximal	ENSG00000273403	.
chr3:184812739-184812915	1	1	0	0	proximal	VPS8	.
chr3:185354187-185354482	1	1	0	0	distal	.	.
chr3:185585937-185586352	4	1	0	0	distal	.	.
chr3:185586461-185586718	1	1	0	0	distal	.	.
chr3:185660819-185660969	1	1	0	0	distal	.	.
chr3:185775900-185776059	1	1	0	0	distal	.	.
chr3:185824918-185825381	3	1	0	0	proximal	IGF2BP2	.
chr3:185879867-185880017	1	1	0	0	distal	.	.
chr3:185891453-185891603	1	1	0	0	distal	.	.
chr3:185937475-185938264	1	1	0	0	proximal	TRA2B	.
chr3:186108990-186109539	1	1	0	0	distal	.	.
chr3:186299985-186300135	1	1	0	0	distal	.	.
chr3:186438349-186438499	1	1	0	0	proximal	LINC02020	.
chr3:186532859-186533009	1	1	0	0	distal	.	.
chr3:186717910-186718263	1	1	0	0	proximal	KNG1	.
chr3:186783152-186784209	1	1	0	0	proximal	EIF4A2,ENSG00000263826	.
chr3:186888738-186888912	1	1	0	0	distal	.	.
chr3:186908733-186909149	1	1	0	0	distal	.	.
chr3:190183286-190183498	1	1	0	0	distal	.	.
chr3:190607004-190607154	1	1	0	0	distal	.	.
chr3:193592913-193593353	1	1	0	0	proximal	ATP13A4,OPA1	.
chr3:194003126-194003960	2	1	0	0	proximal	LINC02026	.
chr3:194135905-194136055	1	1	0	0	proximal	ENSG00000289385,HES1	.
chr3:194305025-194305175	1	1	0	0	distal	.	.
chr3:194314933-194315083	1	1	0	0	distal	.	.
chr3:194315418-194315830	4	1	0	0	distal	.	.
chr3:194324020-194324170	1	1	0	0	distal	.	.
chr3:194572367-194572538	1	1	0	0	distal	.	.
chr3:194633402-194633788	1	1	0	0	proximal	TMEM44,TMEM44-AS2	.
chr3:194672057-194672261	3	1	0	0	proximal	LSG1	.
chr3:194769063-194769473	2	1	0	0	proximal	LINC01972	.
chr3:194962776-194962926	1	1	0	0	distal	.	.
chr3:195078643-195078901	1	1	0	0	distal	.	.
chr3:195337211-195337361	1	1	0	0	distal	.	.
chr3:195351436-195351601	1	1	0	0	distal	.	.
chr3:195403288-195403457	1	1	0	0	distal	.	.
chr3:195542831-195543676	1	1	0	0	proximal	ENSG00000223711,PPP1R2	.
chr3:195850979-195851136	1	1	0	0	distal	.	.
chr3:195863551-195863757	1	1	0	0	distal	.	.
chr3:195960869-195961606	1	1	0	0	distal	.	.
chr3:195989986-195990547	1	1	0	0	proximal	SDHAP1	.
chr3:196128334-196128484	1	1	0	0	distal	.	.
chr3:196281315-196281465	1	1	0	0	distal	.	.
chr3:196318196-196318497	1	1	0	0	proximal	DYNLT2B,ENSG00000272741,TM4SF19-AS1	.
chr3:196503722-196503958	1	1	0	0	proximal	RNF168	.
chr3:196711951-196712144	1	1	0	0	proximal	CEP19	.
chr3:196942151-196942717	1	1	0	0	proximal	NCBP2,NCBP2AS2	.
chr3:197347556-197347706	1	1	0	0	distal	.	.
chr3:197627754-197628106	1	1	0	0	proximal	SDHAP4	.
chr3:197664930-197665282	1	1	0	0	proximal	ENSG00000236833,ENSG00000287286	.
chr3:197949734-197950026	1	1	0	0	proximal	RPL35A	.
chr3:198045951-198046239	2	1	0	0	distal	.	.
chr3:23916590-23917199	1	1	0	0	proximal	RPL15	.
chr3:23981290-23981456	1	1	0	0	distal	.	.
chr3:24095380-24095530	1	1	0	0	distal	.	.
chr3:24388050-24388207	1	1	0	0	distal	.	.
chr3:24421528-24421678	1	1	0	0	distal	.	.
chr3:24521358-24522211	1	1	0	0	proximal	ENSG00000272554	.
chr3:25515290-25515440	1	1	0	0	distal	.	.
chr3:25664026-25664401	1	1	0	0	proximal	TOP2B	.
chr3:25664550-25665246	2	1	0	0	proximal	TOP2B	.
chr3:27357787-27357970	1	1	0	0	distal	.	.
chr3:27369062-27369614	1	1	0	0	proximal	ENSG00000287348,NEK10	.
chr3:27401447-27401613	1	1	0	0	distal	.	.
chr3:27483679-27484136	2	1	0	0	proximal	SLC4A7	.
chr3:27728489-27728837	2	1	0	0	distal	.	.
chr3:27960227-27960377	1	1	0	0	distal	.	.
chr3:28348506-28349508	1	1	0	0	proximal	AZI2,ENSG00000283563,ZCWPW2	.
chr3:28575854-28576342	1	1	0	0	distal	.	.
chr3:32045608-32045888	1	1	0	0	distal	.	.
chr3:32231836-32231992	1	1	0	0	distal	.	.
chr3:32239648-32239985	1	1	0	0	distal	.	.
chr3:32296790-32296965	1	1	0	0	distal	.	.
chr3:32392079-32392326	1	1	0	0	proximal	CMTM7	.
chr3:32467896-32468082	1	1	0	0	distal	.	.
chr3:32502241-32502958	2	1	0	0	proximal	CMTM6	.
chr3:32547035-32547242	1	1	0	0	distal	.	.
chr3:32597011-32597161	2	1	0	0	distal	.	.
chr3:32684800-32685658	1	1	0	0	proximal	CNOT10	.
chr3:32780888-32781135	1	1	0	0	distal	.	.
chr3:32816354-32816564	1	1	0	0	distal	.	.
chr3:32902718-32903246	1	1	0	0	distal	.	.
chr3:32953603-32953753	1	1	0	0	distal	.	.
chr3:33026992-33027200	1	1	0	0	distal	.	.
chr3:33096730-33096885	1	1	0	0	proximal	GLB1,TMPPE	.
chr3:33097000-33097620	2	1	0	0	proximal	GLB1,TMPPE	.
chr3:33113810-33114062	3	1	0	0	proximal	CRTAP	.
chr3:33114957-33115275	3	1	0	0	distal	.	.
chr3:33131708-33131921	2	1	0	0	distal	.	.
chr3:33142696-33143025	2	1	0	0	distal	.	.
chr3:33277270-33277652	1	1	0	0	proximal	ENSG00000289460,FBXL2	.
chr3:33571598-33571766	1	1	0	0	distal	.	.
chr3:33586006-33586244	1	1	0	0	distal	.	.
chr3:33645181-33645567	1	1	0	0	distal	.	.
chr3:33652646-33652946	1	1	0	0	distal	.	.
chr3:33677426-33677599	1	1	0	0	distal	.	.
chr3:33690937-33691152	2	1	0	0	distal	.	.
chr3:33798171-33799188	1	1	0	0	proximal	PDCD6IP,PDCD6IP-DT	.
chr3:33841010-33841175	1	1	0	0	distal	.	.
chr3:37514706-37514856	1	1	0	0	distal	.	.
chr3:38024394-38025348	1	1	0	0	distal	.	.
chr3:38060131-38060303	1	1	0	0	distal	.	.
chr3:38110474-38110646	1	1	0	0	distal	.	.
chr3:38136784-38136958	1	1	0	0	proximal	ACAA1	.
chr3:38226469-38226620	1	1	0	0	distal	.	.
chr3:38479748-38480122	1	1	0	0	distal	.	.
chr3:38526627-38526916	1	1	0	0	distal	.	.
chr3:38686586-38686736	1	1	0	0	distal	.	.
chr3:38717562-38717736	1	1	0	0	distal	.	.
chr3:39106819-39107345	1	1	0	0	proximal	TTC21A	.
chr3:39180754-39181117	1	1	0	0	distal	.	.
chr3:39483351-39483501	1	1	0	0	distal	.	.
chr3:39808992-39809697	1	1	0	0	proximal	MYRIP	.
chr3:40275843-40276021	1	1	0	0	distal	.	.
chr3:40328009-40328182	2	2	1	1	distal	.	.
chr3:40386590-40386740	3	2	1	1	proximal	ENTPD3	.
chr3:40453128-40453505	2	2	1	1	proximal	ENTPD3-AS1	.
chr3:40511295-40511479	1	1	0	0	distal	.	.
chr3:40524557-40525063	1	1	0	0	proximal	ZNF621	.
chr3:41199052-41199526	1	1	0	0	distal	.	.
chr3:41630426-41630576	1	1	0	0	distal	.	.
chr3:42025685-42025835	1	1	0	0	distal	.	.
chr3:42033098-42033248	1	1	0	0	distal	.	.
chr3:42042936-42043582	1	1	0	0	distal	.	.
chr3:42072303-42072559	1	1	0	0	distal	.	.
chr3:42245436-42245671	1	1	0	0	distal	.	.
chr3:42547560-42547710	1	1	0	0	distal	.	.
chr3:42581865-42582416	1	1	0	0	proximal	ENSG00000289558,SS18L2	.
chr3:42718719-42718925	1	1	0	0	proximal	ENSG00000287417	.
chr3:42744379-42744574	1	1	0	0	distal	.	.
chr3:42803826-42804705	2	1	0	0	proximal	ACKR2,ENSG00000280571,HIGD1A	.
chr3:4303182-4303666	1	1	0	0	proximal	SETMAR	.
chr3:43105076-43105653	1	1	0	0	proximal	POMGNT2	.
chr3:43106003-43106213	1	1	0	0	proximal	POMGNT2	.
chr3:43240010-43240254	1	1	0	0	distal	.	.
chr3:43286167-43286326	2	1	0	0	proximal	SNRK	.
chr3:43566289-43566439	1	1	0	0	distal	.	.
chr3:43621579-43622498	1	1	0	0	distal	.	.
chr3:43622631-43622852	1	1	0	0	distal	.	.
chr3:43690531-43691040	1	1	0	0	proximal	ABHD5,ANO10	.
chr3:43769420-43769861	2	1	0	0	distal	.	.
chr3:43894271-43894421	1	1	0	0	distal	.	.
chr3:44198740-44198921	1	1	0	0	distal	.	.
chr3:4433772-4433922	1	1	0	0	distal	.	.
chr3:44338004-44338953	1	1	0	0	proximal	ENSG00000271937,TCAIM	.
chr3:44412892-44413042	1	1	0	0	distal	.	.
chr3:4493105-4493642	1	1	0	0	proximal	ITPR1,ITPR1-DT	.
chr3:45037484-45037671	1	1	0	0	distal	.	.
chr3:45037760-45037995	1	1	0	0	distal	.	.
chr3:45156422-45156609	3	2	1	1	distal	.	.
chr3:45167523-45167706	2	2	1	1	distal	.	.
chr3:45210601-45210803	1	1	0	0	distal	.	.
chr3:45388898-45389082	1	1	0	0	proximal	LARS2	.
chr3:4546217-4546389	1	1	0	0	distal	.	.
chr3:45688762-45689558	1	1	0	0	proximal	LIMD1-AS1,SACM1L	.
chr3:4571420-4571570	1	1	0	0	distal	.	.
chr3:45881968-45882118	1	1	0	0	distal	.	.
chr3:45891463-45891613	2	2	1	1	distal	.	.
chr3:45896627-45896777	1	1	0	0	distal	.	.
chr3:45995752-45996005	1	1	0	0	proximal	ENSG00000288717,FYCO1	.
chr3:46335649-46336070	1	1	0	0	distal	.	.
chr3:46390032-46390259	1	1	0	0	distal	.	.
chr3:46743385-46743686	1	1	0	0	distal	.	.
chr3:46812527-46812731	1	1	0	0	proximal	ENSG00000206549,ENSG00000284672	.
chr3:46845388-46845786	1	1	0	0	distal	.	.
chr3:46915462-46915672	1	1	0	0	distal	.	.
chr3:46979475-46979771	1	1	0	0	proximal	NBEAL2	.
chr3:47009338-47009586	1	1	0	0	distal	.	.
chr3:47050688-47050863	1	1	0	0	distal	.	.
chr3:47145910-47146170	1	1	0	0	distal	.	.
chr3:47163637-47164603	2	1	0	0	proximal	KIF9-AS1,SETD2	.
chr3:47461660-47461820	1	1	0	0	distal	.	.
chr3:47522177-47522397	2	1	0	0	distal	.	.
chr3:47550756-47550929	1	1	0	0	distal	.	.
chr3:47578769-47578966	2	1	0	0	distal	.	.
chr3:47645149-47645299	1	1	0	0	distal	.	.
chr3:47673304-47673493	1	1	0	0	distal	.	.
chr3:47703846-47704000	1	1	0	0	distal	.	.
chr3:47743925-47744075	1	1	0	0	distal	.	.
chr3:47781745-47782518	1	1	0	0	proximal	SMARCC1	.
chr3:47788574-47789405	2	1	0	0	distal	.	.
chr3:47802860-47803681	1	1	0	0	proximal	DHX30	.
chr3:47824694-47825258	1	1	0	0	distal	.	.
chr3:47989986-47990220	1	1	0	0	distal	.	.
chr3:48038868-48039086	1	1	0	0	distal	.	.
chr3:48100527-48100892	2	1	0	0	distal	.	.
chr3:48187948-48188114	1	1	0	0	proximal	CDC25A	.
chr3:48188345-48189022	2	1	0	0	proximal	CDC25A	.
chr3:48240954-48241467	1	1	0	0	proximal	ZNF589	.
chr3:48259010-48259218	2	1	0	0	distal	.	.
chr3:48301088-48301728	1	1	0	0	proximal	ENSG00000289043,NME6	.
chr3:48355068-48355232	1	1	0	0	distal	.	.
chr3:48439893-48440395	2	1	0	0	proximal	CCDC51,TMA7	.
chr3:48446646-48446858	1	1	0	0	proximal	ATRIP,ENSG00000244380	.
chr3:48472599-48473391	2	1	0	0	distal	.	.
chr3:48507694-48507906	1	1	0	0	distal	.	.
chr3:48535773-48535930	2	1	0	0	distal	.	.
chr3:48556572-48557244	1	1	0	0	distal	.	.
chr3:48598409-48598607	1	1	0	0	distal	.	.
chr3:48609508-48610191	1	1	0	0	distal	.	.
chr3:48656251-48656601	2	1	0	0	distal	.	.
chr3:4868088-4868820	1	1	0	0	distal	.	.
chr3:48739952-48740149	2	1	0	0	proximal	IP6K2	.
chr3:48846987-48847453	1	1	0	0	proximal	PRKAR2A,PRKAR2A-AS1	.
chr3:48898315-48899051	1	1	0	0	proximal	SLC25A20	.
chr3:48919807-48920086	2	1	0	0	distal	.	.
chr3:49007068-49007641	2	1	0	0	proximal	WDR6	.
chr3:49007724-49008124	3	2	1	1	proximal	WDR6	.
chr3:49021868-49022230	3	1	0	0	proximal	DALRD3	.
chr3:49104484-49104947	4	1	0	0	proximal	QARS1	.
chr3:49120846-49121257	2	1	0	0	proximal	USP19	.
chr3:49133041-49133838	2	1	0	0	proximal	LAMB2	.
chr3:49171112-49171317	1	1	0	0	proximal	KLHDC8B	.
chr3:49171414-49171655	2	1	0	0	proximal	KLHDC8B	.
chr3:49178704-49178951	1	1	0	0	distal	.	.
chr3:49358876-49359110	2	2	1	1	proximal	GPX1	.
chr3:49411723-49412658	1	1	0	0	proximal	ENSG00000290318,RHOA,TCTA	.
chr3:49553786-49554660	1	1	0	0	proximal	BSN,BSN-DT	.
chr3:49593000-49593260	2	1	0	0	distal	.	.
chr3:49673619-49674688	1	1	0	0	proximal	APEH	.
chr3:49689370-49689653	2	1	0	0	proximal	MST1,RNF123	.
chr3:49689764-49690124	2	2	1	1	proximal	MST1,RNF123	.
chr3:49703549-49703704	3	1	0	0	distal	.	.
chr3:49723854-49724268	3	1	0	0	proximal	GMPPB	.
chr3:49758019-49758277	2	1	0	0	distal	.	.
chr3:49840024-49840174	1	1	0	0	distal	.	.
chr3:49856462-49856853	3	1	0	0	proximal	TRAIP	.
chr3:49906343-49906493	1	1	0	0	distal	.	.
chr3:49929346-49930158	2	1	0	0	proximal	MON1A	.
chr3:49939745-49940530	2	1	0	0	proximal	RBM6	.
chr3:50088730-50088993	1	1	0	0	proximal	RBM5	.
chr3:50089094-50089808	3	1	0	0	proximal	RBM5	.
chr3:50150878-50151299	3	1	0	0	distal	.	.
chr3:50154896-50155055	1	1	0	0	proximal	SEMA3F	.
chr3:50194375-50194525	1	1	0	0	distal	.	.
chr3:50226154-50226341	2	1	0	0	proximal	GNAI2	.
chr3:50227459-50227860	3	1	0	0	distal	.	.
chr3:50245899-50246495	2	1	0	0	distal	.	.
chr3:50260043-50260342	1	1	0	0	proximal	ENSG00000230454	.
chr3:50264679-50264976	5	1	0	0	distal	.	.
chr3:50273010-50273246	1	1	0	0	distal	.	.
chr3:50274373-50274533	1	1	0	0	distal	.	.
chr3:50279844-50280039	2	2	1	1	proximal	LSMEM2	.
chr3:50291734-50291928	3	2	1	1	distal	.	.
chr3:50292272-50292821	4	2	1	1	proximal	IFRD2	.
chr3:50321134-50321623	3	2	1	1	distal	.	.
chr3:50321685-50322140	2	1	0	0	proximal	HYAL2	.
chr3:50328011-50328460	1	1	0	0	proximal	TUSC2	.
chr3:50350693-50350929	1	1	0	0	proximal	CYB561D2,ENSG00000272104,NPRL2	.
chr3:50350989-50351198	1	1	0	0	proximal	CYB561D2,ENSG00000272104,NPRL2	.
chr3:50359418-50360004	3	1	0	0	proximal	TMEM115	.
chr3:50381329-50381495	1	1	0	0	distal	.	.
chr3:50436146-50436328	2	1	0	0	distal	.	.
chr3:50463452-50463602	1	1	0	0	distal	.	.
chr3:50491672-50491943	1	1	0	0	distal	.	.
chr3:50539455-50539643	2	1	0	0	distal	.	.
chr3:50569036-50569640	1	1	0	0	proximal	HEMK1	.
chr3:50616874-50617193	1	1	0	0	distal	.	.
chr3:50638205-50638373	1	1	0	0	distal	.	.
chr3:50674834-50675631	2	2	1	1	proximal	DOCK3	.
chr3:50712824-50713095	1	1	0	0	distal	.	.
chr3:50788552-50788866	2	2	1	1	distal	.	.
chr3:50812752-50812949	1	1	0	0	distal	.	.
chr3:50818547-50818697	1	1	0	0	distal	.	.
chr3:50861016-50861281	1	1	0	0	distal	.	.
chr3:50979350-50979588	3	1	0	0	distal	.	.
chr3:50994072-50994222	1	1	0	0	distal	.	.
chr3:51191153-51191303	2	1	0	0	distal	.	.
chr3:51538522-51538794	2	1	0	0	proximal	RAD54L2	.
chr3:51551160-51551310	2	1	0	0	distal	.	.
chr3:51578567-51578756	1	1	0	0	distal	.	.
chr3:51669360-51669566	1	1	0	0	distal	.	.
chr3:51671039-51671392	1	1	0	0	proximal	ENSG00000288063	.
chr3:5167356-5167506	1	1	0	0	distal	.	.
chr3:51706852-51707248	3	1	0	0	proximal	GRM2	.
chr3:51719186-51719387	1	1	0	0	distal	.	.
chr3:51791701-51791991	1	1	0	0	distal	.	.
chr3:5187355-5188068	1	1	0	0	proximal	EDEM1,ENSG00000233912,ENSG00000268509	.
chr3:51884763-51884913	1	1	0	0	distal	.	.
chr3:51941807-51942412	3	1	0	0	proximal	PARP3,RRP9	.
chr3:51967103-51967699	3	1	0	0	distal	.	.
chr3:51973887-51974729	1	1	0	0	proximal	ABHD14A-ACY1,ENSG00000272762,PCBP4	.
chr3:51995841-51996108	1	1	0	0	proximal	RPL29	.
chr3:52001580-52001798	1	1	0	0	distal	.	.
chr3:52014783-52014933	1	1	0	0	distal	.	.
chr3:52021811-52021972	1	1	0	0	distal	.	.
chr3:52144403-52144564	1	1	0	0	distal	.	.
chr3:52154670-52155047	1	1	0	0	proximal	POC1A	.
chr3:52197804-52198638	4	1	0	0	proximal	ALAS1	.
chr3:52248019-52248194	1	1	0	0	distal	.	.
chr3:52409665-52410861	1	1	0	0	proximal	BAP1,PHF7	.
chr3:52428635-52428785	1	1	0	0	distal	.	.
chr3:52455229-52455655	1	1	0	0	proximal	NISCH	.
chr3:52536996-52537227	1	1	0	0	distal	.	.
chr3:52685489-52686280	1	1	0	0	proximal	PBRM1	.
chr3:52705403-52706597	1	1	0	0	proximal	GLT8D1	.
chr3:52794124-52794330	2	2	1	1	proximal	ITIH3	.
chr3:52820899-52821088	1	1	0	0	distal	.	.
chr3:52897395-52897691	1	1	0	0	proximal	STIMATE,STIMATE-MUSTN1	.
chr3:53045941-53046246	1	1	0	0	proximal	SFMBT1	.
chr3:53113995-53114250	1	1	0	0	distal	.	.
chr3:53161062-53161264	4	2	1	1	distal	.	.
chr3:53163218-53163368	2	1	0	0	distal	.	.
chr3:53196047-53196221	4	2	1	1	proximal	ENSG00000286531	.
chr3:53197141-53197377	3	1	0	0	proximal	ENSG00000286531	.
chr3:53202618-53202768	2	1	0	0	distal	.	.
chr3:53230073-53230231	1	1	0	0	distal	.	.
chr3:53255422-53256185	1	1	0	0	proximal	TKT	.
chr3:53270030-53270474	2	2	1	1	distal	.	.
chr3:53347079-53347794	1	1	0	0	proximal	DCP1A	.
chr3:53382576-53382726	2	2	1	1	distal	.	.
chr3:53478338-53478577	1	1	0	0	distal	.	.
chr3:53846145-53846532	1	1	0	0	proximal	CHDH,IL17RB	.
chr3:53881728-53882456	1	1	0	0	proximal	ACTR8	.
chr3:53891216-53892178	1	1	0	0	proximal	ENSG00000289063,SELENOK	.
chr3:53937488-53937662	1	1	0	0	distal	.	.
chr3:53940358-53940508	2	2	1	1	distal	.	.
chr3:54121675-54122000	1	1	0	0	proximal	CACNA2D3	.
chr3:54951489-54951639	1	1	0	0	distal	.	.
chr3:55485181-55485659	1	1	0	0	distal	.	.
chr3:55573865-55574122	1	1	0	0	distal	.	.
chr3:55632025-55632259	1	1	0	0	distal	.	.
chr3:55675332-55675482	1	1	0	0	distal	.	.
chr3:55718501-55718651	1	1	0	0	distal	.	.
chr3:56053953-56054252	1	1	0	0	distal	.	.
chr3:56388156-56388370	1	1	0	0	distal	.	.
chr3:56434149-56434359	1	1	0	0	distal	.	.
chr3:56467143-56467492	1	1	0	0	distal	.	.
chr3:56467906-56468750	1	1	0	0	proximal	ERC2	.
chr3:56494717-56494977	1	1	0	0	distal	.	.
chr3:56557013-56557465	1	1	0	0	proximal	CCDC66	.
chr3:56557529-56557824	1	1	0	0	proximal	CCDC66	.
chr3:56569418-56569576	1	1	0	0	distal	.	.
chr3:56629763-56629913	1	1	0	0	distal	.	.
chr3:56682320-56682585	1	1	0	0	proximal	TASOR	.
chr3:57014730-57014884	1	1	0	0	distal	.	.
chr3:57165351-57165542	1	1	0	0	distal	.	.
chr3:57170149-57170396	1	1	0	0	proximal	IL17RD	.
chr3:57179493-57179764	1	1	0	0	distal	.	.
chr3:57227325-57228257	1	1	0	0	proximal	APPL1,HESX1	.
chr3:57579163-57579363	1	1	0	0	distal	.	.
chr3:57692572-57693259	1	1	0	0	proximal	DENND6A,DENND6A-DT	.
chr3:57755744-57755930	1	1	0	0	proximal	SLMAP	.
chr3:57805730-57805989	1	1	0	0	distal	.	.
chr3:57962089-57962473	1	1	0	0	distal	.	.
chr3:57974903-57975363	1	1	0	0	distal	.	.
chr3:58007982-58008132	1	1	0	0	proximal	FLNB	.
chr3:58008196-58008537	1	1	0	0	proximal	FLNB	.
chr3:58167456-58167606	1	1	0	0	distal	.	.
chr3:58237373-58237591	1	1	0	0	proximal	ABHD6	.
chr3:58332537-58332918	3	1	0	0	proximal	PXK	.
chr3:58370794-58370944	2	1	0	0	distal	.	.
chr3:58414723-58414928	1	1	0	0	distal	.	.
chr3:59212249-59212405	1	1	0	0	distal	.	.
chr3:59313498-59313802	2	1	0	0	distal	.	.
chr3:59751322-59751607	1	1	0	0	distal	.	.
chr3:61249917-61250397	1	1	0	0	distal	.	.
chr3:61900708-61900893	1	1	0	0	distal	.	.
chr3:63863232-63863670	2	1	0	0	proximal	ATXN7,THOC7	.
chr3:63993678-63994186	1	1	0	0	distal	.	.
chr3:64023317-64023664	1	1	0	0	proximal	PSMD6	.
chr3:64073681-64073833	1	1	0	0	distal	.	.
chr3:64149092-64149249	1	1	0	0	distal	.	.
chr3:64390492-64390642	1	1	0	0	distal	.	.
chr3:64642693-64643068	1	1	0	0	distal	.	.
chr3:66039202-66039515	1	1	0	0	proximal	MAGI1	.
chr3:66246930-66247080	1	1	0	0	distal	.	.
chr3:66396343-66396493	1	1	0	0	distal	.	.
chr3:66997621-66998652	1	1	0	0	proximal	ENSG00000287873,KBTBD8	.
chr3:68972449-68972684	1	1	0	0	distal	.	.
chr3:69051608-69052918	1	1	0	0	proximal	TMF1	.
chr3:69057917-69058067	1	1	0	0	distal	.	.
chr3:69084790-69085054	2	1	0	0	proximal	ARL6IP5	.
chr3:69386205-69386400	3	1	0	0	distal	.	.
chr3:69701080-69701296	2	1	0	0	distal	.	.
chr3:69739168-69739726	1	1	0	0	proximal	MITF	.
chr3:69774787-69774950	1	1	0	0	distal	.	.
chr3:70550783-70551047	1	1	0	0	distal	.	.
chr3:71190126-71190295	2	1	0	0	distal	.	.
chr3:71583092-71583416	1	1	0	0	proximal	FOXP1	.
chr3:71888319-71888469	1	1	0	0	distal	.	.
chr3:72000217-72000422	1	1	0	0	distal	.	.
chr3:72781194-72781385	2	1	0	0	distal	.	.
chr3:72847712-72848039	1	1	0	0	distal	.	.
chr3:72887804-72888216	1	1	0	0	proximal	GXYLT2	.
chr3:73188898-73189097	3	2	1	1	distal	.	.
chr3:73298966-73299137	2	2	1	1	distal	.	.
chr3:73299801-73299994	3	2	1	1	distal	.	.
chr3:73419393-73419543	1	1	0	0	distal	.	.
chr3:73490741-73490921	1	1	0	0	distal	.	.
chr3:73491048-73491468	3	1	0	0	distal	.	.
chr3:73613202-73613352	1	1	0	0	distal	.	.
chr3:73624066-73624384	1	1	0	0	proximal	PDZRN3	.
chr3:73881720-73881886	1	1	0	0	distal	.	.
chr3:86147228-86147393	1	1	0	0	distal	.	.
chr3:86364087-86364275	1	1	0	0	distal	.	.
chr3:86543034-86543184	1	1	0	0	distal	.	.
chr3:86990642-86991655	1	1	0	0	proximal	VGLL3	.
chr3:8769322-8769588	1	1	0	0	proximal	OXTR	.
chr3:8887522-8887922	1	1	0	0	distal	.	.
chr3:8963147-8963612	1	1	0	0	proximal	RAD18	.
chr3:9024330-9024549	1	1	0	0	distal	.	.
chr3:9134697-9134869	1	1	0	0	distal	.	.
chr3:9249570-9249754	1	1	0	0	proximal	SRGAP3-AS4	.
chr3:9302260-9302420	1	1	0	0	distal	.	.
chr3:9314989-9315152	3	1	0	0	distal	.	.
chr3:9319447-9319688	1	1	0	0	distal	.	.
chr3:9334670-9334820	1	1	0	0	distal	.	.
chr3:93470289-93470863	1	1	0	0	distal	.	.
chr3:9362759-9363582	1	1	0	0	proximal	ENSG00000254485,SRGAP3,THUMPD3	.
chr3:93841540-93842027	2	1	0	0	distal	.	.
chr3:93949988-93950314	1	1	0	0	distal	.	.
chr3:9410321-9410482	1	1	0	0	distal	.	.
chr3:96813169-96813482	1	1	0	0	distal	.	.
chr3:96813658-96814121	1	1	0	0	proximal	ENSG00000286447,EPHA6	.
chr3:9769441-9770138	1	1	0	0	proximal	CAMK1	.
chr3:97821385-97821619	1	1	0	0	proximal	CRYBG3,ENSG00000282527	.
chr3:9792429-9793204	2	1	0	0	proximal	ARPC4,ARPC4-TTLL3,TADA3	.
chr3:98039285-98039834	1	1	0	0	distal	.	.
chr3:9808751-9808960	2	1	0	0	proximal	TTLL3	.
chr3:9843545-9844211	1	1	0	0	proximal	RPUSD3	.
chr3:9863828-9863978	1	1	0	0	distal	.	.
chr3:9890457-9890688	1	1	0	0	proximal	JAGN1	.
chr3:9890752-9891104	3	1	0	0	proximal	JAGN1	.
chr3:9902990-9903186	1	1	0	0	proximal	IL17RE	.
chr3:9932815-9933137	1	1	0	0	proximal	CRELD1	.
chr3:9934355-9934533	2	1	0	0	proximal	CRELD1	.
chr3:9946015-9946355	2	1	0	0	distal	.	.
chr3:9946434-9946790	1	1	0	0	proximal	PRRT3-AS1	.
chr3:9986415-9987184	1	1	0	0	proximal	ENSG00000291224	.
chr4:1011321-1011682	2	1	0	0	distal	.	.
chr4:10116775-10117131	1	1	0	0	proximal	ENSG00000289865,WDR1	.
chr4:102345418-102345701	1	1	0	0	distal	.	.
chr4:102405780-102405930	1	1	0	0	distal	.	.
chr4:102406075-102406303	1	1	0	0	distal	.	.
chr4:102552292-102552458	1	1	0	0	distal	.	.
chr4:102554765-102554935	1	1	0	0	distal	.	.
chr4:103388302-103388452	1	1	0	0	distal	.	.
chr4:105068880-105069156	1	1	0	0	distal	.	.
chr4:105386959-105387269	1	1	0	0	distal	.	.
chr4:107612085-107612235	1	1	0	0	distal	.	.
chr4:107654674-107654898	1	1	0	0	distal	.	.
chr4:107719920-107720684	1	1	0	0	proximal	PAPSS1	.
chr4:107773582-107773732	1	1	0	0	distal	.	.
chr4:108018673-108018834	1	1	0	0	distal	.	.
chr4:108061017-108061167	2	1	0	0	distal	.	.
chr4:108094097-108094268	1	1	0	0	distal	.	.
chr4:108135591-108135905	1	1	0	0	distal	.	.
chr4:108141218-108141417	1	1	0	0	distal	.	.
chr4:108168629-108169114	2	1	0	0	proximal	LEF1	.
chr4:108360052-108360269	1	1	0	0	distal	.	.
chr4:108462921-108463270	2	1	0	0	distal	.	.
chr4:108512057-108512340	1	1	0	0	distal	.	.
chr4:108553363-108553630	1	1	0	0	distal	.	.
chr4:108620325-108620632	1	1	0	0	proximal	RPL34,RPL34-DT	.
chr4:108650195-108650912	2	1	0	0	proximal	OSTC	.
chr4:108762500-108762671	1	1	0	0	proximal	ETNPPL	.
chr4:109129123-109129299	2	1	0	0	distal	.	.
chr4:109238567-109238933	1	1	0	0	distal	.	.
chr4:109445478-109445628	1	1	0	0	distal	.	.
chr4:109559638-109560302	1	1	0	0	proximal	MCUB	.
chr4:109560475-109560905	1	1	0	0	proximal	MCUB	.
chr4:109729581-109730252	1	1	0	0	proximal	PLA2G12A	.
chr4:109815136-109815607	1	1	0	0	proximal	GAR1,GAR1-DT	.
chr4:110193828-110194123	1	1	0	0	distal	.	.
chr4:110245609-110245802	1	1	0	0	distal	.	.
chr4:110411177-110412022	1	1	0	0	distal	.	.
chr4:110622917-110623424	1	1	0	0	distal	.	.
chr4:110636760-110637281	1	1	0	0	distal	.	.
chr4:112096683-112097021	1	1	0	0	distal	.	.
chr4:112245318-112245468	1	1	0	0	distal	.	.
chr4:112285530-112286159	1	1	0	0	proximal	ALPK1,TIFA	.
chr4:112309263-112309507	1	1	0	0	distal	.	.
chr4:112454652-112454844	1	1	0	0	distal	.	.
chr4:112514900-112515090	2	1	0	0	proximal	NEUROG2-AS1	.
chr4:112515645-112516274	2	1	0	0	proximal	NEUROG2,NEUROG2-AS1	.
chr4:112556399-112556549	1	1	0	0	distal	.	.
chr4:112636860-112637290	1	1	0	0	proximal	LARP7,ZGRF1	.
chr4:112637348-112637727	1	1	0	0	proximal	LARP7,ZGRF1	.
chr4:112662394-112662674	1	1	0	0	distal	.	.
chr4:112705595-112705804	2	1	0	0	distal	.	.
chr4:112738279-112738431	1	1	0	0	distal	.	.
chr4:112817732-112818151	1	1	0	0	proximal	ANK2	.
chr4:112910152-112910302	1	1	0	0	distal	.	.
chr4:113394842-113395120	1	1	0	0	distal	.	.
chr4:113465116-113465288	1	1	0	0	distal	.	.
chr4:1167236-1167870	1	1	0	0	proximal	ENSG00000273179	.
chr4:118352700-118353429	1	1	0	0	proximal	PRSS12	.
chr4:118835619-118835966	1	1	0	0	distal	.	.
chr4:118836089-118836474	1	1	0	0	distal	.	.
chr4:118836535-118836787	1	1	0	0	distal	.	.
chr4:119010479-119010659	1	1	0	0	distal	.	.
chr4:119067768-119068084	1	1	0	0	distal	.	.
chr4:119628583-119628794	1	1	0	0	proximal	PDE5A	.
chr4:120066701-120067295	1	1	0	0	proximal	MAD2L1,MAD2L1-DT	.
chr4:120647854-120648578	2	1	0	0	distal	.	.
chr4:120921744-120922280	1	1	0	0	proximal	PRDM5	.
chr4:121307823-121308002	2	1	0	0	distal	.	.
chr4:121316163-121316313	1	1	0	0	distal	.	.
chr4:121380865-121381200	2	1	0	0	proximal	QRFPR	.
chr4:121696516-121697250	1	1	0	0	proximal	ANXA5	.
chr4:121726615-121726929	1	1	0	0	distal	.	.
chr4:121764858-121765203	1	1	0	0	proximal	PP12613,SMIM43	.
chr4:121800973-121801506	1	1	0	0	proximal	EXOSC9	.
chr4:121823090-121824158	2	1	0	0	proximal	CCNA2	.
chr4:122826676-122826866	1	1	0	0	proximal	FGF2	.
chr4:122922473-122922768	1	1	0	0	proximal	NUDT6,SPATA5	.
chr4:1248308-1248938	2	1	0	0	proximal	CTBP1-DT	.
chr4:1249046-1249284	2	1	0	0	proximal	CTBP1-DT	.
chr4:127781726-127782626	1	1	0	0	proximal	HSPA4L	.
chr4:127782977-127783502	2	1	0	0	distal	.	.
chr4:127997602-127997759	1	1	0	0	distal	.	.
chr4:128265414-128265861	1	1	0	0	distal	.	.
chr4:128387123-128387300	1	1	0	0	distal	.	.
chr4:1289440-1290183	2	1	0	0	proximal	MAEA	.
chr4:129110547-129110732	1	1	0	0	distal	.	.
chr4:129836720-129836980	1	1	0	0	distal	.	.
chr4:1324509-1324749	1	1	0	0	distal	.	.
chr4:1346714-1347565	2	1	0	0	distal	.	.
chr4:137545594-137545900	1	1	0	0	proximal	LINC02172	.
chr4:137936958-137937108	1	1	0	0	distal	.	.
chr4:138908930-138909107	1	1	0	0	distal	.	.
chr4:139015432-139015582	1	1	0	0	proximal	NOCT	.
chr4:139082852-139083278	1	1	0	0	distal	.	.
chr4:139176426-139176693	1	1	0	0	proximal	ELF2,ENSG00000288785	.
chr4:139243342-139244005	1	1	0	0	distal	.	.
chr4:139248870-139249022	1	1	0	0	distal	.	.
chr4:139295650-139295942	1	1	0	0	distal	.	.
chr4:139551026-139551309	1	1	0	0	distal	.	.
chr4:139555216-139555530	2	1	0	0	distal	.	.
chr4:139555978-139556431	3	1	0	0	proximal	ENSG00000272717	.
chr4:139556490-139556893	1	1	0	0	proximal	ENSG00000272717	.
chr4:139651709-139651877	2	1	0	0	distal	.	.
chr4:139656935-139657191	1	1	0	0	distal	.	.
chr4:139734818-139735108	1	1	0	0	distal	.	.
chr4:139808672-139809339	2	1	0	0	distal	.	.
chr4:139875644-139875879	1	1	0	0	distal	.	.
chr4:140092513-140092758	2	1	0	0	distal	.	.
chr4:140252744-140253432	3	1	0	0	distal	.	.
chr4:140290469-140290672	1	1	0	0	distal	.	.
chr4:140296402-140296780	1	1	0	0	distal	.	.
chr4:140373280-140373975	2	1	0	0	proximal	SCOC-AS1	.
chr4:140426819-140427052	1	1	0	0	proximal	CLGN	.
chr4:140427164-140427859	1	1	0	0	proximal	CLGN	.
chr4:1410518-1410741	1	1	0	0	distal	.	.
chr4:1435245-1435586	1	1	0	0	distal	.	.
chr4:145098661-145098950	1	1	0	0	proximal	ABCE1,ANAPC10,ENSG00000285713	.
chr4:145179705-145179902	1	1	0	0	proximal	OTUD4	.
chr4:145732996-145733543	1	1	0	0	distal	.	.
chr4:145774793-145774943	1	1	0	0	distal	.	.
chr4:145782020-145782363	1	1	0	0	distal	.	.
chr4:145936532-145937377	2	1	0	0	distal	.	.
chr4:145953637-145953787	1	1	0	0	distal	.	.
chr4:146402792-146402942	1	1	0	0	distal	.	.
chr4:146491534-146491684	1	1	0	0	distal	.	.
chr4:149915662-149916077	1	1	0	0	distal	.	.
chr4:15003029-15003350	1	1	0	0	proximal	CPEB2	.
chr4:150096761-150096974	1	1	0	0	distal	.	.
chr4:150571841-150572003	1	1	0	0	distal	.	.
chr4:150902446-150902661	1	1	0	0	distal	.	.
chr4:151015534-151015948	2	1	0	0	proximal	LRBA	.
chr4:151117471-151117647	1	1	0	0	distal	.	.
chr4:1513228-1513443	1	1	0	0	distal	.	.
chr4:151362797-151363012	1	1	0	0	distal	.	.
chr4:151408635-151409167	2	1	0	0	proximal	FHIP1A,FHIP1A-DT	.
chr4:151665874-151666024	1	1	0	0	distal	.	.
chr4:151730214-151730403	1	1	0	0	distal	.	.
chr4:152199454-152199636	1	1	0	0	distal	.	.
chr4:152535635-152535951	1	1	0	0	proximal	FBXW7,MIR4453HG	.
chr4:152591470-152591787	2	1	0	0	distal	.	.
chr4:152665944-152666201	1	1	0	0	proximal	ENSG00000248571	.
chr4:152958018-152958181	1	1	0	0	distal	.	.
chr4:153222636-153223353	1	1	0	0	distal	.	.
chr4:153232846-153233015	1	1	0	0	distal	.	.
chr4:153257234-153257384	2	1	0	0	distal	.	.
chr4:153257492-153257642	1	1	0	0	distal	.	.
chr4:153344215-153344372	1	1	0	0	proximal	MND1	.
chr4:153344458-153345482	1	1	0	0	proximal	MND1	.
chr4:153488816-153489002	2	1	0	0	distal	.	.
chr4:153589252-153589456	1	1	0	0	distal	.	.
chr4:155376383-155377232	1	1	0	0	proximal	MAP9	.
chr4:155545091-155545241	1	1	0	0	distal	.	.
chr4:155667399-155667946	1	1	0	0	proximal	GUCY1A1	.
chr4:155668028-155668218	1	1	0	0	distal	.	.
chr4:15681342-15682125	1	1	0	0	proximal	ENSG00000288606,FAM200B,FBXL5	.
chr4:158020330-158020580	1	1	0	0	distal	.	.
chr4:1580208-1580977	1	1	0	0	proximal	ENSG00000244459	.
chr4:1581114-1581358	1	1	0	0	proximal	ENSG00000244459	.
chr4:158723683-158723882	1	1	0	0	proximal	PPID	.
chr4:158810817-158811186	1	1	0	0	distal	.	.
chr4:158970011-158970173	1	1	0	0	distal	.	.
chr4:1618655-1618850	1	1	0	0	distal	.	.
chr4:162653360-162653510	1	1	0	0	distal	.	.
chr4:163194966-163195164	1	1	0	0	distal	.	.
chr4:163332351-163332787	1	1	0	0	distal	.	.
chr4:163494186-163495225	1	1	0	0	proximal	TMA16	.
chr4:165342406-165342717	1	1	0	0	distal	.	.
chr4:165874750-165874948	1	1	0	0	distal	.	.
chr4:1684182-1684845	4	2	1	1	proximal	FAM53A	.
chr4:168715121-168715271	1	1	0	0	distal	.	.
chr4:168832210-168832407	1	1	0	0	proximal	ENSG00000249609	.
chr4:168873838-168873988	1	1	0	0	distal	.	.
chr4:168923887-168924161	1	1	0	0	distal	.	.
chr4:168993354-168993579	1	1	0	0	distal	.	.
chr4:169311806-169312292	1	1	0	0	distal	.	.
chr4:1720880-1721537	1	1	0	0	proximal	TMEM129	.
chr4:172611166-172611435	2	2	1	1	distal	.	.
chr4:1727568-1727722	1	1	0	0	distal	.	.
chr4:172832542-172832692	2	2	1	1	distal	.	.
chr4:172962624-172962887	1	1	0	0	distal	.	.
chr4:173168135-173168338	1	1	0	0	proximal	GALNT7	.
chr4:173214971-173215171	1	1	0	0	distal	.	.
chr4:173281274-173281475	2	2	1	1	distal	.	.
chr4:173334221-173335601	1	1	0	0	proximal	ENSG00000288728,HMGB2	.
chr4:173608360-173608936	1	1	0	0	distal	.	.
chr4:174216434-174216675	1	1	0	0	distal	.	.
chr4:1746237-1746492	1	1	0	0	distal	.	.
chr4:1748750-1748900	2	2	1	1	distal	.	.
chr4:17614510-17614964	2	1	0	0	proximal	MED28,MED28-DT	.
chr4:176277665-176277957	1	1	0	0	proximal	ASB5	.
chr4:176781887-176782037	1	1	0	0	distal	.	.
chr4:17810648-17811436	1	1	0	0	proximal	DCAF16,NCAPG	.
chr4:18020701-18021143	1	1	0	0	proximal	LCORL	.
chr4:183098310-183098649	1	1	0	0	proximal	WWC2,WWC2-AS2	.
chr4:183398302-183398627	2	2	1	1	distal	.	.
chr4:183443975-183444864	1	1	0	0	proximal	CDKN2AIP	.
chr4:183504150-183505027	1	1	0	0	proximal	ING2,ING2-DT	.
chr4:183505904-183506185	2	2	1	1	proximal	ING2	.
chr4:183506287-183506441	1	1	0	0	distal	.	.
chr4:183518830-183518980	1	1	0	0	distal	.	.
chr4:183643122-183643272	1	1	0	0	distal	.	.
chr4:183797075-183797408	1	1	0	0	proximal	STOX2	.
chr4:183987314-183987464	2	2	1	1	proximal	ENSG00000248206	.
chr4:184473556-184473706	1	1	0	0	proximal	IRF2	.
chr4:184538126-184538276	1	1	0	0	proximal	LINC02427	.
chr4:184643230-184643394	1	1	0	0	distal	.	.
chr4:184649297-184650003	1	1	0	0	proximal	CASP3,PRIMPOL	.
chr4:184902246-184902396	1	1	0	0	distal	.	.
chr4:185209341-185209696	1	1	0	0	proximal	CFAP97	.
chr4:185396107-185396732	1	1	0	0	proximal	ANKRD37,LRP2BP	.
chr4:1855857-1856474	1	1	0	0	proximal	LETM1	.
chr4:186554861-186555013	1	1	0	0	proximal	ENSG00000272297,MTNR1A	.
chr4:186555153-186555452	1	1	0	0	proximal	ENSG00000272297,MTNR1A	.
chr4:2008862-2009747	2	1	0	0	distal	.	.
chr4:2041577-2042163	1	1	0	0	proximal	C4orf48,NELFA	.
chr4:2262081-2262636	1	1	0	0	proximal	MXD4	.
chr4:2285653-2285829	1	1	0	0	distal	.	.
chr4:2330321-2330882	1	1	0	0	distal	.	.
chr4:2378573-2378723	1	1	0	0	distal	.	.
chr4:2396193-2396692	2	2	1	1	distal	.	.
chr4:2418497-2419046	1	1	0	0	proximal	CFAP99,ZFYVE28	.
chr4:2501694-2501844	1	1	0	0	distal	.	.
chr4:25233829-25234097	1	1	0	0	distal	.	.
chr4:25439977-25440282	1	1	0	0	distal	.	.
chr4:25913806-25914315	1	1	0	0	distal	.	.
chr4:26198794-26198944	1	1	0	0	distal	.	.
chr4:26263132-26263414	1	1	0	0	distal	.	.
chr4:26341870-26342039	1	1	0	0	distal	.	.
chr4:2743864-2744025	1	1	0	0	distal	.	.
chr4:2755953-2756161	1	1	0	0	proximal	TNIP2	.
chr4:2756249-2756577	2	1	0	0	proximal	TNIP2	.
chr4:2812016-2812488	2	1	0	0	distal	.	.
chr4:2818569-2818808	1	1	0	0	distal	.	.
chr4:2843087-2843548	1	1	0	0	proximal	ADD1	.
chr4:2843693-2843989	1	1	0	0	proximal	ADD1	.
chr4:2882829-2882993	1	1	0	0	distal	.	.
chr4:2963279-2963688	1	1	0	0	proximal	GRK4,NOP14	.
chr4:30717347-30717535	1	1	0	0	proximal	ENSG00000288940	.
chr4:3075490-3075658	2	1	0	0	distal	.	.
chr4:30781684-30781834	1	1	0	0	distal	.	.
chr4:3106761-3106922	1	1	0	0	distal	.	.
chr4:3126993-3127143	1	1	0	0	distal	.	.
chr4:3166545-3166784	1	1	0	0	distal	.	.
chr4:3269105-3269297	1	1	0	0	distal	.	.
chr4:3292097-3292361	2	1	0	0	proximal	RGS12	.
chr4:3292448-3293132	1	1	0	0	proximal	RGS12	.
chr4:3532301-3532875	1	1	0	0	proximal	LRPAP1	.
chr4:3544418-3544897	1	1	0	0	proximal	ENSG00000270090	.
chr4:3824384-3824574	1	1	0	0	distal	.	.
chr4:3969023-3969320	2	1	0	0	distal	.	.
chr4:3985396-3985546	1	1	0	0	distal	.	.
chr4:39907484-39907941	1	1	0	0	distal	.	.
chr4:40174628-40174841	1	1	0	0	distal	.	.
chr4:41934899-41935446	1	1	0	0	proximal	ENSG00000249771,TMEM33	.
chr4:41990352-41991055	1	1	0	0	proximal	SLC30A9	.
chr4:42397622-42397868	1	1	0	0	proximal	SHISA3	.
chr4:42494222-42494463	1	1	0	0	distal	.	.
chr4:48340703-48340874	1	1	0	0	proximal	SLAIN2	.
chr4:48779577-48779865	1	1	0	0	proximal	FRYL	.
chr4:49107289-49107500	1	1	0	0	distal	.	.
chr4:49120036-49120379	1	1	0	0	distal	.	.
chr4:49514297-49514660	2	1	0	0	distal	.	.
chr4:49570377-49570556	1	1	0	0	distal	.	.
chr4:49708117-49709042	1	1	0	0	distal	.	.
chr4:49729549-49729841	1	1	0	0	distal	.	.
chr4:50206875-50207175	1	1	0	0	distal	.	.
chr4:51844372-51844536	1	1	0	0	distal	.	.
chr4:51844635-51844969	1	1	0	0	distal	.	.
chr4:52248866-52249016	1	1	0	0	distal	.	.
chr4:52295196-52295346	1	1	0	0	distal	.	.
chr4:52659222-52659673	1	1	0	0	proximal	USP46,USP46-DT	.
chr4:53493261-53493411	1	1	0	0	distal	.	.
chr4:54228164-54228317	1	1	0	0	distal	.	.
chr4:54657749-54658053	1	1	0	0	proximal	KIT	.
chr4:55287479-55287629	1	1	0	0	distal	.	.
chr4:55461424-55461574	1	1	0	0	distal	.	.
chr4:55507222-55507426	1	1	0	0	distal	.	.
chr4:55526479-55526744	1	1	0	0	distal	.	.
chr4:55577187-55577347	1	1	0	0	distal	.	.
chr4:55841809-55842006	1	1	0	0	distal	.	.
chr4:55842176-55842582	1	1	0	0	distal	.	.
chr4:55948692-55949324	1	1	0	0	proximal	CEP135	.
chr4:56018497-56018754	1	1	0	0	distal	.	.
chr4:56078532-56078705	1	1	0	0	distal	.	.
chr4:56086670-56087120	1	1	0	0	distal	.	.
chr4:56387068-56387614	1	1	0	0	proximal	AASDH,ENSG00000269921	.
chr4:56397870-56398081	1	1	0	0	distal	.	.
chr4:56435898-56436342	2	1	0	0	proximal	PAICS,PPAT	.
chr4:56467459-56467690	1	1	0	0	proximal	ENSG00000289393,SRP72	.
chr4:56530327-56530680	1	1	0	0	proximal	THEGL	.
chr4:56544593-56544926	1	1	0	0	distal	.	.
chr4:56908124-56908357	1	1	0	0	proximal	REST	.
chr4:5710680-5710830	1	1	0	0	proximal	EVC	.
chr4:5711518-5711872	1	1	0	0	proximal	EVC	.
chr4:57164060-57164282	1	1	0	0	distal	.	.
chr4:586578-586728	1	1	0	0	distal	.	.
chr4:586874-587050	1	1	0	0	distal	.	.
chr4:61410665-61411035	1	1	0	0	distal	.	.
chr4:61646796-61647257	1	1	0	0	distal	.	.
chr4:6236010-6236164	2	1	0	0	distal	.	.
chr4:6269533-6269969	1	1	0	0	proximal	WFS1	.
chr4:6322375-6322660	1	1	0	0	distal	.	.
chr4:6388150-6388371	1	1	0	0	distal	.	.
chr4:6632701-6632851	1	1	0	0	distal	.	.
chr4:6709802-6710069	1	1	0	0	proximal	MRFAP1L1	.
chr4:6715786-6716005	1	1	0	0	proximal	BLOC1S4	.
chr4:6720395-6720594	1	1	0	0	distal	.	.
chr4:6732807-6732957	1	1	0	0	distal	.	.
chr4:67527504-67527673	1	1	0	0	distal	.	.
chr4:67840624-67840776	1	1	0	0	distal	.	.
chr4:6909359-6909865	2	1	0	0	proximal	TBC1D14	.
chr4:6974499-6974658	1	1	0	0	distal	.	.
chr4:6987006-6987492	2	1	0	0	proximal	ENSG00000287104	.
chr4:6993909-6994059	1	1	0	0	distal	.	.
chr4:705295-706110	1	1	0	0	proximal	PCGF3	.
chr4:70705312-70705777	2	1	0	0	distal	.	.
chr4:70901864-70902714	1	1	0	0	proximal	ENSG00000289019,MOB1B	.
chr4:70993210-70993791	1	1	0	0	proximal	DCK	.
chr4:7102920-7103726	1	1	0	0	proximal	LINC02447	.
chr4:71032772-71032922	1	1	0	0	distal	.	.
chr4:71187165-71187427	1	1	0	0	distal	.	.
chr4:7153108-7153284	1	1	0	0	distal	.	.
chr4:72790827-72791153	1	1	0	0	distal	.	.
chr4:73257730-73258324	1	1	0	0	proximal	ANKRD17	.
chr4:73258548-73258984	1	1	0	0	proximal	ANKRD17,ANKRD17-DT	.
chr4:73259051-73259398	1	1	0	0	proximal	ANKRD17,ANKRD17-DT	.
chr4:7332329-7332529	1	1	0	0	distal	.	.
chr4:73447667-73447857	1	1	0	0	distal	.	.
chr4:7380045-7380202	2	1	0	0	distal	.	.
chr4:73990045-73990195	2	1	0	0	distal	.	.
chr4:7415802-7415973	1	1	0	0	distal	.	.
chr4:74444890-74445836	1	1	0	0	proximal	AREG	.
chr4:75458529-75458679	1	1	0	0	distal	.	.
chr4:75514154-75514788	1	1	0	0	proximal	RCHY1,THAP6	.
chr4:75573518-75573691	2	1	0	0	distal	.	.
chr4:75574036-75574351	1	1	0	0	distal	.	.
chr4:7560563-7560713	1	1	0	0	distal	.	.
chr4:75725059-75725283	1	1	0	0	proximal	G3BP2,USO1	.
chr4:75867996-75868190	1	1	0	0	distal	.	.
chr4:75967774-75967924	1	1	0	0	distal	.	.
chr4:76147741-76148198	1	1	0	0	proximal	ENSG00000286074,NUP54	.
chr4:76148322-76148685	1	1	0	0	proximal	ENSG00000286074,NUP54	.
chr4:76198039-76198189	1	1	0	0	distal	.	.
chr4:76213156-76214208	1	1	0	0	proximal	FAM47E	.
chr4:76251401-76251894	1	1	0	0	proximal	FAM47E-STBD1	.
chr4:76306440-76306765	1	1	0	0	proximal	ENSG00000289515,STBD1	.
chr4:76388638-76388821	2	1	0	0	distal	.	.
chr4:76430382-76430709	1	1	0	0	distal	.	.
chr4:76585910-76586232	1	1	0	0	distal	.	.
chr4:76758404-76758621	2	1	0	0	distal	.	.
chr4:76867845-76868136	3	1	0	0	distal	.	.
chr4:76933576-76933726	1	1	0	0	distal	.	.
chr4:76948810-76949311	1	1	0	0	proximal	ENSG00000289586,SEPTIN11	.
chr4:77156572-77157212	1	1	0	0	proximal	CCNG2	.
chr4:7761727-7761952	2	1	0	0	distal	.	.
chr4:77683875-77684025	1	1	0	0	distal	.	.
chr4:77818500-77818650	1	1	0	0	distal	.	.
chr4:77818823-77818991	1	1	0	0	proximal	CNOT6L	.
chr4:77862552-77863144	1	1	0	0	proximal	MRPL1	.
chr4:78125901-78126097	1	1	0	0	distal	.	.
chr4:7831400-7831559	1	1	0	0	distal	.	.
chr4:7844352-7844750	3	1	0	0	distal	.	.
chr4:78564853-78565048	1	1	0	0	distal	.	.
chr4:790570-790778	1	1	0	0	distal	.	.
chr4:8044608-8045268	2	1	0	0	distal	.	.
chr4:81030778-81030958	1	1	0	0	proximal	BMP3	.
chr4:8117338-8117754	1	1	0	0	distal	.	.
chr4:81188553-81188748	1	1	0	0	distal	.	.
chr4:8158722-8159155	2	1	0	0	proximal	ABLIM2,ENSG00000290015	.
chr4:8159376-8159648	1	1	0	0	proximal	ABLIM2,ENSG00000290015	.
chr4:81725109-81725365	1	1	0	0	distal	.	.
chr4:81913388-81913541	1	1	0	0	distal	.	.
chr4:82105050-82105243	1	1	0	0	distal	.	.
chr4:8212180-8212343	1	1	0	0	distal	.	.
chr4:8231051-8231201	1	1	0	0	distal	.	.
chr4:8250210-8250504	1	1	0	0	distal	.	.
chr4:82797681-82798058	1	1	0	0	proximal	SCD5	.
chr4:82887813-82888224	1	1	0	0	distal	.	.
chr4:82891068-82891583	1	1	0	0	distal	.	.
chr4:82967718-82967870	2	1	0	0	distal	.	.
chr4:83012774-83013279	2	1	0	0	proximal	LIN54	.
chr4:83284177-83284594	2	1	0	0	proximal	COQ2	.
chr4:83455701-83456268	1	1	0	0	proximal	HELQ,MRPS18C	.
chr4:83536731-83536957	1	1	0	0	proximal	GPAT3	.
chr4:8407027-8407230	1	1	0	0	distal	.	.
chr4:8410660-8410891	1	1	0	0	distal	.	.
chr4:84298880-84299272	1	1	0	0	proximal	LINC02994	.
chr4:8440610-8440882	2	1	0	0	proximal	ACOX3	.
chr4:84596888-84597187	1	1	0	0	distal	.	.
chr4:8468826-8469000	1	1	0	0	distal	.	.
chr4:85133939-85134177	1	1	0	0	distal	.	.
chr4:85627451-85627601	1	1	0	0	distal	.	.
chr4:86044093-86044291	1	1	0	0	distal	.	.
chr4:8607701-8607851	2	1	0	0	distal	.	.
chr4:8621155-8621429	1	1	0	0	distal	.	.
chr4:8630076-8630379	1	1	0	0	distal	.	.
chr4:8633023-8633306	1	1	0	0	distal	.	.
chr4:86593809-86594469	1	1	0	0	proximal	MAPK10,PTPN13	.
chr4:86831505-86831886	2	2	1	1	distal	.	.
chr4:8688253-8688453	1	1	0	0	distal	.	.
chr4:86935745-86936065	2	2	1	1	proximal	AFF1,ENSG00000284968,ENSG00000285458	.
chr4:87006589-87007297	1	1	0	0	distal	.	.
chr4:87019482-87019709	2	2	1	1	distal	.	.
chr4:87073724-87073900	2	2	1	1	distal	.	.
chr4:87329406-87329565	2	2	1	1	distal	.	.
chr4:87391256-87391467	2	2	1	1	proximal	HSD17B11	.
chr4:87455632-87455782	1	1	0	0	distal	.	.
chr4:8767780-8768003	1	1	0	0	distal	.	.
chr4:87922797-87922947	1	1	0	0	distal	.	.
chr4:88007493-88007871	1	1	0	0	proximal	ENSG00000286618,ENSG00000289034,PKD2	.
chr4:88112828-88112978	1	1	0	0	distal	.	.
chr4:8817828-8817978	3	1	0	0	distal	.	.
chr4:88284091-88284466	1	1	0	0	proximal	PPM1K,PPM1K-DT	.
chr4:88378811-88379331	1	1	0	0	proximal	HERC6	.
chr4:88415405-88415555	1	1	0	0	distal	.	.
chr4:8861265-8861704	1	1	0	0	proximal	ENSG00000258507	.
chr4:8871701-8871935	1	1	0	0	proximal	HMX1	.
chr4:8871995-8872256	1	1	0	0	proximal	HMX1	.
chr4:88880580-88880730	1	1	0	0	distal	.	.
chr4:8918046-8918309	2	1	0	0	distal	.	.
chr4:89359135-89359312	1	1	0	0	distal	.	.
chr4:89968687-89968837	1	1	0	0	distal	.	.
chr4:90128002-90128368	1	1	0	0	proximal	CCSER1	.
chr4:9123664-9123831	1	1	0	0	distal	.	.
chr4:9271697-9272110	1	1	0	0	proximal	USP17L23	.
chr4:931908-932140	2	1	0	0	proximal	GAK,TMEM175	.
chr4:932242-932613	1	1	0	0	proximal	GAK,TMEM175	.
chr4:94207543-94208192	1	1	0	0	proximal	SMARCAD1,SMARCAD1-DT	.
chr4:94304513-94304687	1	1	0	0	distal	.	.
chr4:94391109-94391318	1	1	0	0	distal	.	.
chr4:94451651-94452466	1	1	0	0	proximal	PDLIM5	.
chr4:97027782-97027993	1	1	0	0	distal	.	.
chr4:97032531-97032783	1	1	0	0	distal	.	.
chr4:98143407-98143593	1	1	0	0	proximal	STPG2	.
chr4:98529908-98530115	1	1	0	0	distal	.	.
chr4:98558935-98559171	1	1	0	0	distal	.	.
chr4:9857523-9857780	1	1	0	0	distal	.	.
chr4:98658740-98658927	1	1	0	0	proximal	TSPAN5,TSPAN5-DT	.
chr4:987196-987537	2	1	0	0	proximal	DGKQ,IDUA	.
chr4:98928643-98929593	1	1	0	0	proximal	EIF4E,ENSG00000263923	.
chr4:99088354-99088518	1	1	0	0	proximal	ADH5,ENSG00000246090	.
chr4:99088657-99088970	1	1	0	0	proximal	ADH5,ENSG00000246090	.
chr4:99730092-99730266	1	1	0	0	distal	.	.
chr4:99770713-99770951	1	1	0	0	distal	.	.
chr4:99949132-99949346	1	1	0	0	proximal	H2AZ1-DT	.
chr4:99949730-99949936	1	1	0	0	proximal	H2AZ1,H2AZ1-DT	.
chr4:99950166-99950691	1	1	0	0	proximal	H2AZ1,H2AZ1-DT	.
chr5:100049326-100049523	1	1	0	0	distal	.	.
chr5:10076341-10076505	1	1	0	0	distal	.	.
chr5:10250130-10250335	1	1	0	0	proximal	ATPSCKMT,CCT5	.
chr5:10250397-10250577	1	1	0	0	proximal	ATPSCKMT,CCT5	.
chr5:102754781-102755737	1	1	0	0	distal	.	.
chr5:102865797-102866221	1	1	0	0	distal	.	.
chr5:102910474-102910652	1	1	0	0	distal	.	.
chr5:10307721-10308103	2	1	0	0	proximal	CMBL	.
chr5:103258430-103258940	1	1	0	0	proximal	MACIR	.
chr5:10364857-10365173	1	1	0	0	distal	.	.
chr5:10580101-10580251	1	1	0	0	distal	.	.
chr5:107563976-107564186	1	1	0	0	distal	.	.
chr5:10761211-10761866	1	1	0	0	proximal	DAP,DAP-DT	.
chr5:107671507-107671657	1	1	0	0	proximal	EFNA5	.
chr5:107672052-107672849	2	1	0	0	distal	.	.
chr5:108727738-108728131	1	1	0	0	proximal	ENSG00000289260,LINC01023	.
chr5:108769434-108769645	1	1	0	0	distal	.	.
chr5:110738622-110739239	1	1	0	0	proximal	SLC25A46,TMEM232	.
chr5:111058086-111058319	1	1	0	0	distal	.	.
chr5:111073199-111073583	1	1	0	0	distal	.	.
chr5:111278911-111279090	1	1	0	0	distal	.	.
chr5:111512168-111513177	2	1	0	0	proximal	STARD4	.
chr5:111680838-111681286	1	1	0	0	distal	.	.
chr5:112014507-112014673	1	1	0	0	distal	.	.
chr5:112418732-112418904	1	1	0	0	proximal	EPB41L4A,EPB41L4A-DT	.
chr5:112419862-112420586	1	1	0	0	proximal	EPB41L4A,EPB41L4A-DT	.
chr5:112737516-112737964	1	1	0	0	distal	.	.
chr5:112921479-112921940	1	1	0	0	proximal	REEP5	.
chr5:112922159-112922488	1	1	0	0	proximal	REEP5	.
chr5:113478531-113478681	1	1	0	0	distal	.	.
chr5:113755348-113755498	1	1	0	0	distal	.	.
chr5:114450042-114450219	1	1	0	0	distal	.	.
chr5:115841456-115842014	1	1	0	0	proximal	AP3S1,ATG12	.
chr5:116085137-116085525	2	1	0	0	proximal	COMMD10,ENSG00000271918	.
chr5:116537095-116537245	1	1	0	0	distal	.	.
chr5:118988199-118988824	1	1	0	0	proximal	DTWD2	.
chr5:119091058-119091208	2	1	0	0	distal	.	.
chr5:119126903-119127053	1	1	0	0	distal	.	.
chr5:119161661-119161850	1	1	0	0	distal	.	.
chr5:119299719-119299869	1	1	0	0	distal	.	.
chr5:119452330-119452816	1	1	0	0	proximal	HSD17B4	.
chr5:119814424-119814574	1	1	0	0	distal	.	.
chr5:122602997-122603322	1	1	0	0	distal	.	.
chr5:122720870-122721139	3	2	1	1	distal	.	.
chr5:123035983-123036498	1	1	0	0	proximal	PPIC,PPIC-AS1	.
chr5:123179675-123179825	1	1	0	0	distal	.	.
chr5:123242704-123243002	1	1	0	0	distal	.	.
chr5:123285449-123285711	1	1	0	0	distal	.	.
chr5:123399613-123399832	2	2	1	1	distal	.	.
chr5:123429260-123429484	2	1	0	0	distal	.	.
chr5:123448897-123449047	2	2	1	1	distal	.	.
chr5:123511825-123512488	1	1	0	0	proximal	CSNK1G3,ENSG00000288766	.
chr5:123525418-123525624	1	1	0	0	distal	.	.
chr5:124088610-124089010	1	1	0	0	distal	.	.
chr5:124612156-124612312	1	1	0	0	distal	.	.
chr5:124629046-124629565	1	1	0	0	distal	.	.
chr5:124662297-124662593	1	1	0	0	distal	.	.
chr5:124681652-124681802	1	1	0	0	distal	.	.
chr5:124706782-124707039	1	1	0	0	proximal	ENSG00000249112	.
chr5:124739375-124739561	1	1	0	0	distal	.	.
chr5:124748761-124749083	2	1	0	0	proximal	ZNF608	.
chr5:124791588-124791738	1	1	0	0	distal	.	.
chr5:124806193-124806769	1	1	0	0	distal	.	.
chr5:125245804-125245999	1	1	0	0	distal	.	.
chr5:125258299-125258634	1	1	0	0	distal	.	.
chr5:125898387-125898698	1	1	0	0	distal	.	.
chr5:126015294-126015466	1	1	0	0	distal	.	.
chr5:1260207-1260385	1	1	0	0	distal	.	.
chr5:126519374-126519524	1	1	0	0	distal	.	.
chr5:126776493-126777347	1	1	0	0	proximal	LMNB1,LMNB1-DT	.
chr5:127452052-127452384	1	1	0	0	distal	.	.
chr5:127878252-127878446	1	1	0	0	distal	.	.
chr5:128082807-128083224	1	1	0	0	proximal	SLC12A2,SLC12A2-DT	.
chr5:128201838-128202025	1	1	0	0	distal	.	.
chr5:128964810-128965616	1	1	0	0	distal	.	.
chr5:128973296-128973510	1	1	0	0	distal	.	.
chr5:129094424-129094857	1	1	0	0	proximal	ISOC1	.
chr5:131164647-131165439	1	1	0	0	distal	.	.
chr5:131263845-131264488	1	1	0	0	distal	.	.
chr5:131312288-131313192	1	1	0	0	distal	.	.
chr5:131411218-131411368	1	1	0	0	distal	.	.
chr5:132103022-132103172	1	1	0	0	distal	.	.
chr5:132178842-132178992	1	1	0	0	distal	.	.
chr5:132410980-132411194	1	1	0	0	proximal	ENSG00000283782,IRF1-AS1	.
chr5:132526794-132527208	1	1	0	0	distal	.	.
chr5:132585583-132585815	2	2	1	1	distal	.	.
chr5:132777193-132777457	1	1	0	0	distal	.	.
chr5:132866139-132866651	3	2	1	1	proximal	GDF9,UQCRQ	.
chr5:132866710-132867237	2	1	0	0	proximal	GDF9,UQCRQ	.
chr5:132909023-132909173	1	1	0	0	distal	.	.
chr5:133051573-133052127	1	1	0	0	proximal	ENSG00000286408,HSPA4	.
chr5:133111349-133111521	2	1	0	0	distal	.	.
chr5:133152954-133153120	1	1	0	0	distal	.	.
chr5:133191844-133192097	2	2	1	1	distal	.	.
chr5:133646127-133646310	1	1	0	0	distal	.	.
chr5:133915028-133915178	1	1	0	0	distal	.	.
chr5:133944369-133944519	2	1	0	0	distal	.	.
chr5:134004315-134004955	1	1	0	0	proximal	ENSG00000271737,VDAC1	.
chr5:134089374-134089524	1	1	0	0	distal	.	.
chr5:134114545-134114751	1	1	0	0	proximal	TCF7	.
chr5:134176773-134177639	4	1	0	0	proximal	SKP1	.
chr5:134341919-134342069	1	1	0	0	distal	.	.
chr5:134367110-134367512	1	1	0	0	distal	.	.
chr5:134371038-134371260	2	1	0	0	proximal	CDKL3,ENSG00000273345,UBE2B	.
chr5:134411837-134412318	1	1	0	0	proximal	CDKN2AIPNL	.
chr5:134526620-134527733	3	1	0	0	distal	.	.
chr5:134586863-134587171	1	1	0	0	distal	.	.
chr5:134587307-134587466	2	1	0	0	distal	.	.
chr5:134642367-134642563	3	2	1	1	distal	.	.
chr5:134721566-134721731	1	1	0	0	distal	.	.
chr5:134797998-134798149	1	1	0	0	distal	.	.
chr5:134798460-134798610	1	1	0	0	distal	.	.
chr5:134820367-134820532	1	1	0	0	distal	.	.
chr5:134845741-134846114	1	1	0	0	proximal	C5orf24	.
chr5:134850551-134850781	4	1	0	0	distal	.	.
chr5:134873984-134874394	1	1	0	0	proximal	TXNDC15	.
chr5:134874501-134874853	1	1	0	0	proximal	TXNDC15	.
chr5:134875036-134875317	1	1	0	0	proximal	TXNDC15	.
chr5:134904465-134905301	4	1	0	0	proximal	PCBD2	.
chr5:134923970-134924126	2	1	0	0	distal	.	.
chr5:134925881-134926073	2	1	0	0	distal	.	.
chr5:135034148-135034845	3	2	1	1	proximal	ENSG00000277619,PITX1	.
chr5:135041132-135041282	1	1	0	0	distal	.	.
chr5:135179213-135179683	1	1	0	0	distal	.	.
chr5:135247045-135247236	1	1	0	0	distal	.	.
chr5:135265962-135266164	1	1	0	0	distal	.	.
chr5:135304375-135304525	3	2	1	1	distal	.	.
chr5:135369946-135370096	1	1	0	0	distal	.	.
chr5:135535771-135536471	1	1	0	0	proximal	NEUROG1	.
chr5:135570265-135570549	1	1	0	0	distal	.	.
chr5:135641092-135641242	1	1	0	0	distal	.	.
chr5:135834568-135834718	1	1	0	0	distal	.	.
chr5:135930206-135930421	1	1	0	0	distal	.	.
chr5:135977465-135977676	1	1	0	0	distal	.	.
chr5:136420530-136420753	1	1	0	0	distal	.	.
chr5:13755963-13756127	1	1	0	0	distal	.	.
chr5:137823205-137823558	1	1	0	0	distal	.	.
chr5:138008126-138008328	1	1	0	0	distal	.	.
chr5:138065450-138065720	1	1	0	0	distal	.	.
chr5:138178563-138179208	1	1	0	0	proximal	BRD8,KIF20A	.
chr5:138184125-138184275	1	1	0	0	distal	.	.
chr5:138213890-138214202	1	1	0	0	proximal	CDC23	.
chr5:138242453-138242641	1	1	0	0	distal	.	.
chr5:138331294-138332169	1	1	0	0	proximal	FAM53C	.
chr5:138337368-138338516	1	1	0	0	proximal	CDC25C	.
chr5:138352404-138353285	1	1	0	0	proximal	KDM3B	.
chr5:138353374-138353616	1	1	0	0	proximal	KDM3B	.
chr5:138370713-138370863	1	1	0	0	distal	.	.
chr5:138438885-138439358	1	1	0	0	proximal	REEP2	.
chr5:138440310-138440460	1	1	0	0	distal	.	.
chr5:138445950-138446115	1	1	0	0	distal	.	.
chr5:138450007-138450204	1	1	0	0	distal	.	.
chr5:138464645-138465189	1	1	0	0	proximal	EGR1,ENSG00000289267	.
chr5:138465309-138465719	2	1	0	0	proximal	EGR1,ENSG00000289267	.
chr5:138469748-138470360	2	1	0	0	distal	.	.
chr5:138610056-138610234	2	1	0	0	proximal	CTNNA1	.
chr5:138656880-138657067	2	1	0	0	distal	.	.
chr5:138725269-138725643	2	1	0	0	distal	.	.
chr5:138753018-138753203	1	1	0	0	proximal	CTNNA1-AS1	.
chr5:138946274-138946562	1	1	0	0	distal	.	.
chr5:139273720-139274458	1	1	0	0	proximal	MATR3,SNHG4	.
chr5:139312159-139312389	1	1	0	0	distal	.	.
chr5:139403750-139404484	1	1	0	0	proximal	SPATA24	.
chr5:139560876-139561839	1	1	0	0	distal	.	.
chr5:139625077-139625307	1	1	0	0	distal	.	.
chr5:139746214-139746414	3	1	0	0	distal	.	.
chr5:139765535-139766041	1	1	0	0	distal	.	.
chr5:139795663-139795813	1	1	0	0	proximal	PSD2	.
chr5:139926271-139926656	1	1	0	0	distal	.	.
chr5:140107336-140108173	2	1	0	0	proximal	PURA	.
chr5:14011755-14011958	2	1	0	0	proximal	DNAH5	.
chr5:140174874-140175256	3	1	0	0	proximal	CYSTM1	.
chr5:140175370-140175771	3	1	0	0	proximal	CYSTM1	.
chr5:140295438-140295646	1	1	0	0	distal	.	.
chr5:140329823-140330001	1	1	0	0	distal	.	.
chr5:140346009-140346202	2	1	0	0	proximal	HBEGF	.
chr5:140346547-140346915	1	1	0	0	proximal	HBEGF	.
chr5:140664370-140665080	1	1	0	0	proximal	WDR55	.
chr5:140700177-140700551	1	1	0	0	distal	.	.
chr5:140710432-140711576	2	1	0	0	distal	.	.
chr5:140720119-140720269	2	1	0	0	distal	.	.
chr5:140725775-140726394	1	1	0	0	distal	.	.
chr5:141041201-141041452	1	1	0	0	proximal	ENSG00000288892	.
chr5:14131781-14131932	1	1	0	0	distal	.	.
chr5:141320569-141320911	1	1	0	0	proximal	ENSG00000288095,TAF7	.
chr5:14142899-14143495	1	1	0	0	proximal	TRIO	.
chr5:14157257-14157547	1	1	0	0	distal	.	.
chr5:141618672-141619378	2	1	0	0	proximal	DIAPH1,ENSG00000228737	.
chr5:141636537-141637280	1	1	0	0	proximal	HDAC3,RELL2	.
chr5:141637736-141637898	2	2	1	1	proximal	HDAC3,RELL2	.
chr5:141849989-141850303	1	1	0	0	distal	.	.
chr5:141878123-141878523	2	2	1	1	proximal	PCDH1	.
chr5:141960840-141961054	2	2	1	1	distal	.	.
chr5:141968862-141969376	1	1	0	0	proximal	PCDH12	.
chr5:14197204-14197473	1	1	0	0	distal	.	.
chr5:142018606-142018756	1	1	0	0	distal	.	.
chr5:142089120-142089466	1	1	0	0	distal	.	.
chr5:142211493-142211656	1	1	0	0	distal	.	.
chr5:142324268-142324820	1	1	0	0	proximal	SPRY4-AS1	.
chr5:142367809-142367980	1	1	0	0	distal	.	.
chr5:142457904-142458054	1	1	0	0	distal	.	.
chr5:142495957-142496107	2	1	0	0	distal	.	.
chr5:142508633-142508800	1	1	0	0	distal	.	.
chr5:142713463-142713678	1	1	0	0	distal	.	.
chr5:142771360-142771514	1	1	0	0	distal	.	.
chr5:142866897-142867290	1	1	0	0	distal	.	.
chr5:142937960-142938220	1	1	0	0	distal	.	.
chr5:143220233-143220383	1	1	0	0	distal	.	.
chr5:143246019-143246365	1	1	0	0	distal	.	.
chr5:143403390-143404580	1	1	0	0	distal	.	.
chr5:143674010-143674160	1	1	0	0	distal	.	.
chr5:14581582-14581937	1	1	0	0	proximal	OTULINL	.
chr5:145834899-145835130	1	1	0	0	proximal	PRELID2	.
chr5:145860087-145860264	1	1	0	0	distal	.	.
chr5:146182166-146183016	3	1	0	0	proximal	LARS1	.
chr5:146422198-146422447	1	1	0	0	distal	.	.
chr5:14750796-14751009	1	1	0	0	distal	.	.
chr5:14871824-14872058	1	1	0	0	proximal	ANKH,ANKH-DT	.
chr5:149015683-149015833	1	1	0	0	distal	.	.
chr5:149141033-149141253	1	1	0	0	proximal	ABLIM3	.
chr5:149168182-149168332	1	1	0	0	distal	.	.
chr5:149271684-149272592	1	1	0	0	proximal	AFAP1L1	.
chr5:149345297-149345766	1	1	0	0	proximal	ENSG00000285736,GRPEL2	.
chr5:149389846-149390018	1	1	0	0	distal	.	.
chr5:149431167-149431317	2	1	0	0	distal	.	.
chr5:149442619-149442839	1	1	0	0	distal	.	.
chr5:149551865-149552063	2	1	0	0	proximal	ARHGEF37,CSNK1A1	.
chr5:149581038-149581458	1	1	0	0	distal	.	.
chr5:149730166-149730492	1	1	0	0	proximal	PPARGC1B	.
chr5:149828293-149828457	2	1	0	0	distal	.	.
chr5:149874976-149875164	2	1	0	0	distal	.	.
chr5:149960395-149961229	3	1	0	0	proximal	SLC26A2	.
chr5:149975949-149976163	1	1	0	0	distal	.	.
chr5:149990874-149991029	1	1	0	0	distal	.	.
chr5:150000112-150000819	2	1	0	0	proximal	HMGXB3,TIGD6	.
chr5:150129476-150129792	1	1	0	0	distal	.	.
chr5:150161688-150161886	1	1	0	0	distal	.	.
chr5:150177793-150177983	1	1	0	0	distal	.	.
chr5:150245260-150245466	1	1	0	0	distal	.	.
chr5:150278960-150279110	2	1	0	0	distal	.	.
chr5:150357424-150358399	2	1	0	0	proximal	TCOF1	.
chr5:150429079-150429251	1	1	0	0	distal	.	.
chr5:150449668-150449838	2	1	0	0	proximal	RPS14	.
chr5:150449939-150450185	2	1	0	0	proximal	RPS14	.
chr5:150474272-150474574	1	1	0	0	distal	.	.
chr5:150656322-150656801	2	1	0	0	distal	.	.
chr5:150700483-150700844	2	2	1	1	proximal	RBM22	.
chr5:150758510-150759173	3	2	1	1	proximal	DCTN4	.
chr5:150778440-150778711	1	1	0	0	proximal	SMIM3	.
chr5:150904593-150905371	1	1	0	0	proximal	ZNF300	.
chr5:150993094-150993358	1	1	0	0	distal	.	.
chr5:151020208-151020718	1	1	0	0	proximal	GPX3	.
chr5:151157687-151157913	1	1	0	0	proximal	ANXA6,ENSG00000254298	.
chr5:151164911-151165072	1	1	0	0	distal	.	.
chr5:151223585-151224186	1	1	0	0	proximal	CCDC69	.
chr5:151239148-151239490	2	2	1	1	distal	.	.
chr5:151447416-151447707	2	1	0	0	distal	.	.
chr5:151500825-151501085	1	1	0	0	distal	.	.
chr5:151686845-151686995	1	1	0	0	proximal	SPARC	.
chr5:151749331-151749543	1	1	0	0	distal	.	.
chr5:151780379-151780737	1	1	0	0	distal	.	.
chr5:151878801-151878951	1	1	0	0	distal	.	.
chr5:151899443-151899714	1	1	0	0	distal	.	.
chr5:1523877-1524383	1	1	0	0	proximal	LPCAT1	.
chr5:154038637-154039069	1	1	0	0	proximal	FAM114A2,MFAP3	.
chr5:154058418-154058590	1	1	0	0	distal	.	.
chr5:154159413-154159563	2	2	1	1	distal	.	.
chr5:154169829-154170023	1	1	0	0	distal	.	.
chr5:154352604-154352754	2	2	1	1	distal	.	.
chr5:154368161-154368311	1	1	0	0	distal	.	.
chr5:154405283-154405526	2	2	1	1	distal	.	.
chr5:154445528-154446284	1	1	0	0	proximal	SAP30L,SAP30L-AS1	.
chr5:154691271-154691491	1	1	0	0	distal	.	.
chr5:154754634-154755397	2	1	0	0	distal	.	.
chr5:154858057-154858714	2	1	0	0	proximal	CNOT8,FAXDC2	.
chr5:154922765-154923167	1	1	0	0	distal	.	.
chr5:154937718-154938535	1	1	0	0	proximal	GEMIN5	.
chr5:157731245-157731868	1	1	0	0	proximal	THG1L	.
chr5:157743948-157744212	1	1	0	0	proximal	LSM11	.
chr5:159094941-159095176	1	1	0	0	distal	.	.
chr5:159100143-159100808	2	1	0	0	proximal	EBF1,LINC02202	.
chr5:159133218-159133424	1	1	0	0	distal	.	.
chr5:159263148-159263369	1	1	0	0	proximal	ENSG00000288764,UBLCP1	.
chr5:159747578-159747728	1	1	0	0	distal	.	.
chr5:160438437-160438604	1	1	0	0	proximal	MIR3142HG	.
chr5:160439217-160439490	1	1	0	0	proximal	MIR3142HG	.
chr5:1633825-1634499	1	1	0	0	proximal	ENSG00000291079	.
chr5:164119869-164120068	1	1	0	0	distal	.	.
chr5:164327025-164327513	1	1	0	0	distal	.	.
chr5:16712619-16712769	1	1	0	0	distal	.	.
chr5:168236289-168236476	1	1	0	0	distal	.	.
chr5:168486166-168486760	1	1	0	0	proximal	RARS1	.
chr5:168591612-168591927	1	1	0	0	distal	.	.
chr5:168600485-168600729	1	1	0	0	distal	.	.
chr5:168679565-168679807	1	1	0	0	distal	.	.
chr5:168746266-168746561	1	1	0	0	distal	.	.
chr5:168765638-168765972	1	1	0	0	distal	.	.
chr5:16885552-16885702	1	1	0	0	distal	.	.
chr5:169013978-169014190	1	1	0	0	proximal	SLIT3-AS1	.
chr5:169085245-169085492	1	1	0	0	distal	.	.
chr5:169395854-169396004	1	1	0	0	distal	.	.
chr5:16964898-16965201	1	1	0	0	distal	.	.
chr5:17038063-17038216	1	1	0	0	distal	.	.
chr5:170638717-170638984	1	1	0	0	distal	.	.
chr5:170657876-170658066	1	1	0	0	distal	.	.
chr5:170681269-170681458	2	1	0	0	proximal	KCNIP1-AS1	.
chr5:170760111-170760455	1	1	0	0	distal	.	.
chr5:171103069-171103265	1	1	0	0	distal	.	.
chr5:171184061-171184287	1	1	0	0	distal	.	.
chr5:171342453-171342683	1	1	0	0	distal	.	.
chr5:171418518-171418993	1	1	0	0	proximal	FGF18	.
chr5:171494746-171495026	1	1	0	0	distal	.	.
chr5:171630105-171630368	1	1	0	0	distal	.	.
chr5:171737707-171737857	1	1	0	0	proximal	ENSG00000285914	.
chr5:171907843-171908207	1	1	0	0	distal	.	.
chr5:171912221-171912394	1	1	0	0	distal	.	.
chr5:172002436-172002586	3	1	0	0	distal	.	.
chr5:172006180-172006368	1	1	0	0	proximal	ENSG00000288799,FBXW11	.
chr5:172075011-172075204	1	1	0	0	distal	.	.
chr5:172151878-172152099	1	1	0	0	distal	.	.
chr5:17216242-17216610	1	1	0	0	proximal	BASP1-AS1	.
chr5:17217381-17217600	1	1	0	0	proximal	BASP1-AS1	.
chr5:172187999-172188915	2	1	0	0	proximal	STK10	.
chr5:172283488-172284331	2	1	0	0	proximal	UBTD2	.
chr5:172397132-172397439	1	1	0	0	distal	.	.
chr5:172454097-172455132	1	1	0	0	proximal	SH3PXD2B	.
chr5:172462286-172462436	1	1	0	0	distal	.	.
chr5:172478961-172479253	2	1	0	0	proximal	ENSG00000287814	.
chr5:172641074-172641255	1	1	0	0	proximal	NEURL1B	.
chr5:172697506-172697822	1	1	0	0	proximal	ENSG00000253445	.
chr5:172765276-172765647	1	1	0	0	distal	.	.
chr5:172771079-172771862	2	1	0	0	proximal	DUSP1	.
chr5:172877960-172878261	1	1	0	0	distal	.	.
chr5:172943252-172943566	2	1	0	0	distal	.	.
chr5:173056089-173056407	1	1	0	0	proximal	CREBRF	.
chr5:173056805-173057680	1	1	0	0	proximal	CREBRF	.
chr5:173158305-173158746	1	1	0	0	distal	.	.
chr5:173235003-173235280	1	1	0	0	proximal	NKX2-5	.
chr5:173235436-173235671	2	1	0	0	proximal	NKX2-5	.
chr5:173283776-173284172	1	1	0	0	distal	.	.
chr5:173302556-173302725	1	1	0	0	distal	.	.
chr5:173315760-173315999	1	1	0	0	distal	.	.
chr5:173328265-173328659	1	1	0	0	proximal	STC2	.
chr5:173573170-173573376	1	1	0	0	distal	.	.
chr5:173597890-173598081	1	1	0	0	distal	.	.
chr5:173753414-173753866	1	1	0	0	distal	.	.
chr5:173764545-173764812	1	1	0	0	distal	.	.
chr5:173887645-173887981	1	1	0	0	proximal	CPEB4	.
chr5:173888074-173888403	1	1	0	0	proximal	CPEB4	.
chr5:173907716-173907997	1	1	0	0	distal	.	.
chr5:173917820-173918295	2	1	0	0	distal	.	.
chr5:173964508-173964658	1	1	0	0	distal	.	.
chr5:173973684-173973865	1	1	0	0	proximal	C5orf47	.
chr5:174126396-174126558	1	1	0	0	distal	.	.
chr5:174371941-174372123	1	1	0	0	distal	.	.
chr5:174384561-174384899	2	1	0	0	distal	.	.
chr5:174387000-174387150	1	1	0	0	distal	.	.
chr5:174419624-174419879	1	1	0	0	distal	.	.
chr5:174520420-174520994	1	1	0	0	distal	.	.
chr5:174793856-174794179	1	1	0	0	distal	.	.
chr5:174916659-174916855	1	1	0	0	distal	.	.
chr5:175289571-175289721	1	1	0	0	distal	.	.
chr5:175729903-175730169	1	1	0	0	distal	.	.
chr5:175871550-175871754	1	1	0	0	distal	.	.
chr5:175871827-175872029	2	2	1	1	distal	.	.
chr5:175963152-175963302	1	1	0	0	distal	.	.
chr5:176006087-176006393	1	1	0	0	distal	.	.
chr5:176068126-176068276	1	1	0	0	distal	.	.
chr5:176235224-176235408	2	1	0	0	distal	.	.
chr5:176336139-176336289	1	1	0	0	distal	.	.
chr5:176361489-176361923	3	2	1	1	proximal	KIAA1191	.
chr5:176365335-176365551	1	1	0	0	proximal	ARL10	.
chr5:176415912-176416286	2	2	1	1	proximal	CLTB	.
chr5:176416435-176417012	4	2	1	1	proximal	CLTB	.
chr5:176536523-176536782	1	1	0	0	distal	.	.
chr5:176543115-176543629	3	1	0	0	proximal	CDHR2	.
chr5:176573901-176574299	3	2	1	1	distal	.	.
chr5:176591717-176592032	2	2	0	0	distal	.	.
chr5:176601391-176601581	1	1	0	0	distal	.	.
chr5:176610018-176610361	1	1	0	0	proximal	GPRIN1	.
chr5:176630492-176630676	2	1	0	0	proximal	EIF4E1B,SNCB	.
chr5:176647058-176647768	1	1	0	0	proximal	TSPAN17	.
chr5:176658107-176658270	4	2	1	1	distal	.	.
chr5:176693679-176693845	1	1	0	0	distal	.	.
chr5:176748775-176749157	3	2	1	1	distal	.	.
chr5:176870130-176870286	2	1	0	0	distal	.	.
chr5:176943587-176943737	1	1	0	0	distal	.	.
chr5:177005843-177007065	2	1	0	0	distal	.	.
chr5:177022382-177023150	1	1	0	0	proximal	UIMC1,ZNF346	.
chr5:177071865-177072064	1	1	0	0	distal	.	.
chr5:177111982-177112156	1	1	0	0	distal	.	.
chr5:177114025-177114199	2	1	0	0	distal	.	.
chr5:177133434-177134194	2	2	1	1	distal	.	.
chr5:177159672-177160026	1	1	0	0	distal	.	.
chr5:177303491-177304008	1	1	0	0	proximal	PRELID1,RAB24	.
chr5:177309789-177310011	2	1	0	0	distal	.	.
chr5:177351580-177352128	1	1	0	0	proximal	LMAN2	.
chr5:177359389-177359640	1	1	0	0	distal	.	.
chr5:177366751-177366901	2	1	0	0	distal	.	.
chr5:177370618-177371143	1	1	0	0	distal	.	.
chr5:177403319-177403587	2	1	0	0	proximal	GRK6	.
chr5:177403772-177403981	3	2	0	0	proximal	GRK6	.
chr5:177434632-177434782	2	1	0	0	distal	.	.
chr5:177455012-177455582	4	2	1	1	distal	.	.
chr5:177456344-177456666	1	1	0	0	distal	.	.
chr5:177457671-177457878	2	1	0	0	distal	.	.
chr5:177473579-177473829	1	1	0	0	proximal	DBN1	.
chr5:177491505-177491761	2	1	0	0	distal	.	.
chr5:177516670-177517702	5	1	0	0	proximal	DDX41	.
chr5:177554305-177554808	2	1	0	0	proximal	FAM193B,FAM193B-DT	.
chr5:177592004-177592549	3	1	0	0	proximal	TMED9	.
chr5:177599913-177600465	2	1	0	0	proximal	B4GALT7	.
chr5:177607557-177607735	1	1	0	0	distal	.	.
chr5:177672121-177672375	1	1	0	0	proximal	ENSG00000290968	.
chr5:177812992-177813142	1	1	0	0	distal	.	.
chr5:177836835-177837043	2	1	0	0	distal	.	.
chr5:177850912-177851064	1	1	0	0	distal	.	.
chr5:177996467-177996702	1	1	0	0	proximal	PROP1	.
chr5:177997584-177997734	1	1	0	0	distal	.	.
chr5:178064343-178064493	1	1	0	0	distal	.	.
chr5:178113408-178113657	2	1	0	0	proximal	N4BP3	.
chr5:178118096-178118275	3	1	0	0	distal	.	.
chr5:178120900-178121239	1	1	0	0	distal	.	.
chr5:178130293-178131470	1	1	0	0	proximal	RMND5B	.
chr5:178153644-178154213	1	1	0	0	proximal	ENSG00000289726,NHP2	.
chr5:178164018-178164502	2	1	0	0	distal	.	.
chr5:178204058-178204630	1	1	0	0	proximal	ENSG00000289390,HNRNPAB	.
chr5:178205257-178205487	2	1	0	0	proximal	ENSG00000289390,HNRNPAB	.
chr5:178213995-178214317	1	1	0	0	distal	.	.
chr5:178232339-178232650	3	1	0	0	proximal	PHYKPL	.
chr5:178315016-178315166	2	1	0	0	distal	.	.
chr5:178496292-178496442	1	1	0	0	distal	.	.
chr5:178605753-178605956	1	1	0	0	distal	.	.
chr5:178619723-178620035	2	1	0	0	distal	.	.
chr5:178859760-178860466	1	1	0	0	proximal	ZNF354B	.
chr5:179023598-179024168	1	1	0	0	proximal	ZNF879	.
chr5:179234331-179234481	1	1	0	0	distal	.	.
chr5:179437764-179437985	1	1	0	0	distal	.	.
chr5:179522272-179522483	1	1	0	0	distal	.	.
chr5:179550481-179551245	4	1	0	0	proximal	RUFY1	.
chr5:179559456-179560040	2	1	0	0	distal	.	.
chr5:179622808-179623075	1	1	0	0	distal	.	.
chr5:179668480-179668649	1	1	0	0	distal	.	.
chr5:179732429-179733033	1	1	0	0	proximal	MAML1	.
chr5:179733507-179733693	1	1	0	0	proximal	MAML1	.
chr5:179811284-179811485	1	1	0	0	distal	.	.
chr5:179907888-179908096	1	1	0	0	proximal	TBC1D9B	.
chr5:179931567-179931729	2	1	0	0	distal	.	.
chr5:180071279-180071460	1	1	0	0	proximal	RNF130	.
chr5:180090228-180090777	1	1	0	0	distal	.	.
chr5:1801304-1801458	1	1	0	0	proximal	MRPL36,NDUFS6	.
chr5:180268730-180268884	1	1	0	0	distal	.	.
chr5:180315793-180316212	2	1	0	0	distal	.	.
chr5:180353322-180353649	1	1	0	0	proximal	GFPT2	.
chr5:180457042-180457220	2	1	0	0	distal	.	.
chr5:180606290-180606476	1	1	0	0	distal	.	.
chr5:180646625-180646801	1	1	0	0	distal	.	.
chr5:180670690-180670840	1	1	0	0	distal	.	.
chr5:180700597-180700756	1	1	0	0	distal	.	.
chr5:180802289-180802450	1	1	0	0	distal	.	.
chr5:180809756-180811037	1	1	0	0	distal	.	.
chr5:180816996-180817169	1	1	0	0	distal	.	.
chr5:180860694-180860980	1	1	0	0	proximal	ZFP62	.
chr5:181161023-181161701	2	1	0	0	distal	.	.
chr5:181188052-181188263	1	1	0	0	distal	.	.
chr5:181188835-181189359	1	1	0	0	distal	.	.
chr5:181191553-181192088	2	1	0	0	proximal	LINC01962,TRIM7-AS2	.
chr5:181206788-181207277	1	1	0	0	proximal	ENSG00000248514	.
chr5:181207496-181207975	1	1	0	0	distal	.	.
chr5:181218230-181218426	1	1	0	0	proximal	ENSG00000286644	.
chr5:181244141-181244482	2	1	0	0	distal	.	.
chr5:181246326-181246745	1	1	0	0	proximal	CTC-338M12.4	.
chr5:181261358-181261555	3	1	0	0	proximal	TRIM52,TRIM52-AS1	.
chr5:181261725-181262334	1	1	0	0	proximal	TRIM52,TRIM52-AS1	.
chr5:181384133-181384500	1	1	0	0	distal	.	.
chr5:181384561-181385097	1	1	0	0	distal	.	.
chr5:181385429-181385737	1	1	0	0	distal	.	.
chr5:1960580-1960730	2	1	0	0	distal	.	.
chr5:2038319-2038610	1	1	0	0	distal	.	.
chr5:217925-218459	1	1	0	0	proximal	CCDC127,ENSG00000260774,ENSG00000286001,SDHA	.
chr5:218860-219054	2	1	0	0	proximal	CCDC127,ENSG00000286001,SDHA	.
chr5:271065-271777	1	1	0	0	proximal	PDCD6,PDCD6-AHRR,PDCD6-DT	.
chr5:31929305-31929500	1	1	0	0	distal	.	.
chr5:32044579-32044729	1	1	0	0	distal	.	.
chr5:32174016-32174651	1	1	0	0	proximal	GOLPH3,GOLPH3-DT	.
chr5:32359497-32359689	1	1	0	0	distal	.	.
chr5:32444254-32444953	1	1	0	0	proximal	ZFR	.
chr5:32585333-32586274	1	1	0	0	distal	.	.
chr5:337655-337817	1	1	0	0	distal	.	.
chr5:34179490-34179795	1	1	0	0	distal	.	.
chr5:34192383-34192743	1	1	0	0	distal	.	.
chr5:34655916-34656483	1	1	0	0	proximal	RAI14	.
chr5:34656630-34657000	1	1	0	0	proximal	ENSG00000250234,RAI14	.
chr5:34684400-34684650	1	1	0	0	distal	.	.
chr5:34885378-34885528	1	1	0	0	distal	.	.
chr5:34915140-34915702	1	1	0	0	proximal	BRIX1	.
chr5:35306915-35307065	1	1	0	0	distal	.	.
chr5:36151702-36152244	1	1	0	0	proximal	LMBRD2,SKP2	.
chr5:36233248-36233398	1	1	0	0	distal	.	.
chr5:36739788-36739938	2	1	0	0	distal	.	.
chr5:36877257-36877551	1	1	0	0	proximal	NIPBL,NIPBL-DT	.
chr5:36891086-36891278	2	1	0	0	distal	.	.
chr5:37090344-37090748	1	1	0	0	distal	.	.
chr5:37743734-37743892	1	1	0	0	distal	.	.
chr5:38258252-38258631	1	1	0	0	proximal	EGFLAM	.
chr5:38532478-38532628	1	1	0	0	distal	.	.
chr5:38551521-38551680	1	1	0	0	distal	.	.
chr5:40804436-40804628	1	1	0	0	distal	.	.
chr5:40835202-40835745	1	1	0	0	proximal	RPL37	.
chr5:40966977-40967127	1	1	0	0	distal	.	.
chr5:41247893-41248043	1	1	0	0	distal	.	.
chr5:414167-414317	1	1	0	0	distal	.	.
chr5:42982042-42982253	1	1	0	0	distal	.	.
chr5:42994953-42995103	1	1	0	0	proximal	ENSG00000286656,ENSG00000289206	.
chr5:43019545-43019695	1	1	0	0	distal	.	.
chr5:43484227-43484522	1	1	0	0	proximal	ENSG00000249492,TMEM267	.
chr5:442910-443380	2	1	0	0	proximal	EXOC3,EXOC3-AS1	.
chr5:472704-472935	3	1	0	0	proximal	PP7080,SLC9A3-AS1	.
chr5:49616478-49616673	1	1	0	0	distal	.	.
chr5:49642161-49642484	1	1	0	0	distal	.	.
chr5:49661368-49661590	1	1	0	0	distal	.	.
chr5:50280184-50280389	1	1	0	0	distal	.	.
chr5:52799894-52800724	1	1	0	0	proximal	PELO-AS1	.
chr5:53008839-53008989	1	1	0	0	distal	.	.
chr5:53560829-53561081	1	1	0	0	proximal	NDUFS4	.
chr5:54310061-54311096	1	1	0	0	proximal	ARL15,ENSG00000288957	.
chr5:54517551-54517798	1	1	0	0	proximal	SNX18	.
chr5:54518238-54518446	1	1	0	0	proximal	SNX18	.
chr5:55160989-55161167	1	1	0	0	proximal	GPX8	.
chr5:55172136-55172339	1	1	0	0	proximal	CDC20B	.
chr5:55173298-55173680	4	1	0	0	proximal	CDC20B	.
chr5:55193286-55193464	1	1	0	0	distal	.	.
chr5:55227153-55227635	1	1	0	0	proximal	MCIDAS	.
chr5:55233057-55233207	1	1	0	0	proximal	CCNO,CCNO-DT	.
chr5:55233447-55233835	1	1	0	0	proximal	CCNO,CCNO-DT	.
chr5:55307579-55308108	1	1	0	0	proximal	DHX29,MTREX	.
chr5:55424337-55424487	1	1	0	0	distal	.	.
chr5:56910246-56910418	1	1	0	0	proximal	ENSG00000225230	.
chr5:57123161-57123405	1	1	0	0	distal	.	.
chr5:58460592-58461014	1	1	0	0	proximal	PLK2	.
chr5:58582667-58583105	1	1	0	0	proximal	RAB3C	.
chr5:58793994-58794175	1	1	0	0	distal	.	.
chr5:58886748-58886943	1	1	0	0	distal	.	.
chr5:59317130-59317957	1	1	0	0	distal	.	.
chr5:59357739-59358038	1	1	0	0	distal	.	.
chr5:61351904-61352057	1	1	0	0	distal	.	.
chr5:61408681-61409041	1	1	0	0	distal	.	.
chr5:61500711-61500937	1	1	0	0	distal	.	.
chr5:61723358-61723508	1	1	0	0	distal	.	.
chr5:628266-628658	1	1	0	0	distal	.	.
chr5:64181124-64181342	1	1	0	0	distal	.	.
chr5:644509-644694	1	1	0	0	distal	.	.
chr5:64714525-64714931	1	1	0	0	distal	.	.
chr5:65510356-65510506	1	1	0	0	distal	.	.
chr5:65534803-65535104	2	1	0	0	distal	.	.
chr5:65562818-65563727	2	1	0	0	proximal	CENPK,PPWD1	.
chr5:65722900-65723050	1	1	0	0	proximal	NLN,SGTB	.
chr5:65916804-65916973	1	1	0	0	distal	.	.
chr5:65925572-65926031	1	1	0	0	proximal	ERBIN-DT	.
chr5:65944514-65944703	1	1	0	0	distal	.	.
chr5:65984177-65984585	1	1	0	0	distal	.	.
chr5:66166430-66166629	3	1	0	0	distal	.	.
chr5:66302721-66303001	1	1	0	0	distal	.	.
chr5:6633263-6633723	1	1	0	0	proximal	NSUN2,SRD5A1	.
chr5:66607905-66608057	1	1	0	0	distal	.	.
chr5:6684606-6684813	1	1	0	0	distal	.	.
chr5:67004163-67004421	1	1	0	0	proximal	MAST4-AS1	.
chr5:681446-681597	1	1	0	0	distal	.	.
chr5:68288652-68288963	1	1	0	0	distal	.	.
chr5:68434304-68434454	1	1	0	0	proximal	ENSG00000248884	.
chr5:692786-693083	1	1	0	0	proximal	ENSG00000289088,TPPP	.
chr5:693296-693637	1	1	0	0	proximal	ENSG00000289088,TPPP	.
chr5:72320169-72320362	1	1	0	0	proximal	PTCD2	.
chr5:72525090-72525240	1	1	0	0	distal	.	.
chr5:72955651-72956263	1	1	0	0	proximal	FCHO2,FCHO2-DT	.
chr5:72986905-72987055	1	1	0	0	distal	.	.
chr5:73437552-73437841	1	1	0	0	distal	.	.
chr5:73447525-73448069	1	1	0	0	proximal	FOXD1	.
chr5:73448548-73448904	1	1	0	0	proximal	FOXD1	.
chr5:73519728-73519980	1	1	0	0	distal	.	.
chr5:74167517-74167887	2	2	1	1	distal	.	.
chr5:74381977-74382127	1	1	0	0	distal	.	.
chr5:745617-745867	1	1	0	0	distal	.	.
chr5:74640836-74641367	2	2	1	1	proximal	ENC1	.
chr5:74767043-74767519	1	1	0	0	proximal	GFM2,NSA2	.
chr5:74799606-74799756	2	2	1	1	distal	.	.
chr5:74865855-74866201	1	1	0	0	proximal	FAM169A,FAM169A-AS1	.
chr5:74866286-74866521	1	1	0	0	proximal	FAM169A,FAM169A-AS1	.
chr5:74866923-74867073	2	1	0	0	proximal	FAM169A	.
chr5:75236819-75237324	1	1	0	0	proximal	ANKRD31	.
chr5:75336829-75337516	1	1	0	0	proximal	ENSG00000247372,HMGCR	.
chr5:75717010-75717815	1	1	0	0	proximal	POC5	.
chr5:76084508-76084679	1	1	0	0	proximal	SV2C-AS1	.
chr5:76337978-76338259	1	1	0	0	distal	.	.
chr5:76542995-76543371	1	1	0	0	distal	.	.
chr5:77030073-77030525	1	1	0	0	proximal	ENSG00000285000	.
chr5:77630185-77630359	1	1	0	0	distal	.	.
chr5:77636991-77637192	1	1	0	0	distal	.	.
chr5:77672106-77672256	1	1	0	0	distal	.	.
chr5:77957895-77958508	1	1	0	0	proximal	ENSG00000287162	.
chr5:78294222-78295388	1	1	0	0	proximal	AP3B1	.
chr5:783166-783483	1	1	0	0	distal	.	.
chr5:784687-784938	1	1	0	0	proximal	ENSG00000288930,ZDHHC11B	.
chr5:785021-785459	3	1	0	0	proximal	ENSG00000288930,ZDHHC11B	.
chr5:78648441-78649002	1	1	0	0	distal	.	.
chr5:78984299-78984941	1	1	0	0	distal	.	.
chr5:79107724-79107969	1	1	0	0	distal	.	.
chr5:79133621-79133896	1	1	0	0	distal	.	.
chr5:79513902-79514743	3	1	0	0	proximal	HOMER1	.
chr5:79611802-79612757	1	1	0	0	proximal	TENT2	.
chr5:79784779-79784997	1	1	0	0	distal	.	.
chr5:79978780-79978994	1	1	0	0	distal	.	.
chr5:79990702-79991586	1	1	0	0	proximal	MTX3,THBS4	.
chr5:80068274-80068489	1	1	0	0	distal	.	.
chr5:80487928-80488695	1	1	0	0	proximal	FAM151B,FAM151B-DT	.
chr5:80569911-80570430	2	1	0	0	proximal	ANKRD34B	.
chr5:80800286-80800436	1	1	0	0	distal	.	.
chr5:80902690-80902936	1	1	0	0	distal	.	.
chr5:81119858-81120089	1	1	0	0	distal	.	.
chr5:81270071-81270455	2	1	0	0	distal	.	.
chr5:81750983-81751711	1	1	0	0	proximal	SSBP2	.
chr5:82387036-82387215	1	1	0	0	distal	.	.
chr5:83087176-83087500	1	1	0	0	distal	.	.
chr5:83474353-83474736	1	1	0	0	distal	.	.
chr5:87267366-87267967	1	1	0	0	proximal	RASA1	.
chr5:87268368-87268569	1	1	0	0	proximal	RASA1	.
chr5:87299508-87299658	1	1	0	0	distal	.	.
chr5:87944524-87944800	1	1	0	0	distal	.	.
chr5:88217353-88217503	1	1	0	0	distal	.	.
chr5:88505249-88505399	1	1	0	0	distal	.	.
chr5:89032773-89033058	1	1	0	0	distal	.	.
chr5:89171424-89171642	1	1	0	0	distal	.	.
chr5:892665-893524	1	1	0	0	proximal	BRD9,TRIP13	.
chr5:90530041-90530316	1	1	0	0	proximal	ADGRV1,LYSMD3	.
chr5:90558322-90559110	1	1	0	0	distal	.	.
chr5:90604924-90605093	1	1	0	0	distal	.	.
chr5:90940760-90941038	1	1	0	0	distal	.	.
chr5:91280182-91280764	1	1	0	0	proximal	ENSG00000234292,ENSG00000286638	.
chr5:91380053-91380796	1	1	0	0	proximal	ARRDC3-AS1	.
chr5:91383292-91383567	1	1	0	0	proximal	ARRDC3	.
chr5:91413430-91413580	1	1	0	0	distal	.	.
chr5:91421728-91422028	1	1	0	0	distal	.	.
chr5:91881452-91881737	1	1	0	0	distal	.	.
chr5:93035297-93035474	1	1	0	0	distal	.	.
chr5:93798105-93798265	1	1	0	0	distal	.	.
chr5:95029851-95030029	1	1	0	0	distal	.	.
chr5:95475840-95476041	1	1	0	0	distal	.	.
chr5:95539728-95539880	1	1	0	0	distal	.	.
chr5:95710079-95710229	1	1	0	0	distal	.	.
chr5:95711475-95711822	1	1	0	0	distal	.	.
chr5:95822184-95822367	1	1	0	0	proximal	GLRX	.
chr5:95824100-95824467	1	1	0	0	distal	.	.
chr5:95858779-95859035	2	1	0	0	distal	.	.
chr5:95900480-95900663	1	1	0	0	distal	.	.
chr5:95961654-95962450	2	1	0	0	proximal	ELL2,ENSG00000251314	.
chr5:96569987-96570238	1	1	0	0	distal	.	.
chr5:96662065-96662499	1	1	0	0	distal	.	.
chr5:96934634-96935660	1	1	0	0	proximal	ENSG00000247121,LNPEP	.
chr5:97192722-97193003	1	1	0	0	distal	.	.
chr5:99526555-99526705	1	1	0	0	distal	.	.
chr6:100099544-100099737	1	1	0	0	distal	.	.
chr6:100176664-100176938	1	1	0	0	distal	.	.
chr6:100177613-100177820	1	1	0	0	distal	.	.
chr6:100196627-100196822	1	1	0	0	distal	.	.
chr6:100464409-100464595	1	1	0	0	proximal	SIM1	.
chr6:100464841-100465191	1	1	0	0	proximal	SIM1	.
chr6:1028295-1028446	1	1	0	0	distal	.	.
chr6:10404005-10405096	1	1	0	0	proximal	TFAP2A-AS2	.
chr6:104922550-104922700	1	1	0	0	distal	.	.
chr6:104941210-104941660	1	1	0	0	proximal	ENSG00000290011,LIN28B-AS1	.
chr6:105179675-105179844	1	1	0	0	proximal	POPDC3	.
chr6:105402599-105403272	1	1	0	0	proximal	ENSG00000286084	.
chr6:105992496-105992715	1	1	0	0	proximal	PRDM1	.
chr6:106061028-106061183	1	1	0	0	distal	.	.
chr6:106085440-106085650	1	1	0	0	distal	.	.
chr6:106564990-106565158	1	1	0	0	distal	.	.
chr6:106739125-106739335	1	1	0	0	distal	.	.
chr6:107027897-107028600	2	1	0	0	proximal	MTRES1	.
chr6:1070339-1070499	1	1	0	0	distal	.	.
chr6:107489381-107490161	2	1	0	0	proximal	SOBP	.
chr6:107590840-107590990	1	1	0	0	distal	.	.
chr6:107675311-107675649	1	1	0	0	distal	.	.
chr6:107848203-107848483	1	1	0	0	distal	.	.
chr6:107848628-107848778	2	1	0	0	distal	.	.
chr6:107957645-107957795	1	1	0	0	proximal	ENSG00000272476,SEC63	.
chr6:108133896-108134262	1	1	0	0	distal	.	.
chr6:108260690-108261452	2	1	0	0	proximal	ENSG00000286562,SNX3	.
chr6:10837780-10838724	1	1	0	0	proximal	MAK	.
chr6:108557991-108558280	2	1	0	0	proximal	ENSG00000287044	.
chr6:108558355-108558691	1	1	0	0	proximal	ENSG00000287044	.
chr6:108562084-108562234	1	1	0	0	distal	.	.
chr6:108589329-108589479	2	1	0	0	distal	.	.
chr6:108848274-108848905	2	1	0	0	proximal	ARMC2	.
chr6:108945109-108945266	1	1	0	0	distal	.	.
chr6:109094536-109095345	1	1	0	0	proximal	CEP57L1,SESN1	.
chr6:109095403-109095619	1	1	0	0	proximal	CEP57L1,SESN1	.
chr6:109181312-109181462	1	1	0	0	distal	.	.
chr6:109353324-109353628	1	1	0	0	distal	.	.
chr6:109382047-109382874	1	1	0	0	proximal	CD164,ENSG00000260273	.
chr6:109382950-109383396	1	1	0	0	proximal	CD164,ENSG00000260273	.
chr6:109441102-109441501	1	1	0	0	proximal	PPIL6,SMPD2	.
chr6:109447777-109448075	1	1	0	0	distal	.	.
chr6:109455646-109455886	3	1	0	0	distal	.	.
chr6:109482980-109483728	1	1	0	0	proximal	ZBTB24,ZBTB24-DT	.
chr6:109679556-109679751	1	1	0	0	distal	.	.
chr6:109690449-109690599	2	1	0	0	proximal	AK9,FIG4	.
chr6:109691071-109691587	1	1	0	0	proximal	AK9,FIG4	.
chr6:109713558-109713803	1	1	0	0	distal	.	.
chr6:109861418-109861599	2	1	0	0	distal	.	.
chr6:110065381-110065598	1	1	0	0	distal	.	.
chr6:110355177-110355327	2	1	0	0	distal	.	.
chr6:110357460-110357677	1	1	0	0	proximal	METTL24	.
chr6:110357755-110358294	1	1	0	0	proximal	METTL24	.
chr6:110403593-110403743	1	1	0	0	distal	.	.
chr6:11044151-11044573	2	1	0	0	proximal	ELOVL2,ELOVL2-AS1	.
chr6:110492678-110492861	1	1	0	0	distal	.	.
chr6:110495919-110496209	1	1	0	0	distal	.	.
chr6:110563847-110563997	1	1	0	0	distal	.	.
chr6:110619360-110619510	1	1	0	0	distal	.	.
chr6:110781679-110781829	1	1	0	0	distal	.	.
chr6:110873944-110874188	2	1	0	0	proximal	AMD1	.
chr6:110874357-110874889	1	1	0	0	proximal	AMD1	.
chr6:111057417-111057577	1	1	0	0	distal	.	.
chr6:111173412-111173657	1	1	0	0	distal	.	.
chr6:111252311-111252461	1	1	0	0	distal	.	.
chr6:111259022-111259421	2	1	0	0	proximal	MFSD4B,MFSD4B-DT	.
chr6:111300719-111300993	1	1	0	0	distal	.	.
chr6:111328276-111328457	1	1	0	0	distal	.	.
chr6:111482777-111484246	1	1	0	0	proximal	REV3L,TRAF3IP2-AS1	.
chr6:111591304-111591744	1	1	0	0	distal	.	.
chr6:111615362-111615537	1	1	0	0	distal	.	.
chr6:111872046-111872724	1	1	0	0	distal	.	.
chr6:111908434-111908938	2	1	0	0	proximal	LINC02527	.
chr6:111958004-111958165	1	1	0	0	distal	.	.
chr6:112180304-112180530	1	1	0	0	distal	.	.
chr6:112254410-112254670	1	1	0	0	proximal	LAMA4	.
chr6:112282208-112282459	1	1	0	0	distal	.	.
chr6:11232509-11232809	2	1	0	0	distal	.	.
chr6:112371710-112371860	1	1	0	0	distal	.	.
chr6:112372308-112372458	2	1	0	0	distal	.	.
chr6:113356879-113357060	2	1	0	0	distal	.	.
chr6:113858918-113859366	1	1	0	0	distal	.	.
chr6:113957248-113957797	1	1	0	0	distal	.	.
chr6:113970787-113971573	1	1	0	0	distal	.	.
chr6:114023307-114023572	1	1	0	0	distal	.	.
chr6:114108193-114108343	1	1	0	0	distal	.	.
chr6:114342882-114343214	1	1	0	0	proximal	HS3ST5	.
chr6:11537286-11537926	1	1	0	0	proximal	TMEM170B	.
chr6:116370723-116371838	1	1	0	0	distal	.	.
chr6:116501230-116501600	1	1	0	0	distal	.	.
chr6:116511707-116511931	1	1	0	0	proximal	CALHM5	.
chr6:116668313-116669137	1	1	0	0	proximal	ZUP1	.
chr6:116680759-116681818	2	1	0	0	proximal	KPNA5	.
chr6:116759078-116759228	1	1	0	0	distal	.	.
chr6:116875013-116875163	1	1	0	0	distal	.	.
chr6:117265199-117265737	1	1	0	0	proximal	ENSG00000287253,VGLL2	.
chr6:117389279-117389429	1	1	0	0	distal	.	.
chr6:117482319-117482692	2	1	0	0	distal	.	.
chr6:117482834-117483126	2	1	0	0	distal	.	.
chr6:117601999-117602725	1	1	0	0	proximal	GOPC	.
chr6:117674943-117675753	1	1	0	0	proximal	ENSG00000289372,NUS1	.
chr6:117907014-117907680	3	1	0	0	proximal	SLC35F1	.
chr6:117907916-117908229	1	1	0	0	proximal	SLC35F1	.
chr6:11791297-11791447	1	1	0	0	distal	.	.
chr6:117919922-117920169	1	1	0	0	distal	.	.
chr6:117976148-117976307	1	1	0	0	distal	.	.
chr6:118650984-118651963	1	1	0	0	distal	.	.
chr6:118659769-118659919	1	1	0	0	distal	.	.
chr6:118893549-118893745	2	1	0	0	proximal	ASF1A	.
chr6:118894448-118894787	2	1	0	0	proximal	ASF1A	.
chr6:118900482-118900661	1	1	0	0	distal	.	.
chr6:119032621-119032820	1	1	0	0	distal	.	.
chr6:119136975-119137190	1	1	0	0	distal	.	.
chr6:119203578-119203728	1	1	0	0	distal	.	.
chr6:11921137-11921432	1	1	0	0	distal	.	.
chr6:119278776-119278981	1	1	0	0	distal	.	.
chr6:11938566-11938919	1	1	0	0	distal	.	.
chr6:119436727-119436912	1	1	0	0	distal	.	.
chr6:11947163-11947489	1	1	0	0	distal	.	.
chr6:11960170-11960386	1	1	0	0	distal	.	.
chr6:119742295-119742445	1	1	0	0	distal	.	.
chr6:120005529-120005679	1	1	0	0	distal	.	.
chr6:12008973-12009245	1	1	0	0	proximal	HIVEP1	.
chr6:12011240-12011726	1	1	0	0	distal	.	.
chr6:12052131-12052281	1	1	0	0	distal	.	.
chr6:121573588-121573738	1	1	0	0	distal	.	.
chr6:121593332-121593482	1	1	0	0	distal	.	.
chr6:122249998-122250148	2	1	0	0	distal	.	.
chr6:122400149-122400323	1	1	0	0	proximal	HSF2	.
chr6:122696985-122697140	1	1	0	0	distal	.	.
chr6:122872254-122872404	1	1	0	0	distal	.	.
chr6:12290301-12290494	1	1	0	0	proximal	EDN1	.
chr6:123091101-123091482	1	1	0	0	distal	.	.
chr6:123362194-123362344	2	1	0	0	distal	.	.
chr6:12355303-12355453	1	1	0	0	distal	.	.
chr6:123661645-123661974	1	1	0	0	distal	.	.
chr6:123738026-123738223	1	1	0	0	distal	.	.
chr6:124077057-124077324	1	1	0	0	distal	.	.
chr6:124823467-124823929	1	1	0	0	distal	.	.
chr6:124961944-124962349	1	1	0	0	proximal	RNF217	.
chr6:124962609-124963190	1	1	0	0	proximal	RNF217,RNF217-AS1	.
chr6:125024581-125024740	1	1	0	0	distal	.	.
chr6:125197871-125198176	1	1	0	0	distal	.	.
chr6:125301474-125302072	2	1	0	0	proximal	HDDC2	.
chr6:125363341-125363584	1	1	0	0	distal	.	.
chr6:125780213-125780543	1	1	0	0	proximal	NCOA7	.
chr6:125790210-125790488	1	1	0	0	distal	.	.
chr6:125821810-125821965	1	1	0	0	distal	.	.
chr6:12594384-12594548	2	1	0	0	distal	.	.
chr6:125956590-125957387	2	1	0	0	proximal	HINT3	.
chr6:126511342-126511670	1	1	0	0	distal	.	.
chr6:126746373-126746523	1	1	0	0	distal	.	.
chr6:127303510-127303660	1	1	0	0	distal	.	.
chr6:127343186-127343686	2	2	1	1	proximal	ECHDC1	.
chr6:127365359-127365509	2	2	1	1	distal	.	.
chr6:127515991-127516371	1	1	0	0	distal	.	.
chr6:127516781-127516931	2	2	1	1	distal	.	.
chr6:127593232-127593459	1	1	0	0	distal	.	.
chr6:127642056-127642206	1	1	0	0	distal	.	.
chr6:12914109-12914259	1	1	0	0	distal	.	.
chr6:129501525-129501735	1	1	0	0	distal	.	.
chr6:129588398-129588611	1	1	0	0	distal	.	.
chr6:129936546-129936731	1	1	0	0	distal	.	.
chr6:130020185-130020434	1	1	0	0	distal	.	.
chr6:130121049-130121261	1	1	0	0	distal	.	.
chr6:130225174-130225324	1	1	0	0	distal	.	.
chr6:130377006-130377156	1	1	0	0	distal	.	.
chr6:130752103-130752253	1	1	0	0	distal	.	.
chr6:13081610-13081854	2	1	0	0	distal	.	.
chr6:131062932-131063554	1	1	0	0	proximal	EPB41L2	.
chr6:13118379-13118611	1	1	0	0	distal	.	.
chr6:131643325-131643475	1	1	0	0	distal	.	.
chr6:131807416-131808072	1	1	0	0	proximal	ENPP1	.
chr6:131816126-131816487	1	1	0	0	distal	.	.
chr6:13188484-13188634	1	1	0	0	distal	.	.
chr6:132279611-132279800	1	1	0	0	distal	.	.
chr6:132401497-132401715	1	1	0	0	proximal	MOXD1	.
chr6:132798441-132798591	2	2	1	1	distal	.	.
chr6:132799795-132799945	2	2	1	1	distal	.	.
chr6:13294377-13294527	1	1	0	0	distal	.	.
chr6:13328153-13328974	1	1	0	0	proximal	ENSG00000289257,TBC1D7	.
chr6:133341978-133342177	2	2	1	1	distal	.	.
chr6:133568976-133569368	1	1	0	0	distal	.	.
chr6:1336703-1336853	1	1	0	0	distal	.	.
chr6:134178352-134178514	1	1	0	0	distal	.	.
chr6:134197476-134197639	1	1	0	0	distal	.	.
chr6:134298001-134298206	1	1	0	0	distal	.	.
chr6:13447030-13447180	2	1	0	0	distal	.	.
chr6:134607669-134608093	1	1	0	0	distal	.	.
chr6:13488297-13488569	1	1	0	0	proximal	GFOD1	.
chr6:134908783-134909115	1	1	0	0	distal	.	.
chr6:135054339-135054555	1	1	0	0	proximal	ENSG00000232876	.
chr6:135054730-135055496	1	1	0	0	proximal	ENSG00000232876	.
chr6:135181138-135181331	1	1	0	0	proximal	MYB	.
chr6:13547695-13547845	1	1	0	0	distal	.	.
chr6:135497351-135497995	1	1	0	0	proximal	AHI1,AHI1-DT	.
chr6:135651630-135651780	1	1	0	0	distal	.	.
chr6:13574235-13575439	1	1	0	0	proximal	SIRT5	.
chr6:135820450-135820635	1	1	0	0	distal	.	.
chr6:135909835-135910111	1	1	0	0	distal	.	.
chr6:13594624-13594774	2	1	0	0	distal	.	.
chr6:136289214-136289570	1	1	0	0	proximal	BCLAF1,ENSG00000289312	.
chr6:136289702-136290572	1	1	0	0	proximal	BCLAF1,ENSG00000289312	.
chr6:136761571-136761722	1	1	0	0	distal	.	.
chr6:136792244-136792987	1	1	0	0	proximal	MAP3K5	.
chr6:13688560-13688887	2	1	0	0	distal	.	.
chr6:136921635-136922090	1	1	0	0	proximal	SLC35D3	.
chr6:136922333-136922693	2	1	0	0	proximal	SLC35D3	.
chr6:137076592-137076755	1	1	0	0	distal	.	.
chr6:137248850-137249000	1	1	0	0	distal	.	.
chr6:137309228-137309447	1	1	0	0	distal	.	.
chr6:137314170-137314555	1	1	0	0	distal	.	.
chr6:137510961-137511111	1	1	0	0	distal	.	.
chr6:137574433-137574583	2	1	0	0	distal	.	.
chr6:137616069-137616246	1	1	0	0	distal	.	.
chr6:137707989-137708152	1	1	0	0	distal	.	.
chr6:137905033-137905183	1	1	0	0	distal	.	.
chr6:138107365-138107583	1	1	0	0	proximal	PERP	.
chr6:138130497-138130647	1	1	0	0	distal	.	.
chr6:13813699-13814793	2	1	0	0	proximal	MCUR1	.
chr6:138209295-138209457	1	1	0	0	distal	.	.
chr6:138329933-138330118	1	1	0	0	distal	.	.
chr6:138338475-138338625	1	1	0	0	distal	.	.
chr6:138403862-138404718	2	1	0	0	proximal	HEBP2	.
chr6:138415198-138415409	2	1	0	0	distal	.	.
chr6:138499330-138499670	2	1	0	0	distal	.	.
chr6:138591003-138591153	1	1	0	0	distal	.	.
chr6:138722721-138722931	1	1	0	0	distal	.	.
chr6:138773275-138773864	1	1	0	0	proximal	CCDC28A,CCDC28A-AS1	.
chr6:1388330-1388520	1	1	0	0	distal	.	.
chr6:1389350-1389765	1	1	0	0	proximal	FOXF2	.
chr6:13924599-13925020	1	1	0	0	proximal	RNF182	.
chr6:139292049-139292331	1	1	0	0	proximal	TXLNB	.
chr6:139300913-139301117	1	1	0	0	distal	.	.
chr6:14144704-14144935	1	1	0	0	distal	.	.
chr6:14210827-14211502	1	1	0	0	proximal	ENSG00000285639,ENSG00000286281	.
chr6:142301831-142302311	1	1	0	0	proximal	ADGRG6	.
chr6:142377223-142377566	1	1	0	0	distal	.	.
chr6:142723343-142723493	1	1	0	0	distal	.	.
chr6:142756751-142756901	1	1	0	0	distal	.	.
chr6:142845968-142846466	2	1	0	0	distal	.	.
chr6:142945741-142945945	1	1	0	0	proximal	HIVEP2-DT	.
chr6:142946300-142946641	1	1	0	0	proximal	HIVEP2-DT	.
chr6:143060294-143060995	1	1	0	0	proximal	AIG1,LINC01277	.
chr6:143204254-143204404	1	1	0	0	distal	.	.
chr6:143224259-143224446	1	1	0	0	distal	.	.
chr6:143294028-143294265	1	1	0	0	distal	.	.
chr6:143449826-143450230	1	1	0	0	proximal	ADAT2,PEX3	.
chr6:143450617-143451347	1	1	0	0	proximal	ADAT2,PEX3	.
chr6:143511245-143511486	1	1	0	0	proximal	FUCA2	.
chr6:143511634-143511817	4	1	0	0	proximal	FUCA2	.
chr6:143536568-143537943	1	1	0	0	proximal	PHACTR2	.
chr6:143814052-143814289	1	1	0	0	distal	.	.
chr6:143982625-143982775	1	1	0	0	distal	.	.
chr6:143983107-143983257	1	1	0	0	distal	.	.
chr6:144063659-144063862	1	1	0	0	proximal	PLAGL1	.
chr6:144063986-144064222	1	1	0	0	proximal	PLAGL1	.
chr6:144133411-144133561	1	1	0	0	distal	.	.
chr6:144170844-144171191	1	1	0	0	distal	.	.
chr6:144286073-144286635	1	1	0	0	distal	.	.
chr6:144534423-144534618	1	1	0	0	distal	.	.
chr6:144559999-144560204	1	1	0	0	distal	.	.
chr6:144661366-144661718	1	1	0	0	distal	.	.
chr6:144977187-144977536	1	1	0	0	distal	.	.
chr6:148065491-148065690	1	1	0	0	distal	.	.
chr6:148640707-148640909	1	1	0	0	distal	.	.
chr6:148947990-148948206	1	1	0	0	distal	.	.
chr6:149033000-149033150	1	1	0	0	proximal	UST-AS2	.
chr6:149279156-149279367	1	1	0	0	distal	.	.
chr6:149301138-149301423	1	1	0	0	distal	.	.
chr6:149423476-149423885	1	1	0	0	distal	.	.
chr6:149517633-149517783	1	1	0	0	distal	.	.
chr6:149546500-149546817	1	1	0	0	proximal	PPIL4	.
chr6:149565998-149566827	3	1	0	0	proximal	GINM1	.
chr6:149594131-149594299	3	1	0	0	distal	.	.
chr6:149668646-149668818	1	1	0	0	distal	.	.
chr6:149717557-149718483	2	1	0	0	proximal	ENSG00000278899,LATS1	.
chr6:149723936-149724133	2	1	0	0	distal	.	.
chr6:149746470-149746723	2	1	0	0	distal	.	.
chr6:149792010-149792160	1	1	0	0	distal	.	.
chr6:149863790-149864176	1	1	0	0	proximal	LRP11,RAET1E-AS1	.
chr6:149913476-149913716	1	1	0	0	distal	.	.
chr6:149923020-149923298	1	1	0	0	proximal	RAET1G	.
chr6:149926211-149926463	2	1	0	0	distal	.	.
chr6:149941785-149942634	4	1	0	0	proximal	ULBP2	.
chr6:149990176-149990381	2	1	0	0	distal	.	.
chr6:150004708-150004964	2	1	0	0	proximal	RAET1K	.
chr6:150016780-150016930	1	1	0	0	distal	.	.
chr6:150027597-150027940	1	1	0	0	distal	.	.
chr6:150070966-150071118	1	1	0	0	distal	.	.
chr6:150080758-150080936	1	1	0	0	distal	.	.
chr6:150197605-150197878	2	1	0	0	distal	.	.
chr6:150418329-150418479	1	1	0	0	distal	.	.
chr6:150419124-150419291	2	1	0	0	distal	.	.
chr6:150528541-150528952	1	1	0	0	distal	.	.
chr6:150582414-150582564	2	1	0	0	distal	.	.
chr6:150600521-150600977	2	1	0	0	proximal	ENSG00000232891,PLEKHG1	.
chr6:150662297-150662640	2	1	0	0	distal	.	.
chr6:150668532-150668706	1	1	0	0	distal	.	.
chr6:150779333-150779483	1	1	0	0	distal	.	.
chr6:150865512-150865984	1	1	0	0	proximal	MTHFD1L	.
chr6:150866213-150866585	3	1	0	0	proximal	MTHFD1L	.
chr6:150872416-150872566	1	1	0	0	distal	.	.
chr6:150997224-150997374	2	1	0	0	distal	.	.
chr6:151045049-151045424	1	1	0	0	distal	.	.
chr6:151240350-151240586	1	1	0	0	proximal	AKAP12	.
chr6:151240970-151241464	2	1	0	0	distal	.	.
chr6:15147925-15148303	1	1	0	0	distal	.	.
chr6:151552815-151553048	1	1	0	0	distal	.	.
chr6:151675707-151676213	1	1	0	0	distal	.	.
chr6:152301760-152302363	1	1	0	0	distal	.	.
chr6:15255273-15255468	2	1	0	0	distal	.	.
chr6:153231158-153231308	1	1	0	0	proximal	ENSG00000213121	.
chr6:153979176-153979537	1	1	0	0	distal	.	.
chr6:15400029-15400417	1	1	0	0	distal	.	.
chr6:15400744-15400946	1	1	0	0	distal	.	.
chr6:154342425-154342632	1	1	0	0	distal	.	.
chr6:154593165-154593625	1	1	0	0	distal	.	.
chr6:154695255-154695588	1	1	0	0	distal	.	.
chr6:15491491-15491660	1	1	0	0	distal	.	.
chr6:155174600-155174750	1	1	0	0	distal	.	.
chr6:15523231-15523435	1	1	0	0	distal	.	.
chr6:155278684-155278834	1	1	0	0	distal	.	.
chr6:15531187-15531342	1	1	0	0	distal	.	.
chr6:155381972-155382224	1	1	0	0	proximal	ENSG00000232529	.
chr6:155974143-155974296	1	1	0	0	distal	.	.
chr6:15604425-15604575	1	1	0	0	distal	.	.
chr6:156337616-156337766	1	1	0	0	distal	.	.
chr6:15662279-15663220	5	1	0	0	proximal	DTNBP1	.
chr6:156777117-156777306	1	1	0	0	distal	.	.
chr6:157021259-157021882	1	1	0	0	distal	.	.
chr6:157022015-157022413	3	1	0	0	distal	.	.
chr6:157323118-157323904	1	1	0	0	proximal	TMEM242,TMEM242-DT	.
chr6:157756757-157756971	1	1	0	0	distal	.	.
chr6:15785191-15785392	1	1	0	0	distal	.	.
chr6:157873818-157873973	1	1	0	0	distal	.	.
chr6:157953384-157953624	2	1	0	0	distal	.	.
chr6:157981454-157981883	1	1	0	0	proximal	SYNJ2	.
chr6:157989804-157990302	1	1	0	0	distal	.	.
chr6:158031398-158031775	1	1	0	0	distal	.	.
chr6:158040604-158040787	1	1	0	0	distal	.	.
chr6:158167830-158168967	1	1	0	0	proximal	GTF2H5,SERAC1	.
chr6:158231643-158232472	1	1	0	0	proximal	TULP4	.
chr6:158552268-158552551	1	1	0	0	distal	.	.
chr6:158704268-158704454	1	1	0	0	distal	.	.
chr6:158767053-158767203	1	1	0	0	distal	.	.
chr6:158818280-158819053	1	1	0	0	proximal	EZR,EZR-AS1	.
chr6:158852633-158852839	1	1	0	0	proximal	ENSG00000285159	.
chr6:158853202-158853602	1	1	0	0	proximal	ENSG00000285159	.
chr6:158869177-158870301	1	1	0	0	proximal	LINC02901	.
chr6:159104159-159104350	1	1	0	0	distal	.	.
chr6:159134783-159134985	2	1	0	0	distal	.	.
chr6:15949380-15949530	1	1	0	0	distal	.	.
chr6:159693237-159693875	1	1	0	0	distal	.	.
chr6:159711521-159711988	1	1	0	0	distal	.	.
chr6:159726885-159727876	1	1	0	0	distal	.	.
chr6:1597370-1597639	1	1	0	0	distal	.	.
chr6:159968823-159969084	1	1	0	0	proximal	IGF2R	.
chr6:159997118-159997477	1	1	0	0	distal	.	.
chr6:160024023-160024243	1	1	0	0	distal	.	.
chr6:1609338-1609592	1	1	0	0	proximal	FOXC1	.
chr6:161273788-161274280	1	1	0	0	proximal	AGPAT4	.
chr6:161286892-161287096	2	2	1	1	distal	.	.
chr6:161586852-161587299	2	1	0	0	distal	.	.
chr6:161656082-161656232	2	2	1	1	distal	.	.
chr6:161703455-161703668	2	2	1	1	distal	.	.
chr6:161891507-161891855	1	1	0	0	distal	.	.
chr6:16206687-16206837	1	1	0	0	distal	.	.
chr6:162727355-162728109	1	1	0	0	proximal	PACRG,PRKN	.
chr6:16277384-16277581	1	1	0	0	distal	.	.
chr6:16285807-16285996	1	1	0	0	distal	.	.
chr6:16286208-16286391	5	2	1	1	distal	.	.
chr6:16320063-16320285	1	1	0	0	distal	.	.
chr6:163295916-163296066	1	1	0	0	distal	.	.
chr6:163414562-163414972	1	1	0	0	proximal	CAHM,QKI	.
chr6:163716193-163716343	1	1	0	0	distal	.	.
chr6:164405945-164406133	1	1	0	0	distal	.	.
chr6:164710317-164710487	1	1	0	0	distal	.	.
chr6:16491161-16491424	3	2	1	1	distal	.	.
chr6:16547956-16548173	2	2	1	1	distal	.	.
chr6:165674362-165674724	1	1	0	0	distal	.	.
chr6:166097588-166097905	1	1	0	0	proximal	ENSG00000287824	.
chr6:16632640-16632790	1	1	0	0	distal	.	.
chr6:166573642-166573792	1	1	0	0	distal	.	.
chr6:16712552-16712779	1	1	0	0	distal	.	.
chr6:16722119-16722292	1	1	0	0	distal	.	.
chr6:167267166-167267331	1	1	0	0	distal	.	.
chr6:167355906-167356097	1	1	0	0	distal	.	.
chr6:167589903-167590110	1	1	0	0	distal	.	.
chr6:16761277-16762048	3	1	0	0	proximal	ATXN1,ATXN1-AS1	.
chr6:167827114-167827377	1	1	0	0	proximal	AFDN,AFDN-DT	.
chr6:167827565-167827950	1	1	0	0	proximal	AFDN,AFDN-DT	.
chr6:167847146-167847296	1	1	0	0	distal	.	.
chr6:167966340-167966520	1	1	0	0	distal	.	.
chr6:16803800-16804142	2	1	0	0	distal	.	.
chr6:16849384-16849827	1	1	0	0	distal	.	.
chr6:169380406-169380561	1	1	0	0	distal	.	.
chr6:169701767-169702694	1	1	0	0	proximal	C6orf120,ENSG00000285733,WDR27	.
chr6:170036962-170037198	1	1	0	0	distal	.	.
chr6:170108712-170108862	2	1	0	0	distal	.	.
chr6:170553207-170553507	1	1	0	0	proximal	PSMB1,TBP	.
chr6:1709179-1709349	1	1	0	0	distal	.	.
chr6:17098704-17098854	1	1	0	0	distal	.	.
chr6:17232984-17233134	1	1	0	0	distal	.	.
chr6:17281392-17281840	1	1	0	0	proximal	ENSG00000287559,ENSG00000288812,RBM24	.
chr6:17393561-17394080	1	1	0	0	proximal	CAP2	.
chr6:17433002-17433210	1	1	0	0	distal	.	.
chr6:17472524-17473014	1	1	0	0	distal	.	.
chr6:17484317-17484660	1	1	0	0	distal	.	.
chr6:17600106-17600773	1	1	0	0	proximal	ENSG00000286885,FAM8A1	.
chr6:17721606-17721768	1	1	0	0	distal	.	.
chr6:17784028-17784178	1	1	0	0	distal	.	.
chr6:1809251-1809490	1	1	0	0	distal	.	.
chr6:18264048-18265028	2	1	0	0	proximal	DEK	.
chr6:18488322-18488547	1	1	0	0	distal	.	.
chr6:1850126-1850276	1	1	0	0	distal	.	.
chr6:1885069-1885219	1	1	0	0	distal	.	.
chr6:1893910-1894060	1	1	0	0	distal	.	.
chr6:1914133-1914283	1	1	0	0	distal	.	.
chr6:19851611-19852136	1	1	0	0	distal	.	.
chr6:19904542-19904692	1	1	0	0	distal	.	.
chr6:2030968-2031118	1	1	0	0	distal	.	.
chr6:20403397-20403780	1	1	0	0	distal	.	.
chr6:2089664-2089908	1	1	0	0	distal	.	.
chr6:20918268-20918418	1	1	0	0	distal	.	.
chr6:2109075-2109286	1	1	0	0	distal	.	.
chr6:21588551-21589177	2	1	0	0	distal	.	.
chr6:21594956-21595106	1	1	0	0	proximal	ENSG00000283480	.
chr6:21629567-21629717	1	1	0	0	distal	.	.
chr6:21800993-21801172	1	1	0	0	distal	.	.
chr6:2202038-2202188	1	1	0	0	distal	.	.
chr6:22217406-22217581	1	1	0	0	distal	.	.
chr6:2245276-2245897	1	1	0	0	proximal	GMDS,GMDS-DT	.
chr6:2268080-2268296	1	1	0	0	distal	.	.
chr6:229316-229575	1	1	0	0	distal	.	.
chr6:2320516-2320807	1	1	0	0	distal	.	.
chr6:24319586-24319771	1	1	0	0	distal	.	.
chr6:24341694-24341844	1	1	0	0	distal	.	.
chr6:2450242-2450440	1	1	0	0	distal	.	.
chr6:24521029-24521212	2	1	0	0	distal	.	.
chr6:2454240-2454390	2	1	0	0	distal	.	.
chr6:24645610-24646254	1	1	0	0	proximal	KIAA0319	.
chr6:24666437-24667474	1	1	0	0	proximal	ACOT13,TDP2	.
chr6:24720180-24720439	1	1	0	0	proximal	C6orf62,ENSG00000288851	.
chr6:24809824-24810018	1	1	0	0	proximal	ENSG00000282804	.
chr6:24925404-24925754	1	1	0	0	distal	.	.
chr6:25070785-25070996	1	1	0	0	distal	.	.
chr6:25315415-25315596	1	1	0	0	distal	.	.
chr6:25547888-25548110	1	1	0	0	distal	.	.
chr6:25556505-25556938	1	1	0	0	distal	.	.
chr6:25586696-25586893	1	1	0	0	distal	.	.
chr6:25780248-25780398	1	1	0	0	distal	.	.
chr6:25788560-25788772	1	1	0	0	distal	.	.
chr6:25843359-25843513	2	2	0	0	distal	.	.
chr6:25925717-25925867	1	1	0	0	distal	.	.
chr6:25939711-25939890	1	1	0	0	distal	.	.
chr6:25962191-25962511	2	2	1	1	proximal	TRIM38	.
chr6:25992490-25993096	3	2	0	0	proximal	LINC02980	.
chr6:26000611-26000854	1	1	0	0	distal	.	.
chr6:26020323-26020616	1	1	0	0	proximal	H3C1	.
chr6:26021380-26021881	3	2	1	1	proximal	H4C1	.
chr6:26026866-26027280	5	3	1	1	proximal	H4C2	.
chr6:26055121-26055923	1	1	0	0	proximal	H1-2	.
chr6:26056306-26056606	5	3	1	1	proximal	H1-2	.
chr6:26066228-26066392	1	1	0	0	distal	.	.
chr6:26103639-26104328	1	1	0	0	proximal	H4C3	.
chr6:26104396-26104573	1	1	0	0	proximal	H4C3	.
chr6:26123029-26123449	1	1	0	0	proximal	H2AC6,H2BC4	.
chr6:26123703-26124401	3	2	1	1	proximal	H2AC6,H2BC4	.
chr6:26157829-26158393	3	2	0	0	proximal	ENSG00000289117,H2BC5	.
chr6:26171807-26172239	3	1	0	0	proximal	ENSG00000283064,H2BC6	.
chr6:26188401-26188607	1	1	0	0	proximal	H4C4	.
chr6:26188682-26189300	1	1	0	0	proximal	H4C4	.
chr6:26199055-26199600	2	1	0	0	proximal	ENSG00000282988,H2AC7,H2BC7	.
chr6:26204410-26204952	3	1	0	0	proximal	H4C5	.
chr6:26223287-26223628	3	2	0	0	proximal	H3C6	.
chr6:26224004-26224429	3	2	0	0	proximal	H3C6	.
chr6:26250204-26250467	5	2	1	1	proximal	H3C7	.
chr6:26285273-26285746	1	1	0	0	proximal	ENSG00000289447,H4C8	.
chr6:26305155-26305574	2	1	0	0	distal	.	.
chr6:26311719-26311869	1	1	0	0	distal	.	.
chr6:26312960-26313276	2	1	0	0	distal	.	.
chr6:26322083-26323164	1	1	0	0	distal	.	.
chr6:26330282-26330469	2	2	0	0	distal	.	.
chr6:26331338-26331571	1	1	0	0	proximal	ENSG00000287050	.
chr6:26341504-26342121	6	3	2	2	distal	.	.
chr6:2634210-2634782	1	1	0	0	proximal	LINC01600	.
chr6:26365054-26365599	2	2	0	0	proximal	BTN3A2	.
chr6:26382924-26383505	2	2	0	0	proximal	BTN2A2	.
chr6:26402100-26402278	2	2	0	0	proximal	BTN3A1	.
chr6:26402407-26402595	2	2	0	0	proximal	BTN3A1	.
chr6:26457764-26458046	5	2	0	0	proximal	BTN2A1	.
chr6:26473845-26474069	2	2	0	0	proximal	ENSG00000290055	.
chr6:26474142-26474358	2	1	0	0	proximal	ENSG00000290055	.
chr6:26520501-26520651	1	1	0	0	distal	.	.
chr6:26520770-26521327	3	3	1	1	proximal	HCG11	.
chr6:26521465-26521901	2	2	0	0	proximal	HCG11	.
chr6:26521975-26522132	1	1	0	0	proximal	HCG11	.
chr6:26532837-26533047	3	2	0	0	distal	.	.
chr6:26537317-26537759	5	2	1	1	proximal	HMGN4	.
chr6:26538249-26538691	3	2	0	0	proximal	HMGN4	.
chr6:26553398-26553615	1	1	0	0	distal	.	.
chr6:26554059-26554270	3	3	1	1	distal	.	.
chr6:26555222-26555417	4	3	2	1	distal	.	.
chr6:26556501-26556937	6	3	1	1	distal	.	.
chr6:26568761-26568940	2	1	0	0	proximal	ENSG00000284607	.
chr6:26569158-26569335	1	1	0	0	proximal	ENSG00000284607	.
chr6:26571696-26572140	1	1	0	0	distal	.	.
chr6:26572421-26572838	4	2	0	0	distal	.	.
chr6:26577546-26577714	1	1	0	0	distal	.	.
chr6:26595657-26596214	1	1	0	0	distal	.	.
chr6:26596647-26597249	2	1	0	0	proximal	ABT1	.
chr6:26607489-26607659	4	3	2	1	distal	.	.
chr6:26659472-26660174	4	2	0	0	proximal	ZNF322	.
chr6:26743139-26743332	4	2	0	0	distal	.	.
chr6:26743411-26743826	3	2	1	1	distal	.	.
chr6:26755412-26755604	2	2	0	0	distal	.	.
chr6:26756037-26756361	2	2	0	0	distal	.	.
chr6:26863569-26863825	1	1	0	0	distal	.	.
chr6:26956157-26957163	3	2	0	0	proximal	GUSBP2,LINC00240	.
chr6:27019669-27020088	2	2	0	0	proximal	ENSG00000287966	.
chr6:27020189-27020483	3	2	0	0	proximal	ENSG00000287966	.
chr6:27078739-27079228	5	2	0	0	distal	.	.
chr6:27091666-27092074	2	2	0	0	distal	.	.
chr6:27127135-27127459	4	2	1	1	distal	.	.
chr6:27131911-27132070	4	2	0	0	proximal	H2BC11	.
chr6:27145763-27146271	1	1	0	0	proximal	H2BC12	.
chr6:27146599-27147390	4	2	0	0	proximal	H2AC12,H2BC12	.
chr6:27157807-27158226	2	2	0	0	distal	.	.
chr6:27177732-27178351	2	1	0	0	proximal	ENSG00000290009	.
chr6:27188908-27189094	1	1	0	0	distal	.	.
chr6:27196162-27196312	1	1	0	0	distal	.	.
chr6:27209342-27209492	1	1	0	0	distal	.	.
chr6:27213523-27214018	1	1	0	0	distal	.	.
chr6:27214335-27214507	1	1	0	0	distal	.	.
chr6:27214757-27214944	5	2	0	0	distal	.	.
chr6:27215115-27215329	1	1	0	0	distal	.	.
chr6:27229752-27230175	1	1	0	0	distal	.	.
chr6:27230233-27230619	1	1	0	0	distal	.	.
chr6:27235572-27235731	3	2	0	0	distal	.	.
chr6:27250953-27251996	2	1	0	0	distal	.	.
chr6:27280222-27280380	1	1	0	0	distal	.	.
chr6:27296351-27296656	3	2	0	0	distal	.	.
chr6:27297971-27298140	5	2	3	1	distal	.	.
chr6:27312241-27312974	3	2	1	1	proximal	POM121L2	.
chr6:27332980-27333147	1	1	0	0	distal	.	.
chr6:27334697-27335181	1	1	0	0	distal	.	.
chr6:27365877-27366027	4	2	3	1	distal	.	.
chr6:27375161-27375445	3	2	0	0	proximal	ENSG00000291112,ZNF391	.
chr6:27389180-27389432	2	2	0	0	distal	.	.
chr6:27472141-27473264	3	1	0	0	proximal	ENSG00000286652,ZNF184	.
chr6:27478767-27479159	2	2	0	0	distal	.	.
chr6:27479272-27479806	1	1	0	0	distal	.	.
chr6:27495461-27495879	2	2	0	0	distal	.	.
chr6:27502700-27502929	2	2	0	0	distal	.	.
chr6:27503002-27503290	2	2	1	1	distal	.	.
chr6:27547228-27547450	2	2	0	0	distal	.	.
chr6:27548629-27548798	4	2	0	0	distal	.	.
chr6:27553126-27553689	5	2	1	1	distal	.	.
chr6:27592486-27592941	2	2	0	0	distal	.	.
chr6:27601991-27602737	2	2	0	0	distal	.	.
chr6:27605590-27605809	1	1	0	0	distal	.	.
chr6:27617269-27617592	1	1	0	0	distal	.	.
chr6:27618213-27618591	2	2	1	1	distal	.	.
chr6:27650618-27651064	5	2	0	0	distal	.	.
chr6:27651369-27651710	3	2	0	0	distal	.	.
chr6:27671963-27672508	1	1	0	0	distal	.	.
chr6:27687514-27687772	1	1	0	0	distal	.	.
chr6:27688126-27688395	5	2	1	1	distal	.	.
chr6:27693622-27694514	1	1	0	0	proximal	LINC01012	.
chr6:27752302-27752571	3	2	0	0	distal	.	.
chr6:27752724-27752907	1	1	0	0	distal	.	.
chr6:27753089-27753562	3	2	0	0	distal	.	.
chr6:27785323-27785473	2	2	1	1	distal	.	.
chr6:27791285-27791472	2	2	1	1	distal	.	.
chr6:27792101-27792573	1	1	0	0	distal	.	.
chr6:27795841-27796105	2	1	0	0	distal	.	.
chr6:27807160-27807337	1	1	0	0	proximal	H2AC13,H2BC13	.
chr6:27807552-27807702	3	2	1	1	proximal	H2AC13,H2BC13	.
chr6:27807862-27808257	1	1	0	0	proximal	H2AC13,H2BC13	.
chr6:27809902-27810442	4	2	0	0	proximal	H3C10	.
chr6:27823943-27824097	3	2	0	0	proximal	H4C11	.
chr6:27837064-27837227	1	1	0	0	distal	.	.
chr6:27837947-27838666	1	1	0	0	proximal	H2AC15,H2BC15	.
chr6:27892898-27893545	3	1	0	0	proximal	H2AC17,H2BC17,H3C12	.
chr6:27893610-27893941	2	2	0	0	proximal	H2AC17,H2BC17,H3C12	.
chr6:27894441-27894601	3	2	1	1	distal	.	.
chr6:27902701-27903407	3	2	0	0	distal	.	.
chr6:2791308-2791592	1	1	0	0	distal	.	.
chr6:2797095-2797343	1	1	0	0	distal	.	.
chr6:28080348-28081003	3	2	0	0	proximal	ENSG00000272009,ZNF165	.
chr6:28081528-28081678	1	1	0	0	proximal	ENSG00000272009	.
chr6:28104418-28104811	2	2	1	1	distal	.	.
chr6:28104902-28105198	2	1	0	0	distal	.	.
chr6:28124433-28125103	3	2	1	1	distal	.	.
chr6:28134069-28134274	1	1	0	0	distal	.	.
chr6:28136753-28136955	3	2	1	1	proximal	ENSG00000261839,ZSCAN16-AS1	.
chr6:28161574-28161874	2	1	0	0	proximal	ZKSCAN8P1	.
chr6:28212243-28212407	1	1	0	0	distal	.	.
chr6:28212490-28213161	1	1	0	0	distal	.	.
chr6:28218594-28219111	1	1	0	0	distal	.	.
chr6:28225138-28225696	1	1	0	0	proximal	ZSCAN9	.
chr6:28252225-28252441	1	1	0	0	proximal	ZKSCAN4	.
chr6:28266912-28267394	1	1	0	0	proximal	ENSG00000276302,ZSCAN26	.
chr6:28322001-28322177	1	1	0	0	distal	.	.
chr6:28335398-28336200	1	1	0	0	proximal	ENSG00000289467,ENSG00000290051	.
chr6:28343718-28343868	1	1	0	0	distal	.	.
chr6:28349914-28350464	2	1	0	0	proximal	ZKSCAN3	.
chr6:28355557-28356182	3	2	0	0	proximal	ZSCAN31	.
chr6:28399645-28399999	1	1	0	0	proximal	ZSCAN12	.
chr6:2841320-2841671	3	2	1	1	proximal	SERPINB1	.
chr6:2841831-2842059	1	1	0	0	proximal	SERPINB1	.
chr6:28443098-28443614	2	2	1	1	proximal	ZSCAN23	.
chr6:28447313-28447528	2	1	0	0	distal	.	.
chr6:28474617-28474774	1	1	0	0	distal	.	.
chr6:28489449-28489659	1	1	0	0	proximal	ENSG00000286819,ENSG00000287804	.
chr6:2853791-2854012	1	1	0	0	distal	.	.
chr6:28588280-28588441	2	2	1	1	proximal	ZBED9-AS1	.
chr6:291920-292659	2	1	0	0	proximal	DUSP22,ENSG00000287265	.
chr6:2926200-2926434	2	1	0	0	distal	.	.
chr6:2952537-2952986	2	1	0	0	distal	.	.
chr6:2970795-2972230	5	1	0	0	proximal	SERPINB6	.
chr6:2985943-2986355	2	1	0	0	distal	.	.
chr6:2989815-2990025	1	1	0	0	distal	.	.
chr6:2999325-3000297	1	1	0	0	proximal	NQO2-AS1	.
chr6:3053745-3054118	3	1	0	0	distal	.	.
chr6:3068678-3069469	2	2	1	1	proximal	ENSG00000272277	.
chr6:31168476-31168666	1	1	0	0	distal	.	.
chr6:3118288-3118813	1	1	0	0	proximal	BPHL	.
chr6:3119001-3119151	1	1	0	0	proximal	BPHL	.
chr6:3132371-3132521	1	1	0	0	distal	.	.
chr6:3157202-3157702	2	1	0	0	proximal	TUBB2A	.
chr6:3162488-3163284	1	1	0	0	distal	.	.
chr6:31638601-31638827	1	1	0	0	distal	.	.
chr6:3209272-3209535	1	1	0	0	distal	.	.
chr6:3209603-3209758	2	1	0	0	distal	.	.
chr6:3227485-3227854	2	2	1	1	distal	.	.
chr6:3238467-3238617	1	1	0	0	distal	.	.
chr6:3258775-3259237	1	1	0	0	distal	.	.
chr6:32622565-32622715	1	1	0	0	distal	.	.
chr6:32971916-32972325	2	1	0	0	proximal	ENSG00000263756	.
chr6:33433283-33433433	1	1	0	0	distal	.	.
chr6:33482211-33482424	2	1	0	0	distal	.	.
chr6:33585693-33585896	1	1	0	0	distal	.	.
chr6:33620986-33621202	2	1	0	0	proximal	ITPR3	.
chr6:33668468-33668751	1	1	0	0	distal	.	.
chr6:33711246-33711869	1	1	0	0	proximal	UQCC2	.
chr6:33762117-33762267	1	1	0	0	distal	.	.
chr6:33771418-33772039	1	1	0	0	distal	.	.
chr6:33789046-33789316	1	1	0	0	proximal	LEMD2	.
chr6:33935986-33936136	1	1	0	0	distal	.	.
chr6:34026731-34026881	1	1	0	0	distal	.	.
chr6:34031923-34032133	1	1	0	0	distal	.	.
chr6:34045234-34045384	1	1	0	0	distal	.	.
chr6:34091566-34091716	1	1	0	0	distal	.	.
chr6:34154768-34155018	1	1	0	0	proximal	GRM4	.
chr6:34223481-34223632	1	1	0	0	distal	.	.
chr6:34223721-34224245	2	1	0	0	distal	.	.
chr6:34248485-34248895	1	1	0	0	proximal	ENSG00000225339,SMIM29	.
chr6:34392554-34393017	2	1	0	0	proximal	NUDT3	.
chr6:34462482-34462704	1	1	0	0	distal	.	.
chr6:34527215-34527413	1	1	0	0	distal	.	.
chr6:34609523-34610025	1	1	0	0	distal	.	.
chr6:34625881-34626031	1	1	0	0	distal	.	.
chr6:34696278-34697079	1	1	0	0	proximal	ILRUN,ILRUN-AS1	.
chr6:34757210-34757540	1	1	0	0	proximal	SNRPC	.
chr6:3476495-3476645	1	1	0	0	distal	.	.
chr6:34791868-34792064	1	1	0	0	proximal	BLTP3A	.
chr6:34792212-34792544	1	1	0	0	proximal	BLTP3A	.
chr6:34792632-34792972	1	1	0	0	proximal	BLTP3A	.
chr6:348805-348968	1	1	0	0	distal	.	.
chr6:34889081-34889520	1	1	0	0	proximal	ANKS1A,TAF11	.
chr6:35025723-35026053	1	1	0	0	distal	.	.
chr6:35258897-35259136	1	1	0	0	proximal	ZNF76	.
chr6:35297649-35298079	3	1	0	0	proximal	DEF6	.
chr6:35363168-35363647	3	2	1	1	distal	.	.
chr6:3537860-3538010	2	1	0	0	distal	.	.
chr6:3541426-3541580	1	1	0	0	distal	.	.
chr6:35452139-35452559	1	1	0	0	proximal	FANCE	.
chr6:35496379-35496738	2	2	1	1	proximal	TEAD3	.
chr6:35497032-35497234	3	2	1	1	proximal	TEAD3	.
chr6:35621698-35621932	1	1	0	0	distal	.	.
chr6:35688348-35689404	4	2	0	0	distal	.	.
chr6:35757566-35757726	1	1	0	0	distal	.	.
chr6:35920128-35920447	1	1	0	0	distal	.	.
chr6:35920961-35921195	2	2	0	0	proximal	SRPK1	.
chr6:35982658-35982808	1	1	0	0	distal	.	.
chr6:36027218-36027906	1	1	0	0	proximal	MAPK14	.
chr6:36123479-36123629	1	1	0	0	distal	.	.
chr6:36130578-36130733	1	1	0	0	distal	.	.
chr6:36196313-36196760	1	1	0	0	proximal	BRPF3,BRPF3-AS1	.
chr6:36211296-36211446	1	1	0	0	distal	.	.
chr6:36341037-36341225	2	2	0	0	distal	.	.
chr6:36360507-36360687	1	1	0	0	distal	.	.
chr6:36441499-36441722	1	1	0	0	distal	.	.
chr6:36442809-36443313	2	2	0	0	proximal	KCTD20,PXT1	.
chr6:36464536-36464686	1	1	0	0	distal	.	.
chr6:36469247-36469419	1	1	0	0	distal	.	.
chr6:36560914-36561228	3	2	1	1	distal	.	.
chr6:36593861-36594486	1	1	0	0	proximal	SRSF3	.
chr6:36623542-36623772	3	2	1	1	distal	.	.
chr6:36678524-36678862	2	2	0	0	proximal	DINOL	.
chr6:36885721-36886305	2	1	0	0	distal	.	.
chr6:37018231-37018446	1	1	0	0	distal	.	.
chr6:37102527-37102957	1	1	0	0	distal	.	.
chr6:37194051-37194201	1	1	0	0	distal	.	.
chr6:37208094-37208459	4	2	1	1	distal	.	.
chr6:37257979-37258466	1	1	0	0	proximal	TBC1D22B,TMEM217,TMEM217B	.
chr6:37353828-37354069	2	2	1	1	proximal	RNF8	.
chr6:37387968-37388217	1	1	0	0	distal	.	.
chr6:37423745-37424057	2	1	0	0	distal	.	.
chr6:37499260-37500134	1	1	0	0	proximal	CCDC167	.
chr6:3751957-3752107	1	1	0	0	proximal	ENSG00000270504,PXDC1	.
chr6:37577367-37577621	1	1	0	0	distal	.	.
chr6:37705159-37705503	2	1	0	0	distal	.	.
chr6:37742678-37742828	2	2	1	1	distal	.	.
chr6:37791349-37791713	2	2	1	1	distal	.	.
chr6:37818996-37819866	1	1	0	0	proximal	ZFAND3,ZFAND3-DT	.
chr6:37930237-37930499	1	1	0	0	distal	.	.
chr6:37937529-37937698	1	1	0	0	distal	.	.
chr6:38981689-38981960	1	1	0	0	distal	.	.
chr6:39059739-39059947	1	1	0	0	distal	.	.
chr6:39166523-39166682	1	1	0	0	distal	.	.
chr6:39648684-39648851	1	1	0	0	distal	.	.
chr6:397076-397226	1	1	0	0	distal	.	.
chr6:39725348-39725704	1	1	0	0	proximal	KIF6	.
chr6:4018497-4018842	1	1	0	0	proximal	ENSG00000272248,ENSG00000288904	.
chr6:4021607-4021774	2	1	0	0	proximal	ENSG00000230648,PRPF4B	.
chr6:40496429-40496610	1	1	0	0	distal	.	.
chr6:41027724-41027958	1	1	0	0	distal	.	.
chr6:41028074-41028336	1	1	0	0	distal	.	.
chr6:41318649-41319136	1	1	0	0	distal	.	.
chr6:41342614-41342764	1	1	0	0	distal	.	.
chr6:41384534-41384684	1	1	0	0	distal	.	.
chr6:41503768-41504179	2	1	0	0	distal	.	.
chr6:41735536-41735818	1	1	0	0	proximal	TFEB	.
chr6:41758894-41759150	1	1	0	0	distal	.	.
chr6:41766858-41767063	1	1	0	0	distal	.	.
chr6:41779871-41780561	2	1	0	0	proximal	ENSG00000124593,PRICKLE4	.
chr6:41786463-41786710	1	1	0	0	proximal	FRS3	.
chr6:41888276-41888464	1	1	0	0	distal	.	.
chr6:41894930-41895740	1	1	0	0	proximal	USP49	.
chr6:41921372-41921561	1	1	0	0	proximal	BYSL,ENSG00000288721,MED20	.
chr6:41931682-41931851	2	1	0	0	distal	.	.
chr6:42008999-42009184	1	1	0	0	distal	.	.
chr6:42044329-42044580	1	1	0	0	distal	.	.
chr6:42050178-42050844	2	1	0	0	proximal	CCND3,TAF8	.
chr6:42056685-42056912	2	2	1	1	distal	.	.
chr6:42116758-42116913	3	1	0	0	distal	.	.
chr6:42166578-42166742	2	2	1	1	distal	.	.
chr6:42194753-42194984	1	1	0	0	proximal	GUCA1B	.
chr6:42217700-42218099	1	1	0	0	proximal	MRPS10	.
chr6:42223875-42224049	1	1	0	0	distal	.	.
chr6:42226257-42226538	1	1	0	0	distal	.	.
chr6:42260635-42260881	1	1	0	0	distal	.	.
chr6:42317017-42317167	3	1	0	0	distal	.	.
chr6:42406499-42406649	1	1	0	0	distal	.	.
chr6:42452219-42452371	2	1	0	0	proximal	TRERF1	.
chr6:42564102-42564728	2	1	0	0	proximal	UBR2	.
chr6:42565332-42565484	2	1	0	0	distal	.	.
chr6:42639213-42639460	2	2	1	1	distal	.	.
chr6:42879788-42879957	1	1	0	0	proximal	RPL7L1	.
chr6:42890361-42891363	1	1	0	0	proximal	C6orf226	.
chr6:42908500-42908686	1	1	0	0	distal	.	.
chr6:42946386-42946536	2	2	1	1	distal	.	.
chr6:42963930-42964080	2	2	1	1	distal	.	.
chr6:42979141-42979393	2	2	1	1	proximal	PEX6	.
chr6:42984227-42984869	3	1	0	0	proximal	ENSG00000290049,PPP2R5D	.
chr6:43021288-43021648	3	1	0	0	proximal	RRP36	.
chr6:43053321-43054029	2	1	0	0	proximal	CUL7	.
chr6:43076076-43076478	3	2	1	1	proximal	PTK7	.
chr6:43096556-43096727	1	1	0	0	distal	.	.
chr6:43143622-43143831	1	1	0	0	distal	.	.
chr6:43170730-43171488	1	1	0	0	proximal	SRF	.
chr6:43172250-43172400	2	1	0	0	distal	.	.
chr6:43174340-43174490	3	1	0	0	distal	.	.
chr6:43212866-43213145	1	1	0	0	distal	.	.
chr6:43229357-43229662	1	1	0	0	proximal	DNPH1	.
chr6:43246604-43247084	2	1	0	0	distal	.	.
chr6:43247193-43247399	4	2	1	1	distal	.	.
chr6:43334637-43335007	1	1	0	0	distal	.	.
chr6:43368977-43369128	1	1	0	0	proximal	ENSG00000287055,ZNF318	.
chr6:43416921-43417071	2	2	1	1	distal	.	.
chr6:43427409-43428318	1	1	0	0	proximal	ABCC10	.
chr6:43455833-43456304	1	1	0	0	proximal	DLK2	.
chr6:43488932-43489116	1	1	0	0	distal	.	.
chr6:43516823-43517305	2	1	0	0	proximal	YIPF3	.
chr6:43576866-43577039	3	1	0	0	proximal	POLH,XPO5	.
chr6:43627369-43627519	3	1	0	0	distal	.	.
chr6:43635325-43636124	3	1	0	0	distal	.	.
chr6:43702804-43703227	1	1	0	0	distal	.	.
chr6:43770684-43770857	3	1	0	0	proximal	ENSG00000272114,VEGFA	.
chr6:43771931-43772131	2	1	0	0	distal	.	.
chr6:43900915-43901142	2	1	0	0	distal	.	.
chr6:43924331-43924516	1	1	0	0	distal	.	.
chr6:44128258-44128409	1	1	0	0	proximal	MRPL14	.
chr6:44158826-44158982	1	1	0	0	proximal	CAPN11	.
chr6:44237920-44238142	1	1	0	0	distal	.	.
chr6:44245937-44246104	1	1	0	0	proximal	HSP90AB1	.
chr6:44246673-44247140	2	2	1	1	proximal	HSP90AB1	.
chr6:44256882-44257032	3	1	0	0	proximal	SLC35B2	.
chr6:44257314-44257731	4	1	0	0	proximal	SLC35B2	.
chr6:44265305-44265457	2	1	0	0	proximal	NFKBIE	.
chr6:44265538-44265710	2	1	0	0	proximal	NFKBIE	.
chr6:44268085-44268241	2	2	1	1	distal	.	.
chr6:44337678-44337828	1	1	0	0	distal	.	.
chr6:44338629-44338780	1	1	0	0	distal	.	.
chr6:44387417-44387765	1	1	0	0	proximal	CDC5L	.
chr6:44387841-44388366	2	1	0	0	proximal	CDC5L	.
chr6:44415545-44415820	1	1	0	0	distal	.	.
chr6:44443982-44444132	1	1	0	0	distal	.	.
chr6:44456385-44456535	3	1	0	0	distal	.	.
chr6:44469928-44470263	3	2	1	1	distal	.	.
chr6:44592078-44592274	1	1	0	0	distal	.	.
chr6:448077-448227	1	1	0	0	distal	.	.
chr6:45176007-45176168	1	1	0	0	distal	.	.
chr6:45422479-45422700	1	1	0	0	proximal	ENSG00000271857	.
chr6:46015698-46016077	1	1	0	0	distal	.	.
chr6:46034151-46034301	2	1	0	0	distal	.	.
chr6:46085531-46085681	1	1	0	0	distal	.	.
chr6:46085814-46086188	1	1	0	0	distal	.	.
chr6:46129417-46130331	1	1	0	0	proximal	ENPP4,ENSG00000231769	.
chr6:46170491-46171251	1	1	0	0	proximal	ENPP5	.
chr6:46491263-46492223	2	1	0	0	proximal	RCAN2,RCAN2-DT	.
chr6:46756866-46757117	1	1	0	0	distal	.	.
chr6:47309541-47310109	1	1	0	0	proximal	TNFRSF21	.
chr6:47587819-47587969	1	1	0	0	distal	.	.
chr6:4776055-4776595	1	1	0	0	proximal	CDYL-AS1	.
chr6:4981362-4981711	1	1	0	0	distal	.	.
chr6:5206165-5206445	1	1	0	0	distal	.	.
chr6:52263817-52264198	1	1	0	0	distal	.	.
chr6:52420666-52420839	1	1	0	0	distal	.	.
chr6:52517916-52518319	1	1	0	0	distal	.	.
chr6:5260404-5260775	1	1	0	0	proximal	FARS2,LYRM4	.
chr6:5260888-5261732	1	1	0	0	proximal	FARS2,LYRM4	.
chr6:52644128-52644299	1	1	0	0	distal	.	.
chr6:52652108-52652336	1	1	0	0	distal	.	.
chr6:52882464-52882670	1	1	0	0	distal	.	.
chr6:53064723-53065002	3	1	0	0	proximal	ENSG00000288646	.
chr6:53161688-53161845	1	1	0	0	distal	.	.
chr6:53325545-53325705	1	1	0	0	distal	.	.
chr6:53348774-53349097	1	1	0	0	proximal	ELOVL5	.
chr6:53484723-53484892	1	1	0	0	distal	.	.
chr6:53519177-53519327	1	1	0	0	distal	.	.
chr6:53547714-53548396	1	1	0	0	distal	.	.
chr6:53651496-53652181	1	1	0	0	distal	.	.
chr6:53728692-53728843	1	1	0	0	distal	.	.
chr6:53794768-53795026	1	1	0	0	proximal	ENSG00000227885,LRRC1	.
chr6:53943052-53943215	1	1	0	0	distal	.	.
chr6:53956140-53956402	1	1	0	0	distal	.	.
chr6:546332-546565	1	1	0	0	distal	.	.
chr6:56954705-56954877	1	1	0	0	proximal	BEND6,DST	.
chr6:56954957-56955678	1	1	0	0	proximal	BEND6,DST	.
chr6:57089852-57090258	1	1	0	0	distal	.	.
chr6:57221606-57222199	1	1	0	0	proximal	RAB23	.
chr6:57274186-57274456	1	1	0	0	distal	.	.
chr6:57317451-57317667	1	1	0	0	distal	.	.
chr6:57540122-57540272	1	1	0	0	distal	.	.
chr6:57792822-57793078	1	1	0	0	distal	.	.
chr6:5996033-5996530	1	1	0	0	distal	.	.
chr6:63635589-63636624	1	1	0	0	proximal	PHF3	.
chr6:63673630-63673780	1	1	0	0	distal	.	.
chr6:663211-663398	1	1	0	0	distal	.	.
chr6:692845-693340	1	1	0	0	proximal	ENSG00000271727,EXOC2	.
chr6:70187919-70188069	2	2	1	1	distal	.	.
chr6:70566711-70567353	1	1	0	0	proximal	SDHAF4	.
chr6:70667622-70668707	2	2	1	1	proximal	SMAP1	.
chr6:70839605-70839755	2	2	1	1	distal	.	.
chr6:7108304-7108454	1	1	0	0	proximal	RREB1	.
chr6:71221820-71221975	1	1	0	0	distal	.	.
chr6:71245412-71245596	1	1	0	0	distal	.	.
chr6:71420191-71421066	1	1	0	0	proximal	LINC00472	.
chr6:7247892-7248042	1	1	0	0	distal	.	.
chr6:72954514-72954664	1	1	0	0	distal	.	.
chr6:7312787-7313424	2	1	0	0	distal	.	.
chr6:73388781-73389355	1	1	0	0	proximal	ENSG00000290002	.
chr6:73461676-73461839	1	1	0	0	proximal	MTO1	.
chr6:73505947-73506192	1	1	0	0	distal	.	.
chr6:73513895-73514870	1	1	0	0	distal	.	.
chr6:73530736-73530893	1	1	0	0	distal	.	.
chr6:73645695-73645922	2	1	0	0	distal	.	.
chr6:73653194-73653644	1	1	0	0	proximal	SLC17A5	.
chr6:73774755-73774905	1	1	0	0	distal	.	.
chr6:7414670-7414974	1	1	0	0	distal	.	.
chr6:75209026-75209176	1	1	0	0	distal	.	.
chr6:75349699-75349923	1	1	0	0	distal	.	.
chr6:7548305-7548778	1	1	0	0	distal	.	.
chr6:75593801-75593988	1	1	0	0	distal	.	.
chr6:75748892-75749275	1	1	0	0	proximal	MYO6	.
chr6:75749732-75749921	1	1	0	0	proximal	MYO6	.
chr6:75750090-75750273	1	1	0	0	proximal	MYO6	.
chr6:75775248-75775568	2	1	0	0	distal	.	.
chr6:7636859-7637009	1	1	0	0	distal	.	.
chr6:79536662-79537728	1	1	0	0	proximal	ENSG00000287811,LCA5	.
chr6:79631108-79631646	1	1	0	0	proximal	SH3BGRL2	.
chr6:79778024-79778273	1	1	0	0	distal	.	.
chr6:79810181-79810391	1	1	0	0	distal	.	.
chr6:7985957-7986236	1	1	0	0	distal	.	.
chr6:79946883-79947164	1	1	0	0	proximal	ELOVL4,ENSG00000287816	.
chr6:80106325-80107098	1	1	0	0	proximal	BCKDHB	.
chr6:8131084-8131503	1	1	0	0	distal	.	.
chr6:83057813-83058053	1	1	0	0	distal	.	.
chr6:83065679-83066018	1	1	0	0	proximal	UBE3D	.
chr6:83168609-83168780	1	1	0	0	distal	.	.
chr6:83192914-83193461	4	1	0	0	proximal	PGM3,RWDD2A	.
chr6:83193882-83194157	1	1	0	0	proximal	PGM3,RWDD2A	.
chr6:83430220-83430822	1	1	0	0	proximal	ME1	.
chr6:83431016-83431377	2	1	0	0	proximal	ME1	.
chr6:83684444-83684594	1	1	0	0	distal	.	.
chr6:83708768-83709497	1	1	0	0	proximal	SNAP91	.
chr6:8374573-8374723	1	1	0	0	distal	.	.
chr6:83853373-83853649	1	1	0	0	proximal	ENSG00000287705,RIPPLY2	.
chr6:83859449-83860260	2	1	0	0	proximal	CYB5R4	.
chr6:88780867-88781123	1	1	0	0	distal	.	.
chr6:88917700-88917867	1	1	0	0	distal	.	.
chr6:88923881-88924031	2	1	0	0	distal	.	.
chr6:88927943-88928168	1	1	0	0	distal	.	.
chr6:89080341-89080827	1	1	0	0	proximal	PNRC1,PNRC1-DT	.
chr6:89139456-89139872	2	1	0	0	distal	.	.
chr6:89198130-89198482	1	1	0	0	distal	.	.
chr6:89210239-89210389	1	1	0	0	distal	.	.
chr6:89223916-89224420	3	1	0	0	distal	.	.
chr6:89327778-89327928	1	1	0	0	distal	.	.
chr6:89352307-89353120	2	1	0	0	proximal	UBE2J1	.
chr6:89372153-89372361	1	1	0	0	distal	.	.
chr6:89380804-89380954	1	1	0	0	distal	.	.
chr6:89412213-89412552	1	1	0	0	proximal	RRAGD	.
chr6:89638419-89638587	1	1	0	0	proximal	LYRM2	.
chr6:89802534-89802707	1	1	0	0	distal	.	.
chr6:89819280-89820125	2	1	0	0	proximal	MDN1	.
chr6:89829250-89829505	1	1	0	0	proximal	CASP8AP2	.
chr6:89829574-89830248	1	1	0	0	proximal	CASP8AP2	.
chr6:89852695-89852886	1	1	0	0	distal	.	.
chr6:89881310-89881460	1	1	0	0	distal	.	.
chr6:89940050-89940308	2	1	0	0	distal	.	.
chr6:90008723-90008902	1	1	0	0	distal	.	.
chr6:90218280-90218822	3	1	0	0	distal	.	.
chr6:90285648-90285867	1	1	0	0	distal	.	.
chr6:90295966-90296133	1	1	0	0	proximal	BACH2,ENSG00000260271	.
chr6:90296575-90297155	2	1	0	0	proximal	BACH2	.
chr6:90677806-90677956	1	1	0	0	distal	.	.
chr6:90678080-90678230	1	1	0	0	distal	.	.
chr6:907040-907190	1	1	0	0	distal	.	.
chr6:90739499-90739945	1	1	0	0	distal	.	.
chr6:91725808-91725958	1	1	0	0	distal	.	.
chr6:92126389-92126539	1	1	0	0	distal	.	.
chr6:98833249-98833553	1	1	0	0	proximal	ENSG00000283010,ENSG00000289501	.
chr6:98845495-98846054	1	1	0	0	distal	.	.
chr6:98859058-98859254	1	1	0	0	distal	.	.
chr6:99152151-99152301	1	1	0	0	distal	.	.
chr6:99349648-99349825	1	1	0	0	proximal	FAXC	.
chr6:99424744-99424973	1	1	0	0	proximal	PNISR,PNISR-AS1	.
chr6:99425060-99425802	1	1	0	0	proximal	PNISR,PNISR-AS1	.
chr6:99568294-99568976	1	1	0	0	proximal	CCNC	.
chr6:99588415-99589218	1	1	0	0	distal	.	.
chr6:99603211-99603464	1	1	0	0	distal	.	.
chr6:99613373-99613805	1	1	0	0	distal	.	.
chr6:99614981-99615131	1	1	0	0	distal	.	.
chr6:99735374-99735524	1	1	0	0	distal	.	.
chr6:99824013-99824163	1	1	0	0	distal	.	.
chr7:100032887-100033185	1	1	0	0	distal	.	.
chr7:100082303-100082873	2	1	0	0	proximal	ZNF3	.
chr7:100088878-100089092	1	1	0	0	proximal	COPS6	.
chr7:100091825-100092151	2	1	0	0	distal	.	.
chr7:100094262-100094412	3	2	1	1	distal	.	.
chr7:100101259-100102094	1	1	0	0	proximal	AP4M1,MCM7	.
chr7:100118945-100119150	1	1	0	0	proximal	CNPY4,TAF6	.
chr7:100119254-100120160	1	1	0	0	proximal	CNPY4,TAF6	.
chr7:100126894-100127542	1	1	0	0	proximal	ENSG00000242798,MBLAC1	.
chr7:100132735-100132897	1	1	0	0	distal	.	.
chr7:100237724-100238161	1	1	0	0	distal	.	.
chr7:100247438-100247680	1	1	0	0	distal	.	.
chr7:100270895-100271138	1	1	0	0	distal	.	.
chr7:100272179-100272627	2	1	0	0	proximal	CASTOR3P	.
chr7:100301572-100301778	1	1	0	0	distal	.	.
chr7:100335825-100336565	5	1	0	0	proximal	ENSG00000291178,STAG3L5P,STAG3L5P-PVRIG2P-PILRB	.
chr7:100344948-100345171	2	1	0	0	distal	.	.
chr7:100390355-100390534	1	1	0	0	distal	.	.
chr7:100397166-100397469	2	1	0	0	proximal	ENSG00000289690,ENSG00000289691	.
chr7:100428606-100428914	1	1	0	0	proximal	MEPCE,ZCWPW1	.
chr7:100450524-100451022	2	1	0	0	distal	.	.
chr7:100455971-100456173	2	1	0	0	distal	.	.
chr7:100465919-100466080	1	1	0	0	distal	.	.
chr7:100479090-100479595	1	1	0	0	proximal	TSC22D4	.
chr7:100483311-100483471	1	1	0	0	proximal	ENSG00000286938,NYAP1	.
chr7:100483815-100483969	3	2	1	1	proximal	ENSG00000286938,NYAP1	.
chr7:100511209-100511436	5	2	1	1	distal	.	.
chr7:100538532-100539376	1	1	0	0	proximal	AGFG2	.
chr7:100569329-100569664	2	1	0	0	proximal	ENSG00000289886	.
chr7:100604167-100604563	1	1	0	0	proximal	PCOLCE-AS1	.
chr7:100604664-100604986	1	1	0	0	proximal	PCOLCE-AS1	.
chr7:100611923-100612632	1	1	0	0	proximal	MOSPD3	.
chr7:100626584-100626920	1	1	0	0	distal	.	.
chr7:100642691-100642845	3	2	1	1	proximal	TFR2	.
chr7:100662292-100662442	2	1	0	0	distal	.	.
chr7:100673261-100673793	2	1	0	0	proximal	GNB2	.
chr7:100705369-100706177	2	1	0	0	proximal	POP7	.
chr7:100799542-100799771	2	1	0	0	distal	.	.
chr7:100852556-100852747	2	2	1	1	proximal	SLC12A9-AS1	.
chr7:100867472-100867750	1	1	0	0	proximal	TRIP6	.
chr7:100874688-100875650	3	2	0	0	proximal	SRRT	.
chr7:100889651-100890116	2	1	0	0	proximal	UFSP1	.
chr7:100895710-100896356	1	1	0	0	proximal	ACHE	.
chr7:100911578-100911796	1	1	0	0	distal	.	.
chr7:100966130-100966533	2	1	0	0	distal	.	.
chr7:101000320-101000512	1	1	0	0	distal	.	.
chr7:101002309-101002680	2	1	0	0	distal	.	.
chr7:101017672-101017881	1	1	0	0	proximal	MUC12-AS1	.
chr7:101066274-101066574	1	1	0	0	distal	.	.
chr7:101077597-101077828	1	1	0	0	distal	.	.
chr7:101085244-101085481	3	2	1	1	proximal	TRIM56	.
chr7:101085558-101085862	1	1	0	0	proximal	TRIM56	.
chr7:101100110-101100655	4	2	0	0	distal	.	.
chr7:101138336-101138492	1	1	0	0	distal	.	.
chr7:101165563-101165775	2	1	0	0	proximal	VGF	.
chr7:101173961-101174180	1	1	0	0	distal	.	.
chr7:101217519-101217800	2	1	0	0	proximal	PLOD3,ZNHIT1	.
chr7:101217929-101218232	1	1	0	0	proximal	PLOD3,ZNHIT1	.
chr7:101244238-101244487	1	1	0	0	distal	.	.
chr7:101244712-101245530	1	1	0	0	distal	.	.
chr7:101252196-101252580	2	1	0	0	proximal	FIS1	.
chr7:101274098-101274337	1	1	0	0	distal	.	.
chr7:101308750-101309091	1	1	0	0	proximal	EMSLR	.
chr7:101321725-101322116	2	1	0	0	proximal	IFT22	.
chr7:101386852-101387256	2	1	0	0	distal	.	.
chr7:101402859-101403009	1	1	0	0	distal	.	.
chr7:101420673-101420865	1	1	0	0	distal	.	.
chr7:101437272-101437464	1	1	0	0	distal	.	.
chr7:101440483-101440657	3	1	0	0	distal	.	.
chr7:101520485-101520710	1	1	0	0	distal	.	.
chr7:101538922-101539079	1	1	0	0	distal	.	.
chr7:101602503-101602717	2	1	0	0	distal	.	.
chr7:101729419-101729862	1	1	0	0	distal	.	.
chr7:101767616-101767796	1	1	0	0	distal	.	.
chr7:101791010-101791160	1	1	0	0	distal	.	.
chr7:101794382-101794539	1	1	0	0	distal	.	.
chr7:101815470-101815956	2	1	0	0	proximal	CUX1	.
chr7:101890252-101890467	2	2	0	0	distal	.	.
chr7:101914427-101914577	1	1	0	0	distal	.	.
chr7:102272336-102272633	1	1	0	0	distal	.	.
chr7:102278444-102278594	5	3	2	1	distal	.	.
chr7:102286712-102286879	2	2	1	1	distal	.	.
chr7:102348430-102348670	1	1	0	0	distal	.	.
chr7:102352370-102352581	2	2	1	1	distal	.	.
chr7:102363536-102364239	1	1	0	0	proximal	ENSG00000290830,PRKRIP1	.
chr7:102404703-102404880	1	1	0	0	distal	.	.
chr7:102464163-102464467	5	3	1	1	proximal	ALKBH4,LRWD1	.
chr7:102478613-102479200	3	1	0	0	proximal	POLR2J	.
chr7:102485999-102486314	1	1	0	0	distal	.	.
chr7:102488753-102488905	1	1	0	0	distal	.	.
chr7:102492709-102493069	2	1	0	0	distal	.	.
chr7:102496498-102497066	5	2	1	1	distal	.	.
chr7:102506108-102506415	1	1	0	0	distal	.	.
chr7:102512553-102513286	2	1	0	0	distal	.	.
chr7:102517707-102517882	2	1	0	0	proximal	RASA4B	.
chr7:102519292-102519569	2	1	0	0	distal	.	.
chr7:102520344-102520567	2	1	0	0	distal	.	.
chr7:102524837-102525169	2	1	0	0	distal	.	.
chr7:102526248-102526638	1	1	0	0	distal	.	.
chr7:102533076-102533259	2	1	0	0	distal	.	.
chr7:102541764-102542094	1	1	0	0	distal	.	.
chr7:102546546-102546698	1	1	0	0	distal	.	.
chr7:102548899-102549176	1	1	0	0	distal	.	.
chr7:102554512-102554731	1	1	0	0	distal	.	.
chr7:102554845-102555066	2	1	0	0	distal	.	.
chr7:102564578-102564823	1	1	0	0	distal	.	.
chr7:102572220-102573009	1	1	0	0	proximal	POLR2J3	.
chr7:102578372-102578818	2	1	0	0	distal	.	.
chr7:102591741-102592002	2	1	0	0	proximal	ENSG00000270249	.
chr7:102604394-102604686	3	2	1	1	distal	.	.
chr7:102605612-102606285	4	1	0	0	distal	.	.
chr7:102610491-102610826	4	1	0	0	distal	.	.
chr7:102611765-102612331	3	1	0	0	distal	.	.
chr7:102616685-102616840	2	1	0	0	proximal	RASA4	.
chr7:102618523-102618881	3	3	1	1	distal	.	.
chr7:102619169-102619582	1	1	0	0	distal	.	.
chr7:102626522-102627128	4	1	0	0	distal	.	.
chr7:102628757-102629015	2	1	0	0	distal	.	.
chr7:102634042-102634516	2	1	0	0	distal	.	.
chr7:102664264-102664428	1	1	0	0	distal	.	.
chr7:102678391-102678686	1	1	0	0	proximal	ENSG00000279168	.
chr7:102690700-102690959	4	3	2	1	distal	.	.
chr7:102749152-102749342	1	1	0	0	proximal	ENSG00000286830,FAM185A	.
chr7:103037887-103038077	1	1	0	0	distal	.	.
chr7:103074508-103075203	2	1	0	0	proximal	ARMC10,FBXL13	.
chr7:103082776-103082935	1	1	0	0	distal	.	.
chr7:103083207-103083357	1	1	0	0	distal	.	.
chr7:1032275-1032767	1	1	0	0	distal	.	.
chr7:104848478-104848691	1	1	0	0	distal	.	.
chr7:105014058-105014347	3	1	0	0	proximal	KMT2E-AS1	.
chr7:105171474-105171624	1	1	0	0	distal	.	.
chr7:105553729-105554012	1	1	0	0	distal	.	.
chr7:105580948-105581594	1	1	0	0	distal	.	.
chr7:105589533-105589804	1	1	0	0	distal	.	.
chr7:105634355-105634624	1	1	0	0	distal	.	.
chr7:105806070-105806220	1	1	0	0	distal	.	.
chr7:105876982-105877295	1	1	0	0	proximal	ATXN7L1,CDHR3	.
chr7:1059319-1060070	1	1	0	0	proximal	ENSG00000257607	.
chr7:106009516-106010062	1	1	0	0	distal	.	.
chr7:106155852-106156002	1	1	0	0	distal	.	.
chr7:106176565-106176979	1	1	0	0	distal	.	.
chr7:106217114-106217359	1	1	0	0	distal	.	.
chr7:1065814-1066063	2	1	0	0	distal	.	.
chr7:106660100-106660576	2	1	0	0	proximal	CCDC71L	.
chr7:106794907-106795057	1	1	0	0	distal	.	.
chr7:106971942-106972092	2	1	0	0	distal	.	.
chr7:106984383-106984542	1	1	0	0	distal	.	.
chr7:107044438-107044710	2	1	0	0	proximal	PRKAR2B	.
chr7:107387636-107388087	1	1	0	0	distal	.	.
chr7:112107286-112107542	1	1	0	0	distal	.	.
chr7:112112205-112112400	1	1	0	0	distal	.	.
chr7:112136432-112136582	1	1	0	0	distal	.	.
chr7:112160081-112160302	1	1	0	0	distal	.	.
chr7:112206064-112206746	2	1	0	0	proximal	DOCK4,ZNF277	.
chr7:112320769-112320919	1	1	0	0	distal	.	.
chr7:112391066-112391375	1	1	0	0	distal	.	.
chr7:112391642-112392145	2	1	0	0	distal	.	.
chr7:112415046-112415245	1	1	0	0	distal	.	.
chr7:112444679-112444865	2	1	0	0	distal	.	.
chr7:112449759-112450514	1	1	0	0	proximal	ENSG00000288634,ENSG00000288640	.
chr7:112480478-112480628	1	1	0	0	proximal	LSMEM1	.
chr7:112789819-112790232	1	1	0	0	proximal	TMEM168	.
chr7:112939269-112939467	1	1	0	0	proximal	BMT2	.
chr7:112990057-112990280	1	1	0	0	distal	.	.
chr7:1137702-1138097	2	1	0	0	proximal	C7orf50	.
chr7:114287155-114287397	1	1	0	0	distal	.	.
chr7:114653308-114653807	1	1	0	0	distal	.	.
chr7:116142299-116142456	2	1	0	0	distal	.	.
chr7:116210414-116211156	1	1	0	0	proximal	TES	.
chr7:116325629-116325818	1	1	0	0	distal	.	.
chr7:116485158-116485348	1	1	0	0	distal	.	.
chr7:116526098-116526257	1	1	0	0	distal	.	.
chr7:116616878-116617072	1	1	0	0	distal	.	.
chr7:116631576-116632088	2	2	1	1	distal	.	.
chr7:116680755-116680966	1	1	0	0	distal	.	.
chr7:116723943-116724140	1	1	0	0	distal	.	.
chr7:116805159-116805476	1	1	0	0	distal	.	.
chr7:116851905-116852055	1	1	0	0	distal	.	.
chr7:116862279-116863364	3	1	0	0	distal	.	.
chr7:116910741-116910896	2	2	1	1	distal	.	.
chr7:117090397-117090565	2	2	1	1	distal	.	.
chr7:1177123-1177333	1	1	0	0	distal	.	.
chr7:117872643-117873045	1	1	0	0	distal	.	.
chr7:117948550-117948705	1	1	0	0	distal	.	.
chr7:1183135-1183313	1	1	0	0	distal	.	.
chr7:120101615-120101866	1	1	0	0	distal	.	.
chr7:120988607-120988816	1	1	0	0	proximal	CPED1	.
chr7:1214780-1214971	1	1	0	0	distal	.	.
chr7:12211083-12211596	1	1	0	0	proximal	TMEM106B	.
chr7:122595748-122595898	1	1	0	0	distal	.	.
chr7:123008582-123008749	1	1	0	0	distal	.	.
chr7:1233058-1233208	1	1	0	0	proximal	UNCX	.
chr7:1236246-1236601	2	1	0	0	distal	.	.
chr7:123692446-123692875	1	1	0	0	distal	.	.
chr7:123787305-123787629	1	1	0	0	distal	.	.
chr7:124032353-124032571	1	1	0	0	proximal	ENSG00000242593,TMEM229A	.
chr7:12403522-12404261	1	1	0	0	proximal	VWDE	.
chr7:124834516-124834693	1	1	0	0	distal	.	.
chr7:1249521-1249671	1	1	0	0	distal	.	.
chr7:127585549-127585768	1	1	0	0	distal	.	.
chr7:128136057-128136229	1	1	0	0	distal	.	.
chr7:128266958-128267261	1	1	0	0	distal	.	.
chr7:128275995-128276145	1	1	0	0	distal	.	.
chr7:128362015-128362276	2	1	0	0	proximal	PRRT4	.
chr7:128409938-128410477	1	1	0	0	proximal	IMPDH1	.
chr7:128454507-128454739	1	1	0	0	distal	.	.
chr7:128476568-128477102	2	1	0	0	proximal	METTL2B	.
chr7:128486338-128486547	2	1	0	0	distal	.	.
chr7:128553287-128553437	1	1	0	0	distal	.	.
chr7:128629622-128629772	1	1	0	0	distal	.	.
chr7:128783154-128783504	1	1	0	0	distal	.	.
chr7:128791916-128792212	1	1	0	0	distal	.	.
chr7:128821204-128821396	1	1	0	0	distal	.	.
chr7:128831602-128831935	2	1	0	0	distal	.	.
chr7:128862554-128862972	1	1	0	0	proximal	ATP6V1F,FLNC-AS1	.
chr7:128880120-128880336	1	1	0	0	distal	.	.
chr7:128893072-128893222	1	1	0	0	distal	.	.
chr7:129054487-129055349	1	1	0	0	proximal	TNPO3	.
chr7:129062957-129063107	1	1	0	0	distal	.	.
chr7:129145210-129145372	2	1	0	0	proximal	TSPAN33	.
chr7:129298361-129298551	1	1	0	0	distal	.	.
chr7:129329312-129329481	2	1	0	0	distal	.	.
chr7:129522630-129522910	1	1	0	0	distal	.	.
chr7:129550466-129550687	1	1	0	0	distal	.	.
chr7:129952637-129953139	1	1	0	0	proximal	UBE2H,UBE2H-DT	.
chr7:130024279-130024454	1	1	0	0	distal	.	.
chr7:130136040-130136198	1	1	0	0	distal	.	.
chr7:130205035-130205590	1	1	0	0	distal	.	.
chr7:130206231-130206475	1	1	0	0	proximal	SSMEM1	.
chr7:130247971-130248121	1	1	0	0	distal	.	.
chr7:130897091-130897281	2	1	0	0	distal	.	.
chr7:130924085-130924235	1	1	0	0	distal	.	.
chr7:131327200-131328522	2	1	0	0	proximal	MKLN1-AS	.
chr7:131404608-131404758	2	1	0	0	distal	.	.
chr7:131513365-131513789	1	1	0	0	distal	.	.
chr7:131556381-131556796	1	1	0	0	distal	.	.
chr7:131691220-131691391	2	1	0	0	distal	.	.
chr7:131718962-131719112	1	1	0	0	distal	.	.
chr7:132076345-132076504	1	1	0	0	distal	.	.
chr7:132781662-132781812	1	1	0	0	distal	.	.
chr7:133252821-133253284	1	1	0	0	proximal	EXOC4	.
chr7:134127665-134127843	1	1	0	0	proximal	LRGUK	.
chr7:134316233-134317263	1	1	0	0	proximal	SLC35B4	.
chr7:134362166-134362316	1	1	0	0	distal	.	.
chr7:134432373-134433008	1	1	0	0	proximal	ENSG00000273297	.
chr7:134433092-134433248	1	1	0	0	proximal	ENSG00000273297	.
chr7:134547416-134547566	1	1	0	0	distal	.	.
chr7:134986268-134986870	1	1	0	0	proximal	AGBL3	.
chr7:135260567-135260719	1	1	0	0	distal	.	.
chr7:135281561-135281767	1	1	0	0	distal	.	.
chr7:135414962-135415136	1	1	0	0	distal	.	.
chr7:135509634-135509946	2	2	1	1	proximal	CNOT4	.
chr7:135557614-135558461	1	1	0	0	proximal	NUP205	.
chr7:135662274-135662800	3	2	1	1	proximal	STMP1	.
chr7:135672686-135672877	1	1	0	0	distal	.	.
chr7:135710856-135711119	1	1	0	0	distal	.	.
chr7:135728162-135728684	1	1	0	0	proximal	SLC13A4	.
chr7:136012657-136012862	1	1	0	0	distal	.	.
chr7:136381562-136381712	2	2	1	1	distal	.	.
chr7:1369112-1369450	1	1	0	0	distal	.	.
chr7:137626599-137626807	1	1	0	0	distal	.	.
chr7:138001434-138002570	1	1	0	0	proximal	AKR1D1,CREB3L2	.
chr7:138030708-138030949	1	1	0	0	distal	.	.
chr7:138413563-138413728	1	1	0	0	distal	.	.
chr7:139017244-139017555	1	1	0	0	distal	.	.
chr7:139483569-139484132	1	1	0	0	proximal	KLRG2	.
chr7:139525303-139525505	1	1	0	0	distal	.	.
chr7:140230975-140231543	3	1	0	0	distal	.	.
chr7:140326388-140326699	1	1	0	0	distal	.	.
chr7:140398204-140398684	2	1	0	0	distal	.	.
chr7:140478732-140479696	1	1	0	0	proximal	MKRN1	.
chr7:140506798-140507033	2	1	0	0	distal	.	.
chr7:140517784-140518332	2	1	0	0	distal	.	.
chr7:140626308-140626547	2	1	0	0	distal	.	.
chr7:140640225-140640705	3	1	0	0	proximal	ENSG00000285904	.
chr7:140653502-140653675	3	1	0	0	distal	.	.
chr7:140696850-140697642	1	1	0	0	proximal	NDUFB2-AS1	.
chr7:140923794-140923964	2	1	0	0	distal	.	.
chr7:140924084-140925279	1	1	0	0	proximal	BRAF	.
chr7:140955910-140956108	1	1	0	0	distal	.	.
chr7:141014625-141015343	1	1	0	0	proximal	MRPS33	.
chr7:141052560-141052710	3	1	0	0	distal	.	.
chr7:141072467-141072664	1	1	0	0	distal	.	.
chr7:141441641-141441791	1	1	0	0	distal	.	.
chr7:141550792-141551017	1	1	0	0	proximal	AGK,AGK-DT	.
chr7:1418600-1418866	1	1	0	0	distal	.	.
chr7:1432353-1432689	1	1	0	0	distal	.	.
chr7:1474161-1474535	1	1	0	0	distal	.	.
chr7:148642357-148642541	2	1	0	0	distal	.	.
chr7:148698443-148699364	2	1	0	0	proximal	CUL1,ENSG00000273314	.
chr7:148772201-148772411	1	1	0	0	distal	.	.
chr7:148822399-148822549	1	1	0	0	distal	.	.
chr7:148874114-148874508	1	1	0	0	distal	.	.
chr7:148885043-148885259	2	1	0	0	proximal	EZH2	.
chr7:148913331-148913663	4	1	0	0	distal	.	.
chr7:148940749-148941519	1	1	0	0	proximal	ENSG00000286171,ENSG00000286180	.
chr7:148966888-148967100	1	1	0	0	distal	.	.
chr7:149005812-149006079	1	1	0	0	distal	.	.
chr7:149065115-149065592	2	1	0	0	distal	.	.
chr7:149065751-149066135	2	1	0	0	distal	.	.
chr7:149090300-149090483	2	1	0	0	proximal	ZNF786	.
chr7:149125764-149125982	2	1	0	0	proximal	ZNF398,ZNF425	.
chr7:149126082-149126706	1	1	0	0	proximal	ZNF398,ZNF425	.
chr7:149126784-149127730	1	1	0	0	proximal	ZNF398,ZNF425	.
chr7:149170477-149170833	1	1	0	0	distal	.	.
chr7:149172234-149172438	1	1	0	0	distal	.	.
chr7:149195378-149195902	1	1	0	0	proximal	ZNF282	.
chr7:149209522-149209868	1	1	0	0	distal	.	.
chr7:149229449-149229757	1	1	0	0	distal	.	.
chr7:149239391-149239942	2	1	0	0	proximal	ZNF212	.
chr7:149261679-149262219	1	1	0	0	proximal	ZNF783	.
chr7:149285050-149285546	2	1	0	0	proximal	ENSG00000290600	.
chr7:149404588-149404738	1	1	0	0	distal	.	.
chr7:149421866-149422582	1	1	0	0	proximal	ENSG00000261842	.
chr7:149460538-149460965	2	1	0	0	proximal	ZNF777	.
chr7:149461290-149461440	1	1	0	0	proximal	ZNF777	.
chr7:149497546-149498130	1	1	0	0	proximal	ZNF746	.
chr7:149558332-149558482	1	1	0	0	distal	.	.
chr7:149592237-149592505	1	1	0	0	distal	.	.
chr7:149624092-149624470	1	1	0	0	proximal	ZNF767P	.
chr7:149624572-149625084	1	1	0	0	proximal	ZNF767P	.
chr7:149625850-149626000	3	1	0	0	distal	.	.
chr7:149648727-149648895	1	1	0	0	distal	.	.
chr7:149662687-149663096	3	1	0	0	distal	.	.
chr7:149690629-149691447	1	1	0	0	distal	.	.
chr7:149714516-149715034	1	1	0	0	proximal	KRBA1	.
chr7:149742246-149742455	1	1	0	0	distal	.	.
chr7:149873755-149874069	2	1	0	0	proximal	ATP6V0E2	.
chr7:149883515-149883665	1	1	0	0	distal	.	.
chr7:150048302-150048452	1	1	0	0	distal	.	.
chr7:150049073-150049251	1	1	0	0	distal	.	.
chr7:150260158-150260308	1	1	0	0	distal	.	.
chr7:150368244-150368830	1	1	0	0	proximal	REPIN1,ZNF775	.
chr7:150379063-150379583	4	1	0	0	proximal	ENSG00000284048	.
chr7:150405165-150405498	1	1	0	0	distal	.	.
chr7:150421087-150421340	1	1	0	0	distal	.	.
chr7:1504399-1504648	1	1	0	0	proximal	INTS1	.
chr7:150649584-150649763	1	1	0	0	distal	.	.
chr7:150898556-150898764	1	1	0	0	distal	.	.
chr7:150938389-150938539	1	1	0	0	distal	.	.
chr7:151009234-151009451	3	2	1	1	distal	.	.
chr7:151018029-151018450	2	1	0	0	distal	.	.
chr7:151028996-151029146	1	1	0	0	proximal	ABCB8,ENSG00000243433	.
chr7:151080718-151081011	1	1	0	0	proximal	FASTK	.
chr7:151113343-151113503	2	2	1	1	distal	.	.
chr7:151124003-151124170	2	1	0	0	distal	.	.
chr7:151167578-151167885	1	1	0	0	distal	.	.
chr7:151172667-151173060	1	1	0	0	distal	.	.
chr7:151303356-151303982	1	1	0	0	distal	.	.
chr7:151350320-151350586	3	1	0	0	distal	.	.
chr7:151368239-151368566	1	1	0	0	distal	.	.
chr7:151433792-151434026	1	1	0	0	distal	.	.
chr7:151460151-151460727	1	1	0	0	distal	.	.
chr7:151519561-151519724	1	1	0	0	proximal	RHEB	.
chr7:151519813-151520332	1	1	0	0	proximal	RHEB	.
chr7:151632041-151632611	1	1	0	0	distal	.	.
chr7:151736396-151736841	4	1	0	0	proximal	ENSG00000290095	.
chr7:151875490-151876592	1	1	0	0	proximal	PRKAG2-AS1	.
chr7:151877143-151877785	2	2	1	1	proximal	PRKAG2,PRKAG2-AS1	.
chr7:151933350-151933522	1	1	0	0	distal	.	.
chr7:151958858-151959008	1	1	0	0	distal	.	.
chr7:152025251-152026137	1	1	0	0	proximal	GALNT11	.
chr7:152261925-152262380	1	1	0	0	distal	.	.
chr7:152267990-152268224	1	1	0	0	distal	.	.
chr7:152336912-152337220	1	1	0	0	distal	.	.
chr7:152652382-152652626	1	1	0	0	distal	.	.
chr7:152675840-152676348	2	1	0	0	proximal	XRCC2	.
chr7:152759533-152759804	2	1	0	0	proximal	ACTR3B,ENSG00000289146	.
chr7:152759943-152760446	1	1	0	0	proximal	ACTR3B,ENSG00000289146	.
chr7:152897905-152898073	2	1	0	0	distal	.	.
chr7:1533831-1533981	1	1	0	0	distal	.	.
chr7:1537266-1537553	1	1	0	0	distal	.	.
chr7:154841720-154841924	4	2	1	1	distal	.	.
chr7:155002449-155003182	2	2	1	1	proximal	PAXIP1,PAXIP1-DT	.
chr7:155003303-155003652	2	2	1	1	proximal	PAXIP1,PAXIP1-DT	.
chr7:155070019-155070460	1	1	0	0	proximal	HTR5A	.
chr7:155190684-155190919	2	2	1	1	distal	.	.
chr7:155205296-155205807	1	1	0	0	distal	.	.
chr7:155214403-155214819	1	1	0	0	distal	.	.
chr7:155234519-155234706	1	1	0	0	distal	.	.
chr7:155298940-155299096	1	1	0	0	distal	.	.
chr7:155344742-155345177	2	2	1	1	distal	.	.
chr7:155509419-155509601	1	1	0	0	proximal	ENSG00000227365	.
chr7:155548218-155548527	4	2	1	1	distal	.	.
chr7:155724645-155724796	1	1	0	0	distal	.	.
chr7:155738176-155738463	1	1	0	0	distal	.	.
chr7:155762788-155763068	1	1	0	0	distal	.	.
chr7:155797046-155797223	1	1	0	0	distal	.	.
chr7:155797284-155797455	1	1	0	0	distal	.	.
chr7:155805041-155805296	1	1	0	0	distal	.	.
chr7:155937276-155937426	1	1	0	0	distal	.	.
chr7:156197164-156197320	1	1	0	0	distal	.	.
chr7:156539597-156539869	1	1	0	0	proximal	LINC00244	.
chr7:156625993-156626284	1	1	0	0	distal	.	.
chr7:156640494-156640923	4	2	1	1	proximal	RNF32,RNF32-DT	.
chr7:156640985-156641235	2	2	1	1	proximal	RNF32,RNF32-DT	.
chr7:156909005-156909208	2	2	1	1	distal	.	.
chr7:157011355-157011644	1	1	0	0	proximal	MNX1,MNX1-AS1	.
chr7:157017763-157017980	1	1	0	0	distal	.	.
chr7:1570244-1570423	1	1	0	0	proximal	PSMG3,PSMG3-AS1	.
chr7:157033540-157033992	2	1	0	0	distal	.	.
chr7:157150997-157151191	1	1	0	0	distal	.	.
chr7:157289668-157289844	1	1	0	0	distal	.	.
chr7:157298662-157298832	1	1	0	0	distal	.	.
chr7:157337246-157337508	1	1	0	0	distal	.	.
chr7:157490446-157490657	1	1	0	0	distal	.	.
chr7:157857658-157857808	1	1	0	0	distal	.	.
chr7:158147453-158147946	1	1	0	0	distal	.	.
chr7:158151366-158151555	1	1	0	0	distal	.	.
chr7:158192021-158192171	1	1	0	0	distal	.	.
chr7:158587713-158587976	1	1	0	0	proximal	PTPRN2	.
chr7:158609339-158609946	1	1	0	0	distal	.	.
chr7:158777314-158777464	1	1	0	0	distal	.	.
chr7:16099897-16100047	1	1	0	0	distal	.	.
chr7:1612713-1612995	2	2	1	1	distal	.	.
chr7:16420490-16421298	1	1	0	0	distal	.	.
chr7:16465492-16466034	1	1	0	0	distal	.	.
chr7:1664778-1665110	1	1	0	0	proximal	ELFN1	.
chr7:16770634-16770907	1	1	0	0	distal	.	.
chr7:1678804-1678954	1	1	0	0	distal	.	.
chr7:1998637-1998787	1	1	0	0	distal	.	.
chr7:22054361-22054511	1	1	0	0	distal	.	.
chr7:2225548-2225698	2	2	1	1	distal	.	.
chr7:22500112-22500305	1	1	0	0	distal	.	.
chr7:22559878-22560179	2	1	0	0	distal	.	.
chr7:23013650-23014591	1	1	0	0	proximal	HYCC1	.
chr7:2314324-2314832	1	1	0	0	distal	.	.
chr7:23181570-23182323	1	1	0	0	proximal	NUP42	.
chr7:2329543-2329786	1	1	0	0	distal	.	.
chr7:23316155-23316719	1	1	0	0	distal	.	.
chr7:23470495-23470998	1	1	0	0	proximal	IGF2BP3	.
chr7:23531823-23532462	1	1	0	0	proximal	TRA2A	.
chr7:2354281-2354431	2	1	0	0	proximal	EIF3B,SNX8	.
chr7:2354505-2354917	2	1	0	0	proximal	EIF3B,SNX8	.
chr7:2403194-2404078	1	1	0	0	proximal	CHST12	.
chr7:2424998-2425261	1	1	0	0	distal	.	.
chr7:24304377-24305087	1	1	0	0	distal	.	.
chr7:24432804-24433011	2	1	0	0	distal	.	.
chr7:24456136-24456406	1	1	0	0	distal	.	.
chr7:2451467-2451717	3	2	1	1	distal	.	.
chr7:24572413-24572692	1	1	0	0	proximal	PALS2	.
chr7:24573670-24574011	2	1	0	0	proximal	PALS2	.
chr7:24715914-24716124	1	1	0	0	distal	.	.
chr7:24812427-24812587	1	1	0	0	distal	.	.
chr7:24980122-24980526	2	1	0	0	distal	.	.
chr7:25094102-25094571	2	1	0	0	distal	.	.
chr7:25124989-25125757	2	1	0	0	proximal	CYCS	.
chr7:25483314-25483540	1	1	0	0	distal	.	.
chr7:2555275-2555617	1	1	0	0	proximal	BRAT1	.
chr7:25603351-25603623	1	1	0	0	distal	.	.
chr7:25862131-25862889	1	1	0	0	distal	.	.
chr7:26151948-26152529	1	1	0	0	proximal	NFE2L3	.
chr7:26291785-26292320	1	1	0	0	proximal	SNX10	.
chr7:26601750-26601900	1	1	0	0	distal	.	.
chr7:26657559-26657709	1	1	0	0	distal	.	.
chr7:26667564-26667850	1	1	0	0	distal	.	.
chr7:26678575-26678887	1	1	0	0	distal	.	.
chr7:26789865-26790174	1	1	0	0	distal	.	.
chr7:26864411-26864972	1	1	0	0	distal	.	.
chr7:26962696-26962846	1	1	0	0	distal	.	.
chr7:27095761-27096258	1	1	0	0	proximal	HOTAIRM1,HOXA1	.
chr7:2709836-2710016	1	1	0	0	distal	.	.
chr7:27113432-27113995	1	1	0	0	distal	.	.
chr7:27123197-27123418	1	1	0	0	distal	.	.
chr7:27129754-27130656	2	1	0	0	proximal	HOXA-AS3,HOXA4	.
chr7:27130768-27131219	1	1	0	0	proximal	HOXA4	.
chr7:27173513-27173715	1	1	0	0	distal	.	.
chr7:27200057-27200619	1	1	0	0	proximal	HOXA13	.
chr7:27235704-27235934	1	1	0	0	distal	.	.
chr7:2757973-2758129	1	1	0	0	distal	.	.
chr7:2758228-2758590	2	1	0	0	distal	.	.
chr7:27662694-27663231	3	1	0	0	proximal	HIBADH	.
chr7:27739665-27740853	1	1	0	0	proximal	TAX1BP1,TAX1BP1-AS1	.
chr7:27986627-27986782	1	1	0	0	distal	.	.
chr7:28179577-28179748	1	1	0	0	proximal	JAZF1-AS1	.
chr7:28179817-28180211	1	1	0	0	proximal	JAZF1,JAZF1-AS1	.
chr7:28278671-28278821	1	1	0	0	distal	.	.
chr7:28340585-28340770	2	1	0	0	distal	.	.
chr7:28409077-28409475	1	1	0	0	distal	.	.
chr7:28410784-28411269	1	1	0	0	distal	.	.
chr7:2844154-2844697	1	1	0	0	proximal	GNA12	.
chr7:28586761-28587020	1	1	0	0	distal	.	.
chr7:2863783-2863933	1	1	0	0	distal	.	.
chr7:28685751-28686428	3	1	0	0	distal	.	.
chr7:28730587-28730804	1	1	0	0	distal	.	.
chr7:28770058-28770275	1	1	0	0	distal	.	.
chr7:28904313-28904777	1	1	0	0	distal	.	.
chr7:28926898-28927236	2	1	0	0	distal	.	.
chr7:2892956-2893148	2	1	0	0	distal	.	.
chr7:29102601-29102799	1	1	0	0	distal	.	.
chr7:29146036-29146670	2	1	0	0	proximal	CHN2	.
chr7:29147051-29147201	1	1	0	0	proximal	CHN2	.
chr7:29194771-29194921	1	1	0	0	proximal	CPVL,ENSG00000285081	.
chr7:29254827-29255074	2	1	0	0	distal	.	.
chr7:29516213-29516421	1	1	0	0	distal	.	.
chr7:29563593-29563862	1	1	0	0	proximal	PRR15,PRR15-DT	.
chr7:29564911-29565278	1	1	0	0	distal	.	.
chr7:29684659-29685579	1	1	0	0	proximal	DPY19L2P3	.
chr7:29772779-29772977	1	1	0	0	distal	.	.
chr7:2981224-2981374	1	1	0	0	distal	.	.
chr7:29865628-29865805	1	1	0	0	distal	.	.
chr7:29900615-29900803	1	1	0	0	distal	.	.
chr7:29988029-29988217	1	1	0	0	proximal	FKBP14-AS1	.
chr7:30026788-30027036	1	1	0	0	proximal	FKBP14,PLEKHA8	.
chr7:30027971-30028486	1	1	0	0	proximal	PLEKHA8	.
chr7:30028558-30028881	1	1	0	0	distal	.	.
chr7:30311062-30311300	1	1	0	0	distal	.	.
chr7:3032155-3032487	1	1	0	0	distal	.	.
chr7:30800408-30800573	1	1	0	0	distal	.	.
chr7:3244168-3244474	1	1	0	0	distal	.	.
chr7:33069207-33069417	1	1	0	0	distal	.	.
chr7:33129135-33129743	1	1	0	0	distal	.	.
chr7:33459351-33459508	2	1	0	0	distal	.	.
chr7:33527185-33527439	1	1	0	0	distal	.	.
chr7:33824086-33824236	1	1	0	0	distal	.	.
chr7:33886202-33886361	1	1	0	0	distal	.	.
chr7:33904511-33905012	1	1	0	0	proximal	BMPER	.
chr7:35036953-35037138	2	1	0	0	proximal	ENSG00000287249	.
chr7:35037422-35037886	2	1	0	0	proximal	DPY19L1,ENSG00000287249	.
chr7:35253824-35254360	1	1	0	0	proximal	ENSG00000289335,TBX20	.
chr7:35499352-35499502	1	1	0	0	distal	.	.
chr7:35646682-35646832	1	1	0	0	distal	.	.
chr7:35647196-35647386	1	1	0	0	distal	.	.
chr7:35694790-35695492	1	1	0	0	proximal	HERPUD2-AS1	.
chr7:35800508-35800811	1	1	0	0	proximal	SEPTIN7,SEPTIN7-DT	.
chr7:36366877-36367501	3	1	0	0	distal	.	.
chr7:36746839-36747010	1	1	0	0	distal	.	.
chr7:38341292-38341612	1	1	0	0	proximal	TRGV6	.
chr7:38631141-38631644	1	1	0	0	proximal	AMPH	.
chr7:38782634-38782784	1	1	0	0	distal	.	.
chr7:39166477-39166627	1	1	0	0	distal	.	.
chr7:39629878-39630150	1	1	0	0	distal	.	.
chr7:39668435-39668912	1	1	0	0	distal	.	.
chr7:39833221-39833583	1	1	0	0	distal	.	.
chr7:39834014-39834309	1	1	0	0	distal	.	.
chr7:40134567-40135339	1	1	0	0	proximal	MPLKIP,SUGCT	.
chr7:40182384-40182606	1	1	0	0	distal	.	.
chr7:42038176-42038326	2	2	1	1	distal	.	.
chr7:42493925-42494147	2	2	1	1	distal	.	.
chr7:42888956-42889106	2	2	1	1	proximal	ENSG00000290065	.
chr7:43577565-43577753	2	1	0	0	distal	.	.
chr7:43728177-43728327	1	1	0	0	distal	.	.
chr7:43729490-43729902	2	1	0	0	proximal	COA1	.
chr7:43758729-43758977	1	1	0	0	proximal	BLVRA	.
chr7:43778600-43779388	1	1	0	0	distal	.	.
chr7:43838960-43839222	1	1	0	0	distal	.	.
chr7:43868963-43869690	2	1	0	0	proximal	MRPS24	.
chr7:43925752-43926766	1	1	0	0	proximal	UBE2D4,URGCP	.
chr7:43970421-43970584	2	1	0	0	distal	.	.
chr7:43994738-43994931	1	1	0	0	distal	.	.
chr7:44012330-44012480	3	1	0	0	distal	.	.
chr7:44019056-44019352	2	1	0	0	proximal	ENSG00000273432,ENSG00000290872,POLR2J4	.
chr7:44035322-44035472	1	1	0	0	distal	.	.
chr7:44131202-44131365	1	1	0	0	distal	.	.
chr7:44176296-44176446	1	1	0	0	distal	.	.
chr7:44200725-44201111	1	1	0	0	proximal	YKT6	.
chr7:44289721-44289882	1	1	0	0	distal	.	.
chr7:44326731-44326944	1	1	0	0	distal	.	.
chr7:44477437-44477811	1	1	0	0	distal	.	.
chr7:44490159-44490780	5	2	0	0	proximal	NUDCD3	.
chr7:44573513-44574144	1	1	0	0	distal	.	.
chr7:44581826-44582692	2	1	0	0	proximal	ENSG00000287574,TMED4	.
chr7:44606367-44607342	1	1	0	0	proximal	OGDH	.
chr7:44796061-44796244	3	2	0	0	proximal	PPIA	.
chr7:44796831-44797594	4	2	0	0	proximal	PPIA	.
chr7:44847708-44848514	1	1	0	0	proximal	H2AZ2,H2AZ2-DT	.
chr7:44885966-44886176	1	1	0	0	proximal	PURB	.
chr7:44921424-44921574	1	1	0	0	distal	.	.
chr7:44986499-44987038	1	1	0	0	proximal	SNHG15	.
chr7:44999525-45000250	2	2	0	0	proximal	CCM2	.
chr7:45050982-45051132	1	1	0	0	distal	.	.
chr7:45088827-45089071	1	1	0	0	proximal	NACAD	.
chr7:45111351-45112120	3	2	0	0	proximal	TBRG4	.
chr7:45136132-45136402	3	2	0	0	distal	.	.
chr7:45166039-45166189	1	1	0	0	distal	.	.
chr7:45182130-45182336	1	1	0	0	distal	.	.
chr7:47395810-47395981	1	1	0	0	distal	.	.
chr7:47979223-47979758	1	1	0	0	proximal	HUS1	.
chr7:480536-480707	1	1	0	0	distal	.	.
chr7:4973765-4974743	1	1	0	0	proximal	RNF216P1	.
chr7:5045673-5046226	2	1	0	0	proximal	RBAK	.
chr7:5240250-5240417	1	1	0	0	distal	.	.
chr7:5240566-5240825	1	1	0	0	distal	.	.
chr7:5282221-5282393	1	1	0	0	distal	.	.
chr7:5486766-5487129	1	1	0	0	distal	.	.
chr7:5494711-5495056	1	1	0	0	distal	.	.
chr7:55002239-55002427	1	1	0	0	distal	.	.
chr7:5513357-5514108	1	1	0	0	proximal	FBXL18	.
chr7:55254835-55255089	1	1	0	0	proximal	ELDR	.
chr7:5529639-5530276	1	1	0	0	distal	.	.
chr7:55365618-55366424	1	1	0	0	proximal	LANCL2	.
chr7:55414736-55414997	1	1	0	0	distal	.	.
chr7:55506342-55506531	1	1	0	0	distal	.	.
chr7:55539572-55539769	1	1	0	0	distal	.	.
chr7:5558781-5559150	1	1	0	0	distal	.	.
chr7:55593743-55594126	2	1	0	0	proximal	ENSG00000231394	.
chr7:5563624-5563795	2	1	0	0	proximal	ACTB	.
chr7:55904319-55904469	1	1	0	0	distal	.	.
chr7:5592655-5592823	2	1	0	0	proximal	FSCN1	.
chr7:55951514-55951909	1	1	0	0	proximal	MRPS17,NIPSNAP2	.
chr7:55964408-55964665	2	1	0	0	distal	.	.
chr7:5655500-5655738	1	1	0	0	distal	.	.
chr7:5736410-5736629	1	1	0	0	distal	.	.
chr7:5781394-5781879	4	1	0	0	proximal	RNF216	.
chr7:5822939-5823180	1	1	0	0	proximal	ENSG00000291099	.
chr7:58535712-58536035	1	1	0	0	distal	.	.
chr7:5856633-5856806	1	1	0	0	distal	.	.
chr7:58622614-58622797	1	1	0	0	distal	.	.
chr7:58632260-58632647	2	1	0	0	distal	.	.
chr7:58692075-58692314	1	1	0	0	distal	.	.
chr7:58769950-58770217	2	1	0	0	distal	.	.
chr7:58827655-58827931	1	1	0	0	distal	.	.
chr7:5885690-5885922	1	1	0	0	distal	.	.
chr7:58986059-58986330	1	1	0	0	distal	.	.
chr7:59130109-59130461	1	1	0	0	distal	.	.
chr7:59167480-59167839	1	1	0	0	distal	.	.
chr7:59251601-59251894	1	1	0	0	distal	.	.
chr7:5927741-5927891	3	1	0	0	distal	.	.
chr7:5928359-5928531	1	1	0	0	distal	.	.
chr7:5931362-5931908	1	1	0	0	distal	.	.
chr7:59320905-59321255	1	1	0	0	distal	.	.
chr7:59512689-59512954	1	1	0	0	distal	.	.
chr7:6008753-6009340	2	1	0	0	proximal	AIMP2,PMS2	.
chr7:6009404-6009648	4	1	0	0	proximal	AIMP2,PMS2	.
chr7:6058968-6059396	2	1	0	0	proximal	EIF2AK1	.
chr7:6081118-6081813	1	1	0	0	proximal	ENSG00000231704	.
chr7:6179635-6179864	2	1	0	0	distal	.	.
chr7:6226244-6226413	1	1	0	0	distal	.	.
chr7:6306481-6306690	1	1	0	0	distal	.	.
chr7:6312600-6312768	1	1	0	0	distal	.	.
chr7:6348774-6349483	1	1	0	0	proximal	FAM220A,SAGSIN1	.
chr7:6373547-6373741	1	1	0	0	proximal	RAC1	.
chr7:643475-643625	1	1	0	0	distal	.	.
chr7:6447049-6447280	1	1	0	0	distal	.	.
chr7:6447608-6448126	1	1	0	0	distal	.	.
chr7:64665947-64666533	1	1	0	0	proximal	ZNF107	.
chr7:6484024-6484422	3	1	0	0	proximal	DAGLB,KDELR2	.
chr7:64951336-64951487	1	1	0	0	distal	.	.
chr7:65016275-65016425	2	1	0	0	distal	.	.
chr7:6503561-6504603	2	1	0	0	distal	.	.
chr7:65037914-65038656	2	1	0	0	proximal	CCT6P3	.
chr7:65251988-65252884	1	1	0	0	proximal	ENSG00000289108	.
chr7:65269170-65269624	1	1	0	0	proximal	ENSG00000282381	.
chr7:65373651-65374392	2	1	0	0	proximal	ZNF92	.
chr7:65508718-65508868	1	1	0	0	distal	.	.
chr7:65509040-65509256	1	1	0	0	distal	.	.
chr7:65750610-65751158	1	1	0	0	proximal	ENSG00000291124	.
chr7:65770429-65770832	2	1	0	0	proximal	LINC03006	.
chr7:6577340-6577763	1	1	0	0	proximal	ZDHHC4	.
chr7:65886817-65887035	1	1	0	0	distal	.	.
chr7:6589814-6590832	2	1	0	0	proximal	INTS15	.
chr7:65959129-65959279	1	1	0	0	distal	.	.
chr7:65981968-65982420	1	1	0	0	proximal	GUSB	.
chr7:65982502-65982727	1	1	0	0	proximal	GUSB	.
chr7:66013991-66014191	1	1	0	0	distal	.	.
chr7:66099756-66100395	1	1	0	0	distal	.	.
chr7:66141650-66141800	1	1	0	0	distal	.	.
chr7:66204999-66205550	1	1	0	0	proximal	TPST1	.
chr7:6623401-6623566	1	1	0	0	distal	.	.
chr7:66413428-66413776	1	1	0	0	distal	.	.
chr7:66493460-66493993	3	1	0	0	proximal	LINC00174,LINC03011	.
chr7:66550258-66550425	1	1	0	0	distal	.	.
chr7:66591981-66592544	2	1	0	0	proximal	ENSG00000291136	.
chr7:66654153-66654669	3	1	0	0	proximal	ENSG00000226824	.
chr7:66740603-66740963	1	1	0	0	proximal	ENSG00000272831	.
chr7:66844666-66845149	1	1	0	0	proximal	ENSG00000289177,GTF2IRD1P1	.
chr7:66995138-66995774	1	1	0	0	proximal	SBDS,TYW1	.
chr7:6706457-6706607	1	1	0	0	proximal	ZNF12	.
chr7:6706806-6707504	1	1	0	0	proximal	ZNF12	.
chr7:67076161-67076348	3	1	0	0	distal	.	.
chr7:6716475-6716625	2	1	0	0	distal	.	.
chr7:67302332-67303062	1	1	0	0	proximal	PMS2P4,STAG3L4	.
chr7:6857531-6857681	1	1	0	0	distal	.	.
chr7:6938422-6938572	1	1	0	0	distal	.	.
chr7:70355786-70356150	1	1	0	0	distal	.	.
chr7:70768228-70768399	1	1	0	0	distal	.	.
chr7:7182164-7182987	1	1	0	0	distal	.	.
chr7:72829379-72830206	1	1	0	0	proximal	SBDSP1	.
chr7:72880021-72880288	1	1	0	0	proximal	POM121	.
chr7:72906765-72906925	1	1	0	0	distal	.	.
chr7:72914655-72914844	1	1	0	0	distal	.	.
chr7:72942107-72942401	2	1	0	0	distal	.	.
chr7:72954454-72954721	1	1	0	0	proximal	ENSG00000285886,NSUN5P2	.
chr7:72967005-72967195	1	1	0	0	distal	.	.
chr7:72975708-72976106	1	1	0	0	distal	.	.
chr7:73111141-73111598	1	1	0	0	distal	.	.
chr7:73122870-73123155	1	1	0	0	distal	.	.
chr7:73144355-73144552	1	1	0	0	distal	.	.
chr7:73154701-73155150	4	2	1	1	proximal	SPDYE10	.
chr7:73201349-73201658	1	1	0	0	distal	.	.
chr7:73222367-73222558	3	1	0	0	distal	.	.
chr7:73235129-73235561	1	1	0	0	distal	.	.
chr7:73308770-73308931	1	1	0	0	proximal	NSUN5	.
chr7:73433623-73433863	2	1	0	0	proximal	FZD9	.
chr7:73501637-73501787	2	1	0	0	distal	.	.
chr7:73521946-73522950	1	1	0	0	proximal	BAZ1B	.
chr7:73557017-73558074	1	1	0	0	proximal	BCL7B	.
chr7:73577705-73577855	3	1	0	0	distal	.	.
chr7:73578461-73579099	2	1	0	0	proximal	TBL2	.
chr7:73683378-73683742	1	1	0	0	proximal	BUD23,DNAJC30	.
chr7:73701546-73701696	3	2	1	1	distal	.	.
chr7:73710270-73710420	1	1	0	0	distal	.	.
chr7:73719648-73719846	2	1	0	0	proximal	STX1A	.
chr7:73725791-73725968	3	2	1	1	distal	.	.
chr7:73734765-73735035	2	1	0	0	distal	.	.
chr7:73744152-73744319	1	1	0	0	distal	.	.
chr7:73811873-73812099	1	1	0	0	distal	.	.
chr7:73842436-73842771	1	1	0	0	proximal	METTL27	.
chr7:73857106-73857343	1	1	0	0	distal	.	.
chr7:74067807-74068092	1	1	0	0	distal	.	.
chr7:74079242-74079646	2	1	0	0	distal	.	.
chr7:74083520-74083809	4	1	0	0	proximal	LIMK1	.
chr7:74173919-74174662	1	1	0	0	proximal	EIF4H	.
chr7:74184223-74184382	1	1	0	0	distal	.	.
chr7:74254157-74254584	2	1	0	0	proximal	RFC2	.
chr7:74386011-74386198	3	1	0	0	distal	.	.
chr7:74401156-74401506	2	1	0	0	distal	.	.
chr7:74479774-74479924	1	1	0	0	distal	.	.
chr7:74535793-74535943	2	1	0	0	distal	.	.
chr7:74612454-74612672	2	1	0	0	distal	.	.
chr7:74657857-74658061	1	1	0	0	distal	.	.
chr7:74658260-74658684	2	1	0	0	distal	.	.
chr7:74764775-74764944	1	1	0	0	distal	.	.
chr7:74788464-74788962	1	1	0	0	distal	.	.
chr7:74876845-74876995	1	1	0	0	distal	.	.
chr7:74890175-74891157	3	2	1	1	proximal	ENSG00000289346,ENSG00000290833	.
chr7:74964056-74964265	1	1	0	0	proximal	CASTOR2	.
chr7:74993951-74994304	1	1	0	0	distal	.	.
chr7:75073043-75074182	1	1	0	0	proximal	RCC1L	.
chr7:75092455-75093206	2	2	1	1	proximal	GTF2IRD2B	.
chr7:75105920-75106286	3	2	1	1	distal	.	.
chr7:75150730-75151038	3	2	1	1	distal	.	.
chr7:75238010-75238160	1	1	0	0	proximal	GTF2IP1	.
chr7:75410295-75410644	2	1	0	0	proximal	NSUN5P1	.
chr7:75443209-75443364	2	1	0	0	distal	.	.
chr7:75485814-75486504	2	2	0	0	proximal	POM121C	.
chr7:75528039-75528516	1	1	0	0	proximal	PMS2P3	.
chr7:75623823-75624027	2	1	0	0	distal	.	.
chr7:75738654-75739639	2	2	1	1	proximal	HIP1	.
chr7:75762549-75762707	2	1	0	0	distal	.	.
chr7:75879193-75879479	2	1	0	0	distal	.	.
chr7:75969714-75969930	1	1	0	0	distal	.	.
chr7:75994461-75994877	3	2	1	1	proximal	TMEM120A	.
chr7:76166507-76166992	1	1	0	0	distal	.	.
chr7:76201731-76202009	2	1	0	0	proximal	SRRM3	.
chr7:76260184-76260650	1	1	0	0	distal	.	.
chr7:76267501-76267693	1	1	0	0	distal	.	.
chr7:76291682-76292018	2	1	0	0	distal	.	.
chr7:76318005-76318651	2	1	0	0	proximal	ENSG00000289059	.
chr7:76393083-76393580	2	1	0	0	distal	.	.
chr7:76437847-76438141	1	1	0	0	distal	.	.
chr7:7649179-7649329	1	1	0	0	distal	.	.
chr7:76728653-76729024	1	1	0	0	distal	.	.
chr7:76939335-76939485	1	1	0	0	distal	.	.
chr7:77028013-77028209	1	1	0	0	distal	.	.
chr7:77412929-77413399	1	1	0	0	distal	.	.
chr7:77537739-77538092	1	1	0	0	proximal	PTPN12	.
chr7:77696195-77696530	1	1	0	0	proximal	APTR,RSBN1L	.
chr7:80870074-80870249	2	2	1	1	distal	.	.
chr7:80883640-80883945	1	1	0	0	distal	.	.
chr7:80892998-80893161	2	2	1	1	distal	.	.
chr7:80918976-80919490	1	1	0	0	distal	.	.
chr7:81478712-81478917	2	2	1	1	distal	.	.
chr7:816332-816732	1	1	0	0	proximal	SUN1	.
chr7:817131-817281	1	1	0	0	proximal	SUN1	.
chr7:85185504-85186204	1	1	0	0	distal	.	.
chr7:85186566-85186996	1	1	0	0	proximal	SEMA3D	.
chr7:86967641-86967791	1	1	0	0	distal	.	.
chr7:87345237-87345836	1	1	0	0	proximal	CROT,TP53TG1	.
chr7:87876045-87876672	1	1	0	0	proximal	DBF4,SLC25A40	.
chr7:88219865-88220569	1	1	0	0	proximal	ENSG00000228113	.
chr7:90211591-90212184	1	1	0	0	proximal	STEAP2-AS1	.
chr7:90346522-90346764	1	1	0	0	distal	.	.
chr7:91415263-91415413	1	1	0	0	distal	.	.
chr7:91839835-91839985	1	1	0	0	distal	.	.
chr7:91880608-91881184	1	1	0	0	proximal	ENSG00000287672,MTERF1	.
chr7:91940541-91941441	1	1	0	0	proximal	AKAP9	.
chr7:92060747-92060897	1	1	0	0	distal	.	.
chr7:92205917-92206104	1	1	0	0	proximal	ENSG00000243107	.
chr7:92245486-92245728	1	1	0	0	proximal	ANKIB1,ENSG00000285953,ENSG00000289027,KRIT1	.
chr7:92246530-92246687	1	1	0	0	proximal	ANKIB1,ENSG00000285953,ENSG00000289027,KRIT1	.
chr7:92382866-92383016	1	1	0	0	distal	.	.
chr7:92447259-92448176	1	1	0	0	proximal	GATAD1	.
chr7:92527814-92527969	1	1	0	0	proximal	PEX1,RBM48	.
chr7:92589839-92590610	1	1	0	0	proximal	FAM133B	.
chr7:93232543-93232700	1	1	0	0	proximal	VPS50	.
chr7:93591243-93591439	1	1	0	0	proximal	GNGT1	.
chr7:93622316-93622889	1	1	0	0	distal	.	.
chr7:94301454-94301610	1	1	0	0	distal	.	.
chr7:96941045-96941247	1	1	0	0	distal	.	.
chr7:97006109-97006980	2	1	0	0	proximal	DLX6	.
chr7:97189519-97189674	1	1	0	0	distal	.	.
chr7:97448126-97448276	1	1	0	0	distal	.	.
chr7:97972053-97972424	1	1	0	0	proximal	ENSG00000284707	.
chr7:98106691-98107126	1	1	0	0	proximal	LMTK2	.
chr7:98281176-98281707	1	1	0	0	distal	.	.
chr7:98423103-98423366	1	1	0	0	distal	.	.
chr7:98668158-98668624	1	1	0	0	distal	.	.
chr7:98825840-98826081	1	1	0	0	distal	.	.
chr7:98836729-98837129	1	1	0	0	distal	.	.
chr7:98879386-98879887	1	1	0	0	distal	.	.
chr7:99088745-99088973	1	1	0	0	distal	.	.
chr7:99144098-99144248	1	1	0	0	proximal	SMURF1	.
chr7:993050-993452	1	1	0	0	distal	.	.
chr7:99374589-99374925	1	1	0	0	proximal	ARPC1B	.
chr7:99438677-99439071	1	1	0	0	proximal	CPSF4	.
chr7:99449750-99449900	1	1	0	0	distal	.	.
chr7:99500182-99500470	2	1	0	0	distal	.	.
chr7:99504802-99505617	3	1	0	0	proximal	ZKSCAN5,ZNF394	.
chr7:99558053-99558400	1	1	0	0	proximal	ENSG00000272647,FAM200A,ZNF655	.
chr7:99558464-99558785	2	1	0	0	proximal	ENSG00000272647,FAM200A,ZNF655	.
chr7:99575211-99575361	1	1	0	0	distal	.	.
chr7:99616475-99617063	1	1	0	0	proximal	ZSCAN25	.
chr7:99850981-99851173	1	1	0	0	distal	.	.
chr7:99919004-99919775	3	1	0	0	proximal	TRIM4	.
chr7:99979878-99980028	1	1	0	0	proximal	AZGP1P1	.
chr7:99990970-99991157	1	1	0	0	distal	.	.
chr8:100150017-100150739	1	1	0	0	proximal	POLR2K	.
chr8:100212831-100213295	1	1	0	0	distal	.	.
chr8:100213435-100213783	1	1	0	0	distal	.	.
chr8:100309456-100309778	1	1	0	0	distal	.	.
chr8:100309842-100310742	1	1	0	0	distal	.	.
chr8:100559345-100559555	1	1	0	0	proximal	ANKRD46	.
chr8:100564070-100564220	1	1	0	0	distal	.	.
chr8:100731585-100731735	1	1	0	0	distal	.	.
chr8:100847490-100847736	1	1	0	0	distal	.	.
chr8:100952882-100953130	1	1	0	0	proximal	YWHAZ	.
chr8:101080883-101081275	1	1	0	0	distal	.	.
chr8:101126332-101126716	1	1	0	0	proximal	LINC03044	.
chr8:101456525-101456740	1	1	0	0	distal	.	.
chr8:101474045-101474467	1	1	0	0	distal	.	.
chr8:101632619-101632769	1	1	0	0	distal	.	.
chr8:101891637-101891827	1	1	0	0	distal	.	.
chr8:102123791-102124182	1	1	0	0	proximal	NCALD	.
chr8:102325772-102325984	1	1	0	0	distal	.	.
chr8:102412510-102413084	1	1	0	0	proximal	UBR5	.
chr8:102590048-102590318	2	1	0	0	distal	.	.
chr8:102653651-102654214	1	1	0	0	distal	.	.
chr8:102702631-102702943	1	1	0	0	distal	.	.
chr8:102862910-102863361	1	1	0	0	proximal	ENSG00000289653	.
chr8:103020791-103021381	2	1	0	0	proximal	ATP6V1C1,ENSG00000254236	.
chr8:103073879-103074082	1	1	0	0	distal	.	.
chr8:103112431-103112582	1	1	0	0	distal	.	.
chr8:103349318-103349487	1	1	0	0	distal	.	.
chr8:103354861-103355037	1	1	0	0	distal	.	.
chr8:103373350-103373501	1	1	0	0	distal	.	.
chr8:103499024-103499293	1	1	0	0	distal	.	.
chr8:103707370-103707601	1	1	0	0	distal	.	.
chr8:105319522-105319743	1	1	0	0	distal	.	.
chr8:105796790-105796952	1	1	0	0	distal	.	.
chr8:108082693-108083021	1	1	0	0	proximal	RSPO2	.
chr8:108083320-108083723	2	1	0	0	proximal	RSPO2	.
chr8:108185249-108185447	1	1	0	0	distal	.	.
chr8:108234029-108234186	1	1	0	0	distal	.	.
chr8:108371998-108372148	1	1	0	0	distal	.	.
chr8:10839671-10840215	1	1	0	0	proximal	PINX1,PINX1-DT	.
chr8:108495502-108495652	1	1	0	0	distal	.	.
chr8:108787316-108787729	1	1	0	0	proximal	TMEM74	.
chr8:11201369-11201881	1	1	0	0	proximal	XKR6	.
chr8:11284279-11284924	3	1	0	0	proximal	ENSG00000280273,MTMR9	.
chr8:11347389-11347685	1	1	0	0	proximal	TDH-AS1	.
chr8:115300971-115301240	1	1	0	0	distal	.	.
chr8:115418619-115418814	1	1	0	0	distal	.	.
chr8:11553862-11554017	1	1	0	0	distal	.	.
chr8:11657424-11657574	1	1	0	0	distal	.	.
chr8:11802232-11802806	1	1	0	0	proximal	ENSG00000255046	.
chr8:118044214-118044366	1	1	0	0	distal	.	.
chr8:11807928-11808145	1	1	0	0	distal	.	.
chr8:11808276-11808744	1	1	0	0	distal	.	.
chr8:118120941-118121109	1	1	0	0	distal	.	.
chr8:118260769-118260919	1	1	0	0	distal	.	.
chr8:118415052-118415212	1	1	0	0	distal	.	.
chr8:11868068-11868270	1	1	0	0	distal	.	.
chr8:11902203-11902721	1	1	0	0	distal	.	.
chr8:121642342-121642507	1	1	0	0	proximal	HAS2	.
chr8:12194057-12195209	1	1	0	0	proximal	ENSG00000255495,FAM86B1	.
chr8:122148122-122148488	1	1	0	0	distal	.	.
chr8:122969250-122969465	1	1	0	0	distal	.	.
chr8:123072257-123072764	1	1	0	0	distal	.	.
chr8:123089536-123089686	1	1	0	0	distal	.	.
chr8:123166740-123167051	1	1	0	0	distal	.	.
chr8:123241192-123241507	1	1	0	0	proximal	C8orf76	.
chr8:123396291-123396878	1	1	0	0	distal	.	.
chr8:123479101-123479418	1	1	0	0	distal	.	.
chr8:123654488-123654638	1	1	0	0	proximal	KLHL38	.
chr8:123768314-123768630	1	1	0	0	proximal	FAM91A1	.
chr8:124020912-124021062	2	1	0	0	distal	.	.
chr8:124037680-124037941	1	1	0	0	distal	.	.
chr8:124228572-124229139	1	1	0	0	distal	.	.
chr8:124263047-124263331	1	1	0	0	distal	.	.
chr8:124271471-124271748	1	1	0	0	proximal	ENSG00000253227	.
chr8:124282895-124283045	1	1	0	0	distal	.	.
chr8:124291016-124291166	2	1	0	0	distal	.	.
chr8:12435851-12436065	1	1	0	0	proximal	FAM86B2	.
chr8:12436634-12436974	2	1	0	0	proximal	FAM86B2	.
chr8:124425985-124426199	1	1	0	0	distal	.	.
chr8:124450639-124450829	1	1	0	0	proximal	TRMT12	.
chr8:124474452-124475342	3	1	0	0	proximal	RNF139,RNF139-DT	.
chr8:124475520-124475716	2	1	0	0	proximal	RNF139	.
chr8:124612357-124612507	1	1	0	0	distal	.	.
chr8:124728437-124728664	2	1	0	0	proximal	MTSS1	.
chr8:124774354-124774504	1	1	0	0	distal	.	.
chr8:124780859-124781044	1	1	0	0	distal	.	.
chr8:124788873-124789023	1	1	0	0	distal	.	.
chr8:124998041-124998973	2	1	0	0	proximal	SQLE,SQLE-DT	.
chr8:125091714-125091893	1	1	0	0	proximal	NSMCE2,WASHC5	.
chr8:12659414-12659843	2	1	0	0	distal	.	.
chr8:12703684-12703950	1	1	0	0	distal	.	.
chr8:12753807-12754197	1	1	0	0	distal	.	.
chr8:12951420-12951901	1	1	0	0	distal	.	.
chr8:129726400-129726550	2	1	0	0	distal	.	.
chr8:129837221-129837473	1	1	0	0	distal	.	.
chr8:129939070-129939414	1	1	0	0	proximal	ENSG00000253720	.
chr8:132143246-132143396	1	1	0	0	distal	.	.
chr8:132675493-132675921	1	1	0	0	proximal	DNAAF11	.
chr8:133091469-133091753	1	1	0	0	distal	.	.
chr8:133453436-133453596	1	1	0	0	distal	.	.
chr8:134832165-134832902	1	1	0	0	proximal	ENSG00000254028	.
chr8:135457090-135457583	1	1	0	0	proximal	ENSG00000254372,KHDRBS3	.
chr8:139489390-139489540	1	1	0	0	distal	.	.
chr8:139756816-139757001	1	1	0	0	distal	.	.
chr8:139973198-139973348	1	1	0	0	distal	.	.
chr8:140111238-140111436	1	1	0	0	distal	.	.
chr8:140121486-140121636	1	1	0	0	distal	.	.
chr8:140457655-140458050	1	1	0	0	proximal	TRAPPC9	.
chr8:140856003-140856274	1	1	0	0	distal	.	.
chr8:141001650-141001800	1	1	0	0	proximal	PTK2	.
chr8:141026324-141026477	2	1	0	0	distal	.	.
chr8:141507816-141508016	1	1	0	0	proximal	ENSG00000287325,MROH5	.
chr8:141753770-141753960	1	1	0	0	distal	.	.
chr8:141942251-141942401	1	1	0	0	distal	.	.
chr8:142452861-142453105	1	1	0	0	distal	.	.
chr8:142475643-142475995	3	1	0	0	distal	.	.
chr8:142624063-142624284	1	1	0	0	distal	.	.
chr8:142678377-142678587	1	1	0	0	distal	.	.
chr8:142699696-142700076	1	1	0	0	proximal	LY6K	.
chr8:142739086-142739383	1	1	0	0	distal	.	.
chr8:142739470-142739642	1	1	0	0	distal	.	.
chr8:142739707-142739899	3	1	0	0	distal	.	.
chr8:142864999-142865274	1	1	0	0	distal	.	.
chr8:143231533-143231841	1	1	0	0	distal	.	.
chr8:143246458-143246958	1	1	0	0	proximal	ENSG00000264668,ZFP41	.
chr8:143267350-143267722	1	1	0	0	proximal	GLI4	.
chr8:143278672-143278851	1	1	0	0	distal	.	.
chr8:143291288-143291457	2	1	0	0	proximal	ENSG00000272172	.
chr8:143340947-143341111	2	1	0	0	distal	.	.
chr8:143407942-143408223	1	1	0	0	distal	.	.
chr8:143430779-143431201	1	1	0	0	proximal	MAFA	.
chr8:143617210-143617367	2	1	0	0	proximal	GFUS	.
chr8:143618341-143618714	3	1	0	0	proximal	GFUS	.
chr8:143828939-143829948	1	1	0	0	proximal	ENSG00000287222	.
chr8:143840312-143840690	2	1	0	0	proximal	NRBP2	.
chr8:143902567-143902786	1	1	0	0	distal	.	.
chr8:143952019-143952414	1	1	0	0	distal	.	.
chr8:143973522-143973672	2	1	0	0	distal	.	.
chr8:143974934-143975154	1	1	0	0	distal	.	.
chr8:143989895-143990201	1	1	0	0	proximal	GRINA	.
chr8:144019797-144020000	1	1	0	0	distal	.	.
chr8:144046215-144046379	1	1	0	0	distal	.	.
chr8:144062517-144062673	1	1	0	0	distal	.	.
chr8:144078390-144078811	3	1	0	0	proximal	ENSG00000255224,ENSG00000290230,EXOSC4	.
chr8:144104819-144105082	4	1	0	0	proximal	MAF1	.
chr8:144147660-144148038	5	1	0	0	proximal	MROH1	.
chr8:144233321-144233612	1	1	0	0	distal	.	.
chr8:144291367-144291733	1	1	0	0	proximal	BOP1,HSF1	.
chr8:144326653-144327009	1	1	0	0	proximal	DGAT1	.
chr8:144331802-144332191	2	1	0	0	distal	.	.
chr8:144343123-144343390	2	1	0	0	distal	.	.
chr8:144372713-144373101	3	2	1	1	proximal	ADCK5	.
chr8:144373735-144374157	3	1	0	0	proximal	ADCK5	.
chr8:144390534-144390741	1	1	0	0	distal	.	.
chr8:144396960-144397152	1	1	0	0	distal	.	.
chr8:144409253-144409479	1	1	0	0	proximal	CPSF1,ENSG00000272115	.
chr8:144428382-144428922	2	1	0	0	proximal	VPS28	.
chr8:144444057-144444278	1	1	0	0	proximal	TONSL	.
chr8:144477814-144478097	4	2	1	1	proximal	PPP1R16A	.
chr8:144478191-144478413	1	1	0	0	proximal	PPP1R16A	.
chr8:144508302-144508819	3	2	1	1	proximal	MFSD3	.
chr8:144508970-144509338	1	1	0	0	proximal	MFSD3	.
chr8:144522083-144522605	2	1	0	0	distal	.	.
chr8:144528606-144529158	2	1	0	0	proximal	C8orf82	.
chr8:144567691-144567888	2	1	0	0	distal	.	.
chr8:144786713-144787092	3	2	1	1	proximal	ZNF34	.
chr8:144787206-144787626	3	1	0	0	proximal	ZNF34	.
chr8:144792384-144792617	2	2	1	1	proximal	RPL8	.
chr8:144798654-144798995	1	1	0	0	proximal	ZNF517	.
chr8:144826953-144827618	3	1	0	0	proximal	ZNF7	.
chr8:144852579-144853187	1	1	0	0	proximal	COMMD5	.
chr8:144882116-144882296	3	2	1	1	distal	.	.
chr8:144900834-144901746	2	1	0	0	proximal	ZNF250	.
chr8:144901852-144902313	1	1	0	0	proximal	ZNF250	.
chr8:144950632-144951010	2	1	0	0	proximal	ZNF16	.
chr8:145026544-145026694	1	1	0	0	distal	.	.
chr8:145026789-145027009	1	1	0	0	distal	.	.
chr8:145052331-145052578	2	1	0	0	proximal	C8orf33	.
chr8:17027044-17027433	1	1	0	0	proximal	ENSG00000289225,MICU3	.
chr8:17593964-17594114	1	1	0	0	distal	.	.
chr8:19013625-19014164	1	1	0	0	distal	.	.
chr8:19757817-19757997	1	1	0	0	proximal	CSGALNACT1	.
chr8:22010225-22010447	4	2	1	1	distal	.	.
chr8:22092147-22092297	1	1	0	0	distal	.	.
chr8:22141174-22141426	2	2	1	1	proximal	REEP4	.
chr8:22245017-22245452	3	2	1	1	proximal	POLR3D	.
chr8:22272212-22272362	1	1	0	0	distal	.	.
chr8:22366918-22367392	2	2	1	1	proximal	SLC39A14	.
chr8:22599029-22599634	1	1	0	0	proximal	C8orf58	.
chr8:22604879-22605130	1	1	0	0	proximal	CCAR2	.
chr8:22669035-22669332	2	2	1	1	proximal	BIN3	.
chr8:22684695-22684845	2	2	1	1	proximal	ENSG00000261026	.
chr8:22693432-22693695	2	1	0	0	proximal	EGR3	.
chr8:22864900-22865207	2	1	0	0	distal	.	.
chr8:22948885-22949035	1	1	0	0	distal	.	.
chr8:23050097-23050247	1	1	0	0	distal	.	.
chr8:23171117-23171348	1	1	0	0	distal	.	.
chr8:26291203-26291810	1	1	0	0	proximal	PPP2R2A	.
chr8:26578369-26578647	1	1	0	0	distal	.	.
chr8:27311244-27311722	1	1	0	0	proximal	PTK2B,TRIM35	.
chr8:27774228-27774799	1	1	0	0	distal	.	.
chr8:27808772-27808991	1	1	0	0	distal	.	.
chr8:27837347-27838105	1	1	0	0	proximal	PBK	.
chr8:27863906-27864165	1	1	0	0	distal	.	.
chr8:28386118-28386577	1	1	0	0	distal	.	.
chr8:28425604-28425754	1	1	0	0	distal	.	.
chr8:28481972-28482122	1	1	0	0	distal	.	.
chr8:30082323-30083594	1	1	0	0	proximal	ENSG00000272256,SARAF	.
chr8:30095317-30095576	1	1	0	0	proximal	ENSG00000289334,LEPROTL1	.
chr8:30156173-30156836	1	1	0	0	proximal	DCTN6,DCTN6-DT	.
chr8:30384306-30385199	1	1	0	0	proximal	RBPMS,RBPMS-AS1	.
chr8:30812727-30812938	1	1	0	0	distal	.	.
chr8:30836986-30837215	1	1	0	0	distal	.	.
chr8:33484924-33485218	1	1	0	0	proximal	MAK16	.
chr8:33485303-33485669	1	1	0	0	proximal	MAK16	.
chr8:37142780-37143189	1	1	0	0	distal	.	.
chr8:37302124-37302279	1	1	0	0	distal	.	.
chr8:37359539-37360169	1	1	0	0	distal	.	.
chr8:37360372-37360698	2	1	0	0	distal	.	.
chr8:37547144-37547587	1	1	0	0	distal	.	.
chr8:37610846-37611201	1	1	0	0	distal	.	.
chr8:37611558-37611776	2	1	0	0	distal	.	.
chr8:37637161-37637630	2	1	0	0	distal	.	.
chr8:37727218-37727402	1	1	0	0	distal	.	.
chr8:37779910-37780067	1	1	0	0	distal	.	.
chr8:37849788-37850110	1	1	0	0	proximal	BRF2	.
chr8:37873972-37874122	1	1	0	0	distal	.	.
chr8:37899086-37899843	2	1	0	0	proximal	RAB11FIP1	.
chr8:37916236-37916450	1	1	0	0	distal	.	.
chr8:37996370-37996572	1	1	0	0	distal	.	.
chr8:38104872-38105042	2	1	0	0	proximal	ASH2L	.
chr8:38147686-38147934	2	1	0	0	proximal	ENSG00000253356	.
chr8:38176422-38176626	1	1	0	0	proximal	BAG4,LSM1	.
chr8:38176722-38177250	2	1	0	0	proximal	BAG4,LSM1	.
chr8:38231218-38231662	1	1	0	0	proximal	ENSG00000285632	.
chr8:38381355-38381559	2	1	0	0	proximal	ENSG00000272092,NSD3	.
chr8:38382232-38382727	3	1	0	0	proximal	ENSG00000272092,NSD3	.
chr8:38442410-38442569	1	1	0	0	distal	.	.
chr8:38467577-38467727	1	1	0	0	distal	.	.
chr8:38468554-38468767	1	1	0	0	proximal	FGFR1	.
chr8:38611617-38611804	1	1	0	0	distal	.	.
chr8:38799964-38800146	1	1	0	0	proximal	ENSG00000253586	.
chr8:38985393-38985628	1	1	0	0	distal	.	.
chr8:38996065-38996344	1	1	0	0	proximal	ADAM9,TM2D2	.
chr8:38996456-38997265	1	1	0	0	proximal	ADAM9,TM2D2	.
chr8:41528799-41529479	1	1	0	0	proximal	GINS4	.
chr8:41577555-41578277	1	1	0	0	proximal	GPAT4,GPAT4-AS1	.
chr8:42010652-42010802	1	1	0	0	distal	.	.
chr8:42140350-42140968	1	1	0	0	proximal	ENSG00000271938,ENSG00000289603	.
chr8:42207531-42207775	1	1	0	0	proximal	PLAT	.
chr8:42379923-42380210	1	1	0	0	distal	.	.
chr8:42429984-42430232	1	1	0	0	distal	.	.
chr8:42526100-42526262	2	1	0	0	distal	.	.
chr8:42541487-42542292	1	1	0	0	proximal	SLC20A2,SMIM19	.
chr8:43055913-43056756	1	1	0	0	distal	.	.
chr8:43093203-43094031	2	1	0	0	proximal	POMK	.
chr8:43171072-43171307	1	1	0	0	distal	.	.
chr8:48514514-48514778	1	1	0	0	distal	.	.
chr8:48514873-48515275	1	1	0	0	distal	.	.
chr8:52087959-52088109	1	1	0	0	distal	.	.
chr8:52595507-52595657	1	1	0	0	distal	.	.
chr8:53692964-53693325	1	1	0	0	distal	.	.
chr8:53842787-53842991	1	1	0	0	proximal	ATP6V1H	.
chr8:53879798-53880182	1	1	0	0	distal	.	.
chr8:53945089-53945279	2	1	0	0	distal	.	.
chr8:54040301-54040451	1	1	0	0	distal	.	.
chr8:54153342-54153492	1	1	0	0	distal	.	.
chr8:54202912-54203123	1	1	0	0	distal	.	.
chr8:56993745-56994071	1	1	0	0	proximal	BPNT2	.
chr8:57345309-57345660	1	1	0	0	distal	.	.
chr8:57546692-57547022	1	1	0	0	distal	.	.
chr8:57953402-57953561	1	1	0	0	distal	.	.
chr8:60908902-60909131	1	1	0	0	distal	.	.
chr8:61023615-61023781	1	1	0	0	distal	.	.
chr8:61563307-61563466	1	1	0	0	distal	.	.
chr8:61728399-61728549	1	1	0	0	distal	.	.
chr8:65706166-65706316	1	1	0	0	distal	.	.
chr8:65721317-65721534	1	1	0	0	distal	.	.
chr8:65841924-65842751	1	1	0	0	proximal	PDE7A,PDE7A-DT	.
chr8:66428493-66429294	1	1	0	0	proximal	RRS1,RRS1-DT	.
chr8:66439009-66439159	2	1	0	0	distal	.	.
chr8:66548375-66548731	1	1	0	0	distal	.	.
chr8:66599583-66599810	1	1	0	0	distal	.	.
chr8:66605379-66605758	1	1	0	0	distal	.	.
chr8:66712420-66712897	2	1	0	0	proximal	SGK3	.
chr8:66774511-66774670	1	1	0	0	distal	.	.
chr8:66774796-66775621	1	1	0	0	distal	.	.
chr8:66821739-66821889	1	1	0	0	distal	.	.
chr8:66925460-66925707	1	1	0	0	proximal	SNHG6	.
chr8:67152956-67153106	1	1	0	0	distal	.	.
chr8:6811253-6811403	1	1	0	0	distal	.	.
chr8:69833264-69833626	2	1	0	0	proximal	SLCO5A1-AS1	.
chr8:69994640-69995218	1	1	0	0	distal	.	.
chr8:70088655-70088823	1	1	0	0	distal	.	.
chr8:70165774-70165952	1	1	0	0	distal	.	.
chr8:70245133-70245550	1	1	0	0	distal	.	.
chr8:70257509-70257690	1	1	0	0	distal	.	.
chr8:70393080-70393265	1	1	0	0	distal	.	.
chr8:70402004-70403035	3	1	0	0	distal	.	.
chr8:70403354-70403571	1	1	0	0	proximal	NCOA2	.
chr8:70417169-70417319	1	1	0	0	distal	.	.
chr8:70668517-70668667	1	1	0	0	proximal	ENSG00000285579,LACTB2,XKR9	.
chr8:70668798-70669486	1	1	0	0	proximal	ENSG00000285579,LACTB2,XKR9	.
chr8:70718154-70718304	1	1	0	0	distal	.	.
chr8:7091812-7092062	1	1	0	0	proximal	ENSG00000290357	.
chr8:72479385-72479625	1	1	0	0	distal	.	.
chr8:72527004-72527154	2	1	0	0	distal	.	.
chr8:72536764-72537087	1	1	0	0	proximal	KCNB2	.
chr8:73008576-73009381	2	1	0	0	proximal	TERF1	.
chr8:73096479-73096691	1	1	0	0	distal	.	.
chr8:73174116-73174518	1	1	0	0	distal	.	.
chr8:73226176-73226357	1	1	0	0	distal	.	.
chr8:73293569-73293761	1	1	0	0	proximal	RDH10	.
chr8:73293825-73294617	1	1	0	0	proximal	RDH10	.
chr8:73438027-73438356	1	1	0	0	distal	.	.
chr8:73449216-73449366	1	1	0	0	distal	.	.
chr8:73484086-73484236	1	1	0	0	distal	.	.
chr8:73878755-73879350	1	1	0	0	proximal	ENSG00000258677,ENSG00000286113,UBE2W	.
chr8:73976370-73976699	1	1	0	0	distal	.	.
chr8:74320416-74320700	1	1	0	0	proximal	GDAP1,JPH1	.
chr8:74948413-74948701	1	1	0	0	distal	.	.
chr8:75082128-75082563	1	1	0	0	distal	.	.
chr8:75324181-75324853	1	1	0	0	distal	.	.
chr8:80029626-80030109	1	1	0	0	proximal	MRPS28	.
chr8:80110775-80111032	1	1	0	0	distal	.	.
chr8:80485808-80486506	1	1	0	0	proximal	ENSG00000251867,ZBTB10	.
chr8:80487169-80487570	1	1	0	0	proximal	ENSG00000251867	.
chr8:80578049-80578794	2	1	0	0	distal	.	.
chr8:81426981-81427313	1	1	0	0	distal	.	.
chr8:81572524-81572674	1	1	0	0	distal	.	.
chr8:81721122-81721698	1	1	0	0	distal	.	.
chr8:81841903-81842352	1	1	0	0	proximal	LINC02235,SNX16	.
chr8:85245396-85246206	2	1	0	0	proximal	ENSG00000258256	.
chr8:85463202-85463437	1	1	0	0	proximal	CA2	.
chr8:85657468-85657673	1	1	0	0	distal	.	.
chr8:86508308-86508933	1	1	0	0	distal	.	.
chr8:86514268-86514964	1	1	0	0	proximal	CPNE3,RMDN1	.
chr8:89535604-89535772	1	1	0	0	distal	.	.
chr8:89902344-89903104	1	1	0	0	proximal	OSGIN2	.
chr8:9002609-9003198	1	1	0	0	proximal	ERI1	.
chr8:93874100-93874537	1	1	0	0	distal	.	.
chr8:93976551-93976710	1	1	0	0	distal	.	.
chr8:94553414-94553881	2	1	0	0	proximal	VIRMA,VIRMA-DT	.
chr8:94823045-94823338	3	1	0	0	distal	.	.
chr8:94823400-94823628	1	1	0	0	distal	.	.
chr8:94895062-94895370	2	1	0	0	proximal	NDUFAF6	.
chr8:94895635-94896332	1	1	0	0	proximal	CCNE2,NDUFAF6	.
chr8:94925779-94925994	1	1	0	0	distal	.	.
chr8:94949345-94949604	1	1	0	0	proximal	TP53INP1	.
chr8:94951226-94951376	1	1	0	0	distal	.	.
chr8:95133330-95134140	1	1	0	0	distal	.	.
chr8:95269986-95270145	1	1	0	0	proximal	CFAP418	.
chr8:96228622-96228772	1	1	0	0	distal	.	.
chr8:96261367-96262303	2	1	0	0	proximal	MTERF3,PTDSS1	.
chr8:96323531-96323681	1	1	0	0	distal	.	.
chr8:96356465-96356615	1	1	0	0	distal	.	.
chr8:96495047-96495428	1	1	0	0	distal	.	.
chr8:97643836-97644297	2	1	0	0	proximal	ENSG00000287654,MTDH	.
chr8:97730731-97730948	1	1	0	0	distal	.	.
chr8:97869485-97869727	1	1	0	0	proximal	MATN2	.
chr8:97933674-97933851	1	1	0	0	distal	.	.
chr8:98045281-98046196	1	1	0	0	proximal	ENSG00000288752,RPL30	.
chr8:98064475-98064896	1	1	0	0	proximal	ERICH5	.
chr8:98101987-98102137	1	1	0	0	distal	.	.
chr8:98117027-98117664	2	1	0	0	proximal	POP1,RIDA	.
chr8:98147033-98147360	1	1	0	0	distal	.	.
chr8:98293472-98294451	1	1	0	0	proximal	NIPAL2	.
chr8:9831108-9831258	1	1	0	0	distal	.	.
chr8:98471139-98471308	1	1	0	0	distal	.	.
chr8:98866191-98866370	1	1	0	0	distal	.	.
chr8:99012959-99013664	1	1	0	0	proximal	VPS13B,VPS13B-DT	.
chr8:99114836-99114986	1	1	0	0	distal	.	.
chr8:99126303-99126453	2	1	0	0	distal	.	.
chr8:99893614-99893856	1	1	0	0	proximal	COX6C,ENSG00000287952	.
chr9:100120687-100120888	2	2	1	1	distal	.	.
chr9:100136936-100137093	3	2	1	1	distal	.	.
chr9:100473246-100473531	1	1	0	0	proximal	TMEFF1	.
chr9:100598620-100598923	1	1	0	0	distal	.	.
chr9:104763961-104764416	1	1	0	0	proximal	NIPSNAP3B	.
chr9:104926486-104926926	1	1	0	0	proximal	ENSG00000226334	.
chr9:105071752-105071955	1	1	0	0	distal	.	.
chr9:105447885-105448779	1	1	0	0	proximal	FSD1L	.
chr9:105658723-105658873	1	1	0	0	distal	.	.
chr9:105694767-105695043	1	1	0	0	proximal	TMEM38B	.
chr9:109027422-109027646	1	1	0	0	distal	.	.
chr9:109098516-109098944	1	1	0	0	distal	.	.
chr9:109119456-109119798	2	1	0	0	proximal	TMEM245	.
chr9:109320181-109320340	1	1	0	0	proximal	EPB41L4B	.
chr9:109321004-109321230	1	1	0	0	proximal	EPB41L4B	.
chr9:109331104-109331254	1	1	0	0	distal	.	.
chr9:109401565-109401765	1	1	0	0	distal	.	.
chr9:111400117-111400341	1	1	0	0	distal	.	.
chr9:111524991-111525222	1	1	0	0	proximal	ZNF483	.
chr9:111830102-111830277	1	1	0	0	distal	.	.
chr9:112333206-112334271	1	1	0	0	proximal	PTBP3	.
chr9:112956202-112956352	2	1	0	0	distal	.	.
chr9:113056694-113056869	2	1	0	0	proximal	ZFP37	.
chr9:113059908-113060242	1	1	0	0	distal	.	.
chr9:113150896-113151180	2	1	0	0	proximal	SLC31A2	.
chr9:113168239-113168487	1	1	0	0	distal	.	.
chr9:113220952-113221649	2	1	0	0	proximal	FKBP15,SLC31A1	.
chr9:113274936-113275810	1	1	0	0	proximal	CDC26,PRPF4	.
chr9:113339938-113340115	1	1	0	0	proximal	WDR31	.
chr9:113340193-113340506	1	1	0	0	proximal	WDR31	.
chr9:113401059-113401683	1	1	0	0	proximal	ALAD	.
chr9:113410285-113410845	1	1	0	0	proximal	C9orf43,POLE3	.
chr9:113448278-113448428	1	1	0	0	distal	.	.
chr9:113493212-113493373	2	1	0	0	distal	.	.
chr9:113593862-113594104	2	1	0	0	distal	.	.
chr9:113784312-113784650	1	1	0	0	distal	.	.
chr9:113807482-113807836	1	1	0	0	distal	.	.
chr9:113950886-113951259	2	1	0	0	distal	.	.
chr9:114155330-114155578	1	1	0	0	proximal	COL27A1	.
chr9:114397980-114398622	1	1	0	0	proximal	ENSG00000235119	.
chr9:120713864-120714092	1	1	0	0	proximal	MEGF9	.
chr9:120743036-120743216	1	1	0	0	distal	.	.
chr9:120792991-120793651	2	1	0	0	proximal	B3GALT9,FBXW2	.
chr9:120804827-120805022	1	1	0	0	distal	.	.
chr9:120876890-120877246	1	1	0	0	distal	.	.
chr9:120877313-120877603	1	1	0	0	distal	.	.
chr9:120936587-120936744	1	1	0	0	distal	.	.
chr9:121062021-121062320	1	1	0	0	distal	.	.
chr9:121180463-121180620	1	1	0	0	distal	.	.
chr9:121213061-121213475	2	1	0	0	distal	.	.
chr9:121267759-121268391	1	1	0	0	distal	.	.
chr9:121319148-121319351	1	1	0	0	distal	.	.
chr9:121320248-121320428	1	1	0	0	distal	.	.
chr9:121686783-121687159	1	1	0	0	distal	.	.
chr9:121699006-121699242	1	1	0	0	distal	.	.
chr9:121735173-121735348	1	1	0	0	distal	.	.
chr9:121913008-121913158	1	1	0	0	distal	.	.
chr9:122093210-122093501	1	1	0	0	proximal	TTLL11	.
chr9:122123105-122123255	2	1	0	0	distal	.	.
chr9:122151261-122151537	1	1	0	0	distal	.	.
chr9:122159712-122159957	1	1	0	0	proximal	MORN5,NDUFA8	.
chr9:122213886-122214321	1	1	0	0	distal	.	.
chr9:122912923-122913439	2	1	0	0	proximal	ZBTB6	.
chr9:122914049-122914258	1	1	0	0	proximal	ZBTB6	.
chr9:122931102-122931913	1	1	0	0	proximal	ZBTB26	.
chr9:123102618-123102768	1	1	0	0	distal	.	.
chr9:123208563-123208729	1	1	0	0	distal	.	.
chr9:123268325-123269054	1	1	0	0	proximal	STRBP	.
chr9:123303089-123303320	1	1	0	0	distal	.	.
chr9:123349747-123350143	1	1	0	0	distal	.	.
chr9:123356039-123356193	1	1	0	0	proximal	CRB2	.
chr9:123914709-123914905	1	1	0	0	distal	.	.
chr9:123929888-123930330	2	1	0	0	proximal	DENND1A	.
chr9:123980846-123981006	1	1	0	0	distal	.	.
chr9:123982966-123983116	1	1	0	0	distal	.	.
chr9:124163249-124163464	1	1	0	0	distal	.	.
chr9:124287316-124287475	1	1	0	0	distal	.	.
chr9:124419646-124419807	1	1	0	0	distal	.	.
chr9:124431571-124431750	1	1	0	0	distal	.	.
chr9:124501775-124501925	2	1	0	0	distal	.	.
chr9:124551852-124552043	1	1	0	0	distal	.	.
chr9:124659161-124659663	1	1	0	0	proximal	MIR181A2HG	.
chr9:124771234-124771451	2	1	0	0	proximal	NR6A1	.
chr9:124818464-124818614	1	1	0	0	distal	.	.
chr9:124869573-124869840	1	1	0	0	proximal	ENSG00000289285	.
chr9:125143455-125143919	2	1	0	0	proximal	SCAI	.
chr9:125151997-125152189	1	1	0	0	distal	.	.
chr9:125200370-125200615	1	1	0	0	proximal	RABEPK	.
chr9:125255423-125255608	1	1	0	0	distal	.	.
chr9:125374747-125375008	1	1	0	0	distal	.	.
chr9:125408033-125408463	2	1	0	0	distal	.	.
chr9:125675433-125675583	1	1	0	0	distal	.	.
chr9:125763358-125763611	1	1	0	0	distal	.	.
chr9:125862984-125863254	1	1	0	0	distal	.	.
chr9:125935229-125935379	1	1	0	0	distal	.	.
chr9:126151751-126151901	1	1	0	0	distal	.	.
chr9:126386216-126386366	1	1	0	0	distal	.	.
chr9:126564699-126564895	1	1	0	0	distal	.	.
chr9:126611509-126612137	1	1	0	0	distal	.	.
chr9:126690475-126690625	1	1	0	0	distal	.	.
chr9:126705362-126705586	1	1	0	0	proximal	ENSG00000286428	.
chr9:126722523-126722722	2	1	0	0	distal	.	.
chr9:126804632-126805283	1	1	0	0	proximal	ZBTB43	.
chr9:126860137-126861122	2	1	0	0	proximal	ZBTB34	.
chr9:126914514-126914846	1	1	0	0	proximal	RALGPS1	.
chr9:126917034-126917194	1	1	0	0	distal	.	.
chr9:127005057-127005207	1	1	0	0	distal	.	.
chr9:127155064-127155214	1	1	0	0	distal	.	.
chr9:127244847-127245793	4	2	2	2	distal	.	.
chr9:127271515-127271885	1	1	0	0	distal	.	.
chr9:127388198-127388752	2	2	0	0	distal	.	.
chr9:127396679-127397578	2	2	0	0	proximal	SLC2A8	.
chr9:127423975-127424156	2	2	1	1	proximal	ZNF79	.
chr9:127424280-127424483	2	2	0	0	proximal	ZNF79	.
chr9:127451870-127452170	1	1	0	0	proximal	LRSAM1,RPL12	.
chr9:127463249-127463440	1	1	0	0	distal	.	.
chr9:127567906-127568239	3	2	1	1	distal	.	.
chr9:127568570-127568769	4	2	0	0	distal	.	.
chr9:127568853-127569375	3	1	0	0	distal	.	.
chr9:127569495-127569645	3	2	0	0	distal	.	.
chr9:127608219-127608737	1	1	0	0	distal	.	.
chr9:127612825-127613210	3	2	0	0	distal	.	.
chr9:127715533-127716318	1	1	0	0	proximal	TTC16	.
chr9:127724837-127725053	3	2	1	1	proximal	PTRH1	.
chr9:127734647-127734899	4	2	0	0	proximal	TOR2A	.
chr9:127734962-127735486	2	1	0	0	proximal	TOR2A	.
chr9:127740767-127740917	1	1	0	0	distal	.	.
chr9:127754144-127754706	1	1	0	0	proximal	ENSG00000286196	.
chr9:127762629-127762789	1	1	0	0	distal	.	.
chr9:127771237-127771757	4	2	0	0	distal	.	.
chr9:127785641-127785800	3	2	1	1	proximal	CDK9	.
chr9:127785863-127786140	4	1	0	0	proximal	CDK9	.
chr9:127786210-127786703	2	1	0	0	proximal	CDK9	.
chr9:127802593-127803313	1	1	0	0	distal	.	.
chr9:127809611-127810207	2	2	0	0	distal	.	.
chr9:127828516-127828700	3	1	0	0	distal	.	.
chr9:127877197-127877795	2	2	0	0	proximal	AK1	.
chr9:127921633-127921870	1	1	0	0	distal	.	.
chr9:127930760-127930988	1	1	0	0	proximal	PIP5KL1	.
chr9:127931197-127931573	1	1	0	0	proximal	PIP5KL1	.
chr9:127942858-127943046	1	1	0	0	distal	.	.
chr9:127955515-127955823	3	2	1	1	distal	.	.
chr9:127965547-127965697	1	1	0	0	distal	.	.
chr9:127980540-127981322	1	1	0	0	proximal	FAM102A	.
chr9:128035250-128035528	1	1	0	0	distal	.	.
chr9:128067206-128067627	1	1	0	0	proximal	NAIF1,SLC25A25	.
chr9:128067754-128068249	3	1	0	0	proximal	NAIF1,SLC25A25	.
chr9:128128088-128128339	2	2	0	0	proximal	PTGES2,PTGES2-AS1	.
chr9:128128405-128128557	1	1	0	0	proximal	PTGES2,PTGES2-AS1	.
chr9:128150752-128151095	4	2	0	0	distal	.	.
chr9:128159566-128160380	1	1	0	0	proximal	BBLN	.
chr9:128191522-128191698	1	1	0	0	proximal	DNM1	.
chr9:128192809-128193355	1	1	0	0	distal	.	.
chr9:128203225-128203471	1	1	0	0	distal	.	.
chr9:128203895-128204485	2	1	0	0	proximal	CIZ1	.
chr9:128218713-128219007	2	1	0	0	distal	.	.
chr9:128255346-128255527	2	1	0	0	distal	.	.
chr9:128275667-128276301	1	1	0	0	proximal	GOLGA2,SWI5	.
chr9:128276365-128276586	3	2	0	0	proximal	GOLGA2	.
chr9:128295439-128295615	2	1	0	0	distal	.	.
chr9:128322165-128322315	3	2	1	1	proximal	COQ4,TRUB2	.
chr9:128322382-128323127	1	1	0	0	proximal	COQ4,TRUB2	.
chr9:128340056-128341190	4	2	1	1	proximal	SLC27A4	.
chr9:128362199-128362468	1	1	0	0	distal	.	.
chr9:128370938-128371505	3	1	0	0	proximal	URM1	.
chr9:128419315-128419465	2	1	0	0	distal	.	.
chr9:128420301-128420511	3	2	0	0	distal	.	.
chr9:128421105-128421265	1	1	0	0	distal	.	.
chr9:128438513-128438899	2	2	0	0	distal	.	.
chr9:128455894-128456563	2	2	0	0	distal	.	.
chr9:128487908-128488137	1	1	0	0	distal	.	.
chr9:128504415-128504951	3	1	0	0	proximal	GLE1	.
chr9:128511926-128512076	1	1	0	0	distal	.	.
chr9:128552034-128552768	4	2	2	1	proximal	ENSG00000228395,SPTAN1	.
chr9:128635218-128635490	2	1	0	0	distal	.	.
chr9:128688700-128689329	2	1	0	0	distal	.	.
chr9:128762470-128762634	1	1	0	0	distal	.	.
chr9:128786705-128787342	2	1	0	0	proximal	TBC1D13	.
chr9:128787400-128787638	1	1	0	0	proximal	TBC1D13	.
chr9:128829510-128830003	2	1	0	0	proximal	SPOUT1	.
chr9:128881901-128882221	2	1	0	0	proximal	ENSG00000286112,KYAT1,LRRC8A	.
chr9:128887876-128888026	3	2	2	1	distal	.	.
chr9:129006822-129007000	2	2	1	1	distal	.	.
chr9:129036307-129036967	4	2	1	1	proximal	MIGA2	.
chr9:129080609-129081178	2	2	0	0	proximal	DOLPP1,ENSG00000287234	.
chr9:129103145-129103337	1	1	0	0	distal	.	.
chr9:129139287-129139438	1	1	0	0	proximal	ENSG00000235007	.
chr9:129142998-129143224	1	1	0	0	distal	.	.
chr9:129150678-129150833	1	1	0	0	distal	.	.
chr9:129178194-129178470	2	1	0	0	proximal	IER5L	.
chr9:129202860-129203280	1	1	0	0	distal	.	.
chr9:129258359-129258789	2	2	1	1	distal	.	.
chr9:129413332-129414350	1	1	0	0	distal	.	.
chr9:129460233-129460617	1	1	0	0	distal	.	.
chr9:129482851-129483051	3	1	0	0	proximal	ENSG00000261334	.
chr9:129496790-129496940	3	2	1	1	distal	.	.
chr9:129610561-129610779	1	1	0	0	distal	.	.
chr9:129611135-129611373	2	1	0	0	distal	.	.
chr9:129626026-129626516	3	2	0	0	distal	.	.
chr9:129631580-129631745	1	1	0	0	distal	.	.
chr9:129642090-129642484	1	1	0	0	proximal	ASB6	.
chr9:129671593-129671748	1	1	0	0	distal	.	.
chr9:129737605-129737853	3	2	1	1	distal	.	.
chr9:129759440-129759656	2	2	1	1	distal	.	.
chr9:129790416-129790743	1	1	0	0	distal	.	.
chr9:129802959-129803554	2	2	1	1	proximal	TOR1B	.
chr9:129824047-129824419	2	1	0	0	proximal	TOR1A	.
chr9:129835105-129835528	2	2	1	1	proximal	C9orf78,USP20	.
chr9:129835686-129836005	2	2	0	0	proximal	C9orf78	.
chr9:129885029-129885306	2	1	0	0	proximal	ENSG00000288956	.
chr9:129912480-129912654	1	1	0	0	distal	.	.
chr9:130043109-130043674	1	1	0	0	proximal	FNBP1	.
chr9:130054245-130054407	1	1	0	0	proximal	ENSG00000289226,GPR107	.
chr9:130107244-130107394	1	1	0	0	distal	.	.
chr9:130172192-130172409	1	1	0	0	proximal	NCS1	.
chr9:130237989-130238139	1	1	0	0	distal	.	.
chr9:130444609-130444942	1	1	0	0	proximal	ASS1	.
chr9:130445427-130445691	1	1	0	0	proximal	ASS1	.
chr9:130445862-130446012	2	2	0	0	proximal	ASS1	.
chr9:130470248-130470499	1	1	0	0	distal	.	.
chr9:130552536-130552720	1	1	0	0	distal	.	.
chr9:130579405-130579686	2	1	0	0	proximal	FUBP3	.
chr9:130690035-130690304	1	1	0	0	distal	.	.
chr9:130693519-130693829	1	1	0	0	proximal	EXOSC2	.
chr9:130701132-130701335	2	2	1	1	distal	.	.
chr9:130712478-130713104	2	1	0	0	proximal	ABL1,ENSG00000288570	.
chr9:130713177-130713343	2	1	0	0	proximal	ABL1,ENSG00000288570	.
chr9:130825061-130825403	1	1	0	0	distal	.	.
chr9:130958587-130958827	2	2	1	1	distal	.	.
chr9:131046814-131046987	2	1	0	0	distal	.	.
chr9:131096278-131096589	1	1	0	0	proximal	AIF1L	.
chr9:131125313-131125757	2	1	0	0	proximal	NUP214	.
chr9:131278022-131278267	1	1	0	0	proximal	FAM78A	.
chr9:131329552-131329702	1	1	0	0	distal	.	.
chr9:131336114-131336541	1	1	0	0	distal	.	.
chr9:131350143-131350328	1	1	0	0	distal	.	.
chr9:131372737-131373016	1	1	0	0	proximal	ENSG00000289000,PRRC2B	.
chr9:131383275-131383507	1	1	0	0	distal	.	.
chr9:131400841-131400991	3	2	1	1	distal	.	.
chr9:131531148-131531452	1	1	0	0	proximal	UCK1	.
chr9:131558243-131558393	2	2	1	1	distal	.	.
chr9:131755628-131755820	1	1	0	0	distal	.	.
chr9:131785957-131786107	1	1	0	0	distal	.	.
chr9:131981614-131981770	2	2	1	1	distal	.	.
chr9:132252493-132252870	2	2	1	1	distal	.	.
chr9:132354714-132355379	1	1	0	0	proximal	SETX	.
chr9:132432285-132432524	1	1	0	0	distal	.	.
chr9:132546173-132546368	1	1	0	0	distal	.	.
chr9:132669553-132670718	2	1	0	0	proximal	DDX31,GTF3C4	.
chr9:132734977-132735149	1	1	0	0	distal	.	.
chr9:132745609-132745777	1	1	0	0	distal	.	.
chr9:132779848-132780043	1	1	0	0	distal	.	.
chr9:132901883-132902215	1	1	0	0	distal	.	.
chr9:132977713-132977966	1	1	0	0	distal	.	.
chr9:133014764-133014957	2	1	0	0	distal	.	.
chr9:133022380-133022576	1	1	0	0	distal	.	.
chr9:133121181-133121549	1	1	0	0	distal	.	.
chr9:133144501-133144715	1	1	0	0	distal	.	.
chr9:133149175-133149642	1	1	0	0	proximal	RALGDS	.
chr9:133179887-133180180	1	1	0	0	distal	.	.
chr9:133238844-133239374	1	1	0	0	distal	.	.
chr9:133336085-133336694	1	1	0	0	proximal	SURF6	.
chr9:133348049-133348278	1	1	0	0	proximal	MED22,RPL7A	.
chr9:133406892-133407143	1	1	0	0	distal	.	.
chr9:133417950-133418127	2	1	0	0	proximal	REXO4	.
chr9:133459511-133460056	1	1	0	0	proximal	CACFD1	.
chr9:133470071-133470312	1	1	0	0	distal	.	.
chr9:133992817-133992967	1	1	0	0	proximal	VAV2	.
chr9:134790644-134790892	1	1	0	0	distal	.	.
chr9:134990268-134990418	1	1	0	0	distal	.	.
chr9:135500497-135500746	1	1	0	0	proximal	MRPS2	.
chr9:135543419-135543569	1	1	0	0	distal	.	.
chr9:135875368-135875518	1	1	0	0	distal	.	.
chr9:135967679-135968014	3	1	0	0	distal	.	.
chr9:135990465-135990916	2	2	1	1	distal	.	.
chr9:136052166-136052316	1	1	0	0	distal	.	.
chr9:136081223-136081373	1	1	0	0	distal	.	.
chr9:136108550-136108713	1	1	0	0	proximal	LINC02846	.
chr9:136109651-136109894	1	1	0	0	proximal	LINC02846	.
chr9:136118346-136119221	2	1	0	0	proximal	TMEM250	.
chr9:136170354-136170504	1	1	0	0	distal	.	.
chr9:136245208-136245419	3	2	1	1	proximal	QSOX2	.
chr9:136245703-136246123	1	1	0	0	proximal	QSOX2	.
chr9:136275090-136275262	1	1	0	0	distal	.	.
chr9:136283804-136284000	1	1	0	0	distal	.	.
chr9:136327366-136327522	1	1	0	0	proximal	DKFZP434A062,GPSM1	.
chr9:136342797-136343012	1	1	0	0	distal	.	.
chr9:136362984-136363399	1	1	0	0	proximal	DNLZ	.
chr9:136400150-136400374	2	1	0	0	proximal	SNAPC4	.
chr9:136410488-136410731	4	2	1	1	proximal	ENTR1,PMPCA	.
chr9:136488743-136488904	2	1	0	0	distal	.	.
chr9:136526418-136526568	3	2	1	1	distal	.	.
chr9:136632722-136633029	3	2	0	0	distal	.	.
chr9:136687428-136687756	4	2	0	0	proximal	AGPAT2	.
chr9:136694322-136694498	1	1	0	0	distal	.	.
chr9:136712370-136712520	1	1	0	0	proximal	DIPK1B	.
chr9:136728130-136728364	4	2	0	0	proximal	SNHG7	.
chr9:136762919-136763594	5	1	0	0	distal	.	.
chr9:136800197-136800594	2	1	0	0	proximal	ENSG00000272679	.
chr9:136842389-136842586	1	1	0	0	proximal	AJM1	.
chr9:136848852-136849046	1	1	0	0	proximal	ENSG00000288873,PHPT1	.
chr9:136849152-136849756	1	1	0	0	proximal	ENSG00000288873,PHPT1	.
chr9:136865708-136866713	1	1	0	0	proximal	EDF1	.
chr9:136885979-136886141	1	1	0	0	distal	.	.
chr9:136886251-136886521	2	1	0	0	distal	.	.
chr9:136943983-136944339	1	1	0	0	proximal	FBXW5	.
chr9:136978382-136978947	2	1	0	0	distal	.	.
chr9:136992123-136992454	1	1	0	0	proximal	PAXX	.
chr9:137021959-137022381	2	1	0	0	distal	.	.
chr9:137046632-137046825	2	1	0	0	proximal	NPDC1	.
chr9:137049900-137050085	2	1	0	0	distal	.	.
chr9:137064084-137064375	1	1	0	0	proximal	ENSG00000231864	.
chr9:137068278-137068456	4	2	1	1	distal	.	.
chr9:137070318-137070871	1	1	0	0	proximal	SAPCD2	.
chr9:137077283-137077512	2	2	1	1	proximal	UAP1L1	.
chr9:137121679-137121889	1	1	0	0	distal	.	.
chr9:137129660-137130145	3	2	0	0	distal	.	.
chr9:137150294-137151516	1	1	0	0	distal	.	.
chr9:137188127-137188413	2	1	0	0	proximal	ANAPC2,SSNA1	.
chr9:137189230-137189380	2	1	0	0	proximal	ANAPC2,SSNA1	.
chr9:137200694-137201284	2	1	0	0	distal	.	.
chr9:137223825-137223991	1	1	0	0	distal	.	.
chr9:137227657-137227807	1	1	0	0	proximal	RNF224	.
chr9:137236499-137236722	1	1	0	0	distal	.	.
chr9:137255108-137255547	2	1	0	0	proximal	NELFB	.
chr9:137302163-137302378	3	2	0	0	proximal	NRARP	.
chr9:137328173-137328399	2	1	0	0	distal	.	.
chr9:137423108-137423477	2	1	0	0	proximal	EXD3,NOXA1	.
chr9:137453740-137454286	2	2	0	0	distal	.	.
chr9:137459235-137459527	2	1	0	0	proximal	NSMF	.
chr9:137492331-137493015	1	1	0	0	distal	.	.
chr9:137590453-137590726	2	1	0	0	proximal	ZMYND19	.
chr9:137590848-137591487	2	1	0	0	proximal	ZMYND19	.
chr9:137625096-137625268	1	1	0	0	distal	.	.
chr9:137724176-137724435	2	1	0	0	distal	.	.
chr9:137824929-137825079	3	1	0	0	distal	.	.
chr9:137877628-137877778	1	1	0	0	proximal	CACNA1B	.
chr9:137914656-137914806	1	1	0	0	distal	.	.
chr9:15138428-15138578	1	1	0	0	distal	.	.
chr9:15422599-15423344	1	1	0	0	proximal	SNAPC3	.
chr9:18141103-18141296	2	1	0	0	distal	.	.
chr9:18364760-18365075	1	1	0	0	distal	.	.
chr9:18976520-18977140	1	1	0	0	distal	.	.
chr9:18994672-18994946	1	1	0	0	distal	.	.
chr9:19048971-19049655	1	1	0	0	proximal	RRAGA,SAXO1	.
chr9:19102450-19103305	1	1	0	0	proximal	HAUS6	.
chr9:19322640-19322846	1	1	0	0	distal	.	.
chr9:19323181-19323438	1	1	0	0	distal	.	.
chr9:19331256-19331531	1	1	0	0	distal	.	.
chr9:19387795-19388035	1	1	0	0	distal	.	.
chr9:19408655-19409469	1	1	0	0	proximal	ACER2,ENSG00000285911	.
chr9:19517642-19517820	3	2	1	1	distal	.	.
chr9:20078331-20078481	1	1	0	0	distal	.	.
chr9:20306335-20306485	2	2	1	1	distal	.	.
chr9:20478862-20479082	2	2	1	1	distal	.	.
chr9:20486550-20486741	1	1	0	0	distal	.	.
chr9:20622004-20622253	1	1	0	0	proximal	MLLT3	.
chr9:20658216-20658782	2	2	1	1	proximal	FOCAD	.
chr9:20708573-20708723	2	2	1	1	distal	.	.
chr9:21054127-21054593	1	1	0	0	distal	.	.
chr9:21213752-21213991	1	1	0	0	distal	.	.
chr9:21318289-21318663	2	2	1	1	distal	.	.
chr9:21334966-21335220	2	1	0	0	proximal	KLHL9	.
chr9:21789604-21789754	1	1	0	0	distal	.	.
chr9:21802136-21802326	1	1	0	0	proximal	ENSG00000264545,MTAP	.
chr9:21802449-21802983	4	1	0	0	proximal	ENSG00000264545,MTAP	.
chr9:21803143-21803426	1	1	0	0	proximal	ENSG00000264545,MTAP	.
chr9:21813125-21813275	2	1	0	0	distal	.	.
chr9:21994297-21995438	2	1	0	0	proximal	CDKN2A,CDKN2B-AS1,ENSG00000266446	.
chr9:22008688-22009554	1	1	0	0	proximal	CDKN2B	.
chr9:22117505-22117655	2	1	0	0	distal	.	.
chr9:28072966-28073144	1	1	0	0	distal	.	.
chr9:28315277-28315427	1	1	0	0	distal	.	.
chr9:32379375-32379525	1	1	0	0	distal	.	.
chr9:32550760-32551529	1	1	0	0	proximal	SMIM27	.
chr9:32552538-32552734	1	1	0	0	proximal	ENSG00000288684,TOPORS	.
chr9:32573051-32573350	1	1	0	0	proximal	NDUFB6	.
chr9:33001077-33001399	1	1	0	0	distal	.	.
chr9:33024794-33025798	1	1	0	0	proximal	APTX,DNAJA1	.
chr9:33062093-33062243	2	1	0	0	distal	.	.
chr9:33264096-33265293	3	1	0	0	proximal	BAG1,CHMP5	.
chr9:33290326-33290757	1	1	0	0	proximal	NFX1	.
chr9:33403230-33403646	2	1	0	0	proximal	AQP7	.
chr9:33473711-33474168	1	1	0	0	proximal	NOL6	.
chr9:33499954-33500122	1	1	0	0	distal	.	.
chr9:33510863-33511196	2	1	0	0	distal	.	.
chr9:33676937-33677300	1	1	0	0	proximal	PTENP1-AS	.
chr9:34126658-34127044	1	1	0	0	proximal	DCAF12	.
chr9:34263869-34264029	1	1	0	0	distal	.	.
chr9:34328783-34329069	1	1	0	0	proximal	KIF24,NUDT2	.
chr9:34329160-34329681	1	1	0	0	proximal	KIF24,NUDT2	.
chr9:34376841-34377340	2	1	0	0	proximal	MYORG	.
chr9:34522540-34522771	1	1	0	0	proximal	ENHO	.
chr9:34523016-34523592	4	1	0	0	proximal	ENHO	.
chr9:34589671-34590110	1	1	0	0	proximal	CNTFR	.
chr9:34628810-34629287	1	1	0	0	proximal	ARID3C	.
chr9:34637662-34638231	1	1	0	0	proximal	GALT,SIGMAR1	.
chr9:34646466-34646991	1	1	0	0	proximal	ENSG00000258728	.
chr9:34664358-34664529	1	1	0	0	proximal	CCL27	.
chr9:34665247-34665882	2	1	0	0	proximal	ENSG00000187186,ENSG00000230074,ENSG00000261215	.
chr9:34665958-34666191	1	1	0	0	proximal	ENSG00000187186,ENSG00000230074,ENSG00000261215	.
chr9:34711548-34711698	1	1	0	0	distal	.	.
chr9:34760523-34760744	1	1	0	0	distal	.	.
chr9:34964010-34964220	1	1	0	0	distal	.	.
chr9:35051050-35051232	1	1	0	0	distal	.	.
chr9:35051485-35051635	1	1	0	0	distal	.	.
chr9:35060302-35060477	1	1	0	0	distal	.	.
chr9:35079415-35080205	1	1	0	0	proximal	FANCG	.
chr9:35095900-35096738	1	1	0	0	proximal	PIGO,PIGO-AS1	.
chr9:35103069-35103592	1	1	0	0	proximal	STOML2	.
chr9:35111325-35111855	1	1	0	0	distal	.	.
chr9:35115832-35116519	1	1	0	0	proximal	ATOSB	.
chr9:35161585-35162348	1	1	0	0	proximal	UNC13B	.
chr9:35175603-35175823	3	1	0	0	distal	.	.
chr9:35466288-35466451	1	1	0	0	distal	.	.
chr9:35489582-35490391	1	1	0	0	proximal	RUSC2	.
chr9:35554034-35554218	1	1	0	0	distal	.	.
chr9:35603934-35604627	1	1	0	0	proximal	ENSG00000288586,TESK1	.
chr9:35618214-35618364	1	1	0	0	distal	.	.
chr9:35646738-35647030	1	1	0	0	proximal	CD72,ENSG00000227933	.
chr9:35657447-35658083	2	1	0	0	proximal	CCDC107	.
chr9:35658197-35658661	4	1	0	0	proximal	CCDC107	.
chr9:35665160-35665481	2	1	0	0	distal	.	.
chr9:35719753-35719903	1	1	0	0	distal	.	.
chr9:35732076-35732755	1	1	0	0	proximal	CREB3,TLN1	.
chr9:36037262-36037412	1	1	0	0	proximal	RECK	.
chr9:36135817-36136001	1	1	0	0	proximal	GLIPR2	.
chr9:36190557-36191299	1	1	0	0	proximal	CLTA	.
chr9:36306118-36306363	1	1	0	0	distal	.	.
chr9:36361007-36361157	1	1	0	0	distal	.	.
chr9:36473904-36474054	2	1	0	0	distal	.	.
chr9:36487514-36488074	1	1	0	0	proximal	RNF38	.
chr9:36572721-36573173	1	1	0	0	proximal	MELK	.
chr9:36798360-36798541	1	1	0	0	distal	.	.
chr9:36848327-36848501	1	1	0	0	distal	.	.
chr9:36873374-36873547	1	1	0	0	distal	.	.
chr9:36940357-36940507	1	1	0	0	distal	.	.
chr9:36995954-36996178	1	1	0	0	distal	.	.
chr9:37079323-37080243	1	1	0	0	proximal	EBLN3P,ENSG00000260100	.
chr9:37120076-37120868	2	1	0	0	proximal	ENSG00000233242,ZCCHC7	.
chr9:37415384-37415577	1	1	0	0	distal	.	.
chr9:37466572-37466760	2	1	0	0	distal	.	.
chr9:37485486-37486417	1	1	0	0	proximal	POLR1E	.
chr9:37576309-37576660	1	1	0	0	proximal	FBXO10	.
chr9:37592388-37592717	1	1	0	0	proximal	ENSG00000256966,TOMM5	.
chr9:37643985-37644135	2	1	0	0	distal	.	.
chr9:37650933-37651465	2	1	0	0	proximal	FRMPD1	.
chr9:37747256-37747455	1	1	0	0	distal	.	.
chr9:37784707-37785272	1	1	0	0	distal	.	.
chr9:37800669-37801126	1	1	0	0	proximal	DCAF10	.
chr9:37815450-37815854	1	1	0	0	distal	.	.
chr9:37840703-37840857	1	1	0	0	distal	.	.
chr9:38227001-38227449	1	1	0	0	distal	.	.
chr9:38238304-38238454	1	1	0	0	distal	.	.
chr9:38672328-38672843	1	1	0	0	distal	.	.
chr9:40940584-40940734	1	1	0	0	distal	.	.
chr9:40991556-40992738	1	1	0	0	proximal	ENSG00000291075	.
chr9:41059789-41059939	1	1	0	0	distal	.	.
chr9:41273753-41274360	1	1	0	0	distal	.	.
chr9:41654363-41654554	1	1	0	0	proximal	ENSG00000276412	.
chr9:41699134-41699309	1	1	0	0	proximal	FAM242F	.
chr9:4792631-4793495	1	1	0	0	proximal	RCL1	.
chr9:5437669-5437819	1	1	0	0	proximal	PLGRKT	.
chr9:6006946-6007216	1	1	0	0	distal	.	.
chr9:62837319-62837992	1	1	0	0	proximal	ENSG00000229422	.
chr9:62871812-62872005	1	1	0	0	distal	.	.
chr9:62914578-62914932	1	1	0	0	distal	.	.
chr9:62918708-62918897	1	1	0	0	distal	.	.
chr9:6645667-6645884	1	1	0	0	proximal	ENSG00000236924,GLDC	.
chr9:68584487-68584704	1	1	0	0	distal	.	.
chr9:69054278-69054428	1	1	0	0	distal	.	.
chr9:69412659-69412938	1	1	0	0	distal	.	.
chr9:69604806-69604957	1	1	0	0	distal	.	.
chr9:69738785-69738935	1	1	0	0	distal	.	.
chr9:69759073-69759223	1	1	0	0	proximal	PTAR1	.
chr9:69759432-69760218	1	1	0	0	proximal	PTAR1	.
chr9:70358679-70358829	1	1	0	0	distal	.	.
chr9:70412012-70412464	1	1	0	0	distal	.	.
chr9:70413941-70414179	1	1	0	0	proximal	KLF9	.
chr9:70484685-70484853	1	1	0	0	distal	.	.
chr9:70514387-70514537	1	1	0	0	distal	.	.
chr9:71948859-71949009	1	1	0	0	distal	.	.
chr9:72305130-72305598	1	1	0	0	proximal	LINC01504	.
chr9:74952265-74953045	2	2	1	1	proximal	C9orf40,CARNMT1-AS1	.
chr9:74959300-74959462	3	2	1	1	distal	.	.
chr9:75027860-75028111	2	2	1	1	proximal	CARNMT1	.
chr9:75087630-75088627	1	1	0	0	proximal	NMRK1,OSTF1	.
chr9:77097772-77098018	1	1	0	0	distal	.	.
chr9:77975732-77975984	1	1	0	0	distal	.	.
chr9:79045326-79045517	1	1	0	0	distal	.	.
chr9:79182942-79183110	2	2	1	1	distal	.	.
chr9:79438947-79439215	2	2	1	1	distal	.	.
chr9:79447732-79448130	1	1	0	0	distal	.	.
chr9:79572459-79572676	1	1	0	0	proximal	TLE4	.
chr9:79662691-79662878	2	2	1	1	distal	.	.
chr9:79674176-79674333	1	1	0	0	distal	.	.
chr9:83025186-83025336	1	1	0	0	distal	.	.
chr9:83063053-83063203	1	1	0	0	proximal	ENSG00000286451,RASEF	.
chr9:83219162-83219381	1	1	0	0	proximal	FRMD3-AS1	.
chr9:83305124-83305274	1	1	0	0	distal	.	.
chr9:83707520-83708257	1	1	0	0	proximal	UBQLN1,UBQLN1-AS1	.
chr9:83817418-83818166	1	1	0	0	proximal	ENSG00000226877	.
chr9:83858008-83858158	1	1	0	0	distal	.	.
chr9:83956608-83956937	1	1	0	0	proximal	C9orf64	.
chr9:83979527-83979861	1	1	0	0	proximal	HNRNPK	.
chr9:83980894-83981091	1	1	0	0	proximal	HNRNPK,RMI1	.
chr9:85713196-85713346	2	1	0	0	distal	.	.
chr9:85741327-85741599	1	1	0	0	proximal	AGTPBP1	.
chr9:85941412-85941761	2	1	0	0	proximal	NAA35	.
chr9:86097776-86098055	1	1	0	0	distal	.	.
chr9:86099527-86099793	1	1	0	0	proximal	GOLM1	.
chr9:86107182-86107332	1	1	0	0	distal	.	.
chr9:86157073-86157523	1	1	0	0	distal	.	.
chr9:86281882-86282294	3	1	0	0	distal	.	.
chr9:86282413-86283256	1	1	0	0	proximal	ISCA1	.
chr9:86611302-86611594	2	1	0	0	distal	.	.
chr9:86611837-86611987	1	1	0	0	distal	.	.
chr9:86701562-86701712	1	1	0	0	distal	.	.
chr9:86855196-86855403	1	1	0	0	distal	.	.
chr9:87032031-87032181	2	2	1	1	distal	.	.
chr9:87109231-87109381	1	1	0	0	distal	.	.
chr9:87282786-87282978	1	1	0	0	distal	.	.
chr9:87412514-87412664	1	1	0	0	distal	.	.
chr9:87443878-87444028	2	2	1	1	distal	.	.
chr9:87478104-87478254	1	1	0	0	distal	.	.
chr9:87603337-87603487	1	1	0	0	distal	.	.
chr9:87643235-87643385	2	2	1	1	distal	.	.
chr9:87726065-87726583	1	1	0	0	distal	.	.
chr9:87758302-87758744	1	1	0	0	distal	.	.
chr9:87909438-87909588	1	1	0	0	distal	.	.
chr9:91193035-91193304	1	1	0	0	proximal	ENSG00000289123	.
chr9:91193679-91193896	1	1	0	0	proximal	ENSG00000289123	.
chr9:91855084-91855254	1	1	0	0	distal	.	.
chr9:92134014-92134398	2	1	0	0	distal	.	.
chr9:92147114-92147747	1	1	0	0	distal	.	.
chr9:92293619-92294057	1	1	0	0	proximal	IARS1	.
chr9:92325579-92326407	2	1	0	0	proximal	CENPP,NOL8	.
chr9:92696771-92696978	1	1	0	0	distal	.	.
chr9:92716616-92716795	1	1	0	0	distal	.	.
chr9:92725104-92725326	1	1	0	0	distal	.	.
chr9:92764810-92765290	1	1	0	0	proximal	BICD2	.
chr9:92877960-92878308	1	1	0	0	proximal	ZNF484	.
chr9:92884769-92884989	1	1	0	0	distal	.	.
chr9:92947270-92947649	2	1	0	0	proximal	FGD3	.
chr9:92956876-92957135	2	1	0	0	distal	.	.
chr9:93095387-93095782	1	1	0	0	proximal	CARD19,ENSG00000223446	.
chr9:93095846-93096467	1	1	0	0	proximal	CARD19,ENSG00000223446	.
chr9:93133606-93133773	1	1	0	0	proximal	NINJ1	.
chr9:93134290-93134455	1	1	0	0	proximal	NINJ1	.
chr9:93365799-93365949	2	1	0	0	distal	.	.
chr9:93451524-93451885	2	1	0	0	proximal	FAM120A	.
chr9:93453514-93453827	2	1	0	0	proximal	FAM120AOS	.
chr9:93647021-93647264	1	1	0	0	distal	.	.
chr9:93963097-93963464	1	1	0	0	distal	.	.
chr9:94166513-94167065	1	1	0	0	proximal	MIRLET7A1HG	.
chr9:95005085-95005256	2	1	0	0	distal	.	.
chr9:95092189-95092383	1	1	0	0	distal	.	.
chr9:95426720-95427195	1	1	0	0	proximal	FANCC	.
chr9:95505825-95506024	1	1	0	0	proximal	ENSG00000271155	.
chr9:95670649-95670799	1	1	0	0	distal	.	.
chr9:95758170-95758336	1	1	0	0	distal	.	.
chr9:96418347-96419469	1	1	0	0	proximal	ZNF367	.
chr9:96449905-96450452	1	1	0	0	proximal	HABP4	.
chr9:96854214-96854500	1	1	0	0	distal	.	.
chr9:96875520-96876055	1	1	0	0	proximal	ZNF782	.
chr9:96933530-96933854	1	1	0	0	distal	.	.
chr9:97012669-97012900	1	1	0	0	proximal	MFSD14CP	.
chr9:97221667-97222088	1	1	0	0	proximal	ENSG00000235494	.
chr9:97237627-97238094	1	1	0	0	proximal	ENSG00000203279,SUGT1P4-STRA6LP,SUGT1P4-STRA6LP-CCDC180	.
chr9:97357107-97357257	1	1	0	0	distal	.	.
chr9:97598756-97598971	1	1	0	0	distal	.	.
chr9:97696859-97697515	2	1	0	0	proximal	XPA	.
chr9:97710723-97710911	1	1	0	0	distal	.	.
chr9:97716484-97716648	1	1	0	0	distal	.	.
chr9:97803436-97804022	1	1	0	0	distal	.	.
chr9:97854405-97854555	1	1	0	0	distal	.	.
chr9:97982883-97983631	1	1	0	0	proximal	ANP32B	.
chr9:98056329-98057437	1	1	0	0	proximal	NANS	.
chr9:98119443-98119610	1	1	0	0	proximal	TRIM14	.
chr9:98289984-98290171	2	1	0	0	distal	.	.
chr9:98315586-98315811	1	1	0	0	distal	.	.
chr9:98707299-98707656	1	1	0	0	distal	.	.
chr9:98796255-98796762	1	1	0	0	proximal	ANKS6	.
chr9:99221574-99222408	1	1	0	0	proximal	ALG2,SEC61B	.
chr9:99556381-99556531	2	2	1	1	distal	.	.
chr9:99906844-99907219	1	1	0	0	proximal	STX17,STX17-DT	.
chrX:100820173-100820614	1	1	0	0	proximal	CSTF2	.
chrX:100902645-100902799	1	1	0	0	distal	.	.
chrX:101051853-101052306	1	1	0	0	proximal	TRMT2B	.
chrX:101097851-101098273	1	1	0	0	proximal	CENPI	.
chrX:101158277-101158427	1	1	0	0	distal	.	.
chrX:101348637-101349140	1	1	0	0	proximal	TIMM8A	.
chrX:101390829-101391155	1	1	0	0	proximal	BTK,RPL36A,RPL36A-HNRNPH2	.
chrX:101623061-101623211	1	1	0	0	proximal	ARMCX3	.
chrX:101799429-101799647	1	1	0	0	distal	.	.
chrX:101931862-101932230	1	1	0	0	proximal	ZMAT1	.
chrX:102071937-102072087	1	1	0	0	distal	.	.
chrX:102155910-102156104	1	1	0	0	proximal	BEX5	.
chrX:102574372-102574522	1	1	0	0	distal	.	.
chrX:102660616-102660895	1	1	0	0	proximal	ENSG00000270050,ENSG00000286327	.
chrX:102768970-102769195	1	1	0	0	proximal	LINC00630	.
chrX:102951349-102951545	2	1	0	0	distal	.	.
chrX:103026090-103026240	1	1	0	0	distal	.	.
chrX:103064093-103064404	1	1	0	0	proximal	BEX1	.
chrX:103215243-103215735	1	1	0	0	proximal	BEX4	.
chrX:103310542-103310782	2	1	0	0	proximal	BEX2	.
chrX:103332380-103332621	1	1	0	0	distal	.	.
chrX:103350631-103350897	1	1	0	0	distal	.	.
chrX:103376160-103376446	1	1	0	0	proximal	BEX3	.
chrX:103562912-103563062	1	1	0	0	distal	.	.
chrX:103585382-103585768	2	1	0	0	distal	.	.
chrX:103624492-103624727	1	1	0	0	distal	.	.
chrX:103628707-103628988	1	1	0	0	proximal	TCEAL1	.
chrX:103629605-103629788	1	1	0	0	proximal	TCEAL1	.
chrX:103687922-103688158	2	1	0	0	proximal	MORF4L2,MORF4L2-AS1	.
chrX:103831523-103832312	1	1	0	0	proximal	RAB9B	.
chrX:103832422-103832608	1	1	0	0	proximal	RAB9B	.
chrX:103954440-103954611	2	1	0	0	distal	.	.
chrX:104107231-104107381	1	1	0	0	distal	.	.
chrX:104112310-104112975	1	1	0	0	proximal	ZCCHC18	.
chrX:104150127-104150297	2	1	0	0	distal	.	.
chrX:104156518-104157310	2	1	0	0	proximal	SLC25A53	.
chrX:104165871-104166109	1	1	0	0	proximal	FAM199X	.
chrX:104166175-104167333	1	1	0	0	proximal	FAM199X	.
chrX:104183509-104183733	1	1	0	0	distal	.	.
chrX:104582861-104583014	1	1	0	0	distal	.	.
chrX:105144007-105144224	1	1	0	0	distal	.	.
chrX:106034499-106034755	1	1	0	0	distal	.	.
chrX:106158732-106158882	1	1	0	0	distal	.	.
chrX:106611772-106612422	2	1	0	0	proximal	RADX	.
chrX:106650807-106650957	1	1	0	0	distal	.	.
chrX:106811171-106811541	1	1	0	0	distal	.	.
chrX:106872132-106872282	1	1	0	0	distal	.	.
chrX:106878414-106878564	1	1	0	0	distal	.	.
chrX:106894451-106894635	1	1	0	0	distal	.	.
chrX:107000120-107000434	1	1	0	0	proximal	MORC4	.
chrX:107041097-107041254	1	1	0	0	distal	.	.
chrX:107118329-107118663	1	1	0	0	proximal	RBM41	.
chrX:107205892-107206605	3	1	0	0	proximal	DNAAF6,NUP62CL	.
chrX:107396848-107397075	1	1	0	0	distal	.	.
chrX:107628181-107629191	1	1	0	0	proximal	PRPS1	.
chrX:107649434-107649596	1	1	0	0	distal	.	.
chrX:107655225-107655424	1	1	0	0	distal	.	.
chrX:107655543-107655693	1	1	0	0	distal	.	.
chrX:107673182-107673350	1	1	0	0	distal	.	.
chrX:107676745-107677441	1	1	0	0	proximal	ENSG00000289923	.
chrX:107731781-107732257	2	1	0	0	distal	.	.
chrX:107737058-107737259	2	1	0	0	distal	.	.
chrX:107759615-107759823	1	1	0	0	distal	.	.
chrX:107775597-107776076	1	1	0	0	proximal	NCBP2L	.
chrX:107777218-107777499	3	1	0	0	proximal	TSC22D3	.
chrX:107791974-107792207	1	1	0	0	distal	.	.
chrX:107826268-107826702	1	1	0	0	proximal	MID2	.
chrX:107909500-107909650	1	1	0	0	distal	.	.
chrX:108091422-108091919	2	1	0	0	proximal	ATG4A,PSMD10	.
chrX:108192166-108192316	1	1	0	0	distal	.	.
chrX:108199767-108200051	1	1	0	0	distal	.	.
chrX:109485823-109485986	1	1	0	0	distal	.	.
chrX:109569956-109570115	1	1	0	0	distal	.	.
chrX:109709181-109709442	1	1	0	0	distal	.	.
chrX:109713138-109713326	1	1	0	0	distal	.	.
chrX:109713479-109713629	1	1	0	0	distal	.	.
chrX:109732957-109733520	2	1	0	0	proximal	ACSL4,ENSG00000289365	.
chrX:109891029-109891235	1	1	0	0	distal	.	.
chrX:110002282-110002687	1	1	0	0	proximal	TMEM164	.
chrX:110004359-110004509	1	1	0	0	distal	.	.
chrX:110317258-110317549	2	1	0	0	distal	.	.
chrX:110450152-110450302	1	1	0	0	distal	.	.
chrX:110674457-110674656	1	1	0	0	distal	.	.
chrX:115650995-115651292	1	1	0	0	distal	.	.
chrX:115665633-115665783	1	1	0	0	distal	.	.
chrX:115727816-115728148	2	1	0	0	distal	.	.
chrX:115950141-115950349	2	1	0	0	distal	.	.
chrX:115958217-115958549	1	1	0	0	distal	.	.
chrX:116246552-116246702	1	1	0	0	distal	.	.
chrX:118027328-118027511	1	1	0	0	distal	.	.
chrX:118345372-118346578	1	1	0	0	proximal	WDR44	.
chrX:118727134-118727602	1	1	0	0	proximal	IL13RA1	.
chrX:118807525-118807682	1	1	0	0	distal	.	.
chrX:118847728-118847888	1	1	0	0	distal	.	.
chrX:118892509-118892676	1	1	0	0	distal	.	.
chrX:119118926-119119076	1	1	0	0	distal	.	.
chrX:119235889-119236980	1	1	0	0	proximal	PGRMC1	.
chrX:119390044-119390226	1	1	0	0	distal	.	.
chrX:119441203-119441364	1	1	0	0	distal	.	.
chrX:119468971-119469350	1	1	0	0	proximal	SLC25A5,SLC25A5-AS1	.
chrX:119482561-119482983	1	1	0	0	distal	.	.
chrX:119516370-119516520	1	1	0	0	distal	.	.
chrX:119565086-119565515	1	1	0	0	proximal	STEEP1	.
chrX:119675812-119675965	1	1	0	0	distal	.	.
chrX:119685519-119685693	1	1	0	0	distal	.	.
chrX:119692238-119692388	2	1	0	0	distal	.	.
chrX:119693119-119693278	1	1	0	0	proximal	SEPTIN6	.
chrX:119693398-119693558	1	1	0	0	proximal	SEPTIN6	.
chrX:119758175-119758681	1	1	0	0	proximal	SOWAHD	.
chrX:119758772-119759095	1	1	0	0	proximal	SOWAHD	.
chrX:119871312-119871919	2	1	0	0	proximal	NDUFA1,RNF113A	.
chrX:119880926-119881137	2	1	0	0	distal	.	.
chrX:119887504-119888425	2	1	0	0	distal	.	.
chrX:119942921-119943667	1	1	0	0	proximal	NKAP,RHOXF1P3	.
chrX:120250469-120251071	1	1	0	0	proximal	ZBTB33	.
chrX:120311338-120311488	2	1	0	0	proximal	TMEM255A	.
chrX:120365367-120365554	1	1	0	0	distal	.	.
chrX:120469308-120469491	1	1	0	0	proximal	LAMP2	.
chrX:120560789-120561760	1	1	0	0	distal	.	.
chrX:120603752-120604391	1	1	0	0	proximal	CUL4B	.
chrX:123709294-123709490	1	1	0	0	distal	.	.
chrX:123732736-123732898	1	1	0	0	proximal	THOC2	.
chrX:123733006-123733366	1	1	0	0	proximal	THOC2	.
chrX:123836156-123836399	1	1	0	0	distal	.	.
chrX:123846572-123847098	1	1	0	0	distal	.	.
chrX:123959989-123960597	1	1	0	0	proximal	STAG2	.
chrX:124006459-124006779	2	1	0	0	distal	.	.
chrX:127908458-127908716	1	1	0	0	distal	.	.
chrX:127908790-127908940	1	1	0	0	distal	.	.
chrX:129905876-129906275	1	1	0	0	proximal	UTP14A	.
chrX:129961327-129961573	1	1	0	0	distal	.	.
chrX:130060833-130061177	1	1	0	0	distal	.	.
chrX:130110914-130111245	1	1	0	0	proximal	ELF4	.
chrX:130524051-130524448	1	1	0	0	proximal	ENSG00000290740	.
chrX:130958661-130959442	1	1	0	0	distal	.	.
chrX:131292602-131292884	1	1	0	0	distal	.	.
chrX:131544121-131544536	1	1	0	0	proximal	OR13H1	.
chrX:131746477-131746627	1	1	0	0	distal	.	.
chrX:131753114-131753677	1	1	0	0	distal	.	.
chrX:131778656-131778897	1	1	0	0	distal	.	.
chrX:131792343-131792638	1	1	0	0	distal	.	.
chrX:131793157-131793341	1	1	0	0	distal	.	.
chrX:131841428-131841648	1	1	0	0	distal	.	.
chrX:132015785-132015962	1	1	0	0	distal	.	.
chrX:132217271-132218432	1	1	0	0	proximal	RAP2C-AS1	.
chrX:132331978-132332128	1	1	0	0	distal	.	.
chrX:132488931-132489216	1	1	0	0	proximal	MBNL3	.
chrX:133415191-133415805	1	1	0	0	proximal	GPC4	.
chrX:133510833-133510983	1	1	0	0	distal	.	.
chrX:133880046-133880203	2	1	0	0	distal	.	.
chrX:133985878-133986104	1	1	0	0	distal	.	.
chrX:133999983-134000219	1	1	0	0	distal	.	.
chrX:134372959-134373683	1	1	0	0	proximal	PHF6	.
chrX:134406234-134406505	1	1	0	0	distal	.	.
chrX:134537020-134537246	1	1	0	0	distal	.	.
chrX:134577599-134577847	1	1	0	0	distal	.	.
chrX:134713742-134714003	1	1	0	0	distal	.	.
chrX:134797086-134797447	3	1	0	0	proximal	PABIR2,PABIR3	.
chrX:134914306-134915017	2	1	0	0	proximal	MOSPD1	.
chrX:135021587-135022921	1	1	0	0	proximal	RTL8B	.
chrX:135051473-135052537	1	1	0	0	proximal	RTL8A	.
chrX:135112231-135112978	2	1	0	0	distal	.	.
chrX:135354494-135354672	1	1	0	0	distal	.	.
chrX:135521102-135521307	1	1	0	0	proximal	INTS6L,INTS6L-AS1	.
chrX:135521392-135521973	3	1	0	0	distal	.	.
chrX:135532502-135532714	2	1	0	0	distal	.	.
chrX:135607469-135607624	1	1	0	0	distal	.	.
chrX:135985304-135985604	1	1	0	0	distal	.	.
chrX:136047452-136047650	2	1	0	0	distal	.	.
chrX:136147348-136147585	2	1	0	0	proximal	FHL1	.
chrX:136343049-136343199	1	1	0	0	distal	.	.
chrX:136496576-136497556	1	1	0	0	proximal	HTATSF1	.
chrX:136762791-136762941	2	1	0	0	distal	.	.
chrX:136880527-136880977	1	1	0	0	proximal	RBMX	.
chrX:140091531-140091958	1	1	0	0	proximal	ENSG00000230707	.
chrX:140099157-140099344	1	1	0	0	distal	.	.
chrX:140197987-140198137	1	1	0	0	distal	.	.
chrX:140741415-140741611	1	1	0	0	distal	.	.
chrX:149470927-149471190	1	1	0	0	distal	.	.
chrX:149505200-149505524	1	1	0	0	distal	.	.
chrX:149539281-149541049	1	1	0	0	proximal	ENSG00000241489,EOLA1,EOLA1-DT	.
chrX:149704761-149705034	1	1	0	0	distal	.	.
chrX:149720253-149720481	2	1	0	0	distal	.	.
chrX:149915663-149915821	1	1	0	0	distal	.	.
chrX:149950602-149950752	1	1	0	0	distal	.	.
chrX:150119896-150120077	1	1	0	0	distal	.	.
chrX:150174775-150174925	1	1	0	0	distal	.	.
chrX:150324534-150324694	1	1	0	0	distal	.	.
chrX:150365375-150365638	1	1	0	0	distal	.	.
chrX:150982852-150983389	2	1	0	0	distal	.	.
chrX:151151783-151151933	1	1	0	0	distal	.	.
chrX:151396955-151397650	1	1	0	0	proximal	ENSG00000287918,VMA21	.
chrX:152640172-152640322	1	1	0	0	distal	.	.
chrX:153226124-153226789	2	1	0	0	proximal	ENSG00000273877	.
chrX:153245289-153245740	1	1	0	0	distal	.	.
chrX:153333958-153334299	2	2	1	1	proximal	ZNF275	.
chrX:153460921-153461117	2	1	0	0	distal	.	.
chrX:153507613-153507829	1	1	0	0	distal	.	.
chrX:153554895-153555045	1	1	0	0	distal	.	.
chrX:153583081-153583244	2	1	0	0	distal	.	.
chrX:153599122-153599669	4	2	1	1	proximal	CCNQ	.
chrX:153600998-153601206	2	1	0	0	distal	.	.
chrX:153609978-153610284	1	1	0	0	distal	.	.
chrX:153626345-153626574	1	1	0	0	distal	.	.
chrX:153651902-153652117	2	2	1	1	distal	.	.
chrX:153669366-153669517	2	2	1	1	distal	.	.
chrX:153744448-153744672	1	1	0	0	distal	.	.
chrX:153776511-153776831	4	1	0	0	proximal	SRPK3	.
chrX:153794008-153794194	1	1	0	0	proximal	IDH3G,SSR4	.
chrX:153819026-153819344	3	1	0	0	distal	.	.
chrX:153824708-153824877	3	2	1	1	distal	.	.
chrX:153928141-153928721	2	2	1	1	distal	.	.
chrX:153935006-153935212	1	1	0	0	proximal	ARHGAP4,NAA10	.
chrX:153947134-153947337	1	1	0	0	distal	.	.
chrX:153947410-153947578	3	1	0	0	distal	.	.
chrX:153953430-153953668	2	1	0	0	distal	.	.
chrX:153971148-153971439	2	2	1	1	proximal	HCFC1	.
chrX:153994808-153995042	2	1	0	0	distal	.	.
chrX:154097062-154097551	3	2	2	1	distal	.	.
chrX:154136801-154136973	3	2	2	1	proximal	MECP2	.
chrX:154239941-154240259	1	1	0	0	distal	.	.
chrX:154317447-154317663	1	1	0	0	distal	.	.
chrX:154378556-154379491	1	1	0	0	proximal	EMD	.
chrX:154398100-154398442	1	1	0	0	proximal	ENSG00000280195	.
chrX:154444324-154444531	1	1	0	0	proximal	FAM50A	.
chrX:154479220-154479409	2	1	0	0	proximal	LAGE3	.
chrX:154527187-154527479	1	1	0	0	distal	.	.
chrX:154534821-154535135	2	2	1	1	distal	.	.
chrX:154762475-154763114	2	1	0	0	proximal	DKC1	.
chrX:154763324-154763612	1	1	0	0	proximal	DKC1	.
chrX:155057452-155057749	1	1	0	0	distal	.	.
chrX:155071021-155071848	1	1	0	0	proximal	BRCC3,CMC4	.
chrX:15854040-15854355	1	1	0	0	proximal	AP1S2,ENSG00000289237	.
chrX:15854509-15855339	1	1	0	0	proximal	AP1S2	.
chrX:19382668-19382994	2	2	1	1	distal	.	.
chrX:19515085-19515351	3	2	1	1	proximal	MAP3K15	.
chrX:19648160-19648363	2	2	1	1	distal	.	.
chrX:19888608-19888758	1	1	0	0	distal	.	.
chrX:20067848-20067998	1	1	0	0	distal	.	.
chrX:20141313-20142227	1	1	0	0	proximal	EIF1AX	.
chrX:23629715-23629922	1	1	0	0	distal	.	.
chrX:23667268-23667676	1	1	0	0	distal	.	.
chrX:23743219-23743884	1	1	0	0	distal	.	.
chrX:23959992-23960181	1	1	0	0	distal	.	.
chrX:24011475-24011645	1	1	0	0	distal	.	.
chrX:24024934-24025973	1	1	0	0	distal	.	.
chrX:24149570-24150324	3	1	0	0	proximal	ZFX,ZFX-AS1	.
chrX:24156701-24156851	1	1	0	0	distal	.	.
chrX:30755902-30756152	1	1	0	0	distal	.	.
chrX:31254852-31255002	1	1	0	0	distal	.	.
chrX:37348708-37348883	1	1	0	0	proximal	ENSG00000250349,PRRG1	.
chrX:37349180-37350082	1	1	0	0	proximal	ENSG00000250349,PRRG1	.
chrX:38044798-38045179	1	1	0	0	distal	.	.
chrX:38611174-38611370	1	1	0	0	distal	.	.
chrX:39652071-39652496	1	1	0	0	proximal	ENSG00000289068	.
chrX:39688824-39689162	2	1	0	0	distal	.	.
chrX:39755315-39755963	1	1	0	0	distal	.	.
chrX:39886411-39886580	1	1	0	0	distal	.	.
chrX:39969061-39969256	1	1	0	0	distal	.	.
chrX:39995968-39996118	1	1	0	0	distal	.	.
chrX:40013896-40014131	1	1	0	0	distal	.	.
chrX:40014739-40015018	1	1	0	0	distal	.	.
chrX:40107526-40107751	1	1	0	0	distal	.	.
chrX:40474133-40474627	1	1	0	0	distal	.	.
chrX:40580427-40581271	2	1	0	0	distal	.	.
chrX:40632070-40632220	1	1	0	0	distal	.	.
chrX:40735527-40736042	2	1	0	0	proximal	MED14,MED14OS	.
chrX:40755893-40756098	1	1	0	0	distal	.	.
chrX:40772373-40772573	1	1	0	0	distal	.	.
chrX:40857737-40857970	1	1	0	0	distal	.	.
chrX:40909296-40909462	1	1	0	0	distal	.	.
chrX:40909565-40909871	1	1	0	0	distal	.	.
chrX:40985617-40985767	2	1	0	0	distal	.	.
chrX:40992624-40992834	2	1	0	0	distal	.	.
chrX:41012502-41012685	1	1	0	0	distal	.	.
chrX:41017821-41018011	1	1	0	0	distal	.	.
chrX:41084444-41085423	1	1	0	0	proximal	USP9X	.
chrX:41086141-41086452	1	1	0	0	proximal	USP9X	.
chrX:41086533-41086692	1	1	0	0	distal	.	.
chrX:41114908-41115163	1	1	0	0	distal	.	.
chrX:41161702-41161855	1	1	0	0	distal	.	.
chrX:41231225-41231375	3	1	0	0	distal	.	.
chrX:41333146-41333659	1	1	0	0	proximal	DDX3X	.
chrX:41333807-41334328	1	1	0	0	proximal	DDX3X	.
chrX:41442280-41442695	1	1	0	0	distal	.	.
chrX:46447093-46447626	1	1	0	0	proximal	KRBOX4	.
chrX:46759081-46759467	1	1	0	0	proximal	SLC9A7	.
chrX:46903770-46903920	1	1	0	0	distal	.	.
chrX:46904041-46904271	1	1	0	0	distal	.	.
chrX:47054538-47054688	1	1	0	0	distal	.	.
chrX:47077270-47077476	1	1	0	0	proximal	RGN	.
chrX:47128802-47128983	1	1	0	0	proximal	ENSG00000288759	.
chrX:47435900-47436078	1	1	0	0	distal	.	.
chrX:47513355-47513807	1	1	0	0	distal	.	.
chrX:47523458-47523731	1	1	0	0	distal	.	.
chrX:47556106-47556477	1	1	0	0	distal	.	.
chrX:47560867-47561749	1	1	0	0	proximal	ARAF,ENSG00000289890	.
chrX:47619808-47620118	1	1	0	0	proximal	SYN1	.
chrX:47623772-47623994	1	1	0	0	distal	.	.
chrX:47658564-47659008	2	1	0	0	proximal	UXT,UXT-AS1	.
chrX:47836277-47837019	2	1	0	0	proximal	ZNF81	.
chrX:48003612-48004299	2	1	0	0	proximal	SPACA5,ZNF182	.
chrX:48071654-48072018	1	1	0	0	proximal	ENSG00000287757,ZNF630	.
chrX:48163247-48163426	1	1	0	0	distal	.	.
chrX:48255826-48256079	1	1	0	0	proximal	SSX1	.
chrX:48459475-48459683	1	1	0	0	distal	.	.
chrX:48489333-48489571	3	1	0	0	distal	.	.
chrX:48510039-48510206	1	1	0	0	distal	.	.
chrX:48521240-48521439	1	1	0	0	proximal	EBP,ENSG00000286268	.
chrX:48521594-48522111	3	2	1	1	proximal	EBP,ENSG00000286268	.
chrX:48539385-48540297	1	1	0	0	proximal	TBC1D25	.
chrX:48573759-48574516	3	1	0	0	proximal	ENSG00000204620,RBM3	.
chrX:48574807-48574967	2	1	0	0	proximal	ENSG00000204620,RBM3	.
chrX:48597318-48597597	3	2	1	1	distal	.	.
chrX:48597660-48597867	1	1	0	0	distal	.	.
chrX:48598078-48598339	1	1	0	0	distal	.	.
chrX:48640819-48640969	1	1	0	0	distal	.	.
chrX:48676202-48676608	3	1	0	0	proximal	WAS	.
chrX:48677151-48677301	1	1	0	0	proximal	WAS	.
chrX:48696253-48697102	3	2	2	1	distal	.	.
chrX:48737149-48737823	1	1	0	0	proximal	ENSG00000232828	.
chrX:48762093-48762243	1	1	0	0	proximal	GLOD5	.
chrX:48801581-48802262	1	1	0	0	proximal	HDAC6	.
chrX:48802394-48802597	2	1	0	0	distal	.	.
chrX:48891711-48892040	2	1	0	0	distal	.	.
chrX:48897193-48898025	2	1	0	0	proximal	TIMM17B	.
chrX:48898107-48898343	2	2	1	1	proximal	TIMM17B	.
chrX:48917278-48917462	1	1	0	0	distal	.	.
chrX:48918935-48919235	4	1	0	0	proximal	PIM2	.
chrX:48958330-48958693	1	1	0	0	proximal	ENSG00000288908,OTUD5	.
chrX:48972480-48972670	1	1	0	0	proximal	KCND1	.
chrX:49018365-49018565	2	2	1	1	distal	.	.
chrX:49053388-49053705	1	1	0	0	proximal	CCDC120	.
chrX:49054731-49054898	2	1	0	0	distal	.	.
chrX:49064006-49064156	4	2	2	1	distal	.	.
chrX:49073961-49074360	2	1	0	0	proximal	PRAF2	.
chrX:49155851-49156680	1	1	0	0	proximal	ENSG00000289245	.
chrX:49163724-49164053	1	1	0	0	distal	.	.
chrX:49164130-49164359	1	1	0	0	distal	.	.
chrX:49184681-49184886	3	1	0	0	distal	.	.
chrX:49186321-49186483	2	1	0	0	proximal	PRICKLE3	.
chrX:49199998-49200412	2	1	0	0	proximal	SYP	.
chrX:49235397-49235911	4	2	1	1	proximal	CCDC22	.
chrX:49268855-49269890	2	1	0	0	proximal	PPP1R3F	.
chrX:49282623-49282909	1	1	0	0	distal	.	.
chrX:49345928-49346561	2	1	0	0	distal	.	.
chrX:49610713-49610939	1	1	0	0	distal	.	.
chrX:49853570-49853724	1	1	0	0	distal	.	.
chrX:49879256-49879594	1	1	0	0	proximal	USP27X,USP27X-DT	.
chrX:49922346-49922817	1	1	0	0	proximal	CLCN5	.
chrX:49977850-49978053	1	1	0	0	distal	.	.
chrX:52995777-52996016	1	1	0	0	proximal	FAM156A	.
chrX:53116237-53116387	1	1	0	0	distal	.	.
chrX:53281517-53281834	1	1	0	0	distal	.	.
chrX:53284599-53284894	1	1	0	0	distal	.	.
chrX:53316890-53317111	1	1	0	0	distal	.	.
chrX:53434097-53434546	1	1	0	0	proximal	HSD17B10	.
chrX:54044318-54044917	1	1	0	0	distal	.	.
chrX:54495787-54496335	1	1	0	0	proximal	FGD1	.
chrX:54639719-54640072	2	1	0	0	distal	.	.
chrX:54808606-54809081	1	1	0	0	distal	.	.
chrX:55000177-55000428	1	1	0	0	proximal	APEX2	.
chrX:57121073-57121731	1	1	0	0	proximal	ENSG00000226310,SPIN2B	.
chrX:57592165-57592463	1	1	0	0	proximal	ZXDB	.
chrX:68672796-68672955	1	1	0	0	distal	.	.
chrX:68693495-68693710	1	1	0	0	distal	.	.
chrX:69002923-69003073	1	1	0	0	distal	.	.
chrX:69097332-69097490	1	1	0	0	distal	.	.
chrX:69309485-69309807	1	1	0	0	distal	.	.
chrX:69504094-69504787	2	1	0	0	proximal	NALF2	.
chrX:69538603-69538936	3	1	0	0	distal	.	.
chrX:69556277-69556427	1	1	0	0	distal	.	.
chrX:70133201-70133571	1	1	0	0	proximal	IGBP1	.
chrX:70289793-70290380	1	1	0	0	proximal	KIF4A,PDZD11	.
chrX:70434140-70434671	1	1	0	0	proximal	ENSG00000284391	.
chrX:70454739-70455107	1	1	0	0	distal	.	.
chrX:70496568-70496718	1	1	0	0	distal	.	.
chrX:70937213-70937363	1	1	0	0	distal	.	.
chrX:71068053-71068737	2	1	0	0	distal	.	.
chrX:71129259-71129415	1	1	0	0	distal	.	.
chrX:71181904-71182447	1	1	0	0	distal	.	.
chrX:71365903-71366385	2	1	0	0	proximal	TAF1	.
chrX:71532770-71533177	1	1	0	0	proximal	OGT	.
chrX:71910830-71911010	1	1	0	0	proximal	NHSL2	.
chrX:71911100-71911274	1	1	0	0	proximal	NHSL2	.
chrX:72049386-72049536	1	1	0	0	distal	.	.
chrX:72181233-72181836	1	1	0	0	proximal	PIN4	.
chrX:72213418-72213664	1	1	0	0	distal	.	.
chrX:72306744-72307123	1	1	0	0	proximal	CITED1	.
chrX:72649363-72649513	1	1	0	0	distal	.	.
chrX:72713234-72713387	1	1	0	0	distal	.	.
chrX:73539454-73539604	1	1	0	0	distal	.	.
chrX:73817482-73817697	1	1	0	0	distal	.	.
chrX:73847365-73847516	2	1	0	0	distal	.	.
chrX:73943634-73944025	1	1	0	0	proximal	JPX	.
chrX:74104410-74104740	1	1	0	0	distal	.	.
chrX:74179502-74179859	1	1	0	0	distal	.	.
chrX:74293488-74293742	2	1	0	0	proximal	FTX	.
chrX:74343811-74344296	1	1	0	0	distal	.	.
chrX:74420238-74420451	2	1	0	0	distal	.	.
chrX:74536378-74536728	1	1	0	0	distal	.	.
chrX:74541798-74541948	1	1	0	0	distal	.	.
chrX:74614147-74614308	2	1	0	0	proximal	RLIM	.
chrX:75156067-75156411	1	1	0	0	proximal	ABCB7,UPRT	.
chrX:75273710-75274195	1	1	0	0	distal	.	.
chrX:77494184-77494474	1	1	0	0	distal	.	.
chrX:77785286-77785623	1	1	0	0	proximal	ATRX	.
chrX:77910264-77910852	1	1	0	0	proximal	ATP7A,PGK1	.
chrX:78103790-78104269	1	1	0	0	distal	.	.
