peak	types	genes	states	n_edges
chr10:100009468-100010162	proximal	DNMBP	.	6
chr10:100110320-100110591	distal	.	.	10
chr10:100185815-100186181	proximal	ERLIN1	.	6
chr10:100186297-100186477	proximal	ERLIN1	.	8
chr10:100228798-100229237	proximal	CHUK,CHUK-DT	.	8
chr10:100229311-100229805	proximal	CHUK,CHUK-DT	.	24
chr10:100267241-100267812	proximal	CWF19L1	.	4
chr10:100286065-100286979	proximal	BLOC1S2	.	8
chr10:100346459-100346673	proximal	ENSG00000231188,SCD	.	16
chr10:100346843-100347200	proximal	ENSG00000231188,SCD	.	20
chr10:100373320-100374124	proximal	ENSG00000289301,OLMALINC	.	16
chr10:100433590-100434067	distal	.	.	8
chr10:100481584-100481891	distal	.	.	8
chr10:100481978-100482164	distal	.	.	2
chr10:100482402-100482833	distal	.	.	2
chr10:100483119-100483269	distal	.	.	2
chr10:100535530-100536122	distal	.	.	24
chr10:100654987-100655217	distal	.	.	4
chr10:100671114-100671282	distal	.	.	12
chr10:100680830-100680980	distal	.	.	2
chr10:100686207-100686357	distal	.	.	8
chr10:100715396-100715560	distal	.	.	4
chr10:100729394-100729910	distal	.	.	2
chr10:100729981-100730131	distal	.	.	2
chr10:100746241-100746409	distal	.	.	4
chr10:100760904-100761054	distal	.	.	16
chr10:100878535-100878763	distal	.	.	8
chr10:100912662-100913093	proximal	ENSG00000272572,SLF2	.	8
chr10:100969672-100969991	proximal	SEMA4G	.	4
chr10:100987001-100987352	proximal	MRPL43,TWNK	.	28
chr10:100987855-100988250	proximal	MRPL43,TWNK	.	8
chr10:100997704-100998104	distal	.	.	14
chr10:100998191-100998393	distal	.	.	4
chr10:101019065-101019408	distal	.	.	10
chr10:101030432-101030689	proximal	SFXN3	.	14
chr10:101031393-101031633	proximal	PDZD7,SFXN3	.	8
chr10:101041291-101041441	distal	.	.	8
chr10:101042632-101043265	distal	.	.	2
chr10:101050169-101050540	distal	.	.	2
chr10:101062611-101062814	proximal	KAZALD1	.	6
chr10:101095667-101095871	distal	.	.	2
chr10:101142353-101142543	distal	.	.	4
chr10:101161749-101162054	distal	.	.	12
chr10:101229908-101230530	proximal	LBX1,LBX1-AS1	.	8
chr10:101272290-101272490	distal	.	.	4
chr10:101291720-101292095	distal	.	.	4
chr10:101292298-101292677	distal	.	.	8
chr10:101301534-101301705	distal	.	.	2
chr10:101353693-101354827	proximal	BTRC	.	4
chr10:101454373-101454811	distal	.	.	4
chr10:101485966-101486318	distal	.	.	2
chr10:101566407-101566913	distal	.	.	8
chr10:101570254-101570623	proximal	DPCD	.	10
chr10:101579355-101579523	distal	.	.	6
chr10:101587927-101588342	proximal	POLL	.	16
chr10:101667869-101668195	distal	.	.	8
chr10:101693937-101694972	proximal	ENSG00000286489,FBXW4	.	4
chr10:101695095-101695405	proximal	ENSG00000286489,FBXW4	.	20
chr10:101783360-101783510	proximal	NPM3	.	6
chr10:101817953-101818267	proximal	KCNIP2-AS1,OGA	.	8
chr10:101829598-101829810	distal	.	.	8
chr10:101830540-101831115	distal	.	.	2
chr10:101836070-101836272	distal	.	.	8
chr10:101840748-101841003	distal	.	.	2
chr10:101841118-101841408	distal	.	.	8
chr10:101857028-101857236	distal	.	.	14
chr10:102035767-102035917	distal	.	.	6
chr10:102055819-102056437	proximal	ARMH3	.	14
chr10:102058017-102058167	distal	.	.	12
chr10:102064865-102065101	proximal	HPS6	.	4
chr10:102065175-102065975	proximal	HPS6	.	2
chr10:102088540-102088999	distal	.	.	20
chr10:102091154-102091304	distal	.	.	4
chr10:102114713-102115138	distal	.	.	2
chr10:102132517-102132707	proximal	PPRC1	.	4
chr10:102132814-102133124	proximal	PPRC1	.	16
chr10:102133576-102133828	proximal	PPRC1	.	6
chr10:102151935-102152660	proximal	NOLC1	.	4
chr10:102169501-102169770	distal	.	.	26
chr10:102229874-102230347	distal	.	.	6
chr10:102230444-102230787	distal	.	.	12
chr10:102231081-102231529	distal	.	.	2
chr10:102231878-102232072	distal	.	.	2
chr10:102241551-102241844	proximal	PITX3	.	6
chr10:102245148-102245664	proximal	GBF1	.	10
chr10:102313188-102313403	distal	.	.	18
chr10:102393954-102394482	proximal	NFKB2	.	2
chr10:102395535-102395738	distal	.	.	8
chr10:102399547-102399985	distal	.	.	6
chr10:102403910-102404070	distal	.	.	10
chr10:102419619-102419843	proximal	FBXL15	.	6
chr10:102420735-102420895	proximal	PSD	.	2
chr10:102420964-102421454	proximal	PSD	.	12
chr10:102432262-102432851	proximal	CUEDC2	.	4
chr10:102450379-102450590	proximal	C10orf95-AS1	.	6
chr10:102461234-102461469	proximal	MFSD13A	.	6
chr10:102461861-102462150	proximal	MFSD13A	.	8
chr10:102503718-102504101	proximal	SUFU	.	4
chr10:102545832-102545996	distal	.	.	4
chr10:102607810-102607960	distal	.	.	2
chr10:102642105-102642522	distal	.	.	4
chr10:102644906-102645141	proximal	TRIM8,TRIM8-DT	.	8
chr10:102645682-102645880	distal	.	.	12
chr10:102713694-102714946	proximal	ARL3,SFXN2	.	12
chr10:102729316-102729590	distal	.	.	12
chr10:102743582-102744180	proximal	WBP1L	.	4
chr10:102753014-102753410	distal	.	.	6
chr10:102776002-102776173	distal	.	.	6
chr10:102835006-102835417	distal	.	.	4
chr10:102854150-102854742	proximal	BORCS7,BORCS7-ASMT,ENSG00000282772	.	18
chr10:102869357-102869524	proximal	AS3MT	.	10
chr10:102869588-102869817	proximal	AS3MT	.	4
chr10:102917574-102917725	proximal	CNNM2,ENSG00000286575	.	20
chr10:102917838-102918615	proximal	CNNM2,ENSG00000286575	.	4
chr10:102998278-102998499	distal	.	.	4
chr10:103053939-103054126	distal	.	.	2
chr10:103101825-103101975	distal	.	.	4
chr10:103192767-103193451	distal	.	.	10
chr10:103241462-103241629	distal	.	.	2
chr10:103350576-103350726	proximal	PCGF6	.	4
chr10:103350843-103351298	proximal	PCGF6	.	16
chr10:103367732-103368041	proximal	TAF5	.	8
chr10:103376878-103377364	distal	.	.	2
chr10:103389580-103390115	distal	.	.	6
chr10:103564905-103565116	distal	.	.	2
chr10:103605572-103605722	distal	.	.	4
chr10:103661404-103662081	distal	.	.	4
chr10:103766257-103766445	distal	.	.	2
chr10:103789553-103789703	distal	.	.	2
chr10:103829712-103829862	distal	.	.	2
chr10:103872159-103872487	distal	.	.	2
chr10:103884741-103884955	distal	.	.	2
chr10:103888162-103888312	distal	.	.	2
chr10:103908323-103908556	distal	.	.	6
chr10:103917748-103917916	proximal	STN1	.	8
chr10:103918080-103918702	proximal	STN1	.	4
chr10:104071306-104071488	distal	.	.	6
chr10:104338081-104338495	proximal	ITPRIP	.	4
chr10:104353503-104353884	proximal	CFAP58,CFAP58-DT	.	4
chr10:109852553-109852783	distal	.	.	4
chr10:109884234-109884658	distal	.	.	4
chr10:109923332-109923644	proximal	XPNPEP1	.	4
chr10:110007370-110008492	proximal	ADD3-AS1	.	10
chr10:11018281-11018634	distal	.	.	2
chr10:110226097-110227544	distal	.	.	4
chr10:110304871-110305428	proximal	SMNDC1	.	4
chr10:110318233-110318383	distal	.	.	4
chr10:110497690-110498128	proximal	DUSP5	.	8
chr10:110512928-110513084	distal	.	.	4
chr10:110567239-110567749	proximal	SMC3	.	4
chr10:110567835-110568027	proximal	SMC3	.	10
chr10:110644129-110644594	proximal	RBM20	.	8
chr10:110672208-110672631	distal	.	.	4
chr10:110701662-110702077	distal	.	.	4
chr10:110752158-110752308	distal	.	.	8
chr10:110918514-110918859	proximal	BBIP1,SHOC2	.	8
chr10:110919061-110919872	proximal	BBIP1,SHOC2	.	8
chr10:111143047-111143240	distal	.	.	4
chr10:111375345-111375495	distal	.	.	4
chr10:113227707-113227909	distal	.	.	2
chr10:113427241-113427391	distal	.	.	2
chr10:113429825-113429988	distal	.	.	4
chr10:113538311-113538461	distal	.	.	16
chr10:113563485-113563770	distal	.	.	2
chr10:113678878-113679443	proximal	CASP7	.	6
chr10:113679668-113680046	proximal	CASP7	.	10
chr10:113680124-113680400	distal	.	.	4
chr10:113707878-113708028	distal	.	.	2
chr10:113854306-113854678	proximal	DCLRE1A,NHLRC2	.	16
chr10:113854792-113855293	proximal	DCLRE1A,NHLRC2	.	16
chr10:113873615-113873765	distal	.	.	2
chr10:113874411-113874563	distal	.	.	2
chr10:114055063-114055215	distal	.	.	4
chr10:114174100-114174671	proximal	CCDC186	.	4
chr10:114208007-114208248	distal	.	.	2
chr10:114340214-114340368	distal	.	.	4
chr10:114499695-114499909	distal	.	.	2
chr10:114755014-114755164	distal	.	.	8
chr10:114768199-114768459	proximal	ABLIM1	.	4
chr10:114822362-114822544	proximal	FHIP2A	.	4
chr10:114938150-114938494	proximal	TRUB1	.	4
chr10:115056317-115056581	distal	.	.	4
chr10:115093225-115093719	proximal	ATRNL1	.	4
chr10:115990508-115990669	distal	.	.	4
chr10:116045808-116046075	distal	.	.	2
chr10:11611325-11611885	proximal	USP6NL,USP6NL-AS1	.	8
chr10:116272743-116273038	distal	.	.	8
chr10:116610034-116610269	distal	.	.	2
chr10:116849698-116849931	proximal	ENO4,HSPA12A	.	8
chr10:117004593-117005332	proximal	ENSG00000287655	.	4
chr10:117137011-117137256	distal	.	.	6
chr10:117137601-117137757	proximal	VAX1	.	4
chr10:117185716-117185866	distal	.	.	2
chr10:117216743-117216911	distal	.	.	4
chr10:117542222-117542405	proximal	EMX2	.	4
chr10:117614222-117614372	distal	.	.	2
chr10:117705184-117705509	distal	.	.	2
chr10:117728326-117728476	distal	.	.	4
chr10:117860956-117861106	distal	.	.	2
chr10:117987299-117987449	distal	.	.	2
chr10:118241679-118241836	proximal	LINC02944	.	4
chr10:118341793-118342131	proximal	FAM204A,LINC00867	.	8
chr10:118342222-118342436	proximal	FAM204A,LINC00867	.	4
chr10:118501561-118501736	distal	.	.	8
chr10:118754161-118754311	distal	.	.	8
chr10:118818399-118818549	distal	.	.	2
chr10:118888870-118889020	distal	.	.	16
chr10:118992065-118992306	distal	.	.	2
chr10:119011405-119011592	distal	.	.	4
chr10:119022871-119023038	distal	.	.	2
chr10:119029320-119029758	proximal	LINC03036,NANOS1	.	24
chr10:119080571-119081237	proximal	EIF3A,ENSG00000289126	.	8
chr10:119081303-119081457	proximal	EIF3A,ENSG00000289126	.	12
chr10:119103827-119104410	proximal	DENND10	.	12
chr10:119139586-119139736	distal	.	.	6
chr10:119165202-119165828	proximal	SFXN4	.	6
chr10:119178424-119178621	proximal	PRDX3	.	2
chr10:119178719-119178975	proximal	PRDX3	.	16
chr10:119207370-119207691	proximal	GRK5,GRK5-IT1	.	8
chr10:119209543-119209699	distal	.	.	10
chr10:119410969-119411180	distal	.	.	4
chr10:11944292-11944442	distal	.	.	2
chr10:119487661-119487811	distal	.	.	8
chr10:119489628-119489959	distal	.	.	12
chr10:119542442-119542905	proximal	RGS10	.	4
chr10:119596550-119597524	proximal	TIAL1	.	2
chr10:119602611-119602761	distal	.	.	8
chr10:119608405-119608864	distal	.	.	4
chr10:119650855-119651486	proximal	BAG3	.	2
chr10:119872676-119873193	distal	.	.	2
chr10:119873414-119873606	distal	.	.	4
chr10:119892460-119892814	proximal	MCMBP,SEC23IP	.	8
chr10:119907870-119908096	distal	.	.	12
chr10:12042741-12043489	proximal	UPF2	.	4
chr10:12053677-12054105	distal	.	.	4
chr10:12068397-12069313	proximal	DHTKD1	.	4
chr10:120970819-120970969	distal	.	.	2
chr10:120978831-120979000	distal	.	.	2
chr10:120979451-120980032	proximal	ENSG00000227307	.	4
chr10:121112808-121113019	distal	.	.	2
chr10:121310174-121310747	distal	.	.	2
chr10:121377766-121377916	distal	.	.	4
chr10:121814024-121814218	distal	.	.	4
chr10:12186650-12186836	distal	.	.	8
chr10:121956715-121956921	proximal	ENSG00000276742	.	4
chr10:121974336-121974566	proximal	NSMCE4A	.	4
chr10:122077782-122078136	distal	.	.	2
chr10:122112775-122113080	distal	.	.	4
chr10:122142737-122143065	distal	.	.	4
chr10:122250185-122250335	distal	.	.	2
chr10:122298847-122299047	distal	.	.	4
chr10:122374393-122374879	proximal	PLEKHA1	.	12
chr10:122879510-122880120	proximal	ENSG00000286088,FAM24B	.	16
chr10:122953782-122954516	proximal	C10orf88,PSTK	.	16
chr10:122980226-122980851	distal	.	.	4
chr10:123133014-123133379	distal	.	.	4
chr10:123153960-123154545	proximal	BUB3	.	4
chr10:123154632-123154927	proximal	BUB3	.	4
chr10:123155055-123155205	proximal	BUB3	.	8
chr10:123393201-123393367	distal	.	.	8
chr10:123994447-123994619	distal	.	.	4
chr10:124388935-124389166	distal	.	.	4
chr10:124389262-124389412	distal	.	.	4
chr10:124450172-124450476	proximal	NKX1-2	.	4
chr10:124461523-124462366	proximal	LHPP	.	8
chr10:124530264-124530414	distal	.	.	8
chr10:124565518-124565668	distal	.	.	4
chr10:124655761-124655994	distal	.	.	10
chr10:124693925-124694180	distal	.	.	10
chr10:124791605-124792246	proximal	EEF1AKMT2,ENSG00000258539	.	20
chr10:124833055-124833328	distal	.	.	4
chr10:124916450-124916995	proximal	ENSG00000249456,ENSG00000289280	.	32
chr10:124952189-124952354	distal	.	.	10
chr10:124970666-124970872	distal	.	.	10
chr10:125209095-125209302	distal	.	.	8
chr10:12556244-12556394	distal	.	.	2
chr10:125661918-125662482	distal	.	.	8
chr10:125896419-125896569	proximal	DHX32,FANK1	.	8
chr10:126250063-126250305	distal	.	.	2
chr10:126325146-126325364	distal	.	.	2
chr10:126947963-126948215	distal	.	.	2
chr10:127156645-127156898	distal	.	.	2
chr10:12720444-12720595	distal	.	.	4
chr10:129963499-129963924	distal	.	.	4
chr10:129971688-129971911	distal	.	.	4
chr10:1300274-1300491	distal	.	.	4
chr10:130110456-130110984	proximal	C10orf143	.	4
chr10:130111094-130111395	proximal	C10orf143	.	6
chr10:130111473-130111659	proximal	C10orf143	.	2
chr10:13099949-13100171	proximal	CCDC3,ENSG00000289266,OPTN	.	12
chr10:13161184-13161643	proximal	MCM10	.	4
chr10:13161704-13161896	proximal	MCM10	.	4
chr10:131823689-131823863	distal	.	.	2
chr10:131900493-131901090	proximal	PPP2R2D	.	6
chr10:131901721-131901896	proximal	PPP2R2D	.	2
chr10:131981419-131981569	proximal	BNIP3	.	4
chr10:132142516-132142728	distal	.	.	12
chr10:132307865-132308705	distal	.	.	2
chr10:132331567-132332078	proximal	LRRC27,STK32C	.	24
chr10:132430193-132430343	distal	.	.	4
chr10:132458555-132458774	distal	.	.	4
chr10:132517087-132517363	distal	.	.	10
chr10:132592953-132593147	distal	.	.	2
chr10:132654753-132654903	distal	.	.	8
chr10:132755328-132755485	distal	.	.	2
chr10:132931267-132931417	distal	.	.	2
chr10:13299777-13300227	distal	.	.	2
chr10:13302127-13302586	proximal	PHYH	.	8
chr10:133111694-133111962	distal	.	.	6
chr10:133127559-133128117	distal	.	.	8
chr10:133261924-133262217	distal	.	.	2
chr10:133309100-133309380	proximal	ZNF511,ZNF511-PRAP1	.	8
chr10:133324434-133324837	distal	.	.	12
chr10:133329759-133330067	distal	.	.	2
chr10:133340059-133340276	distal	.	.	2
chr10:133357597-133358388	proximal	FUOM	.	4
chr10:133378315-133378571	proximal	PAOX	.	4
chr10:13347732-13348031	proximal	ENSG00000289585,SEPHS1	.	28
chr10:133520202-133520600	proximal	CYP2E1	.	4
chr10:133648936-133649222	distal	.	.	2
chr10:133660636-133660836	distal	.	.	4
chr10:133689258-133689594	distal	.	.	2
chr10:13440221-13440470	distal	.	.	12
chr10:13528931-13529451	proximal	BEND7,BEND7-DT	.	8
chr10:135290-135492	distal	.	.	2
chr10:13788023-13788250	distal	.	.	12
chr10:14134457-14134607	distal	.	.	2
chr10:14643381-14643531	distal	.	.	2
chr10:14777488-14777638	distal	.	.	8
chr10:14877871-14879148	proximal	SUV39H2,SUV39H2-DT	.	12
chr10:14945748-14945964	distal	.	.	6
chr10:15024528-15024826	distal	.	.	2
chr10:15088705-15088912	proximal	ACBD7	.	4
chr10:15097511-15097697	proximal	RPP38,RPP38-DT	.	8
chr10:15168456-15169181	proximal	NMT2	.	12
chr10:15431569-15431772	distal	.	.	4
chr10:15585304-15585546	distal	.	.	6
chr10:15605129-15605301	distal	.	.	6
chr10:15719640-15720171	proximal	ITGA8	.	2
chr10:1577488-1577756	distal	.	.	2
chr10:15850457-15850910	distal	.	.	8
chr10:15859863-15860664	proximal	MINDY3	.	4
chr10:16436754-16437396	proximal	PTER	.	2
chr10:16952902-16953117	distal	.	.	4
chr10:17137440-17137616	proximal	ENSG00000273153	.	2
chr10:17201335-17201948	proximal	TRDMT1	.	4
chr10:17228429-17229353	proximal	VIM	.	2
chr10:21327334-21327653	distal	.	.	2
chr10:21496064-21496413	distal	.	.	4
chr10:21516175-21516339	distal	.	.	8
chr10:21525480-21526698	proximal	ENSG00000286881,SKIDA1	.	16
chr10:21527184-21527589	proximal	ENSG00000286881	.	4
chr10:21593572-21593722	distal	.	.	2
chr10:21724848-21725088	distal	.	.	2
chr10:21834414-21834960	distal	.	.	2
chr10:22155251-22155492	distal	.	.	4
chr10:22229036-22229644	distal	.	.	2
chr10:22340333-22340638	proximal	ENSG00000272366	.	4
chr10:22379331-22379642	distal	.	.	4
chr10:22379803-22379998	distal	.	.	4
chr10:22468997-22469208	distal	.	.	8
chr10:22553309-22553493	distal	.	.	6
chr10:22605221-22605439	distal	.	.	2
chr10:22714151-22714808	proximal	PIP4K2A	.	4
chr10:23068232-23068448	distal	.	.	2
chr10:23408489-23408689	distal	.	.	8
chr10:23438827-23439246	proximal	ENSG00000287124,OTUD1	.	8
chr10:24221588-24221749	distal	.	.	4
chr10:24724589-24725072	proximal	ARHGAP21	.	6
chr10:25174525-25175160	proximal	GPR158	.	2
chr10:25934684-25935135	proximal	MYO3A	.	4
chr10:26173046-26173230	distal	.	.	4
chr10:26566925-26567294	distal	.	.	2
chr10:26622953-26623130	distal	.	.	4
chr10:26697541-26697789	proximal	PDSS1	.	4
chr10:26839220-26839459	distal	.	.	2
chr10:26870579-26870729	distal	.	.	2
chr10:27201049-27201203	distal	.	.	2
chr10:28432280-28432646	distal	.	.	2
chr10:28668356-28668547	distal	.	.	2
chr10:28678400-28678550	proximal	BAMBI	.	4
chr10:28823012-28823338	distal	.	.	4
chr10:28987520-28987687	distal	.	.	12
chr10:29409695-29409975	proximal	ENSG00000287402,SVIL-AS1	.	8
chr10:29449133-29449283	distal	.	.	4
chr10:29496447-29496597	distal	.	.	4
chr10:29735414-29735827	distal	.	.	4
chr10:29735904-29736314	proximal	SVIL	.	4
chr10:30168258-30168408	distal	.	.	2
chr10:30784205-30784376	distal	.	.	4
chr10:30785121-30785449	distal	.	.	2
chr10:31032271-31032754	proximal	ENSG00000287564,ZNF438	.	4
chr10:31133757-31133948	distal	.	.	4
chr10:31320465-31320836	proximal	ZEB1-AS1	.	12
chr10:31603237-31604026	proximal	ENSG00000223834	.	2
chr10:3172562-3173556	proximal	PITRM1	.	4
chr10:31759572-31760449	proximal	ENSG00000289412	.	2
chr10:3197525-3197675	distal	.	.	4
chr10:32016702-32016852	distal	.	.	8
chr10:32347022-32347301	proximal	ENSG00000233825,EPC1-AS1	.	8
chr10:3239683-3239868	distal	.	.	8
chr10:34667822-34668008	distal	.	.	4
chr10:35336325-35336764	proximal	CCNY-AS1	.	6
chr10:35640665-35640834	proximal	ENSG00000287528	.	2
chr10:3785160-3785893	proximal	ENSG00000288755,KLF6	.	8
chr10:37857306-37857874	proximal	ENSG00000236514,ZNF248	.	8
chr10:37976166-37976402	proximal	ZNF25,ZNF25-DT	.	8
chr10:42090636-42090964	distal	.	.	2
chr10:42551537-42551687	distal	.	.	4
chr10:42578690-42578840	distal	.	.	2
chr10:42782364-42783109	proximal	BMS1	.	4
chr10:42866795-42866998	distal	.	.	6
chr10:42961725-42962062	distal	.	.	4
chr10:43105573-43105817	distal	.	.	4
chr10:43436259-43436903	proximal	ZNF487	.	2
chr10:43436983-43437367	proximal	ZNF487	.	2
chr10:43455538-43455993	distal	.	.	2
chr10:44233705-44233859	distal	.	.	2
chr10:44974970-44975172	distal	.	.	2
chr10:455722-455969	distal	.	.	4
chr10:45594450-45595026	proximal	MARCHF8	.	4
chr10:45971802-45972806	proximal	ENSG00000290921,TIMM23	.	8
chr10:45991565-45991723	distal	.	.	4
chr10:46030274-46030792	proximal	NCOA4	.	4
chr10:46106444-46107047	distal	.	.	2
chr10:46309373-46309532	distal	.	.	10
chr10:46414417-46414567	distal	.	.	4
chr10:46598028-46598178	proximal	ENSG00000229227,SYT15-AS1	.	8
chr10:46841151-46841404	distal	.	.	4
chr10:46845048-46845198	distal	.	.	4
chr10:46876989-46877150	distal	.	.	8
chr10:47312182-47312402	distal	.	.	2
chr10:47340623-47340773	distal	.	.	2
chr10:47371638-47371788	distal	.	.	2
chr10:47495875-47496025	proximal	ENSG00000224919	.	4
chr10:47570525-47570724	distal	.	.	4
chr10:47743605-47744154	distal	.	.	2
chr10:48289775-48289941	distal	.	.	2
chr10:48430978-48431128	distal	.	.	2
chr10:49022753-49022903	distal	.	.	4
chr10:49538955-49539292	proximal	ERCC6	.	6
chr10:49761816-49762522	proximal	OGDHL	.	14
chr10:49892803-49892953	distal	.	.	4
chr10:49941804-49942141	proximal	TIMM23B,TIMM23B-AGAP6	.	8
chr10:49978704-49979001	distal	.	.	8
chr10:49988445-49988735	proximal	ENSG00000285803	.	4
chr10:50067557-50068030	proximal	FAM21EP,WASHC2A	.	8
chr10:50397383-50397586	distal	.	.	4
chr10:50464311-50464477	distal	.	.	4
chr10:50624177-50625021	proximal	SGMS1	.	4
chr10:53090911-53091072	distal	.	.	2
chr10:53141774-53141924	distal	.	.	2
chr10:548415-548565	distal	.	.	2
chr10:5548876-5549148	distal	.	.	2
chr10:55516239-55516389	distal	.	.	2
chr10:55548136-55548286	distal	.	.	2
chr10:55601837-55602350	distal	.	.	8
chr10:56360938-56361539	proximal	ENSG00000287016,ZWINT	.	8
chr10:5684308-5684941	proximal	TASOR2	.	4
chr10:5692708-5693283	distal	.	.	2
chr10:5812857-5813047	distal	.	.	12
chr10:5813345-5813981	proximal	ENSG00000272764	.	8
chr10:5853549-5853929	distal	.	.	6
chr10:5889585-5890292	proximal	ANKRD16,FBH1	.	12
chr10:60518026-60518186	distal	.	.	8
chr10:6077808-6077972	distal	.	.	2
chr10:6088662-6089141	proximal	RBM17	.	4
chr10:61001031-61001312	proximal	LINC00845,RHOBTB1	.	8
chr10:61001374-61001696	proximal	LINC00845,RHOBTB1	.	8
chr10:6103093-6103293	distal	.	.	2
chr10:6163388-6163928	distal	.	.	4
chr10:6163992-6164345	distal	.	.	2
chr10:61854699-61854849	distal	.	.	4
chr10:61903747-61903942	distal	.	.	8
chr10:6194908-6195058	distal	.	.	2
chr10:6201562-6202021	proximal	ENSG00000213994	.	4
chr10:6202637-6203006	proximal	ENSG00000213994	.	4
chr10:62268537-62268981	proximal	RTKN2	.	4
chr10:624636-624799	distal	.	.	2
chr10:63065922-63066267	distal	.	.	8
chr10:63268822-63269411	distal	.	.	2
chr10:63521102-63522208	proximal	JMJD1C,REEP3	.	24
chr10:63544743-63544893	distal	.	.	2
chr10:63605735-63605895	distal	.	.	8
chr10:63654315-63654465	distal	.	.	8
chr10:6401610-6402078	distal	.	.	2
chr10:6408753-6408903	distal	.	.	4
chr10:6579969-6580930	proximal	PRKCQ,PRKCQ-AS1	.	4
chr10:67788485-67788776	distal	.	.	6
chr10:678464-678618	distal	.	.	2
chr10:67849359-67849901	proximal	ENSG00000272892	.	2
chr10:67855644-67855835	distal	.	.	2
chr10:68055886-68056047	distal	.	.	2
chr10:68074566-68075503	proximal	HERC4	.	6
chr10:68097123-68097479	distal	.	.	4
chr10:68166368-68166518	distal	.	.	4
chr10:68231080-68231910	proximal	ATOH7	.	4
chr10:68241647-68241900	proximal	LINC02640	.	2
chr10:68331522-68331756	proximal	HNRNPH3	.	6
chr10:68331823-68332524	proximal	HNRNPH3,PBLD	.	24
chr10:68332633-68332990	proximal	PBLD	.	4
chr10:68416941-68417091	distal	.	.	2
chr10:68471598-68472074	proximal	DNA2	.	4
chr10:68527332-68528097	proximal	SLC25A16	.	4
chr10:68555058-68555327	distal	.	.	8
chr10:68561486-68561663	distal	.	.	10
chr10:68720887-68721545	proximal	CCAR1	.	2
chr10:68759009-68759209	distal	.	.	2
chr10:68826752-68827610	proximal	STOX1	.	4
chr10:68840799-68840957	distal	.	.	2
chr10:68891474-68891643	distal	.	.	4
chr10:68900775-68901762	proximal	DDX50	.	10
chr10:68923972-68924416	distal	.	.	16
chr10:68955779-68955929	proximal	DDX21	.	2
chr10:68988514-68989585	proximal	KIFBP	.	4
chr10:69063364-69063514	distal	.	.	2
chr10:69179635-69180007	proximal	SUPV3L1	.	2
chr10:69180142-69180381	proximal	SUPV3L1	.	4
chr10:69318032-69318527	distal	.	.	6
chr10:69352216-69352402	distal	.	.	4
chr10:69426896-69427438	distal	.	.	6
chr10:69451261-69452030	proximal	TSPAN15	.	4
chr10:69507218-69507531	distal	.	.	2
chr10:69630074-69630317	proximal	FAM241B	.	4
chr10:69699135-69699285	distal	.	.	4
chr10:69743306-69743470	distal	.	.	2
chr10:69762112-69762308	distal	.	.	4
chr10:69958396-69958546	distal	.	.	4
chr10:70116303-70116501	distal	.	.	4
chr10:7012887-7013047	distal	.	.	4
chr10:70132151-70132337	proximal	AIFM2	.	2
chr10:70132741-70133075	proximal	AIFM2	.	2
chr10:70145693-70146092	proximal	TYSND1	.	8
chr10:70146604-70147156	proximal	TYSND1	.	6
chr10:70170437-70170836	proximal	SAR1A	.	4
chr10:70170912-70171081	proximal	SAR1A	.	6
chr10:70215926-70216076	distal	.	.	2
chr10:70382524-70382909	proximal	LRRC20	.	8
chr10:70403973-70404674	proximal	EIF4EBP2	.	2
chr10:70405049-70405199	proximal	EIF4EBP2	.	2
chr10:70469303-70469453	distal	.	.	2
chr10:70478588-70478945	proximal	PALD1	.	4
chr10:70479578-70479767	proximal	PALD1	.	4
chr10:70558908-70559059	distal	.	.	4
chr10:70583282-70583446	distal	.	.	2
chr10:70603691-70603893	distal	.	.	4
chr10:70843418-70843568	distal	.	.	2
chr10:70887865-70888373	proximal	PCBD1	.	6
chr10:70888481-70888734	proximal	PCBD1	.	2
chr10:70925803-70925980	distal	.	.	2
chr10:70992909-70993069	distal	.	.	4
chr10:712090-712240	distal	.	.	2
chr10:71212388-71212735	proximal	UNC5B	.	4
chr10:71236135-71236595	distal	.	.	2
chr10:71319032-71319295	proximal	SLC29A3	.	8
chr10:71376904-71377054	distal	.	.	6
chr10:71377395-71377702	distal	.	.	2
chr10:71384313-71384598	distal	.	.	6
chr10:71443567-71443717	distal	.	.	2
chr10:71592585-71592795	distal	.	.	10
chr10:71609278-71609462	distal	.	.	2
chr10:71630602-71630752	distal	.	.	2
chr10:71765948-71766098	distal	.	.	4
chr10:71812035-71812241	distal	.	.	6
chr10:71871445-71871595	distal	.	.	6
chr10:71880533-71880683	distal	.	.	4
chr10:71888985-71889509	proximal	ENSG00000289592	.	4
chr10:71896906-71897165	distal	.	.	4
chr10:72028183-72028333	distal	.	.	6
chr10:72215903-72216173	proximal	ANAPC16	.	4
chr10:72216297-72216447	proximal	ANAPC16,ASCC1	.	8
chr10:72255152-72255359	distal	.	.	2
chr10:72272870-72273393	proximal	DDIT4,ENSG00000289506	.	16
chr10:72273482-72273997	proximal	DDIT4,ENSG00000289506	.	8
chr10:72297668-72298456	distal	.	.	2
chr10:72332061-72332412	distal	.	.	6
chr10:72337166-72337326	distal	.	.	4
chr10:72340550-72340757	distal	.	.	8
chr10:72679088-72679238	distal	.	.	12
chr10:72691979-72692226	proximal	MCU	.	4
chr10:72711869-72712019	distal	.	.	2
chr10:73022177-73022327	distal	.	.	8
chr10:73110385-73110545	proximal	NUDT13	.	4
chr10:73110953-73111269	proximal	NUDT13	.	8
chr10:7312191-7312369	distal	.	.	2
chr10:73136243-73136411	distal	.	.	4
chr10:73168035-73168710	proximal	ECD,FAM149B1	.	4
chr10:73247148-73247418	proximal	DNAJC9,DNAJC9-AS1,ENSG00000288559	.	12
chr10:73252357-73252907	proximal	DNAJC9-AS1,MRPS16	.	4
chr10:73358385-73358594	proximal	CFAP70	.	12
chr10:73358684-73358881	proximal	CFAP70	.	2
chr10:73413332-73414221	proximal	ANXA7	.	2
chr10:73495523-73496203	proximal	PPP3CB,PPP3CB-AS1	.	32
chr10:73597301-73597451	distal	.	.	2
chr10:73601767-73601981	distal	.	.	4
chr10:73625227-73625594	proximal	ENSG00000268584,USP54	.	28
chr10:73625750-73626228	proximal	ENSG00000268584,USP54	.	16
chr10:73635776-73636090	distal	.	.	2
chr10:73664162-73664366	proximal	SYNPO2L	.	4
chr10:7370000-7370409	distal	.	.	2
chr10:73729842-73730819	proximal	BMS1P4,BMS1P4-AGAP5,ENSG00000290737,GLUD1P3	.	32
chr10:73781916-73782361	proximal	CHCHD1,ENSG00000288823	.	8
chr10:73810979-73812120	proximal	ENSG00000272916,NDST2	.	8
chr10:73831125-73831275	distal	.	.	2
chr10:73848939-73849267	distal	.	.	2
chr10:73940707-73940925	distal	.	.	10
chr10:73966079-73966487	distal	.	.	14
chr10:73966644-73966817	distal	.	.	12
chr10:73997499-73998483	distal	.	.	2
chr10:74073378-74073550	distal	.	.	8
chr10:74095725-74095892	distal	.	.	2
chr10:74176315-74176987	distal	.	.	6
chr10:74266349-74266672	distal	.	.	2
chr10:74302324-74302474	distal	.	.	8
chr10:7433466-7433659	distal	.	.	2
chr10:74418317-74418557	distal	.	.	8
chr10:74543080-74543265	distal	.	.	2
chr10:74585438-74585597	distal	.	.	2
chr10:74753382-74753532	distal	.	.	12
chr10:74806115-74806298	distal	.	.	2
chr10:74825662-74827084	distal	.	.	2
chr10:74956013-74956163	distal	.	.	2
chr10:75099811-75100209	proximal	SAMD8	.	8
chr10:75111139-75111822	distal	.	.	8
chr10:75111920-75112356	distal	.	.	4
chr10:75163462-75163650	distal	.	.	2
chr10:75210031-75211122	proximal	VDAC2	.	2
chr10:75358584-75359179	distal	.	.	4
chr10:75379287-75379595	distal	.	.	2
chr10:75401891-75402041	proximal	ENSG00000270087,ZNF503,ZNF503-AS2	.	12
chr10:7541809-7542034	distal	.	.	2
chr10:75461786-75461949	distal	.	.	6
chr10:75493378-75493528	distal	.	.	4
chr10:75509069-75509269	distal	.	.	8
chr10:75592117-75592356	proximal	ENSG00000286715	.	8
chr10:75592870-75593106	proximal	ENSG00000286715	.	2
chr10:75613636-75614127	distal	.	.	4
chr10:75675967-75676117	distal	.	.	2
chr10:7570202-7570381	distal	.	.	2
chr10:75973003-75973209	distal	.	.	4
chr10:76103301-76103493	distal	.	.	4
chr10:76251928-76252538	distal	.	.	4
chr10:76401913-76402188	distal	.	.	2
chr10:7666987-7667316	proximal	ITIH5	.	4
chr10:7687363-7687569	distal	.	.	2
chr10:77136837-77137056	distal	.	.	2
chr10:77165860-77166110	distal	.	.	2
chr10:77525741-77525911	distal	.	.	2
chr10:78468993-78469143	distal	.	.	2
chr10:78552341-78552491	proximal	ENSG00000282952	.	8
chr10:78852985-78853142	distal	.	.	6
chr10:78973510-78974137	distal	.	.	4
chr10:78974774-78974991	distal	.	.	2
chr10:79242740-79242923	distal	.	.	8
chr10:79347293-79347597	proximal	PPIF	.	4
chr10:79374654-79374912	distal	.	.	6
chr10:79467463-79467677	distal	.	.	2
chr10:79487648-79487939	distal	.	.	2
chr10:79490559-79490768	distal	.	.	6
chr10:79549588-79549759	distal	.	.	2
chr10:79628153-79628338	distal	.	.	2
chr10:79700469-79700619	distal	.	.	2
chr10:79779441-79779591	distal	.	.	2
chr10:79826121-79826911	proximal	ENSG00000272447,NUTM2B-AS1,NUTM2E	.	6
chr10:79904699-79905221	proximal	ENSG00000283913	.	8
chr10:79929221-79929389	distal	.	.	2
chr10:80029318-80029616	distal	.	.	2
chr10:80047894-80048091	distal	.	.	2
chr10:80177190-80177383	distal	.	.	2
chr10:80207562-80207775	proximal	LINC00857	.	2
chr10:80408414-80408640	proximal	PRXL2A	.	6
chr10:80453957-80454467	proximal	TSPAN14	.	2
chr10:80662754-80662949	distal	.	.	2
chr10:80700030-80700180	distal	.	.	2
chr10:819962-820192	distal	.	.	4
chr10:85225417-85225567	distal	.	.	2
chr10:85603545-85603808	distal	.	.	2
chr10:85939628-85939778	distal	.	.	2
chr10:86079497-86079662	distal	.	.	2
chr10:86086671-86086821	distal	.	.	2
chr10:86128613-86128807	distal	.	.	10
chr10:86199417-86199567	distal	.	.	2
chr10:86366489-86366639	proximal	GRID1	.	4
chr10:86366750-86366961	proximal	GRID1	.	4
chr10:86387556-86387782	distal	.	.	12
chr10:86423837-86423987	distal	.	.	2
chr10:86521514-86522201	proximal	WAPL,WAPL-DT	.	8
chr10:86711211-86711738	distal	.	.	6
chr10:86755958-86756766	proximal	BMPR1A,ENSG00000272631	.	8
chr10:86769466-86769645	distal	.	.	2
chr10:86823610-86823884	distal	.	.	4
chr10:86854503-86854653	distal	.	.	2
chr10:86865873-86866023	distal	.	.	4
chr10:86939345-86939767	distal	.	.	6
chr10:86954392-86954633	distal	.	.	2
chr10:86966625-86966798	distal	.	.	6
chr10:87073279-87073429	distal	.	.	4
chr10:87085143-87085293	distal	.	.	8
chr10:87094589-87095871	proximal	GLUD1	.	6
chr10:87203286-87203456	proximal	ENSG00000287077	.	2
chr10:87203532-87204075	proximal	ENSG00000287077	.	8
chr10:87204268-87204459	proximal	ENSG00000287077	.	6
chr10:87504653-87504995	proximal	ENSG00000286445,MINPP1	.	20
chr10:87808831-87808981	distal	.	.	12
chr10:87817787-87818444	proximal	CFL1P1	.	4
chr10:87862302-87862917	proximal	ENSG00000289051,KLLN,PTEN	.	12
chr10:87863112-87863771	proximal	ENSG00000289051,KLLN,PTEN	.	30
chr10:88114439-88114669	distal	.	.	16
chr10:88528531-88528902	distal	.	.	6
chr10:88536700-88536850	distal	.	.	2
chr10:88880125-88880506	proximal	STAMBPL1	.	4
chr10:91162878-91163358	proximal	PCGF5	.	8
chr10:91287166-91287316	distal	.	.	4
chr10:91564993-91565143	distal	.	.	4
chr10:91635478-91635703	distal	.	.	4
chr10:91796378-91796645	distal	.	.	8
chr10:91798208-91798816	proximal	TNKS2,TNKS2-DT	.	8
chr10:91923366-91923567	proximal	BTAF1	.	4
chr10:92689530-92689918	proximal	HHEX	.	4
chr10:92722995-92723365	distal	.	.	2
chr10:92843161-92843346	distal	.	.	2
chr10:92882424-92882607	distal	.	.	2
chr10:92892459-92892843	distal	.	.	2
chr10:93110129-93110301	distal	.	.	4
chr10:93160513-93160663	distal	.	.	4
chr10:93496056-93496866	proximal	CEP55	.	4
chr10:93861205-93861370	distal	.	.	4
chr10:94103911-94104092	distal	.	.	4
chr10:94402195-94402953	proximal	TBC1D12	.	12
chr10:94634847-94635160	distal	.	.	4
chr10:95422508-95422658	distal	.	.	4
chr10:95561246-95561643	proximal	SORBS1	.	6
chr10:95655881-95656236	proximal	ALDH18A1	.	2
chr10:95907451-95907729	proximal	CC2D2B	.	4
chr10:96043133-96043831	proximal	CCNJ	.	2
chr10:96043899-96044340	proximal	CCNJ	.	2
chr10:96062084-96062234	distal	.	.	4
chr10:96089605-96090441	proximal	ENTPD1-AS1	.	8
chr10:96129647-96130501	proximal	ENSG00000287009,ZNF518A	.	8
chr10:96162107-96162257	distal	.	.	4
chr10:96375375-96375626	distal	.	.	4
chr10:96586341-96586642	proximal	TM9SF3	.	2
chr10:96586796-96587554	proximal	TM9SF3	.	8
chr10:96831941-96832704	proximal	LCOR	.	4
chr10:96832762-96833094	proximal	LCOR	.	4
chr10:96903317-96903494	distal	.	.	8
chr10:97072932-97073121	distal	.	.	4
chr10:97185544-97186107	proximal	SLIT1	.	2
chr10:97196209-97196620	proximal	ENSG00000286683	.	2
chr10:97263358-97263511	distal	.	.	10
chr10:97292230-97292965	proximal	ARHGAP19,ARHGAP19-SLIT1	.	8
chr10:97318880-97319405	proximal	FRAT1	.	8
chr10:97334931-97335169	proximal	ENSG00000225850,FRAT2	.	12
chr10:97383485-97383673	distal	.	.	4
chr10:97400975-97401649	proximal	ENSG00000231970	.	4
chr10:97425882-97426376	proximal	PGAM1,RRP12	.	36
chr10:97445743-97446309	proximal	EXOSC1,ZDHHC16	.	12
chr10:97446396-97446565	proximal	EXOSC1,ZDHHC16	.	8
chr10:97498100-97498974	proximal	MMS19,UBTD1	.	16
chr10:97529640-97529792	distal	.	.	2
chr10:97534829-97535032	distal	.	.	8
chr10:97553594-97553744	distal	.	.	2
chr10:97572289-97572530	proximal	ANKRD2	.	8
chr10:97633099-97633345	proximal	MORN4	.	6
chr10:97633411-97633948	proximal	MORN4	.	4
chr10:97676828-97676978	distal	.	.	8
chr10:97714352-97714754	distal	.	.	8
chr10:97736984-97737651	proximal	ZFYVE27	.	8
chr10:97791354-97791807	distal	.	.	8
chr10:97823302-97823707	distal	.	.	8
chr10:98011415-98011594	distal	.	.	4
chr10:98170537-98170793	distal	.	.	2
chr10:99392797-99392980	distal	.	.	14
chr10:99520953-99521103	distal	.	.	4
chr10:99532771-99532925	proximal	NKX2-3	.	2
chr10:99533098-99533290	proximal	NKX2-3	.	4
chr10:99620240-99621731	proximal	SLC25A28-DT	.	10
chr10:99659269-99659858	proximal	ENSG00000229278,ENTPD7	.	12
chr10:99731986-99732876	proximal	COX15,ENSG00000285932	.	8
chr10:99845866-99846063	distal	.	.	2
chr10:99896175-99896565	distal	.	.	2
chr10:99914048-99914261	distal	.	.	4
chr10:99957013-99957196	distal	.	.	2
chr11:101864924-101865074	distal	.	.	2
chr11:101914814-101915384	proximal	CEP126	.	4
chr11:102111124-102111327	proximal	ENSG00000277459,YAP1	.	8
chr11:102111385-102111717	distal	.	.	4
chr11:102346688-102347531	proximal	BIRC2,ENSG00000288833	.	8
chr11:102374666-102375391	distal	.	.	2
chr11:102495505-102496084	distal	.	.	8
chr11:102898147-102898297	distal	.	.	10
chr11:10304695-10305171	proximal	ADM,SBF2	.	16
chr11:10305489-10305747	proximal	ADM,SBF2	.	8
chr11:103351058-103351279	distal	.	.	2
chr11:10351682-10351992	distal	.	.	2
chr11:10408606-10408777	distal	.	.	8
chr11:10509368-10509659	distal	.	.	2
chr11:10540637-10540803	proximal	IRAG1-AS1,RNF141	.	8
chr11:10540865-10541804	proximal	IRAG1-AS1,RNF141	.	16
chr11:10551262-10551412	distal	.	.	2
chr11:10635526-10635676	distal	.	.	2
chr11:10669402-10670136	distal	.	.	2
chr11:10735651-10736081	distal	.	.	2
chr11:107457720-107458257	proximal	CWF19L2	.	2
chr11:107565236-107565850	proximal	ALKBH8	.	10
chr11:107590969-107591572	proximal	ELMOD1	.	2
chr11:10761417-10761632	distal	.	.	2
chr11:10792451-10792758	distal	.	.	10
chr11:10808214-10808390	proximal	EIF4G2,ENSG00000246308	.	8
chr11:108222595-108223378	proximal	ATM,NPAT	.	4
chr11:108497673-108498535	proximal	POGLUT3	.	2
chr11:10857703-10858338	proximal	ZBED5,ZBED5-AS1	.	16
chr11:10864347-10864542	distal	.	.	2
chr11:108659676-108659866	distal	.	.	4
chr11:108664833-108665247	proximal	DDX10	.	4
chr11:10878541-10878877	distal	.	.	8
chr11:10933833-10934048	distal	.	.	12
chr11:10934126-10934346	distal	.	.	2
chr11:110167659-110167906	distal	.	.	4
chr11:110208767-110209243	distal	.	.	2
chr11:110256106-110256259	distal	.	.	2
chr11:110711823-110712643	proximal	ARHGAP20	.	4
chr11:111540531-111540738	proximal	LAYN	.	4
chr11:11156015-11156276	proximal	ENSG00000289976	.	4
chr11:111574986-111575136	distal	.	.	2
chr11:111735743-111735983	distal	.	.	4
chr11:111766037-111766725	proximal	PPP2R1B	.	4
chr11:111878722-111879578	proximal	C11orf1,ENSG00000258529	.	4
chr11:111926674-111927320	proximal	DIXDC1	.	10
chr11:111937030-111937460	distal	.	.	2
chr11:112024929-112025676	proximal	DLAT	.	8
chr11:112042164-112042314	distal	.	.	4
chr11:112055216-112055609	distal	.	.	4
chr11:112073912-112074444	proximal	NKAPD1,PIH1D2	.	4
chr11:112145440-112145590	distal	.	.	4
chr11:112226227-112226878	proximal	PTS	.	2
chr11:112227034-112227211	proximal	PTS	.	4
chr11:112280624-112280960	distal	.	.	2
chr11:112305472-112305622	distal	.	.	2
chr11:112406275-112406425	distal	.	.	4
chr11:112913005-112913155	distal	.	.	2
chr11:113289644-113289850	distal	.	.	2
chr11:113580626-113580802	distal	.	.	2
chr11:113664686-113665099	distal	.	.	2
chr11:113906197-113906357	distal	.	.	4
chr11:114059323-114059641	proximal	ENSG00000289230,ZBTB16	.	8
chr11:114154994-114155144	distal	.	.	2
chr11:114166158-114166438	distal	.	.	8
chr11:114234240-114234390	distal	.	.	2
chr11:114439270-114439677	proximal	REXO2	.	4
chr11:1150974-1151124	distal	.	.	8
chr11:115207159-115207558	distal	.	.	4
chr11:115504349-115504823	proximal	CADM1	.	4
chr11:116499746-116499896	proximal	LINC02151	.	2
chr11:116760278-116760428	distal	.	.	4
chr11:116835930-116836385	proximal	APOA1-AS	.	6
chr11:116923094-116923244	distal	.	.	2
chr11:116983794-116983944	distal	.	.	4
chr11:117124710-117124860	distal	.	.	4
chr11:117138630-117139165	distal	.	.	6
chr11:117144141-117144597	proximal	PAFAH1B2	.	10
chr11:117145056-117145220	proximal	PAFAH1B2	.	4
chr11:117178642-117178982	proximal	SIDT2	.	4
chr11:117315717-117316123	proximal	BACE1	.	2
chr11:117427261-117427537	distal	.	.	4
chr11:117573852-117574020	distal	.	.	4
chr11:117809359-117809735	distal	.	.	2
chr11:117817805-117817993	proximal	DSCAML1,ENSG00000254844	.	4
chr11:117860926-117861083	distal	.	.	2
chr11:117876644-117876866	proximal	FXYD6,FXYD6-FXYD2	.	12
chr11:117946908-117947380	distal	.	.	4
chr11:117986041-117986478	proximal	IL10RA	.	4
chr11:118037506-118037656	distal	.	.	2
chr11:11811567-11811803	proximal	ENSG00000286959	.	2
chr11:118145304-118145828	distal	.	.	8
chr11:118331938-118332088	distal	.	.	8
chr11:118359470-118359633	proximal	UBE4A	.	4
chr11:11841436-11842133	proximal	USP47	.	4
chr11:11842303-11842758	distal	.	.	2
chr11:118435310-118435552	proximal	ENSG00000255384	.	4
chr11:118435962-118436678	proximal	KMT2A	.	4
chr11:11849395-11849670	distal	.	.	6
chr11:118530993-118531189	proximal	TMEM25,TTC36-AS1	.	8
chr11:118551442-118551615	distal	.	.	4
chr11:118565718-118566452	distal	.	.	8
chr11:118572042-118572734	proximal	ARCN1,IFT46	.	20
chr11:118621232-118621586	distal	.	.	12
chr11:118634790-118635006	distal	.	.	12
chr11:118659479-118659703	distal	.	.	10
chr11:118689824-118690511	distal	.	.	8
chr11:11876394-11876715	distal	.	.	2
chr11:118792820-118793036	distal	.	.	2
chr11:118810395-118810563	distal	.	.	2
chr11:118829564-118829759	distal	.	.	4
chr11:118897112-118897347	distal	.	.	4
chr11:118911952-118912298	distal	.	.	4
chr11:118918168-118918346	distal	.	.	2
chr11:118929261-118929724	distal	.	.	10
chr11:118997372-118997736	proximal	CENATAC,CENATAC-DT	.	20
chr11:118997941-118998209	proximal	CENATAC,CENATAC-DT	.	12
chr11:118998274-118998837	proximal	CENATAC,CENATAC-DT	.	12
chr11:119030244-119030549	proximal	SLC37A4	.	4
chr11:119030640-119031194	proximal	SLC37A4	.	8
chr11:119056881-119057527	proximal	HYOU1	.	4
chr11:119067575-119067925	proximal	VPS11,VPS11-DT	.	8
chr11:119084784-119085468	proximal	HMBS	.	14
chr11:119095335-119095843	proximal	H2AX	.	10
chr11:119101733-119102404	proximal	C2CD2L,ENSG00000289124	.	12
chr11:119102486-119102636	proximal	C2CD2L	.	8
chr11:119107222-119107417	distal	.	.	6
chr11:119121224-119121924	proximal	HINFP	.	18
chr11:119148048-119148479	proximal	ABCG4	.	8
chr11:119148986-119149333	proximal	ABCG4	.	6
chr11:119168665-119169376	distal	.	.	4
chr11:119181882-119182083	distal	.	.	4
chr11:119196982-119197160	proximal	CCDC153	.	4
chr11:119205783-119206491	proximal	CBL	.	8
chr11:119249688-119249838	distal	.	.	2
chr11:119272729-119272915	distal	.	.	2
chr11:119334186-119334608	proximal	RNF26	.	4
chr11:119374258-119374419	distal	.	.	2
chr11:119436777-119436927	distal	.	.	8
chr11:119533987-119534332	distal	.	.	8
chr11:119560435-119560663	distal	.	.	2
chr11:119615931-119616089	distal	.	.	2
chr11:119666532-119666693	distal	.	.	10
chr11:119729356-119729612	proximal	NECTIN1,NECTIN1-DT	.	4
chr11:119741379-119741580	distal	.	.	10
chr11:119888109-119888458	distal	.	.	4
chr11:120197320-120197844	distal	.	.	6
chr11:120210848-120210998	proximal	OAF	.	2
chr11:120300083-120300249	distal	.	.	4
chr11:120324836-120325380	proximal	TLCD5	.	10
chr11:120325486-120325745	proximal	TLCD5	.	4
chr11:120336061-120336877	proximal	ARHGEF12	.	4
chr11:120356895-120357045	distal	.	.	2
chr11:120410271-120410421	distal	.	.	2
chr11:120494689-120494846	distal	.	.	2
chr11:120501744-120501903	distal	.	.	2
chr11:120660144-120660353	distal	.	.	6
chr11:12066719-12067037	proximal	ENSG00000254991	.	6
chr11:120758964-120759125	distal	.	.	4
chr11:120847786-120847982	distal	.	.	4
chr11:12110367-12110906	distal	.	.	6
chr11:121292513-121292977	proximal	SC5D	.	4
chr11:12167406-12167556	distal	.	.	2
chr11:122592487-122592637	distal	.	.	2
chr11:122655595-122655827	proximal	UBASH3B	.	2
chr11:122656426-122657068	distal	.	.	2
chr11:122692482-122692707	distal	.	.	2
chr11:122814579-122814729	distal	.	.	2
chr11:123016788-123016938	distal	.	.	4
chr11:123188548-123188781	proximal	ENSG00000254710	.	2
chr11:123213194-123213578	distal	.	.	4
chr11:123261326-123261748	distal	.	.	4
chr11:123357556-123358041	proximal	GRAMD1B	.	4
chr11:123358194-123358591	proximal	GRAMD1B	.	12
chr11:123430897-123431341	distal	.	.	6
chr11:123555072-123555233	distal	.	.	4
chr11:123641019-123641244	distal	.	.	4
chr11:123653991-123654759	proximal	SCN3B	.	4
chr11:123730751-123730901	distal	.	.	2
chr11:124739502-124740402	proximal	NRGN	.	14
chr11:124762280-124762444	proximal	ESAM	.	4
chr11:124763175-124763509	distal	.	.	4
chr11:124799756-124800769	proximal	MSANTD2,MSANTD2-AS1	.	8
chr11:124866355-124866528	distal	.	.	4
chr11:124953802-124954440	proximal	CCDC15,CCDC15-DT	.	4
chr11:12496434-12496584	distal	.	.	2
chr11:125062605-125063451	proximal	SLC37A2	.	6
chr11:125095139-125095289	distal	.	.	2
chr11:125111438-125112079	proximal	ENSG00000289631,TMEM218	.	20
chr11:125164524-125164963	proximal	PKNOX2,PKNOX2-DT	.	4
chr11:125404583-125405090	distal	.	.	4
chr11:125569238-125569827	proximal	EI24	.	12
chr11:125580116-125580266	distal	.	.	2
chr11:125618469-125618689	distal	.	.	8
chr11:125864093-125864243	distal	.	.	2
chr11:12587793-12587969	distal	.	.	16
chr11:125887498-125887740	distal	.	.	8
chr11:125932820-125933152	distal	.	.	8
chr11:125947347-125947512	distal	.	.	4
chr11:126062389-126063606	proximal	CDON	.	4
chr11:126115779-126116245	distal	.	.	4
chr11:126146792-126147306	distal	.	.	10
chr11:126159795-126160171	proximal	ENSG00000254833	.	8
chr11:126210953-126211453	proximal	FAM118B,RPUSD4	.	16
chr11:126268603-126269415	proximal	FOXRED1,SRPRA	.	8
chr11:126282805-126283107	proximal	TIRAP	.	4
chr11:126283447-126283673	distal	.	.	2
chr11:126303451-126304129	proximal	DCPS,TIRAP-AS1	.	8
chr11:126304214-126304475	proximal	DCPS,TIRAP-AS1	.	8
chr11:126355223-126355719	proximal	GSEC,ST3GAL4	.	4
chr11:126480639-126480986	distal	.	.	10
chr11:126536100-126536373	distal	.	.	4
chr11:12673991-12674539	proximal	TEAD1	.	4
chr11:12746606-12747080	distal	.	.	2
chr11:12800008-12800320	distal	.	.	4
chr11:128522174-128522763	distal	.	.	2
chr11:12894155-12894350	distal	.	.	2
chr11:129211490-129211760	distal	.	.	2
chr11:129279252-129279821	proximal	ARHGAP32	.	2
chr11:129344609-129344759	distal	.	.	4
chr11:129364083-129364658	distal	.	.	2
chr11:129583051-129583201	distal	.	.	4
chr11:129641683-129641833	distal	.	.	2
chr11:129695618-129695835	distal	.	.	2
chr11:129729058-129729208	distal	.	.	4
chr11:129895249-129896037	proximal	NFRKB	.	6
chr11:130002146-130003413	proximal	PRDM10,PRDM10-DT	.	8
chr11:130069238-130070026	distal	.	.	4
chr11:130213223-130213500	distal	.	.	2
chr11:130384453-130384603	distal	.	.	4
chr11:130434808-130435241	distal	.	.	8
chr11:130448339-130448834	proximal	ADAMTS15	.	4
chr11:130861797-130862245	distal	.	.	4
chr11:1309574-1310072	proximal	TOLLIP,TOLLIP-DT	.	8
chr11:13224053-13224263	distal	.	.	8
chr11:13277060-13277895	proximal	BMAL1,ENSG00000290083	.	8
chr11:134247515-134247665	distal	.	.	2
chr11:134331544-134332097	proximal	GLB1L2	.	4
chr11:134360301-134360578	distal	.	.	2
chr11:134558445-134558595	distal	.	.	4
chr11:13462714-13463506	proximal	BTBD10,ENSG00000287548	.	8
chr11:13668137-13668844	proximal	FAR1,FAR1-IT1	.	8
chr11:13668959-13669468	proximal	FAR1,FAR1-IT1	.	8
chr11:13883390-13883540	distal	.	.	4
chr11:1389150-1390021	proximal	BRSK2	.	4
chr11:14359136-14359315	distal	.	.	8
chr11:14486316-14486469	distal	.	.	2
chr11:14499678-14500149	proximal	COPB1	.	4
chr11:14643549-14644373	proximal	PDE3B,PSMA1	.	8
chr11:14764050-14764200	distal	.	.	2
chr11:14886012-14886177	distal	.	.	2
chr11:15073789-15073952	distal	.	.	2
chr11:15202875-15203025	distal	.	.	8
chr11:15208698-15208923	distal	.	.	2
chr11:15258567-15258717	distal	.	.	2
chr11:15370735-15371130	distal	.	.	2
chr11:15371668-15371871	distal	.	.	2
chr11:16738350-16738954	proximal	SOX6	.	8
chr11:17036714-17036869	distal	.	.	2
chr11:17207601-17207804	proximal	NUCB2,PIK3C2A	.	4
chr11:17257027-17257282	distal	.	.	8
chr11:17276840-17277009	distal	.	.	8
chr11:17352152-17352390	proximal	ENSG00000285545,NCR3LG1	.	20
chr11:17388855-17389008	proximal	KCNJ11	.	2
chr11:17546987-17547346	proximal	OTOG	.	4
chr11:17734489-17734803	proximal	KCNC1	.	4
chr11:17882680-17882830	distal	.	.	8
chr11:17984647-17984797	distal	.	.	2
chr11:18001927-18002077	distal	.	.	2
chr11:18012284-18013381	proximal	SERGEF	.	2
chr11:18275012-18275184	distal	.	.	8
chr11:18321896-18322835	proximal	GTF2H1,HPS5	.	8
chr11:18394239-18394646	proximal	LDHA	.	8
chr11:18395863-18396569	distal	.	.	4
chr11:18412209-18412359	proximal	LDHC	.	4
chr11:18527160-18527333	proximal	ENSG00000289499,TSG101	.	8
chr11:18588306-18588585	proximal	SPTY2D1OS,UEVLD	.	12
chr11:18588648-18589276	proximal	SPTY2D1OS,UEVLD	.	20
chr11:18634138-18634639	proximal	SPTY2D1	.	6
chr11:18634751-18635063	proximal	SPTY2D1	.	2
chr11:18698566-18698793	distal	.	.	10
chr11:1875272-1875490	distal	.	.	8
chr11:1882538-1882721	distal	.	.	4
chr11:18853455-18853605	distal	.	.	6
chr11:1888605-1888755	distal	.	.	4
chr11:19089226-19089376	distal	.	.	2
chr11:19116924-19117681	proximal	ZDHHC13	.	4
chr11:19156677-19156827	distal	.	.	8
chr11:19218237-19218387	distal	.	.	2
chr11:19259827-19260005	distal	.	.	2
chr11:19449301-19449501	distal	.	.	8
chr11:19489214-19489481	distal	.	.	2
chr11:19557401-19557881	distal	.	.	6
chr11:19740917-19741108	distal	.	.	2
chr11:20438500-20438650	distal	.	.	2
chr11:207075-207254	proximal	BET1L,RIC8A	.	8
chr11:207353-208004	proximal	BET1L,RIC8A	.	20
chr11:208777-208974	distal	.	.	8
chr11:2152033-2152192	distal	.	.	2
chr11:2156453-2156686	distal	.	.	2
chr11:2161731-2161921	proximal	INS,INS-IGF2	.	8
chr11:2377126-2377361	proximal	CD81-AS1	.	4
chr11:250840-251004	distal	.	.	6
chr11:2532687-2532996	distal	.	.	2
chr11:2566888-2567038	distal	.	.	2
chr11:27135776-27136375	distal	.	.	2
chr11:27209669-27209899	distal	.	.	6
chr11:27234169-27234506	distal	.	.	2
chr11:27362776-27363514	proximal	CCDC34	.	4
chr11:27389083-27389242	distal	.	.	8
chr11:27463682-27463834	distal	.	.	4
chr11:27471979-27472305	proximal	LGR4,LGR4-AS1	.	8
chr11:27472546-27473084	proximal	LGR4	.	8
chr11:27486046-27486196	distal	.	.	2
chr11:27699006-27699278	distal	.	.	4
chr11:288882-289150	proximal	PGGHG	.	8
chr11:2902019-2902401	distal	.	.	8
chr11:3057757-3057999	proximal	CARS1,ENSG00000285644	.	8
chr11:31030709-31030859	distal	.	.	4
chr11:31509446-31510201	proximal	ELP4,IMMP1L	.	12
chr11:31811100-31811528	proximal	PAUPAR	.	8
chr11:318936-319229	proximal	ENSG00000251661	.	4
chr11:32013863-32014013	distal	.	.	4
chr11:3217144-3217511	distal	.	.	6
chr11:32358775-32359118	distal	.	.	4
chr11:32435578-32435869	proximal	WT1,WT1-AS	.	8
chr11:32583503-32583956	proximal	EIF3M	.	2
chr11:32829688-32830165	proximal	PRRG4	.	4
chr11:32833797-32834016	distal	.	.	4
chr11:32892524-32892879	proximal	QSER1	.	2
chr11:32892947-32893172	proximal	QSER1	.	4
chr11:32893340-32893949	proximal	QSER1	.	12
chr11:33065695-33065906	distal	.	.	8
chr11:33178492-33178642	distal	.	.	6
chr11:33197942-33198092	distal	.	.	4
chr11:33257099-33258042	proximal	HIPK3	.	4
chr11:33375830-33376105	proximal	KIAA1549L	.	8
chr11:33543102-33543252	distal	.	.	4
chr11:33650117-33650267	distal	.	.	4
chr11:33655776-33655926	distal	.	.	2
chr11:33719629-33719779	distal	.	.	2
chr11:33736202-33736629	proximal	CD59	.	4
chr11:33774455-33774802	proximal	FBXO3,FBXO3-DT	.	8
chr11:3378941-3379450	proximal	ZNF195	.	4
chr11:33793026-33793259	distal	.	.	4
chr11:33802675-33802924	distal	.	.	2
chr11:33808310-33808510	distal	.	.	6
chr11:33887955-33888160	distal	.	.	4
chr11:33988123-33988288	distal	.	.	12
chr11:34006931-34007151	distal	.	.	14
chr11:3408653-3409049	distal	.	.	2
chr11:34118460-34118610	distal	.	.	4
chr11:34357839-34358278	proximal	ABTB2	.	8
chr11:34358379-34358678	proximal	ABTB2	.	4
chr11:34399611-34399761	distal	.	.	4
chr11:34438551-34439446	proximal	CAT	.	4
chr11:34445576-34445726	distal	.	.	2
chr11:34539028-34539178	distal	.	.	2
chr11:34601131-34601307	distal	.	.	10
chr11:34899128-34899280	distal	.	.	2
chr11:34915872-34916745	proximal	APIP,PDHX	.	20
chr11:3580804-3581074	proximal	ENSG00000255367	.	2
chr11:36022967-36023117	distal	.	.	2
chr11:36104705-36104865	distal	.	.	6
chr11:36376400-36377107	distal	.	.	8
chr11:3641871-3642446	proximal	ART5	.	2
chr11:36509822-36510565	proximal	RAG1,TRAF6	.	8
chr11:36594261-36594865	proximal	IFTAP	.	4
chr11:3808435-3808730	distal	.	.	12
chr11:3824750-3824988	distal	.	.	22
chr11:3854930-3855194	proximal	ENSG00000229368,STIM1,STIM1-AS1	.	36
chr11:3855323-3855766	proximal	ENSG00000229368,STIM1-AS1	.	20
chr11:4250629-4250863	distal	.	.	2
chr11:43579617-43579832	proximal	ENSG00000283341	.	2
chr11:43709825-43709975	distal	.	.	2
chr11:43833463-43833613	distal	.	.	4
chr11:44095543-44096004	proximal	EXT2	.	6
chr11:44315311-44315491	distal	.	.	2
chr11:44978081-44978235	distal	.	.	2
chr11:450080-450368	distal	.	.	10
chr11:45233639-45233789	distal	.	.	2
chr11:45251518-45251668	distal	.	.	6
chr11:45331559-45331709	distal	.	.	4
chr11:45332555-45332715	distal	.	.	2
chr11:45371313-45371464	proximal	LINC02687	.	6
chr11:45624437-45624587	distal	.	.	10
chr11:45655281-45655532	distal	.	.	4
chr11:45694386-45694560	distal	.	.	2
chr11:45714671-45714932	distal	.	.	2
chr11:45771122-45771449	proximal	LINC02716	.	4
chr11:45804051-45804201	proximal	SLC35C1	.	4
chr11:45804585-45805185	proximal	SLC35C1	.	10
chr11:45847631-45848137	proximal	CRY2	.	8
chr11:45885416-45885704	proximal	MAPK8IP1	.	4
chr11:45899702-45900206	distal	.	.	2
chr11:45983058-45983485	distal	.	.	6
chr11:46121110-46122102	proximal	PHF21A	.	2
chr11:46239158-46239436	proximal	ENSG00000254639	.	4
chr11:46347197-46347540	distal	.	.	4
chr11:46369570-46369720	distal	.	.	4
chr11:46389525-46389679	distal	.	.	14
chr11:46415101-46415251	distal	.	.	8
chr11:46456448-46456739	distal	.	.	16
chr11:46502908-46503073	distal	.	.	12
chr11:46593430-46593855	proximal	AMBRA1	.	6
chr11:46593970-46594212	proximal	AMBRA1	.	14
chr11:46617081-46617384	proximal	ATG13,HARBI1	.	8
chr11:46617450-46617632	proximal	ATG13,HARBI1	.	8
chr11:46700279-46700921	proximal	ARHGAP1,ZNF408	.	16
chr11:46701219-46701453	proximal	ARHGAP1,ZNF408	.	8
chr11:46732394-46732545	distal	.	.	2
chr11:46846026-46846438	proximal	CKAP5,LRP4-AS1	.	12
chr11:468627-469202	distal	.	.	10
chr11:46918500-46918690	proximal	LRP4	.	6
chr11:46936573-46936855	proximal	CSTPP1	.	6
chr11:46948283-46948585	distal	.	.	2
chr11:47118648-47119504	distal	.	.	4
chr11:47153211-47153361	distal	.	.	4
chr11:47154389-47154564	distal	.	.	14
chr11:47186456-47186611	proximal	PACSIN3	.	6
chr11:47214289-47214533	proximal	DDB2	.	4
chr11:47214791-47215260	proximal	DDB2	.	10
chr11:47227230-47227459	distal	.	.	4
chr11:47248754-47249017	proximal	ACP2,NR1H3	.	16
chr11:47269003-47269406	proximal	MADD	.	2
chr11:47269572-47270184	proximal	MADD	.	6
chr11:47305737-47305887	distal	.	.	10
chr11:47355027-47355733	distal	.	.	2
chr11:47374005-47374195	distal	.	.	2
chr11:47408050-47408617	distal	.	.	2
chr11:47426137-47426310	proximal	PSMC3	.	2
chr11:47426394-47427281	proximal	PSMC3	.	18
chr11:47499741-47500076	distal	.	.	12
chr11:47524550-47524700	distal	.	.	2
chr11:47552815-47552998	distal	.	.	2
chr11:47565486-47565998	proximal	CELF1,NDUFS3,PTPMT1	.	18
chr11:47566182-47566332	proximal	CELF1,NDUFS3,PTPMT1	.	24
chr11:47594013-47594167	proximal	C1QTNF4	.	4
chr11:47767171-47767821	proximal	FNBP4	.	2
chr11:47821355-47821505	distal	.	.	4
chr11:47824960-47825110	distal	.	.	4
chr11:47834996-47835146	distal	.	.	4
chr11:47847839-47848678	proximal	NUP160	.	6
chr11:47881544-47881750	distal	.	.	4
chr11:47934540-47934699	distal	.	.	2
chr11:4901276-4901426	distal	.	.	2
chr11:53307644-53307882	distal	.	.	2
chr11:5380808-5380988	distal	.	.	2
chr11:53808761-53808911	distal	.	.	2
chr11:57294577-57294727	distal	.	.	8
chr11:57311381-57311624	distal	.	.	12
chr11:57324890-57325332	proximal	ENSG00000254662,TNKS1BP1	.	12
chr11:57349910-57350082	distal	.	.	2
chr11:57350539-57350778	distal	.	.	12
chr11:57499611-57500012	distal	.	.	6
chr11:57598096-57598289	proximal	SERPING1	.	4
chr11:57612379-57612557	distal	.	.	2
chr11:57644831-57645034	distal	.	.	2
chr11:57667052-57667565	proximal	ZDHHC5	.	2
chr11:57711839-57712729	proximal	ENSG00000288534,MED19,TMX2	.	36
chr11:57741125-57741694	proximal	ENSG00000254732,SELENOH	.	8
chr11:58203328-58203486	proximal	OR1S2	.	2
chr11:585319-585696	distal	.	.	16
chr11:58578198-58578554	proximal	LPXN,ZFP91,ZFP91-CNTF	.	12
chr11:58579608-58579847	proximal	ZFP91,ZFP91-CNTF	.	12
chr11:59560323-59560485	distal	.	.	8
chr11:59566148-59566483	proximal	ENSG00000255139,LINC02739	.	8
chr11:59668508-59669370	proximal	PATL1,PATL1-DT	.	4
chr11:59754866-59755070	proximal	ENSG00000254477	.	4
chr11:60769581-60769889	distal	.	.	2
chr11:60775439-60775741	distal	.	.	16
chr11:60844163-60844471	distal	.	.	2
chr11:60906330-60906843	proximal	PRPF19,PRPF19-DT	.	20
chr11:60970413-60970577	distal	.	.	2
chr11:61129704-61130404	distal	.	.	14
chr11:61149918-61150068	distal	.	.	18
chr11:61161688-61161930	proximal	VPS37C	.	2
chr11:61254500-61254717	distal	.	.	12
chr11:61274665-61274815	distal	.	.	2
chr11:61290070-61290220	distal	.	.	10
chr11:61333031-61333569	proximal	TKFC	.	6
chr11:61361812-61362417	proximal	CYB561A3,TMEM138	.	64
chr11:61392335-61392908	proximal	TMEM216	.	12
chr11:61418929-61419079	distal	.	.	2
chr11:61429336-61430167	proximal	CPSF7,ENSG00000256591,SDHAF2	.	36
chr11:61567218-61567805	distal	.	.	8
chr11:61581022-61581725	proximal	SYT7	.	12
chr11:61638522-61638723	distal	.	.	4
chr11:61680239-61680389	proximal	DAGLA	.	8
chr11:61701205-61701608	distal	.	.	14
chr11:61715968-61716118	distal	.	.	6
chr11:61718539-61718925	distal	.	.	12
chr11:6173786-6173936	distal	.	.	8
chr11:61776612-61776824	distal	.	.	12
chr11:61792275-61793182	proximal	FADS2,FEN1,TMEM258	.	18
chr11:61816764-61817171	distal	.	.	2
chr11:61827454-61828472	distal	.	.	4
chr11:61871177-61871469	distal	.	.	12
chr11:61897726-61897905	distal	.	.	4
chr11:61899155-61899628	distal	.	.	10
chr11:61917464-61917647	distal	.	.	4
chr11:61949491-61949670	proximal	BEST1	.	4
chr11:61967472-61967852	proximal	FTH1	.	10
chr11:61968398-61968569	proximal	FTH1	.	12
chr11:62082106-62082344	proximal	LINC02733	.	8
chr11:62123672-62124463	proximal	ENSG00000285656,INCENP	.	44
chr11:62171293-62171747	distal	.	.	18
chr11:62245262-62245504	distal	.	.	2
chr11:62316506-62316766	distal	.	.	16
chr11:62337590-62338028	proximal	ASRGL1,ENSG00000255118	.	16
chr11:62361342-62361733	distal	.	.	8
chr11:62367388-62367538	distal	.	.	12
chr11:62380674-62381060	distal	.	.	16
chr11:62389275-62389594	distal	.	.	6
chr11:62407679-62407872	distal	.	.	6
chr11:62424819-62425041	distal	.	.	8
chr11:62545654-62546181	proximal	ENSG00000257058	.	14
chr11:62573779-62574504	proximal	EEF1G,ENSG00000289562	.	8
chr11:62591438-62591901	proximal	ENSG00000255508,TUT1	.	24
chr11:62592074-62592300	proximal	ENSG00000255508,TUT1	.	24
chr11:62593653-62593821	distal	.	.	14
chr11:62599227-62599456	distal	.	.	2
chr11:62601552-62602137	proximal	MTA2	.	4
chr11:62612771-62613093	proximal	EML3	.	4
chr11:62621633-62622368	proximal	B3GAT3	.	6
chr11:62634148-62634359	distal	.	.	16
chr11:62646041-62646854	proximal	GANAB	.	8
chr11:62652843-62653618	proximal	INTS5	.	8
chr11:62664735-62664998	proximal	C11orf98,CSKMT,ENSG00000255432	.	24
chr11:62665090-62665603	proximal	C11orf98,CSKMT,ENSG00000255432	.	12
chr11:62665754-62666014	proximal	C11orf98,CSKMT,ENSG00000255432	.	24
chr11:62671484-62671985	proximal	LBHD1	.	10
chr11:62672115-62672426	proximal	LBHD1	.	8
chr11:62678659-62678825	proximal	UBXN1	.	4
chr11:62681360-62681510	distal	.	.	8
chr11:62705849-62706487	distal	.	.	20
chr11:62761079-62762031	proximal	POLR2G	.	4
chr11:62771209-62771724	proximal	ENSG00000267811,TAF6L	.	12
chr11:62786593-62786799	proximal	ENSG00000269176,TMEM179B	.	24
chr11:62787209-62787593	proximal	ENSG00000269176,TMEM179B	.	16
chr11:62805252-62805857	proximal	NXF1	.	8
chr11:62831197-62831393	proximal	STX5,STX5-DT	.	24
chr11:62831559-62832441	proximal	STX5,STX5-DT,TEX54	.	24
chr11:62842317-62842578	proximal	WDR74	.	2
chr11:62850611-62850761	distal	.	.	28
chr11:62855747-62856342	proximal	SLC3A2,SNHG1	.	24
chr11:62880772-62881054	distal	.	.	8
chr11:62881143-62881917	distal	.	.	14
chr11:62888553-62888787	distal	.	.	2
chr11:62905994-62906263	distal	.	.	34
chr11:62965748-62965898	distal	.	.	2
chr11:63212812-63212997	distal	.	.	6
chr11:63453634-63453852	distal	.	.	6
chr11:63670920-63671950	proximal	ATL3	.	4
chr11:63711778-63712026	distal	.	.	4
chr11:63803233-63803488	distal	.	.	8
chr11:63813781-63814183	proximal	SPINDOC	.	18
chr11:63822251-63822418	distal	.	.	6
chr11:6390225-6390608	proximal	SMPD1	.	4
chr11:63917110-63917292	proximal	RCOR2	.	2
chr11:63938212-63939040	proximal	NAA40	.	4
chr11:63960161-63960368	distal	.	.	2
chr11:64060850-64061011	distal	.	.	4
chr11:64153170-64153321	distal	.	.	2
chr11:64165811-64165999	proximal	MACROD1	.	6
chr11:64185629-64186414	proximal	ENSG00000289486,STIP1	.	8
chr11:6418935-6419529	proximal	APBB1	.	8
chr11:64204602-64204763	distal	.	.	6
chr11:64207969-64208183	distal	.	.	2
chr11:64225738-64226012	proximal	NUDT22,TRPT1	.	12
chr11:64226152-64226312	proximal	NUDT22,TRPT1	.	12
chr11:64230384-64230597	proximal	DNAJC4	.	2
chr11:64240855-64242086	proximal	ENSG00000286264,FKBP2	.	8
chr11:64246827-64247022	proximal	PPP1R14B	.	10
chr11:64247338-64247617	proximal	PPP1R14B	.	4
chr11:64269800-64270600	proximal	GPR137	.	2
chr11:64270805-64271063	proximal	GPR137	.	8
chr11:64271342-64271589	distal	.	.	2
chr11:64284608-64285096	proximal	BAD	.	2
chr11:64285630-64285914	distal	.	.	14
chr11:64304977-64305644	proximal	ESRRA	.	14
chr11:64305949-64306211	proximal	ESRRA	.	2
chr11:64317438-64317777	proximal	PRDX5,TRMT112	.	16
chr11:64317937-64318242	proximal	PRDX5,TRMT112	.	8
chr11:64331633-64332020	distal	.	.	6
chr11:64340760-64341119	proximal	CCDC88B,ENSG00000236935	.	8
chr11:64342583-64343016	distal	.	.	2
chr11:64356587-64356753	distal	.	.	8
chr11:64372720-64373389	distal	.	.	18
chr11:6443483-6443694	proximal	HPX	.	6
chr11:64448856-64449329	proximal	LINC02724	.	2
chr11:64449390-64449804	proximal	LINC02724	.	4
chr11:64489698-64489848	proximal	ENSG00000286816	.	6
chr11:64566696-64566846	distal	.	.	12
chr11:64579147-64579371	distal	.	.	8
chr11:64653208-64653477	distal	.	.	8
chr11:64688365-64688704	proximal	ENSG00000289058	.	22
chr11:6469103-6469372	distal	.	.	12
chr11:64723539-64723740	proximal	NRXN2	.	8
chr11:64742964-64743313	distal	.	.	14
chr11:64743655-64743820	distal	.	.	4
chr11:64759679-64759846	proximal	PYGM	.	10
chr11:64778431-64779256	proximal	SF1,SF1-DT	.	16
chr11:64803139-64803419	proximal	MAP4K2	.	12
chr11:64803614-64804017	proximal	MAP4K2	.	6
chr11:64809801-64809991	distal	.	.	26
chr11:6481253-6481578	proximal	ARFIP2,ENSG00000283977,TIMM10B	.	6
chr11:64829381-64829558	distal	.	.	2
chr11:64847230-64847488	distal	.	.	22
chr11:64878129-64878920	distal	.	.	14
chr11:64887769-64888128	proximal	EHD1	.	8
chr11:64894306-64894505	proximal	MIR194-2HG	.	10
chr11:64916945-64917665	proximal	ATG2A,PPP2R5B	.	36
chr11:64924020-64924815	distal	.	.	30
chr11:65013496-65013875	proximal	ARL2,ARL2-SNX15	.	24
chr11:65013950-65014533	proximal	ARL2,ARL2-SNX15	.	4
chr11:65027100-65027894	proximal	SNX15	.	24
chr11:65040749-65041285	proximal	SAC3D1	.	2
chr11:65041382-65041684	proximal	SAC3D1	.	4
chr11:65084022-65084485	proximal	CDCA5,ZFPL1	.	20
chr11:65110414-65110589	distal	.	.	10
chr11:65111560-65111902	proximal	ENSG00000254501,TM7SF2	.	36
chr11:65117598-65118015	proximal	ENSG00000255173,ZNHIT2	.	20
chr11:65122079-65122395	proximal	FAU,MRPL49	.	28
chr11:65134290-65135297	proximal	SYVN1	.	22
chr11:65135380-65135595	proximal	SYVN1	.	12
chr11:65169853-65170314	proximal	SPDYC	.	8
chr11:65204583-65205068	distal	.	.	16
chr11:65205443-65205595	distal	.	.	2
chr11:65259911-65260212	distal	.	.	24
chr11:65261678-65262049	proximal	ENSG00000285816,ENSG00000287821,POLA2	.	42
chr11:65314605-65314923	proximal	CDC42EP2,ENSG00000287917	.	8
chr11:65315299-65315840	proximal	CDC42EP2,ENSG00000287917	.	32
chr11:65333574-65334151	proximal	DPF2	.	4
chr11:65340913-65341063	distal	.	.	16
chr11:65354196-65354404	proximal	ENSG00000289231,TIGD3	.	12
chr11:65354472-65355255	proximal	ENSG00000289231,TIGD3	.	40
chr11:65366350-65366510	distal	.	.	6
chr11:65382376-65382595	distal	.	.	4
chr11:65416406-65416616	distal	.	.	22
chr11:65418874-65419276	distal	.	.	32
chr11:65422203-65422940	proximal	NEAT1	.	10
chr11:65440681-65440892	distal	.	.	8
chr11:65477412-65478074	proximal	ENSG00000289883	.	2
chr11:65487539-65487976	proximal	ENSG00000286756,LINC02736	.	20
chr11:65497240-65498216	proximal	ENSG00000270117,MALAT1	.	32
chr11:65508377-65508547	distal	.	.	8
chr11:65510828-65511044	distal	.	.	6
chr11:65524815-65525326	proximal	SCYL1	.	6
chr11:65540598-65540893	distal	.	.	24
chr11:65541009-65541326	distal	.	.	10
chr11:65546481-65546888	distal	.	.	28
chr11:65558565-65558715	proximal	LTBP3	.	26
chr11:65570001-65570564	proximal	ZNRD2,ZNRD2-DT	.	32
chr11:65614242-65614441	distal	.	.	28
chr11:65615037-65615804	proximal	MAP3K11,PCNX3	.	4
chr11:65637933-65638113	proximal	SIPA1	.	6
chr11:65652344-65652753	distal	.	.	24
chr11:65662870-65663385	proximal	RELA,RELA-DT	.	44
chr11:65663635-65663886	proximal	RELA,RELA-DT	.	24
chr11:65706322-65706487	distal	.	.	4
chr11:65712137-65712798	proximal	KAT5	.	2
chr11:65757077-65757232	distal	.	.	16
chr11:65779999-65780302	proximal	AP5B1	.	14
chr11:65780890-65781334	proximal	AP5B1	.	4
chr11:65817999-65818390	distal	.	.	30
chr11:65833751-65834434	proximal	SNX32	.	30
chr11:65858144-65858501	distal	.	.	36
chr11:65859329-65859739	distal	.	.	20
chr11:65860260-65860553	distal	.	.	24
chr11:65873572-65873946	proximal	EFEMP2	.	12
chr11:65884753-65884903	distal	.	.	22
chr11:65888149-65888323	proximal	FIBP	.	28
chr11:65888391-65888752	proximal	FIBP	.	16
chr11:65918964-65919523	proximal	C11orf68,DRAP1	.	12
chr11:65919586-65920046	proximal	C11orf68,DRAP1	.	60
chr11:65961380-65961804	proximal	SART1	.	12
chr11:65962004-65962200	proximal	SART1	.	6
chr11:65971286-65971499	distal	.	.	32
chr11:65988966-65989273	distal	.	.	24
chr11:66002038-66002783	proximal	BANF1,EIF1AD	.	8
chr11:66022461-66022957	distal	.	.	20
chr11:6603491-6604039	proximal	ENSG00000254400,ILK,RRP8	.	18
chr11:66045187-66045546	distal	.	.	36
chr11:66051981-66052656	distal	.	.	38
chr11:66097168-66097383	distal	.	.	6
chr11:66115020-66115170	distal	.	.	12
chr11:6618992-6619205	proximal	ENSG00000255680,TPP1	.	20
chr11:6619373-6619608	proximal	ENSG00000255680,TPP1	.	8
chr11:66207972-66208122	distal	.	.	8
chr11:66222743-66223037	distal	.	.	6
chr11:66257596-66258082	proximal	ENSG00000255320,KLC2	.	48
chr11:66258256-66258551	proximal	ENSG00000255320	.	20
chr11:66267461-66267805	proximal	KLC2-AS2,RAB1B	.	28
chr11:66268109-66268675	proximal	KLC2-AS2,RAB1B	.	16
chr11:66268741-66269071	proximal	KLC2-AS2,RAB1B	.	68
chr11:66282487-66282675	distal	.	.	8
chr11:66288966-66289753	proximal	YIF1A	.	4
chr11:66293056-66293206	distal	.	.	4
chr11:66311902-66312441	proximal	ENSG00000254458	.	10
chr11:66312627-66313294	proximal	ENSG00000254458,ENSG00000289560	.	32
chr11:66328357-66328623	distal	.	.	20
chr11:66345075-66345322	proximal	BRMS1	.	6
chr11:66347605-66348470	proximal	B4GAT1,B4GAT1-DT	.	8
chr11:66364037-66364187	distal	.	.	18
chr11:66386266-66386506	distal	.	.	10
chr11:66408548-66409183	proximal	ENSG00000254510	.	10
chr11:66421452-66422034	proximal	NPAS4	.	4
chr11:66430015-66430270	distal	.	.	12
chr11:66438227-66438879	distal	.	.	10
chr11:66438976-66439234	distal	.	.	18
chr11:66466257-66467103	proximal	MRPL11,PELI3	.	28
chr11:66467241-66467398	proximal	MRPL11,PELI3	.	4
chr11:66467525-66467675	proximal	MRPL11	.	2
chr11:66480192-66480487	proximal	DPP3,DPP3-DT	.	8
chr11:66480585-66480765	proximal	DPP3,DPP3-DT	.	8
chr11:66510508-66510758	proximal	BBS1	.	16
chr11:66510829-66511306	proximal	BBS1	.	10
chr11:66545543-66545724	proximal	ACTN3,ZDHHC24	.	8
chr11:66545932-66546323	proximal	ACTN3,ZDHHC24	.	16
chr11:66554756-66554944	distal	.	.	10
chr11:66579101-66579292	distal	.	.	4
chr11:66592799-66593255	proximal	CCDC87,CCS	.	44
chr11:66624943-66625093	distal	.	.	8
chr11:66637952-66638981	proximal	RBM4	.	2
chr11:66727227-66727587	distal	.	.	10
chr11:66744586-66744959	proximal	C11orf80,SPTBN2	.	20
chr11:66745117-66745516	proximal	C11orf80,SPTBN2	.	16
chr11:66843252-66843534	proximal	RCE1	.	2
chr11:66856162-66856574	proximal	LRFN4	.	16
chr11:66886056-66886278	distal	.	.	6
chr11:66908089-66908239	distal	.	.	18
chr11:66909849-66910008	distal	.	.	2
chr11:66957953-66958219	proximal	PC	.	6
chr11:66964664-66964846	distal	.	.	2
chr11:66970971-66971291	distal	.	.	4
chr11:67151192-67151342	distal	.	.	2
chr11:67239516-67240198	distal	.	.	8
chr11:67261510-67261668	proximal	ENSG00000287934	.	10
chr11:67262760-67262961	distal	.	.	4
chr11:67266245-67266455	proximal	GRK2	.	8
chr11:67288411-67289055	proximal	ANKRD13D	.	2
chr11:67303367-67303517	proximal	SSH3	.	4
chr11:67315403-67315553	distal	.	.	16
chr11:67317373-67317871	proximal	ENSG00000287851,RAD9A	.	36
chr11:67353465-67353873	proximal	ENSG00000274251	.	14
chr11:67356942-67357092	proximal	POLD4	.	4
chr11:67373038-67373287	proximal	ENSG00000256514	.	8
chr11:67391760-67392046	distal	.	.	10
chr11:67401342-67402124	distal	.	.	8
chr11:67428297-67428569	proximal	RPS6KB2	.	8
chr11:67443440-67443850	proximal	CORO1B	.	4
chr11:67443939-67444250	proximal	CORO1B	.	6
chr11:67464628-67465105	distal	.	.	10
chr11:67469159-67469557	proximal	TMEM134	.	4
chr11:67482887-67483417	distal	.	.	6
chr11:67507988-67508874	proximal	CDK2AP2,ENSG00000289343	.	8
chr11:67558775-67558925	distal	.	.	4
chr11:67583489-67584054	proximal	GSTP1	.	2
chr11:67606382-67607250	proximal	NDUFV1-DT	.	4
chr11:67615616-67615823	distal	.	.	12
chr11:67640037-67640336	proximal	TBX10	.	4
chr11:67688840-67688990	distal	.	.	6
chr11:67714038-67714190	distal	.	.	8
chr11:67732169-67732416	distal	.	.	8
chr11:67769865-67770015	distal	.	.	6
chr11:67805114-67806489	proximal	FAM86C2P	.	4
chr11:67955319-67955692	proximal	ENSG00000290995	.	4
chr11:67968586-67968841	distal	.	.	6
chr11:67997707-67997918	distal	.	.	4
chr11:68030140-68030708	proximal	ENSG00000255306,NDUFS8	.	16
chr11:68030767-68031155	proximal	ENSG00000255306,NDUFS8	.	12
chr11:68038581-68039024	proximal	ENSG00000289908,TCIRG1	.	4
chr11:68097818-68098054	distal	.	.	4
chr11:68121239-68121635	proximal	CHKA,CHKA-DT	.	12
chr11:68121728-68122219	proximal	CHKA,CHKA-DT	.	12
chr11:68146823-68146998	distal	.	.	2
chr11:68213607-68213857	proximal	KMT5B	.	6
chr11:68271229-68271456	proximal	C11orf24,ENSG00000286369	.	8
chr11:68271531-68272259	proximal	C11orf24,ENSG00000286369	.	8
chr11:68373478-68373656	distal	.	.	8
chr11:68447101-68447490	distal	.	.	4
chr11:68684419-68684628	proximal	GAL	.	6
chr11:6870005-6870155	distal	.	.	8
chr11:68751385-68751737	proximal	TESMIN	.	8
chr11:68839244-68839654	distal	.	.	2
chr11:68845931-68846081	distal	.	.	8
chr11:68998392-68998542	distal	.	.	8
chr11:69048638-69049388	proximal	TPCN2	.	12
chr11:69101122-69101272	distal	.	.	4
chr11:69131628-69131800	distal	.	.	2
chr11:6926015-6926895	proximal	ENSG00000283415,ZNF215	.	8
chr11:6927439-6927589	proximal	ENSG00000283415	.	6
chr11:69443382-69443850	distal	.	.	2
chr11:69638025-69638175	distal	.	.	4
chr11:69675288-69675592	proximal	LTO1	.	4
chr11:69685983-69686193	distal	.	.	8
chr11:69767477-69767627	distal	.	.	2
chr11:69817787-69817958	distal	.	.	8
chr11:69910042-69910310	proximal	ENSG00000260348	.	4
chr11:69915554-69915775	distal	.	.	2
chr11:70191577-70191808	distal	.	.	10
chr11:7020209-7020439	proximal	NLRP14,ZNF214	.	8
chr11:70269765-70270770	proximal	ENSG00000289074,PPFIA1	.	20
chr11:70286733-70286885	distal	.	.	2
chr11:70592487-70592772	distal	.	.	8
chr11:70911110-70911260	distal	.	.	4
chr11:71448432-71448814	proximal	ENSG00000254682	.	4
chr11:71452943-71453257	proximal	DHCR7,NADSYN1	.	8
chr11:71813555-71814005	proximal	ALG1L9P	.	2
chr11:71928245-71928500	proximal	RNF121,XNDC1N,XNDC1N-ZNF705EP-ALG1L9P	.	6
chr11:71928618-71928778	proximal	RNF121,XNDC1N,XNDC1N-ZNF705EP-ALG1L9P	.	6
chr11:72025022-72025517	distal	.	.	20
chr11:72041479-72041767	distal	.	.	8
chr11:72091119-72091457	distal	.	.	2
chr11:72102824-72103575	proximal	LAMTOR1	.	2
chr11:72223117-72223520	proximal	INPPL1	.	14
chr11:72257661-72257811	distal	.	.	2
chr11:72308622-72309020	distal	.	.	4
chr11:72328403-72328556	distal	.	.	4
chr11:72433824-72434776	proximal	CLPB	.	26
chr11:72482283-72482498	distal	.	.	8
chr11:72642685-72643024	proximal	PDE2A-AS1	.	8
chr11:72643089-72643239	proximal	PDE2A-AS1	.	4
chr11:72722234-72722404	distal	.	.	2
chr11:72752346-72752626	distal	.	.	4
chr11:72781804-72782005	distal	.	.	10
chr11:72793596-72794309	proximal	ARAP1,STARD10	.	52
chr11:728132-728488	distal	.	.	30
chr11:72813942-72814202	proximal	ATG16L2,ENSG00000285693	.	24
chr11:72814325-72814513	proximal	ATG16L2,ENSG00000285693	.	44
chr11:72821985-72822720	distal	.	.	8
chr11:72831534-72831713	distal	.	.	8
chr11:72871400-72871550	distal	.	.	4
chr11:73142206-73143130	proximal	FCHSD2	.	6
chr11:73185192-73185520	distal	.	.	28
chr11:73218163-73218590	proximal	ENSG00000215841,P2RY2	.	12
chr11:73347852-73348002	distal	.	.	2
chr11:73376118-73376373	proximal	RELT	.	4
chr11:73393658-73393862	distal	.	.	4
chr11:73597450-73597600	proximal	FAM168A	.	4
chr11:73624036-73624186	distal	.	.	4
chr11:73661023-73661296	distal	.	.	22
chr11:73729657-73729882	distal	.	.	2
chr11:73738697-73738941	distal	.	.	2
chr11:73760948-73761544	proximal	ENSG00000256034,RAB6A	.	8
chr11:73779084-73779976	distal	.	.	14
chr11:73787762-73788292	proximal	MRPL48	.	2
chr11:73788542-73788757	proximal	MRPL48	.	8
chr11:73931074-73931645	distal	.	.	2
chr11:73982679-73983635	proximal	ENSG00000287425,UCP2	.	8
chr11:74022096-74022246	distal	.	.	12
chr11:74105104-74105254	distal	.	.	6
chr11:74156099-74156423	distal	.	.	2
chr11:74170805-74171605	proximal	C2CD3,PPME1	.	8
chr11:74229163-74229316	distal	.	.	2
chr11:74397821-74398252	proximal	ENSG00000254631,ENSG00000255440,PGM2L1	.	12
chr11:74398399-74398662	proximal	ENSG00000254631,ENSG00000255440,PGM2L1	.	12
chr11:74398724-74399007	proximal	ENSG00000255440,PGM2L1	.	12
chr11:74404796-74404946	distal	.	.	2
chr11:744725-744899	distal	.	.	10
chr11:74493019-74494147	proximal	LIPT2,LIPT2-AS1,POLD3	.	12
chr11:74592251-74593129	distal	.	.	2
chr11:747253-747543	proximal	TALDO1	.	10
chr11:74748694-74748981	proximal	RNF169	.	4
chr11:74895768-74895952	distal	.	.	4
chr11:74988615-74989227	proximal	NEU3	.	4
chr11:75056644-75056794	distal	.	.	4
chr11:75062516-75062666	distal	.	.	4
chr11:7513573-7513818	proximal	PPFIBP2,SYT9-AS1	.	8
chr11:75205068-75205218	distal	.	.	2
chr11:75351673-75352105	proximal	ARRB1	.	4
chr11:75399382-75399628	proximal	RPS3	.	2
chr11:75525817-75526266	proximal	GDPD5	.	6
chr11:755388-755628	distal	.	.	6
chr11:75583137-75583940	proximal	ENSG00000255326	.	4
chr11:75668376-75668842	proximal	MAP6	.	4
chr11:75706213-75706601	distal	.	.	4
chr11:75723309-75723470	distal	.	.	4
chr11:7574165-7574385	distal	.	.	8
chr11:75768445-75768761	proximal	DGAT2-DT	.	8
chr11:75814695-75815362	proximal	UVRAG,UVRAG-DT	.	4
chr11:75846097-75846247	distal	.	.	2
chr11:76145486-76145636	distal	.	.	8
chr11:76152219-76152574	distal	.	.	8
chr11:76207624-76207795	distal	.	.	6
chr11:76235763-76236274	distal	.	.	16
chr11:76265093-76265309	distal	.	.	8
chr11:76411413-76411605	distal	.	.	2
chr11:76445236-76446108	proximal	EMSY,EMSY-DT	.	16
chr11:76513322-76513472	distal	.	.	12
chr11:76577167-76577391	distal	.	.	2
chr11:76721847-76722278	distal	.	.	4
chr11:76782826-76783611	proximal	TSKU,TSKU-AS1	.	16
chr11:76783799-76783951	proximal	TSKU-AS1	.	2
chr11:76799363-76799513	proximal	ENSG00000261578	.	4
chr11:76807261-76807423	distal	.	.	2
chr11:76807542-76807759	distal	.	.	2
chr11:76889066-76889299	distal	.	.	4
chr11:76903650-76903800	distal	.	.	2
chr11:77047675-77047943	distal	.	.	8
chr11:77066596-77067236	proximal	CAPN5	.	8
chr11:77214632-77214833	distal	.	.	2
chr11:77286275-77286425	distal	.	.	4
chr11:77287946-77288096	distal	.	.	2
chr11:77383982-77384134	distal	.	.	16
chr11:77458828-77458980	distal	.	.	2
chr11:77473449-77474401	proximal	ENSG00000268635,PAK1	.	16
chr11:77589335-77589668	proximal	AQP11	.	2
chr11:77589778-77590342	proximal	AQP11	.	6
chr11:77637436-77637862	proximal	CLNS1A	.	6
chr11:777159-777328	proximal	GATD1,GATD1-DT	.	8
chr11:77731976-77732299	distal	.	.	2
chr11:777415-777815	proximal	GATD1,GATD1-DT	.	24
chr11:77819970-77820178	proximal	RSF1	.	4
chr11:77820642-77821277	proximal	AAMDC,RSF1	.	24
chr11:77848853-77849031	distal	.	.	2
chr11:77980585-77980735	distal	.	.	8
chr11:78020270-78020488	distal	.	.	2
chr11:78046220-78046452	proximal	KCTD14	.	4
chr11:78253372-78253522	distal	.	.	2
chr11:78352114-78352319	distal	.	.	2
chr11:78366036-78366272	distal	.	.	2
chr11:78416686-78416836	distal	.	.	2
chr11:78692351-78692562	distal	.	.	2
chr11:78915233-78915423	distal	.	.	4
chr11:79321157-79321307	distal	.	.	2
chr11:79395310-79395652	distal	.	.	2
chr11:8110396-8110546	distal	.	.	8
chr11:819394-819607	proximal	PNPLA2	.	6
chr11:8225678-8225867	distal	.	.	8
chr11:8262713-8263134	distal	.	.	2
chr11:82901283-82901758	distal	.	.	16
chr11:83071474-83072358	proximal	RAB30,RAB30-DT	.	8
chr11:83193625-83193845	proximal	ANKRD42,ANKRD42-DT	.	8
chr11:83194611-83194779	proximal	ANKRD42,ANKRD42-DT	.	8
chr11:83246493-83246643	distal	.	.	8
chr11:832834-832984	proximal	CD151,ENSG00000255108	.	16
chr11:8328839-8329198	distal	.	.	2
chr11:85628202-85628756	proximal	DLG2,TMEM126B	.	12
chr11:85664582-85665286	distal	.	.	14
chr11:8566934-8567115	distal	.	.	2
chr11:85761931-85762081	distal	.	.	4
chr11:85989002-85989292	distal	.	.	2
chr11:86193585-86193858	proximal	LINC02695	.	4
chr11:86302030-86302733	proximal	HIKESHI	.	8
chr11:86435553-86435703	distal	.	.	4
chr11:8649150-8649368	distal	.	.	4
chr11:8657328-8657589	distal	.	.	8
chr11:86776067-86776217	distal	.	.	8
chr11:86790525-86790955	proximal	PRSS23	.	4
chr11:8682307-8682832	proximal	RPL27A,TRIM66	.	8
chr11:8688789-8689215	distal	.	.	6
chr11:86955338-86955818	proximal	FZD4,FZD4-DT	.	16
chr11:86955920-86956138	proximal	FZD4,FZD4-DT	.	8
chr11:8766729-8766904	distal	.	.	2
chr11:877465-877623	distal	.	.	8
chr11:8843284-8843715	distal	.	.	2
chr11:8849658-8849930	distal	.	.	4
chr11:8870726-8871124	distal	.	.	16
chr11:8910961-8911359	proximal	AKIP1,DENND2B	.	12
chr11:8964864-8965246	proximal	TMEM9B,TMEM9B-AS1	.	28
chr11:9038844-9038994	distal	.	.	4
chr11:910763-911575	distal	.	.	8
chr11:9137770-9138024	proximal	SCUBE2	.	8
chr11:9166049-9166247	distal	.	.	2
chr11:92226435-92226827	distal	.	.	2
chr11:925627-926027	proximal	AP2A2	.	4
chr11:9265077-9265751	proximal	DENND5A	.	8
chr11:92838749-92838931	distal	.	.	2
chr11:92839011-92839302	distal	.	.	2
chr11:9314521-9315037	proximal	TMEM41B	.	2
chr11:93197689-93198186	proximal	SLC36A4	.	4
chr11:93279123-93279359	distal	.	.	2
chr11:9363650-9363887	distal	.	.	12
chr11:93661439-93662146	proximal	CEP295	.	4
chr11:93741160-93741764	proximal	C11orf54,ENSG00000284057	.	16
chr11:9384472-9384874	proximal	IPO7	.	6
chr11:9384938-9385241	proximal	IPO7	.	10
chr11:93963624-93963835	distal	.	.	12
chr11:94129152-94129350	proximal	PANX1	.	8
chr11:94493413-94493651	proximal	ANKRD49,MRE11	.	4
chr11:9450324-9450744	distal	.	.	6
chr11:94512333-94512527	proximal	C11orf97	.	4
chr11:94543776-94544468	proximal	FUT4,PIWIL4	.	4
chr11:9460558-9461550	proximal	ENSG00000268403,ZNF143	.	8
chr11:94768061-94768464	distal	.	.	4
chr11:94855091-94855452	distal	.	.	6
chr11:94973465-94973850	proximal	CWC15,KDM4D	.	4
chr11:95011900-95012074	distal	.	.	2
chr11:95066889-95067953	proximal	SRSF8	.	12
chr11:95107184-95107471	distal	.	.	2
chr11:95151504-95151940	distal	.	.	2
chr11:95302864-95303072	distal	.	.	4
chr11:9535219-9535369	distal	.	.	10
chr11:95501899-95502071	distal	.	.	8
chr11:9613265-9613950	proximal	ENSG00000289518	.	2
chr11:9614041-9614417	proximal	ENSG00000289518	.	2
chr11:96243218-96243803	distal	.	.	2
chr11:96307026-96307722	distal	.	.	2
chr11:96389579-96390347	proximal	CCDC82,JRKL	.	8
chr11:9663915-9664764	proximal	SWAP70	.	4
chr11:9759696-9759891	proximal	LINC02709	.	2
chr11:9841428-9841742	distal	.	.	4
chr11:9941246-9941542	distal	.	.	2
chr12:10028-10220	distal	.	.	2
chr12:101279975-101280320	proximal	UTP20	.	2
chr12:101466354-101466509	distal	.	.	2
chr12:10153376-10153720	distal	.	.	4
chr12:101697365-101698040	proximal	CHPT1	.	2
chr12:101707478-101707737	distal	.	.	2
chr12:10212006-10212584	proximal	GABARAPL1	.	2
chr12:10212723-10212966	proximal	GABARAPL1	.	4
chr12:10361075-10361461	proximal	LINC02598	.	2
chr12:10361694-10361877	proximal	LINC02598	.	2
chr12:103841775-103841982	proximal	ENSG00000257327,NT5DC3	.	16
chr12:103878054-103878204	distal	.	.	2
chr12:103956797-103956973	distal	.	.	10
chr12:103965644-103966293	proximal	C12orf73,ENSG00000288744,TDG	.	12
chr12:104031412-104031633	distal	.	.	8
chr12:104063999-104064584	proximal	GLT8D2,HCFC2	.	8
chr12:104137987-104138644	proximal	NFYB	.	4
chr12:104253284-104253482	distal	.	.	8
chr12:104286787-104287595	distal	.	.	8
chr12:104320756-104320953	distal	.	.	14
chr12:104387171-104387358	distal	.	.	2
chr12:104521604-104521754	distal	.	.	2
chr12:104576830-104577106	distal	.	.	4
chr12:104628695-104628851	distal	.	.	2
chr12:104670708-104670914	distal	.	.	2
chr12:104761717-104761867	distal	.	.	2
chr12:104790608-104790825	distal	.	.	10
chr12:104913422-104913572	distal	.	.	2
chr12:104957751-104958122	proximal	SLC41A2	.	10
chr12:104958278-104959036	proximal	SLC41A2	.	4
chr12:104986131-104986433	proximal	NOPCHAP1	.	2
chr12:105222846-105223019	distal	.	.	4
chr12:105235678-105236291	proximal	APPL2,C12orf75,ENSG00000286903	.	12
chr12:105330796-105330986	distal	.	.	2
chr12:105562491-105562647	distal	.	.	2
chr12:105706345-105706553	distal	.	.	12
chr12:10613339-10613764	proximal	MAGOHB	.	4
chr12:106357627-106358082	proximal	POLR3B	.	4
chr12:106626519-106626836	distal	.	.	2
chr12:106754773-106754923	distal	.	.	8
chr12:106903620-106903880	distal	.	.	2
chr12:106955347-106956336	proximal	TMEM263,TMEM263-DT	.	20
chr12:10722949-10723682	proximal	YBX3	.	6
chr12:107446961-107447111	distal	.	.	8
chr12:107912403-107913013	distal	.	.	2
chr12:107930587-107930737	distal	.	.	2
chr12:108146769-108146923	distal	.	.	2
chr12:108560937-108561282	proximal	SART3	.	4
chr12:108562302-108562705	proximal	ISCU	.	8
chr12:108648681-108648845	distal	.	.	4
chr12:108691445-108691924	distal	.	.	2
chr12:108731464-108732500	proximal	CORO1C	.	2
chr12:108803642-108803803	distal	.	.	2
chr12:108812502-108812652	distal	.	.	6
chr12:108822882-108823175	distal	.	.	4
chr12:109020820-109021032	proximal	SVOP	.	4
chr12:109052425-109053070	distal	.	.	12
chr12:109062374-109062524	distal	.	.	2
chr12:109097400-109097666	proximal	UNG	.	2
chr12:109097897-109098245	proximal	UNG	.	16
chr12:109154506-109154879	distal	.	.	6
chr12:109238948-109239204	distal	.	.	2
chr12:109264226-109264451	distal	.	.	4
chr12:109385562-109385766	distal	.	.	2
chr12:109476975-109477466	proximal	KCTD10,UBE3B	.	12
chr12:109518909-109519059	distal	.	.	8
chr12:109573187-109573930	proximal	MMAB,MVK	.	4
chr12:109597367-109597527	distal	.	.	10
chr12:109713456-109713799	proximal	FAM222A	.	2
chr12:109805410-109805747	distal	.	.	16
chr12:109833130-109833510	proximal	TRPV4	.	8
chr12:109845333-109845614	distal	.	.	2
chr12:109855910-109856106	distal	.	.	4
chr12:109925065-109925251	distal	.	.	4
chr12:109996077-109996485	proximal	GIT2	.	2
chr12:109998993-109999617	proximal	ANKRD13A	.	8
chr12:110022196-110022476	distal	.	.	2
chr12:110048319-110048760	distal	.	.	2
chr12:110124017-110124670	proximal	IFT81	.	4
chr12:110196320-110196491	distal	.	.	4
chr12:110280878-110281962	proximal	ATP2A2,ENSG00000289311	.	8
chr12:110306440-110306893	distal	.	.	4
chr12:110403335-110403816	proximal	ANAPC7	.	4
chr12:110431469-110431656	distal	.	.	4
chr12:110449784-110450119	proximal	ARPC3	.	8
chr12:110450223-110450529	proximal	ARPC3	.	4
chr12:110468117-110469434	proximal	FAM216A,GPN3	.	8
chr12:110501748-110502360	proximal	RAD9B,VPS29	.	8
chr12:110552372-110552711	distal	.	.	4
chr12:110613731-110614255	proximal	TCTN1	.	4
chr12:110742771-110743282	proximal	PPP1CC	.	4
chr12:110826709-110827106	distal	.	.	2
chr12:110969436-110969586	distal	.	.	2
chr12:111034580-111035167	proximal	CUX2	.	12
chr12:111298944-111299129	distal	.	.	2
chr12:111490407-111490557	distal	.	.	6
chr12:111531623-111531796	distal	.	.	2
chr12:111548914-111549108	distal	.	.	8
chr12:111599205-111599397	proximal	ATXN2,ATXN2-AS	.	4
chr12:111599547-111599887	proximal	ATXN2,ATXN2-AS	.	8
chr12:111637029-111637343	distal	.	.	12
chr12:111664850-111665066	distal	.	.	4
chr12:111766862-111767174	proximal	ALDH2	.	4
chr12:111834730-111835330	distal	.	.	8
chr12:111945309-111945459	distal	.	.	4
chr12:112012602-112013494	proximal	ERP29,TMEM116	.	16
chr12:112013908-112014082	proximal	ERP29,TMEM116	.	12
chr12:112108485-112108890	proximal	NAA25	.	4
chr12:112109347-112109548	proximal	NAA25	.	4
chr12:112116218-112116968	distal	.	.	4
chr12:112125329-112126025	proximal	TRAFD1	.	4
chr12:112198015-112198474	distal	.	.	6
chr12:112382047-112382563	proximal	HECTD4	.	4
chr12:112387436-112387802	distal	.	.	2
chr12:112404221-112404371	distal	.	.	8
chr12:112409082-112409397	distal	.	.	2
chr12:112409483-112409854	distal	.	.	4
chr12:113161653-113161943	distal	.	.	4
chr12:113357953-113358914	proximal	PLBD2	.	4
chr12:116099768-116099918	distal	.	.	4
chr12:116122714-116122864	distal	.	.	2
chr12:116195155-116195305	distal	.	.	8
chr12:116197326-116197626	distal	.	.	6
chr12:116359033-116359260	proximal	ENSG00000286354	.	4
chr12:116533274-116533497	proximal	LINC00173	.	4
chr12:116599703-116599962	proximal	ENSG00000258249	.	4
chr12:116624680-116624891	distal	.	.	4
chr12:116697205-116697517	proximal	ENSG00000257654	.	6
chr12:116737164-116737373	proximal	RNFT2,SPRING1	.	8
chr12:116764690-116764924	distal	.	.	4
chr12:116819111-116819689	proximal	ENSG00000290033	.	4
chr12:116958392-116958542	distal	.	.	4
chr12:1170443-1170707	distal	.	.	2
chr12:1171697-1171949	distal	.	.	10
chr12:117190208-117190662	proximal	FBXO21	.	6
chr12:117455031-117455181	distal	.	.	4
chr12:118016500-118017029	distal	.	.	10
chr12:118076689-118076839	distal	.	.	10
chr12:118136223-118136485	proximal	PEBP1,VSIG10	.	20
chr12:118246589-118246796	distal	.	.	4
chr12:118372768-118373228	proximal	TAOK3	.	8
chr12:119534116-119534266	distal	.	.	2
chr12:119688517-119688743	distal	.	.	2
chr12:119775675-119775905	distal	.	.	2
chr12:119804460-119804621	distal	.	.	4
chr12:119835088-119835302	distal	.	.	2
chr12:119887763-119887955	distal	.	.	8
chr12:120105118-120105622	distal	.	.	4
chr12:120116583-120117366	proximal	ENSG00000277283,RAB35	.	24
chr12:120194362-120195024	proximal	GCN1	.	4
chr12:120224915-120225445	proximal	ENSG00000275936	.	4
chr12:120228437-120228587	distal	.	.	4
chr12:120265738-120266016	proximal	PXN	.	4
chr12:120291281-120291977	distal	.	.	2
chr12:120292044-120292389	distal	.	.	12
chr12:120292729-120293279	distal	.	.	2
chr12:120325519-120325709	distal	.	.	4
chr12:120437740-120438489	proximal	COX6A1,ENSG00000111780	.	8
chr12:120468958-120469527	proximal	DYNLL1	.	4
chr12:120534239-120534433	proximal	COQ5,ENSG00000288623,RNF10	.	6
chr12:120534900-120535064	proximal	COQ5,ENSG00000288623	.	8
chr12:120599127-120599405	distal	.	.	10
chr12:120641439-120641696	proximal	CABP1,CABP1-DT	.	16
chr12:120649273-120649517	distal	.	.	12
chr12:120686272-120687498	proximal	MLEC	.	6
chr12:120710351-120710542	proximal	UNC119B	.	8
chr12:120713975-120714155	distal	.	.	2
chr12:120742317-120742500	distal	.	.	4
chr12:120761653-120761985	proximal	ENSG00000255946	.	6
chr12:120812312-120812462	distal	.	.	4
chr12:120903741-120904494	proximal	ENSG00000286493,SPPL3	.	8
chr12:120925826-120926038	distal	.	.	2
chr12:121016390-121016618	proximal	C12orf43	.	6
chr12:121051376-121051547	distal	.	.	6
chr12:121105180-121105403	distal	.	.	2
chr12:121110416-121110573	distal	.	.	4
chr12:121209825-121210463	proximal	P2RX4	.	2
chr12:121210791-121210941	proximal	P2RX4	.	4
chr12:121296633-121297275	distal	.	.	10
chr12:121335212-121335375	distal	.	.	4
chr12:121352012-121352618	distal	.	.	8
chr12:121352704-121352915	distal	.	.	8
chr12:121417929-121418079	distal	.	.	4
chr12:121443295-121443578	distal	.	.	14
chr12:121467057-121467978	distal	.	.	28
chr12:121514332-121514678	distal	.	.	6
chr12:121580334-121580619	proximal	KDM2B,KDM2B-DT	.	12
chr12:121626045-121626842	proximal	ORAI1	.	12
chr12:121626942-121627309	proximal	ORAI1	.	6
chr12:121663960-121664169	distal	.	.	12
chr12:121672365-121672515	proximal	MORN3	.	6
chr12:121686889-121687578	proximal	ENSG00000286586	.	8
chr12:121690863-121691126	distal	.	.	2
chr12:121712607-121713075	proximal	TMEM120B	.	12
chr12:121747490-121747754	distal	.	.	4
chr12:121793649-121794884	distal	.	.	2
chr12:121795027-121795222	distal	.	.	2
chr12:121811716-121812279	distal	.	.	20
chr12:121839372-121839843	distal	.	.	8
chr12:121888433-121888922	proximal	ENSG00000256950,ENSG00000287493,PSMD9	.	42
chr12:121888983-121889198	proximal	ENSG00000256950,ENSG00000287493,PSMD9	.	42
chr12:121989836-121990018	distal	.	.	12
chr12:122021801-122022067	distal	.	.	4
chr12:122029307-122029457	distal	.	.	14
chr12:122072464-122072887	distal	.	.	12
chr12:122078257-122079042	proximal	MLXIP	.	6
chr12:122093921-122094071	distal	.	.	2
chr12:122097950-122098100	distal	.	.	2
chr12:122165111-122165261	distal	.	.	10
chr12:12217001-12217255	distal	.	.	4
chr12:122185690-122185875	distal	.	.	2
chr12:122190961-122191154	distal	.	.	10
chr12:122196980-122197158	distal	.	.	4
chr12:122203344-122203561	proximal	B3GNT4	.	4
chr12:122225520-122226572	distal	.	.	8
chr12:122266315-122266664	proximal	ENSG00000256861,VPS33A	.	4
chr12:122368572-122368744	distal	.	.	2
chr12:122400384-122400740	distal	.	.	6
chr12:122403600-122403750	distal	.	.	4
chr12:122421883-122422045	proximal	CLIP1	.	6
chr12:122422441-122422774	proximal	CLIP1	.	20
chr12:122423223-122423547	proximal	CLIP1,ENSG00000289831	.	24
chr12:122500610-122501410	proximal	ENSG00000275265,ZCCHC8	.	16
chr12:12266845-12267472	proximal	LRP6	.	10
chr12:122750018-122750192	distal	.	.	4
chr12:122775109-122775325	proximal	CCDC62	.	2
chr12:12281466-12281616	distal	.	.	2
chr12:122834645-122834829	proximal	HIP1R	.	4
chr12:122834979-122835145	proximal	HIP1R	.	4
chr12:122835663-122835838	distal	.	.	6
chr12:122888545-122888731	distal	.	.	2
chr12:122888848-122889072	distal	.	.	2
chr12:122915153-122915343	distal	.	.	8
chr12:122952398-122952548	distal	.	.	4
chr12:122966329-122966703	distal	.	.	8
chr12:122974569-122974845	proximal	ENSG00000256028,OGFOD2	.	20
chr12:122980561-122980715	proximal	ARL6IP4	.	4
chr12:123094772-123094949	distal	.	.	12
chr12:123207296-123207446	distal	.	.	8
chr12:123275140-123275311	distal	.	.	4
chr12:123300858-123301008	distal	.	.	4
chr12:123383515-123384242	proximal	KMT5A	.	4
chr12:123427031-123427212	distal	.	.	2
chr12:123436506-123436832	proximal	RILPL2	.	12
chr12:123458157-123458663	proximal	SNRNP35	.	12
chr12:123534371-123534612	proximal	RILPL1	.	6
chr12:123552561-123552836	distal	.	.	2
chr12:123583881-123584217	proximal	TMED2	.	10
chr12:123601750-123602094	proximal	DDX55	.	2
chr12:123633482-123633921	proximal	EIF2B1,GTF2H3	.	4
chr12:123670931-123671161	proximal	TCTN2	.	6
chr12:123712150-123712540	proximal	ATP6V0A2	.	8
chr12:124131101-124131311	distal	.	.	6
chr12:1241866-1242016	distal	.	.	4
chr12:124240374-124240717	distal	.	.	8
chr12:124321028-124321212	distal	.	.	4
chr12:124551466-124551837	distal	.	.	2
chr12:124636203-124636598	distal	.	.	4
chr12:124750835-124751077	distal	.	.	4
chr12:124838231-124838426	distal	.	.	2
chr12:124864153-124864478	distal	.	.	2
chr12:124891058-124891363	distal	.	.	2
chr12:124914450-124914789	distal	.	.	4
chr12:124917161-124917776	proximal	UBC	.	8
chr12:124927680-124927967	distal	.	.	2
chr12:124939512-124940299	distal	.	.	4
chr12:124940735-124940917	distal	.	.	2
chr12:124988871-124989300	proximal	DHX37	.	4
chr12:125050244-125050394	distal	.	.	2
chr12:125065070-125065529	proximal	AACS	.	4
chr12:12511030-12511190	distal	.	.	4
chr12:125168493-125168710	distal	.	.	2
chr12:125220421-125220764	distal	.	.	2
chr12:125228522-125228874	distal	.	.	4
chr12:12590375-12590697	distal	.	.	12
chr12:12696651-12696805	proximal	GPR19	.	4
chr12:12716817-12717634	distal	.	.	8
chr12:12725145-12726083	proximal	APOLD1	.	4
chr12:12788223-12788397	distal	.	.	2
chr12:12813144-12813395	proximal	DDX47	.	6
chr12:12818837-12819020	distal	.	.	2
chr12:12840036-12840220	distal	.	.	4
chr12:12890610-12891067	proximal	GPRC5A	.	2
chr12:13000158-13000820	proximal	ENSG00000255621,HEBP1	.	8
chr12:131017479-131017629	distal	.	.	2
chr12:131071265-131071477	distal	.	.	2
chr12:13117723-13117873	distal	.	.	2
chr12:131779234-131779384	distal	.	.	2
chr12:131837762-131837912	distal	.	.	8
chr12:131865177-131865327	distal	.	.	10
chr12:131894087-131894772	proximal	ULK1	.	4
chr12:131928478-131928628	proximal	ENSG00000255992,PUS1	.	16
chr12:131949612-131950132	proximal	EP400	.	4
chr12:131966276-131966442	distal	.	.	2
chr12:132001422-132001772	distal	.	.	2
chr12:132062304-132062499	distal	.	.	4
chr12:132083859-132084608	proximal	ENSG00000274670,ENSG00000291171	.	8
chr12:132084716-132085004	proximal	ENSG00000291171	.	4
chr12:132144296-132144462	proximal	DDX51,NOC4L	.	4
chr12:132153990-132154206	distal	.	.	2
chr12:132161034-132161339	distal	.	.	16
chr12:132189409-132190010	proximal	ENSG00000256312,LINC02361	.	28
chr12:132241246-132241635	distal	.	.	24
chr12:132243000-132243327	distal	.	.	14
chr12:132244275-132244729	distal	.	.	16
chr12:132274817-132275468	proximal	ENSG00000256943	.	4
chr12:132301087-132301431	distal	.	.	8
chr12:132384962-132385120	distal	.	.	12
chr12:132391932-132392082	distal	.	.	16
chr12:132400489-132400639	distal	.	.	2
chr12:132489798-132490163	proximal	FBRSL1	.	8
chr12:132502635-132502807	distal	.	.	8
chr12:132560300-132560510	distal	.	.	8
chr12:132594020-132594260	proximal	ENSG00000277186	.	6
chr12:132652358-132652562	distal	.	.	2
chr12:132686818-132687098	proximal	POLE,PXMP2	.	20
chr12:132687201-132687848	proximal	ENSG00000256632,POLE,PXMP2	.	78
chr12:132695510-132695727	distal	.	.	28
chr12:132710505-132710943	proximal	PGAM5	.	18
chr12:132711027-132711385	proximal	PGAM5	.	6
chr12:132762004-132762429	proximal	ANKLE2	.	4
chr12:13278311-13278692	proximal	ENSG00000286869	.	6
chr12:132829025-132829303	proximal	GOLGA3	.	4
chr12:132887453-132888056	proximal	CHFR-DT	.	6
chr12:132908476-132909228	distal	.	.	8
chr12:132955948-132956159	proximal	CHFR,ENSG00000289516,ZNF605	.	12
chr12:132985958-132986565	proximal	ZNF26	.	12
chr12:133080057-133081150	proximal	ZNF140	.	14
chr12:133129954-133130696	proximal	ENSG00000256825,ZNF10,ZNF891	.	12
chr12:133264855-133265276	distal	.	.	4
chr12:14385241-14385428	distal	.	.	4
chr12:14509193-14509350	distal	.	.	8
chr12:14769505-14769786	distal	.	.	4
chr12:14769964-14770170	distal	.	.	4
chr12:14770435-14770947	proximal	H4C16	.	12
chr12:14803020-14804080	proximal	C12orf60,WBP11	.	12
chr12:15220944-15221576	distal	.	.	2
chr12:15322486-15322945	proximal	PTPRO	.	4
chr12:1576591-1576801	distal	.	.	2
chr12:15789147-15789582	distal	.	.	2
chr12:1594172-1594451	proximal	FBXL14	.	4
chr12:1690521-1691488	distal	.	.	6
chr12:1764440-1764748	distal	.	.	2
chr12:188958-189427	distal	.	.	2
chr12:19337689-19338028	distal	.	.	2
chr12:1952237-1952398	distal	.	.	2
chr12:19862213-19862576	distal	.	.	2
chr12:1993061-1993224	distal	.	.	2
chr12:2034969-2035222	distal	.	.	2
chr12:2057302-2057479	distal	.	.	12
chr12:21437429-21438051	proximal	PYROXD1	.	4
chr12:21478984-21479229	distal	.	.	4
chr12:21527386-21528063	distal	.	.	2
chr12:21680424-21680621	distal	.	.	4
chr12:21774392-21775374	proximal	KCNJ8	.	4
chr12:22046763-22047062	proximal	CMAS	.	2
chr12:22255195-22255345	distal	.	.	2
chr12:22499988-22500242	distal	.	.	8
chr12:22543864-22544828	proximal	C2CD5	.	2
chr12:22624869-22625829	proximal	ETNK1,ETNK1-DT	.	8
chr12:237515-237686	distal	.	.	2
chr12:25124747-25125060	distal	.	.	2
chr12:25692518-25692683	distal	.	.	2
chr12:2583785-2584082	distal	.	.	18
chr12:25957912-25958541	proximal	RASSF8	.	4
chr12:26126532-26126710	proximal	ENSG00000256894	.	8
chr12:26298876-26299255	distal	.	.	4
chr12:26351107-26351341	distal	.	.	4
chr12:26853092-26853242	distal	.	.	4
chr12:26937689-26938584	proximal	FGFR1OP2,INTS13	.	20
chr12:27119725-27120065	distal	.	.	10
chr12:27142252-27142417	distal	.	.	6
chr12:27243961-27244366	proximal	STK38L	.	8
chr12:27332975-27333148	proximal	BMAL2	.	4
chr12:27341825-27341981	distal	.	.	4
chr12:27499356-27499593	distal	.	.	10
chr12:2752455-2752932	distal	.	.	8
chr12:27652229-27652449	distal	.	.	2
chr12:27780756-27781270	proximal	ENSG00000256747,KLHL42,MANSC4	.	12
chr12:27791562-27792062	distal	.	.	12
chr12:27820271-27820465	distal	.	.	2
chr12:2794826-2795182	proximal	FKBP4	.	8
chr12:2795782-2795991	proximal	FKBP4	.	8
chr12:27969238-27969493	distal	.	.	4
chr12:2803919-2804093	proximal	ENSG00000258092	.	8
chr12:28115551-28115701	distal	.	.	2
chr12:2812459-2813306	proximal	ITFG2,ITFG2-AS1	.	12
chr12:28190646-28191117	proximal	ENSG00000247934	.	4
chr12:2853694-2853869	distal	.	.	8
chr12:28575746-28576160	distal	.	.	4
chr12:2876697-2877544	proximal	FOXM1,RHNO1,TULP3	.	24
chr12:2877602-2877785	proximal	FOXM1,TULP3	.	8
chr12:2885311-2885583	proximal	ENSG00000278356	.	4
chr12:2903781-2903931	distal	.	.	6
chr12:29210833-29210983	distal	.	.	4
chr12:29380864-29381442	proximal	ERGIC2	.	4
chr12:30626818-30627116	distal	.	.	4
chr12:3067976-3068170	distal	.	.	4
chr12:30687531-30687691	distal	.	.	8
chr12:30754560-30755293	proximal	ENSG00000246331,LINC00941	.	16
chr12:30807503-30807728	distal	.	.	8
chr12:31073782-31074306	proximal	DDX11,DDX11-AS1	.	16
chr12:31078754-31079039	distal	.	.	4
chr12:31370100-31370326	proximal	LINC02387	.	12
chr12:3152490-3152640	distal	.	.	10
chr12:31532803-31532953	distal	.	.	2
chr12:31589669-31590195	proximal	DENND5B-AS1	.	4
chr12:31659072-31659705	distal	.	.	2
chr12:31728752-31729492	proximal	AMN1,ENSG00000276900	.	20
chr12:31944397-31944547	distal	.	.	8
chr12:31959091-31959583	proximal	LINC02422,RESF1	.	8
chr12:3200198-3200486	distal	.	.	8
chr12:32146256-32146438	distal	.	.	8
chr12:32288209-32288359	distal	.	.	8
chr12:3239605-3239755	distal	.	.	4
chr12:3245222-3245391	distal	.	.	8
chr12:32461489-32461639	distal	.	.	4
chr12:32755741-32756069	proximal	ENSG00000286950,YARS2	.	8
chr12:32756275-32756497	proximal	ENSG00000286950,YARS2	.	8
chr12:3300563-3300768	proximal	ENSG00000287712	.	4
chr12:3426078-3426232	distal	.	.	4
chr12:3752759-3753281	proximal	ENSG00000283138	.	4
chr12:38053708-38053952	distal	.	.	4
chr12:38639690-38639843	distal	.	.	4
chr12:3873022-3873541	proximal	PARP11	.	8
chr12:38905848-38906408	proximal	CPNE8-AS1	.	8
chr12:401307-401947	distal	.	.	4
chr12:4031033-4031232	distal	.	.	2
chr12:4031358-4031569	distal	.	.	4
chr12:42144562-42145147	proximal	GXYLT1	.	4
chr12:42174979-42175152	distal	.	.	8
chr12:42238037-42238437	proximal	PPHLN1,YAF2	.	4
chr12:42238622-42238833	proximal	PPHLN1,YAF2	.	20
chr12:42325816-42326225	proximal	ZCRB1	.	8
chr12:42362975-42363286	distal	.	.	2
chr12:42589684-42589835	proximal	PRICKLE1	.	4
chr12:42607176-42607326	distal	.	.	2
chr12:42742674-42742931	distal	.	.	8
chr12:42799545-42799695	distal	.	.	8
chr12:4320449-4321318	distal	.	.	2
chr12:43552045-43552218	proximal	ADAMTS20	.	4
chr12:43676260-43676440	distal	.	.	4
chr12:43739612-43739769	proximal	ENSG00000290959	.	2
chr12:43805852-43806710	proximal	TWF1	.	2
chr12:45050822-45051635	proximal	DBX2,DBX2-AS1	.	8
chr12:45216442-45216687	proximal	ANO6	.	2
chr12:45435777-45435931	distal	.	.	8
chr12:4560626-4560841	distal	.	.	4
chr12:4562129-4562308	proximal	DYRK4	.	4
chr12:45728720-45729089	proximal	ARID2,ENSG00000289229	.	4
chr12:45729260-45729736	proximal	ARID2,ENSG00000289229	.	4
chr12:459540-460058	proximal	B4GALNT3	.	4
chr12:45990446-45991011	proximal	ENSG00000289046	.	2
chr12:46133883-46134563	distal	.	.	4
chr12:46371291-46371628	proximal	SLC38A2-AS1	.	8
chr12:46382987-46384006	proximal	SLC38A4-AS1	.	4
chr12:47705591-47706152	proximal	RPAP3,RPAP3-DT	.	8
chr12:47717601-47717766	distal	.	.	2
chr12:47744725-47744875	distal	.	.	2
chr12:47802471-47802790	distal	.	.	10
chr12:47819840-47820250	distal	.	.	8
chr12:47850805-47850955	distal	.	.	10
chr12:48001465-48001855	distal	.	.	4
chr12:48021765-48021986	distal	.	.	8
chr12:48105728-48106385	proximal	PFKM,SENP1	.	8
chr12:48119176-48119782	distal	.	.	8
chr12:481481-481720	distal	.	.	2
chr12:48156973-48157784	distal	.	.	10
chr12:48183037-48183277	proximal	CCDC184	.	14
chr12:48189643-48189852	distal	.	.	2
chr12:48197806-48198473	proximal	ENSG00000269514	.	8
chr12:48350754-48351211	proximal	ENSG00000257735,ZNF641	.	24
chr12:48368863-48369022	distal	.	.	10
chr12:48442501-48442725	distal	.	.	2
chr12:48490972-48491206	distal	.	.	2
chr12:48681868-48682514	proximal	KANSL2	.	10
chr12:48716583-48717249	proximal	CCNT1	.	4
chr12:48795946-48796346	distal	.	.	4
chr12:48814486-48814946	proximal	CACNB3	.	6
chr12:48815023-48815682	distal	.	.	8
chr12:48851463-48851613	distal	.	.	8
chr12:48853332-48853635	proximal	DDX23	.	2
chr12:48936476-48936652	distal	.	.	14
chr12:48956461-48957089	proximal	ARF3,ENSG00000272822	.	4
chr12:48957175-48957744	proximal	ARF3,ENSG00000272822	.	12
chr12:48971526-48971759	proximal	WNT10B	.	6
chr12:49018229-49018909	proximal	PRKAG1	.	12
chr12:49060191-49060433	proximal	KMT2D	.	12
chr12:49060529-49061324	proximal	KMT2D	.	8
chr12:49064106-49064256	distal	.	.	4
chr12:49069665-49070259	proximal	RHEBL1	.	6
chr12:49087993-49088754	distal	.	.	10
chr12:49110541-49111130	proximal	LMBR1L	.	8
chr12:49130316-49130605	proximal	TUBA1B	.	8
chr12:49130665-49131205	proximal	TUBA1B	.	2
chr12:49131267-49131831	proximal	TUBA1B	.	8
chr12:49234491-49234714	distal	.	.	6
chr12:49234804-49235153	distal	.	.	4
chr12:49264577-49265169	proximal	ENSG00000258101	.	14
chr12:49265382-49265696	proximal	ENSG00000258101	.	8
chr12:49322886-49323586	proximal	TROAP	.	20
chr12:49336713-49337147	proximal	C1QL4	.	14
chr12:49342524-49342850	distal	.	.	4
chr12:49347133-49348247	proximal	DNAJC22	.	10
chr12:49366513-49367170	proximal	SPATS2	.	2
chr12:49367230-49367623	proximal	SPATS2	.	12
chr12:49386651-49386801	distal	.	.	4
chr12:49455324-49455476	distal	.	.	4
chr12:49514071-49514287	distal	.	.	2
chr12:49538740-49539012	proximal	ENSG00000287537,KCNH3	.	4
chr12:49545144-49545294	distal	.	.	8
chr12:49567614-49568284	proximal	MCRS1,PRPF40B	.	28
chr12:49568347-49568713	proximal	MCRS1,PRPF40B	.	4
chr12:49580324-49580795	distal	.	.	6
chr12:49623226-49623950	distal	.	.	16
chr12:49636908-49637168	distal	.	.	6
chr12:49637388-49637542	distal	.	.	2
chr12:49699143-49699305	distal	.	.	2
chr12:49707401-49707794	proximal	FMNL3,TMBIM6	.	20
chr12:49741049-49741906	distal	.	.	2
chr12:49741980-49742250	distal	.	.	2
chr12:49763109-49763259	distal	.	.	8
chr12:49812604-49812754	distal	.	.	4
chr12:49827824-49827974	proximal	BCDIN3D-AS1,NCKAP5L	.	4
chr12:49828098-49828822	proximal	BCDIN3D-AS1,NCKAP5L	.	32
chr12:49842777-49843282	proximal	BCDIN3D	.	10
chr12:49867221-49867403	distal	.	.	4
chr12:49923481-49923631	distal	.	.	14
chr12:49945310-49945821	distal	.	.	12
chr12:49967067-49967321	proximal	AQP6	.	6
chr12:49967503-49967667	proximal	AQP6	.	4
chr12:49970245-49970395	distal	.	.	4
chr12:50024924-50025848	distal	.	.	4
chr12:50033576-50033755	proximal	RACGAP1	.	4
chr12:50039329-50039690	distal	.	.	10
chr12:50056125-50056285	distal	.	.	8
chr12:50075237-50075447	distal	.	.	4
chr12:50084959-50085858	proximal	SMARCD1	.	10
chr12:50221357-50221509	distal	.	.	2
chr12:50362616-50362766	distal	.	.	8
chr12:50400649-50401147	distal	.	.	12
chr12:50416117-50416337	distal	.	.	4
chr12:50432572-50432768	distal	.	.	10
chr12:50504792-50505562	proximal	DIP2B	.	6
chr12:50575797-50575989	distal	.	.	2
chr12:50734632-50734939	distal	.	.	4
chr12:50763801-50764487	proximal	ATF1	.	4
chr12:50987070-50987220	distal	.	.	4
chr12:51047806-51048464	proximal	LETMD1	.	10
chr12:51082821-51083827	proximal	CSRNP2	.	4
chr12:51172502-51173516	proximal	TFCP2	.	2
chr12:51217331-51217510	proximal	POU6F1	.	2
chr12:51218294-51218622	proximal	POU6F1	.	2
chr12:51238613-51239330	proximal	DAZAP2	.	10
chr12:51270359-51270606	proximal	SMAGP	.	4
chr12:51275535-51275685	distal	.	.	2
chr12:51355030-51355236	distal	.	.	4
chr12:51390826-51391168	proximal	SLC4A8	.	4
chr12:51492642-51492863	distal	.	.	2
chr12:51846902-51847127	distal	.	.	2
chr12:51894995-51895372	distal	.	.	2
chr12:51951097-51951839	proximal	ACVR1B	.	8
chr12:51980386-51980592	distal	.	.	4
chr12:51993193-51993361	distal	.	.	6
chr12:52023756-52023952	distal	.	.	2
chr12:52032959-52033246	distal	.	.	4
chr12:52043052-52043272	distal	.	.	6
chr12:52069344-52070276	proximal	ATG101	.	8
chr12:52080013-52080163	proximal	SMIM41	.	4
chr12:52152161-52152368	distal	.	.	2
chr12:52157271-52157431	distal	.	.	4
chr12:52279028-52279209	proximal	ENSG00000257830	.	4
chr12:525135-525308	distal	.	.	2
chr12:52724629-52724779	distal	.	.	8
chr12:52879542-52879752	distal	.	.	2
chr12:52879874-52880138	distal	.	.	8
chr12:52903456-52903713	distal	.	.	4
chr12:52980892-52981364	distal	.	.	6
chr12:53006020-53007229	proximal	EIF4B	.	4
chr12:53046922-53047448	proximal	TNS2	.	4
chr12:53054413-53054840	proximal	TNS2-AS1	.	8
chr12:53066068-53066264	distal	.	.	2
chr12:53159459-53159772	proximal	ENSG00000257808	.	4
chr12:53159918-53160127	proximal	ENSG00000257808	.	4
chr12:53180338-53181186	proximal	CSAD,ZNF740	.	8
chr12:53189832-53190128	distal	.	.	6
chr12:53206334-53206484	proximal	ITGB7	.	6
chr12:53220679-53221292	distal	.	.	10
chr12:53221494-53221695	distal	.	.	10
chr12:53241929-53242222	proximal	ENSG00000283536	.	4
chr12:53251932-53252393	proximal	MFSD5	.	4
chr12:53295366-53295586	proximal	ENSG00000288663,PFDN5	.	28
chr12:53321205-53321790	distal	.	.	4
chr12:53324787-53325247	proximal	AAAS	.	4
chr12:53328344-53328512	distal	.	.	8
chr12:53344751-53345197	proximal	SP7	.	4
chr12:53345350-53345511	proximal	SP7	.	2
chr12:53352720-53352918	distal	.	.	14
chr12:53371187-53371525	distal	.	.	6
chr12:53421514-53421851	distal	.	.	6
chr12:53441085-53441859	proximal	ENSG00000257379,PRR13	.	8
chr12:53452476-53452751	proximal	PCBP2	.	10
chr12:53492732-53493294	distal	.	.	14
chr12:53500636-53501618	proximal	ENSG00000270175,TARBP2	.	16
chr12:53508523-53508861	distal	.	.	18
chr12:53625809-53626579	proximal	ATF7,ATF7-NPFF	.	8
chr12:53633403-53633553	distal	.	.	2
chr12:53675823-53676420	distal	.	.	2
chr12:53676513-53676983	proximal	ATP5MC2	.	4
chr12:53695492-53695881	distal	.	.	4
chr12:53696347-53696564	distal	.	.	8
chr12:53701877-53702035	distal	.	.	8
chr12:53727435-53727824	proximal	CALCOCO1	.	10
chr12:53743657-53743924	distal	.	.	2
chr12:53767822-53767972	distal	.	.	2
chr12:53800153-53800379	distal	.	.	6
chr12:53820512-53820701	distal	.	.	6
chr12:53939799-53940042	proximal	HOXC13-AS	.	8
chr12:53973347-53973498	proximal	HOXC11	.	6
chr12:53974202-53974533	proximal	HOTAIR	.	6
chr12:53984887-53985169	proximal	ENSG00000273049,HOXC-AS3,HOXC10	.	18
chr12:53985327-53985628	proximal	ENSG00000273049,HOXC-AS3,HOXC10	.	12
chr12:53994714-53994865	proximal	HOXC9	.	28
chr12:54017878-54018264	proximal	ENSG00000273046	.	4
chr12:54032682-54032949	proximal	HOXC5	.	10
chr12:54033472-54033783	proximal	HOXC5	.	4
chr12:54036939-54037212	distal	.	.	12
chr12:54054105-54054572	distal	.	.	4
chr12:54080316-54080466	distal	.	.	2
chr12:54081355-54082335	proximal	ENSG00000249388,ENSG00000291180	.	32
chr12:54110190-54110397	distal	.	.	4
chr12:54146600-54146929	proximal	ENSG00000260470	.	14
chr12:54166607-54166846	distal	.	.	8
chr12:54173374-54173571	distal	.	.	4
chr12:54188878-54189290	proximal	SMUG1	.	4
chr12:54191630-54191876	distal	.	.	10
chr12:54201419-54201812	distal	.	.	10
chr12:54262723-54262918	proximal	SCAT2	.	6
chr12:54287678-54287852	distal	.	.	16
chr12:54300814-54301205	proximal	COPZ1,NFE2	.	32
chr12:54325283-54325476	distal	.	.	4
chr12:54368799-54369145	distal	.	.	12
chr12:54370250-54370539	distal	.	.	12
chr12:54379503-54379856	distal	.	.	12
chr12:54439675-54439825	distal	.	.	4
chr12:54505621-54505809	distal	.	.	8
chr12:54549238-54549565	proximal	PDE1B	.	2
chr12:54579788-54580010	distal	.	.	8
chr12:54588770-54589007	proximal	PPP1R1A	.	2
chr12:54684947-54685097	distal	.	.	2
chr12:54973992-54974142	distal	.	.	2
chr12:55632112-55632301	distal	.	.	8
chr12:55646178-55646536	distal	.	.	16
chr12:55681476-55681820	proximal	METTL7B	.	6
chr12:55715935-55716158	proximal	BLOC1S1,ENSG00000258311,ITGA7	.	12
chr12:55716350-55716740	proximal	BLOC1S1,ENSG00000258311,ITGA7	.	24
chr12:55728327-55728591	proximal	CD63-AS1	.	6
chr12:55738404-55738672	distal	.	.	16
chr12:55742990-55743572	proximal	GDF11	.	2
chr12:55764492-55764784	distal	.	.	2
chr12:55817285-55817453	proximal	ORMDL2,SARNP	.	16
chr12:55829451-55829928	distal	.	.	12
chr12:55830001-55830250	proximal	DNAJC14	.	4
chr12:55940137-55940521	distal	.	.	12
chr12:55966638-55967083	proximal	CDK2,ENSG00000258554	.	4
chr12:55973450-55974534	proximal	PMEL,RAB5B	.	12
chr12:55996987-55997355	proximal	SUOX	.	2
chr12:56007270-56008109	proximal	IKZF4	.	4
chr12:56041240-56041401	proximal	ENSG00000257449,RPS26	.	28
chr12:56078997-56079496	distal	.	.	16
chr12:56079758-56080323	distal	.	.	16
chr12:56095315-56095523	distal	.	.	4
chr12:56103946-56105100	proximal	PA2G4	.	2
chr12:56116229-56116379	proximal	RPL41	.	8
chr12:56117918-56118333	proximal	ESYT1,ZC3H10	.	12
chr12:56118400-56118611	proximal	ESYT1,ZC3H10	.	12
chr12:56127838-56128331	distal	.	.	12
chr12:56129233-56129383	proximal	ENSG00000258317	.	8
chr12:56152151-56152671	proximal	MYL6B	.	6
chr12:56157651-56158516	proximal	MYL6,MYL6B-AS1	.	8
chr12:56189443-56190463	proximal	ENSG00000258199,SMARCC2	.	8
chr12:56224029-56224417	distal	.	.	12
chr12:56257509-56257676	proximal	ANKRD52	.	6
chr12:56257966-56258475	proximal	ANKRD52	.	6
chr12:56266732-56267387	proximal	COQ10A	.	10
chr12:56299891-56300865	proximal	CNPY2-AS1,CS	.	24
chr12:56315699-56316544	proximal	CNPY2,ENSG00000144785	.	4
chr12:56333686-56334451	proximal	IL23A,PAN2	.	12
chr12:56359891-56360623	proximal	STAT2	.	20
chr12:56412532-56412702	proximal	ENSG00000276272	.	10
chr12:56449004-56449715	proximal	TIMELESS	.	10
chr12:56464379-56464614	distal	.	.	4
chr12:56468442-56468631	proximal	MIP,SPRYD4	.	16
chr12:56488115-56488752	proximal	ENSG00000285528,GLS2	.	24
chr12:56573451-56573650	distal	.	.	10
chr12:56590234-56590544	distal	.	.	22
chr12:56630271-56630487	distal	.	.	20
chr12:56636290-56636545	proximal	BAZ2A	.	4
chr12:56636761-56637266	proximal	BAZ2A	.	12
chr12:56685402-56685562	distal	.	.	14
chr12:56688197-56688665	proximal	PTGES3	.	2
chr12:56688770-56689015	proximal	PTGES3	.	8
chr12:56689183-56689746	distal	.	.	28
chr12:56710868-56711018	distal	.	.	8
chr12:56724925-56725617	distal	.	.	12
chr12:56751967-56752557	proximal	HSD17B6,PRIM1	.	32
chr12:56831612-56831762	distal	.	.	2
chr12:56958029-56958179	distal	.	.	6
chr12:569792-570220	distal	.	.	8
chr12:56987680-56987882	proximal	ENSG00000287715	.	2
chr12:57062699-57062883	distal	.	.	16
chr12:57078547-57079229	distal	.	.	8
chr12:57088445-57089097	proximal	NAB2,NEMP1	.	20
chr12:57110265-57110698	distal	.	.	12
chr12:57124380-57124546	distal	.	.	2
chr12:57127834-57128462	proximal	LRP1	.	8
chr12:57146564-57146769	proximal	LRP1-AS	.	2
chr12:57160992-57161235	distal	.	.	4
chr12:57175614-57175826	distal	.	.	10
chr12:57175907-57176057	distal	.	.	8
chr12:57195890-57196207	distal	.	.	22
chr12:57213422-57213596	distal	.	.	6
chr12:57217837-57218004	distal	.	.	8
chr12:57239196-57239426	distal	.	.	8
chr12:57261583-57261733	distal	.	.	8
chr12:57342300-57342648	distal	.	.	12
chr12:57349691-57349881	distal	.	.	4
chr12:57430572-57431233	proximal	R3HDM2,R3HDM2-DT	.	20
chr12:57452957-57453173	proximal	INHBE	.	8
chr12:57459192-57459384	proximal	GLI1	.	4
chr12:57462639-57462925	proximal	ENSG00000287200	.	12
chr12:57487890-57488310	proximal	ARHGAP9	.	4
chr12:57520438-57520966	proximal	ENSG00000285133,MBD6	.	20
chr12:57522304-57522970	proximal	DDIT3	.	2
chr12:57523063-57523278	distal	.	.	4
chr12:57546864-57547396	proximal	DCTN2	.	8
chr12:57549932-57550365	distal	.	.	4
chr12:57590793-57590950	proximal	PIP4K2C	.	6
chr12:57591055-57591551	proximal	PIP4K2C	.	4
chr12:576107-576391	distal	.	.	6
chr12:57611670-57611829	distal	.	.	4
chr12:57736527-57736677	distal	.	.	8
chr12:57739036-57739205	distal	.	.	4
chr12:57754824-57755046	proximal	MARCHF9	.	14
chr12:57771694-57772666	proximal	EEF1AKMT3,ENSG00000257921,METTL1	.	12
chr12:57782592-57782840	proximal	TSFM	.	2
chr12:57789094-57789315	distal	.	.	2
chr12:57846931-57847237	proximal	CTDSP2	.	4
chr12:57865480-57865668	distal	.	.	2
chr12:57889058-57889235	distal	.	.	4
chr12:57896683-57896867	proximal	ENSG00000245651	.	4
chr12:57897065-57897290	proximal	ENSG00000245651	.	8
chr12:5951256-5951423	distal	.	.	2
chr12:5960806-5961033	distal	.	.	8
chr12:6099167-6099317	distal	.	.	8
chr12:6124272-6124422	proximal	VWF	.	2
chr12:62269936-62270086	distal	.	.	12
chr12:62595126-62595276	distal	.	.	2
chr12:62603113-62603865	proximal	ENSG00000275180,LINC01465,MIRLET7IHG	.	36
chr12:62751861-62752204	distal	.	.	12
chr12:6278645-6279015	distal	.	.	10
chr12:62866089-62866268	distal	.	.	14
chr12:6296046-6296196	distal	.	.	24
chr12:62971313-62971470	distal	.	.	2
chr12:6323300-6323503	distal	.	.	14
chr12:6326404-6326554	distal	.	.	4
chr12:63420263-63420717	distal	.	.	2
chr12:6371244-6371463	distal	.	.	8
chr12:6376465-6376899	distal	.	.	2
chr12:64003215-64003365	distal	.	.	2
chr12:6423650-6424038	distal	.	.	6
chr12:643018-643209	distal	.	.	2
chr12:6451345-6451580	proximal	CD27-AS1,TAPBPL	.	12
chr12:64582639-64582801	distal	.	.	2
chr12:6470044-6470466	proximal	VAMP1	.	12
chr12:6470554-6471249	proximal	VAMP1	.	8
chr12:64758730-64759251	proximal	ENSG00000288591,GNS,TBC1D30	.	18
chr12:64759358-64759664	proximal	ENSG00000288591,GNS,TBC1D30	.	18
chr12:64781038-64781375	distal	.	.	2
chr12:6493178-6493420	proximal	MRPL51,NCAPD2	.	24
chr12:6493572-6494159	proximal	MRPL51,NCAPD2	.	16
chr12:65251078-65251327	distal	.	.	2
chr12:6533507-6533745	proximal	GAPDH,GAPDH-DT	.	28
chr12:6533950-6534533	proximal	GAPDH,GAPDH-DT	.	40
chr12:65510488-65510715	distal	.	.	2
chr12:6554177-6554367	distal	.	.	20
chr12:6554502-6554661	distal	.	.	6
chr12:6556018-6556402	proximal	IFFO1	.	14
chr12:65603155-65603305	distal	.	.	8
chr12:65603523-65603697	distal	.	.	2
chr12:6563522-6563695	distal	.	.	12
chr12:65728879-65729740	distal	.	.	2
chr12:6580402-6580640	distal	.	.	42
chr12:65825169-65825319	proximal	HMGA2	.	2
chr12:66066289-66066547	distal	.	.	2
chr12:66066659-66066967	distal	.	.	4
chr12:6607752-6607927	proximal	ENSG00000285238	.	4
chr12:66092978-66093128	distal	.	.	2
chr12:6613058-6613267	distal	.	.	20
chr12:66130644-66130901	proximal	LLPH,LLPH-DT	.	8
chr12:6613594-6614590	proximal	CHD4	.	12
chr12:66169275-66169466	proximal	ENSG00000228144,TMBIM4	.	8
chr12:66169558-66170130	proximal	ENSG00000228144,TMBIM4	.	8
chr12:66234847-66235403	distal	.	.	8
chr12:66294055-66294246	distal	.	.	8
chr12:66302220-66302892	proximal	HELB	.	2
chr12:6662804-6662988	proximal	ENSG00000219410,ING4	.	8
chr12:6663084-6663543	proximal	ENSG00000219410,ING4	.	24
chr12:6672484-6672634	distal	.	.	4
chr12:66744959-66745163	distal	.	.	2
chr12:6688878-6689237	proximal	ENSG00000289303,ZNF384	.	4
chr12:6689317-6689818	proximal	ENSG00000289303,ZNF384	.	28
chr12:6697880-6698074	distal	.	.	10
chr12:6700331-6700696	proximal	PIANP	.	6
chr12:67069544-67069854	proximal	GRIP1	.	2
chr12:6723724-6724755	proximal	COPS7A,ENSG00000288814	.	32
chr12:67268712-67268946	proximal	CAND1	.	2
chr12:67269059-67269710	proximal	CAND1	.	4
chr12:6752845-6753285	distal	.	.	10
chr12:6753407-6753907	distal	.	.	2
chr12:6764087-6764706	distal	.	.	18
chr12:67648592-67649149	proximal	DYRK2	.	2
chr12:6778341-6778519	distal	.	.	4
chr12:6778613-6779163	distal	.	.	14
chr12:68209099-68209694	distal	.	.	4
chr12:6821354-6821987	proximal	GPR162	.	28
chr12:68245327-68245786	distal	.	.	10
chr12:68332158-68332657	proximal	MDM1	.	18
chr12:6851236-6851488	proximal	CDCA3,USP5	.	12
chr12:68565582-68565791	distal	.	.	4
chr12:68610371-68610958	proximal	ENSG00000289173,RAP1B	.	8
chr12:68611103-68611659	proximal	ENSG00000289173,RAP1B	.	12
chr12:6867383-6867651	proximal	TPI1	.	10
chr12:68676273-68676743	distal	.	.	10
chr12:68686581-68687079	proximal	NUP107,NUP107-DT	.	4
chr12:6873259-6873630	proximal	LRRC23	.	14
chr12:68745960-68746338	proximal	SLC35E3	.	4
chr12:68830347-68830702	distal	.	.	4
chr12:68878097-68878247	distal	.	.	4
chr12:6890999-6891532	distal	.	.	4
chr12:68933032-68933734	distal	.	.	4
chr12:6904647-6904936	distal	.	.	8
chr12:69070415-69070616	distal	.	.	4
chr12:69077993-69078143	distal	.	.	4
chr12:69105127-69105352	distal	.	.	2
chr12:6914219-6914893	proximal	ENO2	.	2
chr12:6915652-6915852	distal	.	.	10
chr12:69239119-69240294	proximal	CPSF6	.	12
chr12:6927589-6927903	distal	.	.	20
chr12:69278827-69279009	distal	.	.	2
chr12:69291047-69291253	distal	.	.	10
chr12:69359644-69360458	proximal	YEATS4	.	8
chr12:6936709-6936868	distal	.	.	4
chr12:6937871-6938276	distal	.	.	10
chr12:6943455-6943626	proximal	C12orf57	.	4
chr12:69470584-69471095	proximal	FRS2	.	10
chr12:69484622-69484828	distal	.	.	2
chr12:69528985-69529137	distal	.	.	2
chr12:69585254-69586047	proximal	CCT2	.	8
chr12:6961354-6961571	distal	.	.	2
chr12:69616536-69616756	distal	.	.	4
chr12:6961786-6962017	distal	.	.	6
chr12:6962115-6962265	distal	.	.	4
chr12:69644040-69644190	distal	.	.	8
chr12:6970061-6970485	proximal	EMG1,ENSG00000290146,PHB2	.	12
chr12:6970580-6971052	proximal	EMG1,ENSG00000290146,PHB2	.	72
chr12:69709746-69709896	distal	.	.	2
chr12:69738425-69739595	proximal	ENSG00000247131,RAB3IP	.	8
chr12:6988402-6988580	proximal	C1S	.	12
chr12:70163351-70163534	distal	.	.	12
chr12:7018463-7019059	proximal	LPCAT3	.	10
chr12:70365501-70366008	proximal	KCNMB4	.	4
chr12:70366108-70366472	proximal	KCNMB4	.	2
chr12:7060644-7060794	distal	.	.	10
chr12:7109199-7109408	proximal	C1RL	.	6
chr12:7142160-7142338	distal	.	.	2
chr12:71483445-71483644	distal	.	.	4
chr12:71546881-71547057	distal	.	.	2
chr12:71639739-71639908	distal	.	.	2
chr12:71686299-71686543	proximal	TMEM19	.	4
chr12:7189013-7189187	proximal	ENSG00000255572,PEX5	.	12
chr12:7189497-7189647	proximal	ENSG00000255572,PEX5	.	4
chr12:7189870-7190048	proximal	ENSG00000255572	.	4
chr12:72316744-72316894	distal	.	.	2
chr12:72346363-72346628	distal	.	.	2
chr12:72520408-72520602	distal	.	.	2
chr12:72640279-72640569	distal	.	.	2
chr12:751119-751562	distal	.	.	2
chr12:75390765-75391436	proximal	CAPS2,GLIPR1L2	.	4
chr12:75511174-75511887	proximal	KRR1	.	4
chr12:76031210-76032179	proximal	PHLDA1,PHLDA1-DT	.	8
chr12:76084655-76085189	proximal	NAP1L1	.	8
chr12:76530479-76530639	distal	.	.	4
chr12:76558915-76559073	proximal	ENSG00000257526,OSBPL8	.	12
chr12:76559414-76560062	proximal	ENSG00000257526,OSBPL8	.	16
chr12:76763803-76764629	proximal	ZDHHC17	.	4
chr12:76829180-76829330	distal	.	.	2
chr12:76878332-76878496	proximal	CSRP2,ENSG00000257910	.	36
chr12:76878792-76879431	proximal	CSRP2,ENSG00000257910	.	8
chr12:76909415-76909594	distal	.	.	4
chr12:76938778-76938933	distal	.	.	10
chr12:77324775-77325111	proximal	NAV3	.	4
chr12:7833039-7833189	distal	.	.	4
chr12:78863854-78864089	proximal	SYT1	.	2
chr12:78864538-78864790	proximal	SYT1	.	2
chr12:78864992-78865156	distal	.	.	2
chr12:79045162-79045926	proximal	ENSG00000257191	.	4
chr12:79108941-79109091	distal	.	.	2
chr12:79768893-79769090	distal	.	.	4
chr12:79934639-79935555	proximal	PPP1R12A,PPP1R12A-AS1	.	8
chr12:80149801-80150167	distal	.	.	4
chr12:80186780-80186980	distal	.	.	8
chr12:8032590-8032940	proximal	FOXJ2	.	8
chr12:8081876-8082288	proximal	ENSG00000284697	.	4
chr12:80937521-80938036	proximal	LIN7A	.	4
chr12:814182-814450	distal	.	.	2
chr12:8179830-8179997	proximal	FAM66C	.	4
chr12:8237594-8237744	distal	.	.	6
chr12:8242879-8243909	proximal	ENSG00000286895,ENSG00000290940	.	8
chr12:8396664-8396985	proximal	LINC00937	.	4
chr12:84363235-84363385	distal	.	.	4
chr12:84877109-84877351	distal	.	.	2
chr12:84898229-84898379	distal	.	.	4
chr12:84911336-84911728	distal	.	.	2
chr12:84912691-84913025	proximal	SLC6A15	.	4
chr12:85182742-85183004	distal	.	.	4
chr12:85280003-85280960	proximal	ALX1	.	4
chr12:8681485-8681838	proximal	RIMKLB	.	4
chr12:8692670-8692972	distal	.	.	4
chr12:8880370-8880586	distal	.	.	8
chr12:8891102-8891275	distal	.	.	14
chr12:8933209-8933359	distal	.	.	8
chr12:8949274-8950140	proximal	KLRG1,M6PR	.	12
chr12:89709952-89710286	proximal	ATP2B1	.	4
chr12:89768977-89769772	distal	.	.	2
chr12:89812491-89812641	distal	.	.	4
chr12:90091291-90091441	distal	.	.	2
chr12:92667285-92667435	distal	.	.	8
chr12:93377700-93378127	proximal	ENSG00000257252,NUDT4	.	8
chr12:93570283-93570673	proximal	SOCS2	.	4
chr12:93886397-93887014	distal	.	.	12
chr12:94101443-94101811	distal	.	.	8
chr12:94459796-94460318	proximal	CEP83,CEP83-DT	.	16
chr12:94650050-94650289	proximal	TMCC3	.	2
chr12:94699987-94700302	distal	.	.	8
chr12:94750494-94750677	distal	.	.	2
chr12:94939793-94940025	distal	.	.	2
chr12:949401-950038	distal	.	.	8
chr12:95003373-95003910	proximal	NDUFA12	.	4
chr12:95003991-95004175	proximal	NDUFA12	.	4
chr12:95072738-95073804	proximal	NR2C1	.	4
chr12:95217136-95217926	proximal	FGD6,VEZT	.	12
chr12:95473776-95474263	proximal	METAP2	.	14
chr12:95474515-95474665	distal	.	.	4
chr12:95548264-95548734	distal	.	.	10
chr12:95647716-95647961	distal	.	.	4
chr12:95691040-95691190	distal	.	.	2
chr12:95858762-95859225	proximal	SNRPF,SNRPF-DT	.	8
chr12:95918582-95918775	distal	.	.	4
chr12:95942456-95942797	proximal	AMDHD1,CCDC38	.	16
chr12:95942963-95943446	proximal	AMDHD1,CCDC38	.	8
chr12:96035281-96036118	distal	.	.	2
chr12:96167468-96167618	distal	.	.	2
chr12:96417048-96417199	distal	.	.	2
chr12:96453055-96453205	distal	.	.	2
chr12:98491077-98491261	distal	.	.	8
chr12:98515169-98515364	proximal	TMPO	.	4
chr12:98515443-98515685	proximal	TMPO,TMPO-AS1	.	8
chr12:98645454-98645778	proximal	APAF1,IKBIP	.	8
chr12:990601-991564	proximal	ENSG00000250132,ERC1	.	16
chr12:99437499-99437714	distal	.	.	12
chr13:100088797-100089729	proximal	PCCA,PCCA-DT	.	8
chr13:100342703-100342895	distal	.	.	8
chr13:100443331-100443611	distal	.	.	4
chr13:100588762-100588930	proximal	GGACT	.	4
chr13:102773749-102774311	proximal	TEX30	.	6
chr13:102798744-102799104	proximal	BIVM,BIVM-ERCC5,POGLUT2	.	6
chr13:110306945-110307132	proximal	COL4A1	.	4
chr13:110615390-110615625	proximal	ENSG00000275880,NAXD	.	8
chr13:110706014-110706601	distal	.	.	2
chr13:110712738-110713373	proximal	CARS2,ING1	.	12
chr13:110713502-110713652	proximal	CARS2,ING1	.	4
chr13:110715400-110715747	distal	.	.	4
chr13:110870049-110870599	proximal	PRECSIT	.	8
chr13:110874676-110874863	distal	.	.	8
chr13:110914470-110914703	proximal	ANKRD10	.	4
chr13:111062839-111063019	distal	.	.	2
chr13:111223507-111223657	distal	.	.	6
chr13:111239022-111239172	distal	.	.	6
chr13:111382496-111382681	distal	.	.	8
chr13:112587435-112587988	proximal	TUBGCP3	.	4
chr13:112689806-112690286	proximal	ATP11A,ENSG00000274922	.	4
chr13:112942853-112943033	distal	.	.	2
chr13:113153978-113154442	proximal	ENSG00000283828	.	6
chr13:113208589-113208754	proximal	CUL4A,PCID2	.	4
chr13:113208962-113209572	proximal	PCID2	.	4
chr13:113296768-113297747	proximal	LAMP1	.	4
chr13:113328194-113328367	distal	.	.	4
chr13:113364113-113364406	proximal	GRTP1	.	2
chr13:113397770-113397955	distal	.	.	6
chr13:113490513-113490868	proximal	DCUN1D2,TMCO3	.	8
chr13:113490939-113491186	proximal	DCUN1D2,TMCO3	.	8
chr13:113584423-113584841	proximal	TFDP1	.	4
chr13:113667649-113667799	proximal	GRK1	.	4
chr13:113854745-113854974	distal	.	.	8
chr13:114234643-114234992	proximal	CDC16	.	2
chr13:114334785-114334935	proximal	LINC01054	.	2
chr13:19109142-19109295	distal	.	.	8
chr13:19633343-19633763	proximal	MPHOSPH8	.	8
chr13:19664814-19664964	distal	.	.	4
chr13:19825736-19825933	distal	.	.	2
chr13:19863457-19863903	proximal	ENSG00000275964,ZMYM5	.	8
chr13:19957958-19958318	proximal	ENSG00000289235,ZMYM2	.	4
chr13:19960206-19960379	distal	.	.	2
chr13:20184224-20184374	distal	.	.	4
chr13:20703970-20704585	proximal	ENSG00000278291	.	4
chr13:21113696-21113846	distal	.	.	8
chr13:21176384-21176801	proximal	MRPL57,SKA3	.	12
chr13:21459354-21459572	proximal	ZDHHC20	.	4
chr13:24141727-24141910	distal	.	.	2
chr13:24618201-24618351	distal	.	.	2
chr13:25047136-25047507	distal	.	.	2
chr13:25375864-25376014	distal	.	.	2
chr13:26557412-26557754	proximal	WASF3	.	2
chr13:27022904-27023279	distal	.	.	4
chr13:27035010-27035181	distal	.	.	4
chr13:27170907-27171057	proximal	USP12	.	2
chr13:27270632-27271302	proximal	RASL11A	.	2
chr13:27339395-27339599	distal	.	.	2
chr13:27449927-27450681	proximal	ENSG00000289827,MTIF3	.	8
chr13:27533146-27533458	distal	.	.	2
chr13:27545481-27545773	distal	.	.	2
chr13:27620169-27620902	proximal	LNX2,POLR1D	.	16
chr13:27621665-27621884	distal	.	.	4
chr13:27792649-27793018	proximal	GSX1	.	2
chr13:27826601-27826848	distal	.	.	8
chr13:27919907-27920317	proximal	PDX1	.	12
chr13:27968689-27969436	proximal	CDX2	.	4
chr13:27988540-27988771	proximal	URAD	.	4
chr13:28016351-28016532	distal	.	.	8
chr13:28100334-28100820	proximal	FLT3	.	4
chr13:28138075-28138246	proximal	PAN3,PAN3-AS1	.	8
chr13:28138316-28138505	proximal	PAN3,PAN3-AS1	.	4
chr13:28139107-28139620	proximal	PAN3	.	12
chr13:28303116-28303268	distal	.	.	4
chr13:28324324-28324526	distal	.	.	4
chr13:28350352-28350610	distal	.	.	2
chr13:28357864-28358014	distal	.	.	2
chr13:28576769-28576932	distal	.	.	2
chr13:28619237-28619387	distal	.	.	8
chr13:28658831-28659195	proximal	ENSG00000289569,POMP	.	8
chr13:28693683-28693838	distal	.	.	8
chr13:28796709-28796904	distal	.	.	2
chr13:29428910-29429092	distal	.	.	2
chr13:29924131-29924438	distal	.	.	4
chr13:30205590-30205740	distal	.	.	8
chr13:30306778-30307847	proximal	KATNAL1	.	4
chr13:30408319-30408621	proximal	ENSG00000289302	.	8
chr13:30421556-30422481	proximal	LINC01058,UBE2L5	.	8
chr13:30445739-30446031	distal	.	.	2
chr13:30482923-30483092	distal	.	.	2
chr13:30542340-30542490	distal	.	.	4
chr13:30548109-30548259	distal	.	.	4
chr13:30744078-30744405	distal	.	.	2
chr13:30832983-30833349	distal	.	.	4
chr13:30865393-30865595	distal	.	.	2
chr13:31161782-31162768	proximal	HSPH1	.	4
chr13:31752520-31752787	distal	.	.	4
chr13:32523498-32523673	distal	.	.	2
chr13:32750691-32750844	distal	.	.	2
chr13:32791928-32792191	distal	.	.	2
chr13:32847643-32847807	distal	.	.	2
chr13:36673597-36674060	proximal	SERTM1	.	2
chr13:36999161-36999461	proximal	EXOSC8	.	2
chr13:38349404-38349918	proximal	LINC00571,UFM1	.	4
chr13:38686619-38687288	proximal	FREM2	.	4
chr13:39655532-39656422	proximal	COG6	.	4
chr13:40116151-40116406	distal	.	.	4
chr13:40225794-40225944	distal	.	.	2
chr13:40325731-40325881	distal	.	.	2
chr13:40613571-40613859	distal	.	.	8
chr13:40664275-40665018	distal	.	.	4
chr13:40770818-40771333	proximal	MRPS31	.	2
chr13:40777267-40777444	distal	.	.	2
chr13:40789228-40789611	proximal	SLC25A15	.	6
chr13:40921277-40921558	proximal	ENSG00000290476,SUGT1P3	.	8
chr13:40974571-40974923	distal	.	.	4
chr13:41005503-41005839	distal	.	.	2
chr13:41054349-41054507	distal	.	.	10
chr13:41061184-41061918	proximal	ELF1,WBP4	.	8
chr13:41194011-41194337	proximal	KBTBD7	.	2
chr13:41194471-41194776	proximal	KBTBD7	.	4
chr13:41310965-41311664	proximal	NAA16	.	4
chr13:41352355-41352505	distal	.	.	4
chr13:41353126-41353276	distal	.	.	6
chr13:41458214-41458523	proximal	RGCC	.	2
chr13:41710797-41710947	distal	.	.	2
chr13:41876301-41876540	distal	.	.	10
chr13:41911031-41911263	distal	.	.	2
chr13:41919379-41919690	distal	.	.	4
chr13:41960771-41960958	proximal	VWA8	.	4
chr13:41961017-41961464	proximal	VWA8	.	6
chr13:42003839-42003989	distal	.	.	4
chr13:42048625-42049323	distal	.	.	2
chr13:42272619-42272786	proximal	AKAP11	.	6
chr13:42991979-42992247	proximal	EPSTI1	.	4
chr13:43058403-43058648	distal	.	.	8
chr13:43110866-43111016	distal	.	.	8
chr13:43600614-43600764	distal	.	.	2
chr13:43649701-43649851	distal	.	.	2
chr13:43756208-43756391	distal	.	.	4
chr13:43878979-43879664	proximal	CCDC122,LACC1	.	16
chr13:43879730-43880095	proximal	CCDC122,LACC1	.	8
chr13:44108066-44108216	distal	.	.	2
chr13:44141689-44142563	distal	.	.	10
chr13:44156006-44156411	distal	.	.	2
chr13:44374193-44374415	proximal	SERP2	.	4
chr13:44410153-44410303	distal	.	.	2
chr13:44435134-44435536	distal	.	.	2
chr13:44436825-44437296	distal	.	.	2
chr13:44465103-44465253	distal	.	.	2
chr13:44483765-44483992	distal	.	.	2
chr13:44779416-44779566	distal	.	.	2
chr13:44789228-44789378	distal	.	.	4
chr13:44917724-44918545	distal	.	.	2
chr13:44989721-44989893	proximal	GPALPP1,NUFIP1	.	8
chr13:45120281-45120807	proximal	GTF2F2	.	4
chr13:45329738-45329977	distal	.	.	4
chr13:45371100-45371250	distal	.	.	2
chr13:45417808-45418299	proximal	SLC25A30,SLC25A30-AS1	.	8
chr13:45418358-45418608	proximal	SLC25A30,SLC25A30-AS1	.	8
chr13:45465179-45465342	proximal	COG3	.	4
chr13:45471266-45471477	distal	.	.	4
chr13:45717971-45718370	distal	.	.	2
chr13:45811218-45811383	distal	.	.	8
chr13:48303935-48304129	proximal	RB1,RB1-DT	.	8
chr13:48508891-48509053	distal	.	.	8
chr13:48975648-48975995	proximal	FNDC3A	.	4
chr13:49219941-49220505	proximal	MLNR	.	2
chr13:49242084-49242248	distal	.	.	6
chr13:49247761-49248432	proximal	CDADC1,ENSG00000288743	.	8
chr13:49585541-49585816	proximal	RCBTB1	.	2
chr13:49607104-49607338	distal	.	.	2
chr13:49642139-49642480	distal	.	.	4
chr13:49680005-49680155	distal	.	.	2
chr13:49690852-49691725	proximal	EBPL	.	8
chr13:49792243-49793185	proximal	ENSG00000276436,KPNA3	.	32
chr13:49913240-49913498	distal	.	.	8
chr13:49978219-49978369	distal	.	.	16
chr13:49996662-49997588	distal	.	.	4
chr13:50007936-50008220	distal	.	.	2
chr13:50061542-50061817	distal	.	.	2
chr13:50081471-50081648	proximal	DLEU1	.	4
chr13:50118762-50119038	distal	.	.	14
chr13:50124133-50124932	distal	.	.	20
chr13:50125017-50125187	proximal	DLEU2,ENSG00000274270	.	24
chr13:50125415-50125805	proximal	DLEU2,ENSG00000274270	.	8
chr13:50244889-50245315	distal	.	.	12
chr13:50346597-50346798	distal	.	.	2
chr13:50378546-50378731	distal	.	.	4
chr13:50529194-50529768	distal	.	.	6
chr13:50561866-50562197	distal	.	.	2
chr13:50617207-50617357	distal	.	.	2
chr13:50742979-50743262	distal	.	.	2
chr13:50909694-50909909	proximal	RNASEH2B,RNASEH2B-AS1	.	8
chr13:51080416-51080885	distal	.	.	2
chr13:51090472-51090622	distal	.	.	8
chr13:51222023-51222448	proximal	FAM124A	.	4
chr13:52128987-52129223	proximal	ENSG00000273523,NEK5	.	12
chr13:52194332-52194588	proximal	MRPS31P5	.	4
chr13:52317043-52317202	distal	.	.	8
chr13:52356503-52356653	distal	.	.	8
chr13:52440894-52441234	distal	.	.	4
chr13:52450059-52450499	proximal	VPS36	.	4
chr13:52450559-52450874	proximal	VPS36	.	4
chr13:52599924-52600518	proximal	ENSG00000273784,ENSG00000290856	.	8
chr13:52651985-52652489	proximal	SUGT1,SUGT1-DT	.	8
chr13:52652550-52652968	proximal	SUGT1,SUGT1-DT	.	4
chr13:52928616-52928798	distal	.	.	8
chr13:60163537-60164273	proximal	DIAPH3	.	8
chr13:60323130-60323291	distal	.	.	4
chr13:60518217-60518367	distal	.	.	4
chr13:61748550-61748700	distal	.	.	2
chr13:61822333-61822513	distal	.	.	2
chr13:62137833-62138033	distal	.	.	2
chr13:62387885-62388035	distal	.	.	4
chr13:62436139-62436326	distal	.	.	2
chr13:62440886-62441046	distal	.	.	2
chr13:62447665-62448212	distal	.	.	2
chr13:62570003-62570259	distal	.	.	2
chr13:63449073-63449820	distal	.	.	2
chr13:63655194-63655344	distal	.	.	2
chr13:63784986-63785136	distal	.	.	2
chr13:64305197-64305530	distal	.	.	2
chr13:64397952-64398145	distal	.	.	2
chr13:64599608-64599758	distal	.	.	2
chr13:64639263-64639453	distal	.	.	2
chr13:64723339-64723489	distal	.	.	2
chr13:64723728-64724083	distal	.	.	4
chr13:65055831-65055981	distal	.	.	2
chr13:65237222-65237429	distal	.	.	2
chr13:65296850-65297058	distal	.	.	2
chr13:65330316-65330503	distal	.	.	4
chr13:65638655-65638819	distal	.	.	2
chr13:65768243-65768728	distal	.	.	2
chr13:65855031-65855295	distal	.	.	2
chr13:65855477-65855627	distal	.	.	4
chr13:66214730-66214885	distal	.	.	2
chr13:66265165-66265541	distal	.	.	4
chr13:66350252-66350502	distal	.	.	2
chr13:66399227-66399408	distal	.	.	2
chr13:66437285-66437435	distal	.	.	2
chr13:66459113-66459307	distal	.	.	2
chr13:66552530-66552835	distal	.	.	2
chr13:66803196-66803604	distal	.	.	6
chr13:66835024-66835694	distal	.	.	2
chr13:67061826-67062110	distal	.	.	2
chr13:67106689-67106879	distal	.	.	2
chr13:67216814-67216967	distal	.	.	4
chr13:67221712-67221864	distal	.	.	4
chr13:67224207-67224485	distal	.	.	2
chr13:67231151-67231357	proximal	PCDH9	.	4
chr13:67243239-67243400	distal	.	.	2
chr13:67247135-67247623	distal	.	.	2
chr13:67651836-67652499	distal	.	.	2
chr13:67665211-67665366	distal	.	.	2
chr13:67742403-67742553	distal	.	.	2
chr13:67785855-67786052	distal	.	.	2
chr13:67869510-67869785	distal	.	.	2
chr13:67881165-67881315	distal	.	.	2
chr13:68018305-68018455	distal	.	.	2
chr13:68256846-68257294	distal	.	.	4
chr13:68855829-68856064	distal	.	.	2
chr13:69767215-69767365	distal	.	.	6
chr13:69871368-69871526	distal	.	.	4
chr13:69960230-69960399	distal	.	.	6
chr13:70129625-70129824	distal	.	.	4
chr13:70589962-70590112	distal	.	.	2
chr13:71308406-71308556	distal	.	.	4
chr13:71313797-71314003	distal	.	.	2
chr13:71866750-71867549	proximal	DACH1	.	8
chr13:71879275-71879519	distal	.	.	4
chr13:71956407-71956569	distal	.	.	4
chr13:72024188-72024383	distal	.	.	2
chr13:72067663-72067813	distal	.	.	2
chr13:72126845-72126995	distal	.	.	2
chr13:72221357-72221684	distal	.	.	2
chr13:72431133-72431344	distal	.	.	2
chr13:72507470-72507689	distal	.	.	2
chr13:73048327-73048478	distal	.	.	2
chr13:73591551-73591701	distal	.	.	2
chr13:73784458-73784617	distal	.	.	2
chr13:74047404-74047578	distal	.	.	2
chr13:74135338-74135683	distal	.	.	2
chr13:74324151-74324316	distal	.	.	2
chr13:74324458-74324649	distal	.	.	4
chr13:74325074-74325410	distal	.	.	2
chr13:74424589-74424818	distal	.	.	2
chr13:74575713-74576244	distal	.	.	4
chr13:74664261-74664413	distal	.	.	2
chr13:75268472-75268622	distal	.	.	2
chr13:75414026-75414178	distal	.	.	2
chr13:75469176-75469419	distal	.	.	4
chr13:75487649-75487799	distal	.	.	2
chr13:75635545-75636350	proximal	LMO7-AS1	.	6
chr13:75870652-75871046	proximal	LMO7DN	.	2
chr13:76497193-76497343	distal	.	.	2
chr13:76647726-76647876	distal	.	.	2
chr13:76980172-76980430	distal	.	.	2
chr13:77286952-77287208	distal	.	.	2
chr13:77298098-77298359	distal	.	.	2
chr13:77415641-77416051	distal	.	.	2
chr13:77580015-77580166	distal	.	.	2
chr13:77598796-77598946	distal	.	.	4
chr13:77697280-77697954	proximal	SLAIN1	.	4
chr13:77919489-77919863	proximal	OBI1-AS1	.	4
chr13:78074693-78074843	distal	.	.	2
chr13:78129654-78130029	distal	.	.	4
chr13:78169465-78169821	distal	.	.	6
chr13:78215765-78216035	distal	.	.	6
chr13:78309222-78309535	distal	.	.	6
chr13:78388867-78389017	distal	.	.	2
chr13:78609474-78609801	distal	.	.	2
chr13:78658608-78659265	proximal	OBI1	.	12
chr13:78978319-78978639	distal	.	.	2
chr13:79102296-79102470	distal	.	.	4
chr13:79225977-79226292	distal	.	.	2
chr13:79393808-79394317	distal	.	.	10
chr13:79406451-79406842	proximal	RBM26,RBM26-AS1	.	8
chr13:79508755-79508905	distal	.	.	2
chr13:79528477-79529223	distal	.	.	4
chr13:80132860-80133446	distal	.	.	2
chr13:80232709-80232875	distal	.	.	2
chr13:80490464-80490820	distal	.	.	4
chr13:80948949-80949158	distal	.	.	2
chr13:81180753-81180903	distal	.	.	2
chr13:81295368-81295518	distal	.	.	2
chr13:81362472-81363164	distal	.	.	2
chr13:81760316-81760592	distal	.	.	2
chr13:81890495-81890645	distal	.	.	2
chr13:81941687-81941837	distal	.	.	2
chr13:82606204-82606467	distal	.	.	2
chr13:82758154-82758319	distal	.	.	2
chr13:83599688-83599930	distal	.	.	4
chr13:83881966-83882499	proximal	SLITRK1	.	4
chr13:84263847-84264049	distal	.	.	2
chr13:84402961-84403111	distal	.	.	2
chr13:84582553-84582714	distal	.	.	2
chr13:84635452-84635910	distal	.	.	2
chr13:84720684-84720844	distal	.	.	2
chr13:84870333-84870486	distal	.	.	2
chr13:85238833-85239074	distal	.	.	2
chr13:85266636-85266792	distal	.	.	2
chr13:85266949-85267099	distal	.	.	2
chr13:85277803-85278073	distal	.	.	2
chr13:87274289-87274505	distal	.	.	4
chr13:87671029-87671705	proximal	SLITRK5	.	4
chr13:87672061-87672211	proximal	SLITRK5	.	4
chr13:87672388-87672668	distal	.	.	2
chr13:87673401-87673612	proximal	MIR4500HG	.	4
chr13:88118269-88118419	distal	.	.	4
chr13:88130004-88130154	distal	.	.	2
chr13:88228095-88228259	distal	.	.	4
chr13:90657558-90657708	distal	.	.	2
chr13:90925977-90926222	proximal	LINC00410	.	4
chr13:91017718-91017891	distal	.	.	2
chr13:91184342-91184689	distal	.	.	4
chr13:91313172-91313330	distal	.	.	4
chr13:91348442-91349191	proximal	MIR17HG	.	4
chr13:91482628-91482843	distal	.	.	2
chr13:91549759-91549909	distal	.	.	4
chr13:91614408-91614639	distal	.	.	2
chr13:91739905-91740136	distal	.	.	2
chr13:91844733-91844902	distal	.	.	6
chr13:92102610-92102772	distal	.	.	2
chr13:92379465-92379616	proximal	GPC5-AS2	.	4
chr13:92500371-92500521	distal	.	.	2
chr13:92573479-92573687	distal	.	.	4
chr13:92615972-92616122	distal	.	.	2
chr13:92843641-92844019	distal	.	.	4
chr13:93020723-93021016	distal	.	.	2
chr13:93227657-93228304	proximal	ENSG00000278177	.	4
chr13:93228445-93228785	distal	.	.	2
chr13:93862186-93862336	distal	.	.	2
chr13:93937619-93937796	distal	.	.	6
chr13:94016887-94017053	distal	.	.	4
chr13:94038896-94039082	distal	.	.	6
chr13:94201984-94202134	distal	.	.	4
chr13:94372555-94372705	distal	.	.	2
chr13:94379651-94379959	distal	.	.	2
chr13:94464003-94464421	distal	.	.	4
chr13:94548929-94550253	proximal	ENSG00000289878	.	14
chr13:94595711-94595951	proximal	TGDS	.	4
chr13:94596038-94596472	proximal	TGDS	.	8
chr13:94601489-94602472	proximal	GPR180	.	10
chr13:94712757-94713251	proximal	SOX21	.	10
chr13:94815823-94815973	distal	.	.	4
chr13:94942300-94942450	distal	.	.	4
chr13:95004178-95004328	distal	.	.	4
chr13:95018109-95018259	distal	.	.	8
chr13:95128413-95128594	distal	.	.	4
chr13:95148782-95148962	distal	.	.	4
chr13:95192072-95192280	distal	.	.	4
chr13:95301368-95301893	proximal	ABCC4	.	14
chr13:95359941-95360155	distal	.	.	4
chr13:95506499-95506692	distal	.	.	4
chr13:95624003-95624207	distal	.	.	4
chr13:95644032-95644909	proximal	DZIP1	.	4
chr13:95677478-95677767	proximal	DNAJC3,DNAJC3-DT	.	8
chr13:95907836-95907986	distal	.	.	2
chr13:96052936-96053822	proximal	UGGT2	.	4
chr13:96076078-96076241	distal	.	.	2
chr13:96099061-96099228	distal	.	.	4
chr13:96289684-96289834	distal	.	.	4
chr13:96553005-96553155	distal	.	.	2
chr13:96719939-96720089	distal	.	.	2
chr13:96994707-96994890	proximal	OXGR1	.	4
chr13:97109885-97110249	distal	.	.	2
chr13:97183422-97183597	distal	.	.	2
chr13:98142883-98143328	proximal	FARP1	.	4
chr13:98145090-98145304	distal	.	.	2
chr13:98301803-98301977	distal	.	.	2
chr13:98327964-98328246	distal	.	.	6
chr13:98557099-98557483	distal	.	.	8
chr13:98577018-98577346	proximal	STK24,STK24-AS1	.	8
chr13:98742004-98742229	distal	.	.	2
chr13:99086604-99086892	proximal	DOCK9	.	2
chr13:99087437-99087931	proximal	DOCK9-DT	.	2
chr13:99200617-99200916	proximal	UBAC2,UBAC2-AS1	.	8
chr13:99237499-99237649	distal	.	.	8
chr13:99261990-99262169	proximal	GPR18	.	2
chr13:99498433-99498942	proximal	LINC01232	.	2
chr13:99501236-99501515	proximal	LINC00449	.	2
chr13:99577951-99578109	proximal	LINC01039	.	6
chr13:99605833-99606144	proximal	CLYBL	.	2
chr13:99606484-99606922	proximal	CLYBL	.	6
chr13:99865467-99865901	distal	.	.	4
chr13:99871096-99871283	distal	.	.	8
chr13:99971063-99971655	proximal	ZIC5	.	4
chr13:99971785-99972165	proximal	ZIC5	.	2
chr13:99980571-99981234	proximal	ENSG00000288060,ZIC2	.	8
chr13:99981311-99981968	proximal	ZIC2	.	2
chr13:99990521-99990851	distal	.	.	4
chr14:100076100-100076485	distal	.	.	2
chr14:100192839-100193386	distal	.	.	14
chr14:100214058-100214301	distal	.	.	2
chr14:100214385-100214704	distal	.	.	4
chr14:100221539-100221778	distal	.	.	8
chr14:100238365-100238958	proximal	ENSG00000258982,YY1	.	32
chr14:100240051-100240280	distal	.	.	2
chr14:100240368-100240710	distal	.	.	2
chr14:100272715-100272944	distal	.	.	16
chr14:100375950-100376610	proximal	WARS1,WDR25	.	40
chr14:100440470-100440653	distal	.	.	4
chr14:100456129-100456309	distal	.	.	10
chr14:100476399-100476884	distal	.	.	8
chr14:100574168-100574343	distal	.	.	2
chr14:100783115-100783459	distal	.	.	8
chr14:100851219-100851403	distal	.	.	2
chr14:101707330-101707518	distal	.	.	2
chr14:101761381-101761652	proximal	ENSG00000289049,PPP2R5C	.	16
chr14:101772930-101773086	distal	.	.	2
chr14:101848662-101848849	distal	.	.	4
chr14:101964277-101964647	proximal	DYNC1H1	.	4
chr14:101972423-101972706	distal	.	.	8
chr14:102079398-102079557	distal	.	.	4
chr14:102086851-102087667	distal	.	.	2
chr14:102139295-102140268	proximal	HSP90AA1,WDR20	.	8
chr14:102250399-102250572	distal	.	.	2
chr14:102304689-102305370	proximal	MOK	.	4
chr14:102316954-102317183	proximal	ZNF839	.	12
chr14:102437968-102438304	distal	.	.	6
chr14:102451155-102451340	distal	.	.	8
chr14:102498534-102498977	distal	.	.	4
chr14:102510901-102511051	distal	.	.	10
chr14:102516732-102517089	distal	.	.	8
chr14:102645785-102645935	distal	.	.	2
chr14:102666894-102667087	distal	.	.	18
chr14:102707748-102707983	distal	.	.	2
chr14:102825478-102825703	distal	.	.	2
chr14:102872380-102872613	distal	.	.	2
chr14:102993233-102993406	distal	.	.	2
chr14:103056573-103056795	proximal	CDC42BPB	.	12
chr14:103056992-103057863	proximal	CDC42BPB,ENSG00000289207	.	32
chr14:103068209-103068359	distal	.	.	4
chr14:103075584-103076086	distal	.	.	2
chr14:103154268-103154418	distal	.	.	2
chr14:103303595-103303876	distal	.	.	2
chr14:103333423-103333600	proximal	EIF5,ENSG00000291313	.	8
chr14:103333811-103334284	proximal	EIF5,ENSG00000291313	.	24
chr14:103334373-103334523	proximal	EIF5,ENSG00000291313	.	12
chr14:103385154-103385700	proximal	MARK3	.	4
chr14:103420228-103420378	distal	.	.	2
chr14:103472326-103472519	distal	.	.	8
chr14:103500227-103500444	distal	.	.	2
chr14:103518643-103518946	distal	.	.	6
chr14:103519756-103519906	distal	.	.	8
chr14:103520920-103521299	distal	.	.	6
chr14:103546868-103547018	distal	.	.	2
chr14:103562349-103563044	proximal	BAG5,COA8,ENSG00000256500,KLC1	.	16
chr14:103628294-103628516	distal	.	.	8
chr14:103629082-103629389	distal	.	.	2
chr14:103760696-103760846	distal	.	.	2
chr14:103801534-103801729	distal	.	.	6
chr14:103847476-103847798	proximal	PPP1R13B,PPP1R13B-DT	.	24
chr14:103910412-103910592	distal	.	.	8
chr14:104071344-104071528	distal	.	.	2
chr14:104094745-104094904	distal	.	.	6
chr14:104214167-104214317	distal	.	.	10
chr14:104224550-104224723	distal	.	.	6
chr14:104640039-104640465	distal	.	.	8
chr14:104658069-104658238	distal	.	.	18
chr14:104708709-104708908	distal	.	.	4
chr14:104723285-104723435	proximal	ADSS1	.	6
chr14:104723615-104723827	proximal	ADSS1	.	4
chr14:104752550-104753225	proximal	SIVA1	.	24
chr14:104768610-104768984	proximal	ENSG00000258430	.	8
chr14:104800498-104800746	proximal	ZBTB42	.	4
chr14:104805356-104805537	distal	.	.	4
chr14:104815575-104815850	distal	.	.	6
chr14:104815967-104816426	distal	.	.	12
chr14:104826284-104827040	distal	.	.	8
chr14:104933393-104933619	distal	.	.	2
chr14:104933885-104934149	distal	.	.	2
chr14:104978077-104978558	proximal	AHNAK2	.	18
chr14:104985567-104986394	proximal	CLBA1	.	4
chr14:105021048-105021606	proximal	CDCA4	.	14
chr14:105045710-105045994	distal	.	.	6
chr14:105066002-105066259	proximal	GPR132	.	2
chr14:105093680-105094119	distal	.	.	2
chr14:105203126-105203285	distal	.	.	4
chr14:105300653-105300803	proximal	PACS2	.	2
chr14:105300902-105301643	proximal	PACS2	.	2
chr14:105314474-105314771	proximal	BRF1	.	4
chr14:105316715-105317150	distal	.	.	6
chr14:105352374-105352524	distal	.	.	4
chr14:105398407-105398668	proximal	TEX22	.	4
chr14:105414969-105415350	distal	.	.	2
chr14:105448710-105448889	distal	.	.	4
chr14:105480812-105481449	distal	.	.	10
chr14:105489747-105489927	proximal	TEDC1	.	8
chr14:20305475-20306105	proximal	ENSG00000258459,TTC5	.	4
chr14:20332951-20333125	proximal	CCNB1IP1	.	4
chr14:20333197-20333672	proximal	CCNB1IP1	.	8
chr14:20342702-20343742	proximal	ENSG00000259001,PARP2	.	8
chr14:20413101-20413308	proximal	TEP1	.	2
chr14:20413382-20413606	proximal	TEP1	.	8
chr14:20461358-20462132	proximal	PIP4P1,PNP	.	8
chr14:20610052-20610243	proximal	ENSG00000259060,RNASE11	.	4
chr14:20613257-20613880	distal	.	.	4
chr14:20625229-20625697	distal	.	.	10
chr14:20632816-20633243	distal	.	.	8
chr14:20653156-20653517	distal	.	.	12
chr14:20662844-20663513	distal	.	.	4
chr14:20681923-20682178	distal	.	.	4
chr14:20683220-20683378	proximal	ANG	.	2
chr14:20683957-20684281	proximal	ANG,ENSG00000259171,RNASE4	.	12
chr14:20684363-20684640	proximal	ANG,ENSG00000259171,RNASE4	.	12
chr14:20855692-20855981	distal	.	.	8
chr14:20971025-20971646	distal	.	.	6
chr14:20971735-20971911	distal	.	.	4
chr14:20989671-20990307	proximal	METTL17	.	6
chr14:21040237-21040404	distal	.	.	6
chr14:21071274-21071462	proximal	NDRG2	.	4
chr14:21071523-21071834	proximal	NDRG2	.	8
chr14:21092541-21092771	distal	.	.	4
chr14:21102585-21102770	distal	.	.	2
chr14:21103396-21104430	proximal	ZNF219	.	2
chr14:21104568-21104719	proximal	ZNF219	.	6
chr14:21191973-21192301	distal	.	.	24
chr14:21308486-21309085	distal	.	.	2
chr14:21329198-21329475	distal	.	.	4
chr14:21383553-21384096	proximal	ENSG00000260830,SUPT16H	.	16
chr14:21384163-21384520	proximal	ENSG00000260830,SUPT16H	.	8
chr14:21477576-21477726	proximal	RAB2B	.	6
chr14:21510797-21511736	proximal	METTL3	.	2
chr14:21525963-21526723	distal	.	.	2
chr14:21602685-21602848	distal	.	.	2
chr14:21694016-21694166	distal	.	.	4
chr14:21703738-21704008	distal	.	.	4
chr14:21846405-21846611	proximal	TRAV8-2	.	2
chr14:22026188-22026365	distal	.	.	2
chr14:22557266-22557453	proximal	ENSG00000259003,LINC02332	.	4
chr14:22570696-22570846	distal	.	.	12
chr14:22589026-22589905	proximal	DAD1	.	8
chr14:22598153-22598364	proximal	ABHD4,ENSG00000275552	.	16
chr14:22712964-22713618	distal	.	.	2
chr14:22766477-22766724	proximal	OXA1L,OXA1L-DT	.	12
chr14:22766784-22766982	proximal	OXA1L,OXA1L-DT	.	16
chr14:22767041-22767338	proximal	OXA1L,OXA1L-DT	.	4
chr14:22829764-22829948	proximal	MRPL52,SLC7A7	.	4
chr14:22871312-22871511	proximal	LRP10	.	4
chr14:22872287-22872525	proximal	LRP10	.	2
chr14:22886367-22886780	distal	.	.	10
chr14:22886855-22887065	distal	.	.	14
chr14:22918857-22919618	proximal	PRMT5-AS1,RBM23	.	4
chr14:22929067-22929865	proximal	PRMT5,PRMT5-DT	.	8
chr14:22930471-22930695	proximal	PRMT5-DT	.	4
chr14:22956761-22957620	proximal	HAUS4	.	10
chr14:22982536-22983037	proximal	AJUBA,AJUBA-DT,ENSG00000259132	.	6
chr14:23006673-23007419	distal	.	.	10
chr14:23010055-23010240	proximal	C14orf93	.	4
chr14:23034806-23035313	proximal	PSMB5	.	8
chr14:23056356-23056535	distal	.	.	4
chr14:23057549-23058365	proximal	CDH24,ENSG00000288795	.	16
chr14:23068954-23069198	distal	.	.	6
chr14:23071511-23071737	distal	.	.	2
chr14:23183208-23183503	proximal	SLC7A8	.	4
chr14:23241625-23241889	distal	.	.	4
chr14:23285882-23286807	distal	.	.	12
chr14:23295103-23295443	distal	.	.	12
chr14:23301209-23301397	distal	.	.	2
chr14:23301462-23302316	proximal	PPP1R3E	.	4
chr14:23352764-23353009	proximal	SLC22A17	.	6
chr14:23435514-23435777	proximal	MYH7	.	2
chr14:23460343-23460618	distal	.	.	4
chr14:23469176-23469976	proximal	NGDN	.	10
chr14:23478398-23478548	distal	.	.	8
chr14:23482807-23482967	distal	.	.	2
chr14:23551323-23551842	distal	.	.	20
chr14:23555855-23556391	proximal	THTPA,ZFHX2	.	20
chr14:23567752-23567983	proximal	AP1G2	.	12
chr14:23631771-23632167	distal	.	.	16
chr14:23641777-23641927	distal	.	.	2
chr14:23926739-23926924	distal	.	.	14
chr14:23953912-23954262	proximal	DHRS4	.	22
chr14:24006945-24007340	proximal	ENSG00000286931	.	4
chr14:24036146-24036524	proximal	ENSG00000291039	.	10
chr14:24036604-24036998	proximal	ENSG00000291039	.	12
chr14:24058401-24058560	distal	.	.	2
chr14:24113959-24115381	proximal	DCAF11,NRL	.	4
chr14:24135721-24136228	proximal	PSME1	.	8
chr14:24141199-24141727	proximal	EMC9	.	8
chr14:24195274-24195855	proximal	ENSG00000288820,TM9SF1	.	16
chr14:24213301-24213751	proximal	CHMP4A,ENSG00000254692	.	8
chr14:24215968-24216211	proximal	ENSG00000260669,MDP1	.	24
chr14:24232285-24232954	proximal	GMPR2,NEDD8,NEDD8-MDP1	.	60
chr14:24242234-24242795	proximal	ENSG00000289979,TINF2	.	12
chr14:24242924-24243227	proximal	ENSG00000289979,TINF2	.	36
chr14:24271406-24271917	proximal	ENSG00000286825,ENSG00000288044,RABGGTA	.	12
chr14:24346649-24346799	distal	.	.	12
chr14:24367070-24367786	distal	.	.	10
chr14:24367888-24368178	distal	.	.	16
chr14:24429804-24430044	proximal	KHNYN	.	8
chr14:24442044-24443039	proximal	ENSG00000258744,SDR39U1	.	8
chr14:24679034-24679200	distal	.	.	4
chr14:30002648-30002798	distal	.	.	2
chr14:30355436-30355586	distal	.	.	4
chr14:30558952-30559242	proximal	G2E3	.	2
chr14:30559305-30559567	proximal	G2E3	.	4
chr14:30656256-30656458	distal	.	.	8
chr14:30690496-30690905	distal	.	.	20
chr14:30711793-30711943	distal	.	.	4
chr14:31137379-31137564	distal	.	.	2
chr14:31207459-31208197	proximal	HECTD1	.	2
chr14:31369749-31369899	distal	.	.	2
chr14:31420341-31421030	proximal	HEATR5A,HEATR5A-DT	.	8
chr14:31457065-31457235	proximal	DTD2,ENSG00000203546	.	8
chr14:31622846-31622996	distal	.	.	2
chr14:32201199-32201426	proximal	ENSG00000286527	.	4
chr14:32203443-32203650	distal	.	.	6
chr14:32229777-32229927	distal	.	.	2
chr14:32508279-32508429	distal	.	.	2
chr14:32722476-32722795	distal	.	.	2
chr14:33602441-33602595	distal	.	.	2
chr14:34181340-34181598	distal	.	.	2
chr14:34331787-34332045	distal	.	.	2
chr14:34505972-34506241	distal	.	.	4
chr14:34539270-34540129	proximal	EAPP	.	8
chr14:34700182-34700691	distal	.	.	2
chr14:34714358-34714818	proximal	CFL2	.	4
chr14:34723003-34723166	distal	.	.	2
chr14:34873377-34874207	proximal	BAZ1A-AS1	.	6
chr14:34982308-34982755	proximal	SRP54	.	4
chr14:34982852-34983087	distal	.	.	2
chr14:35045996-35046968	distal	.	.	4
chr14:35121764-35122326	proximal	ENSG00000258790,PPP2R3C,PRORP	.	18
chr14:35252568-35252718	distal	.	.	10
chr14:35292041-35292678	distal	.	.	6
chr14:35343850-35344000	distal	.	.	4
chr14:35404504-35404888	proximal	NFKBIA	.	4
chr14:35533646-35534150	proximal	INSM2	.	8
chr14:35558726-35558886	distal	.	.	14
chr14:36012852-36013251	distal	.	.	2
chr14:36373927-36374324	distal	.	.	12
chr14:36520181-36520426	proximal	NKX2-1,SFTA3	.	8
chr14:36520619-36520886	proximal	NKX2-1,SFTA3	.	8
chr14:36661675-36661947	distal	.	.	10
chr14:36662019-36662346	distal	.	.	2
chr14:36971402-36971552	distal	.	.	2
chr14:37063313-37063694	distal	.	.	2
chr14:38864946-38865104	distal	.	.	6
chr14:39102594-39102744	proximal	SEC23A-AS1	.	4
chr14:39114124-39114721	proximal	GEMIN2	.	4
chr14:39339105-39339335	distal	.	.	2
chr14:39367186-39367365	distal	.	.	4
chr14:45083872-45084453	proximal	PRPF39,PRPF39-DT	.	8
chr14:45551075-45551968	distal	.	.	8
chr14:48201906-48202056	distal	.	.	2
chr14:48809374-48809785	distal	.	.	2
chr14:49309595-49309881	distal	.	.	2
chr14:49599080-49599353	proximal	LRR1,RPS29	.	8
chr14:49620368-49620930	proximal	MGAT2,RPL36AL	.	4
chr14:49634875-49635106	proximal	DNAAF2	.	4
chr14:49693136-49693335	proximal	KLHDC1	.	2
chr14:49767528-49767790	proximal	KLHDC2	.	4
chr14:49852963-49853141	proximal	NEMF	.	8
chr14:49861696-49861898	distal	.	.	4
chr14:49862775-49863099	proximal	ENSG00000278002	.	6
chr14:49868107-49868537	proximal	ENSG00000282885	.	4
chr14:49879689-49880020	distal	.	.	2
chr14:49892388-49893512	proximal	ARF6	.	4
chr14:49946398-49946573	distal	.	.	4
chr14:49970879-49971029	distal	.	.	2
chr14:49971993-49972159	distal	.	.	2
chr14:49994440-49994606	distal	.	.	6
chr14:50000204-50000400	distal	.	.	2
chr14:50096540-50096690	distal	.	.	4
chr14:50184888-50185048	distal	.	.	2
chr14:50231382-50232099	proximal	SOS2	.	8
chr14:50321064-50321534	distal	.	.	8
chr14:50326779-50326929	distal	.	.	6
chr14:50396325-50396528	proximal	ENSG00000258857	.	4
chr14:50506907-50507105	distal	.	.	4
chr14:50532329-50533067	proximal	ATL1	.	8
chr14:50560345-50560647	proximal	MAP4K5	.	4
chr14:50560709-50560910	proximal	MAP4K5	.	4
chr14:50667741-50668449	proximal	ENSG00000289866,SAV1	.	4
chr14:50668531-50668840	proximal	ENSG00000289866,SAV1	.	4
chr14:50677138-50677288	distal	.	.	4
chr14:50831621-50831828	proximal	ENSG00000285747,NIN	.	4
chr14:50943339-50943747	proximal	PYGL	.	4
chr14:51546711-51546869	distal	.	.	2
chr14:51547197-51547387	distal	.	.	2
chr14:52068803-52069795	proximal	NID2	.	8
chr14:52131798-52131995	distal	.	.	8
chr14:52133269-52133498	distal	.	.	4
chr14:52314411-52314561	proximal	ENSG00000289424,PTGER2	.	8
chr14:52471083-52471233	distal	.	.	4
chr14:52536073-52536223	distal	.	.	4
chr14:52547172-52547330	distal	.	.	4
chr14:52594314-52594465	distal	.	.	16
chr14:52641188-52641554	proximal	ENSG00000258757	.	2
chr14:52695440-52696003	proximal	ERO1A	.	8
chr14:52706987-52707277	proximal	PSMC6	.	4
chr14:52707520-52707798	proximal	PSMC6	.	6
chr14:52729866-52730533	proximal	STYX	.	4
chr14:52791163-52792147	proximal	ENSG00000285664,GNPNAT1	.	20
chr14:52792214-52792388	proximal	ENSG00000285664,GNPNAT1	.	16
chr14:52835581-52835779	distal	.	.	8
chr14:53117240-53117390	distal	.	.	8
chr14:53152144-53152618	proximal	DDHD1,DDHD1-DT	.	12
chr14:53153261-53153448	proximal	DDHD1,DDHD1-DT	.	8
chr14:53306272-53306422	distal	.	.	4
chr14:53952944-53953330	distal	.	.	4
chr14:54396403-54396563	proximal	CDKN3	.	2
chr14:54396652-54397120	proximal	CDKN3	.	4
chr14:54397778-54398062	distal	.	.	2
chr14:54462208-54462358	distal	.	.	2
chr14:54509482-54510011	proximal	CGRRF1	.	6
chr14:54547863-54548013	distal	.	.	8
chr14:54565180-54566199	proximal	SAMD4A	.	2
chr14:54805893-54806096	distal	.	.	4
chr14:54826914-54827219	distal	.	.	6
chr14:54835902-54836052	distal	.	.	2
chr14:54870316-54871001	distal	.	.	2
chr14:54902318-54902982	proximal	GCH1	.	8
chr14:54903114-54903470	proximal	GCH1	.	6
chr14:55015289-55015597	distal	.	.	8
chr14:55021504-55021759	distal	.	.	6
chr14:55026870-55027603	proximal	SOCS4,WDHD1	.	4
chr14:55051045-55052188	proximal	MAPK1IP1L	.	4
chr14:55089675-55089968	distal	.	.	4
chr14:55103227-55103377	distal	.	.	4
chr14:55107934-55108574	distal	.	.	2
chr14:55191162-55192111	proximal	DLGAP5	.	6
chr14:55270965-55271569	proximal	FBXO34,FBXO34-AS1	.	8
chr14:55340308-55340458	proximal	ENSG00000258455	.	2
chr14:55392194-55392406	distal	.	.	2
chr14:55411703-55411982	proximal	ATG14	.	8
chr14:55597933-55598107	distal	.	.	4
chr14:55866023-55866176	distal	.	.	4
chr14:55902350-55902541	distal	.	.	2
chr14:56118050-56118615	proximal	ENSG00000277763,PELI2	.	8
chr14:56148426-56148777	distal	.	.	2
chr14:56911937-56912099	distal	.	.	8
chr14:57255490-57255649	distal	.	.	4
chr14:57390147-57390701	proximal	NAA30	.	4
chr14:58151768-58151967	distal	.	.	4
chr14:58171032-58171346	distal	.	.	16
chr14:58199761-58200425	proximal	ACTR10	.	4
chr14:58224843-58225011	distal	.	.	14
chr14:58245009-58245174	proximal	PSMA3	.	6
chr14:58297782-58297987	proximal	ARID4A,ARMH4,PSMA3-AS1	.	30
chr14:58349679-58349829	distal	.	.	4
chr14:58349907-58350081	distal	.	.	4
chr14:58362488-58362666	distal	.	.	4
chr14:58377684-58377834	distal	.	.	4
chr14:58619289-58619579	distal	.	.	8
chr14:58649410-58649560	distal	.	.	4
chr14:58749334-58749531	distal	.	.	6
chr14:58872321-58872471	distal	.	.	4
chr14:58878978-58879128	distal	.	.	4
chr14:58939446-58939596	distal	.	.	4
chr14:59013969-59014134	distal	.	.	8
chr14:59188187-59188963	proximal	DAAM1	.	8
chr14:59189417-59189761	proximal	DAAM1	.	4
chr14:59454563-59454756	distal	.	.	8
chr14:59483825-59484826	proximal	JKAMP,L3HYPDH	.	8
chr14:59919884-59920239	proximal	ENSG00000261120,LRRC9	.	32
chr14:60172573-60172723	distal	.	.	8
chr14:60248370-60249680	proximal	ENSG00000254718	.	4
chr14:60249762-60250210	distal	.	.	8
chr14:60514798-60515261	proximal	C14orf39,ENSG00000258670	.	8
chr14:60649231-60649829	distal	.	.	2
chr14:60650009-60650184	distal	.	.	2
chr14:60722874-60723038	distal	.	.	4
chr14:61261858-61262008	distal	.	.	4
chr14:61331915-61332349	distal	.	.	8
chr14:61615149-61615341	distal	.	.	2
chr14:61761943-61762837	proximal	SNAPC1	.	8
chr14:61859182-61859380	distal	.	.	6
chr14:63543058-63543857	proximal	ENSG00000261242,PPP2R5E	.	16
chr14:63641415-63642545	proximal	ENSG00000274015,WDR89	.	4
chr14:64147194-64147354	distal	.	.	8
chr14:64164534-64164684	distal	.	.	8
chr14:64183794-64183944	distal	.	.	8
chr14:64337914-64339297	proximal	ENSG00000214770,ESR2	.	12
chr14:64387268-64388405	proximal	MTHFD1	.	4
chr14:64465347-64465700	proximal	AKAP5	.	4
chr14:64504193-64504661	proximal	ZBTB1,ZBTB25	.	8
chr14:64636693-64636912	distal	.	.	2
chr14:64703916-64704147	proximal	ENSG00000289290,PLEKHG3	.	8
chr14:64720385-64720535	distal	.	.	2
chr14:64762299-64762449	distal	.	.	2
chr14:64812303-64812612	distal	.	.	4
chr14:65026146-65026296	distal	.	.	2
chr14:65102416-65103292	proximal	MAX	.	4
chr14:66507805-66508710	proximal	GPHN	.	4
chr14:67146143-67146293	distal	.	.	4
chr14:67599737-67600626	proximal	PIGH	.	2
chr14:67674510-67674715	proximal	VTI1B	.	4
chr14:67674814-67675102	proximal	VTI1B	.	4
chr14:67816330-67816730	proximal	ZFYVE26	.	2
chr14:68089383-68089587	distal	.	.	2
chr14:68191816-68192079	distal	.	.	2
chr14:68292533-68292753	distal	.	.	4
chr14:68364957-68365231	distal	.	.	2
chr14:68548171-68548594	distal	.	.	10
chr14:68631874-68632024	distal	.	.	4
chr14:68896240-68896397	distal	.	.	8
chr14:68911699-68911892	distal	.	.	8
chr14:68939904-68940258	distal	.	.	2
chr14:68978706-68978856	proximal	ACTN1,ACTN1-DT	.	20
chr14:68979151-68979701	proximal	ACTN1,ACTN1-DT	.	8
chr14:69152602-69152839	proximal	DCAF5	.	6
chr14:69191382-69191643	proximal	EXD2	.	2
chr14:69261175-69261325	proximal	ENSG00000258520	.	4
chr14:69398535-69398731	proximal	ERH,SLC39A9	.	8
chr14:69409406-69409670	distal	.	.	10
chr14:69503839-69504034	distal	.	.	4
chr14:69727021-69727277	proximal	SRSF5	.	4
chr14:70188811-70188987	proximal	SLC8A3	.	2
chr14:70809455-70810336	proximal	MAP3K9	.	2
chr14:70821930-70822283	proximal	ENSG00000275630	.	4
chr14:70886699-70886856	distal	.	.	4
chr14:70977704-70977854	distal	.	.	4
chr14:71320226-71320674	proximal	SIPA1L1	.	4
chr14:72232898-72233092	distal	.	.	4
chr14:72688039-72688189	distal	.	.	2
chr14:72908045-72908195	distal	.	.	4
chr14:72925940-72927161	proximal	DCAF4	.	4
chr14:73026600-73027402	proximal	ZFYVE1	.	2
chr14:73058236-73058952	proximal	RBM25,RBM25-AS1	.	8
chr14:73136639-73137148	proximal	PSEN1	.	6
chr14:73163733-73164043	distal	.	.	4
chr14:73221795-73221945	distal	.	.	2
chr14:73457870-73458424	proximal	NUMB	.	4
chr14:73458497-73458938	proximal	NUMB	.	4
chr14:73504516-73504790	distal	.	.	2
chr14:73569227-73569956	distal	.	.	22
chr14:73612809-73613293	distal	.	.	2
chr14:73713830-73714499	proximal	PNMA1	.	2
chr14:73728840-73729002	distal	.	.	2
chr14:73759954-73760389	distal	.	.	10
chr14:73785588-73785834	distal	.	.	4
chr14:73829748-73829898	proximal	LINC02274	.	4
chr14:73851636-73852103	proximal	ENSG00000258653,PTGR2	.	4
chr14:73852803-73853059	proximal	ENSG00000258653	.	4
chr14:73885583-73885733	proximal	ENSG00000273711,ZNF410	.	32
chr14:73886314-73887233	proximal	ZNF410	.	6
chr14:73949764-73950737	proximal	COQ6,FAM161B	.	16
chr14:74084212-74085274	proximal	ALDH6A1,LIN52	.	16
chr14:74110621-74110771	distal	.	.	8
chr14:74140413-74140645	distal	.	.	10
chr14:74251573-74251831	distal	.	.	8
chr14:74276557-74276793	distal	.	.	12
chr14:74302626-74303482	proximal	ABCD4,VRTN	.	8
chr14:74377477-74377692	distal	.	.	6
chr14:74377845-74378014	distal	.	.	2
chr14:74414453-74414633	distal	.	.	6
chr14:74426031-74426195	proximal	SYNDIG1L	.	4
chr14:74459634-74459866	distal	.	.	4
chr14:74612584-74612839	proximal	LTBP2	.	4
chr14:74647841-74648147	distal	.	.	4
chr14:74712893-74713235	proximal	AREL1,FCF1	.	20
chr14:74718749-74718999	distal	.	.	8
chr14:74763053-74763695	proximal	YLPM1	.	8
chr14:74861057-74861213	distal	.	.	2
chr14:74881705-74882284	proximal	DLST	.	6
chr14:74954283-74954552	distal	.	.	8
chr14:75063746-75064427	proximal	ZC2HC1C	.	8
chr14:75069192-75069660	proximal	ACYP1	.	4
chr14:75126882-75127249	proximal	ENSG00000259138,NEK9	.	16
chr14:75176470-75176699	proximal	ENSG00000273565,TMED10	.	12
chr14:75176768-75177052	proximal	ENSG00000273565,TMED10	.	16
chr14:75197904-75198054	distal	.	.	4
chr14:75258922-75259365	proximal	ENSG00000258820,ENSG00000289340	.	20
chr14:75278361-75279111	proximal	FOS	.	4
chr14:75279179-75279389	proximal	FOS	.	2
chr14:75293999-75294455	proximal	LINC01220	.	4
chr14:75295212-75295387	proximal	LINC01220	.	8
chr14:75307816-75308018	distal	.	.	8
chr14:75354501-75354651	distal	.	.	4
chr14:75512369-75512519	distal	.	.	4
chr14:75533440-75533640	distal	.	.	8
chr14:75555763-75555983	distal	.	.	12
chr14:75577849-75578002	proximal	FLVCR2	.	12
chr14:75654229-75654449	distal	.	.	4
chr14:75660822-75661748	proximal	ERG28	.	8
chr14:76254569-76254719	distal	.	.	2
chr14:76310104-76310254	proximal	ENSG00000258402,ESRRB	.	8
chr14:76375964-76376400	distal	.	.	4
chr14:76448322-76448472	distal	.	.	2
chr14:76761294-76761794	proximal	VASH1,VASH1-DT	.	8
chr14:76784864-76785049	distal	.	.	12
chr14:76787763-76788112	distal	.	.	10
chr14:76956221-76956865	distal	.	.	8
chr14:76961851-76962093	distal	.	.	2
chr14:77028023-77028314	proximal	ENSG00000273729,IRF2BPL	.	16
chr14:77033959-77034197	distal	.	.	2
chr14:77070166-77070316	distal	.	.	2
chr14:77097676-77098418	proximal	CIPC,ENSG00000259164	.	32
chr14:77109040-77109211	distal	.	.	2
chr14:77141107-77141397	proximal	ENSG00000269883	.	4
chr14:77181503-77181831	distal	.	.	10
chr14:77226044-77226208	distal	.	.	14
chr14:77269752-77269902	distal	.	.	2
chr14:77320357-77320697	proximal	GSTZ1,POMT2	.	16
chr14:77321180-77321482	proximal	GSTZ1,POMT2	.	8
chr14:77376449-77376680	proximal	SAMD15,TMED8	.	8
chr14:77388316-77388469	distal	.	.	8
chr14:77457918-77458436	proximal	AHSA1,VIPAS39	.	4
chr14:77616577-77617157	proximal	SPTLC2	.	8
chr14:77707904-77708189	proximal	ALKBH1,SLIRP	.	8
chr14:77760661-77761339	proximal	C14orf178,SNW1	.	20
chr14:77861451-77861737	distal	.	.	8
chr14:80689021-80689171	distal	.	.	4
chr14:80955281-80955547	proximal	TSHR	.	4
chr14:81170333-81170680	proximal	ENSG00000284959,ENSG00000286686	.	12
chr14:81219307-81219600	distal	.	.	8
chr14:81269474-81269650	distal	.	.	2
chr14:81278002-81278152	distal	.	.	2
chr14:81436487-81436664	proximal	STON2	.	6
chr14:81533600-81534266	proximal	SEL1L	.	2
chr14:88335109-88335308	distal	.	.	4
chr14:88551470-88552066	proximal	ENSG00000258789	.	4
chr14:88578841-88578991	distal	.	.	2
chr14:89013136-89013286	proximal	ENSG00000283627	.	6
chr14:89040506-89041025	distal	.	.	2
chr14:89417107-89417465	proximal	FOXN3-AS1	.	4
chr14:89484604-89484754	distal	.	.	2
chr14:89618061-89618211	distal	.	.	4
chr14:89619154-89619304	proximal	FOXN3	.	2
chr14:89701712-89702092	distal	.	.	6
chr14:89954519-89955059	proximal	EFCAB11,ENSG00000259053,TDP1	.	18
chr14:89987405-89987555	distal	.	.	4
chr14:90060995-90061160	proximal	KCNK13	.	2
chr14:90331614-90332212	proximal	NRDE2	.	12
chr14:90383113-90383557	proximal	LINC02960	.	6
chr14:90396537-90397179	proximal	CALM1	.	4
chr14:90397886-90398570	distal	.	.	4
chr14:90455049-90455231	proximal	LINC02317	.	4
chr14:90455422-90455900	proximal	LINC02317	.	2
chr14:90758205-90758711	proximal	ENSG00000287663	.	2
chr14:90816345-90816832	proximal	TTC7B	.	4
chr14:90828118-90828409	proximal	LINC02321	.	6
chr14:91173220-91173382	distal	.	.	4
chr14:91303206-91303624	distal	.	.	8
chr14:91510205-91510684	proximal	PPP4R3A	.	4
chr14:92039458-92040265	distal	.	.	2
chr14:92105944-92107211	proximal	ATXN3	.	2
chr14:92221920-92222075	distal	.	.	2
chr14:92322969-92323149	proximal	SLC24A4	.	4
chr14:92686588-92687192	distal	.	.	4
chr14:92794546-92794884	proximal	GOLGA5	.	2
chr14:94770113-94770577	proximal	ENSG00000285205,GSC	.	8
chr14:95236293-95236448	distal	.	.	8
chr14:95364295-95364482	distal	.	.	12
chr14:95516497-95516824	proximal	ENSG00000258572,SYNE3	.	12
chr14:95534506-95535111	proximal	SNHG10	.	12
chr14:95665484-95665640	distal	.	.	2
chr14:96362800-96363615	proximal	ATG2B,GSKIP	.	4
chr14:96391494-96392171	proximal	AK7	.	4
chr14:96398723-96398873	distal	.	.	4
chr14:96452694-96452923	distal	.	.	2
chr14:96852910-96853113	distal	.	.	2
chr14:96888589-96889128	distal	.	.	2
chr14:98915589-98915739	distal	.	.	2
chr14:98921543-98921693	distal	.	.	2
chr14:99145683-99145833	distal	.	.	4
chr14:99413542-99413989	distal	.	.	6
chr14:99446852-99447002	distal	.	.	2
chr14:99551990-99552218	distal	.	.	8
chr14:99604205-99604663	proximal	CCDC85C,ENSG00000247970	.	4
chr14:99683654-99683804	proximal	CYP46A1	.	4
chr14:99730545-99730837	distal	.	.	2
chr14:99819615-99819765	distal	.	.	2
chr14:99947183-99947333	distal	.	.	4
chr14:99971025-99971877	proximal	EVL	.	16
chr14:99982551-99982701	distal	.	.	4
chr15:100041530-100041858	distal	.	.	2
chr15:100063465-100063666	distal	.	.	8
chr15:100341731-100342352	proximal	ADAMTS17	.	4
chr15:100371706-100371856	distal	.	.	8
chr15:100601900-100602924	proximal	ASB7,LINS1	.	8
chr15:100627866-100628016	distal	.	.	8
chr15:100729754-100729904	distal	.	.	2
chr15:100873202-100873374	distal	.	.	2
chr15:101007023-101007223	distal	.	.	12
chr15:101008405-101008607	distal	.	.	4
chr15:101244968-101245146	distal	.	.	8
chr15:101251693-101252414	proximal	CHSY1	.	4
chr15:101276999-101277895	proximal	SELENOS	.	12
chr15:101295053-101295665	proximal	SNRPA1,SNRPA1-DT	.	16
chr15:101333979-101334422	proximal	PCSK6-AS1	.	4
chr15:101334865-101335089	proximal	PCSK6-AS1	.	8
chr15:101387079-101387281	distal	.	.	2
chr15:101479155-101479315	distal	.	.	6
chr15:101488133-101488358	distal	.	.	10
chr15:101496427-101496876	distal	.	.	2
chr15:101541967-101542326	distal	.	.	4
chr15:101542765-101542960	distal	.	.	4
chr15:101578347-101578797	distal	.	.	4
chr15:101651918-101653058	proximal	ENSG00000289028,TM2D3	.	8
chr15:101659485-101659635	distal	.	.	2
chr15:101723878-101724716	proximal	TARS3	.	8
chr15:101754203-101754412	distal	.	.	8
chr15:101759563-101759759	distal	.	.	4
chr15:101762933-101763128	distal	.	.	4
chr15:101773025-101773317	distal	.	.	2
chr15:101953699-101954168	proximal	FAM138E	.	4
chr15:101961493-101961658	proximal	ENSG00000259553,ENSG00000290823	.	8
chr15:101967482-101967819	distal	.	.	10
chr15:19776151-19776458	distal	.	.	2
chr15:19777567-19777865	distal	.	.	2
chr15:22757763-22758091	proximal	ENSG00000274253	.	4
chr15:22785892-22786742	distal	.	.	4
chr15:33915744-33916243	distal	.	.	2
chr15:34223868-34224040	distal	.	.	4
chr15:34224771-34225055	proximal	EMC4	.	8
chr15:34337476-34337771	proximal	SLC12A6	.	4
chr15:34337926-34338311	proximal	SLC12A6	.	6
chr15:34343023-34343307	proximal	NOP10,NUTM1	.	8
chr15:34418983-34419133	distal	.	.	2
chr15:34524239-34524408	distal	.	.	4
chr15:34588416-34588611	proximal	GOLGA8B	.	4
chr15:34969334-34970060	proximal	AQR	.	10
chr15:34987968-34988718	proximal	ZNF770	.	4
chr15:36590864-36591126	distal	.	.	8
chr15:37101361-37101817	proximal	ENSG00000288808,MEIS2	.	8
chr15:39782410-39783038	proximal	ENSG00000261136,FSIP1	.	4
chr15:40045141-40045376	distal	.	.	6
chr15:40069187-40069608	distal	.	.	6
chr15:40098846-40099272	distal	.	.	2
chr15:40104839-40105101	distal	.	.	4
chr15:40160669-40161386	proximal	BUB1B	.	2
chr15:40282113-40282263	proximal	ANKRD63	.	2
chr15:40338160-40338310	distal	.	.	6
chr15:40367964-40368362	distal	.	.	6
chr15:40382778-40383269	proximal	KNSTRN	.	8
chr15:40405567-40405939	proximal	IVD	.	10
chr15:40421977-40422202	distal	.	.	2
chr15:40430548-40430730	distal	.	.	2
chr15:40440708-40441205	distal	.	.	2
chr15:40519818-40520026	distal	.	.	4
chr15:40564949-40565303	proximal	CCDC32	.	4
chr15:40593778-40594299	proximal	KNL1	.	12
chr15:40694966-40695507	proximal	RAD51,RAD51-AS1	.	4
chr15:40754507-40754803	distal	.	.	16
chr15:40755273-40755533	proximal	RMDN3	.	2
chr15:40763698-40764149	proximal	GCHFR	.	10
chr15:40807008-40807222	proximal	DNAJC17,ZFYVE19	.	8
chr15:40807392-40807791	proximal	DNAJC17,ZFYVE19	.	4
chr15:40847177-40847414	distal	.	.	16
chr15:40847479-40847651	distal	.	.	2
chr15:40859270-40859437	distal	.	.	6
chr15:40873757-40874297	proximal	ENSG00000274798,RHOV	.	12
chr15:40894128-40894547	proximal	VPS18	.	8
chr15:40894716-40895120	proximal	VPS18	.	4
chr15:40906445-40906641	proximal	ENSG00000251161	.	2
chr15:40929048-40929641	proximal	DLL4	.	16
chr15:40953229-40953471	proximal	CHAC1	.	4
chr15:40979259-40979409	distal	.	.	2
chr15:41030563-41030713	distal	.	.	2
chr15:41083307-41083457	distal	.	.	2
chr15:41115579-41116309	proximal	INO80	.	2
chr15:41116412-41116732	proximal	INO80	.	4
chr15:41143475-41143670	distal	.	.	2
chr15:41168990-41169178	distal	.	.	10
chr15:41230745-41231304	proximal	CHP1,EXD1	.	20
chr15:41283615-41284249	proximal	ENSG00000285920,OIP5-AS1	.	16
chr15:41332163-41333215	proximal	OIP5	.	4
chr15:41402082-41402263	distal	.	.	4
chr15:41402387-41402627	distal	.	.	6
chr15:41416634-41417221	distal	.	.	4
chr15:41493094-41493591	proximal	ITPKA	.	12
chr15:41544194-41544574	proximal	RPAP1	.	18
chr15:41559001-41559344	distal	.	.	8
chr15:41566575-41566725	distal	.	.	10
chr15:41578189-41578519	distal	.	.	6
chr15:41603894-41604080	distal	.	.	16
chr15:41621413-41621845	proximal	MGA	.	10
chr15:41652317-41652488	distal	.	.	4
chr15:41660271-41660746	distal	.	.	14
chr15:41697499-41697649	distal	.	.	12
chr15:41774087-41774853	proximal	MAPKBP1	.	22
chr15:41827901-41828282	proximal	ENSG00000250379,JMJD7,JMJD7-PLA2G4B	.	12
chr15:41971570-41971766	proximal	EHD4	.	8
chr15:42084466-42084647	distal	.	.	4
chr15:42092646-42092872	distal	.	.	2
chr15:42208179-42208507	proximal	VPS39,VPS39-DT	.	16
chr15:42273048-42273611	proximal	GANC,TMEM87A	.	20
chr15:42339627-42339777	distal	.	.	4
chr15:42392516-42392723	distal	.	.	6
chr15:42490928-42491106	proximal	SNAP23,ZNF106	.	8
chr15:42495973-42496175	distal	.	.	2
chr15:42548326-42548934	proximal	ENSG00000285942,HAUS2,LRRC57	.	30
chr15:42581491-42581717	distal	.	.	12
chr15:42641619-42641828	distal	.	.	4
chr15:42852128-42852280	distal	.	.	16
chr15:42871384-42871534	distal	.	.	8
chr15:42920750-42921319	proximal	TTBK2	.	4
chr15:43014753-43015057	distal	.	.	8
chr15:43105735-43105985	proximal	UBR1	.	8
chr15:43106095-43106282	proximal	UBR1	.	8
chr15:43123089-43123345	proximal	TMEM62	.	14
chr15:43133459-43134293	distal	.	.	8
chr15:43330424-43330894	proximal	ADAL,LCMT2	.	12
chr15:43492810-43493001	distal	.	.	4
chr15:43510345-43511124	proximal	MAP1A,TP53BP1	.	28
chr15:43517530-43517972	distal	.	.	8
chr15:43604725-43605008	distal	.	.	2
chr15:43776696-43777525	proximal	ELL3,SERF2	.	12
chr15:43791973-43792372	distal	.	.	4
chr15:43800412-43800913	proximal	SERINC4	.	4
chr15:43825000-43825215	proximal	MFAP1	.	12
chr15:44058695-44058845	distal	.	.	2
chr15:44066092-44066514	distal	.	.	4
chr15:44194988-44195509	proximal	FRMD5	.	4
chr15:44252444-44252598	distal	.	.	20
chr15:44426799-44427327	proximal	CTDSPL2,CTDSPL2-DT	.	12
chr15:44477589-44477739	distal	.	.	8
chr15:44536602-44537237	proximal	EIF3J,EIF3J-DT	.	16
chr15:44595902-44596052	distal	.	.	2
chr15:44976930-44977080	distal	.	.	2
chr15:45089004-45089292	distal	.	.	8
chr15:45198439-45198873	proximal	ENSG00000259932	.	4
chr15:45200125-45200824	proximal	ENSG00000260035,SHF	.	4
chr15:48810453-48811482	proximal	CEP152,ENSG00000259700	.	8
chr15:48962899-48963064	proximal	SHC4	.	4
chr15:49155146-49155894	proximal	COPS2,GALK2	.	4
chr15:49229939-49230089	distal	.	.	8
chr15:50356472-50356673	distal	.	.	8
chr15:50908950-50909121	proximal	AP4E1,ENSG00000273674	.	8
chr15:51622594-51623294	proximal	DMXL2	.	2
chr15:52019021-52019285	proximal	MAPK6-DT	.	4
chr15:52019548-52019984	proximal	MAPK6-DT	.	2
chr15:52618301-52618468	distal	.	.	4
chr15:55319118-55319377	proximal	PIGB,PIGBOS1,RAB27A	.	12
chr15:55397110-55397260	distal	.	.	2
chr15:55408280-55408719	proximal	CCPG1,PIERCE2	.	4
chr15:55498343-55498595	proximal	DNAAF4-CCPG1	.	2
chr15:55588339-55588798	proximal	ENSG00000285805,PYGO1	.	12
chr15:55741732-55741882	distal	.	.	4
chr15:55825132-55825282	distal	.	.	2
chr15:55993308-55993913	proximal	NEDD4	.	10
chr15:56243719-56244151	proximal	TEX9	.	2
chr15:56886975-56887643	proximal	ENSG00000276524	.	6
chr15:57306475-57306918	distal	.	.	4
chr15:57505592-57505742	distal	.	.	2
chr15:57908232-57908382	distal	.	.	2
chr15:57951489-57951702	distal	.	.	4
chr15:57963501-57963658	distal	.	.	2
chr15:58038794-58039137	distal	.	.	4
chr15:58332116-58332513	distal	.	.	4
chr15:58749464-58750146	proximal	ADAM10,ENSG00000286897	.	8
chr15:58770967-58771387	proximal	MINDY2,MINDY2-DT	.	8
chr15:58933115-58933444	proximal	SLTM	.	4
chr15:58933506-58934024	proximal	SLTM	.	2
chr15:58987952-58988206	distal	.	.	2
chr15:59104980-59105273	proximal	CCNB2	.	4
chr15:59105384-59105789	proximal	CCNB2	.	2
chr15:59313818-59314009	distal	.	.	8
chr15:59372395-59373072	proximal	FAM81A,MYO1E	.	16
chr15:59492979-59493183	distal	.	.	2
chr15:59657068-59657832	proximal	GTF2A2	.	4
chr15:59688949-59689207	proximal	BNIP2,ENSG00000259238	.	8
chr15:59704276-59704761	distal	.	.	4
chr15:59953395-59953904	distal	.	.	2
chr15:60398474-60398988	distal	.	.	4
chr15:63042446-63042681	proximal	TPM1	.	4
chr15:63157451-63157767	proximal	RPS27L	.	4
chr15:63487423-63487624	distal	.	.	4
chr15:63493497-63493647	distal	.	.	4
chr15:63504308-63504694	proximal	USP3	.	8
chr15:63600528-63601021	proximal	USP3-AS1	.	2
chr15:63752199-63752374	distal	.	.	4
chr15:63833957-63834121	proximal	HERC1	.	2
chr15:63908332-63908556	distal	.	.	2
chr15:63942578-63942728	distal	.	.	4
chr15:64093387-64094098	proximal	CIAO2A,SNX1	.	16
chr15:64094241-64094418	proximal	CIAO2A,SNX1	.	8
chr15:64151367-64151749	proximal	SNX22	.	6
chr15:64155836-64156028	distal	.	.	2
chr15:64327069-64327270	distal	.	.	8
chr15:64356007-64356616	proximal	CSNK1G1	.	2
chr15:64381081-64381704	proximal	ENSG00000259316	.	12
chr15:64461382-64461581	proximal	ZNF609	.	10
chr15:64507687-64507837	distal	.	.	18
chr15:64597248-64597401	distal	.	.	4
chr15:64825414-64826208	proximal	PIF1	.	14
chr15:64835727-64836042	distal	.	.	2
chr15:64841365-64841856	proximal	ENSG00000249240,PLEKHO2	.	20
chr15:64935259-64935482	distal	.	.	6
chr15:64989660-64990127	proximal	SPG21	.	4
chr15:65022234-65022425	distal	.	.	10
chr15:65095164-65095314	distal	.	.	2
chr15:65116872-65117080	distal	.	.	10
chr15:65165079-65165282	distal	.	.	8
chr15:65185081-65185619	proximal	CLPX	.	4
chr15:65198655-65198825	distal	.	.	2
chr15:65271049-65271207	distal	.	.	4
chr15:65286521-65287098	distal	.	.	6
chr15:65295791-65296832	distal	.	.	8
chr15:65297795-65298051	distal	.	.	4
chr15:65304278-65304485	distal	.	.	2
chr15:65304598-65305248	distal	.	.	2
chr15:65377341-65377866	proximal	IGDCC3	.	4
chr15:65384740-65385262	distal	.	.	10
chr15:65385421-65386085	distal	.	.	10
chr15:65400805-65401097	distal	.	.	6
chr15:65401407-65401663	distal	.	.	2
chr15:65414987-65415137	distal	.	.	12
chr15:65415238-65415446	distal	.	.	2
chr15:65472876-65473026	distal	.	.	12
chr15:65488916-65489123	distal	.	.	4
chr15:65517009-65517899	proximal	DPP8	.	8
chr15:65530227-65530744	proximal	HACD3	.	4
chr15:65542081-65542400	distal	.	.	4
chr15:65610831-65611682	proximal	INTS14,SLC24A1	.	36
chr15:65665654-65665837	distal	.	.	4
chr15:65774049-65774199	distal	.	.	10
chr15:65778942-65779092	distal	.	.	2
chr15:65832722-65833215	distal	.	.	6
chr15:65869040-65869977	distal	.	.	6
chr15:66293379-66293879	proximal	DIS3L,DIS3L-AS1	.	24
chr15:66334313-66334475	distal	.	.	6
chr15:66356561-66357128	distal	.	.	4
chr15:66386382-66387080	proximal	MAP2K1,TIPIN	.	12
chr15:66497539-66498391	proximal	SNAPC5	.	12
chr15:66505281-66505662	proximal	ZWILCH	.	6
chr15:66553772-66554098	distal	.	.	4
chr15:66567069-66567502	distal	.	.	12
chr15:66619262-66619538	distal	.	.	8
chr15:66632910-66633060	distal	.	.	12
chr15:66671086-66671311	distal	.	.	8
chr15:66700942-66702370	proximal	SMAD6	.	2
chr15:66707406-66707660	distal	.	.	2
chr15:66725650-66725800	distal	.	.	2
chr15:66770855-66771275	distal	.	.	2
chr15:66797043-66797262	distal	.	.	2
chr15:66803209-66803418	distal	.	.	2
chr15:66804154-66804304	distal	.	.	2
chr15:66841959-66842163	distal	.	.	2
chr15:66862933-66863132	distal	.	.	2
chr15:66961609-66961818	distal	.	.	2
chr15:67065298-67065916	proximal	ENSG00000259347	.	4
chr15:67222658-67222827	distal	.	.	2
chr15:67254299-67255096	proximal	AAGAB,IQCH	.	16
chr15:67383294-67383462	distal	.	.	10
chr15:67433629-67433779	distal	.	.	2
chr15:67520907-67521803	proximal	C15orf61,IQCH-AS1	.	16
chr15:67542865-67543276	proximal	MAP2K5,MAP2K5-DT	.	8
chr15:67600333-67600531	distal	.	.	2
chr15:67637428-67637667	distal	.	.	4
chr15:67720710-67721101	distal	.	.	4
chr15:67840012-67840162	distal	.	.	8
chr15:67863536-67863940	distal	.	.	2
chr15:67884491-67885139	distal	.	.	4
chr15:68053939-68054671	proximal	PIAS1	.	2
chr15:68054753-68054914	proximal	PIAS1	.	4
chr15:68190252-68190419	distal	.	.	2
chr15:68200695-68200896	distal	.	.	4
chr15:68210826-68211211	distal	.	.	4
chr15:68229348-68229531	proximal	ENSG00000260007	.	4
chr15:68229617-68230160	proximal	ENSG00000260007	.	6
chr15:68253054-68253204	distal	.	.	8
chr15:68277155-68277460	proximal	ENSG00000260657,FEM1B	.	16
chr15:68277566-68277834	proximal	ENSG00000260657,FEM1B	.	16
chr15:68278014-68278674	proximal	ENSG00000260657,FEM1B	.	24
chr15:68304625-68304796	distal	.	.	10
chr15:68402045-68402233	distal	.	.	2
chr15:68578893-68579049	proximal	CORO2B	.	4
chr15:68629266-68629416	distal	.	.	4
chr15:68651079-68651343	distal	.	.	4
chr15:68657796-68658011	distal	.	.	10
chr15:68674078-68674309	distal	.	.	4
chr15:68700660-68701134	distal	.	.	12
chr15:68710747-68710965	distal	.	.	4
chr15:68776841-68776999	distal	.	.	8
chr15:68818179-68818575	proximal	SPESP1	.	12
chr15:68839799-68839949	distal	.	.	2
chr15:68843906-68844056	distal	.	.	4
chr15:68875672-68875867	distal	.	.	8
chr15:68888572-68888722	distal	.	.	2
chr15:69059157-69059479	distal	.	.	4
chr15:69126052-69126417	distal	.	.	4
chr15:69145949-69146137	distal	.	.	2
chr15:69160053-69161051	proximal	GLCE	.	4
chr15:69235105-69235324	distal	.	.	14
chr15:69246876-69247026	distal	.	.	2
chr15:69298776-69299107	proximal	PAQR5,PAQR5-DT	.	12
chr15:69337248-69337398	distal	.	.	2
chr15:69394630-69394911	distal	.	.	6
chr15:69414680-69414860	proximal	KIF23,KIF23-AS1	.	8
chr15:69452660-69453106	proximal	RPLP1	.	8
chr15:69462297-69463107	proximal	DRAIC,LINC02896	.	16
chr15:69671275-69671458	distal	.	.	8
chr15:69737492-69737642	distal	.	.	2
chr15:69847501-69847651	distal	.	.	6
chr15:69973301-69973451	distal	.	.	4
chr15:70006194-70006380	distal	.	.	2
chr15:70033576-70033917	distal	.	.	2
chr15:70062426-70062944	distal	.	.	8
chr15:70097601-70098121	proximal	TLE3	.	4
chr15:70099515-70099925	distal	.	.	2
chr15:70111319-70111587	distal	.	.	4
chr15:70155109-70155259	distal	.	.	4
chr15:70181475-70181625	distal	.	.	2
chr15:70196638-70196950	distal	.	.	6
chr15:70223052-70223208	distal	.	.	2
chr15:70460333-70460687	distal	.	.	2
chr15:70467041-70467210	distal	.	.	6
chr15:70478282-70478489	distal	.	.	4
chr15:70494391-70494784	distal	.	.	4
chr15:70762531-70762974	proximal	UACA	.	12
chr15:70763047-70763909	proximal	UACA	.	8
chr15:70833992-70834225	distal	.	.	6
chr15:70840934-70841084	distal	.	.	4
chr15:70853812-70854570	proximal	LARP6,LRRC49	.	4
chr15:70891711-70891925	proximal	THAP10	.	4
chr15:70892166-70892958	proximal	THAP10	.	14
chr15:71069712-71069862	distal	.	.	2
chr15:71103149-71103395	distal	.	.	4
chr15:71115887-71116317	proximal	CT62	.	2
chr15:71128833-71129056	distal	.	.	4
chr15:71279085-71279330	distal	.	.	4
chr15:71454720-71454870	distal	.	.	2
chr15:71713288-71713438	distal	.	.	8
chr15:71926273-71926423	distal	.	.	8
chr15:71953772-71954090	distal	.	.	2
chr15:72061603-72061753	distal	.	.	4
chr15:72117312-72117910	proximal	MYO9A	.	14
chr15:72118008-72118704	proximal	MYO9A	.	6
chr15:72199594-72199946	distal	.	.	4
chr15:72230255-72230671	distal	.	.	12
chr15:72230759-72231443	proximal	PKM	.	4
chr15:72251772-72251985	distal	.	.	8
chr15:72272172-72273078	proximal	PARP6	.	4
chr15:72286039-72286198	distal	.	.	4
chr15:72290768-72290936	distal	.	.	2
chr15:72319766-72320436	proximal	CELF6,ENSG00000273025	.	24
chr15:72375901-72376361	proximal	ENSG00000260729,HEXA,HEXA-AS1	.	6
chr15:72389315-72389524	distal	.	.	8
chr15:72473630-72474729	proximal	ARIH1,TMEM202-AS1	.	16
chr15:72475106-72475292	proximal	ARIH1,TMEM202-AS1	.	24
chr15:72513825-72513991	distal	.	.	4
chr15:72636801-72637032	proximal	LINC02259	.	2
chr15:72670589-72671087	distal	.	.	4
chr15:72673642-72673792	distal	.	.	4
chr15:72685910-72686717	proximal	BBS4,HIGD2B	.	24
chr15:72783158-72783316	proximal	ADPGK-AS1	.	8
chr15:72783638-72783991	proximal	ADPGK-AS1	.	12
chr15:72796914-72797444	distal	.	.	8
chr15:73051639-73052434	proximal	NEO1	.	8
chr15:73187441-73187591	distal	.	.	10
chr15:73265539-73265842	distal	.	.	2
chr15:73633202-73633985	proximal	NPTN	.	6
chr15:73683965-73684502	proximal	CD276	.	10
chr15:73700327-73700501	distal	.	.	8
chr15:73752816-73753050	proximal	INSYN1,INSYN1-AS1	.	16
chr15:73810176-73810406	distal	.	.	4
chr15:73857938-73858109	distal	.	.	6
chr15:73897401-73897738	distal	.	.	2
chr15:73927164-73927346	proximal	LOXL1-AS1	.	2
chr15:73950969-73951417	distal	.	.	4
chr15:73992177-73992540	distal	.	.	6
chr15:73994590-73995191	proximal	PML,STOML1	.	4
chr15:74040603-74040770	distal	.	.	10
chr15:74065854-74066016	distal	.	.	8
chr15:74072144-74072518	distal	.	.	8
chr15:74089648-74089928	distal	.	.	2
chr15:74095681-74095964	distal	.	.	20
chr15:74099930-74100408	proximal	ISLR2	.	8
chr15:74136051-74136890	distal	.	.	10
chr15:74177858-74178027	distal	.	.	10
chr15:74185435-74185585	distal	.	.	6
chr15:74202952-74203114	proximal	CCDC33	.	6
chr15:74255926-74256154	distal	.	.	4
chr15:74307832-74308021	distal	.	.	6
chr15:74373509-74373970	proximal	ENSG00000274937	.	6
chr15:74374321-74374577	proximal	ENSG00000274937	.	16
chr15:74382435-74382629	distal	.	.	6
chr15:74433905-74434155	proximal	SEMA7A	.	16
chr15:74461055-74461800	proximal	UBL7,UBL7-DT	.	40
chr15:74489923-74490342	proximal	ENSG00000261775	.	10
chr15:74546042-74546516	distal	.	.	2
chr15:74557780-74557944	distal	.	.	2
chr15:74563460-74563617	distal	.	.	2
chr15:74598361-74598580	proximal	CLK3,ENSG00000275527	.	8
chr15:74614659-74614862	proximal	ENSG00000260919	.	6
chr15:74615269-74615510	proximal	ENSG00000260919	.	10
chr15:74615574-74615924	proximal	ENSG00000260919	.	22
chr15:74635233-74635448	distal	.	.	14
chr15:74643639-74643836	distal	.	.	6
chr15:74688491-74688677	distal	.	.	2
chr15:74695587-74696640	proximal	EDC3	.	10
chr15:74725520-74725876	proximal	CYP1A1	.	2
chr15:74726115-74726481	proximal	CYP1A1	.	4
chr15:74754753-74754903	distal	.	.	12
chr15:74771104-74771360	distal	.	.	10
chr15:74782394-74782569	proximal	CSK	.	12
chr15:74787877-74788061	distal	.	.	14
chr15:74800067-74800420	distal	.	.	10
chr15:74807096-74807246	distal	.	.	10
chr15:74842561-74842790	proximal	ULK3	.	10
chr15:74843122-74843528	proximal	ULK3	.	22
chr15:74857075-74857324	distal	.	.	6
chr15:74872737-74873499	proximal	SCAMP2	.	8
chr15:74873783-74873952	proximal	SCAMP2	.	28
chr15:74889892-74890397	proximal	MPI	.	4
chr15:74906318-74907199	proximal	FAM219B	.	12
chr15:74957377-74957558	proximal	RPP25,SCAMP5	.	4
chr15:74995058-74995670	distal	.	.	16
chr15:75023135-75023285	proximal	PPCDC	.	24
chr15:75023480-75023720	proximal	PPCDC	.	2
chr15:75029353-75029580	distal	.	.	2
chr15:75104644-75104800	distal	.	.	4
chr15:75119736-75120413	distal	.	.	26
chr15:75138011-75138161	distal	.	.	2
chr15:75150232-75150392	distal	.	.	16
chr15:75177824-75178050	distal	.	.	8
chr15:75181006-75181263	distal	.	.	6
chr15:75201794-75202201	distal	.	.	24
chr15:75202587-75202884	distal	.	.	12
chr15:75204833-75205050	distal	.	.	4
chr15:75216016-75216166	distal	.	.	4
chr15:75274272-75274422	distal	.	.	6
chr15:75274528-75275081	distal	.	.	10
chr15:75288593-75288885	distal	.	.	2
chr15:75308103-75308361	distal	.	.	4
chr15:75327523-75327942	distal	.	.	8
chr15:75335920-75336342	proximal	COMMD4	.	14
chr15:75347967-75348165	proximal	ENSG00000275645	.	4
chr15:75367767-75368760	proximal	ENSG00000260274,MAN2C1	.	20
chr15:75440973-75441206	distal	.	.	8
chr15:75450627-75452305	distal	.	.	14
chr15:75453914-75454526	proximal	ENSG00000276744	.	4
chr15:75532506-75532724	distal	.	.	2
chr15:75579200-75579743	proximal	PTPN9	.	10
chr15:75624979-75626167	proximal	ENSG00000260235,SNUPN	.	4
chr15:75631851-75632051	distal	.	.	38
chr15:75638446-75638604	distal	.	.	2
chr15:75640154-75640478	proximal	ENSG00000275454	.	4
chr15:75640541-75640839	proximal	ENSG00000275454	.	6
chr15:75647537-75648065	proximal	IMP3,SNX33	.	56
chr15:75673352-75673502	distal	.	.	4
chr15:75686049-75686200	distal	.	.	6
chr15:75722224-75722374	distal	.	.	2
chr15:75723806-75724065	proximal	ODF3L1	.	6
chr15:75731294-75731450	distal	.	.	2
chr15:75738499-75738840	proximal	DNM1P35,ENSG00000260288	.	16
chr15:75738912-75739109	proximal	DNM1P35	.	2
chr15:75758381-75758867	distal	.	.	10
chr15:75758950-75759147	distal	.	.	4
chr15:75767520-75767707	distal	.	.	4
chr15:75786285-75786547	distal	.	.	4
chr15:75795239-75795422	distal	.	.	2
chr15:75808318-75808514	distal	.	.	8
chr15:75843926-75844278	proximal	UBE2Q2	.	10
chr15:75903607-75904416	proximal	FBXO22	.	14
chr15:75904488-75904667	proximal	FBXO22	.	10
chr15:75914800-75915065	distal	.	.	2
chr15:75942136-75942344	distal	.	.	4
chr15:76059283-76059631	proximal	NRG4,TMEM266	.	8
chr15:76059691-76060091	proximal	NRG4,TMEM266	.	16
chr15:76139591-76139897	distal	.	.	4
chr15:76151074-76151241	distal	.	.	2
chr15:76229269-76229509	distal	.	.	14
chr15:76285336-76285486	distal	.	.	2
chr15:76291510-76291809	distal	.	.	2
chr15:76310807-76311751	proximal	ETFA	.	8
chr15:76732447-76732649	distal	.	.	10
chr15:76916486-76916695	distal	.	.	10
chr15:76931260-76931811	proximal	RCN2	.	8
chr15:77034898-77035048	distal	.	.	4
chr15:77083793-77084114	proximal	TSPAN3	.	4
chr15:77290449-77290679	distal	.	.	4
chr15:77408781-77408931	distal	.	.	2
chr15:77496912-77497078	distal	.	.	2
chr15:77527255-77527510	distal	.	.	6
chr15:77632295-77632445	distal	.	.	6
chr15:77633153-77633741	distal	.	.	32
chr15:77724881-77725112	distal	.	.	8
chr15:77900243-77900624	distal	.	.	6
chr15:77902894-77903099	distal	.	.	8
chr15:77910511-77910690	distal	.	.	6
chr15:77920171-77920321	distal	.	.	2
chr15:77926783-77927055	proximal	ENSG00000290665	.	4
chr15:77944845-77944995	proximal	ENSG00000290666	.	8
chr15:77959429-77959670	distal	.	.	2
chr15:78039642-78039792	distal	.	.	2
chr15:78065587-78065737	distal	.	.	2
chr15:78076818-78076968	proximal	SH2D7,TBC1D2B	.	16
chr15:78113314-78113825	distal	.	.	4
chr15:78131088-78131706	proximal	CIB2,IDH3A	.	24
chr15:78149097-78149571	distal	.	.	14
chr15:78212556-78212996	distal	.	.	10
chr15:78241040-78241469	distal	.	.	6
chr15:78299114-78299869	proximal	ENSG00000277482,SKIC8	.	32
chr15:78308495-78308716	distal	.	.	16
chr15:78360077-78360227	distal	.	.	14
chr15:78395135-78395578	distal	.	.	8
chr15:78422636-78422863	distal	.	.	2
chr15:78481165-78481398	proximal	ENSG00000259474	.	8
chr15:78506877-78508096	proximal	HYKK	.	4
chr15:78540985-78541170	proximal	PSMA4	.	4
chr15:78564937-78565643	proximal	CHRNA5	.	2
chr15:78620076-78620477	distal	.	.	16
chr15:78709428-78709690	distal	.	.	8
chr15:78726884-78727217	proximal	CHRNB4	.	6
chr15:78739826-78740434	distal	.	.	10
chr15:78751097-78751404	proximal	ENSG00000290424	.	8
chr15:78756280-78756430	distal	.	.	2
chr15:78810997-78811668	proximal	ADAMTS7,MORF4L1	.	8
chr15:78860044-78860397	distal	.	.	2
chr15:78907705-78907855	distal	.	.	12
chr15:78909890-78910109	distal	.	.	4
chr15:78945029-78945285	distal	.	.	8
chr15:79016759-79016920	distal	.	.	4
chr15:79091671-79091821	proximal	RASGRF1	.	4
chr15:79157531-79157681	distal	.	.	2
chr15:79343862-79344012	distal	.	.	2
chr15:79431790-79432537	proximal	MINAR1	.	14
chr15:79896610-79897401	proximal	ENSG00000286813,MTHFS	.	4
chr15:79922728-79923187	proximal	ENSG00000278600,ST20,ST20-AS1,ST20-MTHFS	.	16
chr15:79923302-79924134	proximal	ST20,ST20-AS1,ST20-MTHFS	.	36
chr15:80059287-80060247	proximal	ZFAND6	.	10
chr15:80072484-80072634	distal	.	.	12
chr15:80093135-80093317	distal	.	.	2
chr15:80120899-80121203	distal	.	.	6
chr15:80241683-80241848	distal	.	.	2
chr15:80417711-80417861	distal	.	.	12
chr15:80430847-80431009	distal	.	.	16
chr15:80567812-80568011	distal	.	.	4
chr15:80695536-80695908	distal	.	.	2
chr15:80747848-80748069	distal	.	.	8
chr15:80945110-80945260	distal	.	.	2
chr15:80989524-80990067	proximal	MESD	.	12
chr15:81001262-81001529	proximal	ENSG00000288625,TLNRD1	.	8
chr15:81236909-81237186	distal	.	.	8
chr15:81265865-81266297	distal	.	.	2
chr15:81275161-81275311	distal	.	.	4
chr15:81333988-81334138	distal	.	.	2
chr15:81878293-81878908	distal	.	.	2
chr15:82045633-82045795	proximal	MEX3B	.	2
chr15:82068325-82068475	distal	.	.	10
chr15:82198097-82198305	distal	.	.	2
chr15:82261992-82263157	proximal	EFL1,SAXO2	.	8
chr15:82647611-82647956	proximal	CPEB1-AS1	.	2
chr15:82688713-82689032	distal	.	.	4
chr15:82698225-82698375	distal	.	.	2
chr15:82709385-82709665	proximal	AP3B2	.	14
chr15:82709830-82710024	proximal	AP3B2	.	8
chr15:82750285-82750713	proximal	ENSG00000286817,SNHG21	.	12
chr15:82751035-82751185	proximal	ENSG00000286817,SNHG21	.	8
chr15:82809372-82810091	proximal	WHAMM	.	6
chr15:82849684-82849892	distal	.	.	8
chr15:82896462-82896693	distal	.	.	2
chr15:82985839-82986722	proximal	HOMER2,RAMAC	.	8
chr15:83061793-83062076	distal	.	.	4
chr15:83074066-83074236	distal	.	.	8
chr15:83078498-83078748	distal	.	.	4
chr15:83207956-83208194	proximal	HDGFL3	.	4
chr15:83226285-83226435	distal	.	.	8
chr15:83383683-83383926	distal	.	.	4
chr15:83421214-83421455	distal	.	.	8
chr15:83446757-83447838	proximal	SH3GL3	.	4
chr15:83479378-83479538	distal	.	.	4
chr15:83871984-83872155	distal	.	.	4
chr15:83955692-83955842	distal	.	.	8
chr15:84079887-84080741	proximal	ENSG00000291062	.	12
chr15:84092436-84092586	distal	.	.	2
chr15:84142844-84143354	distal	.	.	6
chr15:84164385-84164634	distal	.	.	2
chr15:84172578-84172811	proximal	ENSG00000259694,ENSG00000290688	.	12
chr15:84387226-84387398	distal	.	.	2
chr15:84421604-84422095	proximal	ENSG00000259774	.	2
chr15:84470344-84470670	distal	.	.	2
chr15:84512222-84512646	proximal	ENSG00000291026	.	12
chr15:84512728-84513002	distal	.	.	2
chr15:84570471-84571373	proximal	LINC00933,UBE2Q2P1	.	12
chr15:84585700-84585863	distal	.	.	4
chr15:84588020-84588310	distal	.	.	12
chr15:84600770-84601190	proximal	ZSCAN2	.	4
chr15:84654316-84654480	proximal	WDR73	.	4
chr15:84658171-84658524	proximal	NMB	.	4
chr15:84706865-84707092	distal	.	.	2
chr15:84734923-84735425	distal	.	.	2
chr15:84748749-84749010	proximal	ZNF592	.	2
chr15:84766650-84766800	distal	.	.	4
chr15:84887507-84887662	distal	.	.	10
chr15:84915021-84915455	proximal	ENSG00000286505	.	8
chr15:84928258-84928446	distal	.	.	8
chr15:84955474-84955648	distal	.	.	4
chr15:84980320-84980924	proximal	PDE8A	.	4
chr15:85201768-85201984	distal	.	.	4
chr15:85204388-85204593	distal	.	.	10
chr15:85264148-85264344	distal	.	.	6
chr15:85379930-85380739	proximal	AKAP13	.	4
chr15:85413506-85413799	distal	.	.	4
chr15:85434060-85434243	distal	.	.	6
chr15:85640072-85640233	distal	.	.	2
chr15:85775959-85776109	distal	.	.	2
chr15:88309233-88309383	distal	.	.	4
chr15:88519134-88519372	distal	.	.	2
chr15:88546286-88546829	proximal	DET1,ENSG00000173867	.	12
chr15:88621107-88621641	proximal	AEN	.	8
chr15:88621962-88622112	proximal	AEN	.	4
chr15:88681834-88682085	distal	.	.	4
chr15:88711814-88711964	distal	.	.	2
chr15:88750652-88750802	distal	.	.	2
chr15:88841670-88841989	distal	.	.	4
chr15:88851706-88851942	distal	.	.	4
chr15:88913140-88913584	proximal	MFGE8	.	12
chr15:88960077-88960410	distal	.	.	2
chr15:89004921-89005071	distal	.	.	4
chr15:89017456-89018034	distal	.	.	8
chr15:89020548-89020698	distal	.	.	12
chr15:89040905-89041055	proximal	CARMAL	.	4
chr15:89057613-89057777	distal	.	.	10
chr15:89087957-89088591	proximal	ABHD2,ENSG00000261407	.	8
chr15:89158375-89158583	distal	.	.	4
chr15:89177828-89178002	distal	.	.	6
chr15:89195028-89195243	distal	.	.	12
chr15:89206909-89207074	distal	.	.	4
chr15:89216977-89217161	distal	.	.	2
chr15:89334436-89335390	proximal	POLG,POLG-DT	.	12
chr15:89358688-89359129	distal	.	.	10
chr15:89361794-89362291	proximal	ENSG00000287717,MIR9-3HG	.	8
chr15:89383575-89383912	distal	.	.	2
chr15:89383982-89384296	distal	.	.	8
chr15:89399119-89399315	proximal	ENSG00000289128	.	6
chr15:89399393-89399559	proximal	ENSG00000289128	.	4
chr15:89399907-89400248	proximal	ENSG00000289128	.	8
chr15:89411580-89411828	distal	.	.	4
chr15:89416340-89416521	distal	.	.	2
chr15:89523476-89523626	proximal	LINC00928	.	6
chr15:89556756-89556937	distal	.	.	4
chr15:89560080-89560230	distal	.	.	10
chr15:89575024-89575580	proximal	TICRR	.	4
chr15:89647155-89647651	distal	.	.	22
chr15:89654672-89655754	distal	.	.	6
chr15:89666260-89666432	distal	.	.	2
chr15:89690484-89690874	proximal	PEX11A,WDR93	.	40
chr15:89740111-89740346	distal	.	.	6
chr15:89750755-89751263	proximal	MESP1	.	20
chr15:89760818-89761232	proximal	MESP2	.	4
chr15:89776342-89776677	distal	.	.	2
chr15:89861646-89861822	distal	.	.	18
chr15:89893739-89894805	proximal	AP3S2	.	4
chr15:89912241-89913085	proximal	ARPIN,ARPIN-AP3S2	.	12
chr15:89939819-89940030	distal	.	.	8
chr15:90001763-90002276	proximal	ZNF710	.	2
chr15:90046513-90046663	distal	.	.	6
chr15:90048384-90048534	distal	.	.	8
chr15:90071366-90071516	distal	.	.	2
chr15:90102189-90102740	proximal	IDH2,IDH2-DT	.	32
chr15:90143242-90143783	distal	.	.	2
chr15:90156073-90156223	distal	.	.	8
chr15:90157908-90158103	distal	.	.	18
chr15:90162701-90162861	distal	.	.	8
chr15:90165703-90166002	distal	.	.	6
chr15:90184500-90185045	distal	.	.	2
chr15:90201226-90201900	distal	.	.	14
chr15:90221387-90221579	distal	.	.	2
chr15:90233563-90234297	proximal	CIB1,ENSG00000284626,GDPGP1	.	24
chr15:90249188-90249611	proximal	ENSG00000261147,TTLL13	.	16
chr15:90265300-90265951	proximal	ENSG00000275674,NGRN	.	16
chr15:90319981-90320366	distal	.	.	4
chr15:90351792-90351998	proximal	ZNF774	.	2
chr15:90352056-90352416	proximal	ZNF774	.	14
chr15:90400732-90401026	distal	.	.	4
chr15:90485720-90485870	distal	.	.	4
chr15:90529213-90529570	proximal	CRTC3	.	4
chr15:90529789-90530146	proximal	CRTC3	.	8
chr15:90716999-90717523	proximal	BLM,CRTC3-AS1	.	16
chr15:90780277-90780429	distal	.	.	2
chr15:90807549-90807702	distal	.	.	2
chr15:90864663-90864813	distal	.	.	8
chr15:90903243-90903533	distal	.	.	2
chr15:90930069-90930482	proximal	UNC45A	.	14
chr15:90931744-90931972	distal	.	.	4
chr15:90932500-90932684	distal	.	.	12
chr15:90935125-90935306	proximal	HDDC3	.	4
chr15:90935419-90935659	proximal	HDDC3	.	4
chr15:90954713-90955403	proximal	RCCD1,RCCD1-AS1	.	8
chr15:92304637-92304787	distal	.	.	2
chr15:92808635-92808791	proximal	ENSG00000258922,ENSG00000274215	.	8
chr15:92820229-92820812	proximal	CHASERR,ENSG00000289200	.	8
chr15:92831584-92832135	distal	.	.	2
chr15:92984662-92984812	distal	.	.	2
chr15:93030716-93030877	distal	.	.	8
chr15:93068630-93068999	distal	.	.	10
chr15:95539846-95540012	distal	.	.	2
chr15:95843398-95843548	distal	.	.	2
chr15:95912214-95912399	distal	.	.	2
chr15:96171110-96171315	proximal	ENSG00000259359	.	8
chr15:96171395-96171679	proximal	ENSG00000259359	.	4
chr15:96246604-96246754	distal	.	.	4
chr15:96303421-96303579	distal	.	.	4
chr15:96361068-96361272	distal	.	.	2
chr15:96381013-96381163	distal	.	.	2
chr15:96385583-96385733	distal	.	.	2
chr15:96554385-96554577	distal	.	.	4
chr15:98548181-98548974	distal	.	.	2
chr15:98648056-98648654	proximal	IGF1R,IRAIN	.	8
chr15:98727557-98727837	distal	.	.	4
chr15:98750686-98750884	distal	.	.	6
chr15:98776854-98777163	distal	.	.	6
chr15:98799544-98799777	distal	.	.	2
chr15:98805824-98806024	distal	.	.	6
chr15:98852335-98852600	distal	.	.	2
chr15:98873954-98874196	distal	.	.	6
chr15:98893430-98893748	proximal	ENSG00000259621	.	12
chr15:99014811-99015196	proximal	LUNAR1	.	12
chr15:99015275-99015569	proximal	LUNAR1	.	6
chr15:99059002-99059411	distal	.	.	4
chr15:99076610-99076991	distal	.	.	2
chr15:99100626-99100779	distal	.	.	6
chr15:99104745-99105101	proximal	SYNM-AS1	.	4
chr15:99123519-99124082	distal	.	.	6
chr15:99264222-99264439	distal	.	.	2
chr15:99273071-99273243	distal	.	.	2
chr15:99275380-99275816	distal	.	.	8
chr15:99437412-99437667	distal	.	.	4
chr15:99565263-99565737	proximal	MEF2A	.	6
chr15:99565826-99566560	proximal	MEF2A	.	4
chr15:99566762-99566918	distal	.	.	4
chr15:99603340-99603722	distal	.	.	4
chr15:99668509-99668673	distal	.	.	2
chr15:99733382-99734008	proximal	LYSMD4	.	8
chr15:99755951-99756101	distal	.	.	2
chr15:99796374-99796524	distal	.	.	8
chr15:99806594-99806805	proximal	ENSG00000259363,ENSG00000290767	.	8
chr16:1025241-1025688	distal	.	.	10
chr16:10269-10465	distal	.	.	8
chr16:1055151-1055398	distal	.	.	8
chr16:10580561-10580806	proximal	EMP2	.	2
chr16:1070613-1070763	distal	.	.	8
chr16:10944341-10944631	proximal	CLEC16A	.	2
chr16:10954029-10954193	distal	.	.	4
chr16:11345320-11345521	proximal	ENSG00000263080	.	8
chr16:11532278-11532465	distal	.	.	4
chr16:11595799-11595949	distal	.	.	8
chr16:11742795-11743135	proximal	TXNDC11	.	2
chr16:11797188-11797896	proximal	ENSG00000277369,ZC3H7A	.	12
chr16:11836286-11836488	distal	.	.	8
chr16:11851228-11851720	proximal	RSL1D1,RSL1D1-DT	.	8
chr16:11851852-11852161	proximal	RSL1D1,RSL1D1-DT	.	8
chr16:11915856-11916310	proximal	GSPT1	.	6
chr16:11949326-11949493	distal	.	.	8
chr16:1198924-1199546	distal	.	.	12
chr16:12019185-12019366	distal	.	.	2
chr16:12318749-12318899	distal	.	.	2
chr16:1238811-1239208	distal	.	.	14
chr16:1300948-1301384	proximal	ENSG00000260710	.	2
chr16:1308593-1309658	proximal	ENSG00000274751,UBE2I	.	12
chr16:1342864-1343531	distal	.	.	12
chr16:1363496-1363724	distal	.	.	6
chr16:13970065-13970215	distal	.	.	2
chr16:1407995-1408469	proximal	ENSG00000260132	.	10
chr16:1420553-1421084	proximal	C16orf91	.	14
chr16:14285465-14286216	distal	.	.	2
chr16:1474867-1475218	proximal	CLCN7	.	18
chr16:1492966-1493461	proximal	TELO2	.	14
chr16:152938-153299	proximal	HBM	.	22
chr16:154395-154710	proximal	HBM	.	8
chr16:1610561-1610879	distal	.	.	16
chr16:1611781-1612484	proximal	CRAMP1,IFT140	.	8
chr16:1631872-1632062	proximal	ENSG00000261732	.	10
chr16:1677954-1678425	proximal	JPT2	.	4
chr16:1679941-1680091	distal	.	.	12
chr16:1705401-1706559	proximal	MAPK8IP3	.	6
chr16:1742329-1742479	distal	.	.	4
chr16:1747748-1748109	distal	.	.	10
chr16:1756394-1756598	distal	.	.	2
chr16:1773496-1773652	proximal	EME2,MRPS34	.	32
chr16:1782499-1783079	proximal	NUBP2	.	4
chr16:181473-181665	distal	.	.	4
chr16:1826544-1826972	proximal	FAHD1,HAGH	.	24
chr16:1827098-1827298	proximal	FAHD1,HAGH	.	8
chr16:18759949-18760169	distal	.	.	8
chr16:18790083-18791015	proximal	RPS15A	.	4
chr16:18998612-18999019	distal	.	.	4
chr16:19086358-19086939	proximal	ENSG00000260430	.	6
chr16:19113424-19113743	proximal	ENSG00000261427,ITPRIPL2	.	8
chr16:19410394-19410892	proximal	TMC5	.	2
chr16:1943185-1943559	proximal	MSRB1	.	6
chr16:19475520-19475670	distal	.	.	4
chr16:1959337-1959616	proximal	NDUFB10	.	4
chr16:1959827-1960005	proximal	NDUFB10	.	4
chr16:1964766-1965147	proximal	RPS2,SNHG9	.	44
chr16:1971874-1972497	proximal	ENSG00000277602,TBL3	.	4
chr16:1983862-1984225	proximal	GFER,NOXO1	.	4
chr16:1984363-1984544	proximal	GFER,NOXO1	.	24
chr16:1992049-1992556	distal	.	.	2
chr16:2003781-2004183	distal	.	.	10
chr16:2009717-2010018	proximal	NPW,ZNF598	.	48
chr16:2010193-2010360	proximal	NPW,ZNF598	.	8
chr16:2022915-2023072	distal	.	.	10
chr16:2023196-2023816	distal	.	.	28
chr16:2047619-2047949	proximal	NTHL1,TSC2	.	36
chr16:20741319-20741523	proximal	THUMPD1	.	2
chr16:20774824-20775062	distal	.	.	4
chr16:20806163-20806616	proximal	REXO5	.	6
chr16:2102896-2103109	distal	.	.	4
chr16:21158512-21158894	proximal	DNAH3,LDAF1	.	16
chr16:2127867-2128711	distal	.	.	8
chr16:21300510-21300925	distal	.	.	2
chr16:21301259-21301915	distal	.	.	2
chr16:2135089-2135324	proximal	PKD1	.	14
chr16:2135939-2136321	proximal	PKD1	.	14
chr16:21404754-21404937	distal	.	.	10
chr16:2155205-2156029	proximal	SNHG19,TRAF7	.	4
chr16:21554690-21555144	distal	.	.	2
chr16:21590039-21590342	distal	.	.	2
chr16:21599219-21599667	distal	.	.	8
chr16:21599732-21600268	distal	.	.	4
chr16:2178590-2178998	distal	.	.	4
chr16:21820337-21820865	proximal	ENSG00000291066	.	4
chr16:21935167-21935515	distal	.	.	2
chr16:21952531-21952727	proximal	ENSG00000274460,UQCRC2	.	8
chr16:21952932-21953153	proximal	ENSG00000274460,UQCRC2	.	12
chr16:21953237-21953465	proximal	ENSG00000274460,UQCRC2	.	8
chr16:21960483-21960633	distal	.	.	10
chr16:2196220-2196418	proximal	CASKIN1	.	2
chr16:22001042-22001446	proximal	PDZD9	.	2
chr16:2205305-2205511	distal	.	.	14
chr16:2205626-2205851	distal	.	.	16
chr16:22077796-22077946	distal	.	.	4
chr16:22092414-22092564	proximal	ENSG00000260277,VWA3A	.	8
chr16:2214769-2215378	proximal	PGP	.	8
chr16:22190432-22191468	distal	.	.	4
chr16:22206017-22206566	proximal	EEF2K	.	2
chr16:2223123-2223802	proximal	E4F1	.	32
chr16:22297072-22297728	proximal	POLR3E	.	8
chr16:22298388-22298694	distal	.	.	2
chr16:22437180-22437652	proximal	CDR2,ENSG00000291060,RRN3P3	.	12
chr16:2251310-2252055	proximal	ECI1	.	22
chr16:2268009-2268592	proximal	MIR3677HG,RNPS1	.	52
chr16:2282128-2282289	distal	.	.	6
chr16:23042-23298	proximal	WASIR2	.	4
chr16:23133490-23133779	distal	.	.	4
chr16:23149390-23149734	proximal	USP31	.	4
chr16:2333192-2333342	distal	.	.	4
chr16:2340286-2340439	proximal	ABCA3	.	8
chr16:2340662-2341117	proximal	ABCA3	.	14
chr16:235039-235292	proximal	FAM234A	.	2
chr16:235478-235678	distal	.	.	18
chr16:23597097-23597277	proximal	NDUFAB1	.	2
chr16:23678387-23678566	proximal	PLK1	.	2
chr16:2428743-2429556	proximal	CCNF	.	2
chr16:24538974-24539680	distal	.	.	2
chr16:2459902-2460454	proximal	ENSG00000260874,TEDC2	.	4
chr16:24723293-24723445	distal	.	.	4
chr16:2474390-2474577	proximal	TBC1D24	.	8
chr16:2474929-2475148	proximal	TBC1D24	.	10
chr16:24838441-24838640	distal	.	.	2
chr16:2501227-2501474	distal	.	.	4
chr16:25015343-25015763	proximal	ARHGAP17	.	4
chr16:2501553-2501766	distal	.	.	4
chr16:25048760-25048974	distal	.	.	2
chr16:25049998-25050157	distal	.	.	2
chr16:25066711-25067014	proximal	LINC02175	.	4
chr16:2513564-2513864	proximal	ATP6V0C,ENSG00000259784	.	20
chr16:25257433-25257661	proximal	ZKSCAN2,ZKSCAN2-DT	.	4
chr16:2531880-2532169	proximal	CEMP1	.	12
chr16:2537666-2538088	proximal	PDPK1	.	18
chr16:2546651-2546907	distal	.	.	16
chr16:2551762-2552101	distal	.	.	8
chr16:2553052-2553215	distal	.	.	8
chr16:2603175-2603916	proximal	ENSG00000291228	.	10
chr16:2673063-2673793	distal	.	.	8
chr16:2682282-2683027	proximal	ERVK13-1,KCTD5	.	12
chr16:2692948-2693122	distal	.	.	6
chr16:2720828-2721638	proximal	PRSS27	.	28
chr16:27235077-27235236	distal	.	.	2
chr16:27244018-27244260	distal	.	.	2
chr16:2751947-2753055	proximal	SRRM2,SRRM2-AS1	.	16
chr16:27599856-27600006	distal	.	.	4
chr16:27685751-27685901	distal	.	.	2
chr16:27726943-27727097	distal	.	.	2
chr16:2777198-2777390	proximal	ELOB,ENSG00000276791	.	20
chr16:2777542-2777871	proximal	ELOB,ENSG00000276791	.	16
chr16:2799453-2799657	distal	.	.	4
chr16:28112144-28112316	distal	.	.	2
chr16:28211770-28212455	proximal	XPO6	.	8
chr16:28277766-28278461	distal	.	.	2
chr16:28291995-28292610	proximal	ENSG00000246465	.	2
chr16:28317186-28317336	distal	.	.	4
chr16:28331667-28331899	distal	.	.	2
chr16:28349578-28349740	distal	.	.	8
chr16:28364900-28365070	distal	.	.	2
chr16:28376333-28376483	distal	.	.	8
chr16:28377118-28377466	distal	.	.	2
chr16:2841970-2842173	proximal	PRSS30P	.	18
chr16:2842368-2842990	proximal	PRSS30P	.	24
chr16:28491701-28492345	proximal	ENSG00000261832	.	8
chr16:28538868-28539263	proximal	NUPR1	.	4
chr16:28553914-28554452	proximal	ENSG00000275441,SGF29	.	4
chr16:2856378-2856858	distal	.	.	14
chr16:28572703-28572902	distal	.	.	2
chr16:28609786-28610149	distal	.	.	2
chr16:28615989-28616183	distal	.	.	2
chr16:28662074-28662252	distal	.	.	12
chr16:28666380-28666598	distal	.	.	2
chr16:2867896-2868053	proximal	ENSG00000263280	.	6
chr16:2868150-2868660	proximal	ENSG00000263280	.	6
chr16:28739679-28739909	distal	.	.	4
chr16:2874512-2874809	distal	.	.	12
chr16:2874895-2875085	distal	.	.	8
chr16:28750007-28750435	distal	.	.	2
chr16:28765600-28765750	distal	.	.	4
chr16:28802899-28803317	proximal	ENSG00000251417	.	2
chr16:28823664-28824189	proximal	ATXN2L,ENSG00000275807	.	8
chr16:2882415-2882882	proximal	FLYWCH2	.	2
chr16:28824275-28824621	proximal	ENSG00000275807	.	4
chr16:2882996-2883971	proximal	FLYWCH2	.	26
chr16:28846181-28846873	proximal	SH2B1,TUFM	.	12
chr16:28879851-28880292	proximal	ATP2A1-AS1	.	4
chr16:28898316-28898478	distal	.	.	12
chr16:28924728-28925868	distal	.	.	6
chr16:28936523-28936892	proximal	RABEP2	.	4
chr16:28945591-28945877	distal	.	.	4
chr16:28950566-28951126	proximal	NFATC2IP	.	6
chr16:28974267-28974870	proximal	ENSG00000261067,SPNS1	.	16
chr16:2898613-2898836	distal	.	.	40
chr16:2904975-2905213	proximal	ENSG00000289222	.	8
chr16:29081850-29082112	distal	.	.	6
chr16:29115040-29115392	proximal	ENSG00000291188	.	6
chr16:29115538-29115776	proximal	ENSG00000291188	.	10
chr16:2911708-2912269	proximal	FLYWCH1	.	6
chr16:29120797-29120957	distal	.	.	8
chr16:29166410-29166560	distal	.	.	12
chr16:29179493-29179671	distal	.	.	10
chr16:2927104-2927273	distal	.	.	4
chr16:2938960-2939110	distal	.	.	4
chr16:29400765-29401113	distal	.	.	2
chr16:29469765-29470005	distal	.	.	4
chr16:29482357-29482583	distal	.	.	8
chr16:29505500-29505692	proximal	NPIPB12	.	8
chr16:29594589-29594740	distal	.	.	22
chr16:29595032-29595745	distal	.	.	4
chr16:2961841-2962060	distal	.	.	10
chr16:29629335-29629782	distal	.	.	12
chr16:2963750-2964262	proximal	KREMEN2	.	14
chr16:29678984-29679435	distal	.	.	28
chr16:2968886-2969036	proximal	PAQR4	.	12
chr16:2969120-2969580	proximal	PAQR4	.	28
chr16:29700586-29700736	distal	.	.	4
chr16:2970119-2970468	distal	.	.	12
chr16:29701534-29701684	distal	.	.	2
chr16:29721694-29721873	distal	.	.	12
chr16:29790387-29790891	proximal	KIF22	.	10
chr16:2980383-2980875	proximal	ENSG00000274367,PKMYT1	.	20
chr16:29811232-29811402	proximal	ENSG00000280893,PRRT2	.	24
chr16:29815893-29816458	proximal	PAGR1	.	12
chr16:29816758-29816922	proximal	ENSG00000281348,PAGR1	.	8
chr16:2983720-2983932	distal	.	.	12
chr16:29848559-29848770	distal	.	.	4
chr16:29862738-29863393	proximal	CDIPT,ENSG00000278713	.	4
chr16:29863452-29863730	proximal	CDIPT,ENSG00000278713	.	36
chr16:29877479-29877922	distal	.	.	2
chr16:29899252-29899837	proximal	ASPHD1,SEZ6L2	.	8
chr16:29900265-29900622	proximal	ASPHD1,SEZ6L2	.	40
chr16:29925293-29925673	proximal	KCTD13	.	6
chr16:29925936-29926952	proximal	KCTD13,KCTD13-DT	.	8
chr16:29943570-29944616	distal	.	.	8
chr16:29951648-29952009	distal	.	.	14
chr16:29961458-29962300	distal	.	.	22
chr16:29995180-29995440	proximal	HIRIP3,INO80E	.	20
chr16:29995537-29995765	proximal	HIRIP3,INO80E	.	20
chr16:29996023-29996308	proximal	HIRIP3,INO80E	.	40
chr16:30020849-30021095	distal	.	.	38
chr16:30021251-30021845	distal	.	.	14
chr16:30032284-30032529	distal	.	.	22
chr16:3003860-3004220	proximal	ENSG00000289281	.	4
chr16:30052968-30053287	proximal	ENSG00000285043,TLCD3B	.	8
chr16:30055146-30055318	distal	.	.	2
chr16:30064833-30065893	proximal	ENSG00000274904	.	2
chr16:30075201-30075394	proximal	PPP4C	.	18
chr16:30075820-30076517	proximal	PPP4C	.	22
chr16:30091807-30092379	proximal	TBX6	.	4
chr16:30096211-30096535	proximal	YPEL3,YPEL3-DT	.	12
chr16:30122819-30123105	proximal	MAPK3	.	8
chr16:30123181-30123544	proximal	MAPK3	.	24
chr16:30165281-30165440	distal	.	.	6
chr16:30182860-30183159	proximal	CORO1A	.	24
chr16:30183311-30183647	proximal	CORO1A	.	12
chr16:30194541-30194873	proximal	BOLA2B,SLX1A,SLX1A-SULT1A3	.	42
chr16:3020210-3020403	proximal	CLDN6	.	4
chr16:3021189-3021683	distal	.	.	4
chr16:30219324-30219525	distal	.	.	2
chr16:3023938-3024105	proximal	HCFC1R1,THOC6	.	24
chr16:3024192-3024442	proximal	HCFC1R1,THOC6	.	12
chr16:3028249-3028414	distal	.	.	6
chr16:30298325-30298648	distal	.	.	4
chr16:3031535-3031864	proximal	ENSG00000205890	.	8
chr16:30334548-30334996	proximal	SMG1P5	.	18
chr16:30335066-30335633	proximal	SMG1P5	.	10
chr16:30354859-30355146	proximal	CD2BP2,CD2BP2-DT	.	12
chr16:30355221-30355967	proximal	CD2BP2,CD2BP2-DT	.	12
chr16:30377577-30377977	proximal	ZNF48	.	12
chr16:30378591-30379224	proximal	ZNF48	.	18
chr16:30400112-30400842	distal	.	.	26
chr16:30409482-30409719	distal	.	.	32
chr16:30445309-30445974	proximal	SEPHS2	.	32
chr16:30473200-30473388	proximal	ITGAL	.	8
chr16:30505248-30505400	distal	.	.	2
chr16:30526519-30527745	proximal	ZNF768	.	12
chr16:30534162-30534351	proximal	ENSG00000261459,ZNF747-DT	.	48
chr16:30534422-30535085	proximal	ENSG00000261459,ZNF747,ZNF747-DT	.	36
chr16:30558152-30558923	proximal	ZNF764	.	16
chr16:30571440-30572312	proximal	ENSG00000239791,ZNF688	.	8
chr16:30615279-30615429	distal	.	.	12
chr16:30615505-30615681	distal	.	.	8
chr16:30628852-30629034	distal	.	.	14
chr16:30633978-30634794	proximal	ENSG00000288983	.	8
chr16:30664023-30664206	distal	.	.	18
chr16:30677531-30677681	distal	.	.	4
chr16:30677882-30678099	distal	.	.	12
chr16:30693946-30694158	distal	.	.	12
chr16:30697916-30698732	proximal	ENSG00000261840,SRCAP	.	8
chr16:30698935-30699496	proximal	ENSG00000261840	.	4
chr16:30705862-30706035	distal	.	.	2
chr16:30730842-30730998	distal	.	.	10
chr16:30747984-30748870	proximal	PHKG2	.	2
chr16:30775372-30775835	distal	.	.	4
chr16:30775896-30776096	distal	.	.	10
chr16:3078242-3078418	distal	.	.	8
chr16:30786355-30786968	proximal	ZNF629	.	8
chr16:30787123-30787320	proximal	ZNF629	.	8
chr16:30793952-30794122	distal	.	.	12
chr16:30805382-30805752	distal	.	.	8
chr16:30814074-30814924	distal	.	.	6
chr16:30844731-30844993	distal	.	.	6
chr16:30856588-30856823	distal	.	.	8
chr16:30874889-30875108	proximal	MIR762HG	.	6
chr16:30875189-30875587	proximal	MIR762HG	.	6
chr16:30893775-30894472	proximal	BCL7C	.	2
chr16:30896512-30897259	proximal	CTF1	.	8
chr16:30902157-30902373	distal	.	.	12
chr16:30902450-30902685	distal	.	.	12
chr16:30922178-30923640	proximal	FBXL19,FBXL19-AS1	.	8
chr16:30927957-30928407	distal	.	.	14
chr16:30941871-30942221	distal	.	.	6
chr16:30957832-30958051	proximal	ENSG00000275263,SETD1A	.	24
chr16:30958124-30958448	proximal	SETD1A	.	2
chr16:30965536-30965763	distal	.	.	10
chr16:30985023-30985511	proximal	HSD3B7	.	16
chr16:30997037-30997496	distal	.	.	16
chr16:3099830-3100420	proximal	ZSCAN10	.	8
chr16:3101418-3101568	distal	.	.	10
chr16:31033145-31034453	proximal	STX4	.	4
chr16:3106461-3106913	proximal	ENSG00000263011	.	20
chr16:31074183-31074713	proximal	ZNF646,ZNF668	.	28
chr16:31094567-31095061	proximal	ENSG00000255439	.	14
chr16:31117438-31118230	proximal	ENSG00000262766	.	10
chr16:3112348-3112681	proximal	ZNF205	.	16
chr16:31142142-31142649	distal	.	.	2
chr16:31179785-31180286	proximal	FUS	.	14
chr16:31180462-31180799	proximal	FUS	.	2
chr16:31215394-31215693	distal	.	.	8
chr16:3123827-3124959	distal	.	.	4
chr16:31260017-31260182	proximal	ITGAM	.	4
chr16:3129637-3130043	proximal	ZNF213	.	22
chr16:3131884-3132066	distal	.	.	2
chr16:31333978-31334128	distal	.	.	4
chr16:3134841-3135543	distal	.	.	4
chr16:3141900-3142050	distal	.	.	4
chr16:31442689-31443281	proximal	ZNF843	.	2
chr16:31459051-31460031	proximal	ENSG00000260267	.	4
chr16:3152760-3152986	distal	.	.	18
chr16:3157338-3157658	proximal	ENSG00000261889	.	18
chr16:3157765-3157951	proximal	ENSG00000261889	.	10
chr16:3158081-3158458	proximal	ENSG00000261889	.	4
chr16:3158732-3159242	distal	.	.	8
chr16:3165927-3166230	distal	.	.	16
chr16:3174259-3174463	distal	.	.	12
chr16:3174957-3175107	distal	.	.	12
chr16:3175494-3175690	distal	.	.	10
chr16:3182708-3183088	distal	.	.	18
chr16:3189294-3189626	distal	.	.	20
chr16:3191808-3192108	distal	.	.	14
chr16:3203163-3203503	distal	.	.	18
chr16:32204-32362	distal	.	.	4
chr16:3235019-3235570	proximal	ZNF200	.	12
chr16:3235977-3236141	proximal	ZNF200	.	4
chr16:324385-325161	distal	.	.	10
chr16:3263622-3263841	proximal	ENSG00000290183,LINC00921	.	16
chr16:3264135-3264346	proximal	ENSG00000290183,LINC00921	.	12
chr16:3264455-3264989	proximal	ENSG00000290183,LINC00921	.	16
chr16:3282388-3282720	proximal	ZNF263	.	6
chr16:3282796-3283625	proximal	ZNF263	.	4
chr16:3305126-3305631	proximal	TIGD7,ZNF75A	.	12
chr16:3364891-3365223	proximal	ENSG00000285329	.	8
chr16:3378231-3378430	distal	.	.	2
chr16:3400663-3401630	proximal	ZNF174,ZSCAN32	.	36
chr16:3457362-3458236	proximal	ENSG00000263212	.	18
chr16:3469211-3469374	distal	.	.	6
chr16:3484854-3485004	distal	.	.	8
chr16:3500739-3501341	proximal	CLUAP1	.	16
chr16:3509629-3509779	distal	.	.	2
chr16:3519133-3519346	distal	.	.	4
chr16:352596-353279	proximal	AXIN1	.	10
chr16:3611504-3612051	proximal	DNASE1,SLX4	.	4
chr16:362198-362406	distal	.	.	10
chr16:3654143-3654480	distal	.	.	4
chr16:3690516-3690715	distal	.	.	4
chr16:370212-370742	proximal	MRPL28	.	6
chr16:3717481-3717763	proximal	TRAP1	.	4
chr16:381628-381800	distal	.	.	6
chr16:38266212-38266607	distal	.	.	2
chr16:38279993-38280268	distal	.	.	2
chr16:3880693-3880982	proximal	CREBBP	.	4
chr16:3903068-3903281	distal	.	.	2
chr16:3938899-3939337	distal	.	.	10
chr16:396608-396820	proximal	NME4	.	4
chr16:4058743-4058893	distal	.	.	2
chr16:4068790-4068940	distal	.	.	4
chr16:4116868-4117018	proximal	ADCY9	.	2
chr16:4183146-4184160	proximal	ENSG00000263105	.	4
chr16:4271770-4272056	distal	.	.	2
chr16:4537814-4538086	proximal	CDIP1	.	4
chr16:4616046-4616669	proximal	MGRN1	.	4
chr16:4624294-4625263	distal	.	.	6
chr16:46386297-46386565	distal	.	.	2
chr16:46399989-46401632	distal	.	.	4
chr16:46689073-46689766	proximal	ORC6,VPS35	.	12
chr16:46736209-46736376	distal	.	.	12
chr16:46748326-46748476	distal	.	.	2
chr16:467869-468260	distal	.	.	10
chr16:46789550-46789700	proximal	MYLK3	.	8
chr16:46830671-46831585	proximal	C16orf87	.	2
chr16:46883799-46884431	proximal	GPT2	.	2
chr16:46884829-46885001	proximal	GPT2	.	4
chr16:46929751-46929981	distal	.	.	12
chr16:47038132-47038324	distal	.	.	4
chr16:47143344-47144080	proximal	ITFG1-AS1,NETO2	.	8
chr16:4729340-4729490	distal	.	.	4
chr16:4734131-4734668	proximal	ANKS3,DNAAF8	.	8
chr16:4767084-4767410	proximal	ZNF500	.	12
chr16:4768626-4768986	distal	.	.	12
chr16:4802401-4803096	proximal	ROGDI	.	4
chr16:48344731-48344902	distal	.	.	2
chr16:48384803-48385185	distal	.	.	4
chr16:48385332-48385533	distal	.	.	2
chr16:4847100-4847939	proximal	GLYR1,UBN1	.	12
chr16:4848083-4848254	proximal	GLYR1	.	4
chr16:48623255-48623529	proximal	ENSG00000260086	.	8
chr16:4881315-4881522	distal	.	.	4
chr16:4893653-4893803	distal	.	.	4
chr16:49281756-49282143	proximal	CBLN1,ENSG00000279249	.	8
chr16:49282234-49282544	proximal	CBLN1,ENSG00000279249	.	8
chr16:49296040-49296263	distal	.	.	8
chr16:49453071-49453278	proximal	ENSG00000262950	.	4
chr16:494692-495051	distal	.	.	12
chr16:49492345-49492704	distal	.	.	4
chr16:4957764-4958557	proximal	SEC14L5	.	6
chr16:49855552-49855908	distal	.	.	16
chr16:49876627-49877039	distal	.	.	4
chr16:49909642-49909792	distal	.	.	6
chr16:50024900-50025529	proximal	CNEP1R1	.	6
chr16:50065505-50066522	proximal	HEATR3,HEATR3-AS1	.	8
chr16:502027-502194	distal	.	.	2
chr16:50355220-50355370	distal	.	.	2
chr16:5043264-5043414	distal	.	.	8
chr16:50548196-50548422	proximal	NKD1	.	2
chr16:5056461-5056611	distal	.	.	4
chr16:50665519-50665669	proximal	ENSG00000260249	.	2
chr16:51151763-51152558	proximal	SALL1	.	2
chr16:53055569-53055719	proximal	CHD9	.	4
chr16:53153321-53153477	distal	.	.	4
chr16:531707-531869	distal	.	.	2
chr16:53339025-53339232	distal	.	.	2
chr16:53528073-53528295	distal	.	.	8
chr16:53714748-53715297	distal	.	.	2
chr16:53742942-53743109	distal	.	.	2
chr16:54094885-54095173	distal	.	.	4
chr16:54193619-54194288	distal	.	.	6
chr16:54286185-54286643	proximal	ENSG00000283689,IRX3	.	16
chr16:54686890-54687299	distal	.	.	8
chr16:547065-547242	distal	.	.	2
chr16:54928732-54929467	proximal	CRNDE	.	8
chr16:54930590-54930872	proximal	ENSG00000289307,IRX5	.	8
chr16:55078792-55078942	distal	.	.	8
chr16:56341485-56341635	distal	.	.	8
chr16:56519806-56520217	distal	.	.	8
chr16:56608451-56608764	proximal	MT2A	.	8
chr16:56682285-56682555	proximal	ENSG00000259827,MT1X	.	20
chr16:56714253-56714403	distal	.	.	4
chr16:56839412-56839562	distal	.	.	2
chr16:56930728-56930878	distal	.	.	4
chr16:56931810-56932440	proximal	HERPUD1	.	4
chr16:56951329-56951484	distal	.	.	6
chr16:56989196-56989368	proximal	NLRC5	.	4
chr16:57028771-57029204	distal	.	.	6
chr16:57045654-57045852	distal	.	.	8
chr16:57185751-57186753	proximal	PSME3IP1,RSPRY1	.	8
chr16:57244670-57245686	proximal	ARL2BP	.	6
chr16:57284265-57284846	proximal	PLLP	.	6
chr16:57300416-57300879	distal	.	.	10
chr16:57407571-57407721	distal	.	.	2
chr16:57417130-57417289	distal	.	.	2
chr16:57430756-57430906	distal	.	.	2
chr16:57462424-57463003	proximal	POLR2C	.	4
chr16:57475910-57476115	distal	.	.	4
chr16:57486083-57486534	distal	.	.	6
chr16:57535915-57536357	proximal	CCDC102A	.	12
chr16:57649108-57649515	distal	.	.	6
chr16:57676080-57676230	distal	.	.	2
chr16:57735246-57736112	proximal	ENSG00000288753,KATNB1	.	12
chr16:57757282-57757627	distal	.	.	2
chr16:57764776-57765190	distal	.	.	2
chr16:57880286-57880436	distal	.	.	4
chr16:57956166-57956359	distal	.	.	4
chr16:57984816-57985476	distal	.	.	4
chr16:58001273-58001662	proximal	ZNF319	.	4
chr16:58032714-58032879	distal	.	.	12
chr16:58033030-58033253	distal	.	.	2
chr16:58129186-58129845	proximal	CFAP20,ENSG00000260927	.	8
chr16:58249824-58250408	distal	.	.	2
chr16:58371406-58371765	distal	.	.	4
chr16:58392187-58392612	proximal	ENSG00000276131	.	4
chr16:58493147-58493297	distal	.	.	8
chr16:58499930-58500277	distal	.	.	8
chr16:58515353-58515814	proximal	ENSG00000289004,SETD6	.	8
chr16:58629409-58629677	proximal	CNOT1	.	4
chr16:58684298-58685108	proximal	SLC38A7	.	4
chr16:58734248-58734512	proximal	ENSG00000245768,GOT2	.	4
chr16:589147-590141	proximal	RAB40C	.	4
chr16:611160-611353	distal	.	.	8
chr16:636145-636536	proximal	MCRIP2,METTL26	.	20
chr16:636716-637399	proximal	MCRIP2,METTL26	.	4
chr16:641733-641891	distal	.	.	12
chr16:660574-661175	distal	.	.	4
chr16:66406896-66407132	distal	.	.	2
chr16:66474822-66474990	distal	.	.	6
chr16:66552350-66552985	proximal	CKLF,CKLF-CMTM1,TK2	.	6
chr16:66605378-66605556	distal	.	.	2
chr16:66608660-66608884	distal	.	.	4
chr16:66620269-66620513	distal	.	.	4
chr16:66662508-66662675	distal	.	.	4
chr16:66696666-66697044	proximal	CMTM4	.	10
chr16:66697227-66697467	proximal	CMTM4	.	4
chr16:66751128-66751486	proximal	DYNC1LI2,DYNC1LI2-DT	.	4
chr16:667849-668140	proximal	RHOT2	.	12
chr16:66830559-66831335	distal	.	.	10
chr16:66867730-66868080	distal	.	.	6
chr16:66873185-66873457	proximal	NAE1	.	8
chr16:66934293-66934499	proximal	CES2,CIAO2B	.	8
chr16:67001032-67001182	proximal	ENSG00000289415	.	4
chr16:67013881-67014223	distal	.	.	4
chr16:67069788-67069975	distal	.	.	6
chr16:67109455-67109658	proximal	PHAF1	.	12
chr16:67160882-67161178	distal	.	.	8
chr16:67170386-67170560	proximal	NOL3	.	4
chr16:67183562-67184372	proximal	MATCAP1	.	6
chr16:67226818-67227189	proximal	TMEM208	.	14
chr16:67236580-67236930	proximal	SLC9A5	.	10
chr16:67246274-67246490	distal	.	.	12
chr16:67311639-67311972	distal	.	.	8
chr16:67326145-67327080	proximal	KCTD19,LRRC36	.	8
chr16:67393383-67393714	proximal	TPPP3	.	14
chr16:67416145-67416586	proximal	ZDHHC1	.	2
chr16:67416673-67416823	proximal	ZDHHC1	.	8
chr16:67465797-67466017	distal	.	.	2
chr16:67466290-67466487	distal	.	.	14
chr16:67480787-67481502	proximal	ATP6V0D1,ATP6V0D1-DT	.	8
chr16:67521083-67521783	distal	.	.	6
chr16:67552349-67552499	distal	.	.	8
chr16:67562008-67562560	proximal	CTCF,CTCF-DT	.	16
chr16:67562691-67563172	proximal	CTCF,CTCF-DT	.	12
chr16:67601002-67601307	distal	.	.	6
chr16:67652831-67653245	distal	.	.	8
chr16:67653719-67653869	distal	.	.	8
chr16:67660189-67660650	proximal	ACD,PARD6A	.	12
chr16:67660768-67661031	proximal	ACD,PARD6A	.	16
chr16:67667959-67668157	proximal	ENKD1	.	6
chr16:67672840-67673016	distal	.	.	4
chr16:67718869-67719548	proximal	GFOD2	.	18
chr16:67719992-67720191	proximal	GFOD2	.	8
chr16:67729236-67729386	distal	.	.	4
chr16:67782534-67783095	distal	.	.	36
chr16:67806469-67807323	proximal	RANBP10,TSNAXIP1	.	44
chr16:67816621-67816826	distal	.	.	16
chr16:67833541-67834006	distal	.	.	4
chr16:67841832-67842100	proximal	THAP11	.	6
chr16:67846397-67847021	proximal	NUTF2	.	4
chr16:67893004-67893678	proximal	PSKH1	.	14
chr16:67935562-67936198	proximal	ENSG00000261884,PSMB10	.	16
chr16:67966812-67966987	distal	.	.	8
chr16:67968401-67968819	proximal	SLC12A4	.	4
chr16:67976952-67977102	distal	.	.	8
chr16:679828-680440	proximal	STUB1,STUB1-DT	.	8
chr16:67983443-67983686	proximal	ENSG00000289991	.	2
chr16:67992947-67993771	distal	.	.	20
chr16:68023110-68023671	proximal	DDX28	.	14
chr16:68084515-68085690	proximal	NFATC3	.	2
chr16:68091672-68091953	distal	.	.	12
chr16:68237316-68238110	proximal	ENSG00000261469,ESRP2	.	16
chr16:68298720-68298870	distal	.	.	4
chr16:68310444-68311117	proximal	PRMT7,SLC7A6OS	.	16
chr16:68328481-68328923	distal	.	.	10
chr16:68382375-68382539	distal	.	.	8
chr16:684249-684667	proximal	JMJD8	.	4
chr16:68448405-68448946	proximal	ENSG00000287760,SMPD3	.	16
chr16:68529920-68530176	proximal	ZFP90	.	8
chr16:68539092-68539285	distal	.	.	2
chr16:68539354-68540030	distal	.	.	8
chr16:68801173-68801323	distal	.	.	8
chr16:68843443-68843791	proximal	TANGO6	.	2
chr16:690302-690500	proximal	WDR24	.	14
chr16:69106134-69106408	proximal	HAS3	.	2
chr16:69131551-69132407	proximal	CHTF8,DERPC,UTP4	.	24
chr16:69167752-69167902	distal	.	.	16
chr16:69310814-69311477	proximal	VPS4A	.	4
chr16:69311705-69311889	proximal	VPS4A	.	8
chr16:69330335-69331072	proximal	PDF	.	4
chr16:69339129-69339393	proximal	COG8	.	2
chr16:69339528-69340189	proximal	COG8	.	20
chr16:69374458-69374707	distal	.	.	6
chr16:69385832-69386154	distal	.	.	12
chr16:69424135-69424909	distal	.	.	10
chr16:69477032-69477182	distal	.	.	2
chr16:69513844-69514063	distal	.	.	4
chr16:69537969-69538119	distal	.	.	8
chr16:69565576-69566465	proximal	NFAT5	.	16
chr16:69726183-69726972	proximal	NQO1,NQO1-DT	.	32
chr16:69735767-69735917	distal	.	.	8
chr16:69736912-69737098	distal	.	.	4
chr16:69754473-69754742	proximal	NOB1	.	6
chr16:69754834-69755186	proximal	NOB1	.	6
chr16:69762225-69762819	proximal	WWP2	.	12
chr16:69859644-69859882	distal	.	.	2
chr16:69873290-69873440	distal	.	.	4
chr16:69954582-69955140	distal	.	.	4
chr16:69963390-69963677	distal	.	.	4
chr16:70064848-70065017	distal	.	.	4
chr16:70065820-70066351	proximal	ENSG00000290709,PDXDC2P-NPIPB14P	.	12
chr16:70114116-70114459	proximal	PDPR	.	8
chr16:70165154-70165331	distal	.	.	10
chr16:70199398-70199548	distal	.	.	4
chr16:70251560-70252137	proximal	EXOSC6	.	16
chr16:70288534-70288767	distal	.	.	12
chr16:70289046-70289196	proximal	AARS1,DDX19B	.	8
chr16:70289278-70289917	proximal	AARS1,DDX19B	.	20
chr16:70299009-70299757	proximal	ENSG00000260537	.	22
chr16:70346724-70347123	proximal	DDX19A,DDX19A-DT	.	24
chr16:70380735-70381110	distal	.	.	12
chr16:70381250-70381704	distal	.	.	2
chr16:70428438-70428841	distal	.	.	12
chr16:70438935-70439849	proximal	ST3GAL2	.	4
chr16:70523160-70523656	proximal	COG4,SF3B3	.	8
chr16:70608448-70608606	distal	.	.	4
chr16:70653838-70654044	distal	.	.	4
chr16:70800623-70800934	proximal	VAC14	.	8
chr16:71412737-71412957	distal	.	.	2
chr16:71435769-71435919	distal	.	.	2
chr16:71461974-71462488	proximal	ENSG00000247324,ZNF23	.	4
chr16:71611071-71611258	distal	.	.	4
chr16:71723030-71723278	proximal	ENSG00000261513	.	8
chr16:71786464-71786767	distal	.	.	8
chr16:71884402-71884748	distal	.	.	4
chr16:71895294-71895536	proximal	ZNF821	.	4
chr16:72008483-72008909	proximal	DHODH	.	4
chr16:73055625-73055789	distal	.	.	2
chr16:73058023-73058402	distal	.	.	2
chr16:73071299-73071568	distal	.	.	4
chr16:740881-741208	proximal	CIAO3	.	4
chr16:74251777-74251941	distal	.	.	8
chr16:74296618-74296875	proximal	PSMD7,PSMD7-DT	.	8
chr16:74296961-74297218	proximal	PSMD7,PSMD7-DT	.	8
chr16:74368033-74368444	proximal	ENSG00000261079,ENSG00000290890	.	4
chr16:74391458-74391757	distal	.	.	8
chr16:74413878-74414059	distal	.	.	2
chr16:74418571-74418776	distal	.	.	2
chr16:74424088-74424238	distal	.	.	2
chr16:74487991-74488213	distal	.	.	4
chr16:745772-745968	distal	.	.	4
chr16:74606540-74606735	proximal	GLG1	.	8
chr16:74813138-74813526	distal	.	.	2
chr16:74872726-74872876	distal	.	.	2
chr16:74984562-74984770	distal	.	.	4
chr16:74998828-74999105	proximal	ZNRF1	.	4
chr16:75116690-75116899	proximal	LDHD	.	6
chr16:75148343-75149092	proximal	ZFP1	.	4
chr16:75226969-75227119	proximal	ENSG00000290455	.	4
chr16:75233948-75234098	distal	.	.	8
chr16:75265913-75266273	distal	.	.	2
chr16:75305761-75305964	distal	.	.	4
chr16:75331533-75331700	distal	.	.	2
chr16:75384087-75384237	distal	.	.	2
chr16:75433176-75433881	proximal	CFDP1,ENSG00000274220	.	16
chr16:75445843-75446034	distal	.	.	4
chr16:75464329-75465021	proximal	ENSG00000261717,TMEM170A	.	8
chr16:75509637-75509850	distal	.	.	4
chr16:75516959-75517830	proximal	ENSG00000291051	.	2
chr16:75555795-75556438	proximal	ENSG00000276408,TMEM231	.	8
chr16:75566485-75566827	proximal	GABARAPL2	.	4
chr16:75623212-75623552	proximal	ADAT1	.	4
chr16:78099364-78099777	proximal	WWOX	.	4
chr16:78113-78364	distal	.	.	8
chr16:78325654-78326133	distal	.	.	4
chr16:788283-788677	proximal	CHTF18,RPUSD1	.	16
chr16:797081-797376	distal	.	.	8
chr16:807668-808097	distal	.	.	4
chr16:80993257-80993407	distal	.	.	8
chr16:81076664-81077391	proximal	C16orf46,ENSG00000245059	.	8
chr16:81387453-81387684	distal	.	.	2
chr16:81765195-81765381	distal	.	.	2
chr16:83807776-83808123	proximal	CDH13-AS2,ENSG00000288849	.	4
chr16:83898716-83898877	proximal	MLYCD	.	4
chr16:83899259-83899605	proximal	MLYCD	.	4
chr16:83953357-83953715	distal	.	.	6
chr16:83954173-83954346	distal	.	.	2
chr16:83956877-83957046	distal	.	.	10
chr16:84050651-84050801	distal	.	.	2
chr16:84105486-84105668	distal	.	.	2
chr16:84116714-84117326	proximal	MBTPS1,MBTPS1-DT	.	8
chr16:84170142-84170297	distal	.	.	4
chr16:84504200-84505049	distal	.	.	2
chr16:84603930-84604235	distal	.	.	6
chr16:84617814-84618503	proximal	COTL1	.	6
chr16:84618596-84618790	proximal	COTL1	.	4
chr16:84648347-84648617	proximal	KLHL36	.	2
chr16:846870-847166	distal	.	.	8
chr16:84731184-84731334	distal	.	.	4
chr16:84738554-84738719	distal	.	.	8
chr16:85027290-85027925	proximal	ENSG00000289551,KIAA0513	.	16
chr16:85114998-85115222	distal	.	.	4
chr16:85221387-85221555	distal	.	.	4
chr16:85245722-85245894	distal	.	.	2
chr16:85297158-85297308	distal	.	.	8
chr16:85328390-85328540	distal	.	.	2
chr16:85395626-85395969	distal	.	.	4
chr16:85438871-85439198	distal	.	.	2
chr16:85480266-85480674	distal	.	.	2
chr16:85613031-85613208	distal	.	.	2
chr16:85614043-85614201	distal	.	.	4
chr16:85616035-85616231	distal	.	.	2
chr16:85626546-85626913	distal	.	.	2
chr16:8567543-8567862	distal	.	.	2
chr16:85703129-85703313	distal	.	.	8
chr16:857858-858377	distal	.	.	6
chr16:85799443-85799868	proximal	EMC8	.	4
chr16:86409658-86409853	distal	.	.	4
chr16:86510270-86510767	proximal	FOXF1	.	8
chr16:86563903-86564124	distal	.	.	2
chr16:86575824-86576388	proximal	FOXL1	.	10
chr16:86712949-86713099	distal	.	.	2
chr16:86741179-86741494	distal	.	.	4
chr16:86806605-86807135	distal	.	.	2
chr16:86906746-86906896	distal	.	.	4
chr16:87018043-87018233	distal	.	.	2
chr16:87062702-87062959	distal	.	.	4
chr16:87077330-87077560	distal	.	.	4
chr16:87178167-87178375	distal	.	.	4
chr16:87317133-87317705	proximal	C16orf95,C16orf95-DT	.	8
chr16:87383399-87383549	proximal	MAP1LC3B	.	4
chr16:87383687-87384197	proximal	MAP1LC3B	.	2
chr16:87391452-87392360	proximal	FBXO31	.	8
chr16:87490803-87490976	distal	.	.	2
chr16:87492963-87493455	proximal	ZCCHC14,ZCCHC14-DT	.	8
chr16:87560463-87561260	distal	.	.	6
chr16:87588853-87589135	distal	.	.	2
chr16:87709307-87709457	distal	.	.	2
chr16:87777583-87778122	distal	.	.	8
chr16:87854777-87854927	distal	.	.	4
chr16:87869427-87869702	proximal	SLC7A5	.	8
chr16:87898201-87898382	distal	.	.	4
chr16:87913716-87913866	distal	.	.	2
chr16:87936979-87937129	proximal	CA5A	.	4
chr16:88265115-88265278	distal	.	.	4
chr16:88443086-88443267	distal	.	.	10
chr16:88452663-88453250	proximal	ZFPM1	.	4
chr16:88570124-88570487	proximal	ENSG00000289151,ZC3H18	.	24
chr16:88570546-88570696	proximal	ENSG00000289151,ZC3H18	.	12
chr16:88598191-88598341	distal	.	.	8
chr16:88663006-88663668	proximal	MVD,SNAI3-AS1	.	16
chr16:88686771-88687074	proximal	SNAI3	.	4
chr16:88803588-88803891	proximal	CDT1	.	4
chr16:88856646-88857190	proximal	GALNS,TRAPPC2L	.	24
chr16:88857285-88857435	proximal	GALNS	.	4
chr16:88905592-88905845	distal	.	.	20
chr16:89167520-89167670	distal	.	.	8
chr16:89192415-89193412	distal	.	.	6
chr16:89201619-89202016	proximal	SLC22A31	.	10
chr16:89216563-89216777	proximal	ZNF778-DT	.	16
chr16:89240526-89241413	distal	.	.	2
chr16:89294501-89294652	distal	.	.	14
chr16:89326396-89326546	distal	.	.	4
chr16:89343591-89343883	distal	.	.	10
chr16:89452370-89452546	distal	.	.	12
chr16:89490545-89491243	proximal	ANKRD11,SPG7	.	8
chr16:89557547-89557701	distal	.	.	2
chr16:89560463-89560706	proximal	RPL13	.	4
chr16:89565426-89565731	distal	.	.	6
chr16:89599470-89599693	distal	.	.	6
chr16:89609521-89609671	distal	.	.	4
chr16:89615659-89615830	distal	.	.	2
chr16:89657377-89658131	proximal	CHMP1A,SPATA33	.	20
chr16:89658565-89658715	proximal	CHMP1A,SPATA33	.	8
chr16:89686343-89686695	proximal	LINC02166	.	6
chr16:89686847-89687301	proximal	LINC02166	.	8
chr16:89701557-89702248	proximal	SPATA2L	.	4
chr16:89711655-89711903	proximal	VPS9D1-AS1	.	12
chr16:89721068-89721642	proximal	VPS9D1,ZNF276	.	4
chr16:89763675-89763825	distal	.	.	6
chr16:89816051-89816503	proximal	FANCA	.	2
chr16:89816582-89817358	proximal	FANCA	.	8
chr16:89860959-89861124	distal	.	.	14
chr16:89873445-89874623	proximal	TCF25	.	6
chr16:89910415-89910567	distal	.	.	6
chr16:89923029-89923422	proximal	ENSG00000259006	.	12
chr16:89949813-89949974	distal	.	.	2
chr16:89972422-89973028	distal	.	.	4
chr16:89984967-89985171	distal	.	.	8
chr16:90019757-90020134	proximal	DBNDD1,GAS8	.	8
chr16:90022566-90022769	distal	.	.	2
chr16:90077273-90077734	distal	.	.	14
chr16:90171319-90171491	distal	.	.	4
chr16:917595-917966	distal	.	.	2
chr16:9257725-9257875	distal	.	.	2
chr16:929145-929343	distal	.	.	8
chr16:970899-971499	distal	.	.	6
chr17:1268106-1268683	distal	.	.	2
chr17:1455909-1456567	distal	.	.	8
chr17:15260826-15261002	proximal	ENSG00000265445	.	8
chr17:15502951-15503119	distal	.	.	14
chr17:15699382-15699933	proximal	ZNF286A,ZNF286A-TBC1D26	.	12
chr17:15820012-15820174	distal	.	.	10
chr17:15999615-15999900	proximal	TTC19,ZSWIM7	.	8
chr17:16303728-16303948	distal	.	.	4
chr17:16353173-16353765	proximal	CENPV	.	4
chr17:16380464-16380854	proximal	UBB	.	4
chr17:16380948-16381386	proximal	UBB	.	2
chr17:16438705-16439124	proximal	SNHG29	.	14
chr17:16536271-16536485	distal	.	.	4
chr17:16653330-16654000	proximal	ENSG00000264765,ZNF624	.	8
chr17:16832987-16833296	proximal	ENSG00000290978	.	8
chr17:17001897-17002115	distal	.	.	4
chr17:17042109-17042470	proximal	ENSG00000287910,MPRIP	.	8
chr17:17087565-17087742	distal	.	.	6
chr17:17098600-17098853	distal	.	.	4
chr17:17102568-17102764	distal	.	.	2
chr17:17141954-17142162	distal	.	.	12
chr17:17205401-17205698	proximal	PLD6	.	18
chr17:17205781-17206840	proximal	PLD6	.	4
chr17:17222781-17222933	distal	.	.	12
chr17:17235881-17236141	proximal	ENSG00000266498	.	36
chr17:17237578-17237792	proximal	ENSG00000264187,FLCN	.	20
chr17:172409-172559	distal	.	.	4
chr17:17252361-17252527	distal	.	.	6
chr17:17280613-17281487	proximal	COPS3	.	12
chr17:17300596-17301055	distal	.	.	6
chr17:17303149-17303368	proximal	NT5M	.	10
chr17:17320553-17320703	distal	.	.	2
chr17:17355012-17355167	distal	.	.	30
chr17:17356170-17356365	distal	.	.	10
chr17:17416154-17416360	distal	.	.	10
chr17:17420982-17421132	distal	.	.	2
chr17:17476780-17477109	proximal	MED9	.	12
chr17:17496276-17497264	proximal	RASD1	.	4
chr17:17591307-17592283	proximal	ENSG00000264666,PEMT	.	12
chr17:17613358-17613513	distal	.	.	6
chr17:17613760-17613961	distal	.	.	2
chr17:17621503-17621673	distal	.	.	16
chr17:17623386-17623855	distal	.	.	14
chr17:17641939-17642102	distal	.	.	12
chr17:17646970-17647181	distal	.	.	20
chr17:17648764-17648914	distal	.	.	6
chr17:17663278-17663609	distal	.	.	10
chr17:17681171-17681724	proximal	RAI1	.	22
chr17:17682588-17682960	distal	.	.	10
chr17:17693469-17693847	distal	.	.	16
chr17:17693962-17694170	distal	.	.	10
chr17:17694566-17694936	distal	.	.	2
chr17:17695187-17695410	distal	.	.	10
chr17:17723473-17724276	distal	.	.	12
chr17:17724680-17724883	distal	.	.	2
chr17:17750064-17750215	distal	.	.	8
chr17:17752143-17752573	distal	.	.	12
chr17:17769072-17769240	distal	.	.	8
chr17:17781040-17781593	distal	.	.	4
chr17:17782339-17782489	distal	.	.	6
chr17:17782644-17782967	distal	.	.	8
chr17:17812329-17812572	distal	.	.	10
chr17:17818057-17818281	distal	.	.	32
chr17:17823615-17824173	distal	.	.	12
chr17:17835736-17836512	proximal	SREBF1	.	12
chr17:17836767-17837155	proximal	SREBF1	.	20
chr17:17849182-17849550	distal	.	.	24
chr17:17850124-17850347	distal	.	.	6
chr17:17860078-17860495	distal	.	.	20
chr17:17860554-17860704	distal	.	.	20
chr17:1787621-1787841	distal	.	.	4
chr17:17877908-17878089	distal	.	.	8
chr17:17912841-17913057	distal	.	.	16
chr17:17913803-17914607	distal	.	.	2
chr17:17919242-17919427	distal	.	.	8
chr17:17922217-17922404	distal	.	.	12
chr17:17922833-17923220	distal	.	.	24
chr17:17946975-17947125	distal	.	.	8
chr17:17958530-17958745	distal	.	.	10
chr17:17972111-17972978	proximal	DRC3,TOM1L2	.	4
chr17:18010519-18010706	distal	.	.	8
chr17:18017421-18017643	distal	.	.	12
chr17:18033445-18033719	distal	.	.	8
chr17:18038825-18039966	proximal	ATPAF2,GID4	.	12
chr17:18087579-18088414	proximal	DRG2	.	4
chr17:18094093-18094449	distal	.	.	6
chr17:18109032-18109197	proximal	MYO15A	.	30
chr17:18130475-18131033	distal	.	.	2
chr17:18141284-18141491	distal	.	.	12
chr17:18153833-18154107	distal	.	.	8
chr17:18158183-18158526	distal	.	.	4
chr17:18182784-18184051	proximal	ALKBH5	.	8
chr17:18217464-18217758	distal	.	.	16
chr17:18224715-18224897	proximal	LLGL1	.	10
chr17:18225134-18225681	proximal	LLGL1	.	10
chr17:18225782-18226181	proximal	LLGL1	.	24
chr17:18248324-18248526	distal	.	.	16
chr17:18258100-18258343	proximal	FLII	.	20
chr17:18260378-18261116	proximal	MIEF2	.	6
chr17:18274721-18274871	distal	.	.	6
chr17:1829360-1830041	proximal	RPA1,SMYD4	.	8
chr17:18295301-18295451	distal	.	.	2
chr17:18314675-18315420	proximal	SMCR8,TOP3A	.	16
chr17:18319952-18320102	distal	.	.	14
chr17:18338325-18338516	distal	.	.	6
chr17:18363092-18363242	proximal	SHMT1	.	6
chr17:18363337-18363820	proximal	SHMT1	.	8
chr17:18371361-18371594	distal	.	.	4
chr17:18383082-18383426	distal	.	.	8
chr17:18392439-18392694	distal	.	.	4
chr17:18400727-18401102	distal	.	.	2
chr17:18401177-18401379	distal	.	.	6
chr17:18404378-18404540	distal	.	.	4
chr17:18410742-18411029	proximal	LINC02076	.	4
chr17:18411417-18411897	proximal	LINC02076	.	16
chr17:18424766-18424929	distal	.	.	2
chr17:18429519-18429712	distal	.	.	8
chr17:18442176-18442406	distal	.	.	8
chr17:18476876-18477070	proximal	LGALS9C	.	4
chr17:18478432-18478626	distal	.	.	2
chr17:18484106-18484293	distal	.	.	4
chr17:18502432-18502631	distal	.	.	8
chr17:18508747-18509053	distal	.	.	2
chr17:18517997-18518325	distal	.	.	8
chr17:18563788-18564399	distal	.	.	16
chr17:18569321-18569628	distal	.	.	26
chr17:18682828-18682978	proximal	FOXO3B,ZNF286B	.	20
chr17:18697673-18697823	proximal	TRIM16L	.	6
chr17:18697896-18698075	proximal	TRIM16L	.	18
chr17:18698156-18698512	proximal	TRIM16L	.	4
chr17:18712377-18712649	distal	.	.	10
chr17:18719257-18719410	distal	.	.	12
chr17:18753144-18753372	distal	.	.	4
chr17:18816909-18817076	distal	.	.	10
chr17:18823543-18824041	distal	.	.	4
chr17:18836914-18837074	distal	.	.	4
chr17:18850334-18850532	distal	.	.	6
chr17:18856091-18856445	proximal	ENSG00000289213	.	6
chr17:18857853-18858580	distal	.	.	2
chr17:18886354-18886674	distal	.	.	12
chr17:18946633-18946824	distal	.	.	4
chr17:18960887-18961091	distal	.	.	8
chr17:18981746-18981935	distal	.	.	8
chr17:18998834-18999033	distal	.	.	16
chr17:19004061-19004499	proximal	FAM83G	.	12
chr17:19004725-19004951	proximal	FAM83G	.	20
chr17:19016554-19016738	distal	.	.	12
chr17:19031767-19032379	distal	.	.	12
chr17:19037508-19037715	distal	.	.	8
chr17:19041174-19041564	distal	.	.	2
chr17:19047666-19047841	proximal	GRAP	.	12
chr17:19050843-19051028	distal	.	.	2
chr17:19062089-19062594	distal	.	.	2
chr17:19063301-19064009	distal	.	.	6
chr17:19074534-19074838	distal	.	.	4
chr17:19076485-19076835	distal	.	.	10
chr17:19076907-19077102	proximal	ENSG00000230197	.	4
chr17:19081996-19082193	distal	.	.	4
chr17:19086985-19087322	distal	.	.	6
chr17:19088906-19089253	distal	.	.	10
chr17:19093530-19094139	proximal	ENSG00000228157	.	14
chr17:19111075-19111487	distal	.	.	6
chr17:19111808-19112467	proximal	ENSG00000262202	.	2
chr17:19123514-19123699	distal	.	.	2
chr17:19133575-19133834	distal	.	.	10
chr17:19142199-19142751	distal	.	.	2
chr17:19142971-19143127	proximal	ENSG00000262319	.	4
chr17:19144194-19144702	proximal	ENSG00000262319	.	6
chr17:19146924-19147142	distal	.	.	6
chr17:19149552-19149874	proximal	ENSG00000266664	.	16
chr17:19187904-19188299	distal	.	.	8
chr17:19188708-19188872	distal	.	.	4
chr17:19226151-19226510	distal	.	.	20
chr17:19237204-19238033	distal	.	.	8
chr17:19260193-19260343	distal	.	.	4
chr17:19317289-19317675	distal	.	.	12
chr17:19321735-19321894	distal	.	.	2
chr17:19337414-19337583	distal	.	.	8
chr17:19347454-19347659	distal	.	.	12
chr17:19362228-19363185	proximal	ENSG00000286799	.	6
chr17:19377555-19378936	proximal	B9D1,MAPK7	.	32
chr17:19387141-19387501	proximal	MFAP4	.	14
chr17:19447127-19447529	distal	.	.	12
chr17:19463850-19464000	distal	.	.	8
chr17:19469393-19469621	distal	.	.	2
chr17:19513995-19514195	distal	.	.	18
chr17:19526156-19526720	distal	.	.	8
chr17:19533182-19533332	distal	.	.	4
chr17:19533698-19534433	distal	.	.	12
chr17:19552775-19552925	distal	.	.	2
chr17:19567025-19567297	distal	.	.	6
chr17:19580550-19580724	proximal	ENSG00000290454	.	8
chr17:19606156-19606336	distal	.	.	4
chr17:19614099-19614288	distal	.	.	6
chr17:19717485-19717668	distal	.	.	2
chr17:19718988-19719168	proximal	ENSG00000262681,SLC47A2	.	40
chr17:19744558-19744857	distal	.	.	28
chr17:19744931-19745212	distal	.	.	10
chr17:19745274-19745434	distal	.	.	6
chr17:19762583-19762831	distal	.	.	14
chr17:19766574-19766781	distal	.	.	18
chr17:1978398-1978548	distal	.	.	2
chr17:19786042-19786192	distal	.	.	2
chr17:19794819-19795059	distal	.	.	8
chr17:19812533-19812720	distal	.	.	2
chr17:19870071-19870223	distal	.	.	2
chr17:19911878-19912028	distal	.	.	6
chr17:19938684-19938846	distal	.	.	8
chr17:19992817-19993370	distal	.	.	12
chr17:20008657-20010122	proximal	SPECC1,SPECC1-DT	.	32
chr17:20010240-20010408	distal	.	.	14
chr17:20079625-20079830	distal	.	.	6
chr17:20093267-20093641	distal	.	.	14
chr17:20095379-20095584	distal	.	.	8
chr17:20111686-20111852	distal	.	.	6
chr17:20135633-20135853	distal	.	.	2
chr17:20155691-20156712	distal	.	.	2
chr17:20171750-20171900	distal	.	.	2
chr17:20226829-20227117	distal	.	.	20
chr17:20231994-20232144	distal	.	.	2
chr17:20266982-20267342	distal	.	.	6
chr17:20284332-20284496	distal	.	.	4
chr17:2029943-2030216	proximal	DPH1	.	6
chr17:20329447-20329740	distal	.	.	2
chr17:20389077-20389339	distal	.	.	4
chr17:2041587-2042488	proximal	ENSG00000287553,OVCA2	.	8
chr17:20418031-20418191	distal	.	.	2
chr17:20419011-20419460	distal	.	.	4
chr17:20446945-20447152	distal	.	.	4
chr17:20502839-20503001	distal	.	.	2
chr17:20514310-20514492	distal	.	.	6
chr17:20525565-20525775	distal	.	.	12
chr17:20531998-20532292	distal	.	.	10
chr17:20549405-20549643	distal	.	.	2
chr17:20633445-20633636	proximal	LINC02088	.	4
chr17:20701505-20701701	distal	.	.	6
chr17:20842781-20842952	distal	.	.	2
chr17:20843544-20844244	distal	.	.	4
chr17:20852543-20853208	distal	.	.	6
chr17:20867531-20867697	proximal	CCDC144NL-AS1	.	4
chr17:20877121-20877420	distal	.	.	4
chr17:20908375-20908903	distal	.	.	10
chr17:20931803-20931984	distal	.	.	2
chr17:20942048-20942199	distal	.	.	2
chr17:20944306-20944554	distal	.	.	8
chr17:21041826-21042164	distal	.	.	4
chr17:21060327-21060587	distal	.	.	4
chr17:21098817-21099240	distal	.	.	6
chr17:21239727-21239924	distal	.	.	10
chr17:21252882-21253072	proximal	NATD1	.	4
chr17:21253262-21253620	proximal	NATD1	.	4
chr17:21275383-21276031	proximal	ENSG00000289453	.	16
chr17:21280081-21280290	distal	.	.	2
chr17:21286152-21286701	distal	.	.	4
chr17:21322825-21323262	distal	.	.	6
chr17:21339023-21339216	distal	.	.	2
chr17:21376079-21376653	proximal	KCNJ12	.	4
chr17:21402335-21402491	distal	.	.	8
chr17:21411126-21411339	distal	.	.	2
chr17:21456877-21457532	proximal	ENSG00000264023	.	4
chr17:21511324-21512198	distal	.	.	2
chr17:21513028-21513258	distal	.	.	2
chr17:21524032-21524536	distal	.	.	4
chr17:21593938-21594088	distal	.	.	2
chr17:21870602-21870775	distal	.	.	4
chr17:21883841-21884052	distal	.	.	2
chr17:2248946-2249105	distal	.	.	2
chr17:2282803-2283116	distal	.	.	2
chr17:2303117-2304072	proximal	SMG6,SRR	.	4
chr17:2336905-2337481	proximal	ENSG00000289388,SGSM2,TSR1	.	6
chr17:2392692-2393339	distal	.	.	12
chr17:2401049-2401468	proximal	MNT	.	4
chr17:2484696-2485310	distal	.	.	16
chr17:2511598-2512055	proximal	METTL16	.	4
chr17:25383605-25383987	distal	.	.	2
chr17:25389713-25390095	distal	.	.	2
chr17:25569060-25569432	distal	.	.	2
chr17:25920062-25920400	distal	.	.	2
chr17:2593780-2594248	proximal	PAFAH1B1	.	4
chr17:2711812-2712219	proximal	CLUH,ENSG00000262050	.	12
chr17:27672658-27672808	distal	.	.	4
chr17:2786300-2786566	distal	.	.	2
chr17:27880331-27880507	distal	.	.	4
chr17:27936814-27936964	distal	.	.	2
chr17:27988660-27988832	distal	.	.	4
chr17:28227388-28228061	distal	.	.	24
chr17:28276368-28276554	proximal	ENSG00000260777	.	8
chr17:28318835-28319403	proximal	TMEM97	.	16
chr17:28335189-28335976	proximal	IFT20,TNFAIP1	.	4
chr17:28356868-28357781	proximal	ENSG00000258924,POLDIP2,TMEM199	.	18
chr17:28405637-28405989	proximal	ENSG00000265254	.	6
chr17:28548271-28548421	distal	.	.	8
chr17:28571402-28571777	proximal	PIGS	.	4
chr17:28598529-28599249	proximal	SPAG5,SPAG5-AS1	.	24
chr17:28599594-28599852	proximal	SPAG5,SPAG5-AS1	.	16
chr17:28645040-28645571	proximal	BLTP2	.	18
chr17:28662128-28662324	proximal	SDF2,SUPT6H	.	24
chr17:28694604-28694811	distal	.	.	4
chr17:28711254-28711646	proximal	PROCA1	.	8
chr17:28717597-28717984	proximal	RAB34	.	12
chr17:28719514-28720046	proximal	RPL23A	.	10
chr17:28743117-28743369	proximal	ENSG00000265073,TRAF4	.	4
chr17:28749684-28749878	proximal	ENSG00000265840	.	8
chr17:28807457-28807677	distal	.	.	8
chr17:28812300-28812714	distal	.	.	4
chr17:28812831-28813069	distal	.	.	10
chr17:28842487-28842988	distal	.	.	8
chr17:28897249-28897399	proximal	ENSG00000266642,FLOT2	.	8
chr17:28902862-28903306	proximal	DHRS13	.	10
chr17:28916414-28916580	distal	.	.	12
chr17:28951491-28951918	proximal	PHF12	.	6
chr17:28952304-28952642	proximal	PHF12	.	4
chr17:29006265-29006415	proximal	SEZ6	.	10
chr17:29111691-29112091	distal	.	.	14
chr17:29140352-29140717	proximal	ENSG00000263709	.	2
chr17:29148635-29149206	distal	.	.	2
chr17:29180052-29180492	proximal	MYO18A	.	8
chr17:29293499-29294457	proximal	NUFIP2	.	18
chr17:29325701-29325858	distal	.	.	18
chr17:29369824-29370077	distal	.	.	4
chr17:29370461-29370611	distal	.	.	4
chr17:29390094-29390619	proximal	ENSG00000264808,TAOK1	.	16
chr17:29419998-29420148	distal	.	.	4
chr17:29453877-29454027	distal	.	.	4
chr17:29464616-29464879	distal	.	.	2
chr17:29472562-29472738	distal	.	.	8
chr17:29567975-29568193	proximal	ENSG00000290082	.	2
chr17:29568408-29568793	proximal	ENSG00000264290,ENSG00000290082	.	4
chr17:29591020-29591170	distal	.	.	12
chr17:29591432-29591904	proximal	ENSG00000264647	.	12
chr17:29622825-29623003	proximal	CORO6,ENSG00000264007	.	4
chr17:29742093-29742275	distal	.	.	4
chr17:29760496-29760646	proximal	ENSG00000263657	.	6
chr17:29912898-29913048	distal	.	.	4
chr17:29929519-29930348	proximal	EFCAB5,SSH2	.	12
chr17:30116681-30116960	proximal	ENSG00000265394,hsa-mir-423	.	16
chr17:30203501-30203753	proximal	ENSG00000264125	.	2
chr17:30291509-30292329	proximal	BLMH	.	6
chr17:30476981-30477767	proximal	GOSR1	.	4
chr17:30555549-30555753	distal	.	.	4
chr17:30599927-30600103	proximal	ENSG00000290395	.	2
chr17:30600196-30600733	proximal	ENSG00000290395	.	2
chr17:30625219-30625411	distal	.	.	4
chr17:30650738-30651144	distal	.	.	4
chr17:30697905-30698178	distal	.	.	8
chr17:30708367-30709232	proximal	ENSG00000290928	.	8
chr17:30730812-30730962	distal	.	.	12
chr17:30731316-30731979	distal	.	.	2
chr17:30741912-30742065	distal	.	.	4
chr17:30824432-30824925	proximal	CRLF3	.	10
chr17:30832070-30832467	proximal	ATAD5	.	4
chr17:30846906-30847065	distal	.	.	8
chr17:30897598-30897806	distal	.	.	2
chr17:30906136-30906616	proximal	ADAP2,TEFM	.	4
chr17:30906698-30907026	proximal	ADAP2,TEFM	.	16
chr17:31008474-31008794	proximal	ENSG00000291063	.	8
chr17:31009191-31009344	proximal	ENSG00000291063	.	4
chr17:31015765-31016110	distal	.	.	8
chr17:31094670-31095454	proximal	MIR4733HG,NF1	.	8
chr17:31113352-31113657	distal	.	.	4
chr17:31239936-31240161	distal	.	.	4
chr17:31503344-31503543	distal	.	.	2
chr17:31558838-31559238	distal	.	.	4
chr17:31616515-31616717	distal	.	.	2
chr17:31858712-31859453	proximal	COPRS	.	4
chr17:31889531-31889723	distal	.	.	8
chr17:31901481-31902062	proximal	UTP6	.	8
chr17:31936708-31937502	proximal	SUZ12	.	4
chr17:32135629-32135818	distal	.	.	4
chr17:32206185-32206401	distal	.	.	4
chr17:32265573-32265957	proximal	ENSG00000287506,RHBDL3	.	4
chr17:32342081-32342399	distal	.	.	4
chr17:32349926-32350237	proximal	C17orf75,ZNF207	.	8
chr17:32486514-32487167	proximal	CDK5R1	.	4
chr17:34961163-34961892	proximal	ZNF830	.	4
chr17:35063569-35064005	distal	.	.	4
chr17:35088397-35088612	proximal	RFFL	.	4
chr17:35567815-35568265	proximal	SNHG30	.	4
chr17:35587217-35587493	distal	.	.	8
chr17:35587750-35587915	distal	.	.	4
chr17:35620400-35620550	distal	.	.	4
chr17:35670232-35670431	distal	.	.	4
chr17:3636113-3636773	proximal	CTNS,ENSG00000262304,SHPK	.	24
chr17:3683021-3683473	distal	.	.	12
chr17:3723513-3723712	proximal	HASPIN	.	4
chr17:3845805-3846527	proximal	NCBP3	.	4
chr17:38853711-38853919	proximal	RPL23	.	2
chr17:39152989-39153186	distal	.	.	4
chr17:39153717-39153881	proximal	PLXDC1	.	4
chr17:39164620-39164947	distal	.	.	4
chr17:39197423-39197765	proximal	CACNB1	.	4
chr17:39244785-39245201	distal	.	.	8
chr17:3935161-3935372	distal	.	.	8
chr17:3936323-3936567	distal	.	.	4
chr17:39461173-39462026	proximal	CDK12	.	10
chr17:39547823-39548167	distal	.	.	4
chr17:39636957-39637215	proximal	STARD3	.	14
chr17:39687704-39688238	proximal	ERBB2	.	6
chr17:39730185-39730744	proximal	MIEN1	.	4
chr17:39927588-39927824	proximal	ENSG00000264968,LRRC3C,ORMDL3	.	12
chr17:39980089-39980304	proximal	PSMD3	.	2
chr17:39980368-39981029	proximal	PSMD3	.	2
chr17:39990726-39990953	distal	.	.	2
chr17:39996856-39997093	distal	.	.	8
chr17:40013765-40014009	proximal	ENSG00000265799	.	6
chr17:40035203-40035507	distal	.	.	12
chr17:4004598-4004879	distal	.	.	12
chr17:40054381-40054923	distal	.	.	4
chr17:40068944-40069278	distal	.	.	6
chr17:40099251-40099450	distal	.	.	4
chr17:40100562-40100891	proximal	NR1D1	.	2
chr17:40111720-40111942	distal	.	.	4
chr17:40113228-40113530	distal	.	.	2
chr17:40121536-40122019	proximal	MSL1	.	2
chr17:40140075-40140857	proximal	CASC3	.	4
chr17:40219163-40219518	proximal	WIPF2	.	6
chr17:40358568-40358718	distal	.	.	8
chr17:40393865-40394015	distal	.	.	6
chr17:40417420-40418240	proximal	TOP2A	.	12
chr17:40433585-40433857	distal	.	.	6
chr17:40459606-40459756	distal	.	.	4
chr17:40499457-40499706	distal	.	.	4
chr17:40648207-40648407	proximal	ENSG00000278834,SMARCE1	.	8
chr17:40702000-40702150	distal	.	.	2
chr17:4081216-4081393	distal	.	.	4
chr17:4142987-4143303	proximal	CYB5D2,ZZEF1	.	28
chr17:4143420-4143960	proximal	CYB5D2,ZZEF1	.	8
chr17:41485547-41485697	distal	.	.	2
chr17:41530228-41530378	distal	.	.	10
chr17:41561682-41561904	distal	.	.	6
chr17:41579593-41579824	distal	.	.	4
chr17:41648026-41648342	distal	.	.	14
chr17:41648474-41648900	distal	.	.	8
chr17:41662776-41662926	distal	.	.	2
chr17:41665943-41666192	distal	.	.	10
chr17:41667023-41667218	distal	.	.	2
chr17:41734590-41734925	proximal	HAP1	.	8
chr17:41738110-41738285	distal	.	.	4
chr17:41786371-41787098	proximal	JUP	.	2
chr17:41793355-41793593	distal	.	.	4
chr17:41793939-41794323	distal	.	.	12
chr17:41801678-41802055	distal	.	.	2
chr17:41802228-41802414	distal	.	.	4
chr17:41835760-41836383	proximal	KLHL10,NT5C3B	.	16
chr17:41836460-41836658	proximal	KLHL10,NT5C3B	.	32
chr17:41851718-41851885	proximal	ENSG00000259623	.	2
chr17:41865066-41865690	proximal	KLHL11	.	4
chr17:41918600-41918853	distal	.	.	4
chr17:41918975-41919780	distal	.	.	10
chr17:41963023-41963201	distal	.	.	4
chr17:41965826-41966065	proximal	CNP	.	14
chr17:42017386-42018200	distal	.	.	4
chr17:42019823-42020161	distal	.	.	2
chr17:42050367-42050637	proximal	C17orf113	.	8
chr17:42101629-42101804	distal	.	.	16
chr17:42107699-42108008	distal	.	.	12
chr17:42121305-42121496	proximal	KAT2A	.	4
chr17:42183962-42184391	distal	.	.	18
chr17:42194437-42194605	proximal	GHDC	.	8
chr17:42194690-42194850	proximal	GHDC	.	4
chr17:42205077-42205237	distal	.	.	8
chr17:42238101-42238416	distal	.	.	4
chr17:42255197-42255405	distal	.	.	6
chr17:42265472-42265651	distal	.	.	2
chr17:42266960-42267205	distal	.	.	2
chr17:42276114-42276528	proximal	ENSG00000278829	.	6
chr17:42308770-42309017	distal	.	.	6
chr17:42312296-42312475	distal	.	.	20
chr17:42322836-42323058	distal	.	.	2
chr17:42388032-42388898	proximal	STAT3	.	4
chr17:42423153-42423483	proximal	CAVIN1	.	8
chr17:42458631-42458983	proximal	ATP6V0A1	.	8
chr17:42472593-42472743	distal	.	.	18
chr17:42527320-42527490	distal	.	.	4
chr17:42536014-42536250	proximal	ENSG00000266929,NAGLU	.	16
chr17:42554748-42554919	proximal	HSD17B1-AS1	.	12
chr17:42556307-42556566	distal	.	.	22
chr17:42561962-42562256	proximal	COASY	.	6
chr17:42566554-42567645	proximal	MLX	.	2
chr17:42577643-42577962	proximal	ENSG00000287710,PSMC3IP	.	16
chr17:42578474-42578633	proximal	ENSG00000287710,PSMC3IP	.	4
chr17:42609036-42610239	proximal	RETREG3,TUBG1	.	12
chr17:4263632-4264147	proximal	ANKFY1	.	10
chr17:42653491-42653775	distal	.	.	6
chr17:42659149-42659772	proximal	TUBG2	.	4
chr17:42676958-42677473	proximal	PLEKHH3	.	26
chr17:42677921-42678186	distal	.	.	10
chr17:42678302-42678548	distal	.	.	10
chr17:42744469-42745188	proximal	EZH1	.	12
chr17:42763481-42763714	distal	.	.	4
chr17:42798420-42798899	proximal	CNTD1,COA3	.	40
chr17:42833280-42833678	proximal	BECN1	.	4
chr17:42838362-42838512	distal	.	.	12
chr17:42866169-42866392	proximal	AOC4P	.	10
chr17:42934709-42934859	distal	.	.	4
chr17:42964156-42964569	proximal	AARSD1	.	8
chr17:42980023-42980266	proximal	PTGES3L,PTGES3L-AARSD1,RUNDC1	.	36
chr17:42980509-42980667	proximal	PTGES3L,PTGES3L-AARSD1,RUNDC1	.	18
chr17:42980755-42980974	proximal	PTGES3L,PTGES3L-AARSD1,RUNDC1	.	24
chr17:42997999-42998521	proximal	RPL27	.	6
chr17:43006643-43007112	proximal	IFI35	.	12
chr17:43022343-43022557	distal	.	.	10
chr17:43024561-43025188	proximal	RND2,VAT1	.	8
chr17:43047784-43047934	distal	.	.	4
chr17:43062720-43062924	distal	.	.	2
chr17:43112884-43113039	distal	.	.	20
chr17:43125060-43125661	proximal	NBR2	.	12
chr17:43138623-43138773	distal	.	.	8
chr17:43170270-43170528	proximal	BRCA1,ENSG00000267002,NBR1	.	42
chr17:43170930-43171437	proximal	BRCA1,ENSG00000267002,NBR1	.	84
chr17:43222148-43222369	distal	.	.	4
chr17:43231798-43232721	distal	.	.	6
chr17:43233342-43233642	distal	.	.	24
chr17:43246443-43246820	distal	.	.	28
chr17:43251587-43251927	distal	.	.	8
chr17:43272681-43272847	distal	.	.	4
chr17:43315381-43316228	distal	.	.	16
chr17:43322496-43322703	distal	.	.	4
chr17:43334199-43334466	distal	.	.	4
chr17:43338823-43338986	distal	.	.	4
chr17:43388260-43388978	proximal	ENSG00000288909,LINC00910	.	32
chr17:43389238-43389388	proximal	ENSG00000288909,LINC00910	.	12
chr17:43412657-43412825	distal	.	.	18
chr17:43418898-43419115	distal	.	.	8
chr17:43483545-43484123	proximal	DHX8	.	18
chr17:43545333-43545535	distal	.	.	2
chr17:43545995-43546162	distal	.	.	8
chr17:43588887-43589234	distal	.	.	8
chr17:43629759-43629909	distal	.	.	4
chr17:4366554-4366972	proximal	UBE2G1	.	10
chr17:43760496-43760669	distal	.	.	18
chr17:43778302-43778606	proximal	DUSP3	.	4
chr17:43832868-43833258	proximal	MPP3	.	10
chr17:43842357-43842584	distal	.	.	16
chr17:43900569-43900870	distal	.	.	24
chr17:43901150-43901300	distal	.	.	20
chr17:43907321-43907919	distal	.	.	18
chr17:43937757-43938303	proximal	LINC01976	.	16
chr17:43944053-43944223	distal	.	.	2
chr17:43983651-43983907	distal	.	.	10
chr17:43994953-43995194	distal	.	.	16
chr17:44006444-44007389	distal	.	.	2
chr17:44014324-44014515	distal	.	.	12
chr17:44014900-44015152	distal	.	.	14
chr17:44066138-44066434	distal	.	.	12
chr17:44066542-44066787	proximal	LSM12	.	8
chr17:44070557-44071287	proximal	G6PC3	.	8
chr17:44077805-44078207	distal	.	.	4
chr17:44086852-44087152	distal	.	.	8
chr17:44095614-44096138	distal	.	.	12
chr17:44111070-44111516	distal	.	.	10
chr17:44123559-44124248	proximal	HDAC5	.	24
chr17:4413368-4413518	distal	.	.	12
chr17:44141678-44142020	proximal	HROB	.	14
chr17:44150529-44150761	distal	.	.	2
chr17:44168478-44168773	distal	.	.	6
chr17:44199379-44199567	proximal	ATXN7L3,ATXN7L3-AS1	.	20
chr17:44210794-44210989	distal	.	.	2
chr17:44218409-44219010	distal	.	.	2
chr17:44269570-44269750	distal	.	.	8
chr17:44308300-44308681	proximal	RUNDC3A	.	12
chr17:4431093-4431314	distal	.	.	8
chr17:44315104-44315622	proximal	RUNDC3A-AS1	.	14
chr17:44324682-44325208	proximal	ENSG00000288961,SLC25A39	.	40
chr17:44345033-44345722	proximal	GRN	.	14
chr17:44350804-44351031	distal	.	.	2
chr17:44352759-44352933	distal	.	.	2
chr17:44375462-44375634	distal	.	.	4
chr17:44385029-44385906	distal	.	.	10
chr17:44503092-44503828	proximal	GPATCH8	.	14
chr17:44511892-44512107	distal	.	.	6
chr17:44523269-44523436	distal	.	.	10
chr17:44533511-44533809	distal	.	.	16
chr17:44556568-44556778	proximal	FZD2	.	6
chr17:44557103-44557542	proximal	FZD2	.	4
chr17:44601890-44602040	distal	.	.	4
chr17:44656170-44656415	proximal	MEIOC	.	8
chr17:44689709-44690360	proximal	CCDC43	.	8
chr17:44703432-44703582	distal	.	.	8
chr17:44774902-44775159	distal	.	.	8
chr17:44775409-44776027	distal	.	.	16
chr17:44810922-44811072	distal	.	.	8
chr17:44856423-44856629	distal	.	.	10
chr17:44899059-44899839	proximal	CCDC103,EFTUD2,FAM187A	.	36
chr17:44947388-44948177	proximal	KIF18B,KIF18B-DT	.	48
chr17:44968237-44968579	proximal	C1QL1	.	6
chr17:4498596-4498926	proximal	SPNS2,SPNS2-AS1	.	12
chr17:4499450-4499600	proximal	SPNS2,SPNS2-AS1	.	8
chr17:44995100-44995250	distal	.	.	4
chr17:45021949-45022230	distal	.	.	12
chr17:45051249-45051790	distal	.	.	2
chr17:45132415-45132732	proximal	ACBD4,PLCD3	.	12
chr17:45135360-45135865	distal	.	.	30
chr17:45148103-45148732	proximal	ENSG00000276728,HEXIM1	.	8
chr17:45161426-45162019	proximal	HEXIM2-AS1	.	14
chr17:45168873-45169044	distal	.	.	4
chr17:45191881-45192031	distal	.	.	6
chr17:45247047-45247197	proximal	MAP3K14-AS1	.	4
chr17:45247478-45247995	proximal	MAP3K14-AS1	.	4
chr17:45309172-45309428	distal	.	.	4
chr17:4555272-4555615	proximal	MYBBP1A	.	2
chr17:4566747-4566934	distal	.	.	2
chr17:4577744-4577894	distal	.	.	8
chr17:4626307-4626473	distal	.	.	8
chr17:46350376-46350526	distal	.	.	12
chr17:46361901-46362212	proximal	ARL17B	.	2
chr17:46475139-46475336	distal	.	.	4
chr17:46579617-46579870	proximal	ARL17A	.	8
chr17:4662662-4662827	distal	.	.	8
chr17:46904128-46904358	distal	.	.	2
chr17:46922752-46923446	proximal	ENSG00000262633,GOSR2,GOSR2-DT	.	12
chr17:46971100-46971250	distal	.	.	4
chr17:47067231-47067381	distal	.	.	2
chr17:47067458-47067661	distal	.	.	2
chr17:47099812-47100031	proximal	ENSG00000262879	.	6
chr17:47100208-47100511	proximal	ENSG00000262879	.	8
chr17:4710046-4710869	proximal	ARRB2	.	12
chr17:47159300-47159467	distal	.	.	8
chr17:47179968-47180118	distal	.	.	8
chr17:47188917-47189722	proximal	CDC27	.	8
chr17:47205519-47205992	distal	.	.	4
chr17:47253811-47254005	proximal	ENSG00000259753,ITGB3	.	12
chr17:47275563-47275793	distal	.	.	4
chr17:4730816-4731473	proximal	MED11	.	4
chr17:4731584-4731934	proximal	ENSG00000261898,MED11	.	24
chr17:47323764-47324272	proximal	EFCAB13,EFCAB13-DT	.	16
chr17:47357082-47357343	distal	.	.	4
chr17:47492157-47492847	proximal	MRPL45P2	.	6
chr17:47530841-47531319	distal	.	.	6
chr17:47531457-47532240	distal	.	.	8
chr17:47558766-47558974	distal	.	.	4
chr17:47635243-47635487	distal	.	.	4
chr17:47649096-47650850	proximal	KPNB1,KPNB1-DT	.	8
chr17:47693858-47694093	proximal	TBKBP1	.	8
chr17:47745004-47745173	distal	.	.	2
chr17:47789812-47790330	distal	.	.	10
chr17:47802491-47802664	distal	.	.	8
chr17:47821550-47821957	proximal	OSBPL7	.	2
chr17:47831204-47832023	proximal	LRRC46,MRPL10	.	24
chr17:47840718-47840896	proximal	SCRN2	.	4
chr17:47889983-47890172	distal	.	.	4
chr17:47895669-47896830	proximal	SP2,SP2-DT	.	8
chr17:4789967-4790440	distal	.	.	4
chr17:47941210-47941888	proximal	PNPO,SP2-AS1	.	8
chr17:47946990-47947201	distal	.	.	2
chr17:47970706-47971398	distal	.	.	14
chr17:47982511-47982862	distal	.	.	2
chr17:48025026-48025463	distal	.	.	6
chr17:48026561-48026756	distal	.	.	8
chr17:48047819-48048876	proximal	NFE2L1,NFE2L1-DT	.	8
chr17:48100615-48101839	proximal	CBX1	.	18
chr17:48107256-48107898	distal	.	.	10
chr17:48131119-48131484	distal	.	.	18
chr17:48252627-48252777	distal	.	.	4
chr17:48351722-48351872	distal	.	.	2
chr17:48389118-48389372	distal	.	.	12
chr17:48415869-48416019	distal	.	.	4
chr17:48457339-48457752	distal	.	.	10
chr17:48483602-48484106	distal	.	.	22
chr17:48492619-48493170	distal	.	.	6
chr17:48493477-48493647	distal	.	.	4
chr17:48555388-48555561	distal	.	.	4
chr17:48555687-48555994	distal	.	.	4
chr17:48577635-48577797	proximal	HOXB4	.	4
chr17:48578154-48578504	proximal	HOXB4	.	4
chr17:48585451-48585710	distal	.	.	10
chr17:48590175-48590390	distal	.	.	14
chr17:48593372-48593626	proximal	HOXB5	.	12
chr17:48598244-48598394	distal	.	.	2
chr17:48611692-48611842	distal	.	.	4
chr17:48612000-48612308	distal	.	.	6
chr17:48620573-48620740	distal	.	.	2
chr17:48626041-48626906	proximal	HOXB9	.	8
chr17:48671657-48671946	distal	.	.	4
chr17:48678245-48678723	distal	.	.	4
chr17:48728682-48728893	proximal	HOXB13	.	14
chr17:48795568-48795718	distal	.	.	2
chr17:48804903-48805134	distal	.	.	2
chr17:48814502-48814652	distal	.	.	4
chr17:48816991-48817333	proximal	TTLL6	.	8
chr17:48830678-48831278	proximal	CALCOCO2	.	18
chr17:48884508-48884899	distal	.	.	2
chr17:48892078-48892970	proximal	ATP5MC1	.	4
chr17:48908923-48909297	proximal	UBE2Z	.	6
chr17:48943914-48944064	proximal	ENSG00000289021,SNF8	.	24
chr17:48954136-48954471	distal	.	.	4
chr17:48972431-48972591	distal	.	.	16
chr17:48996009-48996847	proximal	IGF2BP1	.	14
chr17:48997047-48997481	proximal	ENSG00000250838,IGF2BP1	.	40
chr17:49031312-49031462	distal	.	.	8
chr17:49091851-49092201	distal	.	.	2
chr17:49191738-49192100	distal	.	.	12
chr17:49192159-49193340	distal	.	.	16
chr17:49223496-49223686	distal	.	.	2
chr17:49245233-49245383	distal	.	.	2
chr17:49254210-49254399	distal	.	.	2
chr17:49260209-49260376	distal	.	.	8
chr17:49303026-49303176	distal	.	.	2
chr17:49361937-49362672	proximal	ZNF652	.	16
chr17:49389707-49389974	distal	.	.	18
chr17:4939917-4940400	proximal	RNF167,SLC25A11	.	28
chr17:49408064-49408256	distal	.	.	6
chr17:49414185-49415209	proximal	PHB1	.	14
chr17:49435141-49435322	distal	.	.	12
chr17:4948462-4948716	proximal	ENO3,PFN1	.	8
chr17:49497643-49497827	distal	.	.	2
chr17:49556290-49556559	distal	.	.	8
chr17:49567926-49568339	distal	.	.	22
chr17:49570061-49570367	distal	.	.	12
chr17:49575665-49576147	proximal	NXPH3	.	26
chr17:4967718-4968045	proximal	ENSG00000262429,SPAG7	.	16
chr17:49677460-49678400	proximal	SPOP	.	4
chr17:49707889-49708517	proximal	ENSG00000250751,SLC35B1	.	20
chr17:49764096-49764497	distal	.	.	16
chr17:49788334-49788763	proximal	FAM117A,KAT7	.	32
chr17:49788940-49789422	proximal	FAM117A,KAT7	.	8
chr17:49851721-49851889	distal	.	.	8
chr17:4987023-4987227	proximal	CAMTA2,CAMTA2-AS1,ENSG00000262227	.	6
chr17:49880533-49880725	distal	.	.	2
chr17:49892955-49893160	distal	.	.	14
chr17:49944582-49944753	distal	.	.	12
chr17:49952566-49952720	distal	.	.	2
chr17:49968419-49968569	proximal	DLX4	.	2
chr17:4997460-4998072	proximal	INCA1,KIF1C	.	8
chr17:49975925-49976836	distal	.	.	6
chr17:49996674-49996848	proximal	ENSG00000248172	.	4
chr17:49998285-49998457	distal	.	.	16
chr17:50026522-50026702	distal	.	.	18
chr17:50026887-50027061	distal	.	.	12
chr17:50055578-50055933	proximal	ITGA3,PICART1	.	8
chr17:50056096-50056723	proximal	ITGA3,PICART1	.	8
chr17:50076359-50076529	distal	.	.	6
chr17:50087532-50087749	distal	.	.	4
chr17:50087827-50088135	distal	.	.	4
chr17:50094358-50094523	proximal	ENSG00000276851,PDK2	.	12
chr17:50123564-50123787	distal	.	.	4
chr17:50151073-50151300	proximal	PPP1R9B	.	20
chr17:50151729-50151960	distal	.	.	12
chr17:50169369-50169647	distal	.	.	4
chr17:50178213-50178581	distal	.	.	10
chr17:50200043-50200471	proximal	ENSG00000249406	.	8
chr17:50200597-50200935	proximal	COL1A1,ENSG00000249406	.	16
chr17:50272664-50272842	distal	.	.	4
chr17:50297469-50297761	distal	.	.	10
chr17:50345997-50346479	proximal	XYLT2	.	12
chr17:50372260-50372428	proximal	EME1,MRPL27	.	8
chr17:50372829-50373265	proximal	EME1,MRPL27	.	32
chr17:50378510-50378660	distal	.	.	12
chr17:50397482-50397690	proximal	LRRC59	.	4
chr17:50426219-50426478	proximal	ACSF2	.	16
chr17:50478421-50479140	proximal	RSAD1	.	12
chr17:50546987-50547262	distal	.	.	6
chr17:50560385-50560790	proximal	CACNA1G	.	16
chr17:50626203-50626392	distal	.	.	6
chr17:50681381-50681611	distal	.	.	2
chr17:50719247-50719919	proximal	LUC7L3	.	4
chr17:50800012-50800162	distal	.	.	4
chr17:50818933-50819083	distal	.	.	8
chr17:50841744-50842122	proximal	ENSG00000261976	.	8
chr17:50866181-50866833	proximal	TOB1-AS1	.	8
chr17:50866930-50867113	proximal	TOB1,TOB1-AS1	.	24
chr17:50909761-50909925	proximal	ENSG00000262006	.	4
chr17:50950396-50950570	distal	.	.	4
chr17:50956886-50957092	distal	.	.	12
chr17:51056861-51057070	distal	.	.	8
chr17:51120404-51121190	proximal	SPAG9	.	12
chr17:51121836-51122032	distal	.	.	16
chr17:51153698-51153930	proximal	NME1,NME1-NME2	.	12
chr17:51166201-51166669	proximal	NME2	.	4
chr17:51167115-51167286	distal	.	.	8
chr17:51244885-51245084	distal	.	.	8
chr17:51260671-51261121	proximal	MBTD1,UTP18	.	8
chr17:51457832-51457982	distal	.	.	8
chr17:5419585-5420175	proximal	NUP88,RPAIN	.	8
chr17:5439084-5439400	distal	.	.	2
chr17:5485865-5486586	proximal	DERL2,MIS12	.	8
chr17:5486709-5487087	proximal	DERL2,MIS12	.	8
chr17:56511697-56511847	distal	.	.	4
chr17:5667752-5667902	distal	.	.	4
chr17:56793935-56794237	distal	.	.	10
chr17:56854313-56854538	distal	.	.	8
chr17:56960595-56961248	proximal	COIL	.	4
chr17:56977744-56978185	proximal	SCPEP1	.	8
chr17:57009808-57010456	distal	.	.	2
chr17:57084890-57085327	proximal	AKAP1,AKAP1-DT	.	8
chr17:57131106-57131256	distal	.	.	12
chr17:57256242-57256712	proximal	ENSG00000286732,MSI2	.	16
chr17:57277989-57278139	distal	.	.	2
chr17:57424819-57425035	distal	.	.	8
chr17:57454241-57454591	distal	.	.	4
chr17:57511328-57511537	distal	.	.	2
chr17:57671982-57672186	distal	.	.	2
chr17:57747646-57747803	distal	.	.	2
chr17:57849756-57850397	proximal	MRPS23	.	4
chr17:57858010-57858199	distal	.	.	2
chr17:57910853-57911003	distal	.	.	2
chr17:57955180-57955519	proximal	CUEDC1,ENSG00000278642	.	16
chr17:58006542-58006802	proximal	ENSG00000266086,SRSF1	.	8
chr17:58083139-58083544	proximal	DYNLL2,DYNLL2-DT	.	8
chr17:58084007-58084289	proximal	DYNLL2,DYNLL2-DT	.	4
chr17:58096992-58097246	distal	.	.	2
chr17:58113158-58113308	distal	.	.	8
chr17:58142069-58142219	distal	.	.	4
chr17:58156923-58157124	distal	.	.	2
chr17:58219151-58219660	proximal	ENSG00000287337,LPO,MKS1	.	24
chr17:58249255-58249659	distal	.	.	4
chr17:58352189-58352482	proximal	SUPT4H1	.	4
chr17:58352619-58352769	proximal	SUPT4H1	.	4
chr17:58364392-58364642	distal	.	.	8
chr17:58366971-58367133	distal	.	.	2
chr17:58375471-58375649	distal	.	.	12
chr17:58417583-58417807	proximal	ENSG00000285897,RNF43	.	4
chr17:58433066-58433282	distal	.	.	12
chr17:58504786-58504937	distal	.	.	4
chr17:58517605-58518410	proximal	ENSG00000289147,MTMR4	.	12
chr17:58558069-58558219	distal	.	.	8
chr17:58587750-58587945	distal	.	.	12
chr17:58631162-58632200	distal	.	.	4
chr17:58658410-58658610	proximal	ENSG00000290039	.	8
chr17:58658776-58659601	proximal	ENSG00000290039	.	8
chr17:58692265-58692637	proximal	IGBP1P2,RAD51C,TEX14	.	12
chr17:58755581-58756052	proximal	PPM1E	.	4
chr17:58930066-58930216	distal	.	.	2
chr17:59073718-59073868	distal	.	.	2
chr17:59165907-59166182	distal	.	.	16
chr17:59209435-59210013	proximal	SMG8	.	4
chr17:59220342-59220729	proximal	GDPD1	.	4
chr17:59220902-59221255	proximal	GDPD1	.	2
chr17:59260974-59261124	distal	.	.	4
chr17:59565240-59565711	proximal	DHX40	.	6
chr17:59619184-59620142	proximal	CLTC,ENSG00000273702	.	16
chr17:59637798-59637953	distal	.	.	4
chr17:59707348-59707800	proximal	PTRH2,VMP1	.	8
chr17:59707890-59708062	proximal	PTRH2,VMP1	.	4
chr17:59828764-59828914	distal	.	.	6
chr17:59963904-59965260	proximal	RNFT1,RNFT1-DT	.	16
chr17:60088312-60088614	distal	.	.	8
chr17:60141943-60142572	distal	.	.	2
chr17:60142909-60143151	distal	.	.	8
chr17:60204578-60204786	distal	.	.	2
chr17:60280190-60280394	distal	.	.	2
chr17:60372858-60373171	distal	.	.	2
chr17:60525764-60526359	proximal	APPBP2,APPBP2-DT	.	16
chr17:60599615-60600742	proximal	PPM1D	.	4
chr17:60641888-60642137	distal	.	.	8
chr17:60677254-60677943	proximal	BCAS3	.	4
chr17:61150099-61150377	distal	.	.	10
chr17:61226938-61227090	distal	.	.	2
chr17:61399612-61399808	proximal	ENSG00000267131,TBX2	.	4
chr17:61412514-61412681	proximal	LINC02875	.	4
chr17:61486573-61486906	distal	.	.	4
chr17:61524907-61525118	distal	.	.	4
chr17:61532734-61532884	distal	.	.	2
chr17:61628955-61629105	distal	.	.	2
chr17:61806338-61806669	distal	.	.	4
chr17:61863030-61863799	proximal	BRIP1	.	4
chr17:61927670-61928391	proximal	INTS2	.	8
chr17:62065669-62066196	proximal	ENSG00000289293,MED13	.	8
chr17:62478248-62479542	distal	.	.	8
chr17:62750730-62751029	distal	.	.	2
chr17:63332848-63333001	distal	.	.	4
chr17:63491629-63491824	distal	.	.	2
chr17:63522835-63523369	proximal	KCNH6	.	4
chr17:63741470-63742265	proximal	STRADA	.	6
chr17:63773405-63774229	proximal	DDX42	.	2
chr17:63827583-63827733	proximal	PSMC5	.	10
chr17:63834719-63835249	distal	.	.	14
chr17:63842600-63843248	proximal	SMARCD2	.	10
chr17:63849068-63849422	distal	.	.	16
chr17:63866138-63866345	distal	.	.	8
chr17:63911474-63911628	proximal	CSHL1	.	2
chr17:63919383-63919561	proximal	GH1	.	4
chr17:63946603-63946776	distal	.	.	4
chr17:63946865-63947018	distal	.	.	4
chr17:64036085-64036245	distal	.	.	4
chr17:64037273-64037423	distal	.	.	8
chr17:64084061-64084224	distal	.	.	2
chr17:64101240-64101553	distal	.	.	8
chr17:64129878-64130379	proximal	ENSG00000289957,ERN1	.	32
chr17:64145654-64146387	proximal	SNHG25	.	4
chr17:64230338-64230497	distal	.	.	2
chr17:64385256-64385637	distal	.	.	12
chr17:6444131-6444471	proximal	PIMREG	.	4
chr17:64457846-64458189	distal	.	.	2
chr17:64496803-64497571	proximal	POLG2	.	10
chr17:64505967-64507232	proximal	CEP95	.	2
chr17:64520448-64520598	distal	.	.	2
chr17:64641590-64641840	distal	.	.	6
chr17:64661892-64662510	proximal	SMURF2	.	8
chr17:64662578-64662756	proximal	SMURF2	.	4
chr17:64774243-64774634	distal	.	.	4
chr17:64796109-64796259	distal	.	.	4
chr17:64837057-64837446	proximal	ENSG00000291117	.	4
chr17:64837936-64838126	proximal	ENSG00000291117	.	2
chr17:64918950-64919745	proximal	LRRC37A3	.	2
chr17:64975161-64976205	proximal	AMZ2P1	.	10
chr17:65006854-65007004	distal	.	.	2
chr17:65056558-65057023	proximal	GNA13	.	4
chr17:65100664-65101256	proximal	RGS9	.	8
chr17:65243959-65244192	distal	.	.	4
chr17:65479736-65479929	distal	.	.	2
chr17:65556506-65556656	distal	.	.	4
chr17:67349018-67349317	distal	.	.	8
chr17:67366523-67366798	proximal	PSMD12	.	4
chr17:67529213-67529363	distal	.	.	12
chr17:67717573-67718002	proximal	NOL11	.	8
chr17:67766717-67766938	distal	.	.	2
chr17:67994000-67994333	distal	.	.	6
chr17:68019848-68020683	distal	.	.	4
chr17:68035947-68036206	proximal	KPNA2	.	4
chr17:68101293-68102014	proximal	ENSG00000265055,ENSG00000291214	.	16
chr17:68205343-68205737	proximal	AMZ2,ENSG00000290793	.	20
chr17:68292143-68292293	proximal	SLC16A6	.	4
chr17:68759870-68760134	distal	.	.	8
chr17:69326613-69326883	proximal	ABCA5	.	4
chr17:69712659-69712969	distal	.	.	4
chr17:7012255-7012405	proximal	ALOX12-AS1,RNASEK,RNASEK-C17orf49	.	6
chr17:7014554-7015011	proximal	C17orf49	.	8
chr17:7022010-7022247	proximal	BCL6B	.	2
chr17:7023693-7024041	proximal	BCL6B	.	8
chr17:7035752-7036039	proximal	SLC16A13	.	8
chr17:71032665-71033140	distal	.	.	2
chr17:71033219-71033369	distal	.	.	2
chr17:7191590-7191866	distal	.	.	12
chr17:7219724-7219931	proximal	DLG4	.	6
chr17:7234211-7234386	proximal	DVL2	.	4
chr17:7234497-7234712	proximal	DVL2	.	2
chr17:7237792-7237993	distal	.	.	2
chr17:7239383-7239880	proximal	PHF23	.	12
chr17:7242389-7242617	proximal	GABARAP	.	2
chr17:72592347-72593082	distal	.	.	8
chr17:72755404-72755554	distal	.	.	2
chr17:7280907-7281082	proximal	SLC2A4	.	12
chr17:7281474-7281715	proximal	SLC2A4	.	8
chr17:7296472-7296622	distal	.	.	8
chr17:72986160-72986386	distal	.	.	4
chr17:73037965-73038213	distal	.	.	2
chr17:73044207-73044357	distal	.	.	2
chr17:7307088-7307682	proximal	EIF5A	.	14
chr17:73092219-73092905	proximal	SLC39A11	.	4
chr17:73192507-73192893	proximal	COG1	.	4
chr17:732067-732277	proximal	TLCD3A	.	4
chr17:732443-732626	proximal	TLCD3A	.	4
chr17:7329250-7329762	proximal	NEURL4	.	8
chr17:73311943-73312284	proximal	CDC42EP4	.	4
chr17:73429544-73429705	distal	.	.	2
chr17:7350200-7350452	distal	.	.	4
chr17:73736161-73736375	distal	.	.	2
chr17:73841682-73841951	distal	.	.	2
chr17:7394283-7394924	proximal	PLSCR3	.	4
chr17:73980466-73980616	distal	.	.	4
chr17:7403847-7404713	proximal	NLGN2,TMEM256,TMEM256-PLSCR3	.	24
chr17:74203251-74203610	proximal	RPL38	.	8
chr17:74260720-74260950	distal	.	.	4
chr17:7435148-7435499	proximal	TMEM102	.	6
chr17:74355787-74355937	distal	.	.	8
chr17:74365955-74366111	distal	.	.	2
chr17:7436654-7436804	proximal	ENSG00000262624	.	2
chr17:74410295-74410451	distal	.	.	4
chr17:7445400-7445646	proximal	CHRNB1	.	4
chr17:74454063-74454512	distal	.	.	6
chr17:74514417-74514837	distal	.	.	2
chr17:7455552-7455981	distal	.	.	8
chr17:74622891-74623099	proximal	CD300E	.	2
chr17:74671272-74671760	proximal	RAB37	.	2
chr17:74681549-74681699	distal	.	.	4
chr17:74697989-74698139	distal	.	.	8
chr17:74748378-74748720	proximal	SLC9A3R1,SLC9A3R1-AS1	.	4
chr17:74748933-74749143	proximal	SLC9A3R1,SLC9A3R1-AS1	.	16
chr17:74776049-74776506	proximal	NAT9,TMEM104	.	16
chr17:74791363-74791724	distal	.	.	2
chr17:7484152-7484522	proximal	POLR2A,ZBTB4	.	4
chr17:7484606-7484953	proximal	POLR2A,ZBTB4	.	12
chr17:74862274-74862457	proximal	GRIN2C	.	4
chr17:74872506-74872820	proximal	FDXR	.	4
chr17:74872916-74873748	proximal	FDXR	.	6
chr17:74958004-74958226	distal	.	.	8
chr17:74972147-74972916	proximal	HID1	.	16
chr17:74981958-74982220	distal	.	.	2
chr17:74982286-74982660	distal	.	.	10
chr17:74987493-74987876	proximal	CDR2L	.	6
chr17:74988425-74988598	proximal	CDR2L	.	4
chr17:74999684-74999872	distal	.	.	12
chr17:75012416-75013050	proximal	MRPL58	.	12
chr17:75034377-75034653	distal	.	.	6
chr17:75034901-75035769	distal	.	.	18
chr17:75046634-75047360	proximal	ATP5PD	.	18
chr17:75105485-75105777	distal	.	.	4
chr17:75105881-75106055	distal	.	.	4
chr17:75109836-75110013	proximal	ARMC7	.	4
chr17:75113934-75114318	distal	.	.	8
chr17:75130795-75130945	proximal	NT5C	.	6
chr17:75131049-75131281	proximal	NT5C	.	16
chr17:75131391-75131611	proximal	NT5C	.	6
chr17:75131671-75131984	proximal	NT5C	.	28
chr17:75154216-75154862	distal	.	.	24
chr17:75172151-75172553	distal	.	.	8
chr17:75182540-75183343	proximal	SUMO2	.	4
chr17:75205261-75205788	proximal	NUP85	.	4
chr17:75240412-75240564	distal	.	.	10
chr17:75240622-75240918	distal	.	.	4
chr17:75261291-75261761	proximal	GGA3,MRPS7	.	24
chr17:75261829-75262414	proximal	GGA3,MRPS7	.	44
chr17:75270464-75271375	proximal	MIF4GD,MIF4GD-DT	.	4
chr17:75288921-75289824	proximal	SLC25A19	.	18
chr17:75309519-75309761	distal	.	.	6
chr17:75352222-75352374	distal	.	.	8
chr17:75368174-75368741	distal	.	.	10
chr17:75393558-75394344	proximal	ENSG00000265342	.	4
chr17:75405486-75405966	proximal	GRB2	.	10
chr17:75456383-75456744	distal	.	.	30
chr17:75469013-75469216	distal	.	.	4
chr17:75515471-75516035	proximal	CASKIN2,TSEN54	.	20
chr17:75524960-75525130	proximal	LLGL2	.	14
chr17:75525218-75525984	proximal	LLGL2	.	8
chr17:75549465-75549615	distal	.	.	10
chr17:75589079-75589776	distal	.	.	12
chr17:75596832-75597031	distal	.	.	10
chr17:7560484-7560678	distal	.	.	4
chr17:75614159-75614309	distal	.	.	8
chr17:7561705-7561999	proximal	SENP3	.	6
chr17:75625881-75626171	distal	.	.	14
chr17:75633771-75634217	proximal	SMIM5	.	22
chr17:75640828-75640999	distal	.	.	14
chr17:75666981-75667424	proximal	RECQL5,SAP30BP	.	24
chr17:75675378-75675528	distal	.	.	8
chr17:7572329-7572830	proximal	EIF4A1,ENSG00000264772	.	16
chr17:75723420-75723587	distal	.	.	8
chr17:7573704-7573946	proximal	ENSG00000264772	.	8
chr17:75747931-75748148	distal	.	.	14
chr17:75749950-75750149	distal	.	.	8
chr17:75764626-75764816	proximal	GALK1	.	24
chr17:75779011-75779401	distal	.	.	10
chr17:75779658-75780119	distal	.	.	24
chr17:75827022-75827190	distal	.	.	4
chr17:7583566-7583899	proximal	ENSG00000233223,MPDU1	.	16
chr17:7584014-7584166	proximal	ENSG00000233223,MPDU1	.	20
chr17:75845279-75845474	proximal	UNC13D	.	12
chr17:75861402-75861620	distal	.	.	8
chr17:75896939-75897146	proximal	ENSG00000267342,TRIM65	.	12
chr17:75904791-75905525	proximal	MRPL38	.	4
chr17:75940765-75941336	proximal	FBF1	.	16
chr17:75978795-75979966	proximal	ACOX1,TEN1,TEN1-CDK3	.	12
chr17:76005756-76005907	distal	.	.	2
chr17:76014001-76014151	distal	.	.	2
chr17:7603378-7603528	distal	.	.	2
chr17:76072424-76072789	proximal	SRP68,ZACN	.	8
chr17:76072903-76073073	proximal	SRP68	.	8
chr17:76080110-76080416	distal	.	.	8
chr17:76103462-76104307	distal	.	.	8
chr17:76121230-76121683	proximal	EXOC7	.	4
chr17:76141202-76141482	proximal	FOXJ1	.	2
chr17:7614831-7615485	proximal	FXR2	.	6
chr17:76240359-76240647	proximal	RNF157	.	6
chr17:76240773-76241110	proximal	RNF157	.	2
chr17:76264882-76265346	proximal	UBALD2	.	8
chr17:7627745-7628004	proximal	SAT2	.	10
chr17:76279508-76279807	distal	.	.	12
chr17:76296351-76296515	distal	.	.	2
chr17:76297507-76297766	distal	.	.	10
chr17:76343228-76343378	distal	.	.	2
chr17:76353815-76354022	distal	.	.	8
chr17:76354149-76354309	distal	.	.	16
chr17:76383001-76383268	distal	.	.	12
chr17:76398068-76398257	distal	.	.	8
chr17:76452272-76452784	proximal	AANAT,UBE2O	.	8
chr17:76453084-76453536	proximal	AANAT,UBE2O	.	16
chr17:76523175-76523363	distal	.	.	2
chr17:76535866-76536064	distal	.	.	2
chr17:76540376-76540531	distal	.	.	6
chr17:76585832-76586393	proximal	ST6GALNAC2	.	12
chr17:76597618-76597768	distal	.	.	4
chr17:76623755-76624210	distal	.	.	2
chr17:76658596-76658791	distal	.	.	8
chr17:76671459-76671995	proximal	ENSG00000261335	.	6
chr17:76681418-76681625	distal	.	.	2
chr17:76709035-76709402	proximal	ENSG00000277382	.	8
chr17:76726085-76727265	proximal	JMJD6,METTL23	.	8
chr17:76737044-76738081	proximal	SRSF2	.	2
chr17:76791434-76791619	distal	.	.	4
chr17:7686320-7686470	proximal	WRAP53	.	16
chr17:7686587-7686737	proximal	TP53,WRAP53	.	32
chr17:76868182-76868678	proximal	MGAT5B	.	2
chr17:7688080-7688521	proximal	TP53	.	10
chr17:76969521-76969741	proximal	ENSG00000267568	.	6
chr17:7704883-7705489	proximal	EFNB3	.	10
chr17:77088534-77088978	proximal	SEC14L1	.	4
chr17:77140245-77141231	distal	.	.	2
chr17:77148524-77148742	distal	.	.	2
chr17:7717019-7718033	proximal	DNAH2	.	8
chr17:77331305-77331699	distal	.	.	2
chr17:77372742-77373301	distal	.	.	2
chr17:77419456-77419620	distal	.	.	4
chr17:77471208-77471372	distal	.	.	2
chr17:77488926-77489076	distal	.	.	2
chr17:77528680-77528844	distal	.	.	4
chr17:77834555-77834794	distal	.	.	2
chr17:77869367-77869622	distal	.	.	2
chr17:78013674-78014108	distal	.	.	4
chr17:78112685-78112840	distal	.	.	4
chr17:78128770-78128927	distal	.	.	2
chr17:78140295-78140848	distal	.	.	2
chr17:78168348-78168633	proximal	SYNGR2	.	4
chr17:78197346-78197496	distal	.	.	2
chr17:78213925-78214296	proximal	BIRC5	.	12
chr17:78214653-78214886	proximal	BIRC5	.	4
chr17:782217-782435	proximal	GLOD4,MRM3	.	8
chr17:78238488-78238673	distal	.	.	4
chr17:78254426-78254900	distal	.	.	6
chr17:782568-782718	proximal	GLOD4,MRM3	.	4
chr17:78266774-78266924	distal	.	.	4
chr17:78289845-78290045	distal	.	.	6
chr17:78314121-78314509	distal	.	.	2
chr17:7833828-7834020	proximal	KDM6B	.	4
chr17:7834085-7834267	proximal	KDM6B	.	2
chr17:78353150-78353496	distal	.	.	8
chr17:7835442-7835941	proximal	ENSG00000288748,ENSG00000288929	.	4
chr17:78360199-78360459	proximal	SOCS3,SOCS3-DT	.	4
chr17:78377891-78378175	proximal	PGS1	.	2
chr17:78378527-78378677	proximal	PGS1	.	4
chr17:78407077-78407292	distal	.	.	2
chr17:7844748-7845023	distal	.	.	6
chr17:78493614-78493806	distal	.	.	2
chr17:7851735-7852106	distal	.	.	30
chr17:7857100-7857783	proximal	CYB5D1	.	14
chr17:7857901-7858077	proximal	CYB5D1	.	6
chr17:78646700-78646850	proximal	ENSG00000289922	.	4
chr17:78708414-78708752	distal	.	.	4
chr17:78736754-78737041	distal	.	.	6
chr17:78782266-78782991	proximal	CYTH1	.	8
chr17:78828606-78828756	distal	.	.	4
chr17:78840658-78841166	proximal	USP36	.	6
chr17:78841353-78841575	proximal	USP36	.	4
chr17:78865859-78866009	distal	.	.	6
chr17:7887490-7887837	distal	.	.	2
chr17:78993292-78993514	distal	.	.	4
chr17:79001726-79001932	distal	.	.	2
chr17:79009668-79009925	proximal	CANT1	.	4
chr17:79045781-79046150	distal	.	.	4
chr17:79114538-79114742	distal	.	.	4
chr17:79120311-79120461	distal	.	.	4
chr17:7915600-7916080	proximal	RNF227	.	16
chr17:79157771-79157921	distal	.	.	2
chr17:7931920-7932346	proximal	CNTROB,TRAPPC1	.	24
chr17:79331922-79332072	distal	.	.	2
chr17:79401014-79401342	distal	.	.	4
chr17:79531317-79531467	distal	.	.	2
chr17:7968479-7968649	distal	.	.	6
chr17:79746260-79746461	distal	.	.	8
chr17:79777851-79778374	proximal	CBX2	.	4
chr17:79796962-79797500	distal	.	.	2
chr17:79803616-79803766	distal	.	.	2
chr17:79804263-79804413	distal	.	.	2
chr17:79810613-79810763	distal	.	.	2
chr17:79830430-79830616	distal	.	.	8
chr17:79839410-79840001	proximal	CBX4	.	6
chr17:79844834-79844984	distal	.	.	2
chr17:7988796-7988972	distal	.	.	4
chr17:7990006-7990156	distal	.	.	4
chr17:7990253-7990477	distal	.	.	4
chr17:79970590-79970792	distal	.	.	4
chr17:7997161-7997386	distal	.	.	4
chr17:79991614-79992095	proximal	ENSG00000262172	.	4
chr17:80008501-80008690	distal	.	.	2
chr17:80035800-80036340	proximal	CCDC40,TBC1D16	.	8
chr17:80082732-80082933	distal	.	.	12
chr17:80101416-80101594	proximal	GAA	.	10
chr17:80113292-80113442	distal	.	.	2
chr17:80147068-80147452	proximal	EIF4A3	.	2
chr17:80147673-80147884	proximal	EIF4A3	.	4
chr17:8016616-8016934	distal	.	.	8
chr17:80192448-80192686	distal	.	.	6
chr17:80308396-80308546	distal	.	.	4
chr17:80340458-80340738	distal	.	.	4
chr17:80367723-80367873	distal	.	.	12
chr17:80384315-80384674	distal	.	.	2
chr17:80415053-80415220	proximal	ENDOV,RNF213-AS1	.	16
chr17:80474653-80474937	proximal	ENSG00000290024	.	6
chr17:80544751-80545206	proximal	ENSG00000289764,RPTOR	.	20
chr17:80647878-80648028	distal	.	.	16
chr17:80663959-80664117	distal	.	.	2
chr17:8073745-8073946	distal	.	.	6
chr17:80769005-80769155	distal	.	.	2
chr17:80774529-80774714	distal	.	.	22
chr17:80780029-80780391	distal	.	.	4
chr17:8080032-8080437	proximal	ENSG00000214999	.	4
chr17:80825170-80825320	distal	.	.	14
chr17:81023841-81024076	distal	.	.	2
chr17:81034829-81035188	proximal	BAIAP2,BAIAP2-DT	.	36
chr17:81067308-81067458	distal	.	.	4
chr17:81101840-81102140	distal	.	.	6
chr17:81222974-81223544	proximal	CEP131	.	8
chr17:81238916-81239628	proximal	NDUFAF8,TEPSIN	.	28
chr17:81253424-81253598	distal	.	.	2
chr17:81345635-81345894	proximal	RENO1	.	6
chr17:81346001-81346553	proximal	RENO1	.	20
chr17:81357772-81358146	distal	.	.	2
chr17:81379559-81379750	distal	.	.	16
chr17:8138658-8139194	distal	.	.	6
chr17:81393937-81394267	distal	.	.	10
chr17:81472120-81472367	distal	.	.	4
chr17:81484318-81484580	distal	.	.	6
chr17:81484643-81484825	distal	.	.	8
chr17:81487582-81488083	distal	.	.	10
chr17:81512662-81512895	distal	.	.	12
chr17:8151273-8151587	distal	.	.	6
chr17:8152413-8152615	distal	.	.	2
chr17:81552331-81552707	distal	.	.	8
chr17:81553122-81553340	proximal	FAAP100	.	2
chr17:81566811-81566961	distal	.	.	16
chr17:81588328-81588478	distal	.	.	10
chr17:8162739-8163013	proximal	ENSG00000263620,VAMP2	.	16
chr17:81637042-81637331	proximal	TSPAN10	.	2
chr17:81644726-81644876	distal	.	.	16
chr17:81666510-81667242	proximal	CCDC137,OXLD1	.	28
chr17:81675963-81676355	distal	.	.	4
chr17:81683514-81684100	proximal	ARL16,HGS	.	24
chr17:81703238-81703499	proximal	ENSG00000262049,ENSG00000262660,MRPL12	.	18
chr17:81733786-81733990	distal	.	.	16
chr17:8173733-8173922	distal	.	.	4
chr17:81740932-81741244	distal	.	.	12
chr17:81793386-81793596	distal	.	.	2
chr17:81806201-81806351	distal	.	.	8
chr17:81833013-81833442	proximal	MCRIP1	.	10
chr17:81843272-81843428	proximal	ENSG00000262831	.	22
chr17:81860236-81861556	proximal	P4HB	.	4
chr17:8186267-8186417	distal	.	.	4
chr17:8186764-8187341	distal	.	.	8
chr17:81871273-81871496	proximal	ARHGDIA	.	10
chr17:81891561-81892108	proximal	ALYREF	.	8
chr17:8190104-8190409	proximal	BORCS6	.	10
chr17:81911290-81911696	proximal	PCYT2	.	10
chr17:81918042-81918219	distal	.	.	10
chr17:81926325-81926694	distal	.	.	10
chr17:81927481-81928087	proximal	MAFG,MILIP	.	8
chr17:81937285-81937568	distal	.	.	4
chr17:81977109-81977634	proximal	ASPSCR1	.	10
chr17:81977733-81978134	distal	.	.	2
chr17:82020028-82020205	distal	.	.	6
chr17:82022793-82023543	proximal	CENPX,LRRC45	.	8
chr17:82030491-82030728	distal	.	.	34
chr17:82037301-82037929	proximal	DCXR,DCXR-DT	.	16
chr17:82050794-82050956	proximal	GPS1,RFNG	.	12
chr17:82065745-82065914	proximal	DUS1L	.	14
chr17:82079139-82079289	distal	.	.	18
chr17:82098094-82098599	proximal	FASN	.	12
chr17:82098687-82098966	proximal	FASN	.	8
chr17:8210331-8210815	proximal	AURKB	.	8
chr17:82153959-82154252	proximal	ENSG00000265678	.	12
chr17:82205766-82206214	distal	.	.	6
chr17:8221407-8221566	distal	.	.	4
chr17:8222129-8222445	distal	.	.	10
chr17:8223042-8223444	proximal	LINC00324	.	2
chr17:82273392-82273542	proximal	CSNK1D,ENSG00000287737	.	16
chr17:82273605-82273833	proximal	CSNK1D,ENSG00000287737	.	36
chr17:82287972-82288392	distal	.	.	10
chr17:82292514-82293387	proximal	ENSG00000260563,LINC01970	.	12
chr17:82336500-82336726	distal	.	.	24
chr17:82351858-82352070	distal	.	.	4
chr17:82359710-82360125	proximal	TEX19	.	2
chr17:82367784-82368307	distal	.	.	10
chr17:82417881-82418703	proximal	HEXD,OGFOD3	.	48
chr17:82429732-82429923	distal	.	.	4
chr17:82441431-82441581	distal	.	.	14
chr17:82450435-82450585	proximal	CYBC1,ENSG00000287193	.	12
chr17:82450677-82450979	proximal	CYBC1,ENSG00000287193	.	20
chr17:82458035-82458813	proximal	NARF,NARF-AS2	.	32
chr17:8248294-8248597	proximal	CTC1,PFAS	.	4
chr17:8249162-8249315	distal	.	.	2
chr17:82497173-82497703	distal	.	.	18
chr17:82508957-82509107	distal	.	.	4
chr17:82519504-82519866	proximal	FOXK2	.	8
chr17:82544749-82544934	distal	.	.	2
chr17:82579760-82580141	distal	.	.	8
chr17:82586189-82586519	distal	.	.	6
chr17:82648431-82648947	proximal	WDR45B	.	8
chr17:82672091-82672391	distal	.	.	8
chr17:82698607-82699256	proximal	ENSG00000289945,RAB40B	.	24
chr17:82716385-82716761	proximal	ENSG00000263063,FN3KRP	.	8
chr17:82742155-82742364	distal	.	.	2
chr17:82751583-82752115	proximal	TBCD	.	10
chr17:82822536-82822686	distal	.	.	2
chr17:82863702-82863852	distal	.	.	2
chr17:83026724-83026911	distal	.	.	4
chr17:83082129-83082279	distal	.	.	8
chr17:83205565-83205950	distal	.	.	8
chr17:8376276-8376512	proximal	KRBA2	.	4
chr17:8376628-8376872	proximal	KRBA2	.	6
chr17:8383174-8384062	proximal	ENSG00000263809,ENSG00000288750,RPL26	.	30
chr17:8435619-8436121	distal	.	.	2
chr17:8630570-8631531	proximal	MYH10	.	8
chr17:8886091-8886269	distal	.	.	4
chr17:8912905-8913055	distal	.	.	2
chr17:958766-958970	distal	.	.	2
chr18:10072136-10072407	distal	.	.	8
chr18:10084-10234	proximal	LINC02564	.	4
chr18:10525839-10526338	proximal	NAPG	.	4
chr18:108006-108611	proximal	ROCK1P1	.	4
chr18:110211-110830	distal	.	.	12
chr18:11851285-11851467	proximal	CHMP1B	.	4
chr18:11908263-11909133	proximal	ENSG00000273141,MPPE1	.	4
chr18:12347983-12348211	distal	.	.	4
chr18:12947633-12948109	proximal	SEH1L	.	4
chr18:158246-158663	proximal	USP14	.	6
chr18:196811-197012	distal	.	.	4
chr18:20561700-20562514	distal	.	.	8
chr18:21111197-21112373	proximal	ROCK1	.	6
chr18:21223059-21223252	distal	.	.	2
chr18:21241676-21241835	proximal	GREB1L,GREB1L-DT	.	8
chr18:21242043-21242390	proximal	GREB1L,GREB1L-DT	.	8
chr18:21576691-21576910	distal	.	.	8
chr18:21599144-21599319	distal	.	.	2
chr18:21600158-21600328	proximal	ESCO1	.	2
chr18:21704077-21704958	proximal	ABHD3,MIB1	.	16
chr18:21802859-21803009	distal	.	.	2
chr18:21956166-21956316	distal	.	.	8
chr18:21997684-21997891	distal	.	.	4
chr18:22169023-22169808	proximal	GATA6,GATA6-AS1	.	8
chr18:22223723-22224010	distal	.	.	2
chr18:22324208-22324589	distal	.	.	2
chr18:22324812-22325136	distal	.	.	4
chr18:22418890-22419074	distal	.	.	2
chr18:22558911-22559472	distal	.	.	4
chr18:22683336-22683696	distal	.	.	2
chr18:22933081-22934110	proximal	ENSG00000265943	.	8
chr18:23218359-23218685	distal	.	.	4
chr18:23247248-23247398	distal	.	.	4
chr18:23354609-23354759	distal	.	.	8
chr18:23437266-23437811	proximal	TMEM241	.	6
chr18:23437904-23438054	proximal	TMEM241	.	8
chr18:23452850-23453860	proximal	RIOK3	.	2
chr18:23552293-23552504	distal	.	.	2
chr18:23570808-23570958	distal	.	.	4
chr18:23585525-23585807	proximal	NPC1	.	4
chr18:23662219-23662908	proximal	ANKRD29	.	14
chr18:23689284-23689741	proximal	LAMA3	.	6
chr18:23727726-23727876	distal	.	.	4
chr18:240075-240235	distal	.	.	20
chr18:24014570-24015245	proximal	TTC39C-AS1	.	4
chr18:24076226-24076778	distal	.	.	4
chr18:24138883-24139137	proximal	CABYR	.	4
chr18:24181644-24181794	distal	.	.	4
chr18:24255792-24255942	distal	.	.	8
chr18:24271238-24272500	distal	.	.	4
chr18:24397153-24398096	proximal	OSBPL1A	.	6
chr18:24426283-24427050	proximal	IMPACT	.	6
chr18:24465010-24465185	distal	.	.	4
chr18:24763947-24764106	distal	.	.	4
chr18:24831895-24832067	distal	.	.	2
chr18:24992928-24993078	distal	.	.	2
chr18:25269355-25269505	distal	.	.	4
chr18:25352018-25352412	proximal	ZNF521	.	4
chr18:25707550-25707700	distal	.	.	2
chr18:25734206-25734361	distal	.	.	2
chr18:25743736-25743912	distal	.	.	4
chr18:25946985-25947135	distal	.	.	2
chr18:26202451-26202601	distal	.	.	2
chr18:26226225-26226511	proximal	TAF4B	.	2
chr18:26226595-26226844	proximal	TAF4B	.	6
chr18:26236902-26237075	distal	.	.	2
chr18:26488534-26488696	distal	.	.	2
chr18:26511252-26511402	distal	.	.	4
chr18:26656812-26657292	proximal	KCTD1	.	8
chr18:267471-267833	proximal	THOC1,THOC1-DT	.	4
chr18:268394-268544	proximal	THOC1,THOC1-DT	.	20
chr18:26981451-26981679	distal	.	.	4
chr18:27955477-27955733	distal	.	.	4
chr18:28176716-28177465	proximal	CDH2	.	4
chr18:28177700-28178143	proximal	CDH2	.	4
chr18:28229892-28230230	distal	.	.	2
chr18:28349786-28349936	distal	.	.	2
chr18:28384697-28384847	distal	.	.	4
chr18:3012707-3013633	proximal	LPIN2	.	8
chr18:31042449-31042987	proximal	DSC3	.	10
chr18:31073852-31074002	distal	.	.	2
chr18:31101174-31101668	proximal	DSCAS	.	4
chr18:31101851-31102536	proximal	DSC2,DSCAS	.	4
chr18:31176034-31176184	distal	.	.	2
chr18:31206799-31207376	distal	.	.	12
chr18:31498076-31498427	proximal	DSG2	.	4
chr18:31658181-31659108	distal	.	.	6
chr18:31684559-31685676	proximal	B4GALT6,ENSG00000259985	.	16
chr18:31700357-31700544	distal	.	.	4
chr18:31722458-31722636	distal	.	.	8
chr18:31888100-31888322	distal	.	.	2
chr18:31942793-31943548	proximal	ENSG00000263823	.	6
chr18:31943627-31943865	distal	.	.	2
chr18:32045207-32045357	distal	.	.	8
chr18:32093230-32093380	distal	.	.	2
chr18:32120879-32121283	distal	.	.	2
chr18:32158102-32158565	distal	.	.	4
chr18:32416380-32416592	distal	.	.	2
chr18:32459297-32459447	distal	.	.	2
chr18:3246136-3246385	distal	.	.	4
chr18:32470696-32471618	proximal	ENSG00000285095,GAREM1	.	8
chr18:32552581-32552953	distal	.	.	2
chr18:32576692-32576960	distal	.	.	2
chr18:32655711-32655992	distal	.	.	2
chr18:32724129-32724665	distal	.	.	2
chr18:32771265-32771468	distal	.	.	2
chr18:32919924-32920092	distal	.	.	2
chr18:32944028-32944256	distal	.	.	2
chr18:32991587-32991871	distal	.	.	2
chr18:33231920-33232323	distal	.	.	2
chr18:33265391-33265759	distal	.	.	2
chr18:33494351-33494550	distal	.	.	2
chr18:33570225-33570375	distal	.	.	4
chr18:33577718-33578440	proximal	ASXL3,ASXL3-DT	.	4
chr18:33578740-33579372	proximal	ASXL3,ASXL3-DT	.	8
chr18:33593221-33593419	distal	.	.	2
chr18:33938772-33938922	distal	.	.	2
chr18:34090960-34091190	distal	.	.	2
chr18:34359143-34359325	distal	.	.	8
chr18:3448113-3448433	distal	.	.	4
chr18:34493178-34494066	proximal	DTNA	.	8
chr18:34624868-34625198	distal	.	.	10
chr18:34651936-34652286	distal	.	.	12
chr18:34707735-34707885	distal	.	.	2
chr18:35007104-35007404	distal	.	.	2
chr18:35041097-35041515	distal	.	.	2
chr18:35117212-35117362	distal	.	.	2
chr18:35240428-35241346	proximal	ZNF397	.	4
chr18:35290068-35290651	proximal	ENSG00000268573,ZSCAN30	.	12
chr18:35343683-35343833	distal	.	.	2
chr18:35343900-35344662	distal	.	.	2
chr18:35444980-35445483	distal	.	.	2
chr18:35497255-35497451	proximal	ENSG00000267140,ENSG00000289891,INO80C	.	12
chr18:35497551-35498114	proximal	ENSG00000267140,ENSG00000289891,INO80C	.	12
chr18:35526825-35526975	distal	.	.	6
chr18:35569632-35569937	distal	.	.	2
chr18:35628221-35628371	distal	.	.	18
chr18:35690232-35690401	distal	.	.	4
chr18:35730847-35731052	distal	.	.	2
chr18:35774681-35774883	distal	.	.	2
chr18:35817390-35817650	distal	.	.	2
chr18:35844927-35845208	distal	.	.	8
chr18:35926625-35926831	distal	.	.	2
chr18:35949902-35950424	distal	.	.	4
chr18:35950506-35950672	distal	.	.	20
chr18:3602950-3603298	proximal	DLGAP1-AS2	.	4
chr18:36067206-36067774	proximal	RPRD1A	.	8
chr18:36129225-36130016	proximal	ELP2,ENSG00000288917,SLC39A6	.	18
chr18:36186750-36186945	proximal	COSMOC,MOCOS	.	24
chr18:36187290-36187919	proximal	COSMOC,MOCOS	.	8
chr18:36195460-36195658	distal	.	.	2
chr18:36247142-36247386	distal	.	.	4
chr18:36296690-36296933	proximal	FHOD3	.	8
chr18:36297552-36298424	proximal	FHOD3	.	10
chr18:36400920-36401095	distal	.	.	8
chr18:36440463-36440747	distal	.	.	16
chr18:36462574-36462753	distal	.	.	6
chr18:36511849-36512389	distal	.	.	2
chr18:36828350-36829908	proximal	KIAA1328,TPGS2	.	8
chr18:36973191-36973341	distal	.	.	2
chr18:37167717-37167892	distal	.	.	2
chr18:37270144-37270367	distal	.	.	4
chr18:37880054-37880280	distal	.	.	2
chr18:3796356-3796506	distal	.	.	4
chr18:39707981-39708156	distal	.	.	2
chr18:39902110-39902260	distal	.	.	2
chr18:454266-454423	distal	.	.	2
chr18:45966998-45967721	proximal	EPG5	.	4
chr18:45998463-45998613	distal	.	.	4
chr18:47149881-47150268	proximal	HDHD2	.	4
chr18:47697119-47697269	distal	.	.	4
chr18:47791525-47791730	distal	.	.	4
chr18:47799574-47799724	distal	.	.	2
chr18:47894451-47894680	distal	.	.	2
chr18:48116848-48116998	distal	.	.	2
chr18:48121887-48122037	distal	.	.	4
chr18:48409972-48410648	proximal	ZBTB7C	.	4
chr18:48538817-48539304	proximal	CTIF	.	2
chr18:48846796-48846946	distal	.	.	2
chr18:48951765-48951958	proximal	SMAD7	.	2
chr18:48952670-48952857	distal	.	.	4
chr18:49460288-49460866	proximal	DYM	.	4
chr18:49486927-49487571	proximal	C18orf32,ENSG00000265496	.	8
chr18:49842109-49842285	distal	.	.	8
chr18:50268500-50268650	distal	.	.	8
chr18:50287505-50288194	proximal	CXXC1	.	4
chr18:505500-505652	distal	.	.	2
chr18:50878633-50879729	proximal	ME2	.	4
chr18:5295928-5296530	proximal	ZBTB14	.	2
chr18:5629422-5630162	proximal	EPB41L3	.	2
chr18:57558025-57558175	distal	.	.	2
chr18:57793365-57793579	distal	.	.	2
chr18:58629133-58629292	proximal	ALPK2	.	2
chr18:58629414-58629957	proximal	ALPK2	.	2
chr18:59681432-59681736	distal	.	.	2
chr18:60075704-60075854	distal	.	.	2
chr18:62186740-62187299	proximal	PIGN,RELCH	.	12
chr18:62522801-62523368	proximal	ZCCHC2	.	2
chr18:62612238-62612449	distal	.	.	8
chr18:62714918-62715556	proximal	PHLPP1	.	10
chr18:63342600-63342875	distal	.	.	4
chr18:657369-658114	proximal	ENSG00000263727,TYMS,TYMSOS	.	42
chr18:712282-712933	proximal	ENOSF1	.	4
chr18:76815092-76815264	distal	.	.	2
chr18:76984666-76985036	distal	.	.	2
chr18:79246624-79246867	distal	.	.	2
chr18:79951531-79951835	proximal	SLC66A2	.	4
chr18:79988801-79988961	distal	.	.	2
chr18:80154764-80154914	distal	.	.	4
chr18:839426-839615	distal	.	.	4
chr18:8781801-8782068	distal	.	.	4
chr18:9137250-9137950	proximal	NDUFV2-AS1	.	4
chr18:9475149-9475540	proximal	RALBP1	.	4
chr18:9481126-9481276	distal	.	.	8
chr18:9708140-9708625	proximal	RAB31	.	6
chr18:9914354-9914853	proximal	VAPA	.	6
chr19:10096052-10096531	distal	.	.	28
chr19:10106101-10106448	proximal	PPAN,PPAN-P2RY11	.	24
chr19:10114071-10114263	distal	.	.	8
chr19:10119644-10120123	proximal	EIF3G	.	12
chr19:10174696-10174846	distal	.	.	4
chr19:10194414-10195208	distal	.	.	20
chr19:1019960-1020113	distal	.	.	12
chr19:1021443-1021855	proximal	TMEM259	.	14
chr19:10231217-10231454	proximal	DNMT1,S1PR2	.	32
chr19:10236211-10236361	distal	.	.	22
chr19:10250177-10250328	distal	.	.	6
chr19:10251719-10252462	proximal	MRPL4	.	16
chr19:10259005-10259469	proximal	ENSG00000267105	.	20
chr19:1026463-1026692	proximal	CNN2	.	10
chr19:10269519-10269714	distal	.	.	14
chr19:10315946-10316112	proximal	ENSG00000167807,FDX2	.	24
chr19:10332794-10333760	proximal	ENSG00000274425,RAVER1	.	16
chr19:10334961-10335131	distal	.	.	20
chr19:10380267-10381239	proximal	TYK2	.	8
chr19:1039816-1040137	proximal	ABCA7	.	12
chr19:10403458-10404133	distal	.	.	12
chr19:10404231-10404436	distal	.	.	14
chr19:10420135-10420526	proximal	CDC37	.	8
chr19:10424128-10424278	distal	.	.	2
chr19:10424419-10424589	distal	.	.	10
chr19:1044526-1044676	distal	.	.	28
chr19:1044826-1045628	distal	.	.	12
chr19:10472023-10472183	distal	.	.	6
chr19:10483568-10483860	distal	.	.	6
chr19:10502567-10502962	proximal	KEAP1	.	10
chr19:10517856-10518096	proximal	S1PR5	.	4
chr19:10541491-10541641	distal	.	.	14
chr19:10543623-10543953	proximal	ATG4D	.	8
chr19:10565264-10565439	proximal	KRI1	.	10
chr19:10565758-10566223	proximal	KRI1	.	8
chr19:10569561-10569711	proximal	CDKN2D	.	16
chr19:10572420-10572612	distal	.	.	4
chr19:10581122-10581464	distal	.	.	16
chr19:10602293-10602918	proximal	SLC44A2	.	8
chr19:1062809-1063564	distal	.	.	2
chr19:10644728-10645063	distal	.	.	8
chr19:10653788-10654706	proximal	ILF3,ILF3-DT	.	8
chr19:10695696-10696036	distal	.	.	14
chr19:10701324-10701545	proximal	QTRT1	.	18
chr19:10701639-10702311	proximal	QTRT1	.	14
chr19:10738403-10739195	distal	.	.	8
chr19:1082075-1082848	distal	.	.	8
chr19:10864462-10864665	distal	.	.	2
chr19:10885700-10885952	distal	.	.	6
chr19:10928503-10929139	proximal	TIMM29,YIPF2	.	12
chr19:10936675-10936964	distal	.	.	4
chr19:1095276-1095659	proximal	POLR2E	.	14
chr19:10960420-10961078	proximal	SMARCA4	.	14
chr19:11035789-11035939	distal	.	.	4
chr19:1103712-1104203	proximal	GPX4	.	8
chr19:1104403-1104806	proximal	GPX4	.	10
chr19:11089294-11089559	proximal	LDLR	.	12
chr19:11090101-11090627	proximal	LDLR	.	8
chr19:11126148-11126383	distal	.	.	10
chr19:11137738-11137888	distal	.	.	12
chr19:11139320-11139564	distal	.	.	2
chr19:11155720-11156271	proximal	SPC24	.	4
chr19:11197533-11198087	proximal	KANK2	.	8
chr19:11203588-11204094	proximal	ENSG00000267082	.	6
chr19:11225119-11225340	distal	.	.	12
chr19:11227420-11227849	distal	.	.	4
chr19:11236837-11236987	proximal	ANGPTL8	.	8
chr19:11243411-11243657	distal	.	.	22
chr19:11262405-11262585	proximal	DOCK6	.	12
chr19:11339636-11339850	distal	.	.	4
chr19:11346226-11346864	proximal	RAB3D,TMEM205	.	20
chr19:11355218-11355483	proximal	PLPPR2	.	10
chr19:11375498-11375663	proximal	ENSG00000267277,SWSAP1	.	16
chr19:11381062-11381510	distal	.	.	10
chr19:11381608-11382491	distal	.	.	6
chr19:11384271-11384439	proximal	EPOR	.	8
chr19:11420866-11421029	distal	.	.	8
chr19:11434824-11435656	proximal	ODAD3,PRKCSH	.	8
chr19:11450618-11450938	distal	.	.	10
chr19:11482028-11482333	distal	.	.	12
chr19:11482575-11482773	distal	.	.	12
chr19:11504965-11506219	proximal	ENSG00000267477,ZNF653	.	36
chr19:11528617-11529373	proximal	ECSIT	.	8
chr19:11535890-11536337	distal	.	.	2
chr19:11558807-11559008	proximal	ELOF1,ZNF627	.	8
chr19:11559087-11559449	proximal	ELOF1,ZNF627	.	16
chr19:11597176-11597539	distal	.	.	14
chr19:11623489-11623836	distal	.	.	4
chr19:11639539-11640129	proximal	ENSG00000197332	.	2
chr19:11640345-11640495	proximal	ENSG00000197332	.	6
chr19:11657615-11657812	distal	.	.	6
chr19:11675718-11675887	distal	.	.	2
chr19:11694924-11695399	proximal	ENSG00000289985	.	8
chr19:11738872-11739444	proximal	ZNF823	.	2
chr19:1174148-1174432	proximal	SBNO2	.	16
chr19:11785015-11785170	distal	.	.	6
chr19:11814087-11814591	proximal	ZNF440	.	8
chr19:11924920-11925188	proximal	ENSG00000267179,ZNF700	.	16
chr19:1194295-1194790	distal	.	.	18
chr19:11987539-11987703	proximal	ENSG00000286098,ZNF433-AS1	.	4
chr19:1205446-1205857	distal	.	.	14
chr19:12140270-12140420	proximal	ZNF20	.	8
chr19:12162883-12163279	proximal	ZNF136	.	8
chr19:12239181-12239331	distal	.	.	10
chr19:12294781-12295345	proximal	ZNF44	.	4
chr19:12365564-12365912	proximal	ZNF442	.	4
chr19:12400561-12401055	proximal	ENSG00000268744,ZNF799	.	8
chr19:1241542-1241815	proximal	ATP5F1D	.	12
chr19:12440362-12441245	proximal	ENSG00000268870,ZNF443	.	12
chr19:12441365-12441644	proximal	ENSG00000268870,ZNF443	.	8
chr19:12484410-12485011	proximal	ENSG00000269755	.	10
chr19:12485111-12485261	proximal	ENSG00000269755	.	4
chr19:1248775-1249082	proximal	ENSG00000288704,MIDN	.	20
chr19:12551211-12551991	proximal	ENSG00000196826,LINC02926,ZNF564	.	30
chr19:1260844-1261122	distal	.	.	22
chr19:12610502-12611275	proximal	ZNF791	.	22
chr19:12611356-12611547	proximal	ZNF791	.	20
chr19:12656459-12656648	distal	.	.	12
chr19:12666686-12666876	proximal	MAN2B1,WDR83	.	4
chr19:12681051-12681700	proximal	DHPS,ENSG00000285589	.	20
chr19:12681764-12682070	proximal	DHPS,ENSG00000285589	.	4
chr19:1269045-1269773	proximal	CIRBP-AS1	.	2
chr19:12696535-12696733	proximal	FBXW9	.	2
chr19:12722055-12722295	distal	.	.	10
chr19:12722601-12722911	distal	.	.	20
chr19:12723902-12724074	proximal	TNPO2	.	4
chr19:12734540-12735020	proximal	TRIR	.	2
chr19:12737449-12737608	proximal	GET3	.	16
chr19:1275292-1275596	proximal	FAM174C	.	4
chr19:1275711-1276038	proximal	FAM174C	.	22
chr19:12757626-12757920	distal	.	.	6
chr19:12760684-12760846	distal	.	.	4
chr19:12765986-12766477	distal	.	.	6
chr19:12775325-12775785	distal	.	.	4
chr19:12777677-12777873	distal	.	.	4
chr19:12793472-12793746	distal	.	.	2
chr19:12796658-12796882	proximal	ENSG00000267062	.	2
chr19:12801815-12802014	proximal	PRDX2,THSD8	.	4
chr19:12806416-12806998	proximal	RNASEH2A	.	8
chr19:12828431-12828708	distal	.	.	4
chr19:12833776-12833926	proximal	MAST1	.	4
chr19:12840509-12840986	distal	.	.	6
chr19:12847611-12847885	distal	.	.	8
chr19:12867559-12867786	distal	.	.	4
chr19:12881360-12881715	proximal	DNASE2,ENSG00000267735	.	8
chr19:12890747-12891217	proximal	GCDH	.	4
chr19:12933459-12933867	proximal	FARSA	.	8
chr19:12938036-12938712	proximal	CALR	.	4
chr19:12944259-12944462	proximal	ENSG00000267458	.	12
chr19:12945602-12946338	proximal	RAD23A	.	4
chr19:12957151-12957315	proximal	GADD45GIP1	.	6
chr19:12965004-12965261	proximal	DAND5	.	10
chr19:12965332-12965855	proximal	DAND5	.	6
chr19:12983651-12983811	distal	.	.	16
chr19:13051587-13051963	distal	.	.	18
chr19:13061460-13061626	distal	.	.	6
chr19:13140606-13140756	proximal	ENSG00000267512	.	4
chr19:13150249-13150399	proximal	IER2,STX10	.	12
chr19:13151590-13152040	distal	.	.	16
chr19:13152860-13153174	proximal	ENSG00000287296	.	16
chr19:13162931-13163331	distal	.	.	10
chr19:13194613-13194767	distal	.	.	8
chr19:1320880-1321067	proximal	ENSG00000267372	.	20
chr19:13234604-13234800	distal	.	.	2
chr19:1325229-1325455	distal	.	.	22
chr19:1354696-1355084	proximal	PWWP3A	.	4
chr19:13619537-13619833	distal	.	.	4
chr19:13632940-13633090	proximal	CACNA1A	.	8
chr19:13642424-13642574	distal	.	.	2
chr19:13685723-13685935	distal	.	.	2
chr19:13747614-13747990	distal	.	.	6
chr19:13748439-13748663	distal	.	.	4
chr19:1378113-1378263	proximal	ENSG00000267755	.	6
chr19:13795109-13795524	proximal	ZSWIM4	.	8
chr19:1383322-1383728	proximal	NDUFS7	.	6
chr19:13833589-13833935	distal	.	.	14
chr19:13841565-13841719	distal	.	.	2
chr19:13854691-13855006	distal	.	.	14
chr19:13862247-13862513	proximal	NANOS3	.	14
chr19:13928173-13928337	distal	.	.	6
chr19:13952620-13952919	proximal	DCAF15,PODNL1	.	4
chr19:14023397-14023788	distal	.	.	10
chr19:1407022-1407615	proximal	DAZAP1	.	10
chr19:14073416-14073906	distal	.	.	16
chr19:14075156-14075322	distal	.	.	16
chr19:14081270-14081845	distal	.	.	6
chr19:14090654-14091587	proximal	SAMD1	.	14
chr19:14117241-14117422	proximal	PRKACA	.	2
chr19:14117684-14118281	proximal	ENSG00000267783,PRKACA	.	8
chr19:1415464-1415760	distal	.	.	18
chr19:14206756-14207654	distal	.	.	6
chr19:14217360-14218021	proximal	ENSG00000287254	.	12
chr19:1422015-1422165	distal	.	.	16
chr19:14248115-14248336	distal	.	.	8
chr19:14248431-14248879	distal	.	.	2
chr19:14256760-14256910	distal	.	.	2
chr19:14262905-14263098	distal	.	.	6
chr19:14333612-14333818	proximal	LINC01842	.	4
chr19:1438130-1438394	proximal	RPS15	.	18
chr19:14405893-14406443	distal	.	.	8
chr19:14418854-14419198	proximal	DDX39A	.	2
chr19:14419258-14419645	proximal	DDX39A	.	12
chr19:1443688-1444049	distal	.	.	14
chr19:1444880-1445463	distal	.	.	8
chr19:14450248-14450823	distal	.	.	4
chr19:14505443-14505725	distal	.	.	4
chr19:14518009-14518964	distal	.	.	12
chr19:14529193-14530099	distal	.	.	4
chr19:1455472-1456125	distal	.	.	2
chr19:14564178-14564891	distal	.	.	8
chr19:14689502-14690367	proximal	ADGRE3,ZNF333	.	8
chr19:14751498-14751648	distal	.	.	8
chr19:14765516-14765723	distal	.	.	20
chr19:1479105-1479329	proximal	C19orf25	.	16
chr19:1479462-1479631	proximal	C19orf25	.	10
chr19:1490308-1491269	proximal	PCSK4,REEP6	.	12
chr19:1507731-1508496	proximal	ENSG00000267092,PLK5	.	40
chr19:15125150-15126046	proximal	ILVBL	.	8
chr19:15223279-15223638	distal	.	.	6
chr19:15231063-15231266	distal	.	.	2
chr19:15251687-15252045	distal	.	.	4
chr19:1527460-1527617	distal	.	.	8
chr19:15309120-15309317	distal	.	.	4
chr19:15332465-15332658	proximal	BRD4,ENSG00000290008	.	16
chr19:1542615-1543003	distal	.	.	8
chr19:15433162-15433384	distal	.	.	6
chr19:15449587-15449737	proximal	WIZ	.	10
chr19:15452071-15452842	distal	.	.	4
chr19:1546234-1546415	distal	.	.	6
chr19:15468713-15468932	distal	.	.	4
chr19:15499177-15499345	proximal	PGLYRP2	.	10
chr19:15508317-15508547	proximal	CYP4F22	.	4
chr19:15555769-15556160	distal	.	.	10
chr19:1558844-1558994	distal	.	.	2
chr19:15629417-15629597	distal	.	.	2
chr19:1571406-1571556	distal	.	.	2
chr19:1575959-1576112	distal	.	.	12
chr19:1592338-1592563	proximal	MBD3	.	2
chr19:1592888-1593120	proximal	MBD3	.	2
chr19:1605377-1605688	proximal	ENSG00000267059,UQCR11	.	64
chr19:1605847-1606162	proximal	ENSG00000267059,UQCR11	.	24
chr19:16076161-16076439	distal	.	.	4
chr19:16110721-16110927	distal	.	.	14
chr19:16111190-16111918	proximal	RAB8A	.	6
chr19:16185832-16185982	proximal	FAM32A	.	4
chr19:16197685-16198347	proximal	AP1M1,ENSG00000287961	.	16
chr19:16218564-16218720	distal	.	.	4
chr19:16407894-16408044	distal	.	.	8
chr19:16471848-16472481	proximal	ENSG00000289330,EPS15L1	.	8
chr19:16495990-16496702	proximal	C19orf44,CALR3	.	20
chr19:1652571-1653275	proximal	TCF3	.	12
chr19:16542303-16542993	proximal	CHERP,ENSG00000269399	.	16
chr19:16584382-16584535	distal	.	.	16
chr19:16587690-16587840	proximal	ENSG00000269578	.	2
chr19:16628123-16628595	proximal	ENSG00000141979,MED26	.	12
chr19:16635249-16635476	proximal	ENSG00000269044	.	10
chr19:16660635-16660977	proximal	ENSG00000268790,SMIM7,TMEM38A	.	6
chr19:16689245-16689515	distal	.	.	8
chr19:16765875-16766025	distal	.	.	2
chr19:16771648-16771798	distal	.	.	2
chr19:16801714-16801983	proximal	ENSG00000269799	.	4
chr19:16896912-16897627	distal	.	.	4
chr19:1690866-1691484	distal	.	.	4
chr19:17075400-17075846	proximal	HAUS8,MYO9B	.	16
chr19:17108081-17108236	distal	.	.	12
chr19:17209241-17209997	distal	.	.	10
chr19:17215152-17215462	proximal	USE1	.	8
chr19:17215553-17215774	proximal	USE1	.	4
chr19:17226080-17226806	proximal	OCEL1	.	8
chr19:17235734-17236044	distal	.	.	14
chr19:17245884-17246034	proximal	NR2F6	.	22
chr19:17246095-17246271	proximal	NR2F6	.	20
chr19:1725548-1726132	distal	.	.	10
chr19:17266929-17267502	proximal	BABAM1,ENSG00000269307	.	16
chr19:17282630-17282888	proximal	USHBP1	.	14
chr19:17292415-17293199	proximal	MRPL34	.	14
chr19:17294089-17294471	distal	.	.	4
chr19:17303290-17303657	distal	.	.	20
chr19:17305616-17306177	distal	.	.	8
chr19:17309073-17309621	proximal	ABHD8,DDA1	.	44
chr19:17332550-17333096	distal	.	.	2
chr19:17334685-17335025	proximal	ANO8,GTPBP3	.	20
chr19:17337014-17337231	distal	.	.	4
chr19:17337304-17337625	distal	.	.	10
chr19:17390643-17391352	distal	.	.	4
chr19:17395039-17395248	proximal	CCDC194	.	12
chr19:17403098-17403701	distal	.	.	12
chr19:17419625-17420362	proximal	ENSG00000269053	.	8
chr19:17425061-17425490	distal	.	.	26
chr19:17453533-17453723	proximal	ENSG00000269736	.	6
chr19:17470702-17470954	distal	.	.	10
chr19:1747312-1747631	proximal	ENSG00000267073	.	4
chr19:17489034-17489436	distal	.	.	12
chr19:17511208-17512363	proximal	PGLS,PGLS-DT	.	40
chr19:17523486-17523671	proximal	NIBAN3	.	12
chr19:17539593-17540203	distal	.	.	10
chr19:17555387-17555736	proximal	COLGALT1	.	4
chr19:17556176-17556482	proximal	COLGALT1	.	8
chr19:17579769-17580227	distal	.	.	22
chr19:17605730-17606797	distal	.	.	14
chr19:17616495-17616711	distal	.	.	10
chr19:17657286-17657436	distal	.	.	12
chr19:1767550-1767707	distal	.	.	2
chr19:1768147-1768541	distal	.	.	4
chr19:17688263-17688473	proximal	UNC13A	.	20
chr19:1768833-1768999	distal	.	.	8
chr19:17719333-17719546	proximal	MAP1S	.	20
chr19:17740173-17740328	distal	.	.	20
chr19:17747434-17747812	proximal	FCHO1	.	18
chr19:1774844-1775139	distal	.	.	16
chr19:17766548-17766886	distal	.	.	4
chr19:17778251-17778472	distal	.	.	14
chr19:17779486-17779789	distal	.	.	10
chr19:17784476-17784654	distal	.	.	2
chr19:17789758-17789912	distal	.	.	6
chr19:17794719-17795057	proximal	B3GNT3	.	20
chr19:17830100-17830510	distal	.	.	36
chr19:17841777-17842561	distal	.	.	24
chr19:17859537-17860162	proximal	RPL18A	.	20
chr19:17866392-17866804	distal	.	.	18
chr19:17874114-17874751	distal	.	.	10
chr19:17880143-17880365	distal	.	.	2
chr19:17932551-17932795	proximal	CCDC124	.	18
chr19:17932858-17933275	proximal	CCDC124	.	20
chr19:17947547-17948433	distal	.	.	6
chr19:1795920-1796257	distal	.	.	24
chr19:17996889-17997138	distal	.	.	4
chr19:17998287-17998461	distal	.	.	8
chr19:18000961-18001388	proximal	ARRDC2	.	22
chr19:18007020-18007495	distal	.	.	22
chr19:18007604-18007881	distal	.	.	16
chr19:18008023-18008462	distal	.	.	18
chr19:18036357-18036570	distal	.	.	12
chr19:18058509-18058670	distal	.	.	14
chr19:18097544-18097905	proximal	MAST3	.	14
chr19:18104480-18104672	distal	.	.	2
chr19:18109793-18110188	distal	.	.	8
chr19:18117767-18118451	distal	.	.	18
chr19:1812270-1813155	proximal	ATP8B3	.	30
chr19:18152177-18153415	proximal	ENSG00000268173,PIK3R2	.	16
chr19:18161396-18161653	distal	.	.	18
chr19:18168281-18168431	distal	.	.	4
chr19:18203569-18204522	proximal	ENSG00000268650,RAB3A	.	44
chr19:18223856-18224925	distal	.	.	4
chr19:1826170-1826424	distal	.	.	16
chr19:18262164-18262314	distal	.	.	16
chr19:18279551-18279768	distal	.	.	14
chr19:18291810-18292104	distal	.	.	10
chr19:18292754-18292904	distal	.	.	2
chr19:18323001-18323393	proximal	LSM4	.	12
chr19:18328490-18328734	distal	.	.	2
chr19:18340431-18340861	proximal	PGPEP1	.	10
chr19:18349648-18349798	distal	.	.	4
chr19:18374478-18374673	proximal	GDF15	.	8
chr19:1837709-1837887	distal	.	.	14
chr19:18388473-18388727	distal	.	.	4
chr19:18410682-18410832	distal	.	.	8
chr19:18416884-18417155	distal	.	.	12
chr19:18417665-18417827	distal	.	.	2
chr19:18419190-18419475	proximal	SSBP4	.	14
chr19:18437827-18438009	proximal	ISYNA1	.	12
chr19:18438073-18438223	proximal	ISYNA1	.	14
chr19:18451024-18451394	distal	.	.	2
chr19:18461963-18462118	distal	.	.	10
chr19:1847548-1847698	proximal	REXO1	.	8
chr19:1848295-1848931	proximal	REXO1	.	16
chr19:18521990-18522739	proximal	ELL	.	8
chr19:1853370-1853652	distal	.	.	10
chr19:18543576-18544160	proximal	FKBP8	.	14
chr19:18557686-18558089	proximal	KXD1	.	14
chr19:18571185-18571462	proximal	UBA52	.	4
chr19:18571528-18572173	proximal	UBA52	.	20
chr19:18588636-18588824	proximal	REX1BD	.	10
chr19:18588962-18589177	proximal	REX1BD	.	2
chr19:18589680-18590093	distal	.	.	6
chr19:18590499-18590794	distal	.	.	16
chr19:18596782-18596981	distal	.	.	2
chr19:18607152-18607319	proximal	CRLF1,TMEM59L	.	8
chr19:18612141-18612373	distal	.	.	10
chr19:18636205-18637083	proximal	KLHL26	.	2
chr19:1863638-1864498	proximal	KLF16	.	2
chr19:1864821-1864997	distal	.	.	12
chr19:18655454-18655663	distal	.	.	2
chr19:18683473-18683728	proximal	CRTC1	.	6
chr19:18683796-18683969	proximal	CRTC1	.	8
chr19:18743367-18743520	distal	.	.	8
chr19:1876121-1876336	proximal	ENSG00000261526	.	4
chr19:1876423-1876644	proximal	ENSG00000261526	.	12
chr19:18772013-18772174	distal	.	.	4
chr19:18785151-18785505	distal	.	.	34
chr19:18831828-18832005	proximal	UPF1	.	2
chr19:18832411-18832652	proximal	UPF1	.	8
chr19:1885333-1885689	proximal	ABHD17A	.	32
chr19:18879593-18879829	distal	.	.	18
chr19:18880074-18880308	distal	.	.	12
chr19:18919054-18919807	proximal	COPE,DDX49	.	16
chr19:18932143-18932853	distal	.	.	18
chr19:18940972-18941159	proximal	HOMER3,HOMER3-AS1	.	8
chr19:18995907-18996057	distal	.	.	18
chr19:19032876-19033099	proximal	ARMC6	.	8
chr19:19033322-19034011	proximal	ARMC6,SUGP2	.	36
chr19:19034365-19034579	proximal	ARMC6,SUGP2	.	16
chr19:1905123-1905892	proximal	ADAT3,SCAMP4	.	20
chr19:19105615-19105890	proximal	ENSG00000288837	.	8
chr19:19120302-19120708	distal	.	.	6
chr19:19138387-19138663	proximal	TMEM161A	.	8
chr19:19146096-19146276	distal	.	.	8
chr19:19170136-19170369	distal	.	.	20
chr19:19174938-19175213	distal	.	.	10
chr19:19180645-19180850	distal	.	.	12
chr19:19186007-19186162	distal	.	.	4
chr19:19192033-19192287	proximal	BORCS8,BORCS8-MEF2B,MEF2B,RFXANK	.	8
chr19:19192468-19192937	proximal	BORCS8,BORCS8-MEF2B,MEF2B,RFXANK	.	40
chr19:19203065-19203557	proximal	NR2C2AP	.	4
chr19:19224620-19224796	distal	.	.	6
chr19:1929397-1929745	distal	.	.	6
chr19:19320274-19320847	proximal	MAU2,SUGP1	.	20
chr19:19355662-19355958	distal	.	.	16
chr19:19361113-19361460	distal	.	.	6
chr19:19365043-19365250	distal	.	.	6
chr19:19385199-19386120	proximal	GATAD2A	.	24
chr19:19394974-19395142	distal	.	.	16
chr19:1940211-1940567	proximal	CSNK1G2	.	8
chr19:19405135-19405285	distal	.	.	12
chr19:19405467-19405793	distal	.	.	6
chr19:19418315-19418518	distal	.	.	8
chr19:19474813-19474999	distal	.	.	10
chr19:19515992-19516539	proximal	ENSG00000258674,NDUFA13,TSSK6	.	12
chr19:19526062-19526212	distal	.	.	2
chr19:19538141-19538415	proximal	CILP2	.	4
chr19:19618678-19619127	proximal	PBX4	.	8
chr19:19663642-19664305	proximal	ATP13A1	.	6
chr19:19668644-19668841	proximal	ZNF101	.	4
chr19:19732993-19733242	proximal	ZNF14	.	10
chr19:19776327-19776922	proximal	ENSG00000291177,LINC00663	.	8
chr19:1985785-1985946	distal	.	.	2
chr19:1992790-1993038	distal	.	.	4
chr19:2015684-2016081	distal	.	.	26
chr19:2019725-2019875	distal	.	.	2
chr19:202000-202161	distal	.	.	2
chr19:2034754-2035300	proximal	BTBD2	.	4
chr19:2041904-2042400	distal	.	.	18
chr19:2051192-2051484	proximal	MKNK2	.	18
chr19:2061054-2061777	distal	.	.	12
chr19:2069844-2070079	distal	.	.	22
chr19:2096296-2097006	proximal	IZUMO4,MOB3A	.	20
chr19:2151515-2152069	distal	.	.	8
chr19:2163596-2164150	proximal	AP3D1,DOT1L	.	4
chr19:2231092-2231358	distal	.	.	8
chr19:2235829-2235979	proximal	SF3A2	.	8
chr19:2236210-2236891	proximal	SF3A2	.	8
chr19:2269237-2269525	proximal	ENSG00000273734,JSRP1,OAZ1	.	24
chr19:2273754-2273931	distal	.	.	4
chr19:2275213-2275406	distal	.	.	14
chr19:2328460-2328670	proximal	LSM7,SPPL2B	.	8
chr19:2384891-2385495	distal	.	.	12
chr19:2400591-2400741	distal	.	.	4
chr19:2427097-2427307	proximal	TIMM13	.	6
chr19:2427477-2428095	proximal	TIMM13	.	2
chr19:2462293-2462443	proximal	LINC01775	.	2
chr19:2474616-2474944	distal	.	.	6
chr19:2475938-2476231	proximal	GADD45B	.	6
chr19:2516883-2517039	distal	.	.	4
chr19:2543263-2543437	distal	.	.	4
chr19:2543500-2543908	distal	.	.	10
chr19:2598948-2599563	distal	.	.	8
chr19:267124-267643	distal	.	.	4
chr19:2702679-2703014	proximal	GNG7	.	8
chr19:2713767-2714094	distal	.	.	12
chr19:2739874-2740404	proximal	ENSG00000267001,SLC39A3	.	24
chr19:2783180-2783631	proximal	SGTA	.	14
chr19:2785169-2785798	proximal	THOP1	.	8
chr19:2819718-2820033	proximal	ZNF554	.	12
chr19:2841012-2841553	proximal	ZNF555	.	18
chr19:2872261-2872444	distal	.	.	12
chr19:2900529-2901249	proximal	ZNF57	.	18
chr19:29212710-29212890	proximal	UQCRFS1,UQCRFS1-DT	.	8
chr19:2944536-2945527	proximal	ZNF77	.	6
chr19:2950393-2951037	proximal	ENSG00000288906	.	6
chr19:29610621-29610824	distal	.	.	4
chr19:2962072-2962382	distal	.	.	6
chr19:2977081-2977880	proximal	TLE6	.	6
chr19:29811161-29812102	proximal	CCNE1	.	4
chr19:29860607-29860757	distal	.	.	8
chr19:29942078-29942328	distal	.	.	2
chr19:29942861-29943048	distal	.	.	2
chr19:3008418-3008568	distal	.	.	2
chr19:3046346-3046507	distal	.	.	4
chr19:3046961-3047209	proximal	TLE2	.	2
chr19:3093797-3094396	proximal	GNA11	.	14
chr19:3121932-3122086	proximal	ENSG00000267688	.	12
chr19:3125924-3126209	distal	.	.	4
chr19:3152149-3152326	distal	.	.	4
chr19:3169759-3169909	distal	.	.	8
chr19:3185030-3185354	proximal	NCLN	.	14
chr19:32224736-32224886	distal	.	.	4
chr19:3224459-3224725	proximal	CELF5	.	10
chr19:3227899-3228068	distal	.	.	2
chr19:32345473-32345926	proximal	ZNF507	.	4
chr19:32373949-32374136	distal	.	.	2
chr19:3249440-3249648	distal	.	.	8
chr19:32560271-32560443	distal	.	.	8
chr19:32580999-32581623	proximal	PDCD5	.	4
chr19:3266200-3266350	distal	.	.	4
chr19:32691667-32692149	proximal	NUDT19,NUDT19-DT	.	8
chr19:32708037-32708187	distal	.	.	4
chr19:32746124-32746318	distal	.	.	8
chr19:32746586-32746804	distal	.	.	4
chr19:3275448-3276760	distal	.	.	8
chr19:32787320-32787645	distal	.	.	4
chr19:32826451-32826642	distal	.	.	4
chr19:3284882-3286009	distal	.	.	6
chr19:32971870-32972362	proximal	CEP89,FAAP24	.	20
chr19:32991695-32991845	distal	.	.	4
chr19:3305026-3305176	distal	.	.	8
chr19:33053403-33053553	distal	.	.	2
chr19:3306706-3306904	proximal	ENSG00000267448	.	6
chr19:33080984-33081332	proximal	GPATCH1	.	2
chr19:33125943-33126172	distal	.	.	8
chr19:33226225-33226400	proximal	SLC7A10	.	10
chr19:33249840-33250039	distal	.	.	20
chr19:3327327-3327487	distal	.	.	2
chr19:33302479-33303113	proximal	CEBPA,CEBPA-DT	.	16
chr19:33310921-33311071	distal	.	.	4
chr19:33348721-33348871	distal	.	.	2
chr19:33373135-33373810	proximal	CEBPG	.	4
chr19:33402986-33403136	distal	.	.	2
chr19:33416329-33416646	distal	.	.	2
chr19:33521739-33522088	proximal	PEPD	.	8
chr19:3356225-3356531	distal	.	.	4
chr19:3366905-3367288	distal	.	.	26
chr19:3367389-3367566	distal	.	.	8
chr19:33771629-33771856	distal	.	.	12
chr19:33795430-33796364	proximal	KCTD15	.	4
chr19:3384785-3385070	distal	.	.	14
chr19:33859115-33859265	distal	.	.	2
chr19:34134229-34134687	distal	.	.	8
chr19:3429585-3429771	distal	.	.	2
chr19:3434917-3435500	distal	.	.	18
chr19:34392341-34392600	distal	.	.	4
chr19:34428275-34428564	proximal	ENSG00000267024,UBA2	.	8
chr19:344498-344936	proximal	MIER2	.	14
chr19:3458934-3459143	distal	.	.	6
chr19:34602604-34602754	distal	.	.	2
chr19:34677187-34677819	proximal	SCGB2B2,ZNF302	.	4
chr19:34712427-34712910	distal	.	.	2
chr19:34733770-34733997	proximal	ENSG00000274104,ZNF181	.	8
chr19:34772693-34772843	proximal	ZNF599	.	4
chr19:3479203-3479389	distal	.	.	26
chr19:3479961-3480281	proximal	SMIM24	.	10
chr19:3485121-3485483	distal	.	.	14
chr19:34951990-34952140	distal	.	.	2
chr19:34963410-34963620	proximal	ZNF792	.	4
chr19:34964099-34964312	proximal	ZNF792	.	4
chr19:35000132-35000336	proximal	GRAMD1A-AS1	.	8
chr19:3500539-3501005	proximal	DOHH	.	14
chr19:35031224-35031382	proximal	SCN1B	.	18
chr19:35055775-35055929	distal	.	.	2
chr19:3505795-3506385	proximal	FZR1	.	14
chr19:35067170-35067359	distal	.	.	24
chr19:3507463-3507718	distal	.	.	16
chr19:35090350-35090831	proximal	ENSG00000179066	.	4
chr19:35114612-35114845	distal	.	.	4
chr19:35118639-35118838	distal	.	.	2
chr19:35141175-35141592	distal	.	.	2
chr19:352112-352311	distal	.	.	4
chr19:35248095-35248467	proximal	LSR	.	6
chr19:35248572-35249237	proximal	LSR	.	10
chr19:35267570-35267811	proximal	ENSG00000288942	.	2
chr19:35268084-35268460	proximal	ENSG00000288942,USF2	.	12
chr19:35269475-35269836	proximal	USF2	.	6
chr19:35299739-35300146	distal	.	.	12
chr19:35352641-35353005	distal	.	.	8
chr19:35399564-35399742	proximal	LINC01531	.	4
chr19:3545125-3545366	distal	.	.	8
chr19:35478918-35479114	distal	.	.	4
chr19:35495441-35495646	proximal	KRTDAP	.	4
chr19:35509328-35509533	distal	.	.	2
chr19:35510163-35510385	distal	.	.	18
chr19:35545519-35545722	proximal	TMEM147,TMEM147-AS1	.	8
chr19:35557805-35558381	proximal	ENSG00000283907	.	8
chr19:3557544-3558364	proximal	ENSG00000267231	.	18
chr19:35612589-35613182	proximal	HAUS5,HAUS5-DT	.	12
chr19:35628578-35629149	proximal	RBM42	.	12
chr19:35643538-35643713	distal	.	.	20
chr19:35644367-35644751	distal	.	.	12
chr19:35645069-35645259	distal	.	.	10
chr19:35648059-35648422	proximal	COX6B1	.	12
chr19:35702071-35702861	distal	.	.	14
chr19:35702975-35703132	distal	.	.	22
chr19:35718491-35718691	proximal	KMT2B	.	8
chr19:3572566-3573011	proximal	HMG20B	.	16
chr19:3573751-3574364	proximal	MFSD12	.	8
chr19:35744715-35745164	proximal	ENSG00000188223,ENSG00000267120,PSENEN,U2AF1L4	.	16
chr19:35745390-35745669	proximal	ENSG00000188223,ENSG00000267120,PSENEN,U2AF1L4	.	32
chr19:35748262-35748641	proximal	LIN37	.	4
chr19:35757820-35758470	proximal	HSPB6,PROSER3	.	32
chr19:35775293-35775841	distal	.	.	2
chr19:3585524-3585852	proximal	GIPC3	.	8
chr19:35868433-35868614	proximal	APLP1,NPHS1	.	8
chr19:35900251-35900423	distal	.	.	2
chr19:35900503-35900725	distal	.	.	8
chr19:35912100-35912269	distal	.	.	2
chr19:35935948-35936126	proximal	LRFN3	.	14
chr19:36013927-36014610	proximal	ALKBH6,ENSG00000248101,ENSG00000267698	.	12
chr19:36054040-36055025	proximal	THAP8,WDR62	.	24
chr19:36055183-36055348	proximal	THAP8,WDR62	.	40
chr19:3606453-3606603	proximal	CACTIN-AS1,TBXA2R	.	12
chr19:36077406-36077588	distal	.	.	8
chr19:36114814-36115600	proximal	POLR2I,TBCB	.	12
chr19:36127436-36128257	distal	.	.	8
chr19:36139861-36140166	proximal	CAPNS1	.	8
chr19:36150679-36150988	distal	.	.	8
chr19:3618616-3618783	distal	.	.	2
chr19:36282172-36282500	distal	.	.	8
chr19:36378563-36379385	proximal	ENSG00000266973,ZFP14	.	16
chr19:3643074-3643271	distal	.	.	8
chr19:36489309-36489697	proximal	ZNF566,ZNF566-AS1	.	4
chr19:36527853-36529223	proximal	ENSG00000228629,ZNF260	.	8
chr19:36604430-36604638	proximal	ZNF382,ZNF529	.	8
chr19:36666471-36667198	proximal	ZNF461	.	4
chr19:36687191-36687960	proximal	ZNF567,ZNF567-DT	.	20
chr19:3670286-3670477	distal	.	.	8
chr19:36772430-36772939	proximal	ENSG00000267260,ZNF850	.	8
chr19:36837980-36838207	distal	.	.	16
chr19:36838601-36838960	distal	.	.	4
chr19:36850717-36851309	proximal	ENSG00000291239,ZNF345,ZNF790	.	24
chr19:3700394-3700939	proximal	PIP5K1C	.	4
chr19:37078097-37078533	proximal	ENSG00000267345	.	4
chr19:37172620-37172987	proximal	ZNF585A	.	2
chr19:37210412-37210816	proximal	ENSG00000267360	.	4
chr19:3721447-3721766	distal	.	.	2
chr19:37217675-37217959	proximal	ZNF383,ZNF585B	.	8
chr19:37293448-37293777	distal	.	.	12
chr19:37317524-37317947	distal	.	.	2
chr19:37334596-37334764	distal	.	.	8
chr19:37467130-37467340	proximal	ZNF570	.	4
chr19:37469198-37469454	proximal	ZNF569	.	2
chr19:375802-375982	proximal	THEG	.	2
chr19:3761404-3761864	proximal	APBA3	.	2
chr19:3761922-3762126	proximal	APBA3,MRPL54	.	28
chr19:3762529-3763170	proximal	MRPL54	.	4
chr19:37655112-37655349	distal	.	.	4
chr19:37655412-37656327	distal	.	.	10
chr19:37779540-37779994	distal	.	.	4
chr19:37902690-37902844	distal	.	.	2
chr19:37906835-37907342	proximal	SIPA1L3,WDR87	.	8
chr19:3804847-3804997	distal	.	.	8
chr19:38063066-38063287	distal	.	.	2
chr19:38129313-38129463	distal	.	.	2
chr19:3821961-3822187	distal	.	.	4
chr19:38224079-38224651	distal	.	.	14
chr19:38270796-38271017	distal	.	.	4
chr19:38305047-38305377	distal	.	.	2
chr19:38315780-38316398	distal	.	.	18
chr19:38335580-38336693	proximal	CATSPERG	.	14
chr19:38336820-38337164	distal	.	.	8
chr19:38361645-38362098	proximal	ENSG00000266963	.	22
chr19:38374390-38374827	proximal	PSMD8	.	4
chr19:38374942-38375470	proximal	PSMD8	.	6
chr19:38402850-38403654	proximal	FAM98C	.	10
chr19:38441537-38441687	distal	.	.	4
chr19:38452893-38453353	distal	.	.	8
chr19:38506942-38507678	distal	.	.	10
chr19:3852800-3853060	distal	.	.	4
chr19:38537867-38538092	proximal	ENSG00000268055	.	8
chr19:38543674-38544270	distal	.	.	14
chr19:38586862-38587012	distal	.	.	2
chr19:38596188-38596560	proximal	MAP4K1-AS1	.	8
chr19:38609775-38610011	distal	.	.	2
chr19:38618843-38619244	proximal	EIF3K,MAP4K1	.	12
chr19:38636905-38637081	distal	.	.	2
chr19:38647338-38647795	proximal	ACTN4	.	4
chr19:38667175-38667327	distal	.	.	2
chr19:38729756-38730123	distal	.	.	6
chr19:38736657-38736867	distal	.	.	2
chr19:38769818-38769973	proximal	CAPN12	.	4
chr19:38831577-38832230	proximal	ECH1	.	8
chr19:38849445-38849643	distal	.	.	12
chr19:3886397-3886841	distal	.	.	2
chr19:38865748-38866122	distal	.	.	6
chr19:38899417-38900277	proximal	NFKBIB,SIRT2	.	40
chr19:38930378-38931021	proximal	MRPS12,SARS2	.	8
chr19:38945505-38945802	distal	.	.	4
chr19:38962239-38962432	distal	.	.	2
chr19:38962743-38962893	distal	.	.	4
chr19:38975438-38975597	proximal	ENSG00000287271,FBXO17	.	28
chr19:38975940-38976374	proximal	ENSG00000287271,FBXO17	.	8
chr19:38989208-38989655	distal	.	.	12
chr19:39031176-39031820	distal	.	.	18
chr19:39122136-39122313	distal	.	.	4
chr19:39125523-39125843	proximal	PAK4	.	4
chr19:39144110-39144260	distal	.	.	2
chr19:39179883-39180095	distal	.	.	4
chr19:39316883-39317033	distal	.	.	8
chr19:39320415-39320884	proximal	LRFN1	.	12
chr19:39326502-39326657	distal	.	.	4
chr19:3933177-3933444	proximal	NMRK2	.	8
chr19:39341910-39342556	proximal	ENSG00000269246,GMFG,SAMD4B	.	12
chr19:39406647-39407103	proximal	ZFP36	.	12
chr19:39412156-39412664	proximal	PLEKHG2	.	4
chr19:39412730-39412907	proximal	PLEKHG2	.	12
chr19:39435918-39436416	proximal	RPS16,SUPT5H	.	20
chr19:39445160-39445669	distal	.	.	2
chr19:39480495-39481030	proximal	TIMM50	.	12
chr19:3949275-3949425	distal	.	.	2
chr19:39498279-39498598	proximal	DLL3	.	4
chr19:39507177-39507632	distal	.	.	8
chr19:39532637-39533033	proximal	EID2B,ENSG00000269792	.	4
chr19:39540106-39540374	proximal	EID2	.	2
chr19:39551436-39551671	distal	.	.	8
chr19:3968688-3969047	distal	.	.	6
chr19:3970752-3971543	proximal	DAPK3	.	2
chr19:3976955-3977146	distal	.	.	4
chr19:39793045-39793486	distal	.	.	4
chr19:39824397-39824703	distal	.	.	4
chr19:39825119-39825336	distal	.	.	4
chr19:39833476-39833996	proximal	DYRK1B	.	8
chr19:39834087-39834392	proximal	DYRK1B	.	22
chr19:39846208-39846645	proximal	FBL	.	12
chr19:3985358-3985594	proximal	EEF2	.	4
chr19:3987893-3988294	distal	.	.	24
chr19:39881590-39881779	distal	.	.	16
chr19:39892444-39892594	distal	.	.	12
chr19:3990209-3990461	distal	.	.	4
chr19:39935745-39935907	distal	.	.	4
chr19:39941737-39941887	distal	.	.	4
chr19:39970596-39971261	proximal	PSMC4	.	2
chr19:39996723-39997518	distal	.	.	16
chr19:40055545-40055695	proximal	ZNF780B	.	2
chr19:40056094-40056409	proximal	ZNF780B	.	8
chr19:4007414-4007790	proximal	PIAS4	.	4
chr19:40090609-40091077	proximal	ENSG00000269296,ENSG00000269749,ZNF780A	.	54
chr19:40190986-40191506	proximal	MAP3K10	.	12
chr19:40221961-40222568	distal	.	.	4
chr19:40284772-40285289	proximal	AKT2	.	8
chr19:40296880-40297032	distal	.	.	4
chr19:40348109-40348768	proximal	C19orf47,PLD3	.	4
chr19:40366703-40366928	distal	.	.	10
chr19:40378107-40378442	distal	.	.	6
chr19:40403500-40403744	distal	.	.	26
chr19:40404243-40404476	distal	.	.	16
chr19:40424899-40425156	proximal	SERTAD1	.	6
chr19:40425362-40425512	proximal	ENSG00000277453,SERTAD1	.	20
chr19:40425784-40426221	proximal	ENSG00000277453,SERTAD1	.	20
chr19:40433113-40433482	distal	.	.	8
chr19:40433889-40434194	distal	.	.	8
chr19:40443018-40443476	proximal	SERTAD3-AS1	.	18
chr19:40444263-40445003	proximal	SERTAD3	.	16
chr19:40465331-40466138	proximal	BLVRB,SPTBN4	.	72
chr19:40496703-40496853	distal	.	.	4
chr19:40506259-40506531	distal	.	.	24
chr19:40523369-40523601	distal	.	.	8
chr19:40549248-40549529	distal	.	.	18
chr19:40570497-40571042	distal	.	.	4
chr19:40576461-40577226	proximal	SHKBP1	.	10
chr19:40598137-40598870	distal	.	.	26
chr19:40603938-40604437	distal	.	.	2
chr19:40609915-40610132	distal	.	.	6
chr19:40613765-40614154	distal	.	.	18
chr19:40623672-40624311	distal	.	.	20
chr19:40634540-40634867	distal	.	.	30
chr19:40645544-40645701	distal	.	.	8
chr19:4065821-4066318	proximal	ZBTB7A	.	20
chr19:40662677-40663118	distal	.	.	4
chr19:40690580-40691121	proximal	NUMBL	.	12
chr19:40691213-40691379	proximal	NUMBL	.	14
chr19:40715035-40715206	distal	.	.	18
chr19:40715850-40716014	distal	.	.	8
chr19:40716831-40717063	proximal	ITPKC	.	18
chr19:40750380-40751348	proximal	C19orf54,SNRPA	.	20
chr19:40777393-40777694	proximal	RAB4B,RAB4B-EGLN2	.	8
chr19:40777890-40778864	proximal	RAB4B,RAB4B-EGLN2	.	8
chr19:40786093-40786276	distal	.	.	6
chr19:40798717-40799261	proximal	EGLN2	.	14
chr19:40799657-40799831	proximal	EGLN2	.	8
chr19:40810816-40811340	distal	.	.	2
chr19:40825461-40825756	distal	.	.	20
chr19:40908307-40908479	distal	.	.	8
chr19:40921111-40921667	distal	.	.	2
chr19:41127978-41128193	distal	.	.	4
chr19:41223652-41223818	distal	.	.	4
chr19:4124008-4124372	proximal	MAP2K2	.	14
chr19:412540-412805	distal	.	.	2
chr19:41263697-41264472	distal	.	.	8
chr19:41308203-41308481	distal	.	.	18
chr19:41309876-41310444	proximal	CCDC97,ENSG00000286177	.	32
chr19:41353613-41354230	proximal	TGFB1	.	14
chr19:41363715-41364379	proximal	B9D2	.	2
chr19:41397261-41397589	proximal	BCKDHA,EXOSC5	.	24
chr19:41397720-41397962	proximal	BCKDHA,EXOSC5	.	16
chr19:4139788-4140110	distal	.	.	4
chr19:41427009-41427224	distal	.	.	4
chr19:41706746-41707138	proximal	CEACAM7	.	8
chr19:4172729-4173211	distal	.	.	10
chr19:41774477-41774627	distal	.	.	2
chr19:41793237-41793388	distal	.	.	4
chr19:4180232-4180382	distal	.	.	6
chr19:4182435-4182748	proximal	ANKRD24,SIRT6	.	16
chr19:41859556-41860406	proximal	RPS19	.	4
chr19:4186425-4186712	distal	.	.	6
chr19:41866288-41866497	distal	.	.	14
chr19:41884174-41884489	distal	.	.	2
chr19:41928275-41928523	proximal	ERFL	.	10
chr19:41957839-41958048	distal	.	.	6
chr19:41958221-41958497	proximal	RABAC1	.	6
chr19:41959297-41959536	proximal	RABAC1	.	12
chr19:41994117-41994379	proximal	ENSG00000285505	.	2
chr19:4199996-4200172	distal	.	.	4
chr19:42034822-42034991	distal	.	.	6
chr19:42108667-42108817	distal	.	.	2
chr19:42177009-42177304	distal	.	.	2
chr19:42217568-42218046	distal	.	.	2
chr19:42230961-42231163	distal	.	.	4
chr19:42283774-42284431	distal	.	.	4
chr19:4229128-4229312	proximal	EBI3	.	8
chr19:42325285-42325907	proximal	MEGF8	.	4
chr19:42447196-42447346	distal	.	.	8
chr19:4246646-4247713	proximal	YJU2	.	8
chr19:42472507-42472804	distal	.	.	2
chr19:42529339-42529489	distal	.	.	2
chr19:42741927-42742080	distal	.	.	2
chr19:4284558-4284881	distal	.	.	4
chr19:42942587-42942737	distal	.	.	2
chr19:4304407-4304741	proximal	FSD1	.	12
chr19:43104385-43104554	distal	.	.	10
chr19:43178652-43178877	distal	.	.	2
chr19:43191618-43192004	distal	.	.	2
chr19:43192145-43193075	distal	.	.	10
chr19:43198720-43198967	distal	.	.	6
chr19:43247540-43247690	distal	.	.	4
chr19:43271027-43271347	distal	.	.	4
chr19:4327308-4327856	distal	.	.	10
chr19:4335221-4335396	distal	.	.	8
chr19:43415658-43415808	distal	.	.	2
chr19:4343393-4343662	proximal	MPND,STAP2	.	8
chr19:43533134-43533430	distal	.	.	12
chr19:43575321-43575860	proximal	ENSG00000269583,PINLYP	.	8
chr19:43595246-43595504	proximal	IRGQ	.	10
chr19:43595974-43596640	proximal	IRGQ,SRRM5,ZNF576	.	12
chr19:43619221-43620105	proximal	ZNF428	.	20
chr19:43639808-43640240	proximal	CADM4	.	16
chr19:43652361-43652530	distal	.	.	10
chr19:43668014-43669044	distal	.	.	8
chr19:43766346-43766992	distal	.	.	8
chr19:43826963-43827731	proximal	LYPD5,ZNF283	.	32
chr19:43838220-43838389	distal	.	.	22
chr19:43984363-43984639	distal	.	.	6
chr19:44002717-44003040	proximal	ZNF230,ZNF230-DT	.	24
chr19:4400432-4400854	proximal	SH3GL1	.	8
chr19:4402262-4402942	proximal	CHAF1A	.	10
chr19:44025129-44025412	proximal	ENSG00000267022,ZNF222,ZNF222-DT	.	36
chr19:44052325-44052475	distal	.	.	4
chr19:44071935-44072291	proximal	ZNF284	.	6
chr19:44112851-44113709	proximal	ZNF225-AS1	.	24
chr19:4414631-4414931	distal	.	.	6
chr19:44212318-44213045	distal	.	.	18
chr19:44259758-44260187	proximal	ZNF233	.	2
chr19:44304785-44305196	proximal	ZNF235	.	6
chr19:443130-443280	distal	.	.	2
chr19:44356388-44356538	distal	.	.	2
chr19:44499985-44500385	proximal	ZNF180	.	4
chr19:44500462-44500793	proximal	ZNF180	.	12
chr19:44643778-44644156	proximal	PVR	.	10
chr19:44677114-44677550	distal	.	.	26
chr19:44689256-44689448	distal	.	.	2
chr19:4471563-4472307	proximal	ENSG00000267011,HDGFL2	.	12
chr19:44722071-44722276	distal	.	.	8
chr19:44747481-44747643	proximal	BCL3	.	8
chr19:44784105-44784679	distal	.	.	4
chr19:44800565-44801093	distal	.	.	2
chr19:44808566-44808716	proximal	BCAM	.	14
chr19:44844824-44845089	distal	.	.	36
chr19:44845610-44846337	proximal	NECTIN2	.	30
chr19:44891442-44891765	proximal	ENSG00000267282	.	4
chr19:44903688-44903855	distal	.	.	12
chr19:44915071-44915255	proximal	APOC1	.	22
chr19:44915335-44915496	distal	.	.	8
chr19:44927121-44927469	proximal	APOC1P1	.	10
chr19:44954640-44954822	proximal	CLPTM1,ENSG00000267114	.	24
chr19:44954903-44955438	proximal	CLPTM1	.	18
chr19:44966713-44966863	distal	.	.	4
chr19:44989289-44989501	distal	.	.	16
chr19:44993147-44993356	distal	.	.	14
chr19:45001202-45002335	proximal	RELB	.	8
chr19:45007775-45008046	distal	.	.	10
chr19:45038957-45039618	proximal	CLASRP	.	22
chr19:45076444-45076705	proximal	ZNF296	.	4
chr19:45091480-45091912	proximal	GEMIN7-AS1,PPP1R37	.	64
chr19:45092212-45092478	proximal	GEMIN7-AS1,PPP1R37	.	16
chr19:45092734-45092981	proximal	GEMIN7-AS1	.	10
chr19:4513331-4513554	distal	.	.	2
chr19:45154553-45154773	distal	.	.	8
chr19:45178159-45179065	proximal	BLOC1S3,TRAPPC6A	.	20
chr19:45244674-45244824	proximal	EXOC3L2	.	12
chr19:45251172-45251928	distal	.	.	12
chr19:45259009-45259159	distal	.	.	4
chr19:45264583-45264733	distal	.	.	4
chr19:45300642-45300912	distal	.	.	18
chr19:45308050-45308407	distal	.	.	4
chr19:45326046-45326539	distal	.	.	14
chr19:45331505-45331684	distal	.	.	2
chr19:4535209-4535429	proximal	PLIN5	.	14
chr19:45359828-45359988	distal	.	.	6
chr19:45370565-45370965	proximal	ERCC2	.	30
chr19:45383496-45383719	distal	.	.	10
chr19:45402430-45402580	distal	.	.	6
chr19:45405024-45405306	distal	.	.	16
chr19:45405987-45406210	proximal	POLR1G,PPP1R13L	.	8
chr19:45406556-45406706	proximal	POLR1G,PPP1R13L	.	36
chr19:45423474-45424115	distal	.	.	8
chr19:45428066-45428349	distal	.	.	4
chr19:45450720-45451152	distal	.	.	8
chr19:45455793-45456002	distal	.	.	14
chr19:45467646-45468034	proximal	FOSB	.	10
chr19:45469090-45469608	distal	.	.	20
chr19:45469670-45469952	distal	.	.	4
chr19:45478443-45478740	proximal	ERCC1	.	2
chr19:45479022-45479230	proximal	ERCC1	.	2
chr19:45485202-45486095	distal	.	.	4
chr19:45496973-45497396	proximal	RTN2	.	8
chr19:45506537-45506991	proximal	VASP	.	10
chr19:45507314-45507558	proximal	VASP	.	14
chr19:45523729-45524032	distal	.	.	4
chr19:4556374-4556974	distal	.	.	6
chr19:45584222-45585063	distal	.	.	4
chr19:45615727-45616719	distal	.	.	4
chr19:456372-456522	distal	.	.	6
chr19:45641270-45641510	proximal	EML2-AS1	.	10
chr19:45642022-45642328	proximal	EML2-AS1	.	14
chr19:45646155-45646374	proximal	EML2	.	16
chr19:45660624-45660774	distal	.	.	8
chr19:45669496-45669646	distal	.	.	14
chr19:4567609-4567776	distal	.	.	6
chr19:45677182-45677781	distal	.	.	6
chr19:45681552-45681746	distal	.	.	2
chr19:45693250-45693555	proximal	QPCTL,SNRPD2	.	12
chr19:45717223-45718020	distal	.	.	44
chr19:45730300-45731182	proximal	FBXO46	.	6
chr19:4576097-4576247	distal	.	.	6
chr19:45769245-45769731	proximal	SIX5	.	4
chr19:45770282-45771132	distal	.	.	2
chr19:45779267-45779439	distal	.	.	8
chr19:45779508-45779754	distal	.	.	16
chr19:45792698-45793147	proximal	DMWD	.	8
chr19:45817141-45817537	distal	.	.	8
chr19:45826704-45826901	distal	.	.	10
chr19:45837696-45837846	distal	.	.	4
chr19:4584289-4584445	distal	.	.	2
chr19:45862551-45862971	proximal	SYMPK	.	4
chr19:45885833-45886282	proximal	IRF2BP1	.	12
chr19:45886483-45886656	proximal	IRF2BP1	.	2
chr19:45886769-45886986	proximal	IRF2BP1	.	6
chr19:45902511-45903210	proximal	MYPOP	.	10
chr19:4592561-4592774	distal	.	.	8
chr19:45927720-45928145	distal	.	.	6
chr19:45959162-45959312	distal	.	.	4
chr19:45973773-45974133	proximal	NOVA2	.	6
chr19:4597829-4598453	distal	.	.	22
chr19:46009653-46010022	distal	.	.	10
chr19:46016795-46017068	distal	.	.	4
chr19:46058349-46058557	distal	.	.	4
chr19:4606890-4607040	distal	.	.	8
chr19:46076998-46077153	proximal	IGFL4	.	14
chr19:46077577-46077846	proximal	IGFL4	.	8
chr19:46078708-46078863	distal	.	.	10
chr19:46107068-46107218	distal	.	.	4
chr19:46123966-46124116	proximal	IGFL3	.	4
chr19:46133187-46133645	distal	.	.	8
chr19:461673-461858	proximal	SHC2	.	12
chr19:4624762-4624924	distal	.	.	4
chr19:46265295-46265764	distal	.	.	10
chr19:46280844-46281027	distal	.	.	2
chr19:46346183-46346333	proximal	PPP5C	.	8
chr19:46346689-46347150	proximal	PPP5C	.	8
chr19:46347271-46347598	proximal	PPP5C	.	12
chr19:4636098-4636487	distal	.	.	10
chr19:4639004-4639591	proximal	TNFAIP8L1	.	8
chr19:46402323-46402473	distal	.	.	8
chr19:46413327-46413824	proximal	CCDC8	.	10
chr19:46416431-46416722	distal	.	.	16
chr19:46435148-46435318	distal	.	.	2
chr19:46448319-46448469	distal	.	.	2
chr19:46454598-46454766	distal	.	.	6
chr19:46471176-46471661	proximal	PNMA8A	.	4
chr19:46529575-46529808	distal	.	.	4
chr19:46600517-46600744	proximal	CALM3,PPP5D1P	.	24
chr19:46600824-46601368	proximal	CALM3,PPP5D1P	.	4
chr19:46614168-46614418	distal	.	.	14
chr19:46634161-46634570	distal	.	.	2
chr19:46638647-46639337	distal	.	.	12
chr19:46662093-46662291	distal	.	.	18
chr19:46678191-46678377	distal	.	.	16
chr19:46687827-46688015	distal	.	.	4
chr19:4669673-4670191	proximal	MYDGF	.	4
chr19:46697203-46697787	distal	.	.	18
chr19:4670277-4670635	proximal	MYDGF	.	4
chr19:46716860-46717436	proximal	PRKD2	.	8
chr19:46729439-46729669	proximal	ENSG00000269487	.	10
chr19:46757399-46757612	distal	.	.	4
chr19:46787296-46787589	proximal	ENSG00000275719	.	6
chr19:46788354-46788840	proximal	ENSG00000275719,SLC1A5	.	12
chr19:4678939-4679359	proximal	DPP9-AS1	.	4
chr19:46840590-46840773	distal	.	.	10
chr19:46850050-46850467	proximal	AP2S1	.	10
chr19:46850535-46851118	proximal	AP2S1	.	16
chr19:46861638-46861795	proximal	ARHGAP35	.	8
chr19:4690467-4690617	distal	.	.	4
chr19:46917043-46917193	distal	.	.	4
chr19:46976503-46976707	distal	.	.	8
chr19:46997547-46997738	distal	.	.	4
chr19:47002919-47003085	distal	.	.	2
chr19:47013029-47013479	distal	.	.	16
chr19:47026217-47026367	distal	.	.	4
chr19:47035821-47036080	distal	.	.	12
chr19:47036336-47036554	distal	.	.	2
chr19:47047913-47048920	proximal	TMEM160	.	20
chr19:47079380-47079557	distal	.	.	14
chr19:47112213-47112437	proximal	SAE1	.	8
chr19:47112495-47112741	proximal	SAE1	.	14
chr19:47112852-47113553	proximal	SAE1,ZC3H4	.	40
chr19:47113715-47113870	proximal	SAE1,ZC3H4	.	16
chr19:47125313-47125537	distal	.	.	8
chr19:47130626-47131069	distal	.	.	12
chr19:47131346-47131530	distal	.	.	4
chr19:47226112-47226395	distal	.	.	12
chr19:47227583-47227794	distal	.	.	6
chr19:47227964-47228173	distal	.	.	12
chr19:47231129-47231527	distal	.	.	14
chr19:4723618-4724259	proximal	DPP9	.	18
chr19:47241154-47241320	distal	.	.	18
chr19:47243894-47244668	proximal	ENSG00000289915	.	32
chr19:47256403-47257579	proximal	ENSG00000286669	.	12
chr19:47273453-47274033	distal	.	.	6
chr19:47274184-47274924	proximal	INAFM1	.	2
chr19:47281359-47281593	distal	.	.	16
chr19:47305374-47305582	distal	.	.	2
chr19:4732649-4733137	distal	.	.	2
chr19:47348987-47349484	proximal	DHX34,ENSG00000288827	.	20
chr19:47391496-47391823	distal	.	.	8
chr19:47422068-47422250	distal	.	.	2
chr19:47427351-47428541	distal	.	.	8
chr19:47447049-47447978	distal	.	.	4
chr19:47471911-47472124	proximal	SLC8A2	.	2
chr19:47483815-47484453	proximal	KPTN,NAPA-AS1	.	20
chr19:47514946-47515599	proximal	NAPA	.	6
chr19:47520944-47521219	distal	.	.	24
chr19:4759840-4760262	distal	.	.	18
chr19:47600293-47600774	distal	.	.	22
chr19:47607875-47608452	proximal	BICRA,ENSG00000268746,ENSG00000277383	.	48
chr19:47608610-47608893	proximal	BICRA,ENSG00000277383	.	44
chr19:47648459-47648702	distal	.	.	2
chr19:47699460-47699610	distal	.	.	12
chr19:47707195-47707584	distal	.	.	4
chr19:47713459-47713609	proximal	EHD2	.	4
chr19:47719744-47719926	distal	.	.	4
chr19:47745399-47745626	proximal	NOP53	.	14
chr19:47765695-47765896	distal	.	.	8
chr19:47778371-47778866	proximal	SELENOW	.	14
chr19:47781739-47781915	distal	.	.	16
chr19:47790516-47790666	distal	.	.	4
chr19:47813861-47814118	distal	.	.	4
chr19:47820573-47820723	proximal	CRX	.	4
chr19:47863530-47863838	distal	.	.	4
chr19:47909409-47909649	distal	.	.	2
chr19:47910289-47910460	distal	.	.	2
chr19:4791179-4791812	proximal	ENSG00000268536,FEM1A	.	8
chr19:47920184-47920489	distal	.	.	12
chr19:47941235-47941504	distal	.	.	2
chr19:47949862-47950535	distal	.	.	4
chr19:47994456-47994699	proximal	ELSPBP1	.	4
chr19:4803960-4804155	distal	.	.	4
chr19:48085884-48086034	distal	.	.	2
chr19:48107440-48107590	distal	.	.	10
chr19:48110486-48110823	proximal	PLA2G4C	.	6
chr19:48154722-48154872	distal	.	.	10
chr19:4815508-4815844	distal	.	.	2
chr19:48255609-48256069	proximal	CARD8,CARD8-AS1	.	32
chr19:48260218-48260376	distal	.	.	12
chr19:48267057-48267357	distal	.	.	10
chr19:48271167-48271614	proximal	ZNF114-AS1	.	10
chr19:48290470-48290620	distal	.	.	4
chr19:48321251-48321706	proximal	EMP3,ODAD1	.	4
chr19:48321836-48322151	proximal	EMP3,ODAD1	.	20
chr19:48325443-48325608	distal	.	.	26
chr19:48330083-48330409	distal	.	.	16
chr19:48332726-48333281	distal	.	.	34
chr19:48363116-48363402	proximal	TMEM143	.	26
chr19:48390642-48390835	proximal	KDELR1	.	14
chr19:48391225-48391712	proximal	KDELR1	.	6
chr19:48398889-48399183	distal	.	.	14
chr19:48399799-48399989	distal	.	.	4
chr19:48400166-48400406	distal	.	.	4
chr19:48415417-48415832	distal	.	.	2
chr19:48419353-48419540	distal	.	.	4
chr19:4842411-4842648	distal	.	.	16
chr19:48436179-48436329	distal	.	.	10
chr19:48437504-48437654	distal	.	.	8
chr19:48445243-48446271	proximal	GRWD1	.	22
chr19:48468820-48469404	proximal	CYTH2,ENSG00000268530	.	32
chr19:48469657-48469867	proximal	CYTH2,ENSG00000268530	.	20
chr19:48477419-48477580	distal	.	.	14
chr19:48492792-48493684	distal	.	.	2
chr19:48493750-48493900	distal	.	.	8
chr19:48510692-48510856	distal	.	.	2
chr19:48513680-48514061	proximal	LMTK3	.	22
chr19:4851723-4851909	distal	.	.	4
chr19:48565105-48565255	distal	.	.	8
chr19:48584298-48584552	distal	.	.	10
chr19:48588907-48589389	distal	.	.	12
chr19:48619113-48619715	proximal	RPL18,SPHK2	.	32
chr19:48624053-48624426	proximal	ENSG00000268093	.	20
chr19:48634503-48634751	distal	.	.	18
chr19:48637350-48637882	proximal	DBP	.	12
chr19:48638111-48638396	proximal	DBP	.	18
chr19:48645578-48646462	proximal	CA11	.	8
chr19:48646587-48646848	proximal	CA11	.	4
chr19:48660862-48661078	distal	.	.	12
chr19:48661152-48661413	distal	.	.	32
chr19:4867518-4868132	proximal	PLIN3	.	8
chr19:48675453-48675685	distal	.	.	8
chr19:4870238-4870388	distal	.	.	6
chr19:48713861-48714654	distal	.	.	20
chr19:48720620-48721269	distal	.	.	28
chr19:4872663-4872824	distal	.	.	6
chr19:48737481-48737631	distal	.	.	12
chr19:48737723-48737882	distal	.	.	18
chr19:48738676-48739230	distal	.	.	32
chr19:48741556-48741721	distal	.	.	12
chr19:48745327-48745500	distal	.	.	8
chr19:48746862-48747367	proximal	IZUMO1	.	6
chr19:48788240-48788390	distal	.	.	18
chr19:48795107-48795358	distal	.	.	28
chr19:48795435-48795657	distal	.	.	12
chr19:48805339-48805525	distal	.	.	8
chr19:48810687-48811213	proximal	BCAT2	.	20
chr19:48812243-48812470	distal	.	.	8
chr19:48835484-48835679	proximal	HSD17B14	.	22
chr19:48835806-48836395	proximal	HSD17B14	.	16
chr19:48837134-48837456	proximal	HSD17B14	.	10
chr19:48858746-48858896	distal	.	.	10
chr19:48868364-48868527	proximal	PLEKHA4	.	18
chr19:48875269-48875439	distal	.	.	2
chr19:48896113-48896481	distal	.	.	4
chr19:48899933-48900598	proximal	NUCB1	.	26
chr19:489009-489252	proximal	MADCAM1	.	6
chr19:4891108-4891258	distal	.	.	4
chr19:48933367-48933744	proximal	DHDH	.	8
chr19:48943846-48943996	distal	.	.	4
chr19:48954385-48955227	proximal	BAX	.	20
chr19:48964945-48965387	proximal	FTL	.	16
chr19:48965643-48966020	proximal	FTL	.	2
chr19:48971057-48971221	distal	.	.	18
chr19:49017818-49018204	proximal	LHB	.	20
chr19:49030955-49031117	proximal	CGB2	.	4
chr19:49056160-49056614	distal	.	.	34
chr19:49074975-49075145	distal	.	.	6
chr19:49085056-49085740	proximal	SNRNP70	.	12
chr19:4909372-4909526	distal	.	.	10
chr19:4909750-4910102	distal	.	.	2
chr19:4910160-4910368	distal	.	.	2
chr19:49114011-49114600	proximal	LIN7B	.	14
chr19:49119004-49119392	proximal	C19orf73,PPFIA3	.	40
chr19:49127878-49128669	distal	.	.	8
chr19:49142706-49143179	distal	.	.	22
chr19:49145964-49146337	distal	.	.	22
chr19:49149274-49149601	distal	.	.	6
chr19:49149727-49150020	distal	.	.	14
chr19:49150242-49150422	distal	.	.	12
chr19:49150521-49150733	distal	.	.	6
chr19:491563-491840	distal	.	.	14
chr19:49158278-49158513	proximal	TRPM4	.	14
chr19:49167463-49167676	distal	.	.	4
chr19:491969-492260	distal	.	.	8
chr19:49208377-49208582	distal	.	.	18
chr19:49226124-49226318	distal	.	.	2
chr19:49301344-49301566	distal	.	.	12
chr19:49331981-49332131	distal	.	.	12
chr19:49340017-49340464	proximal	ENSG00000197813	.	18
chr19:49362308-49362478	proximal	DKKL1,TEAD2	.	40
chr19:49363432-49364157	distal	.	.	4
chr19:49391996-49392178	distal	.	.	2
chr19:49392255-49392406	distal	.	.	10
chr19:49403501-49404302	distal	.	.	34
chr19:49443531-49443979	distal	.	.	8
chr19:49451748-49452080	distal	.	.	20
chr19:49452903-49453666	proximal	ALDH16A1,PIH1D1	.	44
chr19:49474456-49474633	proximal	ENSG00000273189,FLT3LG	.	36
chr19:49495897-49496566	proximal	RPS11	.	2
chr19:49503155-49503305	distal	.	.	6
chr19:49506609-49506890	proximal	FCGRT	.	4
chr19:49513033-49513248	distal	.	.	20
chr19:49533581-49533941	distal	.	.	4
chr19:49534056-49534481	distal	.	.	16
chr19:49546967-49547233	distal	.	.	6
chr19:49570199-49570482	distal	.	.	2
chr19:495739-495897	distal	.	.	2
chr19:49580431-49580806	proximal	PRRG2	.	36
chr19:49589985-49590409	proximal	NOSIP,PRR12	.	24
chr19:49591046-49591228	proximal	NOSIP,PRR12	.	28
chr19:49593336-49593705	distal	.	.	14
chr19:49625388-49625538	proximal	ENSG00000268636	.	4
chr19:49640126-49640962	proximal	RRAS	.	4
chr19:49641764-49642277	proximal	SCAF1	.	4
chr19:49664460-49664640	proximal	BCL2L12	.	12
chr19:49672360-49672610	distal	.	.	12
chr19:49676257-49676532	proximal	PRMT1	.	14
chr19:49680748-49680926	distal	.	.	18
chr19:4968547-4969133	proximal	KDM4B	.	12
chr19:49712351-49712761	distal	.	.	22
chr19:49717564-49717754	distal	.	.	8
chr19:49746057-49746755	distal	.	.	16
chr19:49766223-49767087	proximal	AP2A1	.	12
chr19:49802361-49802591	distal	.	.	10
chr19:49813218-49813416	distal	.	.	12
chr19:49817501-49817651	proximal	FUZ,MED25	.	24
chr19:49818172-49818484	proximal	FUZ,MED25	.	4
chr19:49850549-49851180	proximal	PTOV1,PTOV1-AS1	.	44
chr19:49867022-49867172	distal	.	.	18
chr19:49867234-49867735	distal	.	.	4
chr19:49869407-49869868	distal	.	.	6
chr19:49890113-49890698	distal	.	.	18
chr19:49890833-49890985	distal	.	.	20
chr19:49929132-49929315	proximal	ATF5,IL4I1,NUP62	.	24
chr19:49929394-49930440	proximal	IL4I1,NUP62	.	16
chr19:49937554-49937934	distal	.	.	6
chr19:49987176-49987363	distal	.	.	12
chr19:50004013-50004207	distal	.	.	6
chr19:50011787-50011937	distal	.	.	12
chr19:50025133-50025766	proximal	VRK3,ZNF473	.	8
chr19:50025872-50026131	proximal	VRK3,ZNF473	.	16
chr19:50050427-50050909	proximal	ENSG00000269091,ZNF473CR	.	28
chr19:50095394-50095604	distal	.	.	6
chr19:50098900-50099285	distal	.	.	8
chr19:50099420-50099570	distal	.	.	12
chr19:50103651-50104061	distal	.	.	4
chr19:50117416-50117827	distal	.	.	14
chr19:50121941-50122229	distal	.	.	2
chr19:50133639-50134015	distal	.	.	14
chr19:50134207-50134483	distal	.	.	18
chr19:50137010-50137328	distal	.	.	6
chr19:50147672-50148393	proximal	ENSG00000287001	.	8
chr19:50167627-50167777	distal	.	.	2
chr19:50203292-50203862	distal	.	.	8
chr19:50290758-50290979	distal	.	.	4
chr19:50312232-50312397	distal	.	.	2
chr19:5031660-5031887	distal	.	.	4
chr19:50325636-50325881	distal	.	.	14
chr19:50328998-50329625	proximal	NR1H2	.	8
chr19:50329820-50329970	proximal	NR1H2	.	8
chr19:50333508-50333674	proximal	KCNC3	.	22
chr19:50368666-50368839	proximal	ENSG00000269392	.	4
chr19:50376318-50376517	distal	.	.	12
chr19:50376662-50377247	distal	.	.	16
chr19:50383887-50384732	proximal	POLD1	.	24
chr19:50414490-50414749	distal	.	.	16
chr19:50431600-50432152	distal	.	.	14
chr19:50476164-50476602	proximal	EMC10,GARIN5A	.	8
chr19:50476712-50477004	proximal	EMC10,GARIN5A	.	16
chr19:50511033-50511818	proximal	JOSD2	.	4
chr19:50542295-50542553	distal	.	.	2
chr19:50607790-50608331	distal	.	.	6
chr19:50649434-50649801	proximal	C19orf81	.	4
chr19:50658869-50659288	distal	.	.	2
chr19:50679460-50679663	distal	.	.	8
chr19:50717475-50717625	distal	.	.	2
chr19:50728422-50728614	distal	.	.	14
chr19:50748885-50749101	distal	.	.	10
chr19:507821-508022	proximal	MADCAM1-AS1,TPGS1	.	12
chr19:50783229-50783556	distal	.	.	2
chr19:50804247-50804697	distal	.	.	4
chr19:50804760-50805164	distal	.	.	14
chr19:50812762-50812922	distal	.	.	4
chr19:50844109-50844447	distal	.	.	8
chr19:50896570-50896938	proximal	KLKP1	.	12
chr19:50909296-50909715	distal	.	.	12
chr19:50911312-50911462	proximal	KLK4	.	4
chr19:50981034-50981431	distal	.	.	8
chr19:51002604-51003048	proximal	KLK8	.	18
chr19:51026151-51026301	distal	.	.	12
chr19:51108112-51108649	proximal	CTU1	.	8
chr19:51366299-51366664	proximal	ENSG00000268520,ETFB	.	16
chr19:51367302-51367925	proximal	ENSG00000269403	.	12
chr19:51394133-51394860	proximal	LIM2-AS1	.	10
chr19:5154215-5154448	distal	.	.	8
chr19:51594286-51594692	proximal	LINC01530	.	4
chr19:51688069-51688515	proximal	SPACA6	.	6
chr19:51688739-51689281	proximal	SPACA6	.	2
chr19:51690764-51690914	distal	.	.	10
chr19:51704136-51704449	distal	.	.	8
chr19:51927276-51927733	proximal	ZNF613	.	4
chr19:52048600-52049102	proximal	ENSG00000275055	.	2
chr19:52049293-52049463	proximal	ENSG00000275055	.	2
chr19:52139790-52140113	proximal	ZNF616	.	4
chr19:52189517-52190151	distal	.	.	4
chr19:52570065-52570535	distal	.	.	8
chr19:5265018-5265207	distal	.	.	6
chr19:52734082-52734232	proximal	ZNF611	.	2
chr19:52923356-52923567	proximal	ZNF888,ZNF888-AS1	.	16
chr19:5292985-5293389	distal	.	.	4
chr19:52942002-52942160	distal	.	.	4
chr19:52962784-52963169	proximal	ZNF816,ZNF816-ZNF321P	.	8
chr19:531024-531224	proximal	CDC34	.	4
chr19:53103518-53103797	proximal	ZNF160	.	8
chr19:531341-531752	proximal	CDC34	.	4
chr19:53333827-53334051	proximal	ZNF845	.	2
chr19:5340062-5340320	proximal	PTPRS	.	12
chr19:5340422-5340630	proximal	PTPRS	.	8
chr19:5340749-5341228	proximal	PTPRS	.	8
chr19:5350420-5350608	distal	.	.	6
chr19:53842183-53842438	distal	.	.	2
chr19:53867482-53867936	distal	.	.	2
chr19:53878991-53879925	proximal	PRKCG	.	4
chr19:53889525-53890244	distal	.	.	12
chr19:53942175-53942692	distal	.	.	4
chr19:54008637-54008787	distal	.	.	2
chr19:5404102-5404499	distal	.	.	4
chr19:54102745-54102962	proximal	NDUFA3,OSCAR	.	4
chr19:54115714-54115916	proximal	PRPF31,TFPT	.	12
chr19:54136939-54137219	proximal	CNOT3	.	4
chr19:54137520-54137845	proximal	CNOT3	.	14
chr19:54162238-54162444	distal	.	.	2
chr19:54200941-54201225	proximal	RPS9	.	6
chr19:54206699-54206877	distal	.	.	8
chr19:5436534-5436884	distal	.	.	10
chr19:54432321-54432573	distal	.	.	4
chr19:55088612-55088888	distal	.	.	6
chr19:55117628-55117988	proximal	PPP1R12C	.	6
chr19:55146680-55147114	distal	.	.	10
chr19:55156395-55156581	distal	.	.	10
chr19:55156678-55157196	proximal	TNNI3	.	16
chr19:55160626-55160999	proximal	ENSG00000267110	.	2
chr19:55166028-55166315	proximal	DNAAF3	.	10
chr19:55166500-55166894	proximal	DNAAF3	.	2
chr19:55166955-55167152	proximal	DNAAF3	.	4
chr19:55216962-55217173	proximal	ENSG00000267649,ENSG00000286230	.	12
chr19:55258726-55259626	proximal	PPP6R1	.	6
chr19:55279708-55280591	proximal	HSPBP1	.	6
chr19:55301819-55302042	distal	.	.	6
chr19:55319791-55320069	distal	.	.	6
chr19:55341214-55341411	distal	.	.	14
chr19:55362490-55362659	proximal	GARIN5B	.	6
chr19:5536583-5536834	distal	.	.	4
chr19:55384780-55385208	proximal	RPL28,TMEM238	.	28
chr19:55385573-55386046	proximal	RPL28	.	22
chr19:55452992-55453249	distal	.	.	6
chr19:55461556-55462130	proximal	ISOC2	.	4
chr19:55467873-55468040	distal	.	.	2
chr19:55476471-55476906	proximal	ZNF628,ZNF628-DT	.	20
chr19:55477136-55477293	proximal	ZNF628,ZNF628-DT	.	4
chr19:55503834-55503992	distal	.	.	4
chr19:55504094-55504250	distal	.	.	10
chr19:55516981-55517228	distal	.	.	6
chr19:55579811-55580235	proximal	ZNF579	.	4
chr19:55580778-55581098	proximal	ZNF579	.	8
chr19:55587328-55587535	distal	.	.	16
chr19:55598838-55599369	proximal	ZNF524	.	4
chr19:55599490-55599822	proximal	ZNF524	.	4
chr19:55604974-55605742	proximal	ZNF865	.	16
chr19:55606333-55606564	proximal	ZNF865	.	10
chr19:55624055-55624972	proximal	ZNF784	.	4
chr19:556260-556537	distal	.	.	6
chr19:55634850-55635313	proximal	ZNF580,ZNF581	.	20
chr19:55641188-55641338	proximal	CCDC106	.	8
chr19:55655250-55655418	distal	.	.	16
chr19:55670417-55670614	proximal	ENSG00000267096	.	4
chr19:55674852-55675341	proximal	ENSG00000267523,EPN1	.	8
chr19:5578083-5578291	proximal	TINCR	.	10
chr19:56120439-56120609	proximal	ZNF787	.	2
chr19:56120839-56121747	proximal	ZNF787	.	4
chr19:56140643-56141354	distal	.	.	12
chr19:5615464-5615661	distal	.	.	4
chr19:5622394-5622616	proximal	SAFB	.	12
chr19:5622696-5623162	proximal	SAFB	.	2
chr19:5650061-5650211	distal	.	.	4
chr19:56567312-56567968	proximal	ZNF470,ZNF470-DT	.	16
chr19:5680402-5680796	proximal	HSD11B1L,MICOS13	.	8
chr19:5680880-5681259	proximal	HSD11B1L,MICOS13	.	16
chr19:5686589-5687281	distal	.	.	2
chr19:5690058-5690385	distal	.	.	16
chr19:571200-571497	proximal	BSG,BSG-AS1	.	8
chr19:5720031-5721146	proximal	CATSPERD,LONP1	.	8
chr19:572228-572614	proximal	BSG-AS1	.	6
chr19:57240550-57240881	proximal	ZNF805	.	6
chr19:57279750-57280051	proximal	ZNF460,ZNF460-AS1	.	8
chr19:57351012-57351310	proximal	ENSG00000268678,ZNF304	.	4
chr19:57363177-57363591	proximal	ENSG00000268133,TRAPPC2B,ZNF547	.	24
chr19:57389506-57390167	proximal	ENSG00000269533,ZNF548	.	8
chr19:57435021-57435647	proximal	ZNF749	.	8
chr19:57477231-57477920	proximal	ENSG00000268163,ENSG00000268266,ZNF772	.	18
chr19:57527161-57527525	proximal	ZNF549	.	2
chr19:57578880-57579137	proximal	ZIK1,ZNF416	.	4
chr19:57599731-57599931	proximal	ZNF530	.	6
chr19:57632995-57633422	distal	.	.	4
chr19:57746634-57747133	proximal	ZNF776	.	6
chr19:57814731-57814983	proximal	ZNF552	.	4
chr19:57819349-57819505	proximal	ENSG00000268750,ZNF587B	.	4
chr19:5790553-5790906	proximal	DUS3L	.	20
chr19:5791127-5791565	proximal	DUS3L	.	4
chr19:57916172-57916809	proximal	ENSG00000269476,ZNF417	.	24
chr19:5794223-5794373	distal	.	.	10
chr19:57947583-57947903	proximal	ZNF256	.	14
chr19:58002353-58002963	proximal	ENSG00000176593,ZNF606	.	8
chr19:5803988-5804324	proximal	NRTN	.	18
chr19:5804892-5805055	proximal	NRTN	.	4
chr19:5805931-5806120	proximal	NRTN	.	4
chr19:58098218-58098459	distal	.	.	12
chr19:58155075-58155268	proximal	ENSG00000286632,ZNF329	.	8
chr19:5823637-5823787	distal	.	.	4
chr19:5827786-5828739	proximal	ENSG00000289543	.	6
chr19:58279137-58279566	proximal	ZNF8,ZNF8-DT,ZNF8-ERVK3-1	.	12
chr19:583048-583522	distal	.	.	12
chr19:58305184-58305850	proximal	ERVK3-1	.	4
chr19:58326792-58327117	proximal	ENSG00000283103,ZSCAN22	.	16
chr19:58327458-58327698	proximal	ENSG00000283103,ZSCAN22	.	4
chr19:58347121-58347312	proximal	A1BG-AS1	.	4
chr19:58347586-58347820	proximal	A1BG-AS1	.	4
chr19:58362433-58363075	proximal	ENSG00000268230,ZNF497,ZNF497-AS1	.	42
chr19:58380964-58381445	proximal	ZNF837	.	6
chr19:58386679-58387292	proximal	RPS5	.	8
chr19:58394656-58394843	proximal	RNF225	.	6
chr19:58401123-58401640	proximal	ZNF584	.	4
chr19:58408364-58408796	proximal	ZNF584-DT	.	12
chr19:58409126-58409307	proximal	ZNF584-DT	.	4
chr19:58422389-58422539	distal	.	.	12
chr19:58451208-58452042	proximal	ZNF324B	.	2
chr19:58475940-58476454	proximal	ENSG00000269106	.	6
chr19:58499144-58499890	proximal	ENSG00000273901	.	4
chr19:58519531-58519774	distal	.	.	8
chr19:58554985-58555354	proximal	CHMP2A	.	4
chr19:58559469-58559795	proximal	MZF1-AS1,UBE2M	.	16
chr19:58575266-58575816	proximal	ENSG00000286104	.	2
chr19:58581011-58581520	distal	.	.	16
chr19:5859859-5860009	distal	.	.	8
chr19:588259-588426	distal	.	.	4
chr19:5886150-5886304	distal	.	.	2
chr19:5952355-5952515	distal	.	.	8
chr19:5977614-5977918	proximal	RANBP3,RANBP3-DT	.	4
chr19:5977978-5978424	proximal	RANBP3,RANBP3-DT	.	8
chr19:5990491-5990647	distal	.	.	8
chr19:6092350-6092719	distal	.	.	8
chr19:6110411-6110890	distal	.	.	14
chr19:6199386-6199935	proximal	RFX2	.	8
chr19:6205078-6205228	distal	.	.	4
chr19:624146-624482	distal	.	.	8
chr19:6279953-6280305	proximal	MLLT1	.	2
chr19:6301370-6301520	distal	.	.	4
chr19:632611-632775	proximal	POLRMT	.	8
chr19:632892-633106	proximal	POLRMT	.	16
chr19:633565-633802	proximal	POLRMT	.	2
chr19:6372417-6372825	proximal	ALKBH7	.	18
chr19:6372999-6373672	proximal	ALKBH7	.	8
chr19:6393112-6393324	proximal	GTF2F1	.	6
chr19:6393385-6394451	proximal	GTF2F1	.	4
chr19:6412376-6412630	distal	.	.	14
chr19:6424777-6425664	proximal	KHSRP	.	10
chr19:6460108-6460804	distal	.	.	12
chr19:6476191-6476960	distal	.	.	22
chr19:6516024-6516700	distal	.	.	12
chr19:6516901-6517153	distal	.	.	4
chr19:6530811-6531258	proximal	TNFSF9	.	4
chr19:6531318-6531505	proximal	TNFSF9	.	8
chr19:663064-663523	proximal	ENSG00000267666,RNF126	.	24
chr19:6677907-6678136	distal	.	.	2
chr19:6709800-6709965	distal	.	.	2
chr19:6718494-6719266	distal	.	.	2
chr19:680329-681210	distal	.	.	2
chr19:6828639-6829495	distal	.	.	6
chr19:6863565-6863769	distal	.	.	4
chr19:6891522-6891674	distal	.	.	2
chr19:703611-704368	distal	.	.	10
chr19:7068975-7070117	proximal	MBD3L3,ZNF557	.	16
chr19:7126938-7127132	distal	.	.	4
chr19:7150684-7150834	distal	.	.	8
chr19:7168828-7168979	distal	.	.	4
chr19:7197686-7198339	distal	.	.	6
chr19:7199756-7200058	distal	.	.	6
chr19:7219926-7220076	distal	.	.	2
chr19:7262997-7263306	distal	.	.	4
chr19:7294304-7294661	proximal	INSR	.	4
chr19:7315458-7315608	distal	.	.	2
chr19:7341057-7341344	distal	.	.	14
chr19:7354508-7354667	distal	.	.	4
chr19:737876-738228	distal	.	.	10
chr19:7395021-7395219	proximal	ARHGEF18-AS1	.	4
chr19:7488900-7489231	distal	.	.	2
chr19:7500967-7501193	distal	.	.	16
chr19:7507955-7508109	proximal	ENSG00000267952	.	4
chr19:7515604-7516125	proximal	ZNF358	.	2
chr19:7522378-7522789	proximal	MCOLN1	.	22
chr19:7534641-7534821	proximal	PNPLA6	.	8
chr19:7550550-7550778	distal	.	.	10
chr19:7558058-7558218	distal	.	.	2
chr19:7585686-7585836	distal	.	.	12
chr19:7605019-7605251	distal	.	.	6
chr19:7605402-7605973	distal	.	.	6
chr19:7606070-7606252	distal	.	.	10
chr19:7629488-7629911	proximal	ENSG00000268400,PET100,XAB2	.	30
chr19:7652094-7652521	distal	.	.	2
chr19:7680685-7681017	proximal	TRAPPC5	.	10
chr19:770137-770287	distal	.	.	2
chr19:7751524-7751674	distal	.	.	10
chr19:782123-782513	proximal	ENSG00000272473,LINC01836	.	16
chr19:7829459-7830274	proximal	EVI5L	.	4
chr19:7853319-7853496	distal	.	.	16
chr19:7868779-7869103	distal	.	.	8
chr19:7870021-7870948	proximal	ENSG00000268120	.	4
chr19:7871439-7871589	proximal	ENSG00000268120	.	18
chr19:7872006-7872328	distal	.	.	4
chr19:7888699-7888853	proximal	LRRC8E	.	12
chr19:789250-789483	distal	.	.	4
chr19:7920283-7921051	proximal	SNAPC2	.	22
chr19:7925289-7925440	proximal	CTXN1,ENSG00000269139	.	16
chr19:7925639-7925835	proximal	CTXN1,ENSG00000269139	.	16
chr19:7943539-7944087	proximal	ENSG00000286138,TIMM44	.	20
chr19:7944253-7944455	proximal	ENSG00000286138,TIMM44	.	20
chr19:796833-797635	proximal	PTBP1	.	8
chr19:7970834-7971003	distal	.	.	16
chr19:797701-797971	proximal	PTBP1	.	12
chr19:799162-799317	distal	.	.	10
chr19:8002414-8002749	distal	.	.	16
chr19:8027394-8027553	distal	.	.	8
chr19:8050348-8051097	distal	.	.	4
chr19:8208954-8209141	distal	.	.	6
chr19:8209232-8209387	distal	.	.	8
chr19:8210192-8210374	distal	.	.	22
chr19:8240276-8240804	proximal	ENSG00000271717	.	16
chr19:8269027-8269272	distal	.	.	6
chr19:8321066-8321610	proximal	ENSG00000167774,NDUFA7,RPS28	.	66
chr19:8335068-8335356	distal	.	.	12
chr19:8343043-8343555	proximal	KANK3	.	18
chr19:8389665-8390509	proximal	RAB11B,RAB11B-AS1	.	4
chr19:8390625-8391004	proximal	RAB11B,RAB11B-AS1	.	24
chr19:8396677-8396962	distal	.	.	10
chr19:8412686-8413548	proximal	MARCHF2	.	4
chr19:8418141-8418334	distal	.	.	4
chr19:8424008-8424261	distal	.	.	18
chr19:8433925-8434075	distal	.	.	8
chr19:8444777-8445257	proximal	HNRNPM	.	4
chr19:8505919-8506616	distal	.	.	14
chr19:8513555-8514323	proximal	ZNF414	.	4
chr19:851429-851579	proximal	ELANE	.	2
chr19:8525434-8526102	distal	.	.	2
chr19:8548203-8548472	distal	.	.	2
chr19:8585874-8586197	distal	.	.	4
chr19:862176-862501	distal	.	.	18
chr19:862727-862929	distal	.	.	6
chr19:869375-869581	distal	.	.	4
chr19:871833-871983	distal	.	.	12
chr19:872769-873088	distal	.	.	10
chr19:893109-893266	proximal	MED16	.	14
chr19:893367-893519	proximal	MED16	.	10
chr19:900660-900863	distal	.	.	8
chr19:9027980-9028130	distal	.	.	2
chr19:913128-913311	proximal	R3HDM4	.	8
chr19:9136605-9136757	distal	.	.	12
chr19:9140282-9140493	proximal	ZNF317	.	4
chr19:9140561-9140794	proximal	ZNF317	.	4
chr19:925029-925795	proximal	ARID3A	.	14
chr19:9584186-9584355	proximal	ZNF121	.	4
chr19:9584419-9584887	proximal	ZNF121	.	4
chr19:9674788-9675020	proximal	ZNF562	.	4
chr19:9768435-9769165	distal	.	.	14
chr19:9785251-9786272	distal	.	.	8
chr19:9791627-9792747	proximal	ZNF846	.	2
chr19:9818741-9818943	distal	.	.	4
chr19:9819006-9819724	distal	.	.	4
chr19:9827457-9828246	proximal	FBXL12,UBL5	.	8
chr19:9834701-9835581	proximal	PIN1,PIN1-DT	.	56
chr19:984224-984486	proximal	WDR18	.	8
chr19:984665-984926	proximal	WDR18	.	4
chr19:9846994-9847226	distal	.	.	6
chr19:991390-991947	distal	.	.	8
chr19:9934204-9934727	distal	.	.	28
chr19:9945467-9945823	distal	.	.	6
chr1:100006042-100006284	distal	.	.	2
chr1:1000090-1000331	proximal	HES4,ISG15	.	12
chr1:100024442-100024765	distal	.	.	8
chr1:100037975-100038587	proximal	ENSG00000288826,MFSD14A	.	16
chr1:1000444-1000594	proximal	HES4,ISG15	.	8
chr1:1000702-1000975	proximal	HES4,ISG15	.	20
chr1:100132630-100133479	proximal	SASS6,TRMT13	.	20
chr1:100166906-100167065	distal	.	.	12
chr1:100249190-100249671	proximal	DBT	.	12
chr1:100249734-100250124	proximal	DBT	.	4
chr1:100266031-100266489	proximal	RTCA,RTCA-AS1	.	32
chr1:100266686-100266836	proximal	RTCA,RTCA-AS1	.	20
chr1:10032451-10033225	proximal	UBE4B	.	8
chr1:10034985-10035279	distal	.	.	4
chr1:100351117-100351718	distal	.	.	12
chr1:100352152-100352679	distal	.	.	24
chr1:100425472-100425622	distal	.	.	4
chr1:100459370-100459819	distal	.	.	26
chr1:100538903-100539260	proximal	GPR88	.	4
chr1:100539686-100539841	distal	.	.	4
chr1:100613899-100614062	distal	.	.	8
chr1:100794798-100795175	distal	.	.	4
chr1:100894678-100895327	proximal	ENSG00000273204,EXTL2	.	16
chr1:100895730-100896135	proximal	EXTL2,SLC30A7	.	24
chr1:100949473-100949691	distal	.	.	4
chr1:100977726-100978004	distal	.	.	8
chr1:101025735-101026393	proximal	DPH5,DPH5-DT	.	8
chr1:101238777-101239000	distal	.	.	4
chr1:1014933-1015115	distal	.	.	4
chr1:10165552-10165707	distal	.	.	2
chr1:1019432-1020087	proximal	AGRN	.	4
chr1:10209823-10210635	proximal	KIF1B	.	10
chr1:10219755-10220244	distal	.	.	6
chr1:1040812-1041100	distal	.	.	14
chr1:10430206-10430836	proximal	CENPS,CENPS-CORT,ENSG00000271989	.	6
chr1:10474816-10475209	distal	.	.	4
chr1:10494728-10495007	distal	.	.	6
chr1:10495082-10495302	distal	.	.	2
chr1:10556482-10556632	distal	.	.	8
chr1:1058308-1058468	distal	.	.	14
chr1:1059530-1059727	proximal	ENSG00000291156	.	4
chr1:1063805-1064095	proximal	ENSG00000273443	.	20
chr1:107430556-107430969	distal	.	.	2
chr1:107992460-107992610	distal	.	.	2
chr1:108000579-108000729	distal	.	.	4
chr1:1080203-1080390	distal	.	.	10
chr1:108182519-108182670	distal	.	.	4
chr1:108559806-108560118	proximal	FAM102B	.	6
chr1:10866882-10867032	distal	.	.	4
chr1:108691948-108693094	proximal	ENSG00000290126,PRPF38B	.	12
chr1:108714689-108714994	distal	.	.	12
chr1:108746259-108747234	proximal	STXBP3	.	6
chr1:108773263-108773414	distal	.	.	2
chr1:108806954-108807113	distal	.	.	2
chr1:108816442-108816735	distal	.	.	4
chr1:108876532-108877556	distal	.	.	6
chr1:109041853-109042497	proximal	WDR47	.	10
chr1:109055885-109056071	distal	.	.	4
chr1:109089270-109089581	distal	.	.	6
chr1:109090408-109091045	proximal	TMEM167B,TMEM167B-DT	.	8
chr1:109099343-109099496	proximal	ENSG00000270066	.	2
chr1:109149419-109149615	distal	.	.	8
chr1:109197451-109197792	distal	.	.	4
chr1:109213699-109214513	proximal	SARS1	.	12
chr1:109249400-109249625	proximal	CELSR2	.	2
chr1:109263663-109263912	distal	.	.	6
chr1:109277469-109277631	distal	.	.	10
chr1:109282884-109283827	proximal	PSRC1	.	6
chr1:109357614-109357840	distal	.	.	8
chr1:109364533-109364788	distal	.	.	2
chr1:109397889-109398338	proximal	SORT1	.	6
chr1:10942081-10942234	distal	.	.	4
chr1:109426027-109426960	proximal	PSMA5	.	4
chr1:109453095-109453460	distal	.	.	2
chr1:109466360-109466517	proximal	SYPL2	.	2
chr1:109466616-109466915	proximal	SYPL2	.	2
chr1:109483697-109484305	proximal	ATXN7L2	.	4
chr1:109494199-109494628	proximal	CYB561D1	.	12
chr1:109509328-109510011	proximal	AMIGO1	.	14
chr1:109532410-109532639	distal	.	.	2
chr1:109532854-109533118	distal	.	.	6
chr1:109547994-109548192	proximal	ENSG00000290117,GNAI3	.	8
chr1:109548479-109548731	proximal	ENSG00000290117,GNAI3	.	8
chr1:109548840-109549349	proximal	ENSG00000290117,GNAI3	.	4
chr1:10961103-10961264	distal	.	.	10
chr1:109620232-109620696	proximal	GNAT2	.	2
chr1:109620804-109621085	distal	.	.	18
chr1:109643865-109644097	distal	.	.	12
chr1:109668351-109668501	proximal	GSTM2	.	2
chr1:109681613-109681763	distal	.	.	4
chr1:109716997-109717171	distal	.	.	16
chr1:10973549-10973699	distal	.	.	4
chr1:109740970-109741120	proximal	GSTM3	.	4
chr1:109776902-109777171	distal	.	.	2
chr1:109792142-109792384	distal	.	.	10
chr1:109910570-109911175	proximal	CSF1	.	18
chr1:109931230-109931579	distal	.	.	6
chr1:109985020-109985334	proximal	AHCYL1	.	4
chr1:110003926-110004141	distal	.	.	8
chr1:110029594-110029833	distal	.	.	4
chr1:110034422-110035334	distal	.	.	4
chr1:110106168-110106399	distal	.	.	2
chr1:11012164-11012457	proximal	TARDBP	.	10
chr1:11012522-11013188	proximal	TARDBP	.	2
chr1:110209710-110210613	proximal	KCNC4,KCNC4-DT	.	32
chr1:110312648-110312842	distal	.	.	12
chr1:110338213-110338614	proximal	RBM15,RBM15-AS1	.	16
chr1:110338748-110339507	proximal	RBM15,RBM15-AS1	.	12
chr1:110407350-110408024	proximal	LAMTOR5	.	2
chr1:110433879-110434029	distal	.	.	8
chr1:110450268-110450418	proximal	PROK1	.	10
chr1:110466018-110466177	distal	.	.	2
chr1:110467801-110467988	distal	.	.	2
chr1:110496054-110496267	distal	.	.	2
chr1:110524565-110524745	distal	.	.	2
chr1:110550105-110550393	distal	.	.	4
chr1:11059482-11059634	proximal	SRM	.	12
chr1:11059750-11060456	proximal	SRM	.	12
chr1:110630810-110631038	proximal	KCNA2	.	2
chr1:110674500-110674765	proximal	KCNA3	.	4
chr1:110720678-110720835	distal	.	.	8
chr1:110724092-110724242	distal	.	.	10
chr1:110730138-110730365	distal	.	.	2
chr1:110780961-110781111	distal	.	.	2
chr1:1108141-1108346	distal	.	.	10
chr1:110963239-110964405	proximal	ENSG00000273010,LRIF1	.	8
chr1:11099319-11099509	proximal	EXOSC10,EXOSC10-AS1	.	20
chr1:11099766-11100085	proximal	EXOSC10,EXOSC10-AS1	.	12
chr1:111032341-111032524	distal	.	.	2
chr1:111202613-111202797	distal	.	.	2
chr1:111222933-111223149	distal	.	.	2
chr1:111239101-111239287	distal	.	.	2
chr1:111441711-111441895	proximal	ENSG00000243960	.	4
chr1:1115827-1116471	proximal	C1orf159	.	2
chr1:111592838-111593260	distal	.	.	2
chr1:111599776-111600002	distal	.	.	2
chr1:111619563-111620112	distal	.	.	4
chr1:111699461-111699611	distal	.	.	4
chr1:1122205-1122379	distal	.	.	8
chr1:112337019-112337272	distal	.	.	2
chr1:112390480-112390767	distal	.	.	4
chr1:112390834-112391103	distal	.	.	10
chr1:112395954-112396503	proximal	CTTNBP2NL	.	4
chr1:112396771-112396940	proximal	CTTNBP2NL	.	4
chr1:112554488-112554638	distal	.	.	4
chr1:112575382-112575586	distal	.	.	4
chr1:112619029-112619966	proximal	CAPZA1	.	4
chr1:11262497-11262985	proximal	MTOR	.	6
chr1:112700683-112701085	distal	.	.	2
chr1:112705094-112705406	distal	.	.	2
chr1:112707375-112707546	proximal	RHOC	.	4
chr1:112716315-112716486	proximal	PPM1J-DT	.	8
chr1:11272898-11273629	proximal	UBIAD1	.	4
chr1:112955319-112956686	proximal	SLC16A1-AS1	.	4
chr1:112957455-112957702	proximal	SLC16A1	.	4
chr1:112986055-112986225	distal	.	.	6
chr1:113115174-113115420	distal	.	.	6
chr1:113183850-113184009	distal	.	.	2
chr1:113364680-113364835	distal	.	.	4
chr1:113683419-113683569	distal	.	.	10
chr1:113811672-113812026	proximal	ENSG00000231128,RSBN1	.	8
chr1:113812134-113812770	proximal	ENSG00000231128,RSBN1	.	8
chr1:113929176-113929707	proximal	HIPK1,HIPK1-AS1	.	8
chr1:113930401-113930592	distal	.	.	8
chr1:113991218-113991732	distal	.	.	2
chr1:114134787-114134937	distal	.	.	6
chr1:114152627-114152777	distal	.	.	4
chr1:114346146-114346445	distal	.	.	6
chr1:114346513-114346854	distal	.	.	10
chr1:114510867-114511573	proximal	TRIM33	.	2
chr1:114581523-114581941	proximal	BCAS2	.	16
chr1:114669602-114670479	proximal	DENND2C	.	2
chr1:114717036-114717191	proximal	NRAS	.	8
chr1:114767100-114767357	distal	.	.	6
chr1:114780279-114780927	proximal	SIKE1	.	8
chr1:114886007-114886201	distal	.	.	6
chr1:115193989-115194139	distal	.	.	4
chr1:115337719-115337886	proximal	NGF	.	10
chr1:115359790-115359940	distal	.	.	6
chr1:115469776-115469942	distal	.	.	6
chr1:115507283-115507433	distal	.	.	4
chr1:115513956-115514165	distal	.	.	2
chr1:115641597-115642054	proximal	VANGL1	.	6
chr1:115642367-115643016	proximal	VANGL1	.	4
chr1:1157372-1157580	distal	.	.	4
chr1:115771877-115772190	distal	.	.	4
chr1:115838769-115839009	distal	.	.	4
chr1:115946625-115946775	distal	.	.	4
chr1:115975919-115976887	proximal	SLC22A15	.	4
chr1:115981468-115981673	distal	.	.	2
chr1:116091655-116091873	distal	.	.	4
chr1:116168488-116168681	distal	.	.	8
chr1:116247220-116247370	distal	.	.	4
chr1:116418272-116418753	distal	.	.	6
chr1:116444164-116444356	distal	.	.	6
chr1:11654717-11654934	proximal	FBXO2,FBXO44	.	8
chr1:116570377-116571237	proximal	CD58	.	12
chr1:116643368-116643518	distal	.	.	2
chr1:116667727-116667914	proximal	IGSF3	.	4
chr1:116819374-116819529	distal	.	.	2
chr1:116973609-116973824	distal	.	.	4
chr1:117087557-117087707	distal	.	.	8
chr1:117305917-117306111	distal	.	.	4
chr1:11735952-11736161	proximal	AGTRAP	.	6
chr1:11736481-11736684	proximal	AGTRAP	.	4
chr1:117366324-117367534	proximal	MAN1A2	.	4
chr1:117605618-117606149	proximal	TENT5C,TENT5C-DT	.	16
chr1:11762025-11762228	proximal	C1orf167	.	2
chr1:11791325-11791532	distal	.	.	12
chr1:117947022-117947172	distal	.	.	2
chr1:118300945-118301280	distal	.	.	2
chr1:1183020-1183170	distal	.	.	18
chr1:11838723-11839012	distal	.	.	6
chr1:118472305-118472470	distal	.	.	8
chr1:11859240-11859577	proximal	NPPB	.	4
chr1:11909208-11909847	distal	.	.	6
chr1:119244366-119244767	distal	.	.	2
chr1:119327053-119327915	proximal	ENSG00000227712,LINC01780	.	8
chr1:11934483-11934694	proximal	PLOD1	.	4
chr1:119549786-119550136	distal	.	.	2
chr1:119611676-119612087	distal	.	.	2
chr1:119613836-119614031	distal	.	.	2
chr1:119663253-119663403	distal	.	.	6
chr1:119687520-119687713	distal	.	.	2
chr1:119712499-119713059	distal	.	.	12
chr1:11979886-11980542	proximal	ENSG00000287384,MFN2	.	8
chr1:120176140-120176655	proximal	SEC22B	.	10
chr1:12018923-12019761	proximal	MIIP	.	10
chr1:120558355-120558922	distal	.	.	8
chr1:120850325-120850606	proximal	ENSG00000287979	.	10
chr1:12118693-12118862	distal	.	.	2
chr1:121206109-121206281	distal	.	.	4
chr1:12236197-12236347	distal	.	.	2
chr1:1231890-1232389	proximal	B3GALT6,SDF4	.	40
chr1:12478075-12478600	distal	.	.	4
chr1:12539975-12540533	distal	.	.	6
chr1:12658684-12658834	distal	.	.	4
chr1:1273749-1274279	proximal	UBE2J2	.	10
chr1:1289981-1290414	distal	.	.	8
chr1:1291970-1292120	distal	.	.	12
chr1:1307835-1308137	proximal	PUSL1	.	6
chr1:1324346-1324887	proximal	CPTP,INTS11	.	56
chr1:1324960-1325336	proximal	CPTP,INTS11	.	8
chr1:13469515-13469698	distal	.	.	2
chr1:1375153-1375627	proximal	AURKAIP1	.	6
chr1:1382573-1382819	distal	.	.	14
chr1:1399262-1399847	proximal	CCNL2,MRPL20-AS1	.	32
chr1:1407131-1407468	proximal	MRPL20	.	10
chr1:143184990-143185380	distal	.	.	2
chr1:143200139-143200471	distal	.	.	4
chr1:143202527-143202957	distal	.	.	4
chr1:143203287-143203534	distal	.	.	6
chr1:143213073-143213427	distal	.	.	8
chr1:143214571-143214914	distal	.	.	2
chr1:143217230-143217472	distal	.	.	4
chr1:143222105-143222368	distal	.	.	4
chr1:143232922-143233213	distal	.	.	2
chr1:143237983-143238269	distal	.	.	4
chr1:143245358-143245662	distal	.	.	2
chr1:143247187-143247495	distal	.	.	2
chr1:143252685-143253286	distal	.	.	10
chr1:143255507-143255796	distal	.	.	2
chr1:143256440-143256653	distal	.	.	4
chr1:1435562-1435735	proximal	VWA1	.	8
chr1:143735856-143736226	proximal	ENSG00000232721	.	8
chr1:144461135-144461807	proximal	NBPF15	.	4
chr1:144987914-144988064	distal	.	.	4
chr1:145093614-145094046	distal	.	.	4
chr1:145190130-145190376	distal	.	.	16
chr1:145232891-145233222	distal	.	.	4
chr1:145451887-145452197	distal	.	.	4
chr1:145465471-145465773	distal	.	.	12
chr1:145541244-145541447	distal	.	.	4
chr1:14560774-14560924	distal	.	.	2
chr1:145607848-145608508	proximal	GPR89A,NBPF25P	.	48
chr1:145659172-145659460	distal	.	.	2
chr1:145721223-145721688	distal	.	.	4
chr1:145773804-145773954	distal	.	.	4
chr1:145823776-145824270	proximal	POLR3C,RNF115	.	40
chr1:145824332-145824482	proximal	POLR3C,RNF115	.	12
chr1:145845504-145845978	proximal	NUDT17	.	8
chr1:145858680-145859243	proximal	PIAS3	.	12
chr1:145885743-145886244	proximal	ANKRD35	.	6
chr1:145891900-145892409	proximal	ENSG00000244619	.	6
chr1:145918632-145919085	proximal	PEX11B	.	8
chr1:145919378-145919636	proximal	PEX11B	.	8
chr1:145927104-145927686	proximal	ENSG00000280778,ENSG00000289565,LIX1L-AS1,RBM8A	.	16
chr1:145957957-145958255	proximal	LIX1L	.	2
chr1:145964321-145964948	proximal	ANKRD34A,POLR3GL	.	32
chr1:145979381-145979827	distal	.	.	18
chr1:145996530-145997237	proximal	TXNIP	.	8
chr1:146037492-146037798	proximal	HJV	.	12
chr1:146037950-146038143	distal	.	.	8
chr1:146038473-146038732	distal	.	.	2
chr1:146039017-146039207	distal	.	.	2
chr1:146039382-146039568	distal	.	.	28
chr1:146051833-146052731	proximal	ENSG00000287190,LINC01719	.	12
chr1:146228762-146229454	proximal	NBPF10,NOTCH2NLA	.	8
chr1:146369921-146370372	distal	.	.	4
chr1:146376407-146376656	distal	.	.	16
chr1:146377955-146378158	distal	.	.	2
chr1:146387007-146387641	proximal	ENSG00000287978	.	8
chr1:146387904-146388183	proximal	ENSG00000287978	.	8
chr1:146835887-146836037	distal	.	.	2
chr1:146938258-146938862	proximal	NBPF12	.	6
chr1:147084338-147085361	distal	.	.	6
chr1:1471375-1471870	proximal	ATAD3B	.	22
chr1:147172022-147172866	proximal	ENSG00000237188,PRKAB2	.	12
chr1:147225165-147225701	distal	.	.	2
chr1:147242417-147243257	proximal	CHD1L,FMO5	.	20
chr1:147243441-147243630	proximal	CHD1L,FMO5	.	8
chr1:1473057-1473244	distal	.	.	6
chr1:147327234-147327384	distal	.	.	2
chr1:147504771-147505003	distal	.	.	8
chr1:147540863-147541551	proximal	BCL9	.	8
chr1:147621694-147621971	distal	.	.	12
chr1:147627593-147627776	distal	.	.	2
chr1:147640784-147641074	distal	.	.	2
chr1:147664054-147664285	distal	.	.	8
chr1:147669517-147669784	proximal	ACP6	.	4
chr1:147743965-147744115	distal	.	.	6
chr1:147890224-147890434	distal	.	.	6
chr1:147928252-147928522	proximal	GPR89B	.	4
chr1:147928588-147928844	proximal	GPR89B	.	8
chr1:1479885-1480225	distal	.	.	6
chr1:148038452-148039036	distal	.	.	10
chr1:148039453-148039681	distal	.	.	6
chr1:148228893-148229161	distal	.	.	2
chr1:148254968-148255118	proximal	ENSG00000227733	.	4
chr1:148263147-148263977	distal	.	.	4
chr1:148345774-148346078	distal	.	.	4
chr1:148363504-148363695	distal	.	.	2
chr1:148387955-148388311	distal	.	.	2
chr1:148402311-148402781	proximal	ENSG00000291232	.	4
chr1:148459738-148460102	distal	.	.	2
chr1:148522168-148522423	distal	.	.	2
chr1:149176781-149177059	proximal	ENSG00000289614	.	6
chr1:14924258-14924408	distal	.	.	2
chr1:149558295-149558719	distal	.	.	2
chr1:149607842-149608088	proximal	ENSG00000275557	.	4
chr1:149636328-149637147	distal	.	.	6
chr1:149712770-149712959	distal	.	.	2
chr1:149811982-149812557	proximal	H2BC18	.	6
chr1:149855281-149855437	distal	.	.	4
chr1:149887934-149888687	proximal	BOLA1,H2AC21	.	16
chr1:149899488-149899700	distal	.	.	2
chr1:149927508-149928012	proximal	SF3B4	.	4
chr1:149928181-149928489	proximal	SF3B4	.	4
chr1:149939086-149939355	distal	.	.	8
chr1:150009702-150009876	proximal	OTUD7B	.	6
chr1:150010167-150010912	proximal	OTUD7B	.	8
chr1:150036211-150036415	distal	.	.	4
chr1:150066959-150067897	proximal	ENSG00000285184,VPS45	.	24
chr1:150096413-150096616	distal	.	.	2
chr1:150114738-150114890	distal	.	.	8
chr1:150149664-150150181	proximal	PLEKHO1	.	10
chr1:150163083-150163436	distal	.	.	2
chr1:150187607-150187767	distal	.	.	2
chr1:150217733-150217903	distal	.	.	6
chr1:150221157-150221505	distal	.	.	8
chr1:150234571-150234844	distal	.	.	4
chr1:150255416-150255603	distal	.	.	2
chr1:150259908-150260136	distal	.	.	10
chr1:150268942-150269229	proximal	APH1A,C1orf54	.	24
chr1:150281704-150281978	proximal	CIART,ENSG00000289041	.	8
chr1:150282244-150282549	proximal	CIART,ENSG00000289041	.	12
chr1:150287211-150287361	distal	.	.	10
chr1:150293592-150294150	proximal	MRPS21	.	4
chr1:150321328-150321856	proximal	PRPF3	.	10
chr1:150344226-150344397	distal	.	.	4
chr1:150364528-150364778	distal	.	.	4
chr1:150374258-150374511	distal	.	.	4
chr1:1504771-1504952	distal	.	.	2
chr1:150515100-150516406	proximal	FALEC	.	14
chr1:150548872-150549034	proximal	ADAMTSL4	.	10
chr1:150549146-150549466	proximal	ADAMTSL4	.	12
chr1:150560029-150560210	distal	.	.	8
chr1:150561027-150561250	proximal	ADAMTSL4-AS1,ENSG00000289457	.	16
chr1:150561321-150561777	proximal	ADAMTSL4-AS1,ENSG00000289457	.	16
chr1:150562125-150562313	proximal	ADAMTSL4-AS1,ENSG00000289457	.	16
chr1:150604808-150605104	distal	.	.	10
chr1:150629025-150630126	proximal	ENSA,ENSG00000288880	.	12
chr1:150638785-150638957	distal	.	.	2
chr1:150639586-150639766	distal	.	.	8
chr1:150644042-150644192	distal	.	.	4
chr1:150688869-150689039	distal	.	.	8
chr1:150697087-150697732	proximal	GOLPH3L	.	6
chr1:150876124-150877207	proximal	ARNT	.	4
chr1:150914064-150914281	distal	.	.	4
chr1:150926065-150926752	proximal	SETDB1	.	8
chr1:150973918-150974203	proximal	CERS2,ENSG00000231073	.	24
chr1:150974676-150975142	proximal	CERS2	.	12
chr1:150979550-150979703	distal	.	.	4
chr1:15099031-15099224	distal	.	.	2
chr1:151006605-151006999	distal	.	.	20
chr1:151008881-151009132	proximal	MINDY1,PRUNE1	.	4
chr1:151048551-151048775	proximal	C1orf56	.	8
chr1:151059119-151059806	proximal	MLLT11	.	4
chr1:151070442-151070869	proximal	CDC42SE1,GABPB2	.	36
chr1:151071022-151071323	proximal	CDC42SE1,GABPB2	.	16
chr1:151146544-151147335	proximal	ENSG00000289288,SEMA6C	.	4
chr1:151165290-151166156	proximal	LYSMD1	.	2
chr1:1511679-1512207	proximal	ATAD3A	.	18
chr1:151189814-151190337	distal	.	.	8
chr1:151197270-151197649	proximal	PIP5K1A	.	8
chr1:151198163-151198661	proximal	PIP5K1A	.	4
chr1:151292317-151292549	distal	.	.	12
chr1:151327553-151327915	proximal	ENSG00000273481,PI4KB	.	20
chr1:151340921-151341073	proximal	ENSG00000224645	.	4
chr1:151346683-151347815	proximal	RFX5,RFX5-AS1	.	28
chr1:151398994-151399847	proximal	PSMB4	.	2
chr1:151435955-151436151	distal	.	.	2
chr1:151458228-151458433	distal	.	.	16
chr1:151459000-151459626	proximal	POGZ	.	8
chr1:151511103-151511935	distal	.	.	6
chr1:15153357-15153746	proximal	TMEM51-AS1	.	4
chr1:151534587-151534968	distal	.	.	12
chr1:151539650-151539856	proximal	ENSG00000232536,TUFT1	.	4
chr1:151540088-151540587	proximal	ENSG00000232536,TUFT1	.	12
chr1:151594252-151594466	distal	.	.	6
chr1:151608319-151608581	distal	.	.	4
chr1:151611837-151612487	proximal	SNX27	.	16
chr1:151699192-151699342	distal	.	.	8
chr1:151716639-151717115	proximal	CELF3	.	4
chr1:151762978-151763672	proximal	MRPL9,OAZ3	.	12
chr1:15176881-15177060	distal	.	.	2
chr1:151851701-151852021	distal	.	.	6
chr1:151909320-151910013	proximal	THEM4	.	6
chr1:151934115-151934281	distal	.	.	2
chr1:151944918-151945068	proximal	ENSG00000286581	.	4
chr1:15197110-15197376	distal	.	.	2
chr1:151994073-151994252	proximal	ENSG00000229021,S100A10	.	24
chr1:15200627-15200841	distal	.	.	8
chr1:152036947-152037256	distal	.	.	2
chr1:152047947-152048194	proximal	S100A11	.	6
chr1:152052665-152052890	distal	.	.	2
chr1:152111642-152112009	distal	.	.	8
chr1:152112207-152112435	distal	.	.	6
chr1:152215758-152216047	distal	.	.	8
chr1:152378159-152378309	distal	.	.	8
chr1:152458780-152458930	distal	.	.	2
chr1:153121657-153121807	distal	.	.	4
chr1:153185911-153186061	distal	.	.	4
chr1:153223103-153223361	distal	.	.	4
chr1:153261299-153261554	distal	.	.	8
chr1:153408021-153408171	distal	.	.	12
chr1:153568553-153568818	proximal	S100A2	.	2
chr1:153627067-153627752	proximal	S100A1	.	14
chr1:153658503-153659019	proximal	SNAPIN	.	8
chr1:153670871-153671693	proximal	ILF2	.	8
chr1:153697875-153698133	distal	.	.	4
chr1:153945622-153945838	proximal	DENND4B,ENSG00000289935	.	20
chr1:153945950-153946274	proximal	DENND4B,ENSG00000289935	.	40
chr1:153946636-153946875	proximal	DENND4B,ENSG00000289935	.	8
chr1:153957943-153958343	proximal	CRTC2	.	4
chr1:153963503-153963789	proximal	ENSG00000282386	.	6
chr1:153967265-153967912	proximal	CREB3L4,SLC39A1	.	12
chr1:153977165-153977442	proximal	JTB,JTB-DT	.	8
chr1:153977617-153978152	proximal	JTB,JTB-DT	.	16
chr1:153990664-153990814	proximal	RPS27	.	2
chr1:154034833-154034983	distal	.	.	8
chr1:154066352-154066526	distal	.	.	4
chr1:15409771-15410060	proximal	EFHD2,EFHD2-AS1	.	8
chr1:154116401-154116574	distal	.	.	8
chr1:154182869-154183691	distal	.	.	8
chr1:154220050-154220205	proximal	C1orf43,UBAP2L	.	16
chr1:154220268-154221042	proximal	C1orf43,UBAP2L	.	8
chr1:154221216-154221373	proximal	C1orf43	.	8
chr1:154272202-154272777	proximal	HAX1	.	20
chr1:154324641-154324844	proximal	ATP8B2	.	12
chr1:154324953-154326041	proximal	ATP8B2	.	10
chr1:154326314-154326470	proximal	ATP8B2	.	4
chr1:154335135-154335285	distal	.	.	12
chr1:154405192-154405408	proximal	IL6R	.	8
chr1:154405495-154406050	proximal	IL6R,IL6R-AS1	.	8
chr1:154477426-154477576	distal	.	.	4
chr1:154479824-154480122	proximal	ENSG00000273110	.	6
chr1:154558612-154559092	proximal	UBE2Q1	.	16
chr1:154559181-154559435	proximal	UBE2Q1	.	4
chr1:154608145-154608437	distal	.	.	16
chr1:154608598-154608914	distal	.	.	16
chr1:154627303-154628082	proximal	ADAR	.	6
chr1:154803833-154803983	distal	.	.	4
chr1:154870210-154870529	proximal	KCNN3	.	18
chr1:154878557-154878783	distal	.	.	30
chr1:154890839-154891082	distal	.	.	2
chr1:154936444-154937113	proximal	ENSG00000270361,PMVK	.	12
chr1:154937176-154937445	proximal	ENSG00000270361,PMVK	.	12
chr1:154943854-154944035	distal	.	.	14
chr1:154956072-154956299	proximal	PBXIP1	.	6
chr1:154961983-154962472	proximal	ENSG00000271380	.	10
chr1:154970759-154970934	distal	.	.	20
chr1:154973751-154974206	proximal	CKS1B,SHC1	.	32
chr1:154974321-154975116	proximal	CKS1B,SHC1	.	28
chr1:154982868-154983437	proximal	FLAD1	.	16
chr1:155001061-155001215	proximal	ENSG00000289103	.	24
chr1:155001827-155002614	proximal	ENSG00000289103,ZBTB7B	.	44
chr1:155017153-155017756	distal	.	.	4
chr1:155045009-155045159	distal	.	.	14
chr1:155050530-155051537	proximal	ADAM15	.	8
chr1:155061596-155061783	distal	.	.	18
chr1:155063538-155063786	proximal	EFNA4,EFNA4-EFNA3	.	20
chr1:155063857-155064075	proximal	EFNA4,EFNA4-EFNA3	.	12
chr1:155070963-155071128	distal	.	.	10
chr1:1550740-1550890	distal	.	.	8
chr1:155078726-155078893	proximal	EFNA3	.	16
chr1:155084785-155085291	distal	.	.	22
chr1:155085368-155085572	distal	.	.	2
chr1:155091490-155091740	distal	.	.	10
chr1:155091809-155092104	distal	.	.	14
chr1:155120137-155120452	distal	.	.	10
chr1:155126190-155126660	distal	.	.	12
chr1:155127596-155127965	proximal	EFNA1	.	16
chr1:155135573-155136314	proximal	SLC50A1	.	2
chr1:155140470-155140685	proximal	DPM3	.	14
chr1:155167380-155168149	distal	.	.	8
chr1:155172801-155173087	proximal	KRTCAP2,TRIM46	.	40
chr1:155173156-155173546	proximal	KRTCAP2,TRIM46	.	44
chr1:155176719-155176906	distal	.	.	12
chr1:155193551-155193984	proximal	MUC1	.	6
chr1:155194310-155194551	proximal	THBS3-AS1	.	8
chr1:155194614-155195125	proximal	THBS3-AS1	.	8
chr1:155208474-155208893	proximal	MTX1,THBS3	.	32
chr1:155209018-155209323	proximal	MTX1,THBS3	.	32
chr1:15526421-15526883	proximal	CASP9,DNAJC16	.	32
chr1:155308050-155308950	proximal	FDPS	.	14
chr1:155323097-155323566	proximal	RUSC1-AS1	.	14
chr1:155323793-155323987	proximal	RUSC1-AS1	.	12
chr1:155324091-155324605	proximal	RUSC1-AS1	.	14
chr1:155440847-155440997	distal	.	.	8
chr1:155530534-155530684	distal	.	.	8
chr1:155598985-155599219	distal	.	.	8
chr1:155607836-155607987	distal	.	.	2
chr1:155609695-155610268	proximal	ENSG00000232519	.	16
chr1:155625132-155625316	distal	.	.	4
chr1:155651042-155651363	distal	.	.	18
chr1:155697744-155697909	distal	.	.	10
chr1:155729202-155729360	distal	.	.	8
chr1:155745318-155745840	distal	.	.	24
chr1:155777709-155777918	distal	.	.	10
chr1:155792608-155792758	distal	.	.	12
chr1:155834831-155835086	distal	.	.	12
chr1:155856921-155857392	distal	.	.	16
chr1:155859304-155859623	proximal	GON4L,SYT11	.	8
chr1:155881205-155881355	distal	.	.	4
chr1:155934114-155934812	proximal	KHDC4	.	4
chr1:155976649-155976868	distal	.	.	8
chr1:155977891-155978233	proximal	ARHGEF2-AS2	.	16
chr1:155978485-155978934	proximal	ARHGEF2-AS2	.	14
chr1:155989423-155989613	distal	.	.	38
chr1:156020645-156021091	proximal	SSR2	.	4
chr1:156026007-156026262	distal	.	.	2
chr1:15603275-15603931	proximal	ENSG00000237301	.	4
chr1:156053354-156053624	proximal	UBQLN4	.	14
chr1:156053710-156053959	proximal	LAMTOR2,UBQLN4	.	12
chr1:156054025-156054295	proximal	LAMTOR2,UBQLN4	.	12
chr1:156054523-156055263	proximal	LAMTOR2	.	16
chr1:156075705-156075855	distal	.	.	10
chr1:156082441-156082664	proximal	LMNA,MEX3A	.	24
chr1:156083120-156083286	proximal	LMNA,MEX3A	.	36
chr1:156083377-156083608	proximal	LMNA	.	14
chr1:156090808-156090991	distal	.	.	10
chr1:156096688-156096855	distal	.	.	12
chr1:156105817-156106581	distal	.	.	6
chr1:156114466-156115004	distal	.	.	6
chr1:156123120-156123458	distal	.	.	10
chr1:156123564-156123721	distal	.	.	4
chr1:156130408-156130638	distal	.	.	18
chr1:156160809-156161279	distal	.	.	18
chr1:156161462-156161673	distal	.	.	4
chr1:15617051-15617789	proximal	DDI2	.	8
chr1:156193617-156194153	proximal	SLC25A44	.	6
chr1:156212801-156213641	proximal	PMF1,PMF1-BGLAP	.	24
chr1:156225527-156225701	distal	.	.	8
chr1:156282525-156283101	proximal	SMG5,TMEM79	.	8
chr1:156291641-156291791	distal	.	.	4
chr1:156356738-156357195	distal	.	.	8
chr1:156359942-156360223	distal	.	.	4
chr1:156383032-156383246	distal	.	.	12
chr1:156385728-156385878	distal	.	.	10
chr1:156421469-156421932	distal	.	.	12
chr1:156445837-156446128	distal	.	.	8
chr1:156456412-156457051	proximal	MIR9-1HG	.	4
chr1:156457154-156457873	proximal	MIR9-1HG	.	4
chr1:156472121-156472322	distal	.	.	4
chr1:156489756-156489928	distal	.	.	2
chr1:156500322-156500498	proximal	MEF2D	.	12
chr1:156505081-156505268	proximal	ENSG00000289593	.	12
chr1:156505360-156505583	proximal	ENSG00000289593	.	10
chr1:156533647-156533855	distal	.	.	16
chr1:156543072-156543361	distal	.	.	20
chr1:15655424-15655574	distal	.	.	2
chr1:156572206-156572778	proximal	IQGAP3	.	2
chr1:156591414-156591867	proximal	NAXE	.	18
chr1:156591967-156592172	proximal	NAXE	.	6
chr1:156599850-156600000	distal	.	.	16
chr1:156601404-156601784	proximal	GPATCH4	.	8
chr1:156609162-156609312	distal	.	.	6
chr1:156616566-156616731	distal	.	.	14
chr1:156624388-156624857	distal	.	.	2
chr1:156641797-156642006	proximal	BCAN,BCAN-AS1	.	4
chr1:156660016-156660475	distal	.	.	6
chr1:156668803-156668967	distal	.	.	8
chr1:156689521-156689752	proximal	ENSG00000285570	.	12
chr1:156704842-156705055	proximal	CRABP2	.	4
chr1:156706006-156706249	proximal	CRABP2	.	16
chr1:156719015-156719165	distal	.	.	6
chr1:156719881-156720045	distal	.	.	4
chr1:156725880-156726145	distal	.	.	4
chr1:156728328-156728930	proximal	ISG20L2,METTL25B	.	4
chr1:156740517-156741536	proximal	MRPL24	.	6
chr1:156746675-156746886	distal	.	.	12
chr1:156767088-156767635	proximal	HDGF	.	4
chr1:156788831-156789079	distal	.	.	2
chr1:156798598-156798798	distal	.	.	10
chr1:156860172-156860538	distal	.	.	8
chr1:156868781-156869003	distal	.	.	8
chr1:156892353-156892568	distal	.	.	8
chr1:156910331-156910509	distal	.	.	2
chr1:156920415-156920858	proximal	LRRC71	.	8
chr1:156927445-156927760	distal	.	.	14
chr1:156927842-156928031	distal	.	.	4
chr1:156971531-156971815	distal	.	.	6
chr1:157035214-157035364	distal	.	.	10
chr1:157045713-157046421	proximal	ARHGEF11	.	12
chr1:157060255-157060413	distal	.	.	8
chr1:157074244-157074696	distal	.	.	2
chr1:157090028-157090359	distal	.	.	4
chr1:157138227-157138918	proximal	ETV3	.	10
chr1:157156131-157156465	distal	.	.	2
chr1:15716027-15716177	distal	.	.	10
chr1:157163759-157163944	distal	.	.	4
chr1:157171935-157172254	proximal	ENSG00000290592	.	4
chr1:157239005-157239169	distal	.	.	2
chr1:157411293-157411443	distal	.	.	4
chr1:1574533-1575098	proximal	ENSG00000215014,SSU72	.	32
chr1:157489407-157489649	distal	.	.	2
chr1:157505743-157505922	distal	.	.	4
chr1:157551147-157551297	distal	.	.	2
chr1:15758654-15759012	distal	.	.	8
chr1:1575986-1576136	distal	.	.	2
chr1:157669120-157669372	distal	.	.	2
chr1:15796059-15796209	distal	.	.	4
chr1:15800336-15800580	distal	.	.	2
chr1:158113555-158114029	distal	.	.	2
chr1:15816019-15816169	distal	.	.	4
chr1:158203832-158204026	proximal	ENSG00000176320	.	4
chr1:15835541-15836184	proximal	SPEN	.	4
chr1:15886224-15886603	distal	.	.	6
chr1:159204712-159204892	distal	.	.	4
chr1:15957309-15957459	distal	.	.	4
chr1:159780693-159780998	proximal	DUSP23	.	4
chr1:159879011-159879161	distal	.	.	8
chr1:159924666-159924884	proximal	TAGLN2	.	6
chr1:159925481-159925716	proximal	TAGLN2	.	4
chr1:159945435-159946126	proximal	IGSF9	.	6
chr1:160031234-160031437	proximal	PIGM	.	2
chr1:160058139-160058305	distal	.	.	4
chr1:160193163-160193546	distal	.	.	2
chr1:160205530-160205891	proximal	PEA15	.	4
chr1:160251978-160252128	distal	.	.	4
chr1:160262343-160262709	proximal	DCAF8,DCAF8-DT	.	8
chr1:16026774-16026947	distal	.	.	16
chr1:16032872-16033127	distal	.	.	8
chr1:160401276-160401462	proximal	VANGL2	.	2
chr1:16048552-16049148	distal	.	.	10
chr1:160493946-160494096	distal	.	.	2
chr1:160675698-160675848	distal	.	.	2
chr1:160724932-160725341	distal	.	.	6
chr1:16073053-16073375	proximal	FAM131C	.	8
chr1:16073489-16073783	proximal	FAM131C	.	8
chr1:16078983-16079159	distal	.	.	20
chr1:160796081-160796231	proximal	LY9	.	4
chr1:160830611-160830841	distal	.	.	6
chr1:160951486-160951710	distal	.	.	16
chr1:160964586-160964736	distal	.	.	2
chr1:160979657-160979844	distal	.	.	8
chr1:160990356-160990506	distal	.	.	14
chr1:161020690-161021035	proximal	F11R	.	6
chr1:161021094-161021565	proximal	F11R	.	24
chr1:161045185-161045397	proximal	ENSG00000289121,USF1	.	28
chr1:161045567-161046095	proximal	ENSG00000289121,USF1	.	20
chr1:161046191-161046341	proximal	ENSG00000289121,USF1	.	4
chr1:161067646-161067831	distal	.	.	14
chr1:161073576-161073953	distal	.	.	2
chr1:161097715-161098079	proximal	KLHDC9	.	8
chr1:161117671-161118344	proximal	NIT1,PFDN2	.	12
chr1:161124634-161124784	distal	.	.	6
chr1:161132220-161133307	proximal	DEDD	.	18
chr1:161153685-161154589	distal	.	.	8
chr1:161159293-161159790	proximal	ENSG00000224985,USP21	.	4
chr1:161166991-161167156	proximal	ENSG00000290115	.	12
chr1:161176937-161177119	proximal	B4GALT3	.	6
chr1:161177184-161177889	proximal	B4GALT3	.	4
chr1:161192508-161192965	distal	.	.	4
chr1:161198575-161198725	proximal	ADAMTS4	.	2
chr1:161201697-161202519	distal	.	.	12
chr1:161209873-161210120	distal	.	.	4
chr1:161225650-161226434	proximal	TOMM40L	.	16
chr1:161227434-161227684	distal	.	.	6
chr1:161291566-161291809	distal	.	.	4
chr1:161306203-161306545	distal	.	.	16
chr1:161314195-161314466	proximal	SDHC	.	18
chr1:161314525-161314734	proximal	SDHC	.	12
chr1:161314804-161314960	proximal	SDHC	.	8
chr1:16133662-16133818	distal	.	.	6
chr1:161356253-161356403	distal	.	.	20
chr1:161382270-161382430	distal	.	.	2
chr1:161389656-161390374	proximal	ENSG00000289141	.	16
chr1:161421888-161422485	distal	.	.	4
chr1:161427677-161427856	distal	.	.	18
chr1:161428021-161428171	distal	.	.	4
chr1:161443719-161443992	distal	.	.	20
chr1:161444839-161445143	distal	.	.	4
chr1:161453938-161454333	distal	.	.	4
chr1:161458504-161458801	distal	.	.	2
chr1:161459367-161459523	distal	.	.	2
chr1:16146094-16146582	distal	.	.	10
chr1:161501122-161501272	distal	.	.	6
chr1:1615057-1615618	proximal	ENSG00000272106,MIB2	.	40
chr1:161523624-161523975	proximal	HSPA6	.	6
chr1:161529633-161529963	distal	.	.	4
chr1:161530043-161530473	distal	.	.	8
chr1:161530793-161531326	distal	.	.	6
chr1:161539837-161540497	distal	.	.	12
chr1:1615689-1615888	proximal	ENSG00000272106,MIB2	.	36
chr1:161589774-161589924	distal	.	.	8
chr1:161612244-161613118	distal	.	.	6
chr1:161621279-161621956	distal	.	.	14
chr1:16167966-16168116	distal	.	.	2
chr1:161726400-161727327	distal	.	.	2
chr1:161749370-161750469	proximal	DUSP12	.	14
chr1:161764938-161765167	distal	.	.	8
chr1:161765296-161765522	proximal	ATF6,ATF6-DT	.	8
chr1:161766079-161766518	proximal	ATF6,ATF6-DT	.	16
chr1:161887283-161887433	distal	.	.	4
chr1:161911447-161911734	distal	.	.	8
chr1:162023543-162024080	proximal	OLFML2B	.	4
chr1:16206455-16207223	distal	.	.	2
chr1:162069515-162069953	proximal	NOS1AP	.	4
chr1:162117859-162118009	distal	.	.	6
chr1:162145991-162146213	distal	.	.	4
chr1:16216294-16216534	distal	.	.	10
chr1:162171547-162171697	distal	.	.	2
chr1:16217335-16217835	proximal	ENSG00000291077	.	8
chr1:162279226-162279538	distal	.	.	4
chr1:16236751-16237350	proximal	CPLANE2	.	2
chr1:162384000-162384193	distal	.	.	2
chr1:162445533-162445725	distal	.	.	2
chr1:162497691-162498092	proximal	UHMK1	.	6
chr1:162790345-162790999	proximal	HSD17B7	.	4
chr1:16352190-16352892	proximal	FBXO42,SZRD1	.	20
chr1:16366910-16367314	distal	.	.	6
chr1:16367374-16367806	distal	.	.	2
chr1:1637625-1637775	distal	.	.	12
chr1:16408845-16409049	distal	.	.	6
chr1:16440517-16441002	proximal	NECAP2	.	20
chr1:164635232-164635432	distal	.	.	2
chr1:16499041-16499829	proximal	CROCCP3	.	18
chr1:16513449-16514627	proximal	ENSG00000261135,ENSG00000285853	.	8
chr1:165235340-165235719	distal	.	.	8
chr1:165254673-165254823	distal	.	.	2
chr1:165258090-165258240	distal	.	.	4
chr1:16535016-16535440	proximal	LINC01783	.	12
chr1:16545794-16546106	distal	.	.	6
chr1:16546890-16547099	distal	.	.	2
chr1:16561201-16561351	distal	.	.	2
chr1:165631943-165632140	proximal	MGST3	.	4
chr1:16565386-16565595	distal	.	.	4
chr1:165827394-165828172	proximal	TMCO1,UCK2	.	12
chr1:16612646-16613120	proximal	NBPF1	.	10
chr1:16613237-16613749	proximal	NBPF1	.	16
chr1:16613815-16613977	proximal	NBPF1	.	2
chr1:16620714-16621488	distal	.	.	6
chr1:16625013-16625187	distal	.	.	12
chr1:16644312-16644483	proximal	CROCCP2	.	4
chr1:16644569-16645152	proximal	CROCCP2	.	6
chr1:1666367-1666517	distal	.	.	10
chr1:16677983-16678420	distal	.	.	4
chr1:166875921-166876595	proximal	TADA1	.	6
chr1:167035015-167035247	distal	.	.	4
chr1:167043923-167044399	distal	.	.	2
chr1:167052078-167052292	proximal	ENSG00000227907	.	2
chr1:167220037-167220991	proximal	POU2F1,POU2F1-DT	.	4
chr1:16727234-16727720	distal	.	.	10
chr1:167442222-167442372	distal	.	.	6
chr1:167482705-167482855	distal	.	.	6
chr1:167495458-167495608	distal	.	.	2
chr1:167553395-167553943	proximal	CREG1	.	8
chr1:167658646-167659148	distal	.	.	4
chr1:167687997-167688206	distal	.	.	2
chr1:167714259-167715125	distal	.	.	2
chr1:167721591-167722049	proximal	MPZL1	.	4
chr1:167722306-167722629	distal	.	.	2
chr1:167784230-167784380	distal	.	.	2
chr1:167820101-167820460	proximal	ENSG00000232194	.	10
chr1:167843451-167843601	distal	.	.	6
chr1:167916038-167916339	distal	.	.	2
chr1:168024077-168024227	distal	.	.	2
chr1:168098459-168098729	distal	.	.	4
chr1:168136056-168136789	distal	.	.	2
chr1:168178568-168179514	proximal	TIPRL	.	4
chr1:168225666-168226375	proximal	SFT2D2	.	2
chr1:168249540-168249828	distal	.	.	4
chr1:16859015-16859165	distal	.	.	14
chr1:168603510-168603813	distal	.	.	8
chr1:16869120-16869281	distal	.	.	2
chr1:168888322-168888671	distal	.	.	2
chr1:168932423-168932630	distal	.	.	2
chr1:16896104-16896935	distal	.	.	6
chr1:16904069-16904219	proximal	ENSG00000272426	.	2
chr1:16904799-16905292	proximal	ENSG00000272426,ENSG00000290122	.	8
chr1:169105637-169106131	proximal	ATP1B1	.	4
chr1:16913712-16914275	distal	.	.	2
chr1:169171813-169172107	distal	.	.	8
chr1:1692299-1693255	proximal	SLC35E2B	.	2
chr1:169367306-169367456	proximal	BLZF1,NME7	.	4
chr1:169367701-169368031	proximal	BLZF1,NME7	.	8
chr1:16939425-16939656	distal	.	.	4
chr1:169485464-169486306	proximal	ENSG00000213062,SLC19A2	.	16
chr1:169586336-169586742	proximal	F5	.	2
chr1:16960690-16961245	distal	.	.	4
chr1:169794573-169795044	proximal	METTL18	.	2
chr1:169809730-169809880	distal	.	.	8
chr1:169893559-169894437	proximal	SCYL3	.	8
chr1:170074149-170074959	distal	.	.	12
chr1:170284394-170284544	proximal	LINC01142	.	4
chr1:17034417-17034567	distal	.	.	4
chr1:170531798-170532721	proximal	GORAB,GORAB-AS1	.	20
chr1:17053786-17054374	proximal	SDHB	.	4
chr1:17059626-17059862	distal	.	.	2
chr1:170790598-170790767	distal	.	.	4
chr1:171313902-171314194	proximal	FMO4	.	4
chr1:171404175-171404325	distal	.	.	4
chr1:171485758-171486439	proximal	PRRC2C	.	20
chr1:171557363-171557702	distal	.	.	4
chr1:171565514-171565731	distal	.	.	4
chr1:171644982-171645477	distal	.	.	8
chr1:171696586-171696741	distal	.	.	4
chr1:171741922-171742189	proximal	VAMP4	.	8
chr1:171781116-171781959	proximal	METTL13	.	4
chr1:171870532-171870786	distal	.	.	2
chr1:172056277-172056427	distal	.	.	2
chr1:17207068-17207257	distal	.	.	2
chr1:172359810-172359980	distal	.	.	2
chr1:172443644-172444290	proximal	PIGC	.	8
chr1:172466957-172467162	distal	.	.	4
chr1:172546994-172547144	distal	.	.	4
chr1:17265267-17265494	distal	.	.	2
chr1:172742689-172742853	distal	.	.	2
chr1:17274311-17274502	distal	.	.	14
chr1:173338057-173338274	distal	.	.	4
chr1:173476678-173477589	proximal	PRDX6	.	4
chr1:17359246-17359396	distal	.	.	4
chr1:173714816-173715598	proximal	KLHL20	.	4
chr1:173824081-173825035	proximal	CENPL,DARS2	.	8
chr1:173867669-173868914	proximal	GAS5,ZBTB37	.	4
chr1:174114859-174115124	distal	.	.	2
chr1:174159117-174159824	proximal	RABGAP1L,RABGAP1L-DT	.	8
chr1:17437612-17437762	distal	.	.	6
chr1:174883537-174883845	distal	.	.	2
chr1:175029800-175030267	distal	.	.	2
chr1:175319722-175320128	distal	.	.	2
chr1:1758986-1759136	distal	.	.	20
chr1:1778315-1778531	distal	.	.	14
chr1:1778817-1779302	distal	.	.	10
chr1:178374228-178374454	distal	.	.	12
chr1:178433093-178433258	distal	.	.	4
chr1:178476928-178477078	distal	.	.	2
chr1:178542547-178543243	proximal	C1orf220	.	8
chr1:178606026-178606302	distal	.	.	2
chr1:178724821-178725584	proximal	RALGPS2	.	10
chr1:178725794-178726064	proximal	RALGPS2,RALGPS2-AS1	.	16
chr1:178726299-178726488	proximal	RALGPS2-AS1	.	4
chr1:178768718-178768868	distal	.	.	4
chr1:178779657-178779876	distal	.	.	4
chr1:178866611-178866793	distal	.	.	10
chr1:178946045-178946218	distal	.	.	4
chr1:178985323-178985545	distal	.	.	10
chr1:179003054-179003256	distal	.	.	2
chr1:179081861-179082155	proximal	TOR3A	.	2
chr1:179193921-179194109	distal	.	.	4
chr1:179228979-179229192	proximal	ABL2	.	6
chr1:179229621-179230162	proximal	ABL2	.	4
chr1:179246705-179246954	distal	.	.	2
chr1:179293504-179293902	proximal	SOAT1	.	6
chr1:179484226-179484376	distal	.	.	4
chr1:179586188-179586873	distal	.	.	4
chr1:179814851-179815123	distal	.	.	2
chr1:179881976-179883336	proximal	ENSG00000272906,TOR1AIP1	.	8
chr1:179938825-179939193	distal	.	.	2
chr1:179997374-179997524	distal	.	.	2
chr1:180042427-180042577	distal	.	.	2
chr1:180154417-180155001	proximal	QSOX1	.	12
chr1:180178931-180179082	distal	.	.	2
chr1:180229290-180229440	proximal	LHX4	.	2
chr1:180229611-180230446	proximal	LHX4	.	4
chr1:180402811-180403162	distal	.	.	2
chr1:180502078-180502942	proximal	ACBD6	.	2
chr1:180712-181039	distal	.	.	8
chr1:180785285-180785479	distal	.	.	6
chr1:180875233-180875388	distal	.	.	6
chr1:181105049-181105594	distal	.	.	2
chr1:181135495-181135659	distal	.	.	2
chr1:181575181-181575331	distal	.	.	2
chr1:181601062-181601238	distal	.	.	2
chr1:181937132-181937474	distal	.	.	2
chr1:182084982-182085174	distal	.	.	4
chr1:182226101-182226260	distal	.	.	2
chr1:182416217-182416500	distal	.	.	4
chr1:182493355-182493553	distal	.	.	4
chr1:182604105-182604587	proximal	RGS16	.	8
chr1:182614765-182615149	proximal	LINC01686	.	8
chr1:182656699-182656849	distal	.	.	4
chr1:1827135-1827285	distal	.	.	6
chr1:182782368-182782528	distal	.	.	4
chr1:182789283-182789531	proximal	NPL	.	8
chr1:182789630-182789837	proximal	NPL	.	8
chr1:182942112-182942414	distal	.	.	6
chr1:182962622-182962811	distal	.	.	6
chr1:183022991-183023857	proximal	LAMC1	.	4
chr1:183023937-183024329	proximal	LAMC1	.	8
chr1:183040033-183040296	distal	.	.	8
chr1:183051337-183051487	distal	.	.	2
chr1:183103351-183103567	distal	.	.	2
chr1:183235406-183235829	distal	.	.	4
chr1:183392688-183392838	distal	.	.	2
chr1:183439132-183439479	distal	.	.	4
chr1:183445448-183445598	distal	.	.	4
chr1:183623363-183623552	distal	.	.	6
chr1:183714737-183714920	distal	.	.	2
chr1:184051507-184052257	proximal	TSEN15	.	4
chr1:184295614-184295795	distal	.	.	2
chr1:184973739-184974432	proximal	NIBAN1	.	2
chr1:185045118-185045672	proximal	RNF2	.	2
chr1:185316192-185316916	proximal	IVNS1ABP	.	4
chr1:186016668-186016818	distal	.	.	2
chr1:186123226-186123376	distal	.	.	2
chr1:186396281-186396431	distal	.	.	2
chr1:1865045-1865198	distal	.	.	2
chr1:186562941-186563091	distal	.	.	2
chr1:18902452-18902630	proximal	ALDH4A1	.	4
chr1:18902740-18903061	proximal	ALDH4A1	.	4
chr1:1890978-1891639	proximal	GNB1,GNB1-DT	.	36
chr1:18956256-18956496	proximal	IFFO2	.	4
chr1:189752605-189753265	distal	.	.	2
chr1:19011778-19011928	distal	.	.	2
chr1:190474704-190475154	distal	.	.	2
chr1:1909026-1909429	distal	.	.	24
chr1:1909661-1909838	distal	.	.	22
chr1:1919244-1919773	proximal	TMEM52	.	10
chr1:19209935-19210788	proximal	EMC1-AS1,UBR4	.	12
chr1:19241367-19241517	distal	.	.	8
chr1:19252296-19252511	proximal	EMC1,MRTO4	.	16
chr1:192777304-192777454	distal	.	.	4
chr1:192820970-192821201	distal	.	.	8
chr1:193059232-193059704	proximal	RO60,UCHL5	.	16
chr1:19312016-19312355	proximal	AKR7A2,SLC66A1	.	8
chr1:193121642-193122551	proximal	CDC73	.	4
chr1:193408501-193408706	distal	.	.	8
chr1:1944078-1944252	distal	.	.	4
chr1:19460245-19460471	distal	.	.	4
chr1:19485147-19486095	proximal	CAPZB	.	10
chr1:19596388-19596675	proximal	MICOS10-DT,MICOS10-NBL1,NBL1	.	6
chr1:19596833-19597484	proximal	MICOS10-DT,MICOS10-NBL1,NBL1	.	24
chr1:1960092-1960314	distal	.	.	18
chr1:19608184-19608465	distal	.	.	2
chr1:19629241-19629472	distal	.	.	10
chr1:19653766-19654023	distal	.	.	12
chr1:19704597-19704815	distal	.	.	12
chr1:19715587-19716052	distal	.	.	4
chr1:197200957-197201723	proximal	ENSG00000290127,ZBTB41	.	8
chr1:197314791-197315015	distal	.	.	8
chr1:197615274-197615457	distal	.	.	2
chr1:19762350-19762527	distal	.	.	12
chr1:197793814-197793964	distal	.	.	2
chr1:197884683-197884833	distal	.	.	2
chr1:197908735-197909154	distal	.	.	2
chr1:198158997-198159278	distal	.	.	2
chr1:198282800-198282960	distal	.	.	2
chr1:198325252-198325402	distal	.	.	2
chr1:198351929-198352092	distal	.	.	2
chr1:19882186-19882594	proximal	OTUD3	.	10
chr1:19882783-19882937	proximal	OTUD3	.	2
chr1:19957095-19957299	distal	.	.	10
chr1:199973030-199973180	distal	.	.	2
chr1:200123152-200123302	distal	.	.	8
chr1:200302264-200302790	distal	.	.	4
chr1:200464911-200465180	distal	.	.	2
chr1:200506488-200506704	distal	.	.	2
chr1:200510220-200510415	distal	.	.	2
chr1:200620725-200621029	proximal	KIF14	.	2
chr1:200629660-200629918	distal	.	.	2
chr1:200669287-200670604	proximal	DDX59,DDX59-AS1	.	24
chr1:201023601-201023979	proximal	ENSG00000229191,KIF21B	.	20
chr1:201119340-201119490	distal	.	.	8
chr1:201127942-201128092	proximal	ASCL5	.	2
chr1:201134855-201135143	distal	.	.	4
chr1:201154153-201154687	distal	.	.	8
chr1:201170665-201171383	proximal	TMEM9	.	2
chr1:201171461-201171648	proximal	TMEM9	.	4
chr1:201254476-201254842	distal	.	.	2
chr1:201336512-201336830	distal	.	.	8
chr1:201385378-201385528	proximal	ENSG00000286600	.	6
chr1:201435721-201435948	distal	.	.	2
chr1:201480507-201480657	distal	.	.	12
chr1:201482133-201482563	distal	.	.	6
chr1:201513027-201513242	distal	.	.	8
chr1:201530864-201531072	distal	.	.	4
chr1:201532735-201532889	distal	.	.	8
chr1:201539723-201539957	proximal	NAV1	.	8
chr1:201554084-201554373	distal	.	.	8
chr1:201648089-201648709	distal	.	.	12
chr1:201676352-201676564	distal	.	.	6
chr1:201704188-201704457	distal	.	.	2
chr1:201709576-201709726	distal	.	.	4
chr1:201713532-201713746	distal	.	.	4
chr1:201793092-201793374	distal	.	.	12
chr1:201828904-201829851	proximal	IPO9,IPO9-AS1	.	8
chr1:201946961-201947111	proximal	LMOD1	.	4
chr1:201954802-201955784	proximal	TIMM17A	.	16
chr1:201982511-201982846	proximal	RNPEP	.	6
chr1:201983164-201983407	proximal	RNPEP	.	14
chr1:202018745-202018895	distal	.	.	2
chr1:202034779-202035075	distal	.	.	6
chr1:202046903-202047107	distal	.	.	6
chr1:202135304-202135489	distal	.	.	2
chr1:202184703-202184993	distal	.	.	6
chr1:202192859-202193021	proximal	LGR6	.	2
chr1:202213503-202213653	distal	.	.	2
chr1:202236436-202236633	distal	.	.	4
chr1:202237094-202237440	distal	.	.	2
chr1:202341467-202342245	proximal	UBE2T	.	4
chr1:202342367-202342609	proximal	UBE2T	.	8
chr1:202348397-202349129	proximal	PPP1R12B	.	16
chr1:202528192-202528368	distal	.	.	4
chr1:202589300-202589645	distal	.	.	2
chr1:202614654-202615005	distal	.	.	10
chr1:202643435-202643896	distal	.	.	10
chr1:202852377-202852733	distal	.	.	2
chr1:202888448-202889446	proximal	RABIF	.	4
chr1:202926813-202927790	distal	.	.	8
chr1:202958133-202958564	proximal	ADIPOR1	.	6
chr1:202967228-202967899	proximal	CYB5R1	.	4
chr1:202969085-202969245	distal	.	.	2
chr1:203006580-203006832	proximal	TMEM183A	.	4
chr1:203007091-203007502	proximal	TMEM183A	.	4
chr1:203007563-203007839	proximal	TMEM183A	.	4
chr1:203026275-203026876	proximal	PPFIA4	.	8
chr1:203040225-203040375	distal	.	.	12
chr1:203273153-203273562	proximal	CHIT1,LINC01353	.	4
chr1:203305033-203305756	proximal	BTG2,BTG2-DT	.	8
chr1:203326969-203327835	distal	.	.	4
chr1:203453082-203453242	distal	.	.	6
chr1:203487342-203488225	distal	.	.	2
chr1:203513973-203514152	distal	.	.	2
chr1:203615036-203615246	distal	.	.	8
chr1:203626453-203626850	proximal	ATP2B4	.	4
chr1:203650153-203650618	distal	.	.	2
chr1:203861128-203861902	proximal	SNRPE	.	4
chr1:203924687-203924837	distal	.	.	2
chr1:204073025-204073323	proximal	ENSG00000286572,SOX13	.	8
chr1:204080411-204080635	distal	.	.	2
chr1:204113096-204113246	distal	.	.	2
chr1:204129119-204129348	distal	.	.	2
chr1:204151947-204152537	proximal	ETNK2	.	2
chr1:204207218-204207542	distal	.	.	2
chr1:204258479-204258681	distal	.	.	6
chr1:204309175-204309441	distal	.	.	4
chr1:204363530-204363907	distal	.	.	2
chr1:204398633-204398837	distal	.	.	2
chr1:204411494-204412405	proximal	ENSG00000288934,PPP1R15B	.	8
chr1:204424715-204424865	distal	.	.	2
chr1:204431407-204431726	distal	.	.	10
chr1:204445940-204446109	distal	.	.	2
chr1:204493809-204494195	proximal	PIK3C2B	.	12
chr1:204494546-204494998	proximal	PIK3C2B	.	10
chr1:204506331-204506764	distal	.	.	10
chr1:204506839-204507183	distal	.	.	10
chr1:204585210-204585373	distal	.	.	6
chr1:204624109-204624400	distal	.	.	2
chr1:204684585-204684766	distal	.	.	2
chr1:204685523-204685917	proximal	LRRN2	.	14
chr1:204692899-204693049	distal	.	.	4
chr1:204763811-204764085	distal	.	.	2
chr1:204806961-204807420	distal	.	.	6
chr1:204828479-204828982	proximal	ENSG00000287197,NFASC	.	40
chr1:20486157-20486798	proximal	CAMK2N1,ENSG00000289402	.	16
chr1:204897633-204897783	distal	.	.	2
chr1:204935629-204935779	distal	.	.	4
chr1:204975784-204975934	distal	.	.	16
chr1:204978297-204978588	distal	.	.	2
chr1:2050119-2050429	proximal	PRKCZ,PRKCZ-DT	.	24
chr1:205061680-205061850	distal	.	.	2
chr1:205141701-205141870	distal	.	.	2
chr1:205175482-205175650	distal	.	.	2
chr1:205179114-205179294	distal	.	.	12
chr1:205210998-205211318	proximal	DSTYK	.	14
chr1:205211421-205211852	proximal	DSTYK	.	14
chr1:20522391-20522647	distal	.	.	2
chr1:205227716-205228076	proximal	TMCC2	.	12
chr1:205256209-205256401	distal	.	.	4
chr1:205284667-205284973	distal	.	.	2
chr1:205285733-205285883	distal	.	.	2
chr1:205294708-205294888	distal	.	.	6
chr1:205321680-205321959	proximal	NUAK2	.	8
chr1:205325460-205325731	distal	.	.	6
chr1:205430397-205430625	distal	.	.	4
chr1:205469253-205469403	distal	.	.	2
chr1:205529038-205529314	distal	.	.	8
chr1:205591827-205592335	distal	.	.	6
chr1:205631062-205631277	proximal	ELK4	.	4
chr1:205648565-205648905	distal	.	.	2
chr1:205738286-205738440	distal	.	.	8
chr1:205749308-205750517	proximal	NUCKS1	.	2
chr1:20575254-20575504	distal	.	.	10
chr1:205775361-205775638	proximal	ENSG00000285521,RAB29	.	12
chr1:205812774-205813546	proximal	ENSG00000286619,SLC41A1	.	4
chr1:205813631-205813813	proximal	ENSG00000286619,SLC41A1	.	4
chr1:20589588-20589885	proximal	CDA	.	4
chr1:205961393-205961724	distal	.	.	4
chr1:206202881-206203910	proximal	SRGAP2	.	4
chr1:20633250-20633805	proximal	PINK1	.	2
chr1:20633871-20634147	proximal	PINK1	.	4
chr1:206479589-206479780	distal	.	.	10
chr1:206490010-206490634	distal	.	.	2
chr1:206557221-206557581	distal	.	.	8
chr1:206563877-206564092	distal	.	.	8
chr1:20661298-20661770	proximal	DDOST	.	4
chr1:206634380-206634553	distal	.	.	2
chr1:206635153-206635878	proximal	DYRK3,DYRK3-AS1	.	16
chr1:206855665-206855815	distal	.	.	2
chr1:207050531-207050795	distal	.	.	2
chr1:207050888-207051151	distal	.	.	10
chr1:207052810-207053570	proximal	YOD1	.	12
chr1:207301164-207301356	distal	.	.	4
chr1:207321126-207321706	proximal	CD55	.	4
chr1:20743380-20743561	distal	.	.	12
chr1:207752254-207752470	proximal	CD46	.	4
chr1:207830937-207831087	distal	.	.	4
chr1:20786323-20787103	proximal	HP1BP3	.	2
chr1:207868647-207869020	distal	.	.	2
chr1:207869124-207869648	distal	.	.	10
chr1:207885100-207885331	distal	.	.	4
chr1:2081941-2082091	distal	.	.	12
chr1:208244202-208244410	proximal	PLXNA2	.	4
chr1:209066136-209066286	distal	.	.	2
chr1:209449547-209449712	distal	.	.	2
chr1:209602120-209602275	distal	.	.	2
chr1:209692984-209693163	distal	.	.	8
chr1:209747496-209748136	distal	.	.	8
chr1:209784251-209784801	proximal	C1orf74	.	4
chr1:209937602-209938193	distal	.	.	2
chr1:209938343-209938561	distal	.	.	4
chr1:21022364-21022565	distal	.	.	6
chr1:21022698-21022860	distal	.	.	2
chr1:210232479-210232874	proximal	SERTAD4	.	16
chr1:210233575-210233874	proximal	SERTAD4,SERTAD4-AS1	.	4
chr1:210311146-210311695	distal	.	.	2
chr1:210328644-210329187	proximal	HHAT	.	4
chr1:210407276-210407643	distal	.	.	6
chr1:210886884-210887034	distal	.	.	4
chr1:210970133-210970283	distal	.	.	4
chr1:211382569-211383275	proximal	ENSG00000287033,LINC00467	.	8
chr1:211413100-211413250	distal	.	.	2
chr1:21149582-21149768	distal	.	.	14
chr1:211515247-211515400	distal	.	.	12
chr1:211515513-211515791	distal	.	.	4
chr1:211578771-211579020	proximal	SLC30A1	.	2
chr1:211579132-211579715	proximal	SLC30A1	.	2
chr1:211592181-211592542	distal	.	.	2
chr1:21161117-21161267	distal	.	.	4
chr1:211630157-211630827	distal	.	.	8
chr1:211675273-211676235	proximal	NEK2,NEK2-DT	.	20
chr1:21176506-21177228	proximal	EIF4G3,ENSG00000287192	.	24
chr1:211932631-211933027	distal	.	.	8
chr1:211947501-211947710	distal	.	.	2
chr1:212034960-212035792	proximal	DTL,INTS7	.	8
chr1:212088447-212089113	distal	.	.	8
chr1:212129204-212129381	distal	.	.	4
chr1:212213691-212213929	distal	.	.	14
chr1:212308311-212308509	distal	.	.	14
chr1:21232030-21232329	distal	.	.	14
chr1:212368063-212368487	distal	.	.	10
chr1:212414463-212415145	proximal	PACC1	.	4
chr1:212415369-212415519	proximal	PACC1	.	6
chr1:212432764-212433136	proximal	ENSG00000287445,NENF	.	16
chr1:212457867-212458039	distal	.	.	2
chr1:212477277-212477510	distal	.	.	8
chr1:212477925-212478086	distal	.	.	8
chr1:212558483-212559230	proximal	ENSG00000260805,ENSG00000288007	.	40
chr1:212645958-212646241	distal	.	.	2
chr1:212665292-212665792	proximal	LINC02773	.	6
chr1:212699654-212699987	proximal	BATF3	.	2
chr1:21270258-21270408	distal	.	.	2
chr1:212804959-212805109	distal	.	.	4
chr1:212833401-212833551	distal	.	.	2
chr1:212857535-212857839	proximal	FLVCR1,FLVCR1-DT	.	12
chr1:212857914-212858603	proximal	FLVCR1,FLVCR1-DT	.	12
chr1:212870745-212870895	distal	.	.	2
chr1:212942628-212942778	distal	.	.	20
chr1:212967843-212967993	distal	.	.	2
chr1:212995535-212995844	distal	.	.	4
chr1:213015193-213015982	proximal	ANGEL2	.	2
chr1:213016053-213016203	proximal	ANGEL2	.	4
chr1:213050807-213051042	proximal	RPS6KC1	.	8
chr1:213051125-213051800	proximal	RPS6KC1	.	12
chr1:213082310-213082566	distal	.	.	2
chr1:2133171-2133719	distal	.	.	6
chr1:213445966-213446116	distal	.	.	4
chr1:21345529-21346320	proximal	ECE1	.	8
chr1:213505629-213505846	distal	.	.	4
chr1:21370594-21370744	distal	.	.	2
chr1:213987818-213988086	proximal	PROX1-AS1	.	4
chr1:214280503-214281274	proximal	SMYD2	.	2
chr1:214328921-214329173	distal	.	.	4
chr1:21437122-21437272	distal	.	.	2
chr1:21439956-21440252	proximal	NBPF3	.	6
chr1:214506242-214506392	distal	.	.	4
chr1:214551650-214552166	proximal	PTPN14	.	2
chr1:214602678-214603610	proximal	CENPF	.	4
chr1:21490983-21491227	distal	.	.	4
chr1:21509109-21509379	proximal	ALPL	.	6
chr1:21514593-21514743	distal	.	.	12
chr1:2155166-2155316	distal	.	.	4
chr1:21607758-21608228	distal	.	.	8
chr1:21647832-21648217	distal	.	.	4
chr1:216723217-216723391	distal	.	.	2
chr1:217135165-217135509	distal	.	.	2
chr1:21770994-21771144	distal	.	.	10
chr1:21818812-21818985	distal	.	.	2
chr1:21827883-21828108	distal	.	.	4
chr1:2189410-2189825	distal	.	.	2
chr1:21905094-21905250	distal	.	.	10
chr1:21937247-21937548	proximal	HSPG2	.	4
chr1:2194750-2195468	distal	.	.	8
chr1:219650754-219650957	distal	.	.	4
chr1:219724646-219724829	distal	.	.	2
chr1:219839342-219839963	distal	.	.	2
chr1:219840034-219840364	distal	.	.	4
chr1:220026688-220026863	distal	.	.	2
chr1:220088675-220088825	distal	.	.	2
chr1:220089597-220089880	proximal	BPNT1	.	4
chr1:220134900-220135050	distal	.	.	2
chr1:220220417-220220621	distal	.	.	2
chr1:22025354-22025704	proximal	ENSG00000289694,LINC00339,LINC01635	.	24
chr1:220260594-220260952	distal	.	.	2
chr1:220271751-220272004	proximal	RAB3GAP2	.	4
chr1:220272133-220272930	proximal	RAB3GAP2	.	16
chr1:220300488-220300751	distal	.	.	8
chr1:220302655-220302957	distal	.	.	2
chr1:220324493-220324643	distal	.	.	2
chr1:220344818-220344968	distal	.	.	2
chr1:220379012-220379363	distal	.	.	4
chr1:2204378-2204531	distal	.	.	2
chr1:220527540-220528632	proximal	MARK1	.	2
chr1:22053020-22053356	proximal	CDC42,CDC42-AS1	.	24
chr1:220557231-220557459	distal	.	.	2
chr1:220690150-220690673	proximal	C1orf115	.	2
chr1:220733123-220733472	distal	.	.	8
chr1:220748115-220748843	proximal	MTARC2	.	8
chr1:220786248-220786567	proximal	ENSG00000286231,MTARC1	.	16
chr1:220841156-220841306	distal	.	.	4
chr1:220879112-220879724	proximal	ENSG00000289142,HLX,HLX-AS1	.	12
chr1:220895502-220895796	distal	.	.	2
chr1:220918618-220918908	distal	.	.	4
chr1:220935784-220935934	distal	.	.	2
chr1:220983972-220984122	distal	.	.	2
chr1:2212572-2212726	proximal	ENSG00000234396,FAAP20	.	8
chr1:22150468-22150618	distal	.	.	4
chr1:221717111-221717261	distal	.	.	2
chr1:221940291-221940463	distal	.	.	2
chr1:221995847-221995997	distal	.	.	2
chr1:222097710-222097869	distal	.	.	2
chr1:222221904-222222094	distal	.	.	4
chr1:222465501-222465911	distal	.	.	6
chr1:222497311-222497461	distal	.	.	2
chr1:222618550-222618799	proximal	MIA3	.	4
chr1:222643654-222644615	distal	.	.	8
chr1:2227614-2228024	proximal	SKI	.	6
chr1:222814692-222815231	proximal	DISP1	.	12
chr1:22297651-22297928	distal	.	.	2
chr1:223023126-223023572	distal	.	.	6
chr1:223081244-223081696	distal	.	.	4
chr1:223142927-223143416	proximal	ENSG00000236846,TLR5	.	16
chr1:223182092-223182507	distal	.	.	6
chr1:223364017-223364557	proximal	SUSD4	.	4
chr1:223448478-223448685	distal	.	.	4
chr1:223463920-223464070	distal	.	.	16
chr1:223531735-223531986	distal	.	.	2
chr1:22357776-22357926	distal	.	.	2
chr1:223645248-223645447	distal	.	.	4
chr1:223665175-223665351	proximal	CAPN8	.	4
chr1:223707313-223707487	distal	.	.	2
chr1:223712382-223712856	distal	.	.	20
chr1:223715313-223715582	distal	.	.	4
chr1:223749199-223749352	distal	.	.	2
chr1:223845541-223846496	proximal	ENSG00000288999,TP53BP2	.	24
chr1:223992408-223992998	proximal	ENSG00000290989,ENSG00000291068	.	8
chr1:223993326-223993560	proximal	ENSG00000278467,ENSG00000290989,ENSG00000291068	.	12
chr1:224050873-224051045	distal	.	.	2
chr1:224113951-224114803	proximal	FBXO28	.	10
chr1:224129888-224130103	distal	.	.	2
chr1:224205496-224205649	distal	.	.	4
chr1:22428735-22428885	proximal	ZBTB40	.	4
chr1:22429253-22429483	proximal	ZBTB40	.	4
chr1:224329811-224330556	proximal	NVL	.	4
chr1:224333446-224333601	distal	.	.	6
chr1:224356663-224357614	proximal	CNIH4	.	10
chr1:224433549-224433699	distal	.	.	6
chr1:224434579-224434984	proximal	CNIH3	.	12
chr1:224470362-224470603	distal	.	.	2
chr1:22451534-22451979	distal	.	.	16
chr1:224616345-224616805	proximal	CNIH3-AS2	.	4
chr1:224633137-224633323	distal	.	.	6
chr1:224681763-224681913	distal	.	.	2
chr1:224736978-224737239	distal	.	.	6
chr1:22478140-22478366	distal	.	.	4
chr1:224795740-224796033	distal	.	.	2
chr1:224873173-224873501	distal	.	.	4
chr1:224929310-224930073	distal	.	.	2
chr1:225004534-225004747	distal	.	.	6
chr1:225334341-225334491	distal	.	.	4
chr1:225359853-225360003	distal	.	.	2
chr1:225428582-225428775	proximal	LBR	.	4
chr1:225474893-225475233	distal	.	.	4
chr1:225517229-225517417	distal	.	.	4
chr1:225580507-225580701	distal	.	.	4
chr1:225615053-225615246	distal	.	.	2
chr1:225642306-225642579	distal	.	.	2
chr1:225652722-225654014	proximal	ENAH,ENSG00000289602	.	8
chr1:225720429-225720760	distal	.	.	8
chr1:225746671-225747151	distal	.	.	2
chr1:225772421-225772610	distal	.	.	2
chr1:225777480-225777951	proximal	SRP9	.	4
chr1:225778009-225778459	proximal	SRP9	.	4
chr1:225809705-225810586	proximal	EPHX1	.	2
chr1:22582605-22582851	distal	.	.	10
chr1:225845655-225846143	proximal	ENSG00000242861	.	2
chr1:225881889-225883204	proximal	TMEM63A	.	2
chr1:225962471-225962632	distal	.	.	2
chr1:225975942-225976295	distal	.	.	2
chr1:225987625-225987775	distal	.	.	4
chr1:225988410-225988747	distal	.	.	4
chr1:225999082-226000106	proximal	ENSG00000289341,SDE2	.	4
chr1:226002777-226002991	distal	.	.	10
chr1:226040704-226040856	distal	.	.	2
chr1:226062017-226063119	proximal	H3-3A,H3-3A-DT	.	8
chr1:226063530-226063821	distal	.	.	4
chr1:226074818-226074968	distal	.	.	6
chr1:226083142-226084232	proximal	LINC01703	.	2
chr1:226121541-226122329	distal	.	.	2
chr1:226122587-226122804	distal	.	.	4
chr1:226125256-226125442	distal	.	.	2
chr1:226142942-226143225	distal	.	.	14
chr1:22614356-22614566	distal	.	.	4
chr1:226186215-226187105	proximal	ACBD3	.	4
chr1:226197012-226197320	distal	.	.	6
chr1:226223830-226223980	proximal	MIXL1	.	2
chr1:226224079-226224229	proximal	MIXL1	.	4
chr1:226272210-226272952	distal	.	.	8
chr1:226294237-226294506	distal	.	.	8
chr1:226308707-226309575	proximal	LIN9	.	4
chr1:226390206-226390356	distal	.	.	2
chr1:226407615-226408706	proximal	PARP1	.	6
chr1:226480545-226480764	distal	.	.	2
chr1:226519859-226520010	distal	.	.	8
chr1:226547823-226548056	proximal	STUM	.	8
chr1:226548351-226548775	proximal	STUM	.	12
chr1:226560659-226560809	distal	.	.	2
chr1:226575409-226575559	distal	.	.	2
chr1:226626332-226626766	distal	.	.	4
chr1:226633944-226634392	distal	.	.	2
chr1:226675171-226675321	proximal	ITPKB-IT1	.	10
chr1:226703085-226703676	distal	.	.	6
chr1:226711276-226711460	distal	.	.	4
chr1:226723720-226724416	distal	.	.	16
chr1:226797491-226797641	distal	.	.	2
chr1:226827965-226828370	proximal	ENSG00000287259	.	2
chr1:226870260-226870905	proximal	ENSG00000288674,PSEN2	.	12
chr1:226892610-226892760	distal	.	.	8
chr1:226939376-226939776	proximal	COQ8A	.	10
chr1:226939857-226940472	proximal	COQ8A	.	10
chr1:226951424-226951613	distal	.	.	6
chr1:226964511-226964661	distal	.	.	4
chr1:22704322-22704805	distal	.	.	10
chr1:22710199-22710349	proximal	EPHB2	.	8
chr1:227198568-227198730	distal	.	.	2
chr1:227234506-227234719	distal	.	.	2
chr1:227429548-227429710	distal	.	.	6
chr1:227473141-227473334	distal	.	.	8
chr1:227547095-227547352	distal	.	.	2
chr1:227692990-227693198	distal	.	.	4
chr1:227728341-227728721	proximal	SNAP47	.	14
chr1:227730414-227730837	distal	.	.	2
chr1:227735141-227735584	proximal	JMJD4	.	4
chr1:227762503-227762764	distal	.	.	2
chr1:22780797-22781081	distal	.	.	2
chr1:227828887-227829142	distal	.	.	2
chr1:227845190-227845348	distal	.	.	4
chr1:227858406-227858556	distal	.	.	2
chr1:22790539-22790689	distal	.	.	2
chr1:227954018-227954168	distal	.	.	2
chr1:227970089-227970437	distal	.	.	4
chr1:228031029-228031231	distal	.	.	4
chr1:228048106-228048454	distal	.	.	4
chr1:228059652-228060489	distal	.	.	2
chr1:228081753-228082205	proximal	ARF1	.	8
chr1:228082381-228082816	proximal	ARF1	.	6
chr1:228098780-228098991	distal	.	.	12
chr1:228103223-228103616	distal	.	.	2
chr1:228109044-228109935	proximal	MRPL55	.	4
chr1:228173662-228174276	distal	.	.	6
chr1:228174394-228174666	distal	.	.	10
chr1:228276023-228276195	proximal	ENSG00000269934	.	4
chr1:228321395-228321562	distal	.	.	2
chr1:228378719-228379003	distal	.	.	2
chr1:228406759-228407361	proximal	ENSG00000231563,TRIM11	.	8
chr1:22841187-22841337	distal	.	.	4
chr1:228459306-228459458	distal	.	.	4
chr1:228471857-228472168	distal	.	.	10
chr1:228486498-228487411	proximal	RNF187	.	8
chr1:228487721-228487909	proximal	RNF187	.	4
chr1:228500934-228501207	distal	.	.	10
chr1:228509825-228509975	distal	.	.	4
chr1:22858254-22858563	distal	.	.	2
chr1:228632881-228633226	distal	.	.	2
chr1:228635313-228635806	distal	.	.	2
chr1:228664510-228664680	distal	.	.	4
chr1:228781746-228782092	distal	.	.	2
chr1:228804729-228804910	distal	.	.	2
chr1:228842310-228842515	distal	.	.	2
chr1:228861157-228861479	distal	.	.	2
chr1:22889346-22889496	distal	.	.	2
chr1:228949109-228949372	distal	.	.	2
chr1:22903344-22903494	distal	.	.	2
chr1:229038276-229038426	proximal	LINC02815	.	4
chr1:229072728-229072878	distal	.	.	4
chr1:229199995-229200298	distal	.	.	4
chr1:229221335-229221917	distal	.	.	2
chr1:229330498-229330682	distal	.	.	2
chr1:229396775-229396990	distal	.	.	2
chr1:229507972-229508559	proximal	NUP133,NUP133-DT	.	12
chr1:229558448-229559437	proximal	ABCB10	.	4
chr1:229593986-229594277	distal	.	.	2
chr1:229617496-229617665	distal	.	.	2
chr1:229661120-229661581	distal	.	.	4
chr1:229696452-229696602	distal	.	.	2
chr1:22971440-22971590	distal	.	.	2
chr1:229849166-229849349	distal	.	.	2
chr1:230066608-230067612	distal	.	.	2
chr1:230093430-230093603	distal	.	.	2
chr1:230189186-230189336	distal	.	.	4
chr1:230268965-230269198	distal	.	.	20
chr1:230310643-230310826	distal	.	.	2
chr1:230317958-230318135	distal	.	.	16
chr1:23036107-23036283	distal	.	.	4
chr1:230426258-230426900	proximal	ENSG00000282564,PGBD5	.	8
chr1:230537424-230537574	distal	.	.	2
chr1:230585110-230585298	distal	.	.	8
chr1:230868441-230868971	proximal	C1orf198,ENSG00000223393	.	36
chr1:230882730-230882880	distal	.	.	4
chr1:230978149-230978471	proximal	ARV1,TTC13	.	8
chr1:230978670-230979243	proximal	ARV1,TTC13	.	8
chr1:231040026-231040554	proximal	FAM89A	.	8
chr1:231040804-231041181	proximal	FAM89A	.	8
chr1:231162098-231162718	proximal	TRIM67	.	4
chr1:231211399-231211833	distal	.	.	12
chr1:231240798-231241582	proximal	C1orf131,GNPAT	.	4
chr1:231241712-231241862	proximal	C1orf131,GNPAT	.	16
chr1:231337694-231338570	proximal	EXOC8	.	8
chr1:231357888-231358089	distal	.	.	12
chr1:231385172-231385361	distal	.	.	2
chr1:231453950-231454135	distal	.	.	4
chr1:231528047-231528821	proximal	ENSG00000233461,ENSG00000287856,TSNAX,TSNAX-DISC1	.	16
chr1:231626932-231627553	proximal	DISC1	.	4
chr1:23168624-23169036	proximal	ENSG00000289014	.	12
chr1:231691726-231691887	distal	.	.	8
chr1:231762639-231762821	distal	.	.	4
chr1:23177556-23178107	proximal	LUZP1	.	8
chr1:231806771-231806965	distal	.	.	4
chr1:232084555-232084778	distal	.	.	16
chr1:2320973-2321123	distal	.	.	12
chr1:232486295-232486445	distal	.	.	4
chr1:232538182-232538552	distal	.	.	4
chr1:232622481-232622741	distal	.	.	2
chr1:232630031-232630946	proximal	SIPA1L2	.	4
chr1:232635875-232636064	distal	.	.	2
chr1:232670277-232670680	distal	.	.	2
chr1:23267462-23267731	distal	.	.	12
chr1:23281665-23281815	distal	.	.	4
chr1:232950386-232951052	proximal	NTPCR	.	8
chr1:232971005-232971155	distal	.	.	4
chr1:233023291-233023441	distal	.	.	4
chr1:233274203-233274353	distal	.	.	2
chr1:233295675-233295905	proximal	PCNX2	.	4
chr1:23344028-23344937	proximal	HNRNPR	.	4
chr1:233520538-233520688	distal	.	.	2
chr1:233635916-233636540	distal	.	.	14
chr1:23367998-23368573	proximal	ZNF436-AS1	.	14
chr1:233842927-233843298	distal	.	.	4
chr1:23387499-23387707	distal	.	.	2
chr1:234066183-234066512	distal	.	.	2
chr1:234136368-234136572	distal	.	.	2
chr1:234214076-234214288	proximal	ENSG00000233332	.	4
chr1:234309825-234310168	distal	.	.	2
chr1:234373033-234374028	proximal	COA6,COA6-AS1	.	8
chr1:234403119-234403274	distal	.	.	8
chr1:234430011-234430265	distal	.	.	4
chr1:234478249-234478399	proximal	TARBP1	.	2
chr1:234495104-234495385	distal	.	.	2
chr1:234523570-234523830	distal	.	.	4
chr1:234544052-234544557	distal	.	.	6
chr1:234544693-234545163	distal	.	.	4
chr1:234610127-234610522	proximal	IRF2BP2	.	8
chr1:234610704-234611253	proximal	IRF2BP2	.	8
chr1:234684263-234684470	distal	.	.	2
chr1:234723672-234723917	proximal	LINC01132	.	8
chr1:234743776-234744129	distal	.	.	2
chr1:2347472-2347701	distal	.	.	2
chr1:234808754-234808939	distal	.	.	4
chr1:23484088-23484839	proximal	ASAP3	.	14
chr1:234863399-234863549	distal	.	.	4
chr1:234876831-234877145	distal	.	.	4
chr1:234932647-234932856	proximal	ENSG00000286263	.	4
chr1:234957431-234957661	proximal	LINC02971	.	2
chr1:235018461-235018611	distal	.	.	4
chr1:235067697-235068214	distal	.	.	6
chr1:235083692-235083992	distal	.	.	8
chr1:235104234-235104568	proximal	ENSG00000273416	.	6
chr1:235114877-235115027	distal	.	.	2
chr1:235128666-235129193	proximal	TOMM20	.	12
chr1:235176592-235176742	distal	.	.	2
chr1:235220866-235221016	distal	.	.	8
chr1:235224389-235224560	distal	.	.	4
chr1:235253249-235253447	distal	.	.	6
chr1:235296594-235296744	distal	.	.	4
chr1:23530897-23531548	proximal	E2F2	.	6
chr1:235327793-235329086	proximal	ARID4B,TBCE	.	8
chr1:235340285-235340485	distal	.	.	4
chr1:235367178-235367842	proximal	ENSG00000285177,TBCE	.	8
chr1:23539540-23539720	distal	.	.	12
chr1:235417214-235417364	distal	.	.	2
chr1:235468492-235468657	distal	.	.	4
chr1:235504891-235505280	proximal	B3GALNT2	.	22
chr1:235511888-235512162	distal	.	.	6
chr1:235548536-235548745	distal	.	.	8
chr1:23559449-23559656	proximal	ID3	.	4
chr1:235623524-235623674	distal	.	.	2
chr1:235649291-235649590	distal	.	.	12
chr1:235649676-235649863	proximal	GNG4	.	6
chr1:235860748-235860900	distal	.	.	2
chr1:235866887-235867473	distal	.	.	6
chr1:235867611-235867761	distal	.	.	2
chr1:235910410-235910590	distal	.	.	12
chr1:235910736-235910952	distal	.	.	8
chr1:235920324-235920474	distal	.	.	4
chr1:235934932-235935335	distal	.	.	4
chr1:235971623-235972062	proximal	LINC02768	.	18
chr1:235993601-235993788	distal	.	.	2
chr1:236025930-236026223	distal	.	.	2
chr1:236033303-236033453	distal	.	.	2
chr1:236064767-236064926	proximal	NID1	.	4
chr1:236065051-236065382	proximal	NID1	.	6
chr1:236065492-236065649	proximal	NID1	.	2
chr1:236097060-236097455	distal	.	.	4
chr1:236206636-236206914	distal	.	.	2
chr1:236219700-236219884	distal	.	.	4
chr1:236255061-236255287	distal	.	.	2
chr1:236255984-236256162	distal	.	.	8
chr1:236281145-236281487	proximal	ERO1B	.	2
chr1:236281545-236282556	proximal	ERO1B	.	4
chr1:236288165-236288439	distal	.	.	10
chr1:23635020-23635201	distal	.	.	8
chr1:23637459-23637684	distal	.	.	6
chr1:236406428-236406593	distal	.	.	4
chr1:236421069-236421231	distal	.	.	8
chr1:236491728-236491913	distal	.	.	4
chr1:23651301-23651494	distal	.	.	2
chr1:236531888-236532045	distal	.	.	6
chr1:236572160-236572310	distal	.	.	2
chr1:236604388-236605205	proximal	HEATR1	.	8
chr1:23660861-23661013	distal	.	.	4
chr1:236686233-236686823	distal	.	.	2
chr1:236691962-236692112	distal	.	.	4
chr1:236794878-236795953	proximal	MTR	.	6
chr1:237041555-237042271	proximal	RYR2	.	4
chr1:23743191-23743777	proximal	ELOA	.	6
chr1:23772205-23772423	distal	.	.	2
chr1:23778203-23778500	proximal	ELOA-AS1,PITHD1	.	28
chr1:23790783-23791451	proximal	LYPLA2	.	6
chr1:23800709-23801035	proximal	GALE	.	4
chr1:23868128-23868566	proximal	FUCA1	.	10
chr1:23959057-23959444	distal	.	.	6
chr1:23959543-23960129	distal	.	.	4
chr1:239898259-239898466	distal	.	.	2
chr1:240050791-240050971	distal	.	.	2
chr1:24018722-24019134	distal	.	.	2
chr1:240554285-240554435	distal	.	.	8
chr1:24070955-24071195	distal	.	.	12
chr1:240732621-240732771	distal	.	.	2
chr1:240828368-240828590	distal	.	.	2
chr1:241040841-241041000	distal	.	.	2
chr1:241072359-241072509	distal	.	.	2
chr1:2412227-2412844	distal	.	.	4
chr1:241356245-241356419	distal	.	.	8
chr1:241356568-241357420	proximal	ENSG00000286496,RGS7	.	16
chr1:241375017-241375167	distal	.	.	8
chr1:241376024-241376335	distal	.	.	2
chr1:241466829-241467017	distal	.	.	2
chr1:241640250-241640705	proximal	CHML,ENSG00000287513	.	8
chr1:241887090-241887290	distal	.	.	4
chr1:241990127-241990518	distal	.	.	2
chr1:241993236-241993441	distal	.	.	2
chr1:24199328-24199506	proximal	GRHL3,LINC02800	.	8
chr1:242267004-242267154	distal	.	.	2
chr1:242424879-242425095	distal	.	.	2
chr1:242454659-242455048	distal	.	.	2
chr1:242569327-242569477	distal	.	.	4
chr1:242652098-242652253	distal	.	.	2
chr1:24321916-24322120	proximal	GRHL3-AS1	.	4
chr1:243904570-243904735	distal	.	.	2
chr1:2440320-2440623	distal	.	.	2
chr1:24413522-24413882	distal	.	.	8
chr1:244395747-244396156	distal	.	.	2
chr1:244461157-244461934	distal	.	.	2
chr1:244652628-244653508	proximal	DESI2	.	4
chr1:244674203-244674353	distal	.	.	2
chr1:244867703-244868038	distal	.	.	6
chr1:24493851-24494052	distal	.	.	2
chr1:244986653-244986803	distal	.	.	2
chr1:24502679-24503145	proximal	RCAN3	.	4
chr1:245042757-245042923	distal	.	.	2
chr1:245143183-245143365	distal	.	.	4
chr1:245190670-245190820	distal	.	.	2
chr1:24567863-24568013	distal	.	.	2
chr1:246254120-246254270	distal	.	.	2
chr1:24642291-24642715	distal	.	.	2
chr1:24642806-24643366	distal	.	.	2
chr1:246565806-246566631	proximal	CNST,TFB2M	.	8
chr1:246644436-246644586	distal	.	.	4
chr1:246689679-246689895	proximal	ENSG00000235021	.	4
chr1:246754004-246754172	distal	.	.	2
chr1:246832573-246832782	distal	.	.	8
chr1:24705179-24705712	proximal	ENSG00000284699	.	14
chr1:24735507-24736318	distal	.	.	20
chr1:24848011-24848269	distal	.	.	2
chr1:248837975-248838865	proximal	ZNF672	.	2
chr1:248906094-248906284	proximal	PGBD2	.	2
chr1:24898164-24898348	distal	.	.	6
chr1:24904822-24904979	distal	.	.	4
chr1:24921076-24921244	distal	.	.	2
chr1:24994279-24994441	distal	.	.	6
chr1:25197319-25197542	distal	.	.	6
chr1:25233121-25233361	proximal	ENSG00000284602,SYF2	.	4
chr1:25239618-25240330	proximal	ENSG00000284657	.	2
chr1:25247046-25248061	proximal	ENSG00000272432	.	4
chr1:25337153-25337395	proximal	RSRP1	.	2
chr1:25338051-25338909	proximal	RSRP1,TMEM50A	.	12
chr1:25378738-25379013	distal	.	.	4
chr1:25430125-25430299	proximal	MACO1,RHCE	.	8
chr1:25430575-25431009	proximal	MACO1,RHCE	.	12
chr1:25479381-25479581	distal	.	.	2
chr1:25506967-25507307	distal	.	.	12
chr1:25543494-25543684	proximal	LDLRAP1	.	6
chr1:25616310-25616849	proximal	MAN1C1	.	2
chr1:25688347-25688558	distal	.	.	2
chr1:25810893-25811087	proximal	ENSG00000255054	.	10
chr1:25819811-25820243	proximal	ENSG00000228172	.	4
chr1:25895501-25895679	distal	.	.	4
chr1:25905414-25906646	proximal	STMN1	.	10
chr1:25969723-25969913	distal	.	.	6
chr1:25998060-25998461	proximal	PAFAH2	.	6
chr1:26035168-26035583	distal	.	.	6
chr1:26169695-26170079	proximal	C1orf232,ZNF593	.	16
chr1:26233828-26234699	proximal	CEP85	.	10
chr1:26279593-26279878	proximal	SH3BGRL3	.	8
chr1:26279978-26280169	proximal	SH3BGRL3	.	6
chr1:26296453-26296706	distal	.	.	16
chr1:26306309-26306882	distal	.	.	10
chr1:26356799-26356949	distal	.	.	8
chr1:26417106-26417407	distal	.	.	6
chr1:26470362-26470612	distal	.	.	2
chr1:26471944-26472201	proximal	HMGN2	.	6
chr1:26472295-26472575	proximal	HMGN2	.	10
chr1:26472744-26473235	proximal	HMGN2	.	4
chr1:26500310-26500802	distal	.	.	6
chr1:26500913-26501377	distal	.	.	8
chr1:26529939-26530440	proximal	RPS6KA1	.	2
chr1:26531199-26531446	distal	.	.	4
chr1:26620516-26620751	proximal	ENSG00000289452	.	2
chr1:26620815-26621296	proximal	ENSG00000289452	.	16
chr1:26621393-26621630	proximal	ENSG00000289452	.	16
chr1:26677615-26677779	distal	.	.	4
chr1:26692865-26693200	proximal	ARID1A,ENSG00000290006	.	32
chr1:26695619-26696108	distal	.	.	6
chr1:26697836-26698379	distal	.	.	6
chr1:26787804-26788463	distal	.	.	8
chr1:26819916-26820150	distal	.	.	4
chr1:26826602-26826763	proximal	ZDHHC18	.	8
chr1:26829186-26829336	distal	.	.	4
chr1:26857234-26857384	distal	.	.	4
chr1:26865004-26865544	distal	.	.	20
chr1:26878077-26878322	distal	.	.	2
chr1:26890161-26890658	proximal	GPN2	.	10
chr1:26900044-26900229	proximal	GPATCH3,NUDC	.	8
chr1:26900371-26900524	proximal	GPATCH3,NUDC	.	8
chr1:26921506-26922181	distal	.	.	8
chr1:26993271-26993442	proximal	TRNP1	.	2
chr1:26993512-26993770	proximal	TRNP1	.	4
chr1:27012923-27013428	proximal	TENT5B	.	18
chr1:27046028-27046180	distal	.	.	10
chr1:27154755-27155602	distal	.	.	26
chr1:27233959-27234165	proximal	WDTC1,WDTC1-DT	.	8
chr1:27234248-27234755	proximal	WDTC1,WDTC1-DT	.	16
chr1:27242478-27242688	distal	.	.	2
chr1:27300732-27301118	distal	.	.	8
chr1:27321894-27322449	proximal	TMEM222	.	20
chr1:27341020-27341298	proximal	SYTL1	.	8
chr1:27341880-27342030	proximal	SYTL1	.	12
chr1:27349673-27349832	distal	.	.	6
chr1:27357585-27357741	distal	.	.	4
chr1:27365496-27366348	distal	.	.	10
chr1:27366473-27366700	proximal	MAP3K6	.	4
chr1:27366902-27367103	proximal	MAP3K6	.	16
chr1:27392332-27392619	proximal	GPR3	.	10
chr1:27464211-27464361	distal	.	.	2
chr1:27489648-27490396	proximal	WASF2	.	6
chr1:27519760-27519919	distal	.	.	2
chr1:27526826-27527021	distal	.	.	22
chr1:27537466-27537638	distal	.	.	8
chr1:27568392-27568772	distal	.	.	20
chr1:27575830-27576107	distal	.	.	8
chr1:27604109-27604297	proximal	AHDC1	.	4
chr1:27631923-27632134	distal	.	.	8
chr1:27643953-27644157	distal	.	.	4
chr1:27659845-27660224	distal	.	.	2
chr1:27663222-27663437	distal	.	.	16
chr1:27669242-27669435	proximal	ENSG00000225886	.	12
chr1:27672085-27672486	proximal	IFI6	.	16
chr1:27725500-27726077	proximal	ENSG00000287244,FAM76A	.	12
chr1:27726224-27726570	proximal	ENSG00000287244,FAM76A	.	32
chr1:27772751-27773784	proximal	ENSG00000269971,STX12	.	4
chr1:27830550-27830938	proximal	ENSG00000286433,PPP1R8	.	44
chr1:27857921-27858276	distal	.	.	8
chr1:27872405-27872573	proximal	THEMIS2	.	2
chr1:27914455-27915222	proximal	RPA2	.	14
chr1:27959454-27959654	proximal	ENSG00000227050,XKR8	.	20
chr1:27959729-27960024	proximal	ENSG00000227050,XKR8	.	16
chr1:28088296-28089295	proximal	EYA3	.	12
chr1:28105177-28105403	distal	.	.	4
chr1:28167393-28167543	distal	.	.	6
chr1:28183954-28184195	distal	.	.	8
chr1:28208913-28209163	distal	.	.	2
chr1:28232578-28233136	proximal	DNAJC8	.	12
chr1:28235347-28235774	proximal	ATP5IF1,ENSG00000290123	.	20
chr1:28235880-28236324	proximal	ATP5IF1,ENSG00000290123	.	60
chr1:28246911-28247512	proximal	ENSG00000271398	.	8
chr1:28247987-28248247	proximal	ENSG00000271398	.	12
chr1:28248372-28248693	distal	.	.	14
chr1:28259254-28259963	proximal	SESN2	.	12
chr1:28260053-28260367	proximal	SESN2	.	12
chr1:28296892-28297120	distal	.	.	2
chr1:28328585-28329173	proximal	MED18	.	14
chr1:28329259-28329596	proximal	MED18	.	10
chr1:28346205-28346458	distal	.	.	4
chr1:28351638-28351875	distal	.	.	2
chr1:28351958-28352166	distal	.	.	2
chr1:28369492-28370571	proximal	PHACTR4	.	14
chr1:28403265-28403415	distal	.	.	6
chr1:28437421-28437595	distal	.	.	6
chr1:28437971-28438121	distal	.	.	6
chr1:28511424-28511781	distal	.	.	6
chr1:28518025-28518359	distal	.	.	4
chr1:28544314-28544608	distal	.	.	2
chr1:28552788-28553180	proximal	TRNAU1AP	.	6
chr1:28553265-28553636	proximal	TRNAU1AP	.	12
chr1:28581320-28582196	distal	.	.	4
chr1:28620769-28620919	distal	.	.	2
chr1:28636818-28637018	distal	.	.	8
chr1:28642771-28643458	proximal	TAF12-DT	.	8
chr1:28648229-28648419	proximal	ENSG00000270103,TAF12	.	16
chr1:28648510-28649450	proximal	ENSG00000270103,TAF12	.	12
chr1:28668415-28669158	proximal	GMEB1	.	10
chr1:28669223-28669458	proximal	GMEB1	.	2
chr1:2869399-2869573	distal	.	.	4
chr1:28713813-28713963	distal	.	.	10
chr1:28736323-28737299	proximal	ENSG00000289291,YTHDF2	.	8
chr1:28737643-28737840	proximal	ENSG00000289291	.	8
chr1:28785096-28785418	distal	.	.	4
chr1:28812274-28812521	proximal	OPRD1	.	8
chr1:28846054-28846216	distal	.	.	10
chr1:28861739-28861941	distal	.	.	4
chr1:28877332-28877500	proximal	ENSG00000233427	.	4
chr1:28882131-28882399	distal	.	.	6
chr1:28884898-28885210	distal	.	.	6
chr1:28886975-28887288	proximal	EPB41	.	12
chr1:28887805-28888283	proximal	EPB41	.	10
chr1:28893850-28894072	distal	.	.	12
chr1:28914176-28914961	distal	.	.	6
chr1:28983560-28983710	distal	.	.	10
chr1:29079764-29079914	distal	.	.	4
chr1:29105800-29105981	distal	.	.	4
chr1:29123863-29124079	proximal	TMEM200B	.	4
chr1:29124564-29124972	proximal	TMEM200B	.	8
chr1:29125439-29125599	distal	.	.	4
chr1:29181419-29182337	proximal	SRSF4	.	4
chr1:29230661-29231116	proximal	MECR	.	10
chr1:29236097-29236593	proximal	PTPRU	.	2
chr1:29236699-29236853	proximal	PTPRU	.	4
chr1:29282961-29283656	distal	.	.	2
chr1:30669597-30669747	distal	.	.	4
chr1:30719078-30719506	proximal	MATN1-AS1	.	10
chr1:30782328-30782606	distal	.	.	2
chr1:30801426-30801721	distal	.	.	6
chr1:30824015-30824742	proximal	LINC01778	.	6
chr1:30856378-30856812	distal	.	.	2
chr1:30911442-30911644	distal	.	.	2
chr1:31065189-31066156	proximal	PUM1	.	8
chr1:31152530-31152726	distal	.	.	2
chr1:31162698-31162973	distal	.	.	2
chr1:31170819-31171092	distal	.	.	2
chr1:31181517-31181895	distal	.	.	8
chr1:31181991-31182309	distal	.	.	4
chr1:31231299-31231462	distal	.	.	4
chr1:31283925-31284076	distal	.	.	2
chr1:31297320-31297664	proximal	SNRNP40,ZCCHC17	.	8
chr1:31373041-31373985	distal	.	.	6
chr1:31386735-31386885	distal	.	.	14
chr1:31394459-31395172	distal	.	.	2
chr1:31407316-31407535	distal	.	.	6
chr1:31413051-31413217	distal	.	.	6
chr1:31413480-31413824	distal	.	.	12
chr1:31414057-31414215	distal	.	.	2
chr1:31431776-31432163	distal	.	.	12
chr1:31548969-31549522	distal	.	.	4
chr1:31564142-31564324	distal	.	.	2
chr1:31584200-31584433	distal	.	.	20
chr1:31617957-31618535	proximal	HCRTR1	.	10
chr1:31644820-31645391	proximal	ENSG00000264078,PEF1	.	12
chr1:31663940-31664115	distal	.	.	2
chr1:31684112-31684267	distal	.	.	2
chr1:31697122-31697276	distal	.	.	4
chr1:31714539-31715418	distal	.	.	10
chr1:31715489-31715920	distal	.	.	8
chr1:31745522-31745980	distal	.	.	6
chr1:31762954-31763162	distal	.	.	8
chr1:31788566-31788797	proximal	ENSG00000254545	.	16
chr1:31788876-31789500	proximal	ENSG00000254545	.	12
chr1:31815926-31816216	proximal	SPOCD1	.	4
chr1:31917848-31918062	distal	.	.	2
chr1:31937400-31937675	distal	.	.	6
chr1:31937740-31937939	distal	.	.	10
chr1:31938278-31938916	distal	.	.	2
chr1:31944406-31944883	proximal	PTP4A2	.	4
chr1:31956375-31956550	distal	.	.	2
chr1:32019226-32019534	distal	.	.	4
chr1:32040390-32040624	distal	.	.	4
chr1:32062305-32062828	distal	.	.	10
chr1:32090789-32090939	distal	.	.	4
chr1:32107857-32108231	proximal	KPNA6	.	8
chr1:32108326-32108815	proximal	KPNA6	.	2
chr1:32142067-32142266	distal	.	.	6
chr1:32150903-32151087	distal	.	.	2
chr1:32179316-32180138	proximal	TXLNA	.	2
chr1:32200550-32200885	proximal	CCDC28B	.	16
chr1:32205385-32205992	proximal	IQCC	.	2
chr1:32215727-32215887	distal	.	.	4
chr1:32221832-32222456	proximal	TMEM234	.	8
chr1:32222674-32222919	proximal	TMEM234	.	14
chr1:32248046-32248638	distal	.	.	12
chr1:32291666-32292679	proximal	HDAC1	.	2
chr1:32336096-32336749	proximal	MARCKSL1	.	18
chr1:32393948-32394959	proximal	BSDC1	.	6
chr1:32400939-32401308	distal	.	.	2
chr1:32413830-32413980	distal	.	.	2
chr1:32447944-32448132	distal	.	.	4
chr1:32448394-32448591	distal	.	.	4
chr1:32449200-32449461	distal	.	.	26
chr1:32464591-32465554	proximal	ENSG00000254553,ZBTB8B	.	12
chr1:3247398-3247652	distal	.	.	2
chr1:32500334-32501147	distal	.	.	14
chr1:32539801-32540029	proximal	ZBTB8A	.	8
chr1:32611966-32612129	distal	.	.	8
chr1:32650465-32650707	proximal	RBBP4,ZBTB8OS	.	32
chr1:32667270-32667579	distal	.	.	2
chr1:32712202-32712679	distal	.	.	12
chr1:32741496-32741729	proximal	KIAA1522	.	10
chr1:32753776-32754023	distal	.	.	18
chr1:32754115-32754294	distal	.	.	4
chr1:32754468-32754619	distal	.	.	8
chr1:32773072-32773249	distal	.	.	18
chr1:32817260-32818351	proximal	YARS1	.	8
chr1:32864397-32864557	distal	.	.	6
chr1:32870548-32870775	distal	.	.	2
chr1:32871078-32871407	distal	.	.	6
chr1:32886608-32886953	proximal	HPCA	.	6
chr1:32892932-32893146	distal	.	.	6
chr1:32933434-32933676	distal	.	.	4
chr1:32963152-32963357	distal	.	.	10
chr1:32963681-32964130	proximal	RNF19B	.	4
chr1:32964701-32965120	proximal	RNF19B	.	8
chr1:32972967-32973169	distal	.	.	4
chr1:32998602-32998786	distal	.	.	2
chr1:33007303-33007511	distal	.	.	2
chr1:33030353-33030517	distal	.	.	4
chr1:33036006-33036216	distal	.	.	10
chr1:33036358-33036508	distal	.	.	4
chr1:33080908-33081234	proximal	AK2,AZIN2	.	20
chr1:33081299-33081556	proximal	AK2,AZIN2	.	8
chr1:33126993-33127670	distal	.	.	8
chr1:33181946-33182215	proximal	TRIM62	.	8
chr1:33202444-33202683	distal	.	.	6
chr1:33235108-33235297	distal	.	.	2
chr1:33298745-33298950	distal	.	.	2
chr1:33338570-33338761	distal	.	.	4
chr1:33349826-33350195	proximal	PHC2-AS1	.	4
chr1:33430489-33430699	proximal	PHC2	.	4
chr1:33430800-33431302	proximal	PHC2	.	4
chr1:33472321-33472810	proximal	ZSCAN20	.	8
chr1:33578847-33578997	distal	.	.	4
chr1:33633148-33633543	distal	.	.	2
chr1:3393750-3393950	distal	.	.	2
chr1:3483563-3483713	distal	.	.	2
chr1:3491350-3491528	distal	.	.	4
chr1:3501964-3502340	distal	.	.	2
chr1:35079173-35079689	distal	.	.	6
chr1:35085122-35085400	distal	.	.	2
chr1:35280633-35280783	distal	.	.	4
chr1:35500648-35500798	distal	.	.	4
chr1:35559022-35559211	distal	.	.	2
chr1:35568997-35569172	distal	.	.	10
chr1:35623559-35623743	distal	.	.	2
chr1:35641229-35642127	proximal	PSMB2	.	4
chr1:35681362-35681598	distal	.	.	4
chr1:35715577-35715775	distal	.	.	2
chr1:35729316-35729466	distal	.	.	4
chr1:35769329-35770368	proximal	CLSPN	.	8
chr1:35807479-35807786	proximal	AGO4	.	4
chr1:35882937-35883696	distal	.	.	8
chr1:35930384-35930534	proximal	AGO3,ENSG00000271914	.	16
chr1:35941040-35941430	distal	.	.	4
chr1:36088677-36088920	proximal	ADPRS	.	8
chr1:36089034-36089305	proximal	ADPRS	.	12
chr1:36109227-36109413	distal	.	.	4
chr1:36149042-36149824	distal	.	.	2
chr1:36150940-36151112	distal	.	.	2
chr1:36155805-36156411	proximal	MAP7D1,TRAPPC3	.	8
chr1:36156518-36156833	proximal	TRAPPC3	.	4
chr1:36188030-36188483	distal	.	.	12
chr1:36224019-36225076	proximal	THRAP3	.	4
chr1:3624515-3625240	proximal	ENSG00000238260,TPRG1L	.	12
chr1:36306731-36307358	proximal	SH3D21	.	4
chr1:36323576-36323842	proximal	EVA1B	.	2
chr1:36397829-36398093	proximal	LSM10	.	4
chr1:36420850-36421131	distal	.	.	4
chr1:36440554-36440726	distal	.	.	12
chr1:36464093-36464807	proximal	MRPS15	.	2
chr1:36516294-36516597	distal	.	.	2
chr1:36580273-36580423	distal	.	.	2
chr1:3703277-3703427	distal	.	.	8
chr1:37473720-37473886	proximal	ZC3H12A,ZC3H12A-DT	.	16
chr1:37474374-37474596	proximal	ZC3H12A,ZC3H12A-DT	.	4
chr1:37532508-37532933	distal	.	.	8
chr1:37692183-37692560	proximal	C1orf109,CDCA8	.	8
chr1:37946194-37946366	proximal	INPP5B	.	4
chr1:37946432-37946606	proximal	INPP5B	.	2
chr1:3796420-3796928	proximal	LRRC47	.	4
chr1:37989379-37989650	proximal	SF3A3	.	2
chr1:38005533-38005942	proximal	FHL3	.	2
chr1:38046610-38047508	proximal	MIR3659HG,POU3F1	.	4
chr1:38518411-38518561	distal	.	.	2
chr1:38532769-38532919	distal	.	.	2
chr1:3856937-3857499	proximal	CEP104,DFFB	.	4
chr1:38815974-38816225	proximal	ENSG00000284632	.	2
chr1:38872752-38873847	proximal	MYCBP	.	10
chr1:38914863-38915087	distal	.	.	2
chr1:38990978-38991637	proximal	AKIRIN1	.	2
chr1:3900050-3901021	proximal	C1orf174,LINC01134	.	8
chr1:3901096-3901524	proximal	LINC01134	.	8
chr1:39081345-39081667	proximal	MACF1	.	12
chr1:39105162-39105479	distal	.	.	10
chr1:3910799-3911117	distal	.	.	8
chr1:39183778-39184164	distal	.	.	6
chr1:39191703-39191892	distal	.	.	2
chr1:39242136-39242496	distal	.	.	6
chr1:39408648-39409152	distal	.	.	2
chr1:39409259-39409466	distal	.	.	2
chr1:39463282-39463485	distal	.	.	8
chr1:39491776-39492085	proximal	BMP8A	.	2
chr1:39509392-39509573	distal	.	.	6
chr1:39540333-39540483	distal	.	.	2
chr1:39565192-39565693	proximal	PABPC4-AS1	.	4
chr1:39576742-39577075	proximal	PABPC4	.	6
chr1:39606241-39606431	distal	.	.	4
chr1:39609678-39610053	distal	.	.	6
chr1:39639490-39640072	proximal	HEYL	.	6
chr1:39658111-39658268	distal	.	.	2
chr1:39690952-39691498	proximal	HPCAL4,PPIE	.	12
chr1:39701927-39702322	distal	.	.	4
chr1:39738634-39739166	distal	.	.	6
chr1:39764109-39764271	distal	.	.	8
chr1:39788733-39789167	proximal	BMP8B,ENSG00000261798	.	8
chr1:39799772-39800228	proximal	ENSG00000284719	.	8
chr1:39816898-39817085	proximal	LINC02811	.	4
chr1:39883211-39883858	proximal	TRIT1	.	6
chr1:39954768-39955371	proximal	MFSD2A	.	8
chr1:40039904-40041072	proximal	CAP1	.	6
chr1:40161119-40161716	proximal	RLF	.	14
chr1:40161804-40161954	proximal	RLF	.	4
chr1:40208815-40208965	distal	.	.	4
chr1:40257691-40258411	proximal	ZMPSTE24,ZMPSTE24-DT	.	4
chr1:40266537-40266725	distal	.	.	4
chr1:40315251-40315583	distal	.	.	12
chr1:40360885-40361035	distal	.	.	2
chr1:40373134-40374138	distal	.	.	2
chr1:40374202-40374679	distal	.	.	2
chr1:40444063-40444338	distal	.	.	2
chr1:40449873-40450242	proximal	ENSG00000284677,ZFP69B	.	12
chr1:40477095-40477312	proximal	ZFP69	.	2
chr1:40531383-40531668	proximal	ZNF684	.	2
chr1:40537815-40537965	distal	.	.	4
chr1:40708842-40708992	distal	.	.	4
chr1:40709071-40709632	distal	.	.	4
chr1:40802363-40802682	distal	.	.	2
chr1:40848656-40848810	distal	.	.	2
chr1:40862338-40862683	proximal	CITED4	.	4
chr1:40979276-40980143	proximal	CTPS1	.	8
chr1:41003807-41004198	distal	.	.	2
chr1:41201581-41201731	distal	.	.	2
chr1:41268238-41268473	distal	.	.	4
chr1:41360954-41361496	proximal	FOXO6	.	4
chr1:41432771-41432994	distal	.	.	2
chr1:41545452-41545794	distal	.	.	2
chr1:41661649-41661942	distal	.	.	8
chr1:41713826-41713976	distal	.	.	2
chr1:42035156-42035788	proximal	ENSG00000287587,HIVEP3	.	8
chr1:42312604-42312754	distal	.	.	2
chr1:42334631-42335503	proximal	FOXJ3	.	12
chr1:42380353-42380566	proximal	RIMKLA	.	2
chr1:42462910-42463561	proximal	CCDC30	.	4
chr1:42757087-42757278	distal	.	.	12
chr1:42766909-42767590	proximal	C1orf50,ENSG00000283580,P3H1	.	6
chr1:42816909-42817545	proximal	ERMAP,SVBP	.	16
chr1:42846206-42846730	proximal	ZNF691,ZNF691-DT	.	4
chr1:42886941-42887269	distal	.	.	12
chr1:42924128-42924845	proximal	ENSG00000288955	.	8
chr1:42958787-42959277	proximal	SLC2A1,SLC2A1-DT	.	8
chr1:42998833-42998983	distal	.	.	12
chr1:43137001-43137151	distal	.	.	8
chr1:43172211-43172791	proximal	CFAP57	.	10
chr1:43348602-43349307	proximal	ENSG00000287113	.	2
chr1:43358214-43359069	proximal	CDC20,CDC20-DT	.	8
chr1:43367563-43368233	proximal	ELOVL1,ENSG00000288772	.	16
chr1:43368374-43368524	proximal	ELOVL1,ENSG00000288772	.	16
chr1:43389486-43390005	proximal	MED8,SZT2	.	8
chr1:43526008-43526164	proximal	PTPRF	.	4
chr1:43582265-43582421	distal	.	.	4
chr1:43649780-43650196	proximal	ENSG00000284989,KDM4A	.	8
chr1:43650255-43650762	proximal	ENSG00000284989,KDM4A	.	8
chr1:43707271-43707936	proximal	KDM4A-AS1	.	8
chr1:43816138-43816310	distal	.	.	4
chr1:43946207-43947068	proximal	ENSG00000288573,IPO13	.	4
chr1:43947251-43947455	proximal	ENSG00000288573,IPO13	.	4
chr1:43969717-43970238	proximal	DPH2	.	12
chr1:43974783-43975121	proximal	ATP6V0B,ENSG00000285649	.	28
chr1:43991552-43991879	proximal	CCDC24	.	2
chr1:44029767-44030506	proximal	ENSG00000230615	.	8
chr1:44080217-44080429	distal	.	.	2
chr1:44115100-44115250	distal	.	.	2
chr1:44213588-44213738	proximal	DMAP1	.	2
chr1:44238053-44238673	distal	.	.	2
chr1:44342051-44342201	distal	.	.	4
chr1:44417389-44417603	distal	.	.	8
chr1:44431632-44431814	distal	.	.	8
chr1:44437524-44437705	distal	.	.	8
chr1:44484470-44484646	distal	.	.	10
chr1:44546547-44546697	distal	.	.	10
chr1:44581322-44581493	distal	.	.	12
chr1:44610096-44610379	distal	.	.	10
chr1:44631520-44631912	distal	.	.	2
chr1:44674108-44674911	proximal	ARMH1,TMEM53	.	8
chr1:44731333-44731571	distal	.	.	4
chr1:44739597-44739941	proximal	KIF2C	.	4
chr1:44775213-44775577	proximal	ENSG00000225721,RPS8	.	16
chr1:44786137-44786622	distal	.	.	2
chr1:44793700-44794167	distal	.	.	8
chr1:44799727-44800405	proximal	PLK3	.	4
chr1:44820175-44820334	distal	.	.	4
chr1:44835902-44836125	distal	.	.	8
chr1:44843140-44843691	proximal	PTCH2	.	12
chr1:44861903-44862088	distal	.	.	6
chr1:45085372-45085546	distal	.	.	4
chr1:45303501-45304255	proximal	LINC01144	.	4
chr1:45339850-45340650	proximal	MUTYH,TOE1	.	8
chr1:45465257-45465407	distal	.	.	14
chr1:45499949-45500392	proximal	CCDC163,MMACHC	.	16
chr1:45521745-45522133	distal	.	.	2
chr1:45536952-45537131	distal	.	.	4
chr1:45550451-45551131	proximal	AKR1A1	.	4
chr1:45583866-45584113	proximal	ENSG00000289407,NASP	.	12
chr1:45584401-45584843	proximal	ENSG00000289407,NASP	.	24
chr1:45686293-45687388	distal	.	.	4
chr1:45705390-45705540	distal	.	.	2
chr1:45750264-45750948	proximal	IPP	.	8
chr1:45802813-45803031	distal	.	.	14
chr1:45803429-45803642	distal	.	.	4
chr1:45849740-45849890	distal	.	.	4
chr1:45865302-45865452	distal	.	.	2
chr1:45897753-45897940	distal	.	.	12
chr1:45985218-45985368	distal	.	.	8
chr1:46019668-46019818	distal	.	.	4
chr1:46037111-46037327	distal	.	.	2
chr1:46068697-46068888	distal	.	.	12
chr1:46132119-46132352	proximal	PIK3R3	.	12
chr1:46132524-46133474	proximal	PIK3R3	.	8
chr1:46179640-46179817	distal	.	.	2
chr1:46203163-46203488	proximal	LURAP1	.	8
chr1:46223576-46223945	distal	.	.	16
chr1:46247015-46247852	proximal	RAD54L	.	8
chr1:46248025-46248325	distal	.	.	4
chr1:46303240-46303403	proximal	LRRC41,UQCRH	.	16
chr1:46303542-46303788	proximal	LRRC41,UQCRH	.	12
chr1:46331807-46332113	distal	.	.	4
chr1:46332176-46332326	distal	.	.	8
chr1:46340579-46340885	proximal	NSUN4	.	12
chr1:46341012-46341162	proximal	NSUN4	.	4
chr1:46347952-46348385	distal	.	.	12
chr1:46442322-46442584	distal	.	.	4
chr1:46442646-46443165	distal	.	.	8
chr1:46489639-46490065	proximal	DMBX1	.	8
chr1:46575929-46576123	distal	.	.	4
chr1:46603743-46604517	distal	.	.	6
chr1:46651243-46651395	distal	.	.	4
chr1:46725145-46725486	distal	.	.	8
chr1:46799855-46800005	distal	.	.	2
chr1:47142025-47142175	distal	.	.	2
chr1:47179189-47179764	proximal	CYP4A22-AS1,LINC00853	.	8
chr1:47314710-47315107	proximal	STIL	.	2
chr1:47333480-47333968	proximal	CMPK1	.	4
chr1:47437546-47438141	proximal	FOXD2	.	6
chr1:47449433-47449789	distal	.	.	2
chr1:47472683-47472833	distal	.	.	2
chr1:47534604-47534788	distal	.	.	8
chr1:47726313-47726506	distal	.	.	6
chr1:47858785-47858941	distal	.	.	4
chr1:50333095-50333329	distal	.	.	2
chr1:50333560-50333852	distal	.	.	2
chr1:50348756-50348981	distal	.	.	2
chr1:50604320-50604488	distal	.	.	2
chr1:50775504-50775654	distal	.	.	2
chr1:50977785-50978146	distal	.	.	2
chr1:50978239-50978481	distal	.	.	2
chr1:51236142-51236365	proximal	RNF11	.	12
chr1:51296809-51297145	distal	.	.	4
chr1:51321556-51321738	distal	.	.	2
chr1:51383460-51383610	distal	.	.	2
chr1:51518992-51519518	proximal	EPS15,EPS15-AS1	.	8
chr1:51616934-51617554	distal	.	.	2
chr1:51648453-51648738	distal	.	.	12
chr1:51671831-51672317	distal	.	.	8
chr1:51729282-51730201	distal	.	.	12
chr1:51807944-51808113	distal	.	.	8
chr1:51878042-51879303	proximal	NRDC	.	6
chr1:51932045-51932229	distal	.	.	6
chr1:52055031-52055716	proximal	BTF3L4,TXNDC12	.	24
chr1:52127471-52127685	distal	.	.	6
chr1:52141925-52142224	proximal	ZFYVE9	.	12
chr1:52150110-52150365	distal	.	.	8
chr1:52194008-52194158	distal	.	.	2
chr1:52210918-52211068	distal	.	.	8
chr1:52296810-52297117	distal	.	.	2
chr1:52502582-52502772	distal	.	.	4
chr1:52552941-52553873	proximal	TUT4	.	8
chr1:52697870-52698498	proximal	COA7	.	4
chr1:52702999-52703563	distal	.	.	10
chr1:52726248-52726855	proximal	ZYG11B	.	2
chr1:52738979-52739221	distal	.	.	2
chr1:52807095-52807306	distal	.	.	4
chr1:52926923-52927362	proximal	ECHDC2,SCP2	.	8
chr1:52927424-52927797	proximal	ECHDC2,SCP2	.	4
chr1:53028825-53028975	distal	.	.	4
chr1:53196654-53196967	proximal	CPT2	.	6
chr1:53220203-53220745	proximal	CZIB,CZIB-DT	.	4
chr1:53220864-53221181	proximal	CZIB,CZIB-DT	.	12
chr1:53587176-53587417	distal	.	.	2
chr1:53739112-53739638	proximal	GLIS1	.	4
chr1:53822147-53822297	distal	.	.	2
chr1:53837680-53838808	proximal	NDC1	.	6
chr1:53945361-53946406	proximal	HSPB11,LRRC42	.	8
chr1:54053861-54054037	proximal	TCEANC2,TMEM59	.	4
chr1:54081716-54081949	distal	.	.	2
chr1:54121651-54122092	distal	.	.	4
chr1:54199697-54200455	proximal	CYB5RL,ENSG00000256407	.	16
chr1:54273018-54273532	distal	.	.	8
chr1:54365997-54366332	distal	.	.	12
chr1:54406893-54407113	distal	.	.	4
chr1:54411649-54412044	distal	.	.	2
chr1:54423685-54423875	distal	.	.	2
chr1:54448613-54448774	distal	.	.	10
chr1:54488205-54488543	distal	.	.	16
chr1:54488831-54489054	distal	.	.	2
chr1:54489191-54489636	distal	.	.	2
chr1:54519100-54519382	distal	.	.	2
chr1:54542093-54542538	proximal	ACOT11	.	10
chr1:54601307-54601457	distal	.	.	2
chr1:54664396-54664546	distal	.	.	2
chr1:54886697-54887439	proximal	DHCR24,DHCR24-DT,ENSG00000242396	.	18
chr1:54945241-54945406	distal	.	.	2
chr1:55022101-55022337	distal	.	.	2
chr1:55284867-55285047	distal	.	.	2
chr1:56258157-56258307	distal	.	.	4
chr1:56584970-56585190	distal	.	.	10
chr1:56616919-56617354	distal	.	.	2
chr1:56644671-56645291	proximal	PLPP3,PRKAA2	.	24
chr1:56646069-56646545	proximal	PRKAA2	.	8
chr1:57011518-57011668	distal	.	.	2
chr1:57111292-57111535	distal	.	.	10
chr1:57147328-57147525	distal	.	.	4
chr1:57329251-57329401	distal	.	.	8
chr1:5752870-5753020	distal	.	.	4
chr1:58223872-58224097	distal	.	.	12
chr1:58345122-58345378	distal	.	.	2
chr1:58397095-58397268	distal	.	.	2
chr1:58417278-58417428	distal	.	.	4
chr1:58546187-58546996	proximal	DAB1,ENSG00000286918,OMA1	.	12
chr1:586098-586296	distal	.	.	8
chr1:58669522-58669695	distal	.	.	2
chr1:58779905-58780197	distal	.	.	8
chr1:58815230-58815517	distal	.	.	4
chr1:58903650-58904247	distal	.	.	6
chr1:59151113-59151263	distal	.	.	2
chr1:59276193-59276473	distal	.	.	2
chr1:5937003-5937247	distal	.	.	8
chr1:59376392-59376594	distal	.	.	4
chr1:59652997-59653304	distal	.	.	2
chr1:59759474-59759812	distal	.	.	2
chr1:5980453-5980969	distal	.	.	4
chr1:59826663-59826901	distal	.	.	2
chr1:59860818-59861105	distal	.	.	4
chr1:5992412-5992780	proximal	NPHP4	.	8
chr1:59926697-59926857	proximal	CYP2J2	.	4
chr1:59971364-59971635	distal	.	.	4
chr1:60008752-60008902	distal	.	.	2
chr1:60078947-60079097	distal	.	.	2
chr1:6034539-6034721	distal	.	.	2
chr1:6041526-6041729	distal	.	.	14
chr1:60637948-60638161	distal	.	.	2
chr1:60692560-60692816	distal	.	.	2
chr1:60696727-60696954	distal	.	.	2
chr1:60858469-60858728	distal	.	.	4
chr1:60916940-60917175	distal	.	.	4
chr1:60970792-60970947	distal	.	.	8
chr1:61049904-61050362	distal	.	.	8
chr1:61057687-61057994	proximal	NFIA-AS2	.	6
chr1:61076887-61077297	distal	.	.	2
chr1:61151649-61151997	distal	.	.	2
chr1:61224530-61224739	distal	.	.	6
chr1:61253492-61253718	proximal	NFIA-AS1	.	12
chr1:61453438-61453743	distal	.	.	2
chr1:6148714-6148955	distal	.	.	10
chr1:61641809-61641959	distal	.	.	2
chr1:61724794-61725327	proximal	TM2D1	.	4
chr1:61725393-61725688	proximal	TM2D1	.	2
chr1:61742154-61742858	proximal	PATJ,PATJ-DT	.	8
chr1:61763632-61763799	distal	.	.	4
chr1:6185711-6185861	distal	.	.	8
chr1:6199399-6199865	distal	.	.	6
chr1:6204936-6205659	proximal	RNF207,RNF207-AS1	.	12
chr1:62110334-62110514	distal	.	.	2
chr1:62131187-62131395	distal	.	.	2
chr1:62261165-62261315	distal	.	.	4
chr1:6235901-6236299	proximal	ICMT	.	22
chr1:6238702-6238910	distal	.	.	10
chr1:6246823-6246994	distal	.	.	14
chr1:62550718-62550876	distal	.	.	2
chr1:62687719-62688615	proximal	DOCK7,DOCK7-DT	.	16
chr1:62783649-62784240	proximal	ATG4C	.	8
chr1:62784493-62784678	proximal	ATG4C	.	2
chr1:62827958-62828108	distal	.	.	8
chr1:62893653-62893803	distal	.	.	4
chr1:629441-629639	distal	.	.	12
chr1:629748-630089	distal	.	.	16
chr1:63023272-63023422	proximal	ENSG00000227485,LINC01739	.	4
chr1:63173130-63173637	distal	.	.	4
chr1:63286501-63286651	distal	.	.	2
chr1:63286915-63287169	distal	.	.	2
chr1:63316958-63317692	proximal	LINC00466	.	4
chr1:63322424-63322794	proximal	FOXD3	.	6
chr1:63367302-63368112	proximal	ALG6	.	6
chr1:633825-634191	distal	.	.	2
chr1:63390412-63390624	distal	.	.	8
chr1:6343484-6343699	distal	.	.	6
chr1:63522817-63523650	proximal	EFCAB7	.	12
chr1:6353896-6354238	distal	.	.	2
chr1:63547630-63547804	proximal	DLEU2L	.	2
chr1:63653024-63653174	distal	.	.	6
chr1:63674483-63674756	distal	.	.	2
chr1:63692015-63692322	distal	.	.	6
chr1:63746154-63746542	distal	.	.	2
chr1:63836921-63837119	distal	.	.	4
chr1:63902933-63903084	distal	.	.	4
chr1:6393333-6393586	proximal	ACOT7,ENSG00000271746	.	16
chr1:6393669-6393918	proximal	ACOT7,ENSG00000271746	.	4
chr1:63994789-63994939	distal	.	.	6
chr1:64137207-64137368	distal	.	.	2
chr1:64163094-64163325	distal	.	.	4
chr1:64229300-64229629	distal	.	.	2
chr1:64236681-64236831	distal	.	.	4
chr1:64343536-64343847	distal	.	.	6
chr1:6437534-6437735	distal	.	.	2
chr1:64423445-64423698	distal	.	.	4
chr1:64469689-64470334	proximal	CACHD1	.	12
chr1:64470483-64470873	proximal	CACHD1	.	4
chr1:64505391-64505866	distal	.	.	2
chr1:64537983-64538136	distal	.	.	2
chr1:64572194-64572430	distal	.	.	6
chr1:64715330-64715480	distal	.	.	4
chr1:64738292-64738442	distal	.	.	2
chr1:64744860-64745395	proximal	RAVER2	.	6
chr1:6475591-6475746	distal	.	.	4
chr1:64781329-64781503	distal	.	.	4
chr1:64793018-64793235	distal	.	.	4
chr1:64823767-64823974	distal	.	.	2
chr1:64824279-64824446	distal	.	.	2
chr1:64859431-64859614	distal	.	.	2
chr1:64860867-64861017	distal	.	.	2
chr1:64965501-64965833	distal	.	.	2
chr1:64966061-64966963	distal	.	.	2
chr1:65002555-65002976	proximal	LINC01359	.	4
chr1:65066103-65066318	distal	.	.	6
chr1:65066679-65067526	proximal	ENSG00000288804,JAK1	.	8
chr1:65114131-65114281	distal	.	.	2
chr1:65148559-65149144	distal	.	.	12
chr1:65235414-65235573	distal	.	.	6
chr1:65254253-65255272	distal	.	.	4
chr1:65264776-65264926	distal	.	.	8
chr1:65265666-65265816	distal	.	.	2
chr1:65309169-65309595	proximal	ENSG00000290094	.	10
chr1:65309773-65310327	proximal	ENSG00000290094	.	8
chr1:65357474-65357711	distal	.	.	4
chr1:65442791-65442980	distal	.	.	4
chr1:65459557-65459707	distal	.	.	2
chr1:65469159-65469526	distal	.	.	2
chr1:65525336-65525718	distal	.	.	2
chr1:6554431-6554826	proximal	NOL9,TAS1R1	.	8
chr1:65563958-65564246	distal	.	.	8
chr1:65643997-65644160	distal	.	.	2
chr1:65792744-65793224	proximal	PDE4B	.	12
chr1:6579811-6580280	proximal	ZBTB48	.	8
chr1:66032637-66032837	distal	.	.	4
chr1:6613228-6613814	proximal	PHF13	.	8
chr1:6613889-6614287	proximal	KLHL21,PHF13	.	8
chr1:6625325-6625712	proximal	THAP3	.	10
chr1:66332049-66332559	distal	.	.	2
chr1:6648010-6648263	distal	.	.	4
chr1:66503968-66504164	distal	.	.	2
chr1:66543475-66543883	distal	.	.	4
chr1:6701361-6701669	proximal	DNAJC11	.	8
chr1:6701785-6702269	proximal	DNAJC11	.	4
chr1:67053388-67053860	proximal	SLC35D1	.	4
chr1:67053961-67054617	proximal	SLC35D1	.	4
chr1:67149254-67149435	distal	.	.	2
chr1:67155223-67155459	distal	.	.	10
chr1:6719632-6720264	distal	.	.	2
chr1:67401083-67401279	distal	.	.	4
chr1:67460941-67461226	distal	.	.	4
chr1:67561773-67561945	distal	.	.	6
chr1:6757931-6758266	distal	.	.	4
chr1:67674730-67674880	distal	.	.	2
chr1:67684870-67685434	proximal	GADD45A	.	4
chr1:67685508-67685666	proximal	GADD45A	.	4
chr1:67686279-67686973	distal	.	.	6
chr1:67700379-67701125	distal	.	.	2
chr1:67831946-67832254	proximal	GNG12-AS1	.	4
chr1:67832839-67833681	proximal	GNG12,GNG12-AS1	.	8
chr1:6784929-6785516	proximal	CAMTA1,CAMTA1-DT	.	12
chr1:68120218-68120411	distal	.	.	2
chr1:68155948-68156214	distal	.	.	2
chr1:68231068-68231950	distal	.	.	4
chr1:68342873-68343038	distal	.	.	2
chr1:6834833-6835137	distal	.	.	8
chr1:68481630-68481790	distal	.	.	2
chr1:6850924-6851080	distal	.	.	8
chr1:6962277-6963423	distal	.	.	2
chr1:70205116-70206001	proximal	LRRC40,SRSF11	.	4
chr1:70221202-70221951	proximal	ENSG00000228988	.	4
chr1:70410597-70411612	proximal	CTH	.	8
chr1:70510179-70510366	distal	.	.	4
chr1:70510449-70510806	distal	.	.	4
chr1:7075428-7075584	distal	.	.	2
chr1:7108116-7108293	distal	.	.	2
chr1:7208006-7208156	distal	.	.	6
chr1:7299374-7299646	distal	.	.	8
chr1:7352110-7352260	distal	.	.	4
chr1:74197983-74198563	proximal	FPGT,FPGT-TNNI3K,LRRIQ3	.	24
chr1:74557370-74557520	distal	.	.	12
chr1:74947489-74947639	distal	.	.	12
chr1:75615679-75616087	distal	.	.	4
chr1:75677724-75678336	distal	.	.	4
chr1:75785895-75786514	proximal	RABGGTB	.	4
chr1:7582934-7583084	distal	.	.	2
chr1:76040426-76040621	distal	.	.	2
chr1:76074498-76075333	proximal	ST6GALNAC3	.	4
chr1:7646387-7646557	distal	.	.	6
chr1:76531071-76531328	distal	.	.	2
chr1:7704483-7704912	distal	.	.	6
chr1:77281652-77281853	proximal	AK5	.	6
chr1:77282089-77282881	proximal	AK5	.	4
chr1:77438572-77438722	distal	.	.	2
chr1:77584509-77584659	distal	.	.	2
chr1:77697808-77697958	distal	.	.	2
chr1:7770858-7771680	proximal	VAMP3	.	8
chr1:77779466-77780353	proximal	MIGA1	.	8
chr1:77795519-77795821	distal	.	.	8
chr1:778256-779210	proximal	ENSG00000291215,LINC01409	.	24
chr1:7783750-7784240	proximal	PER3	.	8
chr1:77949070-77949272	distal	.	.	4
chr1:77952808-77952958	distal	.	.	4
chr1:77978746-77979610	proximal	DNAJB4,FUBP1,GIPC2	.	6
chr1:78004015-78004590	proximal	ENSG00000273338	.	4
chr1:78004707-78005008	proximal	ENSG00000273338	.	8
chr1:78033303-78033757	distal	.	.	2
chr1:78411266-78411416	distal	.	.	4
chr1:78884885-78885303	distal	.	.	4
chr1:7961299-7961996	distal	.	.	4
chr1:8055782-8055953	distal	.	.	2
chr1:81763376-81763619	distal	.	.	2
chr1:81777808-81777958	distal	.	.	2
chr1:81802760-81803145	distal	.	.	4
chr1:82025428-82025578	distal	.	.	2
chr1:82267571-82267749	distal	.	.	2
chr1:827026-827705	proximal	LINC00115	.	8
chr1:83692984-83693278	distal	.	.	10
chr1:83711758-83711954	distal	.	.	2
chr1:84077592-84078210	proximal	PRKACB,PRKACB-DT	.	8
chr1:8439055-8439431	distal	.	.	2
chr1:84404776-84404926	distal	.	.	4
chr1:84505699-84505998	proximal	GNG5,SPATA1	.	16
chr1:84506080-84506826	proximal	GNG5,SPATA1	.	16
chr1:84524966-84525116	distal	.	.	8
chr1:84574223-84574817	proximal	CTBS,ENSG00000284882	.	24
chr1:84604350-84604529	distal	.	.	4
chr1:84620678-84621177	proximal	ENSG00000289881	.	4
chr1:84633139-84633314	distal	.	.	4
chr1:84634806-84634956	proximal	LINC01555	.	2
chr1:84689948-84690915	proximal	SSX2IP	.	8
chr1:84715730-84715880	distal	.	.	8
chr1:84753642-84753792	distal	.	.	14
chr1:8482138-8482311	distal	.	.	6
chr1:8489158-8489308	distal	.	.	2
chr1:84893080-84893469	proximal	LPAR3	.	4
chr1:84938735-84938919	distal	.	.	4
chr1:84944732-84944937	distal	.	.	2
chr1:84945008-84945254	distal	.	.	8
chr1:84969468-84969627	distal	.	.	4
chr1:84996769-84997231	proximal	MCOLN2	.	4
chr1:85047458-85047720	proximal	MCOLN3	.	6
chr1:85047906-85048305	proximal	MCOLN3	.	2
chr1:85061900-85062446	distal	.	.	8
chr1:85200402-85200771	distal	.	.	4
chr1:85200867-85201811	proximal	SYDE2	.	18
chr1:85275226-85275460	distal	.	.	14
chr1:85276136-85277005	proximal	BCL10,BCL10-AS1	.	12
chr1:85298532-85298682	distal	.	.	2
chr1:85308135-85308429	distal	.	.	6
chr1:8542159-8542431	distal	.	.	4
chr1:85447224-85447433	distal	.	.	8
chr1:85464283-85465230	distal	.	.	10
chr1:85465342-85465495	distal	.	.	4
chr1:85476344-85476542	distal	.	.	4
chr1:85581293-85581743	proximal	CCN1	.	12
chr1:85607246-85607480	distal	.	.	4
chr1:85708127-85708769	proximal	ZNHIT6	.	4
chr1:85714459-85714781	distal	.	.	4
chr1:86202965-86203130	distal	.	.	2
chr1:86345431-86345581	distal	.	.	2
chr1:86585694-86585844	distal	.	.	2
chr1:8661216-8661573	distal	.	.	8
chr1:86774051-86774712	distal	.	.	2
chr1:869879-870030	distal	.	.	12
chr1:87009498-87009836	distal	.	.	2
chr1:8701086-8701236	distal	.	.	2
chr1:87020797-87020947	distal	.	.	2
chr1:8703000-8703163	distal	.	.	2
chr1:8703286-8703509	distal	.	.	4
chr1:87131777-87131987	distal	.	.	2
chr1:8726825-8727009	distal	.	.	8
chr1:87309755-87309905	distal	.	.	2
chr1:87331588-87331740	distal	.	.	2
chr1:87441302-87441515	distal	.	.	2
chr1:87718404-87718915	distal	.	.	2
chr1:87806522-87806672	distal	.	.	6
chr1:88093194-88093344	distal	.	.	4
chr1:88165279-88165429	distal	.	.	4
chr1:8817157-8817394	distal	.	.	2
chr1:8817923-8818224	distal	.	.	4
chr1:8849751-8849906	proximal	RERE	.	4
chr1:8869283-8869433	distal	.	.	2
chr1:8878656-8879391	proximal	ENO1,ENO1-AS1	.	12
chr1:88891582-88892294	proximal	GTF2B	.	4
chr1:8903007-8903206	distal	.	.	2
chr1:89358429-89358629	distal	.	.	4
chr1:89394950-89395100	distal	.	.	2
chr1:89490290-89490520	distal	.	.	8
chr1:89524046-89525096	proximal	ENSG00000286548,LRRC8B	.	8
chr1:89525326-89525578	proximal	ENSG00000286548,LRRC8B	.	4
chr1:89614491-89614860	distal	.	.	12
chr1:89632462-89633155	proximal	ENSG00000271949,LRRC8C,LRRC8C-DT	.	12
chr1:89633222-89633669	proximal	ENSG00000271949,LRRC8C,LRRC8C-DT	.	12
chr1:89708376-89708545	distal	.	.	12
chr1:89709470-89709656	distal	.	.	4
chr1:89731122-89731316	distal	.	.	8
chr1:89820719-89821007	proximal	LRRC8D,LRRC8D-DT	.	8
chr1:89870664-89870814	distal	.	.	2
chr1:89994796-89995374	proximal	ZNF326	.	12
chr1:9019624-9019774	distal	.	.	4
chr1:90207615-90207916	distal	.	.	8
chr1:90354696-90354846	distal	.	.	4
chr1:904649-904922	proximal	ENSG00000272438	.	4
chr1:90851095-90852008	proximal	LINC01763,LINC02609	.	8
chr1:90893262-90893412	distal	.	.	4
chr1:91006650-91006841	distal	.	.	2
chr1:91021645-91022449	proximal	ZNF644	.	4
chr1:91075230-91075440	distal	.	.	2
chr1:91280681-91280842	distal	.	.	2
chr1:91404096-91404873	proximal	HFM1	.	4
chr1:9142309-9142507	distal	.	.	2
chr1:91500653-91501537	proximal	CDC7	.	2
chr1:91732587-91732828	distal	.	.	4
chr1:9181345-9181559	proximal	LNCTAM34A	.	10
chr1:91886129-91886399	distal	.	.	10
chr1:9196303-9196642	distal	.	.	2
chr1:92030032-92030672	proximal	ENSG00000289483,EPHX4	.	8
chr1:9210283-9210449	distal	.	.	2
chr1:92268925-92269091	distal	.	.	2
chr1:92298613-92299556	proximal	GLMN,RPAP2	.	16
chr1:9234550-9235247	proximal	H6PD	.	8
chr1:92392725-92392882	distal	.	.	4
chr1:92478278-92478428	distal	.	.	2
chr1:92486766-92487104	proximal	GFI1	.	2
chr1:92601644-92601806	distal	.	.	2
chr1:92756731-92757007	distal	.	.	2
chr1:92784385-92784897	distal	.	.	2
chr1:92822916-92823134	distal	.	.	2
chr1:92870335-92870485	distal	.	.	2
chr1:92878660-92878810	distal	.	.	8
chr1:9292615-9292861	proximal	SPSB1	.	6
chr1:9307867-9308027	distal	.	.	2
chr1:93164719-93164869	distal	.	.	2
chr1:93179802-93181194	proximal	CCDC18,TMED5	.	8
chr1:93345391-93346193	proximal	CCDC18-AS1,DR1	.	8
chr1:93447903-93449420	proximal	FNBP1L	.	4
chr1:93532199-93532349	distal	.	.	4
chr1:93582642-93582994	distal	.	.	4
chr1:93681750-93682142	distal	.	.	8
chr1:93846263-93846720	proximal	BCAR3,ENSG00000260464	.	4
chr1:93847145-93847718	proximal	BCAR3,ENSG00000260464	.	4
chr1:9388906-9389056	distal	.	.	2
chr1:93909244-93909961	proximal	GCLM	.	8
chr1:941664-941881	distal	.	.	8
chr1:94247142-94247894	proximal	ARHGAP29-AS1	.	8
chr1:9428830-9429285	distal	.	.	4
chr1:94417958-94418543	proximal	ABCD3,ENSG00000286692	.	12
chr1:94792007-94792299	distal	.	.	4
chr1:94819995-94820621	proximal	SLC44A3	.	12
chr1:94884104-94884258	distal	.	.	8
chr1:94926647-94927592	proximal	CNN3,CNN3-DT	.	8
chr1:9539134-9539773	proximal	SLC25A33	.	4
chr1:9588457-9588865	proximal	TMEM201	.	10
chr1:960218-960370	proximal	KLHL17,NOC2L	.	16
chr1:9721654-9722035	distal	.	.	10
chr1:976148-976326	distal	.	.	18
chr1:9823867-9824349	proximal	CLSTN1	.	4
chr1:98661262-98661450	proximal	SNX7	.	2
chr1:98661563-98661896	proximal	SNX7	.	2
chr1:9874935-9875124	distal	.	.	6
chr1:9943042-9943597	proximal	ENSG00000228150,LZIC,NMNAT1	.	6
chr1:99682563-99682719	distal	.	.	4
chr1:99849824-99850503	proximal	AGL	.	8
chr1:99885416-99885614	distal	.	.	12
chr1:99944520-99944770	distal	.	.	8
chr1:99969662-99970294	proximal	ENSG00000228084,ENSG00000283761,SLC35A3	.	24
chr1:99970354-99970537	proximal	ENSG00000228084,ENSG00000283761	.	8
chr20:1118332-1118658	proximal	ENSG00000286787	.	12
chr20:1283617-1283850	distal	.	.	6
chr20:1325211-1325546	proximal	SDCBP2-AS1	.	2
chr20:1325619-1325859	proximal	SDCBP2-AS1	.	18
chr20:1360115-1360418	distal	.	.	4
chr20:13765206-13765356	distal	.	.	4
chr20:1392969-1393318	proximal	ENSG00000274322,FKBP1A	.	16
chr20:13995004-13995761	proximal	MACROD2	.	4
chr20:14028307-14028477	distal	.	.	4
chr20:14337424-14337826	proximal	FLRT3	.	4
chr20:1466718-1467081	distal	.	.	4
chr20:1503492-1503897	distal	.	.	8
chr20:17530792-17531302	distal	.	.	10
chr20:17536983-17537269	distal	.	.	8
chr20:17569467-17570294	proximal	BFSP1,DSTN	.	8
chr20:17681536-17681691	proximal	RRBP1	.	8
chr20:1777262-1777488	distal	.	.	2
chr20:17968584-17969190	proximal	MGME1,SNX5	.	32
chr20:18059103-18059339	proximal	ENSG00000229262,OVOL2	.	16
chr20:18176312-18176557	distal	.	.	10
chr20:18224947-18225503	distal	.	.	12
chr20:18288095-18288787	proximal	ZNF133	.	2
chr20:18466701-18466851	proximal	DZANK1,POLR3F	.	12
chr20:18466922-18467499	proximal	DZANK1,POLR3F	.	20
chr20:18496946-18497410	proximal	RBBP9	.	4
chr20:18507347-18508209	proximal	SEC23B	.	2
chr20:2038806-2038956	distal	.	.	4
chr20:2102017-2102424	proximal	STK35	.	2
chr20:2102490-2102944	proximal	STK35	.	4
chr20:21050771-21051028	distal	.	.	2
chr20:21125786-21126417	proximal	KIZ	.	4
chr20:21196147-21196316	distal	.	.	4
chr20:21236127-21236303	distal	.	.	4
chr20:21303495-21303976	proximal	ENSG00000275457,XRN2	.	16
chr20:21663556-21663706	distal	.	.	8
chr20:21694320-21694470	distal	.	.	8
chr20:21767756-21768065	distal	.	.	2
chr20:23357881-23358393	proximal	LINC01431	.	2
chr20:23421304-23421660	proximal	NAPB	.	2
chr20:2352140-2352402	distal	.	.	6
chr20:23638430-23638733	proximal	CST3	.	4
chr20:2470137-2470287	proximal	SNRPB	.	2
chr20:24992672-24993010	proximal	APMAP,ENSG00000286444	.	8
chr20:2508162-2508417	proximal	ENSG00000256566	.	4
chr20:2508792-2509334	proximal	ENSG00000256566	.	2
chr20:2516047-2516197	distal	.	.	4
chr20:25176711-25176968	distal	.	.	2
chr20:25222968-25223137	distal	.	.	8
chr20:2524358-2524711	proximal	ZNF343	.	10
chr20:2524919-2525090	proximal	ZNF343	.	4
chr20:25389842-25390256	proximal	ABHD12,GINS1	.	8
chr20:2548745-2548964	distal	.	.	12
chr20:25537562-25537712	distal	.	.	2
chr20:25863349-25863911	distal	.	.	8
chr20:2652083-2652643	proximal	NOP56	.	4
chr20:2664182-2664367	proximal	IDH3B,IDH3B-DT	.	4
chr20:267019-267241	proximal	ENSG00000272874	.	2
chr20:2708066-2708417	distal	.	.	2
chr20:2820318-2820528	distal	.	.	4
chr20:2831382-2831825	distal	.	.	2
chr20:28494696-28495208	distal	.	.	2
chr20:28497472-28497651	distal	.	.	2
chr20:2852031-2852327	distal	.	.	2
chr20:2872811-2873463	proximal	PTPRA	.	16
chr20:290370-290865	proximal	C20orf96	.	6
chr20:297221-297642	proximal	ZCCHC3	.	6
chr20:3045644-3046171	proximal	MRPS26	.	4
chr20:31068100-31068783	distal	.	.	4
chr20:3115554-3115859	distal	.	.	2
chr20:31547231-31547465	proximal	MCTS2	.	4
chr20:31572850-31573406	proximal	HM13-AS1	.	4
chr20:31596189-31596358	distal	.	.	10
chr20:31605092-31605580	proximal	ENSG00000289875,ID1	.	12
chr20:31722597-31722975	distal	.	.	2
chr20:3173345-3173744	proximal	ENSG00000289183,LZTS3	.	4
chr20:31738832-31739548	proximal	ENSG00000289492,TPX2	.	12
chr20:31861619-31861875	distal	.	.	2
chr20:31869701-31870361	proximal	DUSP15,TTLL9	.	16
chr20:31879637-31880464	distal	.	.	22
chr20:31942971-31943121	distal	.	.	8
chr20:31968281-31968700	proximal	XKR7	.	8
chr20:32018348-32018884	distal	.	.	8
chr20:32029043-32029201	distal	.	.	2
chr20:32031539-32031796	proximal	ENSG00000226239	.	8
chr20:3204320-3204784	proximal	DDRGK1	.	8
chr20:32071555-32071705	distal	.	.	2
chr20:32074036-32074186	distal	.	.	8
chr20:32109688-32110255	proximal	TM9SF4	.	12
chr20:32121818-32122011	distal	.	.	4
chr20:3218577-3218906	distal	.	.	2
chr20:32207609-32207915	proximal	PLAGL2,POFUT1	.	24
chr20:324344-324638	distal	.	.	6
chr20:32457495-32457699	distal	.	.	4
chr20:32483403-32483871	distal	.	.	2
chr20:325167-325581	proximal	SOX12	.	4
chr20:32536186-32536642	distal	.	.	4
chr20:32665310-32665707	distal	.	.	2
chr20:326987-327339	distal	.	.	2
chr20:32761853-32762566	proximal	DNMT3B	.	4
chr20:32772441-32772591	distal	.	.	2
chr20:32819657-32820276	proximal	MAPRE1	.	4
chr20:32852929-32853692	proximal	ENSG00000260536	.	4
chr20:32985205-32985361	distal	.	.	4
chr20:33299144-33299371	distal	.	.	8
chr20:33433520-33433770	distal	.	.	6
chr20:33580748-33581068	distal	.	.	4
chr20:33663223-33663399	proximal	C20orf144	.	8
chr20:33674398-33674595	proximal	ENSG00000271803,NECAB3	.	16
chr20:33686165-33686726	proximal	E2F1	.	4
chr20:33732704-33732889	proximal	ENSG00000229188	.	8
chr20:33811054-33812145	proximal	CHMP4B,ZNF341-AS1	.	12
chr20:33933517-33933737	distal	.	.	2
chr20:33994337-33994547	proximal	RALY,RALY-AS1	.	8
chr20:3408649-3408987	distal	.	.	2
chr20:34112102-34113150	proximal	EIF2S2	.	4
chr20:34145283-34145499	distal	.	.	8
chr20:34215912-34216433	distal	.	.	16
chr20:34312733-34312940	distal	.	.	10
chr20:34338024-34338174	distal	.	.	2
chr20:34344909-34345059	distal	.	.	10
chr20:34363094-34363779	proximal	ENSG00000289720,ITCH	.	16
chr20:34415441-34415591	distal	.	.	8
chr20:34453653-34453927	distal	.	.	8
chr20:34493585-34493835	distal	.	.	4
chr20:34515469-34515783	proximal	DYNLRB1	.	6
chr20:34516024-34516843	proximal	DYNLRB1	.	4
chr20:346748-347191	proximal	NRSN2	.	4
chr20:34676528-34677414	distal	.	.	18
chr20:34704592-34704794	proximal	TP53INP2	.	10
chr20:34709221-34709856	distal	.	.	4
chr20:347581-348067	proximal	NRSN2-AS1	.	10
chr20:34769838-34770139	distal	.	.	6
chr20:34825087-34825430	proximal	NCOA6	.	6
chr20:34872791-34873005	proximal	ACSS2,GGT7	.	16
chr20:34876086-34876617	distal	.	.	6
chr20:35092489-35092968	proximal	TRPC4AP	.	12
chr20:35093119-35093303	proximal	TRPC4AP	.	4
chr20:35096176-35096460	distal	.	.	2
chr20:35147193-35147511	proximal	EDEM2	.	4
chr20:35259885-35260035	distal	.	.	2
chr20:35277510-35278229	proximal	MMP24OS	.	28
chr20:35284188-35285402	proximal	EIF6,FAM83C-AS1	.	8
chr20:35303927-35304114	distal	.	.	6
chr20:35307014-35307204	distal	.	.	4
chr20:35318601-35318775	distal	.	.	2
chr20:35319215-35319704	distal	.	.	14
chr20:35370020-35370218	distal	.	.	4
chr20:35394818-35394968	distal	.	.	8
chr20:35411930-35412589	proximal	UQCC1	.	8
chr20:35447287-35447437	distal	.	.	10
chr20:35454977-35455889	proximal	CEP250,GDF5	.	16
chr20:35541827-35542505	proximal	ERGIC3	.	8
chr20:35584010-35584261	distal	.	.	8
chr20:35616000-35617060	proximal	SPAG4	.	2
chr20:35617698-35617882	distal	.	.	4
chr20:35619371-35619572	distal	.	.	4
chr20:35664403-35664796	proximal	CPNE1,RBM12	.	16
chr20:35664864-35665171	proximal	CPNE1,RBM12	.	12
chr20:35698728-35699867	proximal	NFS1,ROMO1	.	8
chr20:35710985-35711143	distal	.	.	4
chr20:35742082-35742857	proximal	ENSG00000289872,RBM39	.	4
chr20:35771800-35772438	proximal	PHF20	.	4
chr20:35875126-35875668	distal	.	.	8
chr20:35883594-35883829	distal	.	.	12
chr20:35954248-35954758	proximal	CNBD2	.	8
chr20:35955095-35955245	proximal	CNBD2	.	4
chr20:35995084-35995302	distal	.	.	2
chr20:36019254-36019508	distal	.	.	8
chr20:36050927-36051182	proximal	ENSG00000234139,NORAD	.	4
chr20:36064262-36064506	proximal	ENSG00000277235	.	2
chr20:36064706-36065298	proximal	ENSG00000277235	.	8
chr20:36125566-36125769	distal	.	.	4
chr20:36154451-36154868	distal	.	.	16
chr20:36196178-36196434	distal	.	.	6
chr20:36199800-36199993	distal	.	.	10
chr20:36214605-36214923	distal	.	.	8
chr20:36265802-36265952	distal	.	.	4
chr20:36353587-36353802	distal	.	.	6
chr20:36460903-36461472	distal	.	.	14
chr20:36529651-36529801	distal	.	.	10
chr20:36573292-36573690	proximal	DLGAP4-AS1,TGIF2	.	16
chr20:36605436-36605857	proximal	RAB5IF	.	12
chr20:36623111-36623261	distal	.	.	2
chr20:36632540-36632810	distal	.	.	4
chr20:36674579-36674944	distal	.	.	14
chr20:36773453-36774039	proximal	DSN1	.	4
chr20:36774098-36774531	proximal	DSN1	.	2
chr20:36779597-36779858	distal	.	.	8
chr20:36808654-36808850	distal	.	.	2
chr20:36863643-36864090	proximal	SOGA1	.	16
chr20:36887032-36887478	distal	.	.	10
chr20:36950960-36951946	proximal	SAMHD1	.	8
chr20:36952093-36952243	proximal	SAMHD1	.	2
chr20:36991456-36991659	distal	.	.	4
chr20:37095437-37096581	proximal	ENSG00000269846,RBL1	.	8
chr20:3710116-3710405	distal	.	.	2
chr20:37134506-37134733	distal	.	.	2
chr20:37153355-37153505	distal	.	.	8
chr20:37166454-37166630	distal	.	.	12
chr20:37178582-37179375	proximal	MROH8,RPN2	.	24
chr20:37269801-37270019	distal	.	.	2
chr20:37289825-37290019	proximal	MANBAL	.	4
chr20:37290240-37290424	proximal	MANBAL	.	2
chr20:37339507-37339721	distal	.	.	4
chr20:37345770-37346198	distal	.	.	2
chr20:37384764-37385033	distal	.	.	4
chr20:37527618-37527972	proximal	BLCAP,ENSG00000276603	.	8
chr20:37564529-37564701	distal	.	.	8
chr20:3767737-3768231	proximal	C20orf27	.	2
chr20:3768342-3768579	proximal	C20orf27	.	8
chr20:37693837-37694203	proximal	CTNNBL1	.	8
chr20:3781386-3781632	proximal	SPEF1	.	4
chr20:37863456-37863623	distal	.	.	4
chr20:37902957-37903347	proximal	VSTM2L	.	4
chr20:3795666-3796589	distal	.	.	6
chr20:37969211-37969508	distal	.	.	4
chr20:38033151-38034142	proximal	RPRD1B,TTI1	.	24
chr20:380946-381118	distal	.	.	4
chr20:3820041-3821015	proximal	AP5S1	.	2
chr20:38220987-38221378	distal	.	.	8
chr20:38356373-38356564	distal	.	.	8
chr20:38446460-38446818	proximal	SNHG11	.	4
chr20:38472512-38473133	proximal	RALGAPB	.	2
chr20:38601962-38602140	proximal	ARHGAP40	.	10
chr20:38731500-38731720	distal	.	.	8
chr20:38748768-38748934	proximal	ACTR5	.	6
chr20:38893355-38893519	distal	.	.	4
chr20:38915236-38915412	distal	.	.	4
chr20:38926026-38926629	proximal	FAM83D	.	6
chr20:3899139-3899289	distal	.	.	4
chr20:407782-408437	proximal	RBCK1	.	4
chr20:4085312-4085541	distal	.	.	4
chr20:4097582-4097750	distal	.	.	6
chr20:41028316-41029058	proximal	TOP1	.	6
chr20:4108468-4108952	distal	.	.	10
chr20:41317598-41317924	proximal	ZHX3	.	2
chr20:41340634-41341117	proximal	LPIN3	.	6
chr20:4148521-4149118	distal	.	.	4
chr20:41510357-41510507	distal	.	.	4
chr20:41618038-41618855	proximal	CHD6	.	2
chr20:41894482-41894632	distal	.	.	6
chr20:42149837-42149987	distal	.	.	2
chr20:421634-421784	distal	.	.	4
chr20:4331845-4332011	distal	.	.	2
chr20:43457452-43458054	proximal	ENSG00000288000,SRSF6	.	4
chr20:43506981-43507131	distal	.	.	4
chr20:43513967-43514560	distal	.	.	2
chr20:43558265-43558518	proximal	SGK2	.	4
chr20:43590505-43591232	proximal	ENSG00000282876,IFT52	.	8
chr20:43657490-43657944	distal	.	.	4
chr20:43666942-43667353	proximal	MYBL2	.	8
chr20:43755560-43755775	distal	.	.	4
chr20:43992358-43992571	distal	.	.	8
chr20:44038885-44039035	distal	.	.	2
chr20:44116765-44116929	distal	.	.	6
chr20:44188269-44188485	distal	.	.	4
chr20:44288201-44288351	distal	.	.	2
chr20:44310895-44311745	proximal	FITM2	.	10
chr20:44384905-44385055	distal	.	.	2
chr20:44407116-44407459	distal	.	.	10
chr20:44515281-44515438	distal	.	.	4
chr20:44531379-44531582	proximal	PKIG	.	6
chr20:44531685-44531977	proximal	PKIG	.	6
chr20:44563000-44563150	distal	.	.	2
chr20:44729022-44729458	distal	.	.	6
chr20:44736178-44736550	distal	.	.	6
chr20:44742349-44742499	distal	.	.	4
chr20:44885179-44885964	proximal	ENSG00000286100,YWHAB	.	4
chr20:44910190-44910425	proximal	PABPC1L	.	2
chr20:44960286-44960674	proximal	TOMM34	.	4
chr20:44966246-44966949	proximal	STK4,STK4-DT	.	24
chr20:44998952-44999102	distal	.	.	4
chr20:45011187-45011342	distal	.	.	8
chr20:45085671-45085828	distal	.	.	2
chr20:45311658-45311834	distal	.	.	8
chr20:45362889-45363639	proximal	SYS1-DBNDD2	.	4
chr20:45386318-45386475	distal	.	.	4
chr20:45406293-45406644	proximal	DBNDD2	.	4
chr20:45415959-45416425	proximal	PIGT	.	10
chr20:45436965-45437178	distal	.	.	4
chr20:45489664-45489980	distal	.	.	8
chr20:45537845-45537995	distal	.	.	2
chr20:45791679-45792140	proximal	DNTTIP1,WFDC3	.	8
chr20:45857092-45858087	proximal	ACOT8,ZSWIM3	.	24
chr20:45891224-45891448	proximal	NEURL2	.	2
chr20:45911718-45912277	proximal	PLTP	.	6
chr20:45934221-45934482	proximal	ENSG00000285796,PCIF1	.	8
chr20:45934572-45934778	proximal	ENSG00000285796,PCIF1	.	8
chr20:45934862-45935397	proximal	ENSG00000285796,PCIF1	.	12
chr20:46021826-46022422	proximal	SLC12A5,SLC12A5-AS1	.	8
chr20:46022999-46023149	distal	.	.	6
chr20:46089510-46090257	proximal	NCOA5	.	8
chr20:46118196-46118346	proximal	CD40	.	2
chr20:46132700-46132859	distal	.	.	8
chr20:461930-462749	proximal	TBC1D20	.	8
chr20:46216033-46216265	distal	.	.	2
chr20:46253576-46253897	distal	.	.	2
chr20:46363938-46364202	proximal	ENSG00000273828,SLC35C2	.	12
chr20:46406189-46406870	distal	.	.	16
chr20:46638054-46638204	distal	.	.	8
chr20:46689120-46689845	proximal	TP53RK,TP53RK-DT	.	4
chr20:47501531-47502102	proximal	NCOA3	.	2
chr20:4760652-4760844	proximal	ENSG00000278595	.	8
chr20:4823371-4823792	proximal	RASSF2	.	8
chr20:48385519-48385669	proximal	ENSG00000236874	.	2
chr20:48794221-48794473	distal	.	.	8
chr20:48921405-48921809	proximal	ARFGEF2	.	4
chr20:49045849-49046898	proximal	CSE1L,CSE1L-DT	.	20
chr20:49056283-49056460	distal	.	.	4
chr20:49133098-49133430	distal	.	.	2
chr20:49187565-49187786	proximal	STAU1	.	4
chr20:49188259-49188702	proximal	STAU1	.	2
chr20:49219110-49219424	proximal	DDX27	.	2
chr20:49445783-49446059	distal	.	.	4
chr20:49483758-49484085	proximal	KCNB1	.	2
chr20:4950012-4950368	distal	.	.	8
chr20:49610660-49611070	distal	.	.	4
chr20:49712921-49713412	proximal	B4GALT5	.	14
chr20:49713824-49714209	proximal	B4GALT5	.	12
chr20:49771337-49771487	distal	.	.	8
chr20:49776675-49776825	distal	.	.	6
chr20:49812267-49812646	proximal	SLC9A8	.	2
chr20:49812708-49813178	proximal	SLC9A8	.	2
chr20:49888591-49888757	distal	.	.	8
chr20:49909894-49910143	distal	.	.	12
chr20:49915418-49915959	proximal	SPATA2	.	14
chr20:49928424-49928965	distal	.	.	14
chr20:49936686-49936877	proximal	RNF114	.	4
chr20:49948290-49948440	distal	.	.	6
chr20:49982389-49982665	proximal	SNAI1	.	8
chr20:49982723-49983013	proximal	SNAI1	.	4
chr20:50071296-50071606	distal	.	.	6
chr20:50085203-50085353	distal	.	.	4
chr20:50111898-50112048	distal	.	.	2
chr20:50115908-50116125	proximal	UBE2V1	.	12
chr20:50153651-50153967	proximal	PEDS1,PEDS1-UBE2V1	.	16
chr20:50165538-50165910	proximal	ENSG00000234698,LINC01275	.	40
chr20:50166102-50166381	proximal	ENSG00000234698,LINC01275	.	12
chr20:50171955-50172714	proximal	LINC01273	.	6
chr20:50179373-50179534	distal	.	.	4
chr20:50221584-50221801	distal	.	.	2
chr20:50395597-50395756	distal	.	.	6
chr20:50426997-50427204	distal	.	.	2
chr20:50460813-50460997	distal	.	.	2
chr20:50610263-50610486	distal	.	.	2
chr20:50635774-50636190	distal	.	.	4
chr20:50730690-50731731	proximal	PARD6B	.	6
chr20:50741276-50741463	distal	.	.	2
chr20:50743986-50744726	distal	.	.	12
chr20:50790699-50790964	distal	.	.	8
chr20:50794819-50795210	proximal	BCAS4	.	8
chr20:50818305-50818630	distal	.	.	2
chr20:50929503-50929733	distal	.	.	4
chr20:50981531-50981687	distal	.	.	8
chr20:50987611-50988088	distal	.	.	12
chr20:51022883-51023308	proximal	KCNG1	.	10
chr20:51134608-51134758	distal	.	.	4
chr20:5126444-5127303	proximal	CDS2,PCNA	.	8
chr20:51306615-51307052	distal	.	.	2
chr20:51352228-51352378	distal	.	.	2
chr20:5137243-5137439	distal	.	.	4
chr20:51562466-51562855	proximal	NFATC2	.	8
chr20:51719934-51720084	distal	.	.	2
chr20:5205953-5206236	distal	.	.	2
chr20:52145685-52145835	distal	.	.	4
chr20:53162490-53162654	distal	.	.	6
chr20:5320935-5321085	distal	.	.	2
chr20:53503614-53503838	proximal	ENSG00000259723	.	6
chr20:53527026-53527275	distal	.	.	2
chr20:53594175-53594734	distal	.	.	2
chr20:53615291-53615441	distal	.	.	2
chr20:54173528-54173886	proximal	CYP24A1	.	2
chr20:543091-543921	proximal	CSNK2A1	.	12
chr20:561750-561992	distal	.	.	12
chr20:56541603-56541829	distal	.	.	10
chr20:57061204-57061610	distal	.	.	4
chr20:57265744-57266055	proximal	BMP7,ENSG00000226308	.	16
chr20:57301793-57301943	distal	.	.	12
chr20:57391163-57391455	proximal	RBM38	.	4
chr20:57425188-57425338	distal	.	.	2
chr20:57709823-57710197	proximal	NKILA	.	4
chr20:58148539-58148689	distal	.	.	4
chr20:58309348-58310245	proximal	ENSG00000291067,RAB22A	.	8
chr20:58336308-58336478	distal	.	.	8
chr20:58383372-58383522	distal	.	.	2
chr20:58688372-58688779	proximal	NPEPL1	.	4
chr20:58945766-58946006	distal	.	.	6
chr20:58997269-58997497	distal	.	.	4
chr20:59032224-59032773	proximal	ATP5F1E,ENSG00000289837	.	8
chr20:59042380-59042615	proximal	PRELID3B	.	8
chr20:5911351-5911840	proximal	CHGB	.	4
chr20:59489026-59489176	distal	.	.	4
chr20:59812062-59812266	distal	.	.	2
chr20:5982182-5982347	distal	.	.	4
chr20:59955263-59955462	distal	.	.	8
chr20:60058325-60058653	distal	.	.	2
chr20:61570359-61570514	distal	.	.	2
chr20:61695970-61696149	distal	.	.	8
chr20:62065850-62066136	proximal	ENSG00000283078,TAF4	.	8
chr20:62121557-62122524	proximal	ENSG00000289236,LSM14B	.	16
chr20:62143129-62143823	proximal	PSMA7,SS18L1	.	8
chr20:62156776-62157205	distal	.	.	4
chr20:62220342-62220508	proximal	HRH3	.	2
chr20:62238110-62238594	distal	.	.	2
chr20:62238697-62238847	distal	.	.	2
chr20:62276697-62276847	distal	.	.	2
chr20:62301848-62303080	proximal	ADRM1	.	4
chr20:62334855-62335069	distal	.	.	2
chr20:62368047-62368215	proximal	LAMA5	.	2
chr20:62369001-62369170	distal	.	.	2
chr20:62386910-62387172	proximal	ENSG00000273619,RPS21	.	8
chr20:62407200-62407618	proximal	CABLES2	.	12
chr20:62500243-62500440	distal	.	.	12
chr20:62616671-62617152	distal	.	.	2
chr20:62642238-62642525	proximal	ENSG00000167046,SLCO4A1	.	24
chr20:62694027-62694207	distal	.	.	2
chr20:62699669-62699819	proximal	LINC00686	.	4
chr20:62699923-62700097	proximal	LINC00686	.	2
chr20:62743432-62743604	distal	.	.	2
chr20:62766221-62766371	distal	.	.	8
chr20:62776876-62777198	proximal	LINC00659	.	4
chr20:62794170-62794682	distal	.	.	12
chr20:62796338-62796536	proximal	MRGBP	.	4
chr20:62822884-62823044	distal	.	.	2
chr20:62875418-62875713	distal	.	.	10
chr20:62900360-62900579	distal	.	.	8
chr20:62921323-62921559	distal	.	.	4
chr20:62926432-62926674	distal	.	.	8
chr20:62937814-62938100	proximal	DIDO1,GID8	.	28
chr20:62972358-62972657	distal	.	.	8
chr20:63008735-63009323	proximal	LINC01749	.	22
chr20:63068584-63068771	distal	.	.	4
chr20:63134447-63134656	distal	.	.	4
chr20:63135310-63135886	distal	.	.	22
chr20:63216017-63216432	proximal	YTHDF1	.	4
chr20:63272359-63272826	proximal	ARFGAP1,NKAIN4	.	20
chr20:63291361-63291542	distal	.	.	16
chr20:63309449-63309737	distal	.	.	8
chr20:63382484-63382642	distal	.	.	4
chr20:63472130-63472280	proximal	KCNQ2	.	6
chr20:63487029-63487239	distal	.	.	2
chr20:63496216-63496366	distal	.	.	12
chr20:63520358-63520819	proximal	PPDPF	.	6
chr20:63537765-63537932	proximal	PTK6	.	6
chr20:63538013-63538419	proximal	PTK6	.	2
chr20:63553258-63553780	distal	.	.	8
chr20:63574159-63574405	proximal	HELZ2	.	16
chr20:63626688-63626921	proximal	GMEB2,MHENCR	.	20
chr20:63627034-63627563	proximal	GMEB2,MHENCR	.	4
chr20:63628348-63628535	distal	.	.	14
chr20:63641759-63642148	distal	.	.	8
chr20:63653356-63653934	distal	.	.	6
chr20:63658172-63658735	proximal	RTEL1,RTEL1-TNFRSF6B,STMN3	.	18
chr20:63707820-63708161	proximal	ARFRP1,ENSG00000273154,ZGPAT	.	30
chr20:63739529-63739792	proximal	SLC2A4RG	.	22
chr20:63740700-63741290	distal	.	.	10
chr20:63757619-63758026	distal	.	.	4
chr20:63826521-63826671	distal	.	.	2
chr20:63845834-63845984	distal	.	.	8
chr20:63864859-63865443	proximal	ENSG00000268858,ENSG00000290226,TPD52L2	.	36
chr20:63894801-63895172	proximal	DNAJC5	.	10
chr20:63948553-63948725	distal	.	.	4
chr20:63948790-63949016	distal	.	.	8
chr20:63956340-63956674	proximal	UCKL1	.	4
chr20:63980877-63981162	proximal	PRPF6	.	4
chr20:63981281-63981517	proximal	PRPF6	.	8
chr20:64039007-64039266	distal	.	.	6
chr20:64062970-64063227	distal	.	.	4
chr20:64083346-64083711	proximal	LKAAEAR1	.	4
chr20:64285683-64286316	distal	.	.	4
chr20:645579-646018	distal	.	.	6
chr20:653130-653662	proximal	SRXN1	.	6
chr20:705086-705236	distal	.	.	4
chr20:728419-728577	distal	.	.	4
chr20:761026-761427	distal	.	.	8
chr20:818993-819270	distal	.	.	8
chr20:833485-833953	proximal	FAM110A	.	14
chr20:873108-873303	distal	.	.	4
chr20:973803-974019	distal	.	.	6
chr21:14382810-14383541	proximal	HSPA13	.	4
chr21:14911671-14911909	distal	.	.	4
chr21:15084633-15084936	distal	.	.	2
chr21:15931969-15932427	distal	.	.	2
chr21:16026046-16026196	distal	.	.	2
chr21:16159254-16159404	distal	.	.	2
chr21:16425271-16425421	distal	.	.	2
chr21:16587989-16588139	distal	.	.	2
chr21:25607124-25607816	proximal	MRPL39	.	4
chr21:26116788-26116938	distal	.	.	4
chr21:26169530-26170646	proximal	APP-DT	.	4
chr21:26170731-26170949	proximal	APP,APP-DT	.	4
chr21:26530483-26530633	distal	.	.	4
chr21:26845065-26845599	proximal	ADAMTS1	.	4
chr21:28817795-28818013	distal	.	.	8
chr21:29002561-29002945	distal	.	.	8
chr21:29024499-29024756	proximal	ENSG00000273254,USP16	.	16
chr21:29024817-29025114	proximal	ENSG00000273254,USP16	.	8
chr21:29102957-29103139	distal	.	.	10
chr21:29434923-29435097	distal	.	.	2
chr21:31252031-31252200	distal	.	.	2
chr21:31472279-31472429	distal	.	.	10
chr21:31506027-31506178	distal	.	.	2
chr21:31558941-31559280	proximal	TIAM1,TIAM1-AS1	.	16
chr21:31580920-31581274	distal	.	.	2
chr21:31659461-31660305	proximal	SOD1,SOD1-DT	.	8
chr21:31781749-31781979	distal	.	.	2
chr21:31820543-31820772	distal	.	.	8
chr21:31874125-31874324	distal	.	.	8
chr21:31931704-31931900	distal	.	.	4
chr21:32250917-32251105	distal	.	.	2
chr21:32258403-32258553	distal	.	.	4
chr21:32267171-32267394	distal	.	.	2
chr21:32458639-32458789	distal	.	.	2
chr21:32492223-32492482	distal	.	.	4
chr21:32569846-32570196	distal	.	.	8
chr21:32612306-32612972	proximal	CFAP298,CFAP298-TCP10L	.	8
chr21:32641183-32641333	distal	.	.	6
chr21:32647144-32647485	distal	.	.	4
chr21:32716975-32717381	distal	.	.	2
chr21:32840329-32840544	distal	.	.	10
chr21:32854374-32854524	distal	.	.	2
chr21:32987423-32987573	distal	.	.	2
chr21:33025542-33026164	proximal	OLIG2	.	8
chr21:33070008-33070719	proximal	ENSG00000227757,OLIG1	.	8
chr21:33109797-33109959	distal	.	.	16
chr21:33127221-33127633	distal	.	.	4
chr21:33162813-33163034	distal	.	.	6
chr21:33229740-33230411	proximal	ENSG00000249624	.	4
chr21:33266044-33266697	proximal	IL10RB,IL10RB-DT	.	20
chr21:33324557-33325348	proximal	ENSG00000289238,IFNAR1	.	16
chr21:33338694-33338844	distal	.	.	2
chr21:33587858-33588327	proximal	DONSON	.	4
chr21:33588521-33589289	proximal	DONSON	.	8
chr21:33677111-33677281	distal	.	.	12
chr21:33822015-33822194	distal	.	.	8
chr21:33883566-33883719	distal	.	.	16
chr21:33894825-33895248	distal	.	.	10
chr21:33915744-33916201	proximal	ATP5PO,LINC00649	.	24
chr21:33947876-33948044	distal	.	.	2
chr21:34036529-34036803	distal	.	.	8
chr21:34073085-34073671	proximal	ENSG00000272657,MRPS6,SLC5A3	.	12
chr21:34182171-34182321	distal	.	.	2
chr21:34201939-34202268	distal	.	.	8
chr21:34835326-34835478	proximal	ENSG00000286153	.	4
chr21:35071056-35071206	distal	.	.	4
chr21:35871305-35871456	distal	.	.	2
chr21:36069827-36070066	proximal	CBR1,ENSG00000289001	.	8
chr21:36125607-36125791	proximal	CBR1-AS1	.	4
chr21:36135482-36135804	proximal	CBR3	.	2
chr21:36156215-36156896	proximal	DOP1B	.	4
chr21:36188504-36188680	distal	.	.	6
chr21:36210195-36210760	distal	.	.	12
chr21:36297758-36297992	distal	.	.	8
chr21:36319861-36320857	proximal	ENSG00000273199,MORC3	.	8
chr21:36589437-36589636	distal	.	.	8
chr21:36759770-36759954	distal	.	.	4
chr21:36939509-36939799	distal	.	.	4
chr21:36966330-36966808	proximal	HLCS-AS1	.	12
chr21:36989531-36990579	proximal	HLCS	.	2
chr21:37009869-37010144	distal	.	.	4
chr21:37060438-37060609	distal	.	.	4
chr21:37119925-37120230	distal	.	.	10
chr21:37267871-37268230	proximal	ENSG00000272948,VPS26C	.	16
chr21:37282112-37282295	distal	.	.	4
chr21:37304262-37304497	distal	.	.	2
chr21:37338963-37339487	distal	.	.	18
chr21:37350410-37350659	distal	.	.	4
chr21:37366212-37367141	proximal	ENSG00000273210,ENSG00000287637	.	8
chr21:37399031-37399307	distal	.	.	2
chr21:37435136-37435429	distal	.	.	4
chr21:37452191-37452342	distal	.	.	2
chr21:37530802-37530973	distal	.	.	2
chr21:37564472-37564807	distal	.	.	4
chr21:37829174-37829379	distal	.	.	2
chr21:37916135-37916533	distal	.	.	2
chr21:38126752-38126902	distal	.	.	2
chr21:38336189-38336339	distal	.	.	4
chr21:38348556-38348753	distal	.	.	2
chr21:38622627-38622781	distal	.	.	4
chr21:38743580-38743860	distal	.	.	8
chr21:38805440-38806092	proximal	ETS2	.	8
chr21:39207269-39207619	distal	.	.	2
chr21:39313198-39313627	proximal	BRWD1-AS2	.	8
chr21:39348750-39349748	proximal	HMGN1	.	4
chr21:39388619-39388899	distal	.	.	8
chr21:39445413-39445605	proximal	LCA5L,SH3BGR	.	12
chr21:39445672-39446128	proximal	LCA5L,SH3BGR	.	16
chr21:39985084-39985234	distal	.	.	2
chr21:41167677-41168102	proximal	BACE2	.	8
chr21:41403435-41403585	distal	.	.	2
chr21:41612784-41612947	distal	.	.	4
chr21:41777667-41777835	distal	.	.	2
chr21:41805825-41806125	distal	.	.	2
chr21:41828744-41829062	distal	.	.	4
chr21:42009795-42010178	proximal	ZBTB21,ZNF295-AS1	.	12
chr21:42010268-42010606	proximal	ZBTB21	.	8
chr21:42097927-42098077	distal	.	.	4
chr21:42193577-42193740	distal	.	.	2
chr21:42234764-42234976	distal	.	.	2
chr21:42309768-42309925	distal	.	.	4
chr21:42423039-42423310	distal	.	.	4
chr21:42466550-42466700	distal	.	.	8
chr21:42602426-42602576	distal	.	.	6
chr21:42653332-42653689	proximal	PDE9A	.	4
chr21:42680174-42680432	distal	.	.	2
chr21:42692377-42692572	distal	.	.	4
chr21:42725049-42725199	distal	.	.	2
chr21:42845280-42845430	distal	.	.	2
chr21:42879381-42879916	proximal	NDUFV3,WDR4	.	8
chr21:42893635-42893814	distal	.	.	8
chr21:42923916-42924267	distal	.	.	2
chr21:42973937-42974919	proximal	PKNOX1	.	4
chr21:42975281-42975448	proximal	PKNOX1	.	4
chr21:42988890-42989040	distal	.	.	8
chr21:43262411-43262835	distal	.	.	12
chr21:43467819-43468129	distal	.	.	2
chr21:43572299-43572454	distal	.	.	4
chr21:43582134-43582445	distal	.	.	6
chr21:43631833-43631983	distal	.	.	8
chr21:43646703-43646874	distal	.	.	6
chr21:43658970-43659315	proximal	HSF2BP,RRP1B	.	12
chr21:43718957-43719491	proximal	PDXK	.	4
chr21:43728621-43729233	distal	.	.	2
chr21:43768384-43768700	proximal	ENSG00000287507	.	6
chr21:43771817-43772041	distal	.	.	2
chr21:43775874-43776821	proximal	CSTB	.	4
chr21:43810876-43811071	distal	.	.	4
chr21:43826293-43826512	distal	.	.	4
chr21:43827014-43827501	distal	.	.	8
chr21:43847428-43847721	distal	.	.	2
chr21:43866301-43866610	distal	.	.	8
chr21:43884201-43884548	proximal	ENSG00000289546	.	8
chr21:43956725-43956904	distal	.	.	4
chr21:44011619-44011785	proximal	TRAPPC10	.	8
chr21:44011984-44012341	proximal	TRAPPC10	.	18
chr21:44012549-44012771	proximal	TRAPPC10	.	4
chr21:44107248-44107633	proximal	PWP2	.	8
chr21:44133514-44133664	proximal	GATD3	.	2
chr21:44297707-44297895	distal	.	.	4
chr21:44299583-44300118	proximal	PFKL	.	8
chr21:44428305-44428938	distal	.	.	2
chr21:44454988-44455520	proximal	LRRC3,LRRC3-DT	.	12
chr21:44517277-44517612	proximal	TSPEAR-AS2	.	2
chr21:44524414-44524565	distal	.	.	4
chr21:44591029-44591270	distal	.	.	4
chr21:44650930-44651099	distal	.	.	2
chr21:44801652-44802199	proximal	LINC01424,UBE2G2	.	32
chr21:44817633-44817912	distal	.	.	4
chr21:44818006-44818235	proximal	SUMO3	.	4
chr21:44845769-44846262	distal	.	.	2
chr21:44873620-44874215	proximal	ENSG00000289009,PTTG1IP	.	16
chr21:44939876-44940229	proximal	LINC01547,SLX9	.	4
chr21:44949820-44950025	distal	.	.	16
chr21:45073796-45073946	proximal	ADARB1	.	4
chr21:45075072-45075260	distal	.	.	2
chr21:45156169-45156472	distal	.	.	2
chr21:45185132-45185310	distal	.	.	8
chr21:45265737-45265887	distal	.	.	2
chr21:45287388-45288344	proximal	LINC00205,POFUT2	.	4
chr21:45288471-45288674	proximal	LINC00205,POFUT2	.	4
chr21:45294308-45294648	distal	.	.	2
chr21:45308979-45309297	distal	.	.	4
chr21:45374374-45374547	distal	.	.	12
chr21:45439458-45439683	distal	.	.	8
chr21:45478083-45478383	distal	.	.	2
chr21:45542353-45542503	distal	.	.	8
chr21:45555099-45555258	proximal	ENSG00000288885	.	4
chr21:45555453-45555990	proximal	ENSG00000288885	.	4
chr21:45556093-45556372	proximal	ENSG00000288885	.	12
chr21:45590560-45590810	proximal	LINC01694	.	8
chr21:45634891-45635278	distal	.	.	2
chr21:45642860-45643802	proximal	PCBP3	.	4
chr21:45820577-45820931	distal	.	.	10
chr21:45896470-45896915	distal	.	.	6
chr21:45948459-45948662	distal	.	.	4
chr21:45970759-45970919	distal	.	.	2
chr21:45973139-45973514	distal	.	.	10
chr21:45973706-45974299	proximal	ENSG00000274248	.	16
chr21:45981470-45981851	proximal	COL6A1	.	4
chr21:45982526-45982736	proximal	COL6A1	.	4
chr21:46097862-46098162	proximal	COL6A2,COL6A2-DT	.	8
chr21:46140498-46140880	distal	.	.	14
chr21:46229379-46229554	proximal	LSS,MCM3AP-AS1	.	8
chr21:46285856-46286715	proximal	MCM3AP,YBEY	.	4
chr21:46311751-46311920	distal	.	.	2
chr21:46323829-46324246	proximal	C21orf58,PCNT	.	12
chr21:46324359-46324798	proximal	C21orf58,PCNT	.	8
chr21:46347254-46347404	distal	.	.	4
chr21:46369892-46370097	distal	.	.	2
chr21:46468269-46468419	distal	.	.	8
chr21:46635841-46636317	proximal	PRMT2	.	4
chr21:8405094-8405955	distal	.	.	2
chr21:8449371-8450177	distal	.	.	4
chr21:8472095-8472435	distal	.	.	2
chr21:8994483-8994670	distal	.	.	2
chr21:9361944-9362133	distal	.	.	2
chr22:17075086-17075694	distal	.	.	2
chr22:17159494-17159845	proximal	HDHD5-AS1	.	4
chr22:17171194-17172034	distal	.	.	2
chr22:17172340-17172496	distal	.	.	4
chr22:17368588-17369416	distal	.	.	2
chr22:17369554-17369704	distal	.	.	2
chr22:17369766-17370149	distal	.	.	4
chr22:17379339-17379581	distal	.	.	6
chr22:17558550-17558700	distal	.	.	4
chr22:17609785-17610116	distal	.	.	8
chr22:17628702-17628959	proximal	ATP6V1E1,BCL2L13	.	16
chr22:17638428-17639151	distal	.	.	4
chr22:17742540-17742696	distal	.	.	2
chr22:17773683-17774016	proximal	BID	.	12
chr22:17785307-17785597	distal	.	.	4
chr22:17876973-17877123	distal	.	.	2
chr22:18001152-18001614	distal	.	.	2
chr22:18024468-18024917	proximal	MICAL3	.	4
chr22:18076135-18076368	distal	.	.	2
chr22:18077812-18078332	proximal	ENSG00000225335,ENSG00000288683,PEX26	.	12
chr22:18108629-18108779	distal	.	.	2
chr22:18149627-18150210	proximal	USP18	.	4
chr22:18382277-18382479	distal	.	.	2
chr22:18511478-18511779	proximal	FAM247B	.	2
chr22:18528175-18528329	proximal	TMEM191B	.	2
chr22:18528572-18528951	proximal	TMEM191B	.	8
chr22:18551590-18551838	distal	.	.	12
chr22:18569921-18570118	distal	.	.	4
chr22:18573845-18574017	distal	.	.	10
chr22:18586291-18586833	distal	.	.	4
chr22:18612351-18612684	proximal	RIMBP3	.	4
chr22:18854263-18854424	distal	.	.	2
chr22:18884495-18884791	proximal	ENSG00000279987	.	4
chr22:18910617-18910875	distal	.	.	2
chr22:18954493-18954687	distal	.	.	10
chr22:18966706-18966879	distal	.	.	4
chr22:18967506-18967656	distal	.	.	2
chr22:19007466-19007725	distal	.	.	2
chr22:19024988-19025239	distal	.	.	14
chr22:19030684-19030859	distal	.	.	2
chr22:19082877-19083035	distal	.	.	2
chr22:19115695-19115887	distal	.	.	8
chr22:19144549-19144955	proximal	ESS2	.	10
chr22:19146368-19146572	distal	.	.	4
chr22:19171199-19171447	proximal	ENSG00000289481,LINC01311	.	12
chr22:19171507-19171789	proximal	ENSG00000289481,LINC01311	.	16
chr22:19178438-19178591	proximal	SLC25A1	.	4
chr22:19178756-19179188	proximal	SLC25A1	.	2
chr22:19291687-19291994	proximal	CLTCL1,ENSG00000287146	.	20
chr22:19369120-19369315	distal	.	.	2
chr22:19431659-19431876	proximal	MRPL40	.	8
chr22:19432240-19432599	proximal	MRPL40	.	2
chr22:19447692-19448011	proximal	C22orf39,HIRA,UFD1-AS1	.	12
chr22:19448256-19448490	proximal	C22orf39,HIRA,UFD1-AS1	.	24
chr22:19479033-19479279	proximal	CDC45,UFD1	.	20
chr22:19479357-19480113	proximal	CDC45,UFD1	.	4
chr22:19480228-19480378	proximal	CDC45	.	4
chr22:19507033-19507306	distal	.	.	2
chr22:19679674-19679883	distal	.	.	22
chr22:19717998-19718230	proximal	ENSG00000284874	.	2
chr22:19730991-19731141	distal	.	.	10
chr22:19736104-19736254	distal	.	.	12
chr22:19756798-19757015	proximal	TBX1	.	4
chr22:19780257-19780632	distal	.	.	8
chr22:19813016-19813192	distal	.	.	8
chr22:19854731-19855129	proximal	ENSG00000289960,GNB1L,RTL10	.	54
chr22:19909782-19910237	distal	.	.	20
chr22:19941542-19941841	proximal	COMT,TXNRD2	.	8
chr22:19942961-19943187	distal	.	.	8
chr22:19947868-19948026	distal	.	.	4
chr22:19953684-19953927	distal	.	.	20
chr22:19959293-19959629	distal	.	.	2
chr22:19974520-19974830	distal	.	.	2
chr22:19984373-19984574	distal	.	.	6
chr22:19986940-19987334	distal	.	.	2
chr22:19992700-19992871	distal	.	.	6
chr22:20016722-20017190	proximal	ARVCF,TANGO2	.	32
chr22:20099771-20099979	distal	.	.	12
chr22:20238666-20238887	distal	.	.	14
chr22:20285805-20286052	distal	.	.	32
chr22:20319697-20319847	proximal	DGCR6L,ENSG00000273139	.	8
chr22:20319968-20320650	proximal	DGCR6L,ENSG00000273139	.	24
chr22:20344090-20344248	proximal	ENSG00000235578	.	4
chr22:20393918-20394477	proximal	ZNF74	.	16
chr22:20401055-20401229	distal	.	.	6
chr22:20417984-20418148	distal	.	.	12
chr22:20418240-20418624	distal	.	.	26
chr22:20437006-20437183	proximal	SCARF2	.	6
chr22:20456351-20456576	distal	.	.	8
chr22:20495315-20495650	proximal	KLHL22,MED15	.	28
chr22:20495756-20496761	proximal	KLHL22,MED15	.	8
chr22:20507418-20508111	distal	.	.	6
chr22:20561982-20562188	distal	.	.	8
chr22:20564365-20564642	distal	.	.	4
chr22:20628225-20628381	distal	.	.	4
chr22:20664002-20664364	distal	.	.	2
chr22:20702553-20703429	distal	.	.	4
chr22:20727132-20727282	distal	.	.	14
chr22:20858249-20858607	proximal	PI4KA,SNAP29	.	32
chr22:20858680-20859121	proximal	PI4KA,SNAP29	.	68
chr22:20874358-20874527	distal	.	.	14
chr22:20885495-20885820	distal	.	.	26
chr22:20916844-20917532	proximal	CRKL	.	16
chr22:20917979-20918139	proximal	CRKL	.	6
chr22:20981777-20982396	proximal	ENSG00000272829,LZTR1	.	16
chr22:20982634-20982829	proximal	ENSG00000272829,LZTR1	.	8
chr22:21001595-21002400	proximal	THAP7,THAP7-AS1	.	24
chr22:21014204-21014572	proximal	TUBA3FP	.	14
chr22:21045612-21046265	proximal	ENSG00000290799,LRRC74B	.	28
chr22:21102834-21103202	proximal	ENSG00000291044	.	14
chr22:21111823-21112019	distal	.	.	8
chr22:21112568-21112735	distal	.	.	14
chr22:21120108-21120315	distal	.	.	4
chr22:21122765-21123048	distal	.	.	2
chr22:21149192-21149466	distal	.	.	10
chr22:21171348-21171525	distal	.	.	2
chr22:21237599-21237795	distal	.	.	2
chr22:21240544-21240694	distal	.	.	4
chr22:21251964-21252287	distal	.	.	24
chr22:21335555-21335724	distal	.	.	2
chr22:21406278-21406570	distal	.	.	6
chr22:21417153-21417450	proximal	HIC2	.	10
chr22:21417533-21417718	proximal	HIC2	.	12
chr22:21419003-21419329	distal	.	.	2
chr22:21436297-21436524	distal	.	.	14
chr22:21443890-21444056	distal	.	.	4
chr22:21468121-21468791	distal	.	.	20
chr22:21481482-21481637	distal	.	.	4
chr22:21541071-21541233	distal	.	.	8
chr22:21567859-21568009	distal	.	.	6
chr22:21593935-21594111	distal	.	.	4
chr22:21629338-21629538	proximal	YDJC	.	8
chr22:21629973-21630276	proximal	YDJC	.	6
chr22:21641972-21642379	proximal	SDF2L1	.	8
chr22:21643118-21643282	proximal	SDF2L1	.	4
chr22:21646815-21646993	distal	.	.	4
chr22:21657478-21657874	distal	.	.	6
chr22:21665828-21666549	proximal	PPIL2	.	2
chr22:21726631-21727118	distal	.	.	8
chr22:21735474-21735676	proximal	YPEL1	.	6
chr22:21735776-21736320	proximal	YPEL1	.	14
chr22:21837306-21837525	distal	.	.	4
chr22:21867536-21867907	proximal	MAPK1	.	8
chr22:21867970-21868315	proximal	MAPK1	.	2
chr22:21938070-21938823	proximal	PPM1F-AS1	.	4
chr22:21952094-21952343	proximal	PPM1F	.	6
chr22:21952542-21953104	proximal	PPM1F	.	12
chr22:21984901-21985230	distal	.	.	6
chr22:21990349-21990652	distal	.	.	12
chr22:22069876-22070073	proximal	IGLVIV-65	.	4
chr22:22085921-22086347	proximal	IGLV1-62	.	4
chr22:22256649-22256995	distal	.	.	2
chr22:22298019-22298624	proximal	ENSG00000286129	.	12
chr22:22357327-22357616	proximal	IGLV1-47	.	4
chr22:22648073-22648436	distal	.	.	4
chr22:22730723-22730884	distal	.	.	8
chr22:22753631-22753806	distal	.	.	4
chr22:23038336-23038495	distal	.	.	6
chr22:23070785-23071013	proximal	GNAZ	.	4
chr22:23141924-23142159	distal	.	.	2
chr22:23145119-23145491	proximal	RAB36,RSPH14	.	24
chr22:23198771-23199085	distal	.	.	4
chr22:23218638-23219148	distal	.	.	2
chr22:23220293-23220458	distal	.	.	2
chr22:23315673-23315870	distal	.	.	14
chr22:23510272-23510493	proximal	ENSG00000287864	.	4
chr22:23520818-23521105	distal	.	.	2
chr22:23521728-23522129	distal	.	.	2
chr22:23539541-23539885	distal	.	.	10
chr22:23565365-23565814	distal	.	.	4
chr22:23591188-23591409	distal	.	.	4
chr22:23716910-23717564	proximal	ENSG00000290440,GUSBP11	.	4
chr22:23750988-23751750	proximal	ZNF70	.	8
chr22:23763001-23763191	proximal	C22orf15	.	4
chr22:24026867-24027048	distal	.	.	2
chr22:24054679-24054829	distal	.	.	2
chr22:24107787-24107937	distal	.	.	2
chr22:24142357-24142517	distal	.	.	2
chr22:24156782-24157187	distal	.	.	2
chr22:24189763-24189972	distal	.	.	2
chr22:24219978-24220128	distal	.	.	2
chr22:24359567-24359717	distal	.	.	4
chr22:24554874-24556019	proximal	ENSG00000286070,GUCD1,SNRPD3	.	18
chr22:24583642-24583850	distal	.	.	16
chr22:24603761-24604030	distal	.	.	4
chr22:24660997-24661163	distal	.	.	2
chr22:24806078-24806451	proximal	SGSM1	.	4
chr22:24952181-24953013	proximal	KIAA1671	.	10
chr22:24977614-24977783	distal	.	.	2
chr22:25110775-25111813	distal	.	.	8
chr22:25267744-25267903	distal	.	.	2
chr22:25383333-25383503	distal	.	.	4
chr22:25419521-25419721	distal	.	.	8
chr22:25564440-25564890	proximal	GRK3,GRK3-AS1	.	8
chr22:27212906-27213139	distal	.	.	2
chr22:27257976-27258126	distal	.	.	6
chr22:27373388-27373652	distal	.	.	2
chr22:27580951-27581101	distal	.	.	2
chr22:27607951-27608152	distal	.	.	4
chr22:27688794-27688944	distal	.	.	2
chr22:27710523-27710673	distal	.	.	2
chr22:27778853-27779003	distal	.	.	2
chr22:27801543-27801971	proximal	MN1	.	8
chr22:27879887-27880225	distal	.	.	4
chr22:27918647-27919003	proximal	TTC28-AS1	.	4
chr22:27919153-27919588	proximal	PITPNB,TTC28-AS1	.	8
chr22:27920106-27920328	proximal	PITPNB,TTC28-AS1	.	8
chr22:28009513-28009663	distal	.	.	6
chr22:28020111-28020328	distal	.	.	8
chr22:28136688-28136838	distal	.	.	6
chr22:28139978-28140128	distal	.	.	6
chr22:28274952-28275102	distal	.	.	2
chr22:28442175-28442638	distal	.	.	2
chr22:28553681-28553831	distal	.	.	8
chr22:28663154-28663420	distal	.	.	2
chr22:28679207-28679625	proximal	TTC28	.	4
chr22:28679775-28680046	proximal	TTC28	.	8
chr22:28772519-28773167	proximal	CCDC117	.	8
chr22:28800445-28800794	proximal	ENSG00000226471,XBP1	.	16
chr22:28800869-28801044	proximal	ENSG00000226471,XBP1	.	16
chr22:28882669-28882827	proximal	ZNRF3	.	8
chr22:28943031-28943244	distal	.	.	2
chr22:29030777-29031106	proximal	ZNRF3-AS1	.	10
chr22:29031225-29031422	proximal	ZNRF3-AS1	.	2
chr22:29040777-29040958	distal	.	.	2
chr22:29044880-29045030	distal	.	.	6
chr22:29058595-29058759	distal	.	.	4
chr22:29071431-29072059	distal	.	.	24
chr22:29072837-29073204	proximal	KREMEN1	.	10
chr22:29120142-29120355	distal	.	.	12
chr22:29206063-29206289	proximal	EMID1	.	4
chr22:29245576-29245766	distal	.	.	4
chr22:29267331-29267489	proximal	EWSR1,RHBDD3	.	8
chr22:29267827-29268079	proximal	EWSR1,RHBDD3	.	16
chr22:29268141-29268407	proximal	EWSR1,RHBDD3	.	8
chr22:29268562-29268712	proximal	EWSR1,RHBDD3	.	8
chr22:29278570-29278756	distal	.	.	14
chr22:29306190-29306461	proximal	GAS2L1	.	6
chr22:29306880-29307091	proximal	GAS2L1	.	4
chr22:29311060-29311216	distal	.	.	4
chr22:29315682-29315898	distal	.	.	18
chr22:29369532-29369723	distal	.	.	6
chr22:29395062-29395229	distal	.	.	2
chr22:29427203-29427436	distal	.	.	4
chr22:29470469-29470767	distal	.	.	12
chr22:29553441-29554047	distal	.	.	12
chr22:29580834-29581489	proximal	NIPSNAP1	.	12
chr22:29603089-29603941	proximal	NF2	.	4
chr22:29670703-29670853	distal	.	.	14
chr22:29766520-29767531	proximal	UQCR10,ZMAT5	.	24
chr22:29781067-29781353	distal	.	.	2
chr22:29838166-29838487	proximal	ASCC2	.	4
chr22:29907771-29908297	distal	.	.	8
chr22:29935700-29935894	distal	.	.	4
chr22:29973773-29974000	distal	.	.	2
chr22:29979340-29979517	distal	.	.	6
chr22:30255935-30256539	distal	.	.	6
chr22:30263007-30263225	distal	.	.	10
chr22:30286909-30287059	distal	.	.	2
chr22:30288113-30288269	distal	.	.	6
chr22:30289566-30289932	proximal	CASTOR1	.	4
chr22:30326805-30327252	proximal	TBC1D10A	.	8
chr22:30357171-30357646	proximal	CCDC157,SF3A1	.	28
chr22:30387091-30387818	distal	.	.	2
chr22:30423372-30423532	distal	.	.	6
chr22:30454029-30454266	distal	.	.	2
chr22:30485479-30485659	distal	.	.	6
chr22:30494023-30494249	distal	.	.	4
chr22:30503052-30503202	distal	.	.	8
chr22:30562519-30562669	distal	.	.	12
chr22:30591846-30592555	distal	.	.	14
chr22:30605641-30605806	distal	.	.	14
chr22:30606781-30606957	proximal	PES1,TCN2	.	32
chr22:30634476-30634664	distal	.	.	4
chr22:30635324-30635807	proximal	SLC35E4	.	12
chr22:30720793-30720943	distal	.	.	2
chr22:30755918-30756076	distal	.	.	8
chr22:30763816-30764071	distal	.	.	4
chr22:30802573-30803212	distal	.	.	12
chr22:30822369-30822561	distal	.	.	10
chr22:30863055-30863205	distal	.	.	6
chr22:30879013-30879195	distal	.	.	4
chr22:30920437-30920587	distal	.	.	12
chr22:30968904-30969746	proximal	MORC2,TUG1	.	24
chr22:31022555-31022705	distal	.	.	12
chr22:31032454-31032604	distal	.	.	2
chr22:31080818-31081045	distal	.	.	10
chr22:31081135-31081558	distal	.	.	8
chr22:31107164-31107887	distal	.	.	10
chr22:31122654-31123073	proximal	INPP5J	.	6
chr22:31140782-31140932	proximal	PLA2G3	.	6
chr22:31159699-31159895	proximal	RNF185	.	4
chr22:31160346-31160687	proximal	RNF185	.	8
chr22:31248186-31248623	distal	.	.	4
chr22:31290612-31290970	distal	.	.	2
chr22:31291068-31291227	distal	.	.	4
chr22:31312640-31312801	distal	.	.	4
chr22:31345906-31346178	proximal	LINC01521,PATZ1	.	12
chr22:31346247-31346458	proximal	LINC01521,PATZ1	.	4
chr22:31365175-31365325	distal	.	.	4
chr22:31399296-31400072	proximal	DRG1	.	20
chr22:31452854-31453006	proximal	ENSG00000240591	.	2
chr22:31462014-31462164	distal	.	.	10
chr22:31489121-31489637	proximal	ENSG00000287817,SFI1	.	24
chr22:31489809-31490199	proximal	ENSG00000287817	.	12
chr22:31496155-31496724	proximal	EIF4ENIF1	.	4
chr22:31517649-31517818	distal	.	.	2
chr22:31588195-31588345	distal	.	.	8
chr22:31595720-31595870	distal	.	.	4
chr22:31630484-31630653	distal	.	.	2
chr22:31665782-31665964	distal	.	.	2
chr22:31742704-31742854	distal	.	.	4
chr22:31749799-31750337	proximal	PRR14L	.	10
chr22:31753715-31754078	proximal	DEPDC5	.	6
chr22:31917180-31917476	distal	.	.	4
chr22:31943795-31944628	proximal	YWHAH	.	12
chr22:31970183-31970388	proximal	LINC02558	.	6
chr22:31970466-31970923	proximal	LINC02558	.	8
chr22:31977104-31977456	distal	.	.	4
chr22:32366852-32367002	distal	.	.	2
chr22:32387100-32387390	distal	.	.	2
chr22:32473433-32473625	distal	.	.	2
chr22:32475093-32475468	proximal	FBXO7	.	4
chr22:32527770-32527920	distal	.	.	4
chr22:33166305-33166455	distal	.	.	4
chr22:33210557-33210707	distal	.	.	2
chr22:33461679-33461829	distal	.	.	2
chr22:33851647-33851797	distal	.	.	2
chr22:33920933-33921393	distal	.	.	2
chr22:33921506-33922052	proximal	LARGE1-AS1	.	4
chr22:34955599-34955749	distal	.	.	2
chr22:35231054-35231365	distal	.	.	2
chr22:35300450-35300749	distal	.	.	6
chr22:35350802-35351232	distal	.	.	6
chr22:35371850-35372359	proximal	ENSG00000282602	.	4
chr22:35377033-35377242	proximal	ENSG00000282041	.	2
chr22:35381016-35381367	proximal	HMOX1	.	8
chr22:35399270-35399420	proximal	MCM5	.	2
chr22:35399818-35400160	proximal	MCM5	.	10
chr22:35400284-35400460	proximal	MCM5	.	2
chr22:35444526-35444676	distal	.	.	6
chr22:35491520-35492193	distal	.	.	8
chr22:35552360-35552717	distal	.	.	2
chr22:35656491-35656673	distal	.	.	4
chr22:36010037-36010400	distal	.	.	6
chr22:36065784-36066163	proximal	ENSG00000279927	.	4
chr22:36123898-36124190	distal	.	.	6
chr22:36144749-36144899	distal	.	.	2
chr22:36221884-36222038	distal	.	.	2
chr22:36277746-36277938	distal	.	.	4
chr22:36286573-36286950	distal	.	.	4
chr22:36454942-36455411	proximal	ENSG00000228719	.	8
chr22:36481359-36481835	proximal	TXN2	.	8
chr22:36506703-36507394	proximal	FOXRED2	.	6
chr22:36546375-36546526	distal	.	.	8
chr22:36595501-36595651	distal	.	.	2
chr22:36606663-36606980	distal	.	.	4
chr22:36703478-36703812	proximal	CACNG2,CACNG2-DT	.	8
chr22:36776021-36776631	proximal	IFT27	.	2
chr22:36900761-36900920	distal	.	.	4
chr22:36937458-36937660	distal	.	.	4
chr22:36977077-36977342	distal	.	.	6
chr22:36978102-36978359	distal	.	.	4
chr22:37019326-37019527	proximal	MPST,TST	.	8
chr22:37043963-37044228	distal	.	.	6
chr22:37051540-37051845	proximal	KCTD17	.	14
chr22:37166635-37167020	proximal	ENSG00000235237	.	2
chr22:37198562-37198917	proximal	C1QTNF6	.	12
chr22:37199291-37199717	proximal	C1QTNF6	.	2
chr22:37212467-37212780	proximal	SSTR3	.	4
chr22:37259565-37259715	proximal	RAC2	.	10
chr22:37267090-37267279	distal	.	.	8
chr22:37316906-37317095	distal	.	.	12
chr22:37519505-37519713	proximal	CARD10	.	4
chr22:37538876-37539139	distal	.	.	4
chr22:37560129-37560411	proximal	CDC42EP1	.	10
chr22:37592533-37592768	distal	.	.	6
chr22:37601647-37601897	distal	.	.	8
chr22:37601989-37602149	distal	.	.	2
chr22:37607106-37607361	distal	.	.	10
chr22:37607624-37607789	distal	.	.	14
chr22:37608386-37608640	proximal	GGA1	.	6
chr22:37608718-37609495	proximal	GGA1	.	12
chr22:37643317-37643528	distal	.	.	6
chr22:37658179-37658798	proximal	PDXP,PDXP-DT	.	16
chr22:37661186-37661336	distal	.	.	2
chr22:37674996-37675204	proximal	LGALS1	.	12
chr22:37675342-37675558	proximal	LGALS1	.	4
chr22:37677290-37677480	distal	.	.	2
chr22:37686141-37686678	proximal	ENSG00000100101	.	12
chr22:37696594-37697172	proximal	TRIOBP	.	30
chr22:37706255-37706447	distal	.	.	2
chr22:37746056-37746368	distal	.	.	10
chr22:37746790-37747066	distal	.	.	8
chr22:37802338-37802719	distal	.	.	8
chr22:37805179-37805443	proximal	H1-0	.	6
chr22:37817706-37817917	distal	.	.	10
chr22:37829905-37830124	distal	.	.	2
chr22:37832979-37833129	distal	.	.	4
chr22:37843827-37844732	distal	.	.	14
chr22:37861163-37861362	distal	.	.	6
chr22:37905756-37906066	proximal	MICALL1	.	20
chr22:37906145-37906352	proximal	MICALL1	.	8
chr22:37933756-37934262	distal	.	.	12
chr22:37953255-37953774	proximal	C22orf23,POLR2F	.	4
chr22:38052360-38052597	distal	.	.	2
chr22:38114565-38114765	distal	.	.	4
chr22:38181633-38182173	distal	.	.	10
chr22:38201694-38202962	distal	.	.	6
chr22:38214758-38215190	proximal	PLA2G6	.	12
chr22:38220962-38221130	distal	.	.	14
chr22:38230288-38230614	proximal	ENSG00000235246	.	16
chr22:38272578-38273157	proximal	TMEM184B	.	18
chr22:38283476-38283631	distal	.	.	12
chr22:38283705-38283855	distal	.	.	4
chr22:38289482-38289646	distal	.	.	6
chr22:38336172-38336331	distal	.	.	4
chr22:38341193-38341343	distal	.	.	4
chr22:38347790-38347946	distal	.	.	6
chr22:38353197-38353483	distal	.	.	22
chr22:38397107-38397484	distal	.	.	4
chr22:38398417-38399186	proximal	ENSG00000291015,TPTEP2-CSNK1E	.	8
chr22:38431405-38431577	distal	.	.	4
chr22:38441185-38441388	distal	.	.	12
chr22:38456039-38456198	proximal	KCNJ4	.	12
chr22:38461530-38461821	distal	.	.	24
chr22:38467904-38468166	proximal	KDELR3	.	8
chr22:38468257-38468413	proximal	KDELR3	.	2
chr22:38495214-38495530	distal	.	.	16
chr22:38505556-38506895	distal	.	.	2
chr22:38535176-38535361	distal	.	.	6
chr22:38570055-38570662	proximal	DMC1	.	8
chr22:38606499-38606754	distal	.	.	6
chr22:38606853-38607043	distal	.	.	6
chr22:38656218-38656755	proximal	CBY1,FAM227A	.	4
chr22:38700639-38701147	proximal	JOSD1	.	4
chr22:38733357-38733550	distal	.	.	4
chr22:38793721-38794348	proximal	DNAL4,SUN2	.	16
chr22:38840728-38841023	distal	.	.	6
chr22:38860030-38860348	distal	.	.	6
chr22:38868974-38869128	distal	.	.	14
chr22:38872009-38873037	proximal	CBX6	.	12
chr22:38973655-38973874	distal	.	.	4
chr22:38982195-38982507	proximal	APOBEC3B	.	12
chr22:39014270-39014502	proximal	APOBEC3C,ENSG00000284554	.	12
chr22:39027315-39027466	distal	.	.	4
chr22:39040775-39041251	proximal	APOBEC3F	.	6
chr22:39145236-39145813	distal	.	.	4
chr22:39152394-39153278	proximal	CBX7	.	6
chr22:39310997-39311503	distal	.	.	8
chr22:39316599-39316759	distal	.	.	4
chr22:39320060-39320663	proximal	RPL3	.	12
chr22:39328531-39328745	distal	.	.	2
chr22:39343585-39343770	distal	.	.	4
chr22:39349758-39349933	proximal	SYNGR1	.	4
chr22:39388237-39388588	distal	.	.	10
chr22:39399597-39400212	proximal	TAB1	.	8
chr22:39434734-39434884	distal	.	.	2
chr22:39490201-39490421	distal	.	.	14
chr22:39502061-39502488	distal	.	.	6
chr22:39502584-39502843	distal	.	.	4
chr22:39514454-39514611	distal	.	.	10
chr22:39525655-39525805	distal	.	.	4
chr22:39534661-39535006	distal	.	.	2
chr22:39598142-39598444	distal	.	.	2
chr22:39636264-39636414	distal	.	.	2
chr22:39754700-39754880	distal	.	.	4
chr22:39972720-39972961	distal	.	.	2
chr22:40024789-40025007	distal	.	.	4
chr22:40036754-40036927	distal	.	.	4
chr22:40044154-40044848	proximal	TNRC6B,TNRC6B-DT	.	8
chr22:40196844-40197036	distal	.	.	10
chr22:40284416-40284566	distal	.	.	2
chr22:40332535-40332771	distal	.	.	2
chr22:40346176-40346961	proximal	ADSL,ENSG00000284431	.	8
chr22:40361181-40361425	distal	.	.	2
chr22:40370421-40370712	proximal	SGSM3	.	4
chr22:40607250-40607452	distal	.	.	4
chr22:40636397-40637482	proximal	MRTFA	.	2
chr22:40651683-40652384	distal	.	.	14
chr22:40711555-40711902	distal	.	.	6
chr22:40735914-40736145	distal	.	.	8
chr22:40781071-40781373	distal	.	.	4
chr22:40818774-40819171	proximal	SLC25A17	.	14
chr22:40819258-40819622	proximal	SLC25A17	.	10
chr22:40950788-40952051	proximal	RBX1	.	4
chr22:41021921-41022112	distal	.	.	6
chr22:41022175-41022971	distal	.	.	6
chr22:41052805-41052959	distal	.	.	2
chr22:41091345-41091960	proximal	EP300	.	16
chr22:41092444-41092632	proximal	EP300	.	2
chr22:41178377-41178568	distal	.	.	8
chr22:41197061-41197914	proximal	EP300-AS1	.	6
chr22:41205061-41205396	proximal	L3MBTL2	.	16
chr22:41257919-41258069	distal	.	.	2
chr22:41367235-41367609	proximal	TEF	.	4
chr22:41381250-41382014	distal	.	.	4
chr22:41382133-41382518	distal	.	.	4
chr22:41413126-41413713	distal	.	.	10
chr22:41413860-41414155	distal	.	.	4
chr22:41414587-41414770	distal	.	.	2
chr22:41434389-41434583	distal	.	.	6
chr22:41444380-41444671	distal	.	.	2
chr22:41447544-41447700	proximal	ACO2,ENSG00000289841,TOB2	.	12
chr22:41448200-41448815	proximal	ACO2	.	4
chr22:41468461-41469483	proximal	PHF5A	.	10
chr22:41512865-41513025	distal	.	.	16
chr22:41517846-41517996	distal	.	.	4
chr22:41526838-41526988	distal	.	.	4
chr22:41533295-41533491	distal	.	.	6
chr22:41534275-41534539	distal	.	.	2
chr22:41544406-41544787	proximal	POLR3H	.	8
chr22:41589493-41590510	proximal	PMM1	.	2
chr22:41666750-41667044	distal	.	.	4
chr22:41688498-41689036	distal	.	.	10
chr22:41746671-41746858	distal	.	.	16
chr22:41800441-41800651	proximal	CCDC134	.	4
chr22:41800806-41801120	proximal	CCDC134	.	12
chr22:41915044-41915224	proximal	SHISA8	.	4
chr22:41926151-41926427	proximal	TNFRSF13C	.	6
chr22:41941655-41941805	distal	.	.	4
chr22:41946676-41947294	proximal	CENPM	.	4
chr22:41966962-41967242	distal	.	.	2
chr22:42070115-42070304	proximal	ENSG00000286659,NAGA	.	20
chr22:42070804-42070985	proximal	ENSG00000286659,NAGA	.	8
chr22:42269672-42269955	proximal	OGFRP1	.	2
chr22:42343824-42344231	proximal	TCF20	.	2
chr22:42369209-42369760	proximal	LINC01315	.	8
chr22:42437567-42437974	proximal	ENSG00000230107	.	4
chr22:42444209-42444678	distal	.	.	4
chr22:42490033-42490205	distal	.	.	2
chr22:42519707-42520354	proximal	RRP7A	.	18
chr22:42553729-42554138	proximal	SERHL2	.	4
chr22:42576566-42576791	distal	.	.	8
chr22:42614594-42615075	proximal	ENSG00000270022,POLDIP3	.	8
chr22:42615173-42615734	proximal	ENSG00000270022,POLDIP3	.	40
chr22:42621551-42621798	distal	.	.	12
chr22:42628535-42628685	proximal	ENSG00000289517	.	6
chr22:42648932-42649184	distal	.	.	8
chr22:42649304-42649745	distal	.	.	4
chr22:42793096-42793246	distal	.	.	6
chr22:42856518-42856777	distal	.	.	2
chr22:42856940-42857490	proximal	ARFGAP3	.	4
chr22:42940328-42940707	distal	.	.	4
chr22:42947772-42947994	distal	.	.	2
chr22:43014845-43015539	proximal	PACSIN2	.	14
chr22:43024132-43024293	distal	.	.	8
chr22:43040443-43040670	distal	.	.	8
chr22:43089065-43089510	proximal	TTLL1	.	14
chr22:43110519-43110934	proximal	BIK	.	2
chr22:43187355-43187848	proximal	TTLL12	.	6
chr22:43220751-43221090	distal	.	.	8
chr22:43228453-43228634	distal	.	.	2
chr22:43231083-43231237	proximal	ENSG00000234892	.	6
chr22:43273998-43274196	distal	.	.	2
chr22:43281998-43282148	distal	.	.	2
chr22:43307975-43308125	distal	.	.	10
chr22:43377776-43378010	distal	.	.	4
chr22:43385753-43385981	distal	.	.	12
chr22:43403888-43404038	distal	.	.	2
chr22:43476177-43476327	distal	.	.	4
chr22:43486504-43486654	distal	.	.	6
chr22:43535344-43535565	distal	.	.	4
chr22:43777353-43777503	distal	.	.	4
chr22:43885068-43885263	distal	.	.	8
chr22:43945767-43946131	distal	.	.	6
chr22:43955284-43955468	proximal	SAMM50	.	2
chr22:44023786-44024307	distal	.	.	6
chr22:44498039-44498775	proximal	RTL6	.	8
chr22:44571211-44571361	distal	.	.	2
chr22:44684670-44685213	distal	.	.	2
chr22:44701830-44702275	proximal	PRR5-ARHGAP8	.	4
chr22:44975670-44975820	distal	.	.	2
chr22:45096343-45096493	distal	.	.	2
chr22:45227447-45227597	distal	.	.	2
chr22:45240820-45241303	proximal	KIAA0930	.	4
chr22:45269069-45269328	distal	.	.	2
chr22:45290381-45290656	distal	.	.	4
chr22:45548290-45548517	distal	.	.	2
chr22:45553758-45554395	distal	.	.	2
chr22:45594547-45594697	distal	.	.	2
chr22:45697854-45698152	distal	.	.	2
chr22:45705696-45705933	distal	.	.	6
chr22:45978630-45978825	distal	.	.	4
chr22:45994861-45995167	distal	.	.	6
chr22:46013461-46014072	proximal	ENSG00000273145	.	8
chr22:46035637-46036570	distal	.	.	10
chr22:46071545-46071750	distal	.	.	18
chr22:46079962-46080112	distal	.	.	2
chr22:46136569-46136719	distal	.	.	2
chr22:46150677-46150827	proximal	PPARA	.	8
chr22:46250089-46250543	proximal	CDPF1,ENSG00000289858	.	16
chr22:46335275-46335719	distal	.	.	2
chr22:46390719-46391014	distal	.	.	8
chr22:46509077-46509246	distal	.	.	8
chr22:46531796-46531970	distal	.	.	2
chr22:46537549-46537965	proximal	CELSR1,ENSG00000288754	.	8
chr22:46542778-46542928	distal	.	.	2
chr22:46563421-46563928	distal	.	.	2
chr22:46582413-46582659	distal	.	.	2
chr22:46762375-46762921	proximal	TBC1D22A,TBC1D22A-DT	.	4
chr22:46777782-46777932	distal	.	.	2
chr22:46798688-46798838	distal	.	.	2
chr22:46983061-46983211	distal	.	.	2
chr22:48605275-48605425	distal	.	.	2
chr22:49323416-49323641	distal	.	.	2
chr22:49929614-49929772	distal	.	.	2
chr22:49945384-49945534	distal	.	.	2
chr22:49960271-49960859	proximal	PIM3	.	4
chr22:50200741-50201076	proximal	SELENOO,TRABD-AS1	.	4
chr22:50260986-50261196	proximal	MAPK12	.	2
chr22:50327003-50327309	proximal	DENND6B	.	2
chr22:50498524-50498834	distal	.	.	6
chr22:50525522-50525919	proximal	SCO2	.	4
chr22:50526330-50526511	proximal	SCO2	.	4
chr22:50582349-50583158	proximal	CHKB-CPT1B,CHKB-DT	.	8
chr22:50600462-50600727	proximal	CHKB,MAPK8IP2	.	8
chr22:50642494-50642693	distal	.	.	4
chr22:50733552-50733806	distal	.	.	18
chr22:50775086-50775506	distal	.	.	2
chr22:50807831-50808077	distal	.	.	2
chr2:100099229-100099379	distal	.	.	4
chr2:10019584-10019734	distal	.	.	2
chr2:10029030-10029412	distal	.	.	16
chr2:100322489-100322691	proximal	LONRF2	.	2
chr2:100339405-100339555	distal	.	.	2
chr2:10043310-10044281	proximal	KLF11	.	4
chr2:100562589-100563637	proximal	PDCL3	.	10
chr2:100647957-100648116	distal	.	.	4
chr2:10079973-10080344	proximal	CYS1	.	4
chr2:100902949-100903191	distal	.	.	6
chr2:100914139-100914296	distal	.	.	2
chr2:101002055-101002532	proximal	ENSG00000223947,RPL31	.	4
chr2:101039869-101040033	distal	.	.	2
chr2:10107518-10107765	distal	.	.	2
chr2:101205564-101205818	distal	.	.	4
chr2:10120581-10120731	proximal	RRM2	.	2
chr2:101308363-101308918	proximal	RNF149	.	6
chr2:101362315-101362465	distal	.	.	4
chr2:101697204-101697738	proximal	MAP4K4	.	10
chr2:10169975-10170208	distal	.	.	8
chr2:10409197-10409608	distal	.	.	2
chr2:104414037-104414253	proximal	LINC01831	.	4
chr2:10447923-10448959	proximal	ODC1,ODC1-DT	.	16
chr2:104843596-104843765	distal	.	.	4
chr2:104853705-104854242	proximal	ENSG00000269707,PANTR1,POU3F3	.	12
chr2:105037779-105038429	proximal	MRPS9,MRPS9-AS2	.	8
chr2:105244041-105244191	distal	.	.	12
chr2:105337420-105337623	proximal	C2orf49,C2orf49-DT	.	8
chr2:105522859-105523026	distal	.	.	8
chr2:105811646-105811800	distal	.	.	8
chr2:10690189-10690765	proximal	NOL10,RN7SL832P	.	4
chr2:10755614-10755768	distal	.	.	4
chr2:10835418-10835782	distal	.	.	2
chr2:108448957-108449292	proximal	GCC2	.	4
chr2:108461292-108461442	distal	.	.	2
chr2:108636482-108636704	distal	.	.	6
chr2:108786395-108786876	proximal	CCDC138	.	2
chr2:10880134-10880456	distal	.	.	4
chr2:108979528-108979685	distal	.	.	2
chr2:109128016-109128299	proximal	SH3RF3-AS1	.	2
chr2:109223462-109223612	distal	.	.	2
chr2:110204860-110205140	proximal	NPHP1	.	4
chr2:110211982-110212172	distal	.	.	2
chr2:110268033-110268546	distal	.	.	2
chr2:110652167-110652344	distal	.	.	2
chr2:110700551-110700701	distal	.	.	2
chr2:11071900-11072050	distal	.	.	2
chr2:110879044-110879194	distal	.	.	2
chr2:110965593-110965829	distal	.	.	2
chr2:110992515-110992716	distal	.	.	4
chr2:111068426-111068632	distal	.	.	2
chr2:111120462-111121097	distal	.	.	4
chr2:111122220-111122591	distal	.	.	2
chr2:111123175-111123412	distal	.	.	4
chr2:111310220-111310377	distal	.	.	2
chr2:111494864-111495014	distal	.	.	2
chr2:111514312-111514474	distal	.	.	4
chr2:11155008-11155769	proximal	SLC66A3	.	8
chr2:111884122-111884330	proximal	ANAPC1	.	4
chr2:111897826-111898759	proximal	MERTK	.	10
chr2:112042612-112042876	distal	.	.	2
chr2:112210023-112210225	distal	.	.	4
chr2:112254966-112255185	proximal	ZC3H8	.	6
chr2:112275241-112275726	proximal	ZC3H6	.	2
chr2:112451651-112451801	distal	.	.	8
chr2:112481085-112481392	proximal	TTL	.	4
chr2:112481597-112481764	proximal	TTL	.	4
chr2:112483187-112483381	distal	.	.	2
chr2:112541814-112542545	proximal	POLR1B	.	4
chr2:112583897-112584124	proximal	CHCHD5	.	2
chr2:112600064-112600344	distal	.	.	2
chr2:112645144-112646163	proximal	SLC20A1,SLC20A1-DT	.	4
chr2:112764044-112764942	proximal	CKAP2L	.	8
chr2:113070138-113070378	distal	.	.	6
chr2:11311320-11311492	distal	.	.	4
chr2:113157318-113157693	proximal	PSD4	.	2
chr2:113199124-113199434	distal	.	.	4
chr2:113437515-113438089	proximal	ZNG1B	.	4
chr2:113583557-113584124	proximal	ENSG00000287165,WASH2P	.	8
chr2:113591823-113592094	distal	.	.	4
chr2:113627002-113627304	proximal	RABL2A	.	2
chr2:113903345-113903673	distal	.	.	8
chr2:113952642-113952833	distal	.	.	4
chr2:11465761-11466781	proximal	E2F6	.	4
chr2:11500498-11500648	distal	.	.	2
chr2:11582810-11583021	distal	.	.	2
chr2:11639089-11639239	distal	.	.	2
chr2:11668556-11668712	distal	.	.	2
chr2:11746480-11746760	distal	.	.	2
chr2:11851077-11851257	distal	.	.	2
chr2:119020696-119020846	distal	.	.	4
chr2:119476326-119476547	proximal	SCTR-AS1	.	2
chr2:119714811-119714961	distal	.	.	2
chr2:119742330-119742505	distal	.	.	4
chr2:119759373-119759955	proximal	PTPN4	.	14
chr2:120013395-120013549	proximal	EPB41L5	.	4
chr2:120174723-120174873	distal	.	.	2
chr2:120223114-120223970	proximal	TMEM185B	.	12
chr2:120252384-120253272	distal	.	.	4
chr2:120313020-120313178	distal	.	.	4
chr2:120401871-120402021	distal	.	.	8
chr2:120452308-120452458	distal	.	.	4
chr2:120736757-120736938	distal	.	.	2
chr2:120811488-120811702	distal	.	.	2
chr2:120873439-120873589	distal	.	.	2
chr2:120938014-120938177	distal	.	.	2
chr2:121085040-121085190	distal	.	.	8
chr2:12120765-12120915	distal	.	.	2
chr2:121296229-121296533	distal	.	.	2
chr2:121530572-121531419	proximal	CLASP1-AS1	.	4
chr2:121649238-121649389	proximal	CLASP1,NIFK-AS1	.	8
chr2:121649475-121649948	proximal	CLASP1,NIFK-AS1	.	8
chr2:121700056-121700211	distal	.	.	4
chr2:121724784-121724969	distal	.	.	12
chr2:121755375-121756088	distal	.	.	2
chr2:126657201-126657427	distal	.	.	2
chr2:126657508-126658123	distal	.	.	6
chr2:126777414-126777674	distal	.	.	12
chr2:126887266-126887416	distal	.	.	2
chr2:127064894-127065110	distal	.	.	10
chr2:127068140-127068301	distal	.	.	2
chr2:127105513-127105804	distal	.	.	4
chr2:127107354-127107505	proximal	BIN1	.	8
chr2:127120526-127120676	distal	.	.	12
chr2:127220066-127220453	proximal	CYP27C1	.	8
chr2:127293944-127294611	proximal	ENSG00000286145,ERCC3	.	8
chr2:127370074-127370404	distal	.	.	6
chr2:127387168-127388319	proximal	MAP3K2,MAP3K2-DT	.	12
chr2:127407720-127408753	proximal	ENSG00000287742	.	8
chr2:127415773-127416159	distal	.	.	2
chr2:127526423-127526663	proximal	IWS1	.	6
chr2:127591551-127591710	distal	.	.	2
chr2:127810695-127811615	proximal	WDR33	.	2
chr2:127841591-127841741	distal	.	.	4
chr2:127857426-127857708	proximal	POLR2D	.	10
chr2:127857846-127857996	proximal	POLR2D	.	2
chr2:127885307-127885770	proximal	AMMECR1L	.	8
chr2:127885882-127886267	proximal	AMMECR1L,ENSG00000272667	.	12
chr2:127979946-127980096	distal	.	.	8
chr2:128027195-128028376	proximal	SAP130	.	2
chr2:128063515-128063947	distal	.	.	2
chr2:128090927-128091301	proximal	ENSG00000289982,UGGT1	.	8
chr2:128233580-128233834	distal	.	.	2
chr2:128318825-128319012	proximal	HS6ST1	.	6
chr2:128321839-128322072	distal	.	.	4
chr2:128569465-128569615	distal	.	.	8
chr2:129877424-129878220	proximal	ENSG00000286957,LINC02572	.	8
chr2:129888863-129889258	distal	.	.	8
chr2:129923485-129924087	proximal	LINC01856	.	8
chr2:129973175-129973437	distal	.	.	4
chr2:129979641-129980150	proximal	RAB6C,RAB6C-AS1	.	4
chr2:130181569-130182329	proximal	MZT2B,SMPD4	.	24
chr2:130337115-130337641	distal	.	.	10
chr2:130342083-130342506	proximal	CCDC115,IMP4	.	24
chr2:130391446-130391651	distal	.	.	10
chr2:130590539-130590980	proximal	ENSG00000232408	.	4
chr2:130727319-130728006	distal	.	.	2
chr2:130756014-130756522	proximal	AMER3,ENSG00000229797	.	8
chr2:130797480-130797760	distal	.	.	10
chr2:131092910-131093849	proximal	FAM168B	.	4
chr2:131154092-131154290	distal	.	.	4
chr2:131363877-131364077	proximal	ENSG00000283303,RAB6D	.	4
chr2:134900276-134900458	distal	.	.	8
chr2:134918138-134919297	proximal	CCNT2,CCNT2-AS1	.	8
chr2:135723967-135724333	distal	.	.	4
chr2:135875996-135876702	proximal	MCM6	.	8
chr2:136025440-136025819	distal	.	.	4
chr2:138444981-138445196	distal	.	.	2
chr2:138545016-138545206	distal	.	.	2
chr2:140188063-140188265	distal	.	.	2
chr2:140642121-140642469	distal	.	.	2
chr2:143937212-143937682	proximal	ENSG00000232377	.	4
chr2:144218295-144218445	distal	.	.	2
chr2:144430713-144431148	distal	.	.	2
chr2:144452669-144452857	distal	.	.	4
chr2:144950800-144951039	distal	.	.	2
chr2:145387127-145387283	distal	.	.	2
chr2:148927031-148927504	proximal	ENSG00000286167	.	2
chr2:149329878-149330052	proximal	LYPD6	.	4
chr2:149330170-149330625	proximal	LYPD6	.	2
chr2:150486071-150486233	distal	.	.	2
chr2:150486573-150486754	distal	.	.	2
chr2:151560961-151561120	distal	.	.	2
chr2:151828240-151828737	proximal	ARL5A	.	4
chr2:151891970-151892297	distal	.	.	2
chr2:152038460-152038634	distal	.	.	2
chr2:152098340-152098958	proximal	CACNB4,ENSG00000225214	.	4
chr2:152175336-152176202	proximal	ENSG00000286234,STAM2	.	8
chr2:152200703-152200929	distal	.	.	2
chr2:152298245-152298470	distal	.	.	8
chr2:152335021-152335326	proximal	FMNL2	.	4
chr2:152372575-152372767	distal	.	.	2
chr2:152379143-152379293	distal	.	.	2
chr2:152481841-152482044	distal	.	.	4
chr2:153477188-153477362	distal	.	.	4
chr2:153478656-153479034	proximal	RPRM	.	4
chr2:154142445-154142595	distal	.	.	2
chr2:154293814-154293964	distal	.	.	2
chr2:154532788-154533094	distal	.	.	2
chr2:154647639-154647789	distal	.	.	2
chr2:155157584-155157811	distal	.	.	2
chr2:15561033-15561332	proximal	NBAS	.	4
chr2:15591612-15592136	proximal	DDX1	.	4
chr2:155966278-155966428	distal	.	.	2
chr2:156341534-156342234	proximal	NR4A2	.	2
chr2:156342380-156342716	proximal	NR4A2	.	2
chr2:158722987-158723137	distal	.	.	4
chr2:158967435-158968271	proximal	TANC1	.	4
chr2:158995802-158995957	distal	.	.	8
chr2:159064807-159065267	distal	.	.	6
chr2:159124712-159124862	distal	.	.	2
chr2:159286008-159286210	proximal	WDSUB1	.	4
chr2:159344690-159344852	distal	.	.	4
chr2:15965550-15965700	distal	.	.	4
chr2:15985679-15985829	distal	.	.	4
chr2:160224118-160224307	distal	.	.	2
chr2:160406937-160407367	distal	.	.	2
chr2:160492637-160492873	distal	.	.	2
chr2:160493748-160494045	proximal	RBMS1	.	4
chr2:160993735-160993993	distal	.	.	6
chr2:161413992-161414889	distal	.	.	2
chr2:161684379-161684576	distal	.	.	2
chr2:162548169-162548335	distal	.	.	2
chr2:163347771-163347976	distal	.	.	2
chr2:165746712-165746865	distal	.	.	4
chr2:165953374-165954065	proximal	TTC21B	.	4
chr2:168247365-168247815	proximal	STK39	.	4
chr2:168661499-168661870	distal	.	.	4
chr2:168816317-168816492	distal	.	.	8
chr2:169012238-169012726	distal	.	.	6
chr2:169361811-169362260	proximal	LRP2	.	8
chr2:169363524-169363699	distal	.	.	2
chr2:169364050-169364587	distal	.	.	2
chr2:169452930-169453318	distal	.	.	4
chr2:169509663-169509815	proximal	KLHL41	.	4
chr2:169570707-169570950	distal	.	.	4
chr2:169573542-169574103	proximal	FASTKD1	.	6
chr2:169584237-169584640	proximal	PPIG	.	8
chr2:169584698-169584888	proximal	PPIG	.	4
chr2:169694345-169694914	proximal	CFAP210,KLHL23,PHOSPHO2	.	18
chr2:169717037-169717187	distal	.	.	12
chr2:169733187-169733337	distal	.	.	2
chr2:169733455-169734068	distal	.	.	2
chr2:169827243-169827542	proximal	UBR3	.	6
chr2:169827635-169827818	proximal	UBR3	.	6
chr2:169828360-169828808	distal	.	.	6
chr2:169898947-169899101	distal	.	.	10
chr2:169966879-169967031	distal	.	.	4
chr2:170007694-170007860	distal	.	.	2
chr2:170081399-170081552	distal	.	.	2
chr2:170324625-170324941	distal	.	.	2
chr2:170361025-170361485	distal	.	.	4
chr2:170474300-170474536	distal	.	.	2
chr2:170530014-170530653	distal	.	.	2
chr2:170724906-170725056	distal	.	.	2
chr2:170770728-170771213	distal	.	.	4
chr2:170928757-170929519	proximal	GORASP2	.	4
chr2:170973516-170973753	distal	.	.	2
chr2:170973819-170974104	distal	.	.	2
chr2:171159718-171159913	distal	.	.	4
chr2:171160059-171161098	distal	.	.	4
chr2:171176136-171176377	distal	.	.	2
chr2:171347148-171347325	distal	.	.	4
chr2:171408624-171408774	distal	.	.	4
chr2:171433751-171434835	proximal	DCAF17,METTL8	.	12
chr2:171687198-171687516	proximal	DYNC1I2	.	4
chr2:171738692-171738882	distal	.	.	10
chr2:171761387-171761577	distal	.	.	2
chr2:171922197-171922982	proximal	HAT1	.	8
chr2:171999539-172000277	proximal	METAP1D,SLC25A12	.	12
chr2:172054252-172054462	distal	.	.	2
chr2:172084352-172084702	proximal	DLX1,ENSG00000288958	.	4
chr2:172084864-172085058	proximal	DLX1	.	4
chr2:172085203-172085528	proximal	DLX1	.	8
chr2:172345792-172345942	distal	.	.	4
chr2:172735737-172736021	proximal	RAPGEF4,RAPGEF4-AS1	.	4
chr2:172834952-172835166	distal	.	.	4
chr2:172951716-172952039	distal	.	.	8
chr2:172972062-172972291	distal	.	.	2
chr2:173049338-173049547	distal	.	.	12
chr2:173075882-173076223	proximal	MAP3K20	.	4
chr2:173354762-173354964	proximal	CDCA7	.	4
chr2:173401883-173402033	distal	.	.	10
chr2:173479998-173480148	distal	.	.	4
chr2:173911368-173911591	distal	.	.	4
chr2:173963833-173964045	distal	.	.	8
chr2:173964220-173965139	proximal	ENSG00000289296,SP3	.	8
chr2:173965317-173965569	proximal	ENSG00000289296,SP3	.	24
chr2:174059919-174060069	distal	.	.	2
chr2:174247899-174248367	proximal	OLA1	.	2
chr2:174248452-174248832	proximal	OLA1	.	2
chr2:174486500-174487406	proximal	GPR155,GPR155-DT	.	8
chr2:174682777-174683272	proximal	WIPF1	.	4
chr2:174706890-174707083	distal	.	.	4
chr2:174788551-174788862	proximal	CHRNA1	.	4
chr2:174951868-174952018	distal	.	.	2
chr2:175145421-175145606	distal	.	.	2
chr2:175181556-175181878	proximal	ATP5MC3	.	4
chr2:175366871-175367035	distal	.	.	6
chr2:175454974-175455476	distal	.	.	2
chr2:175757400-175757580	distal	.	.	4
chr2:176002595-176002848	proximal	LNPK	.	4
chr2:176080385-176080720	distal	.	.	4
chr2:176091895-176092045	proximal	HOXD13	.	4
chr2:176093155-176093555	proximal	HOXD13	.	4
chr2:176106797-176107340	distal	.	.	4
chr2:176129995-176130412	proximal	HOXD8	.	4
chr2:176130572-176130909	distal	.	.	2
chr2:176135890-176136251	proximal	HOXD3	.	4
chr2:176158479-176159320	distal	.	.	4
chr2:176174929-176175559	distal	.	.	2
chr2:176188392-176188750	proximal	HAGLR,HOXD1	.	8
chr2:176335175-176335343	distal	.	.	2
chr2:176419266-176419416	distal	.	.	4
chr2:176454938-176455368	distal	.	.	10
chr2:176532338-176532488	proximal	ENSG00000236231	.	4
chr2:176537478-176537638	distal	.	.	4
chr2:176618623-176618782	distal	.	.	4
chr2:176638167-176638589	proximal	LINC01116	.	4
chr2:176729112-176729364	distal	.	.	2
chr2:176757889-176758127	distal	.	.	2
chr2:176857780-176857934	distal	.	.	4
chr2:176956084-176956254	distal	.	.	4
chr2:177164670-177164902	proximal	ENSG00000236501	.	4
chr2:177212335-177213344	proximal	ENSG00000229337,HNRNPA3	.	4
chr2:177263457-177264430	proximal	ENSG00000222043	.	8
chr2:177265211-177265544	distal	.	.	2
chr2:177365849-177366106	distal	.	.	2
chr2:17737931-17738138	distal	.	.	2
chr2:177392658-177393088	proximal	AGPS,ENSG00000213963,NFE2L2	.	6
chr2:177588939-177589089	distal	.	.	4
chr2:177618621-177618814	proximal	TTC30A	.	6
chr2:177634385-177634740	distal	.	.	4
chr2:178112280-178112587	proximal	RBM45	.	4
chr2:178112807-178112958	proximal	RBM45	.	2
chr2:178193999-178194184	proximal	OSBPL6	.	2
chr2:178194277-178195019	proximal	OSBPL6	.	4
chr2:181294763-181295026	distal	.	.	2
chr2:181569474-181569678	distal	.	.	4
chr2:181656400-181656888	distal	.	.	2
chr2:181954156-181954497	proximal	PPP1R1C	.	4
chr2:182681811-182681961	distal	.	.	4
chr2:183037641-183038687	proximal	NCKAP1	.	4
chr2:18473441-18473591	distal	.	.	2
chr2:188291573-188291864	proximal	GULP1	.	2
chr2:188291992-188292341	proximal	GULP1	.	6
chr2:188292544-188293245	distal	.	.	4
chr2:189580391-189581041	distal	.	.	2
chr2:189738538-189738688	distal	.	.	2
chr2:189871751-189871944	distal	.	.	2
chr2:190343511-190344542	proximal	HIBCH,INPP1	.	4
chr2:190380746-190380896	distal	.	.	2
chr2:190648474-190649189	distal	.	.	2
chr2:190880217-190880903	proximal	GLS	.	4
chr2:191245179-191245472	proximal	MYO1B,MYO1B-AS1	.	16
chr2:191321722-191322214	distal	.	.	8
chr2:191434119-191434269	distal	.	.	2
chr2:191677404-191677675	proximal	ENSG00000288900,NABP1	.	8
chr2:191677813-191678418	proximal	ENSG00000288900,NABP1	.	12
chr2:191741078-191741247	distal	.	.	8
chr2:192194762-192195468	proximal	TMEFF2	.	4
chr2:19348285-19348511	proximal	LINC01376	.	4
chr2:196131427-196131704	distal	.	.	2
chr2:196171293-196171782	distal	.	.	14
chr2:196593602-196593796	proximal	HECW2	.	6
chr2:196639350-196640011	proximal	CCDC150,ENSG00000282836	.	8
chr2:196662500-196662703	distal	.	.	2
chr2:196748608-196748758	distal	.	.	2
chr2:196799421-196799878	proximal	GTF3C3	.	6
chr2:196855033-196855274	distal	.	.	8
chr2:196926583-196927275	proximal	PGAP1	.	8
chr2:197228499-197228672	distal	.	.	4
chr2:197453774-197454026	proximal	COQ10B	.	4
chr2:197515753-197516537	proximal	HSPD1,MOB4	.	4
chr2:197805110-197805304	proximal	PLCL1	.	4
chr2:19863494-19863644	distal	.	.	12
chr2:19901472-19902410	proximal	TTC32,TTC32-DT	.	4
chr2:199360765-199360930	distal	.	.	2
chr2:199558001-199558219	distal	.	.	2
chr2:199911047-199911816	proximal	C2orf69,ENSG00000232732	.	8
chr2:200306277-200306867	proximal	SPATS2L	.	4
chr2:200442506-200442656	distal	.	.	8
chr2:200481755-200482032	distal	.	.	4
chr2:20051332-20052242	proximal	LAPTM4A,LAPTM4A-DT	.	8
chr2:200525929-200526398	distal	.	.	2
chr2:200600631-200600880	distal	.	.	2
chr2:200697117-200697499	distal	.	.	8
chr2:200713039-200713475	distal	.	.	2
chr2:200756574-200756893	distal	.	.	2
chr2:200812450-200812674	proximal	BZW1-AS1	.	4
chr2:200864242-200864911	proximal	CLK1	.	4
chr2:200963258-200964160	proximal	ENSG00000183308,ORC2	.	16
chr2:20098333-20098483	distal	.	.	2
chr2:200991428-200991578	distal	.	.	4
chr2:201071232-201072280	proximal	HYCC2,NDUFB3	.	12
chr2:201087132-201087282	distal	.	.	2
chr2:20114555-20114705	distal	.	.	2
chr2:201451457-201451737	proximal	TRAK2	.	4
chr2:201451862-201452212	proximal	TRAK2	.	12
chr2:201621730-201621955	distal	.	.	4
chr2:201642409-201642791	proximal	ENSG00000287133,TMEM237	.	8
chr2:201780855-201781267	distal	.	.	12
chr2:201819207-201819495	distal	.	.	8
chr2:201872721-201872871	distal	.	.	6
chr2:201912044-201912215	distal	.	.	4
chr2:202014902-202015172	distal	.	.	8
chr2:202033276-202034197	proximal	ENSG00000273209,FZD7	.	8
chr2:202109729-202109984	distal	.	.	8
chr2:202200584-202200734	distal	.	.	6
chr2:202238211-202238392	proximal	SUMO1	.	8
chr2:202238454-202238819	proximal	SUMO1	.	12
chr2:20224776-20225011	proximal	SDC1	.	4
chr2:20225144-20225521	proximal	SDC1	.	2
chr2:202265186-202265835	proximal	NOP58	.	4
chr2:202349393-202349552	distal	.	.	4
chr2:202375241-202376343	proximal	BMPR2,ENSG00000273456	.	12
chr2:202386654-202386804	distal	.	.	2
chr2:202635619-202636105	proximal	FAM117B	.	2
chr2:202831385-202831712	distal	.	.	14
chr2:202871152-202871971	proximal	ICA1L	.	4
chr2:202911372-202911748	proximal	CARF	.	4
chr2:202911873-202912062	proximal	CARF	.	2
chr2:202923785-202923982	distal	.	.	2
chr2:202963776-202963991	distal	.	.	8
chr2:203239642-203239845	proximal	CYP20A1,ENSG00000289294	.	8
chr2:203327688-203329057	proximal	ABI2,ENSG00000256458	.	8
chr2:203374185-203374344	distal	.	.	2
chr2:203465988-203466138	distal	.	.	8
chr2:20350345-20351493	distal	.	.	4
chr2:203556326-203556553	distal	.	.	2
chr2:20446872-20447306	proximal	ENSG00000290108,RHOB	.	8
chr2:204620454-204620604	distal	.	.	2
chr2:20468374-20468604	distal	.	.	8
chr2:205025088-205025501	distal	.	.	2
chr2:205711848-205711998	distal	.	.	2
chr2:205776183-205776402	distal	.	.	2
chr2:206159164-206159694	proximal	EEF1B2,NDUFS1	.	12
chr2:206159766-206160000	proximal	EEF1B2,NDUFS1	.	8
chr2:206195895-206196224	distal	.	.	4
chr2:206202516-206202714	proximal	CMKLR2-AS	.	4
chr2:206265277-206265427	distal	.	.	8
chr2:206274415-206274806	proximal	ZDBF2	.	6
chr2:206275503-206275744	proximal	ZDBF2	.	2
chr2:206399289-206399481	distal	.	.	4
chr2:206443268-206443928	proximal	ADAM23	.	4
chr2:206489159-206489309	distal	.	.	8
chr2:20651014-20651360	proximal	HS1BP3	.	2
chr2:206530474-206530730	distal	.	.	8
chr2:206540547-206540697	distal	.	.	8
chr2:206765206-206765455	proximal	FASTKD2,MDH1B	.	8
chr2:206765573-206765845	proximal	FASTKD2,MDH1B	.	16
chr2:206981867-206982045	distal	.	.	8
chr2:207165789-207166479	proximal	MYOSLID	.	8
chr2:207166828-207167002	proximal	MYOSLID	.	2
chr2:207223146-207223435	distal	.	.	4
chr2:207245024-207245252	distal	.	.	4
chr2:207350394-207350544	distal	.	.	8
chr2:207473228-207473397	distal	.	.	4
chr2:207529665-207530320	proximal	CREB1,ENSG00000223725	.	12
chr2:207540406-207540694	distal	.	.	4
chr2:207625335-207625898	proximal	METTL21A	.	2
chr2:207711280-207711899	proximal	CCNYL1	.	8
chr2:207712232-207712484	proximal	CCNYL1	.	4
chr2:207769651-207770522	proximal	FZD5	.	4
chr2:208061682-208061832	distal	.	.	4
chr2:208072419-208072615	distal	.	.	4
chr2:208124055-208124355	proximal	CRYGD	.	8
chr2:208124432-208124641	proximal	CRYGD	.	4
chr2:208265867-208266565	proximal	IDH1,PIKFYVE	.	4
chr2:209476439-209476761	distal	.	.	2
chr2:209495902-209496407	distal	.	.	2
chr2:210002377-210002782	proximal	RPE	.	4
chr2:210088526-210088676	distal	.	.	4
chr2:212538913-212539079	proximal	ERBB4	.	4
chr2:213151529-213152011	proximal	ENSG00000270659,IKZF2	.	4
chr2:215323822-215323972	distal	.	.	2
chr2:215880700-215880850	distal	.	.	2
chr2:215929818-215929997	distal	.	.	2
chr2:216013172-216013781	distal	.	.	2
chr2:216081507-216081963	proximal	TMEM169	.	4
chr2:216114621-216115080	distal	.	.	6
chr2:216187828-216188011	distal	.	.	20
chr2:216372214-216372432	proximal	MARCHF4	.	2
chr2:216412215-216412835	proximal	SMARCAL1,SMARCAL1-AS1	.	8
chr2:216498661-216498907	proximal	RPL37A,RPL37A-DT	.	8
chr2:216682496-216682836	distal	.	.	2
chr2:216693328-216693648	proximal	DIRC3-AS1	.	2
chr2:216698979-216699202	distal	.	.	2
chr2:216909563-216909713	distal	.	.	2
chr2:216997555-216997774	distal	.	.	2
chr2:217314230-217314525	distal	.	.	2
chr2:217943999-217944194	distal	.	.	6
chr2:218034740-218034980	proximal	RUFY4,TNS1	.	12
chr2:218068888-218069038	distal	.	.	4
chr2:218269598-218269998	proximal	AAMP,PNKD	.	8
chr2:218270062-218270606	proximal	AAMP,PNKD	.	4
chr2:218282093-218282244	distal	.	.	2
chr2:218287236-218287398	distal	.	.	2
chr2:218323192-218323769	distal	.	.	8
chr2:218358518-218358732	proximal	CATIP-AS2	.	4
chr2:218568018-218568672	proximal	CNOT9,USP37	.	4
chr2:218568730-218569013	proximal	CNOT9,USP37	.	48
chr2:218621743-218621893	distal	.	.	4
chr2:218659136-218659824	proximal	BCS1L,ZNF142	.	8
chr2:218671619-218672574	proximal	RNF25,STK36	.	12
chr2:218687500-218687722	distal	.	.	8
chr2:218710616-218711394	proximal	TTLL4	.	12
chr2:218774205-218774361	distal	.	.	4
chr2:218782005-218782228	proximal	CYP27A1	.	10
chr2:218847755-218847961	distal	.	.	2
chr2:218860687-218861252	distal	.	.	22
chr2:218908948-218909491	proximal	ENSG00000288898	.	8
chr2:218959373-218959744	proximal	CDK5R2	.	10
chr2:218962932-218963082	distal	.	.	4
chr2:218979891-218980513	distal	.	.	6
chr2:218996104-218996635	distal	.	.	8
chr2:219031644-219031794	distal	.	.	2
chr2:219060832-219061180	proximal	IHH	.	4
chr2:219160175-219161098	proximal	NHEJ1	.	10
chr2:219178086-219178709	proximal	CNPPD1	.	14
chr2:219200597-219201050	proximal	ENSG00000287529	.	8
chr2:219218748-219218901	proximal	ABCB6	.	6
chr2:219229253-219229483	proximal	ANKZF1,ATG9A	.	12
chr2:219229571-219229871	proximal	ANKZF1,ATG9A	.	28
chr2:219245120-219245800	proximal	GLB1L,STK16	.	24
chr2:219253892-219254149	proximal	TUBA4B	.	10
chr2:219278906-219279493	proximal	DNAJB2	.	12
chr2:219294576-219295299	distal	.	.	8
chr2:219313918-219314068	distal	.	.	8
chr2:219352413-219352895	distal	.	.	10
chr2:219387369-219387701	proximal	DNPEP-AS1	.	6
chr2:219387805-219388635	proximal	DNPEP-AS1	.	4
chr2:219406962-219407117	distal	.	.	4
chr2:219433963-219434151	proximal	SPEG	.	4
chr2:219441918-219442081	distal	.	.	20
chr2:219498435-219498970	proximal	ENSG00000268603,GMPPA	.	44
chr2:219509791-219510120	distal	.	.	16
chr2:219513928-219514162	proximal	ASIC4	.	4
chr2:219521362-219521552	distal	.	.	8
chr2:219522791-219522995	distal	.	.	4
chr2:219552294-219552843	distal	.	.	16
chr2:219570578-219570798	distal	.	.	2
chr2:219571260-219571647	proximal	OBSL1	.	2
chr2:219597634-219598291	proximal	STK11IP	.	4
chr2:219641093-219641243	distal	.	.	8
chr2:219708050-219708348	distal	.	.	2
chr2:219728905-219729142	distal	.	.	4
chr2:221573185-221573792	proximal	ENSG00000272944,EPHA4	.	4
chr2:222291250-222291445	distal	.	.	10
chr2:222298709-222299465	proximal	CCDC140,PAX3	.	8
chr2:222318277-222318676	proximal	CT75	.	4
chr2:222518710-222518895	distal	.	.	2
chr2:222709317-222709778	distal	.	.	2
chr2:222870958-222871108	distal	.	.	4
chr2:222924992-222925334	distal	.	.	2
chr2:222927884-222928034	distal	.	.	2
chr2:223472123-223472284	distal	.	.	2
chr2:223493893-223494043	distal	.	.	2
chr2:223725665-223726007	distal	.	.	2
chr2:223779865-223780180	distal	.	.	4
chr2:223815185-223815533	distal	.	.	2
chr2:223837465-223837935	proximal	AP1S3	.	4
chr2:224039261-224039709	proximal	SERPINE2	.	4
chr2:224242588-224242779	distal	.	.	2
chr2:224406227-224406402	distal	.	.	4
chr2:224485398-224485548	distal	.	.	4
chr2:227164484-227164672	proximal	COL4A3,COL4A4	.	4
chr2:227472047-227473138	proximal	AGFG1	.	4
chr2:229921844-229922877	proximal	FBXO36,TRIP12	.	8
chr2:230014305-230014455	distal	.	.	8
chr2:230323112-230323601	distal	.	.	2
chr2:230674607-230674799	distal	.	.	2
chr2:230691337-230691499	distal	.	.	2
chr2:230712566-230713161	proximal	CAB39	.	4
chr2:230814541-230814771	distal	.	.	4
chr2:230864627-230865003	proximal	ITM2C	.	2
chr2:230865078-230865261	proximal	ITM2C	.	2
chr2:230987283-230987554	distal	.	.	4
chr2:231053020-231053182	distal	.	.	2
chr2:231192441-231192664	distal	.	.	6
chr2:231198190-231198377	proximal	ARMC9	.	10
chr2:231198494-231198777	proximal	ARMC9	.	4
chr2:231227356-231227592	distal	.	.	2
chr2:231243159-231243623	distal	.	.	2
chr2:231272565-231272715	distal	.	.	4
chr2:231390730-231390880	distal	.	.	2
chr2:231412032-231412893	distal	.	.	2
chr2:231482797-231483013	proximal	NCL	.	4
chr2:231563470-231563645	distal	.	.	2
chr2:231604674-231604937	distal	.	.	10
chr2:231612672-231612900	distal	.	.	2
chr2:231613874-231614569	distal	.	.	4
chr2:231662208-231662674	distal	.	.	6
chr2:231674697-231674847	distal	.	.	6
chr2:231681052-231681407	distal	.	.	6
chr2:231687338-231687493	distal	.	.	4
chr2:231706917-231707248	proximal	ENSG00000289018,PTMA	.	8
chr2:231708022-231708558	distal	.	.	6
chr2:231713733-231714081	distal	.	.	8
chr2:231781000-231781781	proximal	COPS7B	.	4
chr2:231786187-231786499	proximal	PDE6D	.	6
chr2:231786682-231786943	proximal	PDE6D	.	4
chr2:231807736-231808075	distal	.	.	2
chr2:231842003-231842218	distal	.	.	2
chr2:231926262-231926564	proximal	NPPC	.	8
chr2:231961188-231962058	proximal	DIS3L2	.	4
chr2:232078055-232078205	distal	.	.	2
chr2:232192829-232193013	distal	.	.	6
chr2:232335343-232335505	distal	.	.	10
chr2:232387990-232388140	distal	.	.	2
chr2:232420630-232421084	proximal	ENSG00000237087	.	8
chr2:232524065-232524493	distal	.	.	2
chr2:232605805-232606412	proximal	EFHD1	.	4
chr2:232697000-232698043	proximal	GIGYF2	.	4
chr2:232853232-232853435	distal	.	.	4
chr2:233251397-233251789	distal	.	.	4
chr2:233268164-233268368	distal	.	.	2
chr2:233780212-233780372	distal	.	.	2
chr2:233949029-233949211	distal	.	.	2
chr2:234436657-234436807	distal	.	.	2
chr2:234826482-234826632	distal	.	.	2
chr2:235440423-235440573	distal	.	.	2
chr2:235658994-235659196	distal	.	.	2
chr2:23593287-23593473	distal	.	.	4
chr2:236168336-236168648	proximal	GBX2	.	4
chr2:236711693-236711843	distal	.	.	4
chr2:236731513-236731663	distal	.	.	2
chr2:237144358-237144508	distal	.	.	2
chr2:237154166-237154318	distal	.	.	2
chr2:237316779-237316929	distal	.	.	2
chr2:237572060-237572277	distal	.	.	4
chr2:237585592-237585742	distal	.	.	2
chr2:237691446-237692365	distal	.	.	4
chr2:237857009-237857159	distal	.	.	2
chr2:237966728-237967164	proximal	UBE2F,UBE2F-SCLY	.	8
chr2:238053519-238053669	distal	.	.	4
chr2:238060500-238061128	proximal	SCLY	.	8
chr2:238061244-238061649	proximal	SCLY	.	6
chr2:238098305-238098722	distal	.	.	10
chr2:238107316-238107466	distal	.	.	14
chr2:238158785-238159052	proximal	ERFE	.	2
chr2:238203599-238203913	proximal	ILKAP	.	12
chr2:238239929-238240191	proximal	HES6	.	6
chr2:238288664-238289270	proximal	ENSG00000283635	.	14
chr2:238391173-238391370	distal	.	.	2
chr2:238426649-238427070	proximal	ASB1,ENSG00000229915	.	8
chr2:238460995-238461166	distal	.	.	4
chr2:238573382-238573603	distal	.	.	2
chr2:23899901-23900055	distal	.	.	8
chr2:23924813-23924963	distal	.	.	2
chr2:23940082-23940626	distal	.	.	4
chr2:239882111-239882270	distal	.	.	2
chr2:240025263-240025642	proximal	NDUFA10	.	2
chr2:240048460-240048807	distal	.	.	2
chr2:240052974-240053124	proximal	OR6B3	.	8
chr2:240055614-240055764	distal	.	.	12
chr2:24010649-24010853	proximal	MFSD2B	.	4
chr2:240116022-240116193	distal	.	.	6
chr2:240204423-240204663	distal	.	.	4
chr2:240233216-240233886	distal	.	.	2
chr2:240250105-240250255	distal	.	.	2
chr2:240293902-240294062	distal	.	.	4
chr2:24047306-24047713	distal	.	.	2
chr2:24049533-24050135	proximal	FKBP1B,WDCP	.	12
chr2:240501027-240501200	distal	.	.	10
chr2:240560222-240560594	proximal	DUSP28	.	4
chr2:240560657-240561334	proximal	DUSP28	.	16
chr2:240566410-240566744	proximal	RNPEPL1	.	8
chr2:240586217-240586790	proximal	CAPN10,CAPN10-DT	.	12
chr2:240693604-240693754	distal	.	.	6
chr2:24076279-24077185	proximal	FAM228B,SF3B6	.	8
chr2:24083929-24084885	distal	.	.	4
chr2:240989896-240990046	distal	.	.	4
chr2:240998479-240998714	proximal	SNED1	.	4
chr2:241051682-241051864	distal	.	.	2
chr2:241149868-241150537	proximal	PASK,PPP1R7	.	12
chr2:241218447-241218600	distal	.	.	4
chr2:241225824-241225974	distal	.	.	2
chr2:241272669-241272956	distal	.	.	4
chr2:241355227-241355712	proximal	FARP2	.	24
chr2:241355775-241356645	proximal	FARP2	.	2
chr2:241411894-241412363	distal	.	.	4
chr2:241459286-241459436	distal	.	.	2
chr2:241610059-241610819	distal	.	.	2
chr2:241627954-241628215	distal	.	.	2
chr2:241637133-241638090	proximal	ATG4B,THAP4	.	8
chr2:241687213-241687645	proximal	DTYMK,ING5	.	4
chr2:241702186-241702490	distal	.	.	2
chr2:241702617-241702926	distal	.	.	8
chr2:241721016-241721221	distal	.	.	2
chr2:241734240-241735264	proximal	D2HGDH,ENSG00000215692	.	12
chr2:241948412-241948835	distal	.	.	8
chr2:24200477-24200627	distal	.	.	2
chr2:24360025-24360844	proximal	ITSN2	.	8
chr2:24490701-24491349	proximal	NCOA1	.	4
chr2:24540406-24540584	distal	.	.	10
chr2:24566017-24566351	distal	.	.	4
chr2:24600187-24600382	distal	.	.	8
chr2:24620863-24621098	distal	.	.	6
chr2:24671605-24671829	distal	.	.	4
chr2:24764994-24765162	distal	.	.	2
chr2:24793021-24793941	proximal	CENPO,PTRHD1	.	4
chr2:24805891-24806041	distal	.	.	2
chr2:24833439-24833683	distal	.	.	2
chr2:24971617-24972277	proximal	DNAJC27,DNAJC27-AS1	.	4
chr2:25041538-25041805	proximal	EFR3B	.	14
chr2:25041868-25042778	proximal	EFR3B	.	2
chr2:25099085-25099235	distal	.	.	2
chr2:25342450-25342651	proximal	DNMT3A	.	4
chr2:25361897-25362329	proximal	ENSG00000289567	.	8
chr2:25376746-25377092	distal	.	.	2
chr2:25513454-25513747	distal	.	.	4
chr2:25672951-25673174	proximal	DTNB	.	2
chr2:25673234-25673897	proximal	DTNB	.	2
chr2:25851760-25851910	distal	.	.	4
chr2:25851990-25852178	distal	.	.	6
chr2:25877675-25878825	proximal	ASXL2	.	2
chr2:25981981-25982810	proximal	KIF3C	.	6
chr2:25991282-25991507	distal	.	.	4
chr2:26044254-26044428	distal	.	.	2
chr2:26244567-26245025	proximal	HADHA	.	10
chr2:26280923-26281073	distal	.	.	4
chr2:26345605-26346205	proximal	ADGRF3	.	4
chr2:26577918-26578103	distal	.	.	4
chr2:26692548-26693660	proximal	KCNK3	.	10
chr2:26720982-26721152	distal	.	.	16
chr2:26764153-26764342	proximal	CENPA,SLC35F6	.	8
chr2:26785691-26786152	distal	.	.	4
chr2:26846320-26846539	distal	.	.	2
chr2:26847438-26847595	proximal	DPYSL5	.	6
chr2:26847834-26848136	proximal	DPYSL5	.	2
chr2:26848407-26848557	proximal	DPYSL5	.	6
chr2:26970464-26970702	proximal	MAPRE3	.	10
chr2:27032732-27033282	proximal	TMEM214	.	4
chr2:27050303-27051367	proximal	AGBL5-AS1	.	6
chr2:27051455-27051671	distal	.	.	2
chr2:27071502-27071987	proximal	OST4	.	14
chr2:27072067-27072236	proximal	OST4	.	4
chr2:27080731-27080923	distal	.	.	14
chr2:27081260-27081620	distal	.	.	10
chr2:27086259-27086818	proximal	KHK	.	8
chr2:2708689-2708839	distal	.	.	2
chr2:27087047-27087231	proximal	KHK	.	4
chr2:27096213-27096538	distal	.	.	8
chr2:27123560-27124176	proximal	ABHD1	.	2
chr2:27211691-27212100	proximal	ATRAID	.	18
chr2:27212183-27212441	proximal	ATRAID,SLC5A6	.	12
chr2:27217202-27217534	proximal	CAD	.	6
chr2:27217821-27218196	proximal	CAD	.	6
chr2:27250215-27250486	distal	.	.	8
chr2:27255041-27255191	distal	.	.	6
chr2:27279839-27280122	distal	.	.	8
chr2:27303418-27303682	distal	.	.	8
chr2:27322933-27323412	distal	.	.	18
chr2:27369761-27369960	proximal	EIF2B4,SNX17	.	20
chr2:27370241-27370914	proximal	EIF2B4,SNX17	.	8
chr2:27380337-27380935	proximal	ZNF513	.	6
chr2:27409280-27410015	proximal	PPM1G	.	8
chr2:27428362-27428656	proximal	NRBP1	.	10
chr2:27428765-27429438	distal	.	.	8
chr2:27453378-27453551	distal	.	.	8
chr2:27489555-27490141	proximal	IFT172	.	10
chr2:27534849-27534999	distal	.	.	4
chr2:27582689-27583133	proximal	ENSG00000259080,ZNF512	.	28
chr2:27583277-27583427	proximal	ENSG00000259080,ZNF512	.	16
chr2:27617752-27617958	distal	.	.	10
chr2:27628691-27629126	proximal	CCDC121,GPN1	.	12
chr2:27663348-27664459	proximal	SLC4A1AP,SUPT7L	.	8
chr2:27683615-27683838	distal	.	.	2
chr2:27703802-27704049	distal	.	.	6
chr2:27771570-27772048	proximal	MRPL33	.	6
chr2:27799770-27800076	distal	.	.	6
chr2:27890395-27890865	proximal	BABAM2,RBKS	.	20
chr2:27958662-27958812	distal	.	.	4
chr2:28107332-28107686	distal	.	.	2
chr2:28248412-28248562	distal	.	.	4
chr2:28332403-28332617	distal	.	.	2
chr2:28436598-28436748	distal	.	.	2
chr2:28764295-28764445	distal	.	.	2
chr2:3104954-3105121	distal	.	.	16
chr2:3158536-3158686	distal	.	.	2
chr2:3199817-3200049	distal	.	.	12
chr2:32039490-32039656	proximal	DPY30,ENSG00000288937	.	16
chr2:32063321-32064026	proximal	SPAST	.	4
chr2:32222787-32222937	distal	.	.	10
chr2:3224056-3224206	distal	.	.	4
chr2:32258156-32258390	distal	.	.	10
chr2:32277738-32278246	proximal	YIPF4	.	2
chr2:32356858-32357445	proximal	BIRC6	.	2
chr2:32578481-32578664	distal	.	.	4
chr2:32627874-32628194	proximal	TTC27	.	2
chr2:32808482-32808649	distal	.	.	4
chr2:32946396-32946551	proximal	LTBP1	.	6
chr2:33031828-33031987	distal	.	.	2
chr2:33610774-33611000	distal	.	.	2
chr2:3377592-3378099	proximal	EIPR1	.	4
chr2:3379549-3380053	proximal	TRAPPC12	.	4
chr2:3512608-3512758	distal	.	.	12
chr2:3558200-3558688	proximal	ENSG00000286905,RNASEH1,RNASEH1-DT	.	36
chr2:3605196-3605659	distal	.	.	4
chr2:36663907-36664369	distal	.	.	2
chr2:36718396-36718608	distal	.	.	2
chr2:37324687-37325504	proximal	PRKD3,PRKD3-DT	.	8
chr2:37376702-37376991	distal	.	.	8
chr2:37597684-37597890	distal	.	.	2
chr2:37672503-37672852	distal	.	.	2
chr2:38214228-38214770	distal	.	.	4
chr2:38515319-38515708	proximal	LINC02613	.	8
chr2:38714599-38714749	distal	.	.	4
chr2:38777787-38778310	distal	.	.	4
chr2:38797188-38797338	distal	.	.	4
chr2:39068913-39069132	distal	.	.	4
chr2:39120971-39121207	distal	.	.	2
chr2:39123956-39124606	proximal	SOS1	.	2
chr2:39229970-39230351	distal	.	.	10
chr2:39403818-39404122	distal	.	.	8
chr2:39436681-39437692	proximal	MAP4K3,MAP4K3-DT	.	24
chr2:39437814-39437964	proximal	MAP4K3	.	2
chr2:39717691-39717841	distal	.	.	2
chr2:39781743-39781948	distal	.	.	10
chr2:39789959-39790867	distal	.	.	4
chr2:41648309-41648540	distal	.	.	2
chr2:41824629-41824784	distal	.	.	4
chr2:42008460-42008610	distal	.	.	6
chr2:42025131-42025287	proximal	ENSG00000226398	.	6
chr2:42047742-42048056	proximal	PKDCC	.	2
chr2:42132822-42133446	distal	.	.	6
chr2:42141766-42142019	distal	.	.	4
chr2:42202545-42202695	distal	.	.	2
chr2:42238393-42238545	distal	.	.	2
chr2:42360952-42361354	distal	.	.	6
chr2:42361425-42362010	distal	.	.	2
chr2:42424703-42425095	proximal	COX7A2L	.	4
chr2:42530592-42530742	distal	.	.	2
chr2:42568367-42569034	distal	.	.	2
chr2:42580759-42580954	distal	.	.	2
chr2:42629560-42629984	distal	.	.	2
chr2:42783421-42783571	distal	.	.	10
chr2:42809869-42810847	distal	.	.	6
chr2:42828914-42829125	distal	.	.	8
chr2:42975136-42975557	distal	.	.	6
chr2:42989657-42990018	distal	.	.	2
chr2:42990576-42990726	distal	.	.	2
chr2:43041896-43042046	distal	.	.	4
chr2:43058232-43058439	distal	.	.	4
chr2:43226291-43226532	proximal	LINC01126,ZFP36L2	.	16
chr2:43234263-43234481	distal	.	.	8
chr2:43595705-43596453	proximal	THADA	.	12
chr2:43774390-43774546	proximal	DYNC2LI1	.	4
chr2:43995916-43996105	proximal	ENSG00000288707,LRPPRC	.	12
chr2:44055750-44055998	distal	.	.	4
chr2:44087268-44087457	distal	.	.	8
chr2:44240988-44241199	distal	.	.	8
chr2:44361731-44362022	proximal	CAMKMT,PREPL	.	8
chr2:44362153-44362524	proximal	CAMKMT,PREPL	.	12
chr2:44745107-44745298	distal	.	.	2
chr2:45117521-45117853	distal	.	.	8
chr2:45128686-45128878	distal	.	.	2
chr2:45182589-45182739	distal	.	.	2
chr2:45404761-45405001	distal	.	.	2
chr2:45611183-45611459	proximal	SRBD1	.	4
chr2:45650775-45651366	proximal	PRKCE	.	4
chr2:46004691-46004841	distal	.	.	6
chr2:46299742-46300008	distal	.	.	2
chr2:46464587-46464750	distal	.	.	6
chr2:46499748-46500415	distal	.	.	2
chr2:46543208-46543423	proximal	ATP6V1E2	.	2
chr2:46650438-46650778	distal	.	.	4
chr2:46662582-46663261	distal	.	.	4
chr2:46698694-46699470	proximal	LINC01118,SOCS5	.	12
chr2:46888887-46889120	distal	.	.	4
chr2:46915752-46916194	proximal	TTC7A	.	4
chr2:46916711-46916963	proximal	TTC7A	.	4
chr2:46940921-46941303	proximal	MCFD2	.	6
chr2:46941386-46941626	proximal	MCFD2	.	2
chr2:47034105-47034299	distal	.	.	4
chr2:47237470-47237620	distal	.	.	4
chr2:47242812-47242962	distal	.	.	4
chr2:47323201-47323404	distal	.	.	4
chr2:47345001-47345465	proximal	EPCAM,EPCAM-DT	.	8
chr2:47388259-47388489	distal	.	.	8
chr2:47388597-47388747	distal	.	.	8
chr2:47402850-47403688	proximal	MSH2	.	2
chr2:47570907-47571110	proximal	KCNK12	.	4
chr2:47783334-47784029	distal	.	.	12
chr2:47888397-47888604	distal	.	.	8
chr2:47905704-47906015	proximal	ENSG00000233230,FBXO11	.	16
chr2:47906385-47907046	proximal	FBXO11	.	4
chr2:48359238-48359388	distal	.	.	4
chr2:53658431-53658581	distal	.	.	8
chr2:53767725-53768368	proximal	CHAC2	.	6
chr2:53970748-53971197	proximal	ACYP2,PSME4	.	8
chr2:54088424-54088679	distal	.	.	4
chr2:54115450-54116117	proximal	ENSG00000289065	.	2
chr2:54572328-54572640	distal	.	.	4
chr2:54967641-54967791	distal	.	.	2
chr2:54975860-54976043	distal	.	.	4
chr2:55049580-55050107	distal	.	.	4
chr2:55232150-55232752	proximal	CLHC1,RPS27A	.	4
chr2:55268936-55269447	proximal	MTIF2	.	4
chr2:55282099-55282491	proximal	ENSG00000240401	.	8
chr2:55419373-55420302	proximal	CCDC88A	.	4
chr2:55482551-55482715	distal	.	.	8
chr2:55482859-55483148	distal	.	.	2
chr2:55519021-55519297	proximal	CFAP36	.	10
chr2:55519356-55520303	proximal	CFAP36	.	6
chr2:55692691-55693150	proximal	PNPT1	.	4
chr2:55836515-55836665	distal	.	.	4
chr2:56050714-56050892	distal	.	.	4
chr2:568164-568360	distal	.	.	8
chr2:57759687-57760257	distal	.	.	4
chr2:58046497-58046932	proximal	ENSG00000287875	.	4
chr2:58047030-58047544	proximal	ENSG00000287875	.	4
chr2:58186462-58186715	distal	.	.	4
chr2:60581470-60581987	distal	.	.	2
chr2:60618254-60618404	distal	.	.	2
chr2:60653067-60653384	distal	.	.	2
chr2:60685423-60685623	distal	.	.	8
chr2:60881013-60881917	proximal	REL,REL-DT	.	8
chr2:61017361-61017567	proximal	PEX13,PUS10	.	4
chr2:61065629-61066355	proximal	SANBR	.	4
chr2:61144775-61145149	proximal	C2orf74,C2orf74-DT	.	16
chr2:61194503-61194675	distal	.	.	2
chr2:61281872-61282148	distal	.	.	2
chr2:61390842-61391052	distal	.	.	2
chr2:61426398-61426706	distal	.	.	4
chr2:61470738-61471490	proximal	USP34,USP34-DT	.	28
chr2:61505065-61505240	distal	.	.	2
chr2:61538108-61538935	proximal	XPO1	.	12
chr2:61694294-61695204	distal	.	.	10
chr2:61763740-61764745	proximal	ENSG00000289410,ENSG00000289855	.	8
chr2:61846265-61846524	distal	.	.	2
chr2:61847634-61847784	distal	.	.	8
chr2:61853591-61854303	proximal	ENSG00000289247,FAM161A	.	16
chr2:61854392-61854749	proximal	ENSG00000289247,FAM161A	.	8
chr2:61866438-61866642	distal	.	.	6
chr2:61888547-61889148	proximal	CCT4,COMMD1	.	16
chr2:61924419-61924651	distal	.	.	2
chr2:61961380-61961530	distal	.	.	8
chr2:62096902-62097063	distal	.	.	4
chr2:62196206-62196533	proximal	B3GNT2	.	4
chr2:62264818-62264968	distal	.	.	6
chr2:62305638-62305797	distal	.	.	2
chr2:62894339-62894524	distal	.	.	2
chr2:63050273-63051074	proximal	OTX1	.	2
chr2:63588255-63589051	proximal	MDH1	.	6
chr2:63840747-63841881	proximal	ENSG00000289943,UGP2	.	16
chr2:64018651-64019204	proximal	VPS54	.	4
chr2:64120587-64120737	distal	.	.	8
chr2:64384499-64384725	distal	.	.	8
chr2:64453217-64453409	proximal	LGALSL,LGALSL-DT	.	8
chr2:64453894-64454228	proximal	LGALSL,LGALSL-DT	.	8
chr2:64454312-64454736	proximal	LGALSL,LGALSL-DT	.	8
chr2:64488070-64488275	distal	.	.	4
chr2:64504029-64504192	distal	.	.	8
chr2:64523969-64524662	proximal	AFTPH,AFTPH-DT	.	36
chr2:64533257-64533443	distal	.	.	2
chr2:64609100-64609893	distal	.	.	2
chr2:64645132-64645357	proximal	ENSG00000226756	.	4
chr2:64653531-64654403	distal	.	.	8
chr2:64672555-64672710	distal	.	.	4
chr2:64750599-64751844	proximal	SERTAD2	.	4
chr2:64768188-64768419	proximal	ENSG00000288986	.	8
chr2:64806549-64806849	distal	.	.	6
chr2:64865181-64865491	distal	.	.	8
chr2:64988805-64989566	proximal	SLC1A4	.	4
chr2:65006399-65006694	distal	.	.	8
chr2:65027930-65028080	distal	.	.	6
chr2:65056072-65056655	proximal	CEP68,LINC02245	.	4
chr2:65107555-65107906	distal	.	.	2
chr2:65130010-65130838	proximal	RAB1A	.	4
chr2:65141339-65141489	distal	.	.	4
chr2:65227351-65227975	proximal	ACTR2	.	4
chr2:65238808-65239012	distal	.	.	4
chr2:65265172-65265420	distal	.	.	2
chr2:65359602-65359791	distal	.	.	4
chr2:65432483-65432822	proximal	SPRED2	.	8
chr2:65435763-65436083	proximal	LINC02934	.	8
chr2:65639670-65639820	proximal	LINC03050	.	4
chr2:65662667-65662817	distal	.	.	4
chr2:65760208-65760419	distal	.	.	4
chr2:66080027-66080430	distal	.	.	8
chr2:66085425-66085752	distal	.	.	2
chr2:66301113-66301272	distal	.	.	4
chr2:66433464-66433737	proximal	MEIS1,MEIS1-AS3	.	8
chr2:66962695-66962845	distal	.	.	2
chr2:67650857-67651007	distal	.	.	2
chr2:67897254-67897404	distal	.	.	2
chr2:68028263-68028473	distal	.	.	4
chr2:68157229-68158187	proximal	DNAAF10,PNO1	.	8
chr2:68252249-68253125	proximal	ENSG00000273064	.	4
chr2:68319367-68320280	proximal	CNRIP1	.	4
chr2:68357834-68358207	distal	.	.	4
chr2:68445050-68445229	distal	.	.	2
chr2:68467214-68467647	proximal	APLF,FBXO48	.	8
chr2:68483040-68483296	distal	.	.	2
chr2:68725726-68726106	distal	.	.	2
chr2:68751841-68752059	distal	.	.	2
chr2:6917264-6917526	proximal	RNF144A	.	4
chr2:69178108-69178710	distal	.	.	6
chr2:69436927-69437950	proximal	NFU1	.	8
chr2:69643168-69643355	distal	.	.	4
chr2:69643638-69644114	proximal	ANXA4	.	14
chr2:69714744-69714929	proximal	ENSG00000231024	.	6
chr2:69724698-69725184	distal	.	.	2
chr2:69893813-69894233	proximal	SNRNP27	.	6
chr2:69902485-69902635	distal	.	.	4
chr2:69914288-69915212	distal	.	.	2
chr2:70087349-70087713	proximal	PCBP1	.	4
chr2:70094827-70094978	distal	.	.	4
chr2:70108116-70108368	distal	.	.	10
chr2:70108885-70109459	distal	.	.	4
chr2:70123196-70123346	distal	.	.	8
chr2:70123432-70123810	distal	.	.	4
chr2:70124048-70124403	distal	.	.	10
chr2:70142112-70142990	distal	.	.	4
chr2:70161798-70162004	distal	.	.	2
chr2:70190662-70191272	distal	.	.	8
chr2:70248522-70248825	proximal	C2orf42,TIA1	.	20
chr2:70257493-70257830	proximal	PCYOX1	.	16
chr2:70257893-70258226	proximal	PCYOX1	.	4
chr2:70258285-70258620	distal	.	.	14
chr2:70293265-70294300	proximal	SNRPG	.	12
chr2:70375189-70375339	distal	.	.	2
chr2:7044425-7044575	distal	.	.	4
chr2:70539892-70540072	distal	.	.	10
chr2:70553691-70554489	proximal	TGFA	.	4
chr2:70617577-70617943	distal	.	.	2
chr2:70630274-70630424	proximal	ENSG00000286979	.	4
chr2:70647955-70648183	distal	.	.	6
chr2:70768061-70768555	proximal	ADD2	.	4
chr2:70798185-70798425	distal	.	.	18
chr2:70808757-70808993	distal	.	.	4
chr2:70818058-70818208	distal	.	.	4
chr2:70861907-70862187	distal	.	.	2
chr2:70871388-70871853	distal	.	.	4
chr2:70899843-70900040	proximal	VAX2	.	4
chr2:70922562-70922712	distal	.	.	4
chr2:70947982-70948389	proximal	ATP6V1B1-AS1	.	8
chr2:70948537-70948723	proximal	ATP6V1B1-AS1	.	4
chr2:70976837-70977384	distal	.	.	8
chr2:70977485-70977639	proximal	ANKRD53	.	2
chr2:71001038-71001343	distal	.	.	12
chr2:71021787-71022003	distal	.	.	6
chr2:71068163-71068728	proximal	ENSG00000272735	.	16
chr2:71129721-71130049	proximal	MCEE,MPHOSPH10	.	8
chr2:71130127-71130410	proximal	MCEE,MPHOSPH10	.	8
chr2:71130541-71130853	proximal	MCEE,MPHOSPH10	.	8
chr2:71157550-71157764	distal	.	.	2
chr2:71276193-71277121	proximal	ZNF638	.	12
chr2:71277594-71277830	distal	.	.	2
chr2:71331579-71332307	distal	.	.	6
chr2:71372043-71372318	distal	.	.	12
chr2:71498124-71498320	distal	.	.	4
chr2:71510273-71510491	distal	.	.	6
chr2:72144993-72145316	proximal	ENSG00000289615	.	4
chr2:72149957-72150121	distal	.	.	4
chr2:72651592-72651742	distal	.	.	2
chr2:72825363-72826217	proximal	EXOC6B	.	2
chr2:72886940-72887454	proximal	SPR	.	6
chr2:72923675-72923825	distal	.	.	2
chr2:72973524-72973879	distal	.	.	4
chr2:73009455-73009662	distal	.	.	2
chr2:73094524-73094696	distal	.	.	12
chr2:73111602-73112032	distal	.	.	2
chr2:73112690-73113113	proximal	ENSG00000272702	.	4
chr2:73177379-73177698	distal	.	.	4
chr2:73214122-73214728	proximal	SMYD5	.	2
chr2:73293494-73293651	proximal	EGR4	.	2
chr2:73737199-73737689	proximal	TPRKB	.	10
chr2:73779782-73780355	proximal	DUSP11	.	8
chr2:73828806-73829395	proximal	STAMBP	.	4
chr2:73926751-73927223	proximal	DGUOK	.	6
chr2:73976897-73977093	distal	.	.	2
chr2:739840-740877	proximal	ENSG00000223751,LINC01115	.	8
chr2:74002515-74003022	distal	.	.	4
chr2:74032120-74032271	distal	.	.	10
chr2:74120129-74120740	distal	.	.	4
chr2:74133430-74133612	distal	.	.	8
chr2:74148570-74148793	proximal	BOLA3,BOLA3-DT	.	16
chr2:74190578-74190728	distal	.	.	4
chr2:74198333-74198902	proximal	ENSG00000279070	.	12
chr2:74199032-74199508	proximal	ENSG00000279070	.	8
chr2:74343214-74343378	proximal	SLC4A5	.	10
chr2:74380234-74380572	distal	.	.	4
chr2:74391542-74392223	proximal	DCTN1	.	4
chr2:74421556-74421966	proximal	C2orf81,ENSG00000159239,WDR54	.	30
chr2:74440453-74440979	distal	.	.	16
chr2:74454804-74455142	proximal	INO80B,INO80B-WBP1	.	12
chr2:74457452-74457798	proximal	WBP1	.	2
chr2:74457960-74458562	proximal	WBP1	.	4
chr2:74465088-74465601	proximal	ENSG00000286883,MOGS	.	8
chr2:74482951-74483607	proximal	CCDC142,TTC31	.	16
chr2:74507283-74508085	proximal	PCGF1	.	6
chr2:74654065-74654625	proximal	SEMA4F	.	6
chr2:74740837-74741015	distal	.	.	8
chr2:74741262-74741442	distal	.	.	12
chr2:74806440-74806682	distal	.	.	4
chr2:74834887-74835408	distal	.	.	12
chr2:74958418-74958742	proximal	POLE4	.	4
chr2:75053570-75053789	distal	.	.	8
chr2:75200201-75200576	proximal	TACR1	.	10
chr2:75710634-75711039	proximal	ENSG00000286045,GCFC2	.	8
chr2:84925686-84926253	proximal	ENSG00000287625	.	2
chr2:84970598-84971329	proximal	ENSG00000290085,KCMF1	.	24
chr2:85044121-85044284	distal	.	.	2
chr2:85057029-85057237	distal	.	.	12
chr2:85132895-85133332	proximal	TCF7L1	.	10
chr2:85176988-85177138	distal	.	.	8
chr2:85222968-85223118	distal	.	.	8
chr2:85242435-85242635	distal	.	.	8
chr2:85285571-85285929	distal	.	.	8
chr2:85327605-85328562	proximal	ENSG00000290110,TGOLN2	.	8
chr2:85354445-85354979	proximal	ELMOD3,RETSAT	.	4
chr2:85538598-85539336	proximal	MAT2A,PARTICL	.	8
chr2:85602642-85603204	proximal	TMEM150A,USP39	.	8
chr2:85615962-85616251	distal	.	.	10
chr2:85666199-85666404	distal	.	.	4
chr2:85679255-85679476	distal	.	.	2
chr2:85729060-85729229	distal	.	.	2
chr2:85754854-85755033	distal	.	.	4
chr2:85802767-85802917	distal	.	.	4
chr2:8581315-8581465	distal	.	.	4
chr2:85814327-85814487	proximal	ENSG00000229498	.	4
chr2:8583819-8584073	distal	.	.	4
chr2:85889293-85889640	proximal	ST3GAL5-AS1	.	8
chr2:85935189-85935361	distal	.	.	8
chr2:86105442-86105662	proximal	POLR1A,PTCD3	.	8
chr2:86194883-86195698	proximal	ENSG00000273080,IMMT	.	16
chr2:86251295-86251445	distal	.	.	4
chr2:86272954-86273118	distal	.	.	12
chr2:86337074-86337224	proximal	REEP1	.	2
chr2:86337326-86337476	proximal	REEP1	.	2
chr2:86440721-86440947	proximal	KDM3A	.	4
chr2:86441058-86441668	proximal	KDM3A	.	2
chr2:86442766-86442971	distal	.	.	8
chr2:86563355-86563652	proximal	CHMP3	.	2
chr2:86680462-86680762	distal	.	.	8
chr2:86719796-86720616	proximal	RMND5A,RNF103-CHMP3	.	8
chr2:8678774-8678981	proximal	ID2	.	4
chr2:8681697-8682130	proximal	ID2-AS1	.	4
chr2:87070986-87071136	distal	.	.	2
chr2:87105888-87106400	distal	.	.	2
chr2:87353896-87354046	distal	.	.	2
chr2:87503050-87503213	distal	.	.	2
chr2:87825189-87825348	proximal	RGPD2	.	8
chr2:88026417-88026663	distal	.	.	8
chr2:88330195-88330479	distal	.	.	12
chr2:88549497-88549671	distal	.	.	4
chr2:88627221-88628249	proximal	EIF2AK3-DT	.	4
chr2:9061143-9061447	distal	.	.	4
chr2:9103005-9103347	proximal	ENSG00000242136	.	4
chr2:9123444-9123594	distal	.	.	12
chr2:9142782-9143130	proximal	ENSG00000240980	.	12
chr2:9206468-9206805	proximal	ASAP2	.	8
chr2:9207192-9207509	proximal	ASAP2	.	4
chr2:9406068-9406218	distal	.	.	8
chr2:9422961-9423994	proximal	CPSF3,ITGB1BP1	.	8
chr2:9455420-9455570	distal	.	.	2
chr2:94602330-94602496	distal	.	.	4
chr2:95015437-95015654	distal	.	.	4
chr2:95053635-95053785	proximal	ENSG00000231062	.	6
chr2:95121612-95121835	proximal	MRPS5	.	8
chr2:95389293-95389467	distal	.	.	4
chr2:9555449-9556295	proximal	ADAM17,ENSG00000271855	.	16
chr2:95574745-95574895	distal	.	.	2
chr2:95682602-95682911	distal	.	.	8
chr2:9582071-9582252	distal	.	.	4
chr2:95991720-95991947	proximal	ANKRD36C	.	6
chr2:96010246-96010616	proximal	ENSG00000291176	.	14
chr2:96090212-96090383	distal	.	.	10
chr2:96116807-96117005	proximal	ADRA2B	.	4
chr2:96117361-96117702	proximal	ADRA2B	.	4
chr2:96153524-96153674	distal	.	.	6
chr2:96164676-96164956	distal	.	.	10
chr2:96174611-96174761	distal	.	.	8
chr2:96208196-96208346	proximal	STARD7,STARD7-AS1	.	4
chr2:96208532-96209137	proximal	STARD7,STARD7-AS1	.	8
chr2:96223454-96223604	distal	.	.	12
chr2:96265133-96265388	proximal	CIAO1,TMEM127	.	4
chr2:96265491-96266571	proximal	CIAO1,TMEM127	.	4
chr2:9630271-9631420	proximal	YWHAQ	.	4
chr2:96325225-96325432	proximal	ITPRIPL1	.	4
chr2:96325764-96325983	proximal	ITPRIPL1	.	4
chr2:96335648-96336170	proximal	NCAPH	.	8
chr2:9643963-9644113	distal	.	.	12
chr2:96532003-96532509	proximal	ENSG00000235480	.	16
chr2:96536560-96536777	proximal	ARID5A	.	4
chr2:96537198-96537513	proximal	ARID5A	.	4
chr2:96568342-96568492	distal	.	.	2
chr2:96575941-96576091	distal	.	.	4
chr2:96637965-96638540	distal	.	.	2
chr2:96714859-96715011	distal	.	.	4
chr2:96739761-96740309	proximal	LMAN2L	.	10
chr2:96760567-96761155	proximal	CNNM4	.	4
chr2:96788446-96788902	distal	.	.	8
chr2:96801071-96801436	distal	.	.	4
chr2:96841690-96841865	distal	.	.	4
chr2:96843982-96844236	distal	.	.	8
chr2:96857540-96857752	proximal	ANKRD23,ANKRD39	.	8
chr2:96857903-96858379	proximal	ANKRD23,ANKRD39	.	16
chr2:96858471-96858977	proximal	ANKRD23,ANKRD39	.	16
chr2:96868544-96868858	distal	.	.	8
chr2:96869939-96870103	proximal	SEMA4C	.	4
chr2:96881389-96881581	distal	.	.	2
chr2:96938876-96939072	distal	.	.	2
chr2:97077088-97077278	distal	.	.	8
chr2:97168863-97169056	distal	.	.	4
chr2:9724552-9724739	distal	.	.	2
chr2:97438992-97439214	distal	.	.	4
chr2:97645769-97646370	proximal	COX5B	.	4
chr2:97995499-97995649	proximal	TMEM131	.	2
chr2:97995776-97996532	proximal	TMEM131	.	4
chr2:9799788-9799938	distal	.	.	4
chr2:9801681-9801879	distal	.	.	2
chr2:9813910-9814132	distal	.	.	14
chr2:9843094-9844043	proximal	TAF1B	.	6
chr2:98444656-98444951	proximal	INPP4A	.	2
chr2:98649511-98649662	distal	.	.	4
chr2:98730819-98731329	proximal	MGAT4A	.	8
chr2:98805494-98805644	distal	.	.	2
chr2:99074800-99074950	distal	.	.	2
chr2:99154643-99155352	proximal	ENSG00000273155,LIPT1,TSGA10	.	6
chr2:99180965-99181608	proximal	MITD1,MRPL30	.	8
chr2:99296508-99296658	distal	.	.	4
chr2:99324807-99325048	distal	.	.	4
chr2:99335829-99336193	distal	.	.	16
chr2:99336280-99336660	proximal	EIF5B	.	4
chr2:99336889-99337059	proximal	EIF5B	.	4
chr2:99337177-99337692	proximal	EIF5B	.	6
chr2:99489980-99490658	proximal	REV1	.	4
chr2:9951406-9951748	proximal	ENSG00000287305,GRHL1	.	12
chr2:9983916-9984392	distal	.	.	8
chr3:100068923-100069073	distal	.	.	4
chr3:10008906-10009281	distal	.	.	12
chr3:10011048-10011385	proximal	EMC3,ENSG00000206567	.	20
chr3:10025940-10026174	proximal	ENSG00000291078,FANCD2	.	24
chr3:100260494-100261036	proximal	ENSG00000287378,TBC1D23	.	12
chr3:10026236-10026723	proximal	ENSG00000291078,FANCD2	.	20
chr3:100469105-100469336	distal	.	.	8
chr3:10049287-10049437	distal	.	.	4
chr3:100709127-100710070	proximal	TFG	.	8
chr3:101147184-101147334	distal	.	.	8
chr3:10115469-10115729	proximal	BRK1	.	4
chr3:10115800-10115969	proximal	BRK1	.	8
chr3:10116216-10116366	proximal	BRK1	.	6
chr3:10141557-10142099	proximal	VHL	.	4
chr3:101512543-101512853	proximal	SENP7	.	4
chr3:101512916-101513130	proximal	SENP7	.	4
chr3:101561601-101561959	proximal	TRMT10C	.	8
chr3:101573476-101573874	proximal	PCNP	.	4
chr3:101573940-101574741	proximal	PCNP	.	2
chr3:101586677-101586827	distal	.	.	4
chr3:101636308-101636483	distal	.	.	2
chr3:101676162-101676672	proximal	ZBTB11,ZBTB11-AS1	.	20
chr3:101686629-101687369	proximal	RPL24	.	4
chr3:101779006-101780003	proximal	NXPE3	.	2
chr3:10180661-10180870	distal	.	.	20
chr3:101827863-101828075	proximal	NFKBIZ	.	4
chr3:101849004-101849987	distal	.	.	4
chr3:101989792-101990122	distal	.	.	10
chr3:102123600-102123966	distal	.	.	6
chr3:102465459-102465609	distal	.	.	2
chr3:10248218-10248821	proximal	ENSG00000272410,ENSG00000289763,TATDN2	.	12
chr3:10304576-10304726	distal	.	.	4
chr3:10320627-10320834	proximal	SEC13	.	4
chr3:10320929-10321357	proximal	SEC13	.	10
chr3:105455724-105455888	distal	.	.	8
chr3:10574145-10574295	distal	.	.	2
chr3:105868437-105868690	proximal	CBLB,ENSG00000288848	.	16
chr3:105868876-105869624	proximal	CBLB,ENSG00000288848	.	8
chr3:10691321-10691471	distal	.	.	2
chr3:10738985-10739135	distal	.	.	4
chr3:107522602-107523300	proximal	BBX	.	8
chr3:107523412-107523794	proximal	BBX	.	4
chr3:107643339-107643490	distal	.	.	4
chr3:107697707-107698190	distal	.	.	2
chr3:107712071-107712251	distal	.	.	6
chr3:10772148-10772298	distal	.	.	8
chr3:10772684-10772852	distal	.	.	2
chr3:107846381-107846538	distal	.	.	2
chr3:107855640-107855863	distal	.	.	4
chr3:107939203-107939427	distal	.	.	2
chr3:107957109-107957264	distal	.	.	4
chr3:108060972-108061122	distal	.	.	4
chr3:108090872-108091267	proximal	CD47	.	4
chr3:108222269-108222815	proximal	IFT57	.	4
chr3:108477601-108477845	distal	.	.	4
chr3:108500045-108500195	distal	.	.	8
chr3:108589385-108590009	proximal	CIP2A,DZIP3	.	8
chr3:10992062-10992494	proximal	SLC6A1	.	6
chr3:11076692-11076932	distal	.	.	2
chr3:11135521-11135839	distal	.	.	2
chr3:111844397-111844605	distal	.	.	4
chr3:111978833-111979452	proximal	ABHD10	.	4
chr3:112086035-112086766	proximal	C3orf52	.	4
chr3:112617446-112617596	distal	.	.	4
chr3:112676889-112677249	distal	.	.	2
chr3:11272212-11272498	proximal	ATG7	.	2
chr3:112752033-112752344	distal	.	.	10
chr3:112990753-112991367	proximal	ENSG00000272844,GTPBP8	.	12
chr3:113019365-113019897	proximal	NEPRO,NEPRO-AS1	.	8
chr3:113043760-113043928	distal	.	.	2
chr3:113051336-113051548	distal	.	.	20
chr3:113211854-113212243	distal	.	.	12
chr3:113212323-113212473	distal	.	.	8
chr3:113254308-113254458	distal	.	.	2
chr3:113471903-113472419	distal	.	.	4
chr3:113532679-113532927	proximal	SIDT1	.	4
chr3:113626851-113627001	distal	.	.	2
chr3:113697310-113697498	proximal	USF3	.	4
chr3:113736671-113736841	distal	.	.	2
chr3:113745663-113746478	proximal	ATP6V1A,NAA50	.	8
chr3:113746655-113746845	proximal	ATP6V1A,ENSG00000242659,NAA50	.	12
chr3:113746913-113747381	proximal	ATP6V1A,ENSG00000242659,NAA50	.	12
chr3:113936271-113936485	distal	.	.	2
chr3:113947443-113948302	proximal	ENSG00000273394,ZDHHC23	.	4
chr3:114056154-114056978	proximal	CCDC191	.	4
chr3:114057109-114057263	proximal	CCDC191	.	4
chr3:114126753-114126903	distal	.	.	6
chr3:114383893-114384188	distal	.	.	2
chr3:114436976-114437313	distal	.	.	2
chr3:114519656-114519806	distal	.	.	4
chr3:11498785-11498961	distal	.	.	4
chr3:115146592-115148147	proximal	ENSG00000242880,ENSG00000288896,ZBTB20	.	6
chr3:115658463-115658867	proximal	ENSG00000241596	.	6
chr3:11719141-11719552	distal	.	.	2
chr3:11719636-11720413	distal	.	.	2
chr3:117666418-117666584	distal	.	.	4
chr3:11784013-11784163	distal	.	.	4
chr3:11797367-11797517	distal	.	.	4
chr3:117996477-117996728	proximal	ENSG00000239268	.	4
chr3:119175138-119175318	distal	.	.	4
chr3:119223583-119223871	distal	.	.	2
chr3:119240768-119241114	proximal	B4GALT4	.	2
chr3:119241802-119241968	proximal	B4GALT4	.	4
chr3:119617647-119617841	distal	.	.	8
chr3:119676994-119677607	proximal	COX17	.	6
chr3:120003940-120004621	distal	.	.	2
chr3:120011312-120011462	distal	.	.	2
chr3:12004012-12004468	proximal	SYN2	.	4
chr3:120094070-120095328	proximal	GSK3B,GSK3B-DT	.	8
chr3:120095390-120095823	proximal	GSK3B,GSK3B-DT	.	4
chr3:120160577-120160746	distal	.	.	8
chr3:120268589-120268843	distal	.	.	4
chr3:120348661-120349755	proximal	LRRC58	.	4
chr3:120378305-120378618	distal	.	.	6
chr3:120391774-120391924	distal	.	.	6
chr3:120417301-120417778	distal	.	.	20
chr3:120450532-120451305	proximal	FSTL1	.	4
chr3:120507333-120507485	distal	.	.	2
chr3:120596137-120596743	proximal	NDUFB4	.	4
chr3:120742246-120742873	proximal	GTF2E1,RABL3	.	16
chr3:120907797-120908914	proximal	ENSG00000286827,STXBP5L	.	12
chr3:121513857-121514056	distal	.	.	8
chr3:121545928-121546235	proximal	POLQ	.	4
chr3:121749412-121750123	proximal	ENSG00000288868,GOLGB1	.	12
chr3:121834817-121835492	proximal	EAF2,IQCB1	.	16
chr3:122382900-122383497	proximal	FAM162A,MIX23	.	16
chr3:122416421-122416571	proximal	WDR5B,WDR5B-DT	.	8
chr3:122435786-122436025	distal	.	.	8
chr3:12250573-12250815	distal	.	.	2
chr3:122514394-122515082	proximal	ENSG00000287207,KPNA1	.	4
chr3:122793783-122794335	proximal	HSPBAP1	.	4
chr3:12288422-12289080	distal	.	.	4
chr3:12296459-12296831	distal	.	.	10
chr3:123027846-123028030	proximal	SEMA5B	.	4
chr3:123055447-123055625	distal	.	.	6
chr3:123066761-123067142	proximal	PDIA5	.	4
chr3:123642416-123642618	distal	.	.	2
chr3:123960883-123961591	proximal	CCDC14	.	4
chr3:123976854-123977004	distal	.	.	4
chr3:124076700-124077036	distal	.	.	4
chr3:124323675-124323825	distal	.	.	4
chr3:124584555-124585020	distal	.	.	4
chr3:124674356-124674506	distal	.	.	2
chr3:124731533-124731692	distal	.	.	2
chr3:12484049-12484570	proximal	TSEN2	.	12
chr3:124887152-124887717	distal	.	.	4
chr3:124901419-124901607	proximal	ITGB5	.	4
chr3:125056100-125056304	proximal	HEG1	.	4
chr3:125115914-125116102	distal	.	.	2
chr3:125120723-125120927	distal	.	.	6
chr3:125519834-125520665	proximal	SNX4	.	2
chr3:125585361-125585511	distal	.	.	8
chr3:125595012-125596179	proximal	OSBPL11	.	4
chr3:125936314-125936464	distal	.	.	2
chr3:125990177-125990625	proximal	ENSG00000291096	.	8
chr3:126083481-126083858	proximal	SLC41A3-AS1	.	2
chr3:126083929-126084335	proximal	SLC41A3-AS1	.	4
chr3:126343108-126343259	distal	.	.	6
chr3:126357298-126357626	proximal	KLF15	.	4
chr3:126389355-126389588	distal	.	.	2
chr3:126389931-126390081	distal	.	.	2
chr3:126607181-126607331	distal	.	.	2
chr3:12663613-12663911	proximal	ENSG00000290072,RAF1	.	8
chr3:12664054-12664364	proximal	ENSG00000290072,RAF1	.	8
chr3:126643018-126643168	distal	.	.	4
chr3:126984011-126984222	distal	.	.	2
chr3:12719671-12719842	distal	.	.	8
chr3:12729211-12729387	distal	.	.	2
chr3:127450458-127450608	distal	.	.	8
chr3:127494941-127495091	distal	.	.	2
chr3:127590663-127591347	distal	.	.	4
chr3:127597995-127598724	proximal	MCM2,TPRA1	.	8
chr3:127629055-127629224	proximal	ENSG00000285600,PODXL2	.	8
chr3:128051360-128052459	proximal	MGLL,SEC61A1	.	8
chr3:128071334-128071645	distal	.	.	2
chr3:128123562-128124174	distal	.	.	10
chr3:128234325-128234475	distal	.	.	2
chr3:12830907-12831201	distal	.	.	6
chr3:128395022-128395333	distal	.	.	2
chr3:128403847-128403997	distal	.	.	2
chr3:12841405-12841645	proximal	RPL32	.	8
chr3:128426459-128426857	distal	.	.	10
chr3:128601209-128601363	distal	.	.	10
chr3:128650555-128651318	distal	.	.	10
chr3:128680517-128681373	proximal	RPN1	.	4
chr3:128725907-128726506	distal	.	.	4
chr3:128784266-128784592	distal	.	.	2
chr3:128879290-128880016	proximal	ACAD9,ACAD9-DT	.	20
chr3:128970642-128970792	distal	.	.	4
chr3:129027036-129027498	distal	.	.	10
chr3:129121541-129122405	proximal	RAB43	.	4
chr3:129183622-129184217	proximal	CNBP,ENSG00000289469	.	8
chr3:129196053-129196240	distal	.	.	2
chr3:129218577-129218741	distal	.	.	4
chr3:129245817-129246053	distal	.	.	8
chr3:129249394-129249839	proximal	COPG1	.	2
chr3:129278439-129279275	proximal	ENSG00000286729,HMCES	.	20
chr3:129383392-129383583	distal	.	.	8
chr3:12938717-12938867	distal	.	.	8
chr3:129399361-129399832	proximal	ENSG00000290993	.	6
chr3:129439688-129440671	proximal	MBD4	.	4
chr3:129533594-129533744	distal	.	.	8
chr3:129535159-129535327	distal	.	.	8
chr3:129606817-129606991	proximal	PLXND1	.	8
chr3:129893291-129893927	proximal	TMCC1,TMCC1-DT	.	20
chr3:12994770-12995217	distal	.	.	6
chr3:129948112-129948262	distal	.	.	2
chr3:130003045-130003313	distal	.	.	2
chr3:13008668-13008818	distal	.	.	6
chr3:130408092-130408683	distal	.	.	2
chr3:130425388-130425836	distal	.	.	8
chr3:130539381-130539605	distal	.	.	2
chr3:130639496-130639662	distal	.	.	2
chr3:130746579-130747017	proximal	PIK3R4	.	2
chr3:130747564-130747928	proximal	PIK3R4	.	2
chr3:130748001-130748316	distal	.	.	2
chr3:13092261-13092463	distal	.	.	6
chr3:132376698-132376871	distal	.	.	6
chr3:132417072-132417298	proximal	DNAJC13	.	8
chr3:132473710-132473914	distal	.	.	6
chr3:132660154-132660521	proximal	ACAD11	.	4
chr3:132854955-132855141	distal	.	.	4
chr3:133472024-133472174	distal	.	.	2
chr3:133653676-133653850	distal	.	.	2
chr3:133661608-133661906	proximal	ENSG00000291042,TOPBP1	.	8
chr3:133823868-133824018	distal	.	.	2
chr3:133894560-133894710	distal	.	.	2
chr3:134250646-134251020	proximal	RYK	.	4
chr3:134315601-134316034	distal	.	.	4
chr3:134474079-134474373	distal	.	.	8
chr3:134665263-134665469	distal	.	.	2
chr3:13479825-13480398	proximal	HDAC11,HDAC11-AS1	.	8
chr3:13496355-13496505	distal	.	.	2
chr3:135191747-135191897	distal	.	.	2
chr3:136151238-136151566	distal	.	.	4
chr3:136250184-136250880	proximal	PCCB	.	4
chr3:136332384-136332572	distal	.	.	2
chr3:13648319-13648533	distal	.	.	2
chr3:13655377-13655590	distal	.	.	2
chr3:136751432-136751653	proximal	STAG1	.	4
chr3:136819814-136819979	distal	.	.	2
chr3:136861148-136861298	proximal	NCK1	.	4
chr3:136861443-136862497	proximal	NCK1,NCK1-DT	.	12
chr3:136875959-136876270	distal	.	.	6
chr3:136991933-136992157	distal	.	.	2
chr3:137013953-137014178	distal	.	.	8
chr3:138073215-138073396	distal	.	.	4
chr3:138097554-138097704	distal	.	.	2
chr3:138115375-138115782	proximal	DZIP1L	.	2
chr3:138118995-138119196	distal	.	.	6
chr3:138133356-138133506	distal	.	.	2
chr3:138139228-138139391	distal	.	.	6
chr3:138151211-138151400	distal	.	.	4
chr3:138174193-138174905	proximal	DBR1	.	10
chr3:138187146-138187382	proximal	ARMC8	.	2
chr3:138187999-138188180	proximal	ARMC8	.	2
chr3:138347765-138348672	proximal	MRAS	.	8
chr3:138408642-138408792	distal	.	.	4
chr3:138594112-138594659	proximal	CEP70	.	4
chr3:138608906-138609455	proximal	FAIM	.	4
chr3:138716471-138716834	distal	.	.	4
chr3:138901417-138901682	distal	.	.	2
chr3:138915277-138915895	distal	.	.	4
chr3:138916016-138916282	distal	.	.	6
chr3:138935790-138935956	distal	.	.	2
chr3:13895164-13895696	distal	.	.	2
chr3:139091375-139091543	distal	.	.	2
chr3:139111941-139112343	distal	.	.	2
chr3:139137014-139137164	distal	.	.	2
chr3:139299470-139299683	distal	.	.	2
chr3:139427625-139427814	distal	.	.	2
chr3:140941520-140941978	proximal	SLC25A36	.	12
chr3:140942052-140942452	proximal	SLC25A36	.	4
chr3:141000086-141000261	distal	.	.	2
chr3:141011598-141011799	distal	.	.	4
chr3:141077072-141077481	distal	.	.	6
chr3:141231245-141231859	distal	.	.	4
chr3:141311398-141312412	distal	.	.	4
chr3:141352735-141352953	distal	.	.	8
chr3:141370321-141370514	distal	.	.	2
chr3:141393242-141393406	distal	.	.	4
chr3:141402911-141403202	distal	.	.	2
chr3:141409951-141410248	distal	.	.	6
chr3:141486737-141487081	proximal	RASA2	.	4
chr3:141487237-141487809	proximal	RASA2	.	8
chr3:141500041-141500191	distal	.	.	6
chr3:141589716-141590000	distal	.	.	2
chr3:141659778-141660396	distal	.	.	10
chr3:141737984-141738771	proximal	ENSG00000285558,RNF7	.	12
chr3:141754210-141754387	distal	.	.	2
chr3:141875951-141876837	proximal	ATP1B3	.	6
chr3:142126249-142126475	distal	.	.	6
chr3:142148860-142149032	proximal	TFDP2	.	2
chr3:142159815-142160082	distal	.	.	2
chr3:142225418-142225746	proximal	GK5	.	10
chr3:142447194-142447648	proximal	XRN1	.	4
chr3:142491306-142491456	distal	.	.	2
chr3:142578350-142579099	proximal	ATR	.	4
chr3:142596220-142596550	proximal	PLS1	.	6
chr3:142888430-142889224	proximal	PCOLCE2	.	4
chr3:142999476-142999658	distal	.	.	4
chr3:143119351-143119959	proximal	CHST2	.	4
chr3:143151598-143151748	distal	.	.	2
chr3:143249562-143249712	distal	.	.	4
chr3:143537201-143537389	distal	.	.	4
chr3:143644389-143644586	distal	.	.	4
chr3:143811431-143811581	distal	.	.	2
chr3:143971271-143971838	proximal	DIPK2A	.	2
chr3:143972375-143972615	proximal	DIPK2A	.	6
chr3:14509003-14509299	distal	.	.	2
chr3:14548173-14548765	distal	.	.	6
chr3:14651420-14651917	proximal	CCDC174	.	2
chr3:146544185-146544896	proximal	PLSCR1	.	4
chr3:147409109-147409273	distal	.	.	4
chr3:14791417-14791654	proximal	ENSG00000285969	.	8
chr3:148991309-148991933	proximal	GYG1	.	4
chr3:149086168-149086809	proximal	HLTF,HLTF-AS1	.	4
chr3:149393461-149393652	distal	.	.	2
chr3:149657682-149658363	distal	.	.	2
chr3:149752160-149752710	proximal	COMMD2	.	10
chr3:149812580-149813350	proximal	RNF13	.	12
chr3:149970101-149970691	distal	.	.	2
chr3:149970792-149971268	distal	.	.	4
chr3:150131094-150131244	distal	.	.	2
chr3:150171279-150171444	distal	.	.	4
chr3:150184172-150184775	distal	.	.	10
chr3:150216322-150216513	distal	.	.	4
chr3:150221391-150221595	distal	.	.	4
chr3:150255653-150255858	distal	.	.	8
chr3:150384874-150385170	distal	.	.	2
chr3:150408098-150408408	proximal	TSC22D2	.	12
chr3:150408485-150409231	proximal	TSC22D2	.	10
chr3:150545889-150546846	proximal	EIF2A	.	4
chr3:150573271-150573421	distal	.	.	2
chr3:150603129-150603629	proximal	SELENOT,SERP1	.	4
chr3:150672821-150672971	distal	.	.	2
chr3:150703831-150704129	proximal	ERICH6,ERICH6-AS1	.	4
chr3:150763053-150763683	proximal	ENSG00000289005,SIAH2	.	4
chr3:150878878-150879028	distal	.	.	2
chr3:15098566-15099342	proximal	ENSG00000289750,RBSN	.	16
chr3:15108137-15108333	distal	.	.	8
chr3:151101328-151101746	distal	.	.	2
chr3:15148658-15148954	distal	.	.	2
chr3:151783236-151783386	distal	.	.	4
chr3:151852090-151852522	distal	.	.	2
chr3:15186417-15187031	distal	.	.	8
chr3:15205896-15206778	proximal	CAPN7,COL6A4P1	.	8
chr3:152174919-152175190	distal	.	.	4
chr3:152268585-152269385	proximal	MBNL1-AS1	.	4
chr3:152357432-152357737	distal	.	.	2
chr3:152834783-152835227	proximal	P2RY1	.	4
chr3:15341454-15341604	proximal	SH3BP5	.	2
chr3:15378266-15378495	distal	.	.	6
chr3:15402333-15402483	distal	.	.	8
chr3:155079476-155080455	distal	.	.	12
chr3:15544767-15544917	distal	.	.	2
chr3:155853932-155854849	proximal	ENSG00000284952,ENSG00000286585,SLC33A1	.	12
chr3:155870180-155870783	proximal	GMPS	.	4
chr3:155957701-155957908	distal	.	.	2
chr3:156250069-156250219	distal	.	.	4
chr3:156450955-156451105	distal	.	.	6
chr3:156554901-156555490	proximal	SSR3	.	2
chr3:156605632-156605858	distal	.	.	4
chr3:156674062-156674921	proximal	TIPARP-AS1	.	4
chr3:156763900-156764187	distal	.	.	8
chr3:156816615-156817591	proximal	LINC00886	.	4
chr3:157035862-157036012	distal	.	.	4
chr3:157088556-157089466	proximal	ENSG00000289409,LINC00881	.	20
chr3:157137843-157137993	distal	.	.	8
chr3:157153729-157153879	distal	.	.	8
chr3:157159482-157160280	proximal	CCNL1	.	4
chr3:157160428-157161034	proximal	CCNL1	.	4
chr3:157174342-157175214	proximal	ENSG00000243176	.	8
chr3:157437384-157437566	proximal	PTX3	.	2
chr3:158109961-158110562	distal	.	.	4
chr3:15846310-15846482	distal	.	.	8
chr3:15848329-15848516	distal	.	.	8
chr3:15859267-15860523	proximal	ANKRD28,ENSG00000287042	.	16
chr3:158801933-158802469	proximal	ENSG00000272247	.	4
chr3:15904231-15904404	distal	.	.	4
chr3:15917436-15917627	distal	.	.	8
chr3:159763553-159764614	distal	.	.	4
chr3:160225410-160225564	proximal	C3orf80,IL12A-AS1	.	8
chr3:160387185-160387335	distal	.	.	2
chr3:160449205-160450529	proximal	ENSG00000248710	.	4
chr3:160539952-160540154	distal	.	.	8
chr3:160667675-160667825	distal	.	.	2
chr3:160755073-160755644	proximal	PPM1L,PPM1L-DT	.	16
chr3:160776988-160777215	distal	.	.	8
chr3:160885850-160886535	distal	.	.	2
chr3:161042221-161042371	distal	.	.	2
chr3:16120448-16120639	distal	.	.	2
chr3:161220845-161221682	distal	.	.	8
chr3:161325795-161325963	distal	.	.	2
chr3:161854269-161854424	distal	.	.	2
chr3:16264453-16265469	proximal	DPH3,OXNAD1	.	24
chr3:16336323-16336473	distal	.	.	6
chr3:16469975-16470125	distal	.	.	2
chr3:16512667-16512817	distal	.	.	4
chr3:16601402-16601552	distal	.	.	4
chr3:167976955-167977140	distal	.	.	8
chr3:168095318-168096344	proximal	ENSG00000286994,GOLIM4	.	8
chr3:168697264-168697414	distal	.	.	2
chr3:16884126-16884356	distal	.	.	2
chr3:169003590-169003949	proximal	LINC01997	.	4
chr3:169146487-169146680	distal	.	.	6
chr3:169242225-169242739	distal	.	.	8
chr3:169362678-169362863	distal	.	.	8
chr3:169423520-169423670	distal	.	.	2
chr3:169669096-169669420	distal	.	.	12
chr3:169764596-169764893	proximal	TERC	.	4
chr3:169773245-169773859	proximal	MYNN	.	4
chr3:169801234-169801411	distal	.	.	4
chr3:169812357-169813075	proximal	LRRC34,LRRIQ4	.	8
chr3:169966379-169966881	proximal	ENSG00000239219,SEC62	.	8
chr3:169966944-169967354	proximal	ENSG00000239219,SEC62	.	12
chr3:169987208-169987367	distal	.	.	2
chr3:170037787-170038490	proximal	GPR160	.	4
chr3:170285940-170286095	distal	.	.	2
chr3:170356713-170357899	proximal	SKIL	.	2
chr3:170685672-170685929	distal	.	.	2
chr3:170809587-170809788	distal	.	.	2
chr3:170869708-170869999	proximal	RPL22L1	.	6
chr3:170870119-170870509	proximal	RPL22L1	.	4
chr3:170908095-170908924	proximal	EIF5A2,ENSG00000286856	.	4
chr3:170925722-170925872	distal	.	.	6
chr3:171330117-171330267	distal	.	.	4
chr3:171460370-171460947	proximal	TNIK	.	4
chr3:17176517-17176695	distal	.	.	2
chr3:172039392-172040567	proximal	FNDC3B	.	2
chr3:172710938-172711227	proximal	ENSG00000287012,NCEH1	.	4
chr3:172711301-172711568	proximal	ENSG00000287012,NCEH1	.	4
chr3:172750453-172751394	proximal	ECT2	.	10
chr3:17470594-17470762	distal	.	.	2
chr3:17645204-17645523	distal	.	.	12
chr3:17680274-17680439	distal	.	.	2
chr3:177151390-177151557	distal	.	.	2
chr3:177358569-177359232	distal	.	.	2
chr3:179292905-179293093	distal	.	.	4
chr3:179322749-179323547	proximal	ZNF639	.	2
chr3:179562582-179563306	proximal	ACTL6A	.	4
chr3:179563398-179563806	proximal	ACTL6A	.	2
chr3:179587422-179587572	distal	.	.	2
chr3:179622735-179622925	distal	.	.	2
chr3:182814884-182815261	distal	.	.	2
chr3:183031452-183031602	distal	.	.	6
chr3:183447222-183447764	proximal	LINC00888	.	6
chr3:183564479-183564844	distal	.	.	8
chr3:183578277-183578427	distal	.	.	10
chr3:183635450-183635713	proximal	KLHL24	.	6
chr3:183636002-183636190	proximal	KLHL24	.	8
chr3:183636407-183636882	distal	.	.	14
chr3:183697588-183698138	proximal	YEATS2	.	4
chr3:183709763-183709913	distal	.	.	2
chr3:183884618-183885322	proximal	ENSG00000283765,PARL	.	16
chr3:183892821-183892976	distal	.	.	4
chr3:183928807-183929033	distal	.	.	4
chr3:184055351-184055501	distal	.	.	4
chr3:184135070-184135447	proximal	EIF2B5,EIF2B5-DT	.	24
chr3:184174611-184174949	proximal	AP2M1	.	10
chr3:184229432-184229906	proximal	VWA5B2	.	2
chr3:184249474-184249813	proximal	ALG3,EEF1AKMT4,EEF1AKMT4-ECE2	.	18
chr3:184261442-184261779	proximal	CAMK2N2	.	4
chr3:184261931-184262178	proximal	CAMK2N2	.	4
chr3:184289496-184289771	distal	.	.	6
chr3:184298901-184299362	proximal	PSMD2	.	8
chr3:184314163-184314588	proximal	EIF4G1	.	6
chr3:184335785-184336308	proximal	FAM131A	.	12
chr3:184354352-184354564	distal	.	.	8
chr3:184362571-184363469	distal	.	.	12
chr3:184380163-184380423	proximal	CHRD	.	2
chr3:18444895-18445360	proximal	SATB1,SATB1-AS1,TBC1D5	.	12
chr3:184561301-184561797	proximal	EPHB3	.	2
chr3:184587595-184587745	distal	.	.	8
chr3:184620141-184620291	distal	.	.	16
chr3:184711669-184712188	proximal	ENSG00000272970,MAGEF1	.	8
chr3:184740836-184741043	proximal	ENSG00000273403	.	2
chr3:184803389-184803556	distal	.	.	4
chr3:184812739-184812915	proximal	VPS8	.	2
chr3:185354187-185354482	distal	.	.	4
chr3:185498769-185499428	proximal	ENSG00000286086,TMEM41A	.	8
chr3:185585937-185586352	distal	.	.	12
chr3:185586461-185586718	distal	.	.	2
chr3:185608801-185608951	distal	.	.	8
chr3:185660819-185660969	distal	.	.	2
chr3:185775900-185776059	distal	.	.	2
chr3:185824481-185824854	proximal	IGF2BP2	.	4
chr3:185824918-185825381	proximal	IGF2BP2	.	10
chr3:185879867-185880017	distal	.	.	2
chr3:185891453-185891603	distal	.	.	2
chr3:185937475-185938264	proximal	TRA2B	.	4
chr3:186108990-186109539	distal	.	.	2
chr3:186277407-186277730	distal	.	.	4
chr3:186299985-186300135	distal	.	.	2
chr3:186438349-186438499	proximal	LINC02020	.	2
chr3:186532859-186533009	distal	.	.	4
chr3:186614914-186615094	distal	.	.	2
chr3:186717910-186718263	proximal	KNG1	.	4
chr3:186783152-186784209	proximal	EIF4A2,ENSG00000263826	.	4
chr3:186888738-186888912	distal	.	.	2
chr3:186908733-186909149	distal	.	.	2
chr3:190183286-190183498	distal	.	.	2
chr3:190607004-190607154	distal	.	.	2
chr3:193592913-193593353	proximal	ATP13A4,OPA1	.	4
chr3:194003126-194003960	proximal	LINC02026	.	16
chr3:194135905-194136055	proximal	ENSG00000289385,HES1	.	4
chr3:194141551-194141876	distal	.	.	4
chr3:194305025-194305175	distal	.	.	2
chr3:194314933-194315083	distal	.	.	4
chr3:194315418-194315830	distal	.	.	12
chr3:194324020-194324170	distal	.	.	2
chr3:194572367-194572538	distal	.	.	2
chr3:194592423-194592669	distal	.	.	4
chr3:194633402-194633788	proximal	TMEM44,TMEM44-AS2	.	8
chr3:194672057-194672261	proximal	LSG1	.	12
chr3:194769063-194769473	proximal	LINC01972	.	8
chr3:194962776-194962926	distal	.	.	2
chr3:195078643-195078901	distal	.	.	10
chr3:195270845-195271798	proximal	XXYLT1	.	2
chr3:195337211-195337361	distal	.	.	4
chr3:195351436-195351601	distal	.	.	4
chr3:195403288-195403457	distal	.	.	2
chr3:195542831-195543676	proximal	ENSG00000223711,PPP1R2	.	8
chr3:195850979-195851136	distal	.	.	4
chr3:195863551-195863757	distal	.	.	2
chr3:195960869-195961606	distal	.	.	4
chr3:195989986-195990547	proximal	SDHAP1	.	6
chr3:196081536-196082336	proximal	TFRC	.	2
chr3:196128334-196128484	distal	.	.	2
chr3:196281315-196281465	distal	.	.	8
chr3:196318196-196318497	proximal	DYNLT2B,ENSG00000272741,TM4SF19-AS1	.	6
chr3:196503722-196503958	proximal	RNF168	.	12
chr3:196711951-196712144	proximal	CEP19	.	4
chr3:196942151-196942717	proximal	NCBP2,NCBP2AS2	.	4
chr3:197347556-197347706	distal	.	.	8
chr3:197627754-197628106	proximal	SDHAP4	.	4
chr3:197664930-197665282	proximal	ENSG00000236833,ENSG00000287286	.	8
chr3:197774378-197774582	distal	.	.	2
chr3:197949734-197950026	proximal	RPL35A	.	4
chr3:198045951-198046239	distal	.	.	14
chr3:23430375-23430845	distal	.	.	4
chr3:23916590-23917199	proximal	RPL15	.	8
chr3:23981290-23981456	distal	.	.	2
chr3:24095380-24095530	distal	.	.	4
chr3:24388050-24388207	distal	.	.	4
chr3:24421528-24421678	distal	.	.	2
chr3:24521358-24522211	proximal	ENSG00000272554	.	8
chr3:24680615-24680808	distal	.	.	4
chr3:25515290-25515440	distal	.	.	4
chr3:25664026-25664401	proximal	TOP2B	.	2
chr3:25664550-25665246	proximal	TOP2B	.	6
chr3:27357787-27357970	distal	.	.	4
chr3:27369062-27369614	proximal	ENSG00000287348,NEK10	.	8
chr3:27401447-27401613	distal	.	.	2
chr3:27483679-27484136	proximal	SLC4A7	.	8
chr3:27728489-27728837	distal	.	.	10
chr3:27821631-27822217	distal	.	.	12
chr3:27960227-27960377	distal	.	.	4
chr3:28348506-28349508	proximal	AZI2,ENSG00000283563,ZCWPW2	.	24
chr3:28575854-28576342	distal	.	.	12
chr3:32045608-32045888	distal	.	.	4
chr3:32148159-32148309	distal	.	.	4
chr3:32231836-32231992	distal	.	.	2
chr3:32239648-32239985	distal	.	.	2
chr3:32296790-32296965	distal	.	.	2
chr3:32391566-32391886	proximal	CMTM7	.	2
chr3:32392079-32392326	proximal	CMTM7	.	4
chr3:32467896-32468082	distal	.	.	2
chr3:32502241-32502958	proximal	CMTM6	.	8
chr3:32547035-32547242	distal	.	.	4
chr3:32570104-32571290	proximal	DYNC1LI1	.	4
chr3:32597011-32597161	distal	.	.	14
chr3:32684800-32685658	proximal	CNOT10	.	10
chr3:32780888-32781135	distal	.	.	4
chr3:32781307-32781824	distal	.	.	2
chr3:32816354-32816564	distal	.	.	4
chr3:32902718-32903246	distal	.	.	2
chr3:32953603-32953753	distal	.	.	2
chr3:33006324-33006548	distal	.	.	8
chr3:33026992-33027200	distal	.	.	6
chr3:33096730-33096885	proximal	GLB1,TMPPE	.	8
chr3:33097000-33097620	proximal	GLB1,TMPPE	.	16
chr3:33113810-33114062	proximal	CRTAP	.	12
chr3:33114957-33115275	distal	.	.	14
chr3:33131708-33131921	distal	.	.	8
chr3:33142696-33143025	distal	.	.	8
chr3:33277270-33277652	proximal	ENSG00000289460,FBXL2	.	8
chr3:33439699-33441410	proximal	UBP1	.	4
chr3:33571598-33571766	distal	.	.	8
chr3:33586006-33586244	distal	.	.	8
chr3:33609332-33609482	distal	.	.	4
chr3:33645181-33645567	distal	.	.	2
chr3:33652646-33652946	distal	.	.	2
chr3:33677426-33677599	distal	.	.	2
chr3:33690937-33691152	distal	.	.	10
chr3:33798171-33799188	proximal	PDCD6IP,PDCD6IP-DT	.	24
chr3:33841010-33841175	distal	.	.	12
chr3:36729584-36729734	distal	.	.	4
chr3:37015946-37016096	distal	.	.	4
chr3:37175413-37176923	proximal	ENSG00000290046	.	4
chr3:37451796-37452196	proximal	ITGA9	.	4
chr3:37514706-37514856	distal	.	.	4
chr3:37860396-37861178	distal	.	.	4
chr3:38024394-38025348	distal	.	.	2
chr3:38060131-38060303	distal	.	.	2
chr3:38110474-38110646	distal	.	.	2
chr3:38136784-38136958	proximal	ACAA1	.	4
chr3:38137063-38137740	proximal	ACAA1	.	2
chr3:38226469-38226620	distal	.	.	2
chr3:38346398-38347114	proximal	XYLB	.	4
chr3:38420998-38421483	distal	.	.	2
chr3:38479748-38480122	distal	.	.	2
chr3:38495975-38496829	proximal	EXOG	.	2
chr3:38526627-38526916	distal	.	.	2
chr3:38628104-38628258	distal	.	.	4
chr3:38630803-38630953	distal	.	.	2
chr3:38649583-38649879	proximal	SCN5A	.	8
chr3:38686586-38686736	distal	.	.	2
chr3:38717562-38717736	distal	.	.	2
chr3:39015811-39015961	distal	.	.	4
chr3:39106819-39107345	proximal	TTC21A	.	2
chr3:39180754-39181117	distal	.	.	2
chr3:39383261-39383679	proximal	ENSG00000287780,SLC25A38	.	4
chr3:39482604-39482754	distal	.	.	2
chr3:39483351-39483501	distal	.	.	2
chr3:39498474-39499061	distal	.	.	2
chr3:39808992-39809697	proximal	MYRIP	.	6
chr3:40179022-40179271	distal	.	.	4
chr3:40275843-40276021	distal	.	.	2
chr3:40310045-40310448	proximal	EIF1B,EIF1B-AS1	.	8
chr3:40328009-40328182	distal	.	.	8
chr3:40386590-40386740	proximal	ENTPD3	.	8
chr3:40453128-40453505	proximal	ENTPD3-AS1	.	12
chr3:40511295-40511479	distal	.	.	2
chr3:40524557-40525063	proximal	ZNF621	.	4
chr3:40632116-40632371	distal	.	.	8
chr3:41199052-41199526	distal	.	.	2
chr3:41630426-41630576	distal	.	.	2
chr3:42025020-42025230	distal	.	.	2
chr3:42025685-42025835	distal	.	.	4
chr3:42033098-42033248	distal	.	.	2
chr3:42042936-42043582	distal	.	.	4
chr3:42072303-42072559	distal	.	.	2
chr3:42245436-42245671	distal	.	.	2
chr3:42547560-42547710	distal	.	.	4
chr3:42581865-42582416	proximal	ENSG00000289558,SS18L2	.	12
chr3:42590242-42591021	distal	.	.	4
chr3:42718719-42718925	proximal	ENSG00000287417	.	8
chr3:42744379-42744574	distal	.	.	12
chr3:42803826-42804705	proximal	ACKR2,ENSG00000280571,HIGD1A	.	24
chr3:4303182-4303666	proximal	SETMAR	.	4
chr3:43105076-43105653	proximal	POMGNT2	.	4
chr3:43106003-43106213	proximal	POMGNT2	.	4
chr3:43240010-43240254	distal	.	.	4
chr3:43286167-43286326	proximal	SNRK	.	8
chr3:43566289-43566439	distal	.	.	4
chr3:43621579-43622498	distal	.	.	8
chr3:43622631-43622852	distal	.	.	2
chr3:43690531-43691040	proximal	ABHD5,ANO10	.	4
chr3:43769420-43769861	distal	.	.	4
chr3:43894271-43894421	distal	.	.	2
chr3:44198740-44198921	distal	.	.	2
chr3:4433772-4433922	distal	.	.	4
chr3:44338004-44338953	proximal	ENSG00000271937,TCAIM	.	8
chr3:44412892-44413042	distal	.	.	2
chr3:4493105-4493642	proximal	ITPR1,ITPR1-DT	.	8
chr3:45037484-45037671	distal	.	.	8
chr3:45037760-45037995	distal	.	.	4
chr3:45156422-45156609	distal	.	.	6
chr3:45167523-45167706	distal	.	.	4
chr3:45210601-45210803	distal	.	.	2
chr3:45388898-45389082	proximal	LARS2	.	4
chr3:4546217-4546389	distal	.	.	2
chr3:45688762-45689558	proximal	LIMD1-AS1,SACM1L	.	8
chr3:4571420-4571570	distal	.	.	8
chr3:45881968-45882118	distal	.	.	2
chr3:45891463-45891613	distal	.	.	4
chr3:45896627-45896777	distal	.	.	2
chr3:45995752-45996005	proximal	ENSG00000288717,FYCO1	.	8
chr3:46335649-46336070	distal	.	.	8
chr3:46390032-46390259	distal	.	.	2
chr3:46692995-46693157	proximal	ALS2CL	.	4
chr3:46743385-46743686	distal	.	.	2
chr3:46812527-46812731	proximal	ENSG00000206549,ENSG00000284672	.	8
chr3:46845388-46845786	distal	.	.	8
chr3:46856685-46856851	distal	.	.	8
chr3:46882216-46882400	proximal	MYL3	.	2
chr3:46882905-46883167	proximal	MYL3	.	2
chr3:46915462-46915672	distal	.	.	2
chr3:46976640-46977116	distal	.	.	2
chr3:46979475-46979771	proximal	NBEAL2	.	4
chr3:46998408-46998824	distal	.	.	2
chr3:47009338-47009586	distal	.	.	6
chr3:47050688-47050863	distal	.	.	8
chr3:47145910-47146170	distal	.	.	2
chr3:47163252-47163411	proximal	KIF9-AS1,SETD2	.	4
chr3:47163637-47164603	proximal	KIF9-AS1,SETD2	.	16
chr3:47281683-47281955	distal	.	.	2
chr3:47380419-47381294	proximal	PTPN23,PTPN23-DT	.	8
chr3:47461660-47461820	distal	.	.	2
chr3:47512823-47513882	proximal	ELP6	.	4
chr3:47522177-47522397	distal	.	.	16
chr3:47550756-47550929	distal	.	.	2
chr3:47578769-47578966	distal	.	.	12
chr3:4759583-4759733	distal	.	.	4
chr3:47645149-47645299	distal	.	.	2
chr3:47673304-47673493	distal	.	.	6
chr3:47703846-47704000	distal	.	.	8
chr3:47743925-47744075	distal	.	.	4
chr3:47781745-47782518	proximal	SMARCC1	.	12
chr3:47788574-47789405	distal	.	.	8
chr3:47802860-47803681	proximal	DHX30	.	4
chr3:47824694-47825258	distal	.	.	2
chr3:47929805-47929991	distal	.	.	2
chr3:47989986-47990220	distal	.	.	2
chr3:48038868-48039086	distal	.	.	4
chr3:48100527-48100892	distal	.	.	4
chr3:48187948-48188114	proximal	CDC25A	.	4
chr3:48188345-48189022	proximal	CDC25A	.	10
chr3:48232785-48233044	distal	.	.	4
chr3:48240954-48241467	proximal	ZNF589	.	2
chr3:48259010-48259218	distal	.	.	10
chr3:48301088-48301728	proximal	ENSG00000289043,NME6	.	8
chr3:48355068-48355232	distal	.	.	4
chr3:48439893-48440395	proximal	CCDC51,TMA7	.	24
chr3:48446646-48446858	proximal	ATRIP,ENSG00000244380	.	20
chr3:48472599-48473391	distal	.	.	6
chr3:48507694-48507906	distal	.	.	6
chr3:48535773-48535930	distal	.	.	8
chr3:48556572-48557244	distal	.	.	4
chr3:48598409-48598607	distal	.	.	2
chr3:48609508-48610191	distal	.	.	6
chr3:48656251-48656601	distal	.	.	6
chr3:4868088-4868820	distal	.	.	14
chr3:48716782-48717519	distal	.	.	4
chr3:48739952-48740149	proximal	IP6K2	.	16
chr3:48846987-48847453	proximal	PRKAR2A,PRKAR2A-AS1	.	8
chr3:48898315-48899051	proximal	SLC25A20	.	4
chr3:48918637-48919448	proximal	ARIH2,ARIH2OS	.	4
chr3:48919807-48920086	distal	.	.	6
chr3:49007068-49007641	proximal	WDR6	.	6
chr3:49007724-49008124	proximal	WDR6	.	10
chr3:49021868-49022230	proximal	DALRD3	.	14
chr3:49029003-49029667	proximal	ENSG00000272434,IMPDH2	.	8
chr3:49104484-49104947	proximal	QARS1	.	12
chr3:49120519-49120711	proximal	USP19	.	10
chr3:49120846-49121257	proximal	USP19	.	6
chr3:49133041-49133838	proximal	LAMB2	.	8
chr3:49171112-49171317	proximal	KLHDC8B	.	10
chr3:49171414-49171655	proximal	KLHDC8B	.	10
chr3:49178704-49178951	distal	.	.	4
chr3:49289408-49289714	distal	.	.	4
chr3:49358876-49359110	proximal	GPX1	.	6
chr3:49411723-49412658	proximal	ENSG00000290318,RHOA,TCTA	.	6
chr3:49429030-49429882	proximal	ENSG00000283189,NICN1	.	8
chr3:49553786-49554660	proximal	BSN,BSN-DT	.	12
chr3:49593000-49593260	distal	.	.	12
chr3:49673619-49674688	proximal	APEH	.	4
chr3:49689370-49689653	proximal	MST1,RNF123	.	16
chr3:49689764-49690124	proximal	MST1,RNF123	.	16
chr3:49703549-49703704	distal	.	.	10
chr3:49723854-49724268	proximal	GMPPB	.	16
chr3:49758019-49758277	distal	.	.	6
chr3:49786171-49786879	proximal	IP6K1	.	6
chr3:49802644-49802845	proximal	INKA1	.	4
chr3:4980437-4980610	proximal	BHLHE40-AS1	.	4
chr3:49840024-49840174	distal	.	.	8
chr3:49856462-49856853	proximal	TRAIP	.	12
chr3:4986695-4987318	distal	.	.	4
chr3:49906343-49906493	distal	.	.	2
chr3:49929346-49930158	proximal	MON1A	.	10
chr3:49939745-49940530	proximal	RBM6	.	6
chr3:4996225-4996375	distal	.	.	2
chr3:50088730-50088993	proximal	RBM5	.	12
chr3:50089094-50089808	proximal	RBM5	.	10
chr3:50150878-50151299	distal	.	.	10
chr3:50154896-50155055	proximal	SEMA3F	.	6
chr3:50194375-50194525	distal	.	.	2
chr3:50195058-50195235	distal	.	.	4
chr3:50205345-50205520	proximal	SLC38A3	.	2
chr3:50226154-50226341	proximal	GNAI2	.	12
chr3:50227459-50227860	distal	.	.	28
chr3:50228006-50228160	distal	.	.	2
chr3:50245899-50246495	distal	.	.	20
chr3:50260043-50260342	proximal	ENSG00000230454	.	8
chr3:50264679-50264976	distal	.	.	14
chr3:50273010-50273246	distal	.	.	4
chr3:50274373-50274533	distal	.	.	2
chr3:50279844-50280039	proximal	LSMEM2	.	10
chr3:50291734-50291928	distal	.	.	14
chr3:50292272-50292821	proximal	IFRD2	.	20
chr3:50321134-50321623	distal	.	.	18
chr3:50321685-50322140	proximal	HYAL2	.	8
chr3:50328011-50328460	proximal	TUSC2	.	4
chr3:50337089-50337992	proximal	RASSF1-AS1	.	4
chr3:50350693-50350929	proximal	CYB561D2,ENSG00000272104,NPRL2	.	18
chr3:50350989-50351198	proximal	CYB561D2,ENSG00000272104,NPRL2	.	12
chr3:50359418-50360004	proximal	TMEM115	.	12
chr3:50381329-50381495	distal	.	.	4
chr3:50436146-50436328	distal	.	.	6
chr3:50463452-50463602	distal	.	.	10
chr3:50491672-50491943	distal	.	.	2
chr3:50539455-50539643	distal	.	.	6
chr3:50569036-50569640	proximal	HEMK1	.	6
chr3:50616874-50617193	distal	.	.	2
chr3:50638205-50638373	distal	.	.	8
chr3:50674834-50675631	proximal	DOCK3	.	12
chr3:50712824-50713095	distal	.	.	4
chr3:50784071-50784221	distal	.	.	2
chr3:50788552-50788866	distal	.	.	6
chr3:50812752-50812949	distal	.	.	8
chr3:50818547-50818697	distal	.	.	4
chr3:50861016-50861281	distal	.	.	2
chr3:50979350-50979588	distal	.	.	8
chr3:50994072-50994222	distal	.	.	8
chr3:51025005-51025608	distal	.	.	2
chr3:51191153-51191303	distal	.	.	10
chr3:5122085-5122402	proximal	ARL8B	.	4
chr3:51384564-51385285	proximal	ENSG00000288988,MANF	.	4
chr3:51538522-51538794	proximal	RAD54L2	.	12
chr3:51551160-51551310	distal	.	.	6
chr3:51562899-51563087	distal	.	.	4
chr3:51578567-51578756	distal	.	.	2
chr3:51669360-51669566	distal	.	.	4
chr3:51671039-51671392	proximal	ENSG00000288063	.	8
chr3:5167356-5167506	distal	.	.	2
chr3:51706852-51707248	proximal	GRM2	.	16
chr3:51719186-51719387	distal	.	.	6
chr3:51791701-51791991	distal	.	.	4
chr3:5187355-5188068	proximal	EDEM1,ENSG00000233912,ENSG00000268509	.	12
chr3:51884763-51884913	distal	.	.	8
chr3:51941807-51942412	proximal	PARP3,RRP9	.	36
chr3:51967103-51967699	distal	.	.	10
chr3:51967762-51968013	distal	.	.	8
chr3:51973887-51974729	proximal	ABHD14A-ACY1,ENSG00000272762,PCBP4	.	30
chr3:51982826-51983201	proximal	ABHD14B,ACY1	.	12
chr3:51995841-51996108	proximal	RPL29	.	4
chr3:52001580-52001798	distal	.	.	4
chr3:52014783-52014933	distal	.	.	2
chr3:52021811-52021972	distal	.	.	4
chr3:52128267-52128654	distal	.	.	2
chr3:52144403-52144564	distal	.	.	2
chr3:52154251-52154540	proximal	POC1A	.	2
chr3:52154670-52155047	proximal	POC1A	.	8
chr3:52186050-52186200	proximal	ENSG00000286419	.	4
chr3:52197804-52198638	proximal	ALAS1	.	22
chr3:52238838-52239357	proximal	TWF2-DT	.	4
chr3:52239519-52239724	proximal	TWF2-DT	.	4
chr3:52248019-52248194	distal	.	.	2
chr3:52287677-52288155	proximal	GLYCTK,WDR82	.	8
chr3:52367161-52367311	distal	.	.	8
chr3:52409665-52410861	proximal	BAP1,PHF7	.	8
chr3:52428635-52428785	distal	.	.	2
chr3:52455229-52455655	proximal	NISCH	.	2
chr3:52498037-52498192	distal	.	.	4
chr3:52536320-52536689	distal	.	.	10
chr3:52536996-52537227	distal	.	.	4
chr3:52606896-52607080	distal	.	.	8
chr3:52685489-52686280	proximal	PBRM1	.	2
chr3:52705403-52706597	proximal	GLT8D1	.	2
chr3:52770199-52770349	proximal	NEK4	.	4
chr3:52770616-52771174	proximal	NEK4	.	2
chr3:52794124-52794330	proximal	ITIH3	.	6
chr3:52799103-52799289	distal	.	.	4
chr3:52820899-52821088	distal	.	.	2
chr3:52897395-52897691	proximal	STIMATE,STIMATE-MUSTN1	.	8
chr3:53045941-53046246	proximal	SFMBT1	.	2
chr3:53113995-53114250	distal	.	.	2
chr3:53161062-53161264	distal	.	.	10
chr3:53163218-53163368	distal	.	.	6
chr3:53196047-53196221	proximal	ENSG00000286531	.	16
chr3:53197141-53197377	proximal	ENSG00000286531	.	12
chr3:53202618-53202768	distal	.	.	8
chr3:53219989-53220182	distal	.	.	8
chr3:53230073-53230231	distal	.	.	4
chr3:53255422-53256185	proximal	TKT	.	8
chr3:53270030-53270474	distal	.	.	4
chr3:53347079-53347794	proximal	DCP1A	.	8
chr3:53382576-53382726	distal	.	.	8
chr3:53478338-53478577	distal	.	.	4
chr3:53846145-53846532	proximal	CHDH,IL17RB	.	4
chr3:53881728-53882456	proximal	ACTR8	.	2
chr3:53891216-53892178	proximal	ENSG00000289063,SELENOK	.	20
chr3:53937488-53937662	distal	.	.	8
chr3:53940358-53940508	distal	.	.	4
chr3:54121675-54122000	proximal	CACNA2D3	.	4
chr3:54951489-54951639	distal	.	.	2
chr3:55485181-55485659	distal	.	.	2
chr3:55573865-55574122	distal	.	.	2
chr3:55632025-55632259	distal	.	.	2
chr3:55675332-55675482	distal	.	.	4
chr3:55718501-55718651	distal	.	.	2
chr3:56053953-56054252	distal	.	.	2
chr3:56388156-56388370	distal	.	.	2
chr3:56434149-56434359	distal	.	.	2
chr3:56467143-56467492	distal	.	.	4
chr3:56467906-56468750	proximal	ERC2	.	4
chr3:56494717-56494977	distal	.	.	4
chr3:56557013-56557465	proximal	CCDC66	.	8
chr3:56557529-56557824	proximal	CCDC66	.	4
chr3:56569418-56569576	distal	.	.	6
chr3:56629763-56629913	distal	.	.	2
chr3:56682320-56682585	proximal	TASOR	.	4
chr3:57014730-57014884	distal	.	.	10
chr3:57060558-57060764	proximal	SPATA12	.	2
chr3:57078732-57079837	proximal	ARHGEF3,ENSG00000272202	.	8
chr3:57164466-57164866	distal	.	.	2
chr3:57165351-57165542	distal	.	.	4
chr3:57170149-57170396	proximal	IL17RD	.	6
chr3:57179493-57179764	distal	.	.	4
chr3:57227325-57228257	proximal	APPL1,HESX1	.	8
chr3:57555963-57556639	proximal	ENSG00000287502,PDE12	.	8
chr3:57579163-57579363	distal	.	.	2
chr3:57692572-57693259	proximal	DENND6A,DENND6A-DT	.	8
chr3:57755744-57755930	proximal	SLMAP	.	6
chr3:57805730-57805989	distal	.	.	4
chr3:57809033-57809542	distal	.	.	10
chr3:57962089-57962473	distal	.	.	4
chr3:57974903-57975363	distal	.	.	10
chr3:58007982-58008132	proximal	FLNB	.	4
chr3:58008196-58008537	proximal	FLNB	.	2
chr3:58167456-58167606	distal	.	.	4
chr3:58237373-58237591	proximal	ABHD6	.	2
chr3:58305911-58306635	proximal	HTD2,RPP14	.	8
chr3:58332537-58332918	proximal	PXK	.	12
chr3:58370794-58370944	distal	.	.	6
chr3:58414723-58414928	distal	.	.	8
chr3:58433738-58434276	proximal	PDHB	.	2
chr3:59212249-59212405	distal	.	.	4
chr3:59313498-59313802	distal	.	.	4
chr3:59751322-59751607	distal	.	.	4
chr3:61249917-61250397	distal	.	.	6
chr3:61251139-61251704	proximal	FHIT	.	4
chr3:61900708-61900893	distal	.	.	2
chr3:62006541-62006726	distal	.	.	2
chr3:62432574-62432724	distal	.	.	2
chr3:63863232-63863670	proximal	ATXN7,THOC7	.	16
chr3:63993678-63994186	distal	.	.	4
chr3:64023317-64023664	proximal	PSMD6	.	4
chr3:64073681-64073833	distal	.	.	8
chr3:64149092-64149249	distal	.	.	8
chr3:64390492-64390642	distal	.	.	2
chr3:64642693-64643068	distal	.	.	2
chr3:66039202-66039515	proximal	MAGI1	.	4
chr3:66246930-66247080	distal	.	.	2
chr3:66396343-66396493	distal	.	.	2
chr3:66997621-66998652	proximal	ENSG00000287873,KBTBD8	.	4
chr3:68972449-68972684	distal	.	.	2
chr3:69051608-69052918	proximal	TMF1	.	4
chr3:69057917-69058067	distal	.	.	2
chr3:69080225-69080564	proximal	UBA3	.	2
chr3:69084790-69085054	proximal	ARL6IP5	.	8
chr3:69357419-69357583	distal	.	.	2
chr3:69386205-69386400	distal	.	.	10
chr3:69701080-69701296	distal	.	.	6
chr3:69739168-69739726	proximal	MITF	.	6
chr3:69774787-69774950	distal	.	.	4
chr3:69871588-69871738	distal	.	.	2
chr3:70550783-70551047	distal	.	.	2
chr3:71190126-71190295	distal	.	.	4
chr3:71191148-71191408	distal	.	.	2
chr3:71583092-71583416	proximal	FOXP1	.	10
chr3:71608668-71608818	distal	.	.	2
chr3:71724944-71725159	distal	.	.	2
chr3:71753706-71753896	proximal	EIF4E3,ENSG00000285708,GPR27	.	6
chr3:71787309-71787464	distal	.	.	2
chr3:71888319-71888469	distal	.	.	2
chr3:72000217-72000422	distal	.	.	4
chr3:72781194-72781385	distal	.	.	4
chr3:72847712-72848039	distal	.	.	2
chr3:72887804-72888216	proximal	GXYLT2	.	4
chr3:73188898-73189097	distal	.	.	6
chr3:73298966-73299137	distal	.	.	4
chr3:73299801-73299994	distal	.	.	6
chr3:73419393-73419543	distal	.	.	4
chr3:73490741-73490921	distal	.	.	2
chr3:73491048-73491468	distal	.	.	8
chr3:73613202-73613352	distal	.	.	2
chr3:73624066-73624384	proximal	PDZRN3	.	4
chr3:73881720-73881886	distal	.	.	2
chr3:75641062-75641757	distal	.	.	4
chr3:75906418-75907058	proximal	ROBO2	.	4
chr3:86147228-86147393	distal	.	.	2
chr3:86364087-86364275	distal	.	.	4
chr3:86543034-86543184	distal	.	.	2
chr3:86990642-86991655	proximal	VGLL3	.	4
chr3:8769322-8769588	proximal	OXTR	.	6
chr3:88130509-88130671	distal	.	.	2
chr3:88169630-88169791	distal	.	.	2
chr3:8887522-8887922	distal	.	.	6
chr3:8963147-8963612	proximal	RAD18	.	2
chr3:9024330-9024549	distal	.	.	4
chr3:9106601-9106802	distal	.	.	12
chr3:9134697-9134869	distal	.	.	4
chr3:9249570-9249754	proximal	SRGAP3-AS4	.	4
chr3:9302260-9302420	distal	.	.	4
chr3:9314989-9315152	distal	.	.	8
chr3:9319447-9319688	distal	.	.	2
chr3:9334670-9334820	distal	.	.	12
chr3:93470289-93470863	distal	.	.	2
chr3:9362759-9363582	proximal	ENSG00000254485,SRGAP3,THUMPD3	.	18
chr3:93712307-93712670	distal	.	.	2
chr3:93841540-93842027	distal	.	.	4
chr3:93949988-93950314	distal	.	.	2
chr3:94013365-94013515	distal	.	.	2
chr3:9410321-9410482	distal	.	.	2
chr3:94178889-94179412	distal	.	.	2
chr3:94568796-94569181	distal	.	.	2
chr3:9649141-9649629	proximal	MTMR14	.	4
chr3:96813169-96813482	distal	.	.	8
chr3:96813658-96814121	proximal	ENSG00000286447,EPHA6	.	8
chr3:9727344-9727497	distal	.	.	2
chr3:9769441-9770138	proximal	CAMK1	.	6
chr3:9770309-9770540	proximal	CAMK1	.	2
chr3:97821385-97821619	proximal	CRYBG3,ENSG00000282527	.	8
chr3:9792429-9793204	proximal	ARPC4,ARPC4-TTLL3,TADA3	.	36
chr3:98039285-98039834	distal	.	.	8
chr3:9808751-9808960	proximal	TTLL3	.	8
chr3:98270544-98270819	distal	.	.	2
chr3:9843545-9844211	proximal	RPUSD3	.	14
chr3:98504604-98505101	distal	.	.	2
chr3:9863828-9863978	distal	.	.	2
chr3:9890457-9890688	proximal	JAGN1	.	4
chr3:9890752-9891104	proximal	JAGN1	.	8
chr3:9902990-9903186	proximal	IL17RE	.	2
chr3:9932815-9933137	proximal	CRELD1	.	8
chr3:9934355-9934533	proximal	CRELD1	.	6
chr3:9946015-9946355	distal	.	.	6
chr3:9946434-9946790	proximal	PRRT3-AS1	.	10
chr3:9986415-9987184	proximal	ENSG00000291224	.	6
chr4:1011321-1011682	distal	.	.	20
chr4:10116775-10117131	proximal	ENSG00000289865,WDR1	.	12
chr4:102345418-102345701	distal	.	.	2
chr4:102405780-102405930	distal	.	.	6
chr4:102406075-102406303	distal	.	.	2
chr4:102500954-102501208	proximal	ENSG00000260651,NFKB1	.	8
chr4:102501516-102501753	proximal	ENSG00000260651,NFKB1	.	8
chr4:102552292-102552458	distal	.	.	2
chr4:102554765-102554935	distal	.	.	2
chr4:102827114-102828580	proximal	UBE2D3-AS1	.	4
chr4:103388302-103388452	distal	.	.	2
chr4:1045884-1046936	distal	.	.	4
chr4:105068880-105069156	distal	.	.	6
chr4:105146399-105146949	proximal	TET2	.	4
chr4:105386959-105387269	distal	.	.	6
chr4:105473934-105474240	proximal	PPA2	.	4
chr4:1072984-1073145	distal	.	.	4
chr4:107612085-107612235	distal	.	.	2
chr4:107654674-107654898	distal	.	.	2
chr4:107719920-107720684	proximal	PAPSS1	.	12
chr4:107773582-107773732	distal	.	.	6
chr4:107825638-107825789	distal	.	.	4
chr4:108018673-108018834	distal	.	.	2
chr4:108061017-108061167	distal	.	.	8
chr4:108094097-108094268	distal	.	.	2
chr4:108135591-108135905	distal	.	.	8
chr4:108141218-108141417	distal	.	.	2
chr4:108168629-108169114	proximal	LEF1	.	8
chr4:108360052-108360269	distal	.	.	4
chr4:108384312-108384462	distal	.	.	2
chr4:108462921-108463270	distal	.	.	6
chr4:108512057-108512340	distal	.	.	2
chr4:108553363-108553630	distal	.	.	4
chr4:108620325-108620632	proximal	RPL34,RPL34-DT	.	12
chr4:108650195-108650912	proximal	OSTC	.	12
chr4:108762500-108762671	proximal	ETNPPL	.	4
chr4:108762941-108763313	proximal	ETNPPL	.	4
chr4:108813460-108813610	distal	.	.	2
chr4:109129123-109129299	distal	.	.	8
chr4:109175004-109175154	distal	.	.	4
chr4:109238567-109238933	distal	.	.	8
chr4:109302124-109303142	proximal	COL25A1,COL25A1-DT	.	4
chr4:109445478-109445628	distal	.	.	4
chr4:109559638-109560302	proximal	MCUB	.	4
chr4:109560475-109560905	proximal	MCUB	.	10
chr4:109729581-109730252	proximal	PLA2G12A	.	4
chr4:109804296-109804492	distal	.	.	8
chr4:109815136-109815607	proximal	GAR1,GAR1-DT	.	16
chr4:110193828-110194123	distal	.	.	4
chr4:110197171-110197321	proximal	ENSG00000288913	.	2
chr4:110245609-110245802	distal	.	.	2
chr4:110411177-110412022	distal	.	.	2
chr4:110622917-110623424	distal	.	.	2
chr4:110636760-110637281	distal	.	.	2
chr4:112096683-112097021	distal	.	.	8
chr4:112245318-112245468	distal	.	.	4
chr4:112285530-112286159	proximal	ALPK1,TIFA	.	8
chr4:112309263-112309507	distal	.	.	2
chr4:112454652-112454844	distal	.	.	2
chr4:112514900-112515090	proximal	NEUROG2-AS1	.	8
chr4:112515645-112516274	proximal	NEUROG2,NEUROG2-AS1	.	12
chr4:112556399-112556549	distal	.	.	2
chr4:112599430-112599580	distal	.	.	2
chr4:112636860-112637290	proximal	LARP7,ZGRF1	.	8
chr4:112637348-112637727	proximal	LARP7,ZGRF1	.	8
chr4:112662394-112662674	distal	.	.	2
chr4:112677702-112677852	distal	.	.	2
chr4:112705595-112705804	distal	.	.	4
chr4:112706213-112706846	proximal	ENSG00000250046	.	4
chr4:112738279-112738431	distal	.	.	12
chr4:112817732-112818151	proximal	ANK2	.	4
chr4:112910152-112910302	distal	.	.	2
chr4:1132491-1132641	distal	.	.	2
chr4:113394842-113395120	distal	.	.	2
chr4:113465116-113465288	distal	.	.	4
chr4:1167236-1167870	proximal	ENSG00000273179	.	8
chr4:118313201-118313373	distal	.	.	4
chr4:118352700-118353429	proximal	PRSS12	.	8
chr4:118835619-118835966	distal	.	.	2
chr4:118836089-118836474	distal	.	.	4
chr4:118836535-118836787	distal	.	.	4
chr4:119010479-119010659	distal	.	.	2
chr4:119042041-119042191	distal	.	.	4
chr4:119067768-119068084	distal	.	.	2
chr4:119212242-119213366	proximal	USP53	.	4
chr4:119300137-119300322	distal	.	.	2
chr4:119628583-119628794	proximal	PDE5A	.	4
chr4:119628864-119629179	proximal	PDE5A	.	4
chr4:120066701-120067295	proximal	MAD2L1,MAD2L1-DT	.	16
chr4:120647854-120648578	distal	.	.	8
chr4:120898840-120898990	distal	.	.	8
chr4:120921744-120922280	proximal	PRDM5	.	4
chr4:121307823-121308002	distal	.	.	8
chr4:121316163-121316313	distal	.	.	2
chr4:121380492-121380700	proximal	QRFPR	.	2
chr4:121380865-121381200	proximal	QRFPR	.	10
chr4:121696516-121697250	proximal	ANXA5	.	4
chr4:121726615-121726929	distal	.	.	2
chr4:121764858-121765203	proximal	PP12613,SMIM43	.	4
chr4:121800973-121801506	proximal	EXOSC9	.	4
chr4:121823090-121824158	proximal	CCNA2	.	10
chr4:121870191-121871100	proximal	BBS7,BBS7-DT	.	4
chr4:121950121-121950482	proximal	ENSG00000289342	.	2
chr4:122152881-122153031	proximal	BLTP1	.	4
chr4:122826676-122826866	proximal	FGF2	.	4
chr4:122922473-122922768	proximal	NUDT6,SPATA5	.	4
chr4:123328566-123328716	distal	.	.	2
chr4:123861988-123862365	distal	.	.	2
chr4:1248308-1248938	proximal	CTBP1-DT	.	6
chr4:124858314-124858471	distal	.	.	2
chr4:1249046-1249284	proximal	CTBP1-DT	.	12
chr4:125197124-125197274	distal	.	.	2
chr4:127614747-127615051	distal	.	.	8
chr4:127632751-127633440	distal	.	.	2
chr4:127781726-127782626	proximal	HSPA4L	.	6
chr4:127782977-127783502	distal	.	.	6
chr4:127844599-127844777	proximal	ENSG00000261668	.	4
chr4:127880654-127881055	proximal	PLK4	.	2
chr4:127881114-127881650	proximal	PLK4	.	6
chr4:127997602-127997759	distal	.	.	6
chr4:128060982-128061475	proximal	LARP1B	.	8
chr4:128265414-128265861	distal	.	.	2
chr4:128387123-128387300	distal	.	.	4
chr4:128553183-128553589	proximal	ENSG00000273077	.	4
chr4:128810031-128810274	proximal	JADE1	.	2
chr4:128810615-128810789	distal	.	.	4
chr4:1289440-1290183	proximal	MAEA	.	8
chr4:129110547-129110732	distal	.	.	2
chr4:129836720-129836980	distal	.	.	2
chr4:1324509-1324749	distal	.	.	4
chr4:1346714-1347565	distal	.	.	10
chr4:137545594-137545900	proximal	LINC02172	.	4
chr4:137936958-137937108	distal	.	.	4
chr4:138908930-138909107	distal	.	.	4
chr4:139015432-139015582	proximal	NOCT	.	4
chr4:139082852-139083278	distal	.	.	2
chr4:139176426-139176693	proximal	ELF2,ENSG00000288785	.	12
chr4:139243342-139244005	distal	.	.	2
chr4:139248870-139249022	distal	.	.	2
chr4:139295650-139295942	distal	.	.	4
chr4:139551026-139551309	distal	.	.	2
chr4:139555216-139555530	distal	.	.	10
chr4:139555978-139556431	proximal	ENSG00000272717	.	14
chr4:139556490-139556893	proximal	ENSG00000272717	.	6
chr4:139606878-139607220	proximal	SETD7	.	4
chr4:139651709-139651877	distal	.	.	6
chr4:139656935-139657191	distal	.	.	4
chr4:139666027-139666494	proximal	MGST2	.	8
chr4:139734818-139735108	distal	.	.	2
chr4:139808672-139809339	distal	.	.	6
chr4:139875644-139875879	distal	.	.	2
chr4:140092513-140092758	distal	.	.	6
chr4:140150812-140151393	distal	.	.	4
chr4:140151494-140151913	distal	.	.	8
chr4:140252744-140253432	distal	.	.	6
chr4:140290469-140290672	distal	.	.	2
chr4:140296402-140296780	distal	.	.	4
chr4:140373280-140373975	proximal	SCOC-AS1	.	6
chr4:140426819-140427052	proximal	CLGN	.	2
chr4:140427164-140427859	proximal	CLGN	.	8
chr4:140576430-140576580	distal	.	.	4
chr4:1410518-1410741	distal	.	.	2
chr4:141220573-141220991	proximal	ZNF330	.	4
chr4:1435245-1435586	distal	.	.	2
chr4:145098661-145098950	proximal	ABCE1,ANAPC10,ENSG00000285713	.	12
chr4:145179705-145179902	proximal	OTUD4	.	4
chr4:145732996-145733543	distal	.	.	2
chr4:145774793-145774943	distal	.	.	2
chr4:145782020-145782363	distal	.	.	12
chr4:145936532-145937377	distal	.	.	4
chr4:145953637-145953787	distal	.	.	4
chr4:146402792-146402942	distal	.	.	2
chr4:146491534-146491684	distal	.	.	2
chr4:147843333-147843717	distal	.	.	2
chr4:148196238-148196450	distal	.	.	2
chr4:149915662-149916077	distal	.	.	2
chr4:15003029-15003350	proximal	CPEB2	.	6
chr4:150096761-150096974	distal	.	.	2
chr4:150571841-150572003	distal	.	.	4
chr4:150902446-150902661	distal	.	.	2
chr4:151015534-151015948	proximal	LRBA	.	10
chr4:151099357-151099726	proximal	RPS3A	.	6
chr4:151117471-151117647	distal	.	.	2
chr4:151229940-151230101	distal	.	.	4
chr4:1513228-1513443	distal	.	.	2
chr4:151362797-151363012	distal	.	.	4
chr4:151408635-151409167	proximal	FHIP1A,FHIP1A-DT	.	16
chr4:151665874-151666024	distal	.	.	8
chr4:151730214-151730403	distal	.	.	8
chr4:1521175-1521325	distal	.	.	2
chr4:152199454-152199636	distal	.	.	6
chr4:152535635-152535951	proximal	FBXW7,MIR4453HG	.	8
chr4:152591470-152591787	distal	.	.	6
chr4:152665944-152666201	proximal	ENSG00000248571	.	8
chr4:152779136-152780053	proximal	ARFIP1,TIGD4	.	8
chr4:152818298-152818566	distal	.	.	4
chr4:152898082-152898232	distal	.	.	2
chr4:152958018-152958181	distal	.	.	2
chr4:153039259-153039571	distal	.	.	2
chr4:153171019-153171212	distal	.	.	4
chr4:153222636-153223353	distal	.	.	2
chr4:153232846-153233015	distal	.	.	2
chr4:153257234-153257384	distal	.	.	6
chr4:153257492-153257642	distal	.	.	2
chr4:153344215-153344372	proximal	MND1	.	6
chr4:153344458-153345482	proximal	MND1	.	14
chr4:153488816-153489002	distal	.	.	20
chr4:153589252-153589456	distal	.	.	2
chr4:15469642-15469883	proximal	CC2D2A	.	6
chr4:155376383-155377232	proximal	MAP9	.	4
chr4:155545091-155545241	distal	.	.	4
chr4:155667399-155667946	proximal	GUCY1A1	.	4
chr4:155668028-155668218	distal	.	.	4
chr4:15681342-15682125	proximal	ENSG00000288606,FAM200B,FBXL5	.	12
chr4:158020330-158020580	distal	.	.	2
chr4:1580208-1580977	proximal	ENSG00000244459	.	2
chr4:1581114-1581358	proximal	ENSG00000244459	.	2
chr4:158671811-158672619	proximal	C4orf46,ETFDH	.	8
chr4:158723683-158723882	proximal	PPID	.	4
chr4:158810817-158811186	distal	.	.	2
chr4:158970011-158970173	distal	.	.	4
chr4:159074910-159075173	distal	.	.	8
chr4:1618655-1618850	distal	.	.	6
chr4:162653360-162653510	distal	.	.	2
chr4:163194966-163195164	distal	.	.	2
chr4:163332351-163332787	distal	.	.	4
chr4:163494186-163495225	proximal	TMA16	.	4
chr4:165342406-165342717	distal	.	.	2
chr4:165874750-165874948	distal	.	.	2
chr4:1670934-1671379	distal	.	.	4
chr4:1684182-1684845	proximal	FAM53A	.	14
chr4:168715121-168715271	distal	.	.	4
chr4:168832210-168832407	proximal	ENSG00000249609	.	4
chr4:168873838-168873988	distal	.	.	2
chr4:168923887-168924161	distal	.	.	2
chr4:168993354-168993579	distal	.	.	2
chr4:169311806-169312292	distal	.	.	2
chr4:1693494-1693795	distal	.	.	2
chr4:1720880-1721537	proximal	TMEM129	.	4
chr4:172611166-172611435	distal	.	.	4
chr4:1727568-1727722	distal	.	.	4
chr4:172832542-172832692	distal	.	.	4
chr4:172962624-172962887	distal	.	.	4
chr4:173168135-173168338	proximal	GALNT7	.	4
chr4:173214971-173215171	distal	.	.	8
chr4:173281274-173281475	distal	.	.	4
chr4:173334221-173335601	proximal	ENSG00000288728,HMGB2	.	16
chr4:173369750-173370005	proximal	SAP30,SAP30-DT	.	8
chr4:173432399-173432549	distal	.	.	8
chr4:173608360-173608936	distal	.	.	10
chr4:174216434-174216675	distal	.	.	2
chr4:1746237-1746492	distal	.	.	10
chr4:1748750-1748900	distal	.	.	6
chr4:17614510-17614964	proximal	MED28,MED28-DT	.	12
chr4:176195209-176195791	proximal	SPATA4	.	2
chr4:176277665-176277957	proximal	ASB5	.	4
chr4:176781887-176782037	distal	.	.	4
chr4:176792184-176793122	proximal	VEGFC	.	2
chr4:17810648-17811436	proximal	DCAF16,NCAPG	.	8
chr4:18020701-18021143	proximal	LCORL	.	4
chr4:182917220-182917600	proximal	DCTD	.	4
chr4:183098310-183098649	proximal	WWC2,WWC2-AS2	.	20
chr4:183398302-183398627	distal	.	.	12
chr4:183443975-183444864	proximal	CDKN2AIP	.	6
chr4:183504150-183505027	proximal	ING2,ING2-DT	.	24
chr4:183505904-183506185	proximal	ING2	.	6
chr4:183506287-183506441	distal	.	.	4
chr4:183518830-183518980	distal	.	.	2
chr4:183533433-183533927	distal	.	.	20
chr4:183643122-183643272	distal	.	.	2
chr4:183659063-183659364	proximal	RWDD4,TRAPPC11	.	4
chr4:183797075-183797408	proximal	STOX2	.	6
chr4:183987314-183987464	proximal	ENSG00000248206	.	6
chr4:183987837-183987987	proximal	ENSG00000248206	.	4
chr4:184473556-184473706	proximal	IRF2	.	4
chr4:184474021-184474178	proximal	IRF2,IRF2-DT	.	8
chr4:184538126-184538276	proximal	LINC02427	.	4
chr4:184643230-184643394	distal	.	.	8
chr4:184649297-184650003	proximal	CASP3,PRIMPOL	.	12
chr4:184902246-184902396	distal	.	.	4
chr4:185203602-185204227	proximal	SNX25	.	4
chr4:185209341-185209696	proximal	CFAP97	.	4
chr4:185396107-185396732	proximal	ANKRD37,LRP2BP	.	4
chr4:185471101-185471567	proximal	CCDC110,ENSG00000249679	.	4
chr4:185535267-185535767	proximal	PDLIM3	.	4
chr4:185580977-185581127	distal	.	.	2
chr4:1855857-1856474	proximal	LETM1	.	14
chr4:185925889-185926266	distal	.	.	2
chr4:186554861-186555013	proximal	ENSG00000272297,MTNR1A	.	8
chr4:186555153-186555452	proximal	ENSG00000272297,MTNR1A	.	8
chr4:1870399-1871454	proximal	NSD2	.	6
chr4:2008862-2009747	distal	.	.	14
chr4:2041577-2042163	proximal	C4orf48,NELFA	.	12
chr4:2220155-2220305	distal	.	.	2
chr4:2262081-2262636	proximal	MXD4	.	4
chr4:2285653-2285829	distal	.	.	6
chr4:2330321-2330882	distal	.	.	2
chr4:2378573-2378723	distal	.	.	8
chr4:2396193-2396692	distal	.	.	6
chr4:2418497-2419046	proximal	CFAP99,ZFYVE28	.	16
chr4:2441728-2441997	distal	.	.	8
chr4:2459950-2460144	distal	.	.	4
chr4:2468861-2469223	distal	.	.	8
chr4:2501694-2501844	distal	.	.	4
chr4:25233829-25234097	distal	.	.	2
chr4:25439977-25440282	distal	.	.	2
chr4:25913806-25914315	distal	.	.	2
chr4:25971874-25972045	distal	.	.	2
chr4:26198794-26198944	distal	.	.	2
chr4:26263132-26263414	distal	.	.	2
chr4:26263539-26263689	distal	.	.	2
chr4:26341870-26342039	distal	.	.	2
chr4:2743864-2744025	distal	.	.	2
chr4:2755953-2756161	proximal	TNIP2	.	2
chr4:2756249-2756577	proximal	TNIP2	.	16
chr4:2812016-2812488	distal	.	.	12
chr4:2818569-2818808	distal	.	.	6
chr4:2843087-2843548	proximal	ADD1	.	2
chr4:2843693-2843989	proximal	ADD1	.	4
chr4:2882829-2882993	distal	.	.	8
chr4:2963279-2963688	proximal	GRK4,NOP14	.	16
chr4:2963789-2964040	proximal	GRK4,NOP14	.	8
chr4:30717347-30717535	proximal	ENSG00000288940	.	4
chr4:3075490-3075658	distal	.	.	8
chr4:30781684-30781834	distal	.	.	4
chr4:3106761-3106922	distal	.	.	4
chr4:3123264-3123587	distal	.	.	2
chr4:3126993-3127143	distal	.	.	4
chr4:3166545-3166784	distal	.	.	2
chr4:3269105-3269297	distal	.	.	2
chr4:3292097-3292361	proximal	RGS12	.	6
chr4:3292448-3293132	proximal	RGS12	.	4
chr4:3387081-3387231	distal	.	.	2
chr4:3532301-3532875	proximal	LRPAP1	.	2
chr4:3544418-3544897	proximal	ENSG00000270090	.	4
chr4:3563860-3564011	distal	.	.	2
chr4:3746317-3746873	distal	.	.	2
chr4:3824384-3824574	distal	.	.	2
chr4:3880641-3880902	distal	.	.	2
chr4:39638319-39639197	proximal	SMIM14,SMIM14-DT	.	8
chr4:3969023-3969320	distal	.	.	6
chr4:39815463-39815617	distal	.	.	8
chr4:3985396-3985546	distal	.	.	2
chr4:39907484-39907941	distal	.	.	2
chr4:40174628-40174841	distal	.	.	2
chr4:4032221-4032383	distal	.	.	2
chr4:41934899-41935446	proximal	ENSG00000249771,TMEM33	.	8
chr4:41990352-41991055	proximal	SLC30A9	.	2
chr4:42397622-42397868	proximal	SHISA3	.	2
chr4:42494222-42494463	distal	.	.	8
chr4:4541720-4542221	proximal	STX18,STX18-AS1	.	8
chr4:4763461-4763881	distal	.	.	8
chr4:4827621-4827802	distal	.	.	2
chr4:48340703-48340874	proximal	SLAIN2	.	2
chr4:48779577-48779865	proximal	FRYL	.	2
chr4:49101344-49101651	distal	.	.	2
chr4:49107289-49107500	distal	.	.	2
chr4:49109980-49110159	distal	.	.	2
chr4:49120036-49120379	distal	.	.	2
chr4:49514297-49514660	distal	.	.	4
chr4:49570377-49570556	distal	.	.	2
chr4:49708117-49709042	distal	.	.	2
chr4:49729549-49729841	distal	.	.	2
chr4:50111641-50111918	distal	.	.	2
chr4:50206875-50207175	distal	.	.	2
chr4:50662207-50662488	distal	.	.	2
chr4:50676857-50677256	distal	.	.	2
chr4:51093048-51093263	distal	.	.	2
chr4:51844372-51844536	distal	.	.	2
chr4:51844635-51844969	distal	.	.	2
chr4:52038216-52038575	proximal	SGCB	.	6
chr4:52248866-52249016	distal	.	.	2
chr4:52295196-52295346	distal	.	.	2
chr4:52659222-52659673	proximal	USP46,USP46-DT	.	8
chr4:52862020-52862689	proximal	RASL11B	.	2
chr4:52938794-52938963	distal	.	.	4
chr4:53493261-53493411	distal	.	.	8
chr4:54228164-54228317	distal	.	.	4
chr4:54657749-54658053	proximal	KIT	.	4
chr4:55287479-55287629	distal	.	.	4
chr4:55346126-55346779	proximal	ENSG00000288695,SRD5A3	.	4
chr4:55461424-55461574	distal	.	.	2
chr4:55507222-55507426	distal	.	.	2
chr4:55526479-55526744	distal	.	.	2
chr4:55577187-55577347	distal	.	.	2
chr4:55636217-55636581	proximal	NMU	.	6
chr4:55841809-55842006	distal	.	.	2
chr4:55842176-55842582	distal	.	.	2
chr4:55948692-55949324	proximal	CEP135	.	6
chr4:56018497-56018754	distal	.	.	2
chr4:56048930-56049443	proximal	CRACD	.	2
chr4:56078532-56078705	distal	.	.	4
chr4:56086670-56087120	distal	.	.	8
chr4:56387068-56387614	proximal	AASDH,ENSG00000269921	.	8
chr4:56397870-56398081	distal	.	.	4
chr4:56435898-56436342	proximal	PAICS,PPAT	.	16
chr4:56467459-56467690	proximal	ENSG00000289393,SRP72	.	8
chr4:56530327-56530680	proximal	THEGL	.	4
chr4:56544593-56544926	distal	.	.	10
chr4:56821586-56822089	proximal	SPINK2	.	2
chr4:56908124-56908357	proximal	REST	.	4
chr4:5710680-5710830	proximal	EVC	.	2
chr4:5711518-5711872	proximal	EVC	.	2
chr4:57164060-57164282	distal	.	.	4
chr4:586578-586728	distal	.	.	4
chr4:586874-587050	distal	.	.	2
chr4:61410665-61411035	distal	.	.	2
chr4:61646796-61647257	distal	.	.	2
chr4:6236010-6236164	distal	.	.	6
chr4:6269533-6269969	proximal	WFS1	.	6
chr4:6322375-6322660	distal	.	.	4
chr4:6327354-6327533	distal	.	.	2
chr4:6388150-6388371	distal	.	.	2
chr4:6632701-6632851	distal	.	.	2
chr4:6673669-6674503	proximal	LINC02482	.	4
chr4:6709802-6710069	proximal	MRFAP1L1	.	4
chr4:6715786-6716005	proximal	BLOC1S4	.	4
chr4:6716351-6716871	proximal	BLOC1S4	.	2
chr4:6720395-6720594	distal	.	.	4
chr4:6732807-6732957	distal	.	.	2
chr4:674248-674538	proximal	ATP5ME,MYL5	.	4
chr4:67527504-67527673	distal	.	.	2
chr4:67840624-67840776	distal	.	.	2
chr4:6909359-6909865	proximal	TBC1D14	.	8
chr4:6974499-6974658	distal	.	.	4
chr4:6987006-6987492	proximal	ENSG00000287104	.	8
chr4:6993909-6994059	distal	.	.	4
chr4:705295-706110	proximal	PCGF3	.	4
chr4:70577589-70577834	distal	.	.	8
chr4:70688140-70688781	proximal	UTP3	.	2
chr4:70704513-70705246	proximal	ENSG00000272986,RUFY3	.	8
chr4:70705312-70705777	distal	.	.	4
chr4:70901864-70902714	proximal	ENSG00000289019,MOB1B	.	4
chr4:70993210-70993791	proximal	DCK	.	6
chr4:7102920-7103726	proximal	LINC02447	.	4
chr4:71032772-71032922	distal	.	.	2
chr4:71187165-71187427	distal	.	.	2
chr4:7153108-7153284	distal	.	.	4
chr4:72790827-72791153	distal	.	.	2
chr4:73091733-73091931	distal	.	.	8
chr4:73257730-73258324	proximal	ANKRD17	.	4
chr4:73258548-73258984	proximal	ANKRD17,ANKRD17-DT	.	16
chr4:73259051-73259398	proximal	ANKRD17,ANKRD17-DT	.	8
chr4:7332329-7332529	distal	.	.	2
chr4:73447667-73447857	distal	.	.	2
chr4:7380045-7380202	distal	.	.	12
chr4:73990045-73990195	distal	.	.	8
chr4:7415802-7415973	distal	.	.	4
chr4:74444890-74445836	proximal	AREG	.	4
chr4:75458529-75458679	distal	.	.	2
chr4:75514154-75514788	proximal	RCHY1,THAP6	.	8
chr4:75573518-75573691	distal	.	.	4
chr4:75574036-75574351	distal	.	.	2
chr4:7560563-7560713	distal	.	.	4
chr4:75630184-75631107	proximal	CDKL2	.	2
chr4:75672643-75673761	distal	.	.	8
chr4:75725059-75725283	proximal	G3BP2,USO1	.	8
chr4:75867996-75868190	distal	.	.	6
chr4:75967774-75967924	distal	.	.	4
chr4:75990805-75991167	proximal	SDAD1	.	4
chr4:76147741-76148198	proximal	ENSG00000286074,NUP54	.	8
chr4:76148322-76148685	proximal	ENSG00000286074,NUP54	.	8
chr4:76198039-76198189	distal	.	.	8
chr4:76213156-76214208	proximal	FAM47E	.	10
chr4:76251401-76251894	proximal	FAM47E-STBD1	.	4
chr4:76306440-76306765	proximal	ENSG00000289515,STBD1	.	8
chr4:76306907-76307258	proximal	ENSG00000289515,STBD1	.	8
chr4:76388638-76388821	distal	.	.	10
chr4:76430382-76430709	distal	.	.	2
chr4:76585910-76586232	distal	.	.	2
chr4:76758404-76758621	distal	.	.	6
chr4:76780209-76780395	distal	.	.	4
chr4:76867845-76868136	distal	.	.	20
chr4:76933576-76933726	distal	.	.	6
chr4:76948810-76949311	proximal	ENSG00000289586,SEPTIN11	.	8
chr4:77156572-77157212	proximal	CCNG2	.	4
chr4:77157390-77157736	proximal	CCNG2	.	4
chr4:77157962-77158175	proximal	CCNG2	.	2
chr4:7761727-7761952	distal	.	.	8
chr4:77683875-77684025	distal	.	.	4
chr4:77818500-77818650	distal	.	.	4
chr4:77818823-77818991	proximal	CNOT6L	.	4
chr4:77862552-77863144	proximal	MRPL1	.	6
chr4:78125901-78126097	distal	.	.	2
chr4:781778-782573	proximal	PCGF3-AS1	.	4
chr4:7831400-7831559	distal	.	.	4
chr4:7844352-7844750	distal	.	.	8
chr4:78564853-78565048	distal	.	.	2
chr4:790570-790778	distal	.	.	4
chr4:8044608-8045268	distal	.	.	4
chr4:81030778-81030958	proximal	BMP3	.	4
chr4:8117338-8117754	distal	.	.	8
chr4:81188553-81188748	distal	.	.	2
chr4:8158722-8159155	proximal	ABLIM2,ENSG00000290015	.	24
chr4:8159376-8159648	proximal	ABLIM2,ENSG00000290015	.	8
chr4:81725109-81725365	distal	.	.	4
chr4:8176936-8177100	distal	.	.	4
chr4:81913388-81913541	distal	.	.	2
chr4:82105050-82105243	distal	.	.	4
chr4:8212180-8212343	distal	.	.	2
chr4:8231051-8231201	distal	.	.	2
chr4:8242223-8242661	distal	.	.	8
chr4:82429396-82429740	proximal	HNRNPDL	.	4
chr4:82430031-82430649	proximal	ENOPH1,HNRNPDL	.	8
chr4:8250210-8250504	distal	.	.	2
chr4:82561468-82561920	proximal	TMEM150C	.	4
chr4:82797681-82798058	proximal	SCD5	.	2
chr4:82887813-82888224	distal	.	.	8
chr4:82891068-82891583	distal	.	.	8
chr4:82967718-82967870	distal	.	.	4
chr4:83012774-83013279	proximal	LIN54	.	6
chr4:83284177-83284594	proximal	COQ2	.	6
chr4:83284690-83284904	proximal	COQ2	.	4
chr4:83334372-83334560	proximal	HPSE	.	4
chr4:83412772-83412922	distal	.	.	2
chr4:83455701-83456268	proximal	HELQ,MRPS18C	.	4
chr4:83536731-83536957	proximal	GPAT3	.	2
chr4:83640008-83640248	distal	.	.	2
chr4:8407027-8407230	distal	.	.	2
chr4:8410660-8410891	distal	.	.	2
chr4:84126857-84127290	distal	.	.	4
chr4:84298880-84299272	proximal	LINC02994	.	4
chr4:8440610-8440882	proximal	ACOX3	.	8
chr4:84498993-84499873	proximal	NKX6-1	.	4
chr4:84596888-84597187	distal	.	.	4
chr4:8468826-8469000	distal	.	.	2
chr4:84914301-84914461	distal	.	.	4
chr4:85133939-85134177	distal	.	.	2
chr4:85166136-85166604	distal	.	.	4
chr4:85296982-85297132	distal	.	.	2
chr4:85474858-85475301	proximal	ARHGAP24	.	8
chr4:85627451-85627601	distal	.	.	2
chr4:85838284-85838459	distal	.	.	2
chr4:86044093-86044291	distal	.	.	8
chr4:8607701-8607851	distal	.	.	6
chr4:8621155-8621429	distal	.	.	4
chr4:8630076-8630379	distal	.	.	4
chr4:8633023-8633306	distal	.	.	8
chr4:86593809-86594469	proximal	MAPK10,PTPN13	.	8
chr4:86595134-86595451	proximal	MAPK10,PTPN13	.	8
chr4:86831505-86831886	distal	.	.	16
chr4:8688253-8688453	distal	.	.	6
chr4:86934623-86935326	proximal	AFF1	.	4
chr4:86935745-86936065	proximal	AFF1,ENSG00000284968,ENSG00000285458	.	18
chr4:87006589-87007297	distal	.	.	6
chr4:87019482-87019709	distal	.	.	4
chr4:87073724-87073900	distal	.	.	4
chr4:87093597-87093929	distal	.	.	8
chr4:87329406-87329565	distal	.	.	4
chr4:87391256-87391467	proximal	HSD17B11	.	10
chr4:87455632-87455782	distal	.	.	2
chr4:8767780-8768003	distal	.	.	2
chr4:87922797-87922947	distal	.	.	8
chr4:88007493-88007871	proximal	ENSG00000286618,ENSG00000289034,PKD2	.	12
chr4:88112828-88112978	distal	.	.	4
chr4:8817828-8817978	distal	.	.	6
chr4:88284091-88284466	proximal	PPM1K,PPM1K-DT	.	8
chr4:88378811-88379331	proximal	HERC6	.	4
chr4:88415405-88415555	distal	.	.	12
chr4:88456735-88457655	proximal	HERC5	.	4
chr4:88598316-88598492	distal	.	.	4
chr4:8861265-8861704	proximal	ENSG00000258507	.	4
chr4:8871701-8871935	proximal	HMX1	.	8
chr4:8871995-8872256	proximal	HMX1	.	4
chr4:88880580-88880730	distal	.	.	2
chr4:89111205-89111491	proximal	FAM13A,TIGD2	.	8
chr4:8918046-8918309	distal	.	.	10
chr4:89359135-89359312	distal	.	.	10
chr4:89968687-89968837	distal	.	.	4
chr4:9000535-9000978	distal	.	.	2
chr4:90128002-90128368	proximal	CCSER1	.	4
chr4:9123664-9123831	distal	.	.	4
chr4:9271697-9272110	proximal	USP17L23	.	4
chr4:931908-932140	proximal	GAK,TMEM175	.	12
chr4:932242-932613	proximal	GAK,TMEM175	.	20
chr4:94133229-94133379	distal	.	.	4
chr4:94207543-94208192	proximal	SMARCAD1,SMARCAD1-DT	.	8
chr4:94279873-94280186	distal	.	.	2
chr4:94304513-94304687	distal	.	.	8
chr4:94372149-94372299	distal	.	.	4
chr4:94391109-94391318	distal	.	.	4
chr4:94451651-94452466	proximal	PDLIM5	.	12
chr4:94749349-94749877	distal	.	.	2
chr4:9691369-9692059	proximal	ENSG00000287117	.	4
chr4:97027782-97027993	distal	.	.	2
chr4:97032531-97032783	distal	.	.	2
chr4:98143407-98143593	proximal	STPG2	.	4
chr4:98529908-98530115	distal	.	.	2
chr4:98558935-98559171	distal	.	.	2
chr4:9857523-9857780	distal	.	.	8
chr4:98657944-98658508	proximal	TSPAN5,TSPAN5-DT	.	8
chr4:98658740-98658927	proximal	TSPAN5,TSPAN5-DT	.	4
chr4:987196-987537	proximal	DGKQ,IDUA	.	16
chr4:98928643-98929593	proximal	EIF4E,ENSG00000263923	.	8
chr4:99088354-99088518	proximal	ADH5,ENSG00000246090	.	16
chr4:99088657-99088970	proximal	ADH5,ENSG00000246090	.	8
chr4:99730092-99730266	distal	.	.	2
chr4:99770713-99770951	distal	.	.	2
chr4:99949132-99949346	proximal	H2AZ1-DT	.	4
chr4:99949730-99949936	proximal	H2AZ1,H2AZ1-DT	.	8
chr4:99950166-99950691	proximal	H2AZ1,H2AZ1-DT	.	4
chr5:100049326-100049523	distal	.	.	2
chr5:10076341-10076505	distal	.	.	2
chr5:10250130-10250335	proximal	ATPSCKMT,CCT5	.	4
chr5:10250397-10250577	proximal	ATPSCKMT,CCT5	.	4
chr5:102754781-102755737	distal	.	.	4
chr5:102865797-102866221	distal	.	.	2
chr5:102910474-102910652	distal	.	.	2
chr5:10307721-10308103	proximal	CMBL	.	8
chr5:103258430-103258940	proximal	MACIR	.	4
chr5:10364857-10365173	distal	.	.	2
chr5:10580101-10580251	distal	.	.	8
chr5:107563976-107564186	distal	.	.	2
chr5:10761211-10761866	proximal	DAP,DAP-DT	.	8
chr5:107671507-107671657	proximal	EFNA5	.	4
chr5:107672052-107672849	distal	.	.	6
chr5:108727738-108728131	proximal	ENSG00000289260,LINC01023	.	8
chr5:108769434-108769645	distal	.	.	8
chr5:110738622-110739239	proximal	SLC25A46,TMEM232	.	8
chr5:111023636-111023845	distal	.	.	2
chr5:111058086-111058319	distal	.	.	4
chr5:111073199-111073583	distal	.	.	2
chr5:111278911-111279090	distal	.	.	8
chr5:111512168-111513177	proximal	STARD4	.	12
chr5:111531259-111531430	distal	.	.	2
chr5:111680838-111681286	distal	.	.	2
chr5:111757085-111757586	distal	.	.	2
chr5:111757742-111758181	distal	.	.	2
chr5:112014507-112014673	distal	.	.	4
chr5:112022472-112022622	distal	.	.	4
chr5:112175043-112175196	distal	.	.	4
chr5:112218160-112218310	distal	.	.	4
chr5:112418732-112418904	proximal	EPB41L4A,EPB41L4A-DT	.	4
chr5:112419862-112420586	proximal	EPB41L4A,EPB41L4A-DT	.	4
chr5:112707303-112708204	proximal	APC	.	4
chr5:112737516-112737964	distal	.	.	4
chr5:112860985-112861535	proximal	SRP19	.	4
chr5:112921039-112921224	distal	.	.	4
chr5:112921479-112921940	proximal	REEP5	.	8
chr5:112922159-112922488	proximal	REEP5	.	4
chr5:113145547-113145783	distal	.	.	2
chr5:113203232-113203633	distal	.	.	4
chr5:113478531-113478681	distal	.	.	2
chr5:113488236-113488683	proximal	MCC	.	4
chr5:113755348-113755498	distal	.	.	2
chr5:11380-11774	distal	.	.	16
chr5:114450042-114450219	distal	.	.	2
chr5:115841456-115842014	proximal	AP3S1,ATG12	.	8
chr5:116085137-116085525	proximal	COMMD10,ENSG00000271918	.	16
chr5:116537095-116537245	distal	.	.	8
chr5:118988199-118988824	proximal	DTWD2	.	4
chr5:119091058-119091208	distal	.	.	6
chr5:119126903-119127053	distal	.	.	2
chr5:119161661-119161850	distal	.	.	2
chr5:119299719-119299869	distal	.	.	4
chr5:119452330-119452816	proximal	HSD17B4	.	4
chr5:119814424-119814574	distal	.	.	2
chr5:122039022-122039437	distal	.	.	6
chr5:122291207-122291410	distal	.	.	2
chr5:122602997-122603322	distal	.	.	2
chr5:122720870-122721139	distal	.	.	6
chr5:122774842-122775275	proximal	SNX2	.	4
chr5:123035983-123036498	proximal	PPIC,PPIC-AS1	.	8
chr5:123036618-123037278	proximal	PPIC,PPIC-AS1	.	4
chr5:123179675-123179825	distal	.	.	10
chr5:123242704-123243002	distal	.	.	2
chr5:123285449-123285711	distal	.	.	2
chr5:123399613-123399832	distal	.	.	4
chr5:123423131-123423973	proximal	CEP120	.	4
chr5:123429260-123429484	distal	.	.	10
chr5:123448897-123449047	distal	.	.	4
chr5:123511825-123512488	proximal	CSNK1G3,ENSG00000288766	.	16
chr5:123525418-123525624	distal	.	.	8
chr5:124088610-124089010	distal	.	.	2
chr5:124612156-124612312	distal	.	.	6
chr5:124629046-124629565	distal	.	.	2
chr5:124662297-124662593	distal	.	.	8
chr5:124681652-124681802	distal	.	.	2
chr5:124706782-124707039	proximal	ENSG00000249112	.	4
chr5:124739375-124739561	distal	.	.	4
chr5:124748761-124749083	proximal	ZNF608	.	8
chr5:124791588-124791738	distal	.	.	2
chr5:124806193-124806769	distal	.	.	2
chr5:124902118-124902360	distal	.	.	2
chr5:125245804-125245999	distal	.	.	2
chr5:125258299-125258634	distal	.	.	2
chr5:125898387-125898698	distal	.	.	2
chr5:126015294-126015466	distal	.	.	8
chr5:1260207-1260385	distal	.	.	2
chr5:126519374-126519524	distal	.	.	2
chr5:126594925-126595498	proximal	ALDH7A1	.	4
chr5:126676157-126676364	distal	.	.	4
chr5:126776493-126777347	proximal	LMNB1,LMNB1-DT	.	8
chr5:127073345-127073791	proximal	C5orf63	.	4
chr5:127289982-127290178	proximal	ENSG00000286615,MEGF10	.	4
chr5:127290586-127290940	proximal	ENSG00000286615,MEGF10	.	8
chr5:127297507-127297679	distal	.	.	8
chr5:127452052-127452384	distal	.	.	6
chr5:127517339-127517907	proximal	PRRC1	.	8
chr5:127878252-127878446	distal	.	.	8
chr5:127943721-127943871	distal	.	.	8
chr5:128082807-128083224	proximal	SLC12A2,SLC12A2-DT	.	8
chr5:128083573-128084026	proximal	SLC12A2,SLC12A2-DT	.	20
chr5:128201838-128202025	distal	.	.	2
chr5:128964810-128965616	distal	.	.	12
chr5:128973296-128973510	distal	.	.	6
chr5:129094424-129094857	proximal	ISOC1	.	8
chr5:131164647-131165439	distal	.	.	2
chr5:131170596-131171226	proximal	LYRM7	.	4
chr5:131263845-131264488	distal	.	.	2
chr5:131312288-131313192	distal	.	.	2
chr5:131411218-131411368	distal	.	.	2
chr5:131642453-131642622	distal	.	.	4
chr5:131977142-131977420	distal	.	.	8
chr5:132103022-132103172	distal	.	.	2
chr5:132178842-132178992	distal	.	.	8
chr5:132369568-132370020	proximal	MIR3936HG,SLC22A5	.	8
chr5:132410980-132411194	proximal	ENSG00000283782,IRF1-AS1	.	8
chr5:132426892-132427124	proximal	LINC02863	.	2
chr5:132526794-132527208	distal	.	.	2
chr5:132585583-132585815	distal	.	.	10
chr5:132736828-132737811	proximal	KIF3A	.	6
chr5:132777193-132777457	distal	.	.	10
chr5:132866139-132866651	proximal	GDF9,UQCRQ	.	24
chr5:132866710-132867237	proximal	GDF9,UQCRQ	.	16
chr5:132909023-132909173	distal	.	.	8
chr5:132963250-132963857	proximal	AFF4,AFF4-DT	.	8
chr5:133051573-133052127	proximal	ENSG00000286408,HSPA4	.	16
chr5:133111349-133111521	distal	.	.	16
chr5:133152954-133153120	distal	.	.	2
chr5:133191844-133192097	distal	.	.	14
chr5:133646127-133646310	distal	.	.	20
chr5:133915028-133915178	distal	.	.	10
chr5:133944369-133944519	distal	.	.	10
chr5:134004315-134004955	proximal	ENSG00000271737,VDAC1	.	28
chr5:134089374-134089524	distal	.	.	4
chr5:134114545-134114751	proximal	TCF7	.	4
chr5:134146334-134146610	distal	.	.	8
chr5:134176773-134177639	proximal	SKP1	.	14
chr5:134226013-134226524	proximal	ENSG00000272772,PPP2CA,PPP2CA-DT	.	12
chr5:134341919-134342069	distal	.	.	2
chr5:134367110-134367512	distal	.	.	8
chr5:134371038-134371260	proximal	CDKL3,ENSG00000273345,UBE2B	.	36
chr5:134411837-134412318	proximal	CDKN2AIPNL	.	4
chr5:134465808-134465958	distal	.	.	4
chr5:134526620-134527733	distal	.	.	20
chr5:134586863-134587171	distal	.	.	14
chr5:134587307-134587466	distal	.	.	8
chr5:134632789-134633021	distal	.	.	4
chr5:134642367-134642563	distal	.	.	14
chr5:134721566-134721731	distal	.	.	4
chr5:134758450-134759296	proximal	DDX46	.	8
chr5:134797998-134798149	distal	.	.	2
chr5:134798460-134798610	distal	.	.	4
chr5:134820367-134820532	distal	.	.	2
chr5:134845741-134846114	proximal	C5orf24	.	4
chr5:134850551-134850781	distal	.	.	12
chr5:134873984-134874394	proximal	TXNDC15	.	6
chr5:134874501-134874853	proximal	TXNDC15	.	8
chr5:134875036-134875317	proximal	TXNDC15	.	4
chr5:134904465-134905301	proximal	PCBD2	.	24
chr5:134923970-134924126	distal	.	.	6
chr5:134925881-134926073	distal	.	.	8
chr5:135034148-135034845	proximal	ENSG00000277619,PITX1	.	24
chr5:135041132-135041282	distal	.	.	2
chr5:135179213-135179683	distal	.	.	6
chr5:135247045-135247236	distal	.	.	2
chr5:135265962-135266164	distal	.	.	4
chr5:135290288-135290608	distal	.	.	4
chr5:135304375-135304525	distal	.	.	12
chr5:135369946-135370096	distal	.	.	4
chr5:135535771-135536471	proximal	NEUROG1	.	8
chr5:135570265-135570549	distal	.	.	2
chr5:135641092-135641242	distal	.	.	2
chr5:135834568-135834718	distal	.	.	4
chr5:135930206-135930421	distal	.	.	8
chr5:135977465-135977676	distal	.	.	2
chr5:136073858-136074008	distal	.	.	2
chr5:136420530-136420753	distal	.	.	6
chr5:13755963-13756127	distal	.	.	2
chr5:137613494-137613709	distal	.	.	2
chr5:137823205-137823558	distal	.	.	2
chr5:137889252-137889514	proximal	PKD2L2-DT	.	2
chr5:137949443-137949687	distal	.	.	2
chr5:138008126-138008328	distal	.	.	14
chr5:138032975-138033394	proximal	FAM13B-AS1	.	4
chr5:138065450-138065720	distal	.	.	10
chr5:138077129-138077341	distal	.	.	8
chr5:138178563-138179208	proximal	BRD8,KIF20A	.	16
chr5:138184125-138184275	distal	.	.	2
chr5:138213041-138213810	proximal	CDC23	.	2
chr5:138213890-138214202	proximal	CDC23	.	4
chr5:138242453-138242641	distal	.	.	2
chr5:138331294-138332169	proximal	FAM53C	.	4
chr5:138337368-138338516	proximal	CDC25C	.	4
chr5:138352404-138353285	proximal	KDM3B	.	2
chr5:138353374-138353616	proximal	KDM3B	.	6
chr5:138370713-138370863	distal	.	.	4
chr5:138438885-138439358	proximal	REEP2	.	4
chr5:138440310-138440460	distal	.	.	8
chr5:138445950-138446115	distal	.	.	2
chr5:138450007-138450204	distal	.	.	2
chr5:138464645-138465189	proximal	EGR1,ENSG00000289267	.	24
chr5:138465309-138465719	proximal	EGR1,ENSG00000289267	.	20
chr5:138469748-138470360	distal	.	.	6
chr5:138610056-138610234	proximal	CTNNA1	.	8
chr5:138656880-138657067	distal	.	.	10
chr5:138725269-138725643	distal	.	.	6
chr5:138725900-138726066	distal	.	.	4
chr5:138752385-138752602	proximal	CTNNA1-AS1	.	4
chr5:138753018-138753203	proximal	CTNNA1-AS1	.	4
chr5:138835217-138835367	distal	.	.	8
chr5:138946274-138946562	distal	.	.	4
chr5:139128540-139128690	distal	.	.	8
chr5:139197933-139198597	distal	.	.	4
chr5:139273720-139274458	proximal	MATR3,SNHG4	.	16
chr5:139312159-139312389	distal	.	.	4
chr5:139403750-139404484	proximal	SPATA24	.	10
chr5:139501054-139501252	distal	.	.	4
chr5:139560876-139561839	distal	.	.	4
chr5:139625077-139625307	distal	.	.	2
chr5:139626053-139626203	distal	.	.	2
chr5:139648688-139648864	proximal	CXXC5-AS1	.	2
chr5:139734692-139734862	distal	.	.	2
chr5:139746214-139746414	distal	.	.	14
chr5:139765535-139766041	distal	.	.	2
chr5:139787482-139787793	distal	.	.	2
chr5:139795663-139795813	proximal	PSD2	.	2
chr5:139926271-139926656	distal	.	.	2
chr5:139955663-139955955	distal	.	.	2
chr5:140107336-140108173	proximal	PURA	.	8
chr5:14011755-14011958	proximal	DNAH5	.	8
chr5:140174874-140175256	proximal	CYSTM1	.	12
chr5:140175370-140175771	proximal	CYSTM1	.	10
chr5:140175846-140176071	proximal	CYSTM1	.	8
chr5:140194615-140194808	distal	.	.	4
chr5:140295438-140295646	distal	.	.	2
chr5:140329823-140330001	distal	.	.	2
chr5:140346009-140346202	proximal	HBEGF	.	6
chr5:140346547-140346915	proximal	HBEGF	.	2
chr5:140357569-140357971	proximal	ENSG00000253965	.	2
chr5:140556947-140557594	proximal	SRA1	.	2
chr5:140664370-140665080	proximal	WDR55	.	8
chr5:140700177-140700551	distal	.	.	12
chr5:140710432-140711576	distal	.	.	8
chr5:140718759-140719438	distal	.	.	4
chr5:140720119-140720269	distal	.	.	8
chr5:140725775-140726394	distal	.	.	8
chr5:141041201-141041452	proximal	ENSG00000288892	.	4
chr5:14131781-14131932	distal	.	.	4
chr5:141320569-141320911	proximal	ENSG00000288095,TAF7	.	8
chr5:14142899-14143495	proximal	TRIO	.	4
chr5:14157257-14157547	distal	.	.	4
chr5:141618672-141619378	proximal	DIAPH1,ENSG00000228737	.	16
chr5:141636537-141637280	proximal	HDAC3,RELL2	.	16
chr5:141637736-141637898	proximal	HDAC3,RELL2	.	12
chr5:141849989-141850303	distal	.	.	4
chr5:141857537-141857687	distal	.	.	4
chr5:141878123-141878523	proximal	PCDH1	.	10
chr5:141960840-141961054	distal	.	.	12
chr5:141968862-141969376	proximal	PCDH12	.	10
chr5:14197204-14197473	distal	.	.	2
chr5:142018606-142018756	distal	.	.	4
chr5:142089120-142089466	distal	.	.	8
chr5:142211493-142211656	distal	.	.	2
chr5:142324268-142324820	proximal	SPRY4-AS1	.	4
chr5:142367809-142367980	distal	.	.	2
chr5:142457904-142458054	distal	.	.	2
chr5:142458871-142459075	distal	.	.	8
chr5:142495957-142496107	distal	.	.	4
chr5:142508633-142508800	distal	.	.	2
chr5:142713463-142713678	distal	.	.	2
chr5:142769736-142770508	proximal	ARHGAP26	.	4
chr5:142771360-142771514	distal	.	.	2
chr5:142866897-142867290	distal	.	.	2
chr5:142937960-142938220	distal	.	.	2
chr5:143023693-143023881	distal	.	.	4
chr5:143220233-143220383	distal	.	.	2
chr5:143246019-143246365	distal	.	.	2
chr5:143403390-143404580	distal	.	.	2
chr5:143674010-143674160	distal	.	.	2
chr5:14581582-14581937	proximal	OTULINL	.	4
chr5:145834899-145835130	proximal	PRELID2	.	2
chr5:145860087-145860264	distal	.	.	4
chr5:146182166-146183016	proximal	LARS1	.	10
chr5:146422198-146422447	distal	.	.	4
chr5:14750796-14751009	distal	.	.	4
chr5:14871824-14872058	proximal	ANKH,ANKH-DT	.	4
chr5:148910785-148911055	distal	.	.	8
chr5:149015683-149015833	distal	.	.	2
chr5:149141033-149141253	proximal	ABLIM3	.	4
chr5:149168182-149168332	distal	.	.	8
chr5:149271684-149272592	proximal	AFAP1L1	.	6
chr5:149345297-149345766	proximal	ENSG00000285736,GRPEL2	.	8
chr5:149357550-149358140	proximal	GRPEL2-AS1,PCYOX1L	.	8
chr5:149389846-149390018	distal	.	.	4
chr5:149431167-149431317	distal	.	.	6
chr5:149442619-149442839	distal	.	.	2
chr5:149551317-149551719	proximal	ARHGEF37,CSNK1A1	.	8
chr5:149551865-149552063	proximal	ARHGEF37,CSNK1A1	.	20
chr5:149581038-149581458	distal	.	.	2
chr5:149730166-149730492	proximal	PPARGC1B	.	4
chr5:149828293-149828457	distal	.	.	4
chr5:149874976-149875164	distal	.	.	4
chr5:149948644-149948794	distal	.	.	4
chr5:149960395-149961229	proximal	SLC26A2	.	12
chr5:149975949-149976163	distal	.	.	4
chr5:149990874-149991029	distal	.	.	2
chr5:150000112-150000819	proximal	HMGXB3,TIGD6	.	12
chr5:150129476-150129792	distal	.	.	4
chr5:150161688-150161886	distal	.	.	4
chr5:150177793-150177983	distal	.	.	4
chr5:150245260-150245466	distal	.	.	2
chr5:150278960-150279110	distal	.	.	12
chr5:150357424-150358399	proximal	TCOF1	.	12
chr5:150369101-150369324	distal	.	.	2
chr5:150429079-150429251	distal	.	.	2
chr5:150449668-150449838	proximal	RPS14	.	8
chr5:150449939-150450185	proximal	RPS14	.	10
chr5:150458621-150459163	distal	.	.	2
chr5:150474272-150474574	distal	.	.	4
chr5:150542741-150542891	distal	.	.	2
chr5:150656322-150656801	distal	.	.	8
chr5:150700483-150700844	proximal	RBM22	.	6
chr5:150758510-150759173	proximal	DCTN4	.	12
chr5:150778440-150778711	proximal	SMIM3	.	4
chr5:150904593-150905371	proximal	ZNF300	.	6
chr5:150993094-150993358	distal	.	.	2
chr5:151020208-151020718	proximal	GPX3	.	4
chr5:151157687-151157913	proximal	ANXA6,ENSG00000254298	.	4
chr5:151164911-151165072	distal	.	.	2
chr5:151223585-151224186	proximal	CCDC69	.	4
chr5:151239148-151239490	distal	.	.	8
chr5:151447416-151447707	distal	.	.	4
chr5:151500825-151501085	distal	.	.	2
chr5:151686845-151686995	proximal	SPARC	.	4
chr5:151749331-151749543	distal	.	.	2
chr5:151780379-151780737	distal	.	.	4
chr5:151878801-151878951	distal	.	.	4
chr5:151899443-151899714	distal	.	.	4
chr5:1523877-1524383	proximal	LPCAT1	.	2
chr5:154038637-154039069	proximal	FAM114A2,MFAP3	.	8
chr5:154058418-154058590	distal	.	.	2
chr5:154159413-154159563	distal	.	.	4
chr5:154169829-154170023	distal	.	.	2
chr5:154352604-154352754	distal	.	.	4
chr5:154368161-154368311	distal	.	.	2
chr5:154405283-154405526	distal	.	.	4
chr5:154445528-154446284	proximal	SAP30L,SAP30L-AS1	.	4
chr5:154691271-154691491	distal	.	.	2
chr5:154754634-154755397	distal	.	.	10
chr5:154858057-154858714	proximal	CNOT8,FAXDC2	.	16
chr5:154922765-154923167	distal	.	.	2
chr5:154937718-154938535	proximal	GEMIN5	.	4
chr5:1554705-1554864	distal	.	.	8
chr5:157731245-157731868	proximal	THG1L	.	2
chr5:157743948-157744212	proximal	LSM11	.	2
chr5:158849329-158849564	distal	.	.	8
chr5:159094941-159095176	distal	.	.	8
chr5:159100143-159100808	proximal	EBF1,LINC02202	.	16
chr5:159133218-159133424	distal	.	.	12
chr5:159263148-159263369	proximal	ENSG00000288764,UBLCP1	.	16
chr5:159747578-159747728	distal	.	.	8
chr5:159841972-159842122	distal	.	.	2
chr5:159933564-159933714	distal	.	.	6
chr5:159955728-159955934	distal	.	.	4
chr5:160345220-160345610	proximal	CCNJL	.	4
chr5:160399746-160400240	proximal	ZBED8	.	4
chr5:160438437-160438604	proximal	MIR3142HG	.	2
chr5:160439217-160439490	proximal	MIR3142HG	.	2
chr5:1633825-1634499	proximal	ENSG00000291079	.	2
chr5:164119869-164120068	distal	.	.	2
chr5:164327025-164327513	distal	.	.	2
chr5:16712619-16712769	distal	.	.	2
chr5:168236289-168236476	distal	.	.	4
chr5:168486166-168486760	proximal	RARS1	.	4
chr5:168591612-168591927	distal	.	.	2
chr5:168600485-168600729	distal	.	.	4
chr5:168679565-168679807	distal	.	.	2
chr5:168746266-168746561	distal	.	.	2
chr5:168765638-168765972	distal	.	.	2
chr5:16885552-16885702	distal	.	.	2
chr5:169013978-169014190	proximal	SLIT3-AS1	.	4
chr5:169085245-169085492	distal	.	.	2
chr5:16935921-16936796	proximal	MYO10	.	2
chr5:169395854-169396004	distal	.	.	2
chr5:16964898-16965201	distal	.	.	2
chr5:170201179-170201329	distal	.	.	4
chr5:17038063-17038216	distal	.	.	2
chr5:170638717-170638984	distal	.	.	2
chr5:170657876-170658066	distal	.	.	2
chr5:170681269-170681458	proximal	KCNIP1-AS1	.	6
chr5:170760111-170760455	distal	.	.	2
chr5:170861719-170862657	proximal	RANBP17	.	4
chr5:171103069-171103265	distal	.	.	2
chr5:171184061-171184287	distal	.	.	2
chr5:171342453-171342683	distal	.	.	4
chr5:171418518-171418993	proximal	FGF18	.	2
chr5:171494746-171495026	distal	.	.	2
chr5:171630105-171630368	distal	.	.	2
chr5:171737707-171737857	proximal	ENSG00000285914	.	2
chr5:171907843-171908207	distal	.	.	2
chr5:171912221-171912394	distal	.	.	4
chr5:172002436-172002586	distal	.	.	14
chr5:172006180-172006368	proximal	ENSG00000288799,FBXW11	.	12
chr5:172075011-172075204	distal	.	.	2
chr5:172151878-172152099	distal	.	.	4
chr5:17216242-17216610	proximal	BASP1-AS1	.	4
chr5:17217381-17217600	proximal	BASP1-AS1	.	2
chr5:172187999-172188915	proximal	STK10	.	14
chr5:172283488-172284331	proximal	UBTD2	.	6
chr5:172397132-172397439	distal	.	.	2
chr5:172454097-172455132	proximal	SH3PXD2B	.	4
chr5:172462286-172462436	distal	.	.	4
chr5:172478961-172479253	proximal	ENSG00000287814	.	6
chr5:172641074-172641255	proximal	NEURL1B	.	4
chr5:172697506-172697822	proximal	ENSG00000253445	.	4
chr5:172765276-172765647	distal	.	.	2
chr5:172771079-172771862	proximal	DUSP1	.	6
chr5:172877960-172878261	distal	.	.	4
chr5:172943252-172943566	distal	.	.	12
chr5:173056089-173056407	proximal	CREBRF	.	2
chr5:173056805-173057680	proximal	CREBRF	.	4
chr5:173158305-173158746	distal	.	.	2
chr5:173235003-173235280	proximal	NKX2-5	.	2
chr5:173235436-173235671	proximal	NKX2-5	.	8
chr5:173283776-173284172	distal	.	.	4
chr5:173302556-173302725	distal	.	.	2
chr5:173315760-173315999	distal	.	.	4
chr5:173328265-173328659	proximal	STC2	.	2
chr5:173573170-173573376	distal	.	.	2
chr5:173597890-173598081	distal	.	.	2
chr5:173753414-173753866	distal	.	.	6
chr5:173764545-173764812	distal	.	.	4
chr5:173887645-173887981	proximal	CPEB4	.	6
chr5:173888074-173888403	proximal	CPEB4	.	6
chr5:173907716-173907997	distal	.	.	2
chr5:173917820-173918295	distal	.	.	6
chr5:173964508-173964658	distal	.	.	4
chr5:173973268-173973527	proximal	C5orf47	.	2
chr5:173973684-173973865	proximal	C5orf47	.	2
chr5:174109998-174110336	distal	.	.	2
chr5:174126396-174126558	distal	.	.	2
chr5:174371416-174371844	distal	.	.	2
chr5:174371941-174372123	distal	.	.	2
chr5:174384561-174384899	distal	.	.	6
chr5:174387000-174387150	distal	.	.	2
chr5:174419624-174419879	distal	.	.	2
chr5:174520420-174520994	distal	.	.	2
chr5:174532400-174533085	distal	.	.	4
chr5:174724391-174724897	proximal	MSX2	.	4
chr5:174793856-174794179	distal	.	.	2
chr5:174916659-174916855	distal	.	.	2
chr5:175289571-175289721	distal	.	.	2
chr5:175729903-175730169	distal	.	.	2
chr5:175871550-175871754	distal	.	.	2
chr5:175871827-175872029	distal	.	.	8
chr5:175963152-175963302	distal	.	.	4
chr5:176006087-176006393	distal	.	.	2
chr5:176068126-176068276	distal	.	.	8
chr5:176235224-176235408	distal	.	.	6
chr5:176336139-176336289	distal	.	.	2
chr5:176361489-176361923	proximal	KIAA1191	.	12
chr5:176365335-176365551	proximal	ARL10	.	4
chr5:176397727-176397896	distal	.	.	2
chr5:176415912-176416286	proximal	CLTB	.	6
chr5:176416435-176417012	proximal	CLTB	.	16
chr5:176447566-176448538	proximal	FAF2	.	8
chr5:176536523-176536782	distal	.	.	10
chr5:176536951-176538131	proximal	RNF44	.	2
chr5:176543115-176543629	proximal	CDHR2	.	18
chr5:176573901-176574299	distal	.	.	16
chr5:176591717-176592032	distal	.	.	16
chr5:176601391-176601581	distal	.	.	2
chr5:176610018-176610361	proximal	GPRIN1	.	8
chr5:176630492-176630676	proximal	EIF4E1B,SNCB	.	16
chr5:176647058-176647768	proximal	TSPAN17	.	4
chr5:176658107-176658270	distal	.	.	10
chr5:176693679-176693845	distal	.	.	2
chr5:176748775-176749157	distal	.	.	18
chr5:176837736-176837927	distal	.	.	4
chr5:176870130-176870286	distal	.	.	4
chr5:176928698-176928848	distal	.	.	4
chr5:176943587-176943737	distal	.	.	8
chr5:177005843-177007065	distal	.	.	14
chr5:177022382-177023150	proximal	UIMC1,ZNF346	.	12
chr5:177071865-177072064	distal	.	.	2
chr5:177111982-177112156	distal	.	.	2
chr5:177114025-177114199	distal	.	.	4
chr5:177133434-177134194	distal	.	.	4
chr5:177159672-177160026	distal	.	.	4
chr5:177303099-177303343	proximal	PRELID1,RAB24	.	4
chr5:177303491-177304008	proximal	PRELID1,RAB24	.	16
chr5:177309789-177310011	distal	.	.	20
chr5:177311806-177312547	proximal	MXD3	.	4
chr5:177351580-177352128	proximal	LMAN2	.	14
chr5:177359389-177359640	distal	.	.	10
chr5:177366751-177366901	distal	.	.	10
chr5:177367042-177367373	distal	.	.	2
chr5:177370618-177371143	distal	.	.	2
chr5:177403319-177403587	proximal	GRK6	.	6
chr5:177403772-177403981	proximal	GRK6	.	14
chr5:177434632-177434782	distal	.	.	10
chr5:177455012-177455582	distal	.	.	12
chr5:177456344-177456666	distal	.	.	4
chr5:177457671-177457878	distal	.	.	12
chr5:177472855-177473023	distal	.	.	2
chr5:177473579-177473829	proximal	DBN1	.	2
chr5:177491505-177491761	distal	.	.	12
chr5:177501009-177501167	distal	.	.	4
chr5:177516670-177517702	proximal	DDX41	.	14
chr5:177553864-177554231	proximal	FAM193B,FAM193B-DT	.	8
chr5:177554305-177554808	proximal	FAM193B,FAM193B-DT	.	32
chr5:177592004-177592549	proximal	TMED9	.	22
chr5:177599913-177600465	proximal	B4GALT7	.	8
chr5:177607557-177607735	distal	.	.	4
chr5:177672121-177672375	proximal	ENSG00000290968	.	8
chr5:177812992-177813142	distal	.	.	4
chr5:177836835-177837043	distal	.	.	10
chr5:177850912-177851064	distal	.	.	2
chr5:177996467-177996702	proximal	PROP1	.	4
chr5:177997584-177997734	distal	.	.	6
chr5:178062075-178062253	distal	.	.	4
chr5:178064343-178064493	distal	.	.	4
chr5:178113408-178113657	proximal	N4BP3	.	10
chr5:178118096-178118275	distal	.	.	16
chr5:178120900-178121239	distal	.	.	4
chr5:178130293-178131470	proximal	RMND5B	.	2
chr5:178153644-178154213	proximal	ENSG00000289726,NHP2	.	8
chr5:178164018-178164502	distal	.	.	12
chr5:178204058-178204630	proximal	ENSG00000289390,HNRNPAB	.	24
chr5:178205257-178205487	proximal	ENSG00000289390,HNRNPAB	.	28
chr5:178213995-178214317	distal	.	.	4
chr5:178232339-178232650	proximal	PHYKPL	.	18
chr5:178280032-178280216	distal	.	.	8
chr5:178315016-178315166	distal	.	.	12
chr5:178496292-178496442	distal	.	.	4
chr5:178585545-178585811	distal	.	.	8
chr5:178605753-178605956	distal	.	.	2
chr5:178619723-178620035	distal	.	.	6
chr5:178626537-178626737	distal	.	.	4
chr5:178859760-178860466	proximal	ZNF354B	.	4
chr5:179023598-179024168	proximal	ZNF879	.	6
chr5:179234331-179234481	distal	.	.	2
chr5:179437764-179437985	distal	.	.	4
chr5:179522272-179522483	distal	.	.	2
chr5:179550481-179551245	proximal	RUFY1	.	14
chr5:179559456-179560040	distal	.	.	8
chr5:179622808-179623075	distal	.	.	16
chr5:179668480-179668649	distal	.	.	2
chr5:179732429-179733033	proximal	MAML1	.	4
chr5:179733507-179733693	proximal	MAML1	.	4
chr5:179805974-179806156	proximal	MGAT4B,SQSTM1	.	8
chr5:179811284-179811485	distal	.	.	4
chr5:179821503-179821683	distal	.	.	6
chr5:179907888-179908096	proximal	TBC1D9B	.	4
chr5:179931567-179931729	distal	.	.	4
chr5:180071279-180071460	proximal	RNF130	.	2
chr5:180090228-180090777	distal	.	.	4
chr5:1801304-1801458	proximal	MRPL36,NDUFS6	.	24
chr5:180268730-180268884	distal	.	.	4
chr5:180315793-180316212	distal	.	.	6
chr5:180328540-180328908	distal	.	.	4
chr5:180353322-180353649	proximal	GFPT2	.	10
chr5:180457042-180457220	distal	.	.	4
chr5:180484454-180484927	distal	.	.	4
chr5:180493815-180494035	proximal	CNOT6	.	4
chr5:180606290-180606476	distal	.	.	6
chr5:180618913-180619123	distal	.	.	4
chr5:180646625-180646801	distal	.	.	4
chr5:180670690-180670840	distal	.	.	2
chr5:180700597-180700756	distal	.	.	2
chr5:180802289-180802450	distal	.	.	16
chr5:180809756-180811037	distal	.	.	2
chr5:180816996-180817169	distal	.	.	2
chr5:180860694-180860980	proximal	ZFP62	.	2
chr5:181045983-181046336	distal	.	.	2
chr5:181053080-181053418	distal	.	.	8
chr5:181160504-181160790	distal	.	.	2
chr5:181161023-181161701	distal	.	.	8
chr5:181188052-181188263	distal	.	.	2
chr5:181188835-181189359	distal	.	.	10
chr5:181191553-181192088	proximal	LINC01962,TRIM7-AS2	.	24
chr5:181206788-181207277	proximal	ENSG00000248514	.	4
chr5:181207496-181207975	distal	.	.	6
chr5:181218230-181218426	proximal	ENSG00000286644	.	4
chr5:181244141-181244482	distal	.	.	6
chr5:181246326-181246745	proximal	CTC-338M12.4	.	2
chr5:181261358-181261555	proximal	TRIM52,TRIM52-AS1	.	36
chr5:181261725-181262334	proximal	TRIM52,TRIM52-AS1	.	8
chr5:181384133-181384500	distal	.	.	4
chr5:181384561-181385097	distal	.	.	4
chr5:181385429-181385737	distal	.	.	2
chr5:1960580-1960730	distal	.	.	10
chr5:2038319-2038610	distal	.	.	10
chr5:217925-218459	proximal	CCDC127,ENSG00000260774,ENSG00000286001,SDHA	.	32
chr5:218860-219054	proximal	CCDC127,ENSG00000286001,SDHA	.	24
chr5:271065-271777	proximal	PDCD6,PDCD6-AHRR,PDCD6-DT	.	12
chr5:31929305-31929500	distal	.	.	2
chr5:32044579-32044729	distal	.	.	2
chr5:32174016-32174651	proximal	GOLPH3,GOLPH3-DT	.	4
chr5:32359497-32359689	distal	.	.	2
chr5:32444254-32444953	proximal	ZFR	.	4
chr5:32585333-32586274	distal	.	.	2
chr5:337655-337817	distal	.	.	8
chr5:34179490-34179795	distal	.	.	6
chr5:34192383-34192743	distal	.	.	4
chr5:34244667-34245041	proximal	ENSG00000286543,ENSG00000290548	.	4
chr5:34655916-34656483	proximal	RAI14	.	4
chr5:34656630-34657000	proximal	ENSG00000250234,RAI14	.	8
chr5:34684400-34684650	distal	.	.	4
chr5:34885378-34885528	distal	.	.	2
chr5:34915140-34915702	proximal	BRIX1	.	4
chr5:34929185-34930327	proximal	DNAJC21	.	4
chr5:35306915-35307065	distal	.	.	8
chr5:36151702-36152244	proximal	LMBRD2,SKP2	.	16
chr5:36233248-36233398	distal	.	.	2
chr5:36584601-36584898	distal	.	.	8
chr5:36690408-36690591	distal	.	.	8
chr5:36739788-36739938	distal	.	.	16
chr5:36794414-36794564	distal	.	.	8
chr5:36876489-36877075	proximal	NIPBL,NIPBL-DT	.	8
chr5:36877257-36877551	proximal	NIPBL,NIPBL-DT	.	16
chr5:36891086-36891278	distal	.	.	8
chr5:37090344-37090748	distal	.	.	2
chr5:37249024-37249725	proximal	CPLANE1,CPLANE1-AS1	.	16
chr5:37371012-37371543	proximal	NUP155	.	4
chr5:37743734-37743892	distal	.	.	4
chr5:38258252-38258631	proximal	EGFLAM	.	4
chr5:38532478-38532628	distal	.	.	2
chr5:38551521-38551680	distal	.	.	2
chr5:39074249-39075250	proximal	ENSG00000289196,RICTOR	.	8
chr5:39085870-39086020	distal	.	.	8
chr5:40797583-40798046	proximal	ENSG00000288911,PRKAA1	.	8
chr5:40798117-40798512	proximal	ENSG00000288911,PRKAA1	.	8
chr5:40804436-40804628	distal	.	.	4
chr5:40835202-40835745	proximal	RPL37	.	4
chr5:40966977-40967127	distal	.	.	2
chr5:41247893-41248043	distal	.	.	2
chr5:414167-414317	distal	.	.	2
chr5:42982042-42982253	distal	.	.	8
chr5:42994953-42995103	proximal	ENSG00000286656,ENSG00000289206	.	8
chr5:43019545-43019695	distal	.	.	8
chr5:43484227-43484522	proximal	ENSG00000249492,TMEM267	.	8
chr5:442910-443380	proximal	EXOC3,EXOC3-AS1	.	24
chr5:472704-472935	proximal	PP7080,SLC9A3-AS1	.	28
chr5:4943189-4943342	distal	.	.	4
chr5:49601947-49602233	distal	.	.	4
chr5:49616478-49616673	distal	.	.	2
chr5:49626693-49627139	distal	.	.	2
chr5:49630782-49631189	distal	.	.	2
chr5:49642161-49642484	distal	.	.	2
chr5:49643601-49643918	distal	.	.	4
chr5:49645874-49646248	distal	.	.	2
chr5:49657152-49657638	distal	.	.	2
chr5:49661368-49661590	distal	.	.	2
chr5:50280184-50280389	distal	.	.	2
chr5:52799894-52800724	proximal	PELO-AS1	.	4
chr5:53008839-53008989	distal	.	.	4
chr5:53560829-53561081	proximal	NDUFS4	.	4
chr5:5422020-5422755	proximal	ENSG00000286753	.	8
chr5:54310061-54311096	proximal	ARL15,ENSG00000288957	.	4
chr5:54517551-54517798	proximal	SNX18	.	2
chr5:54518238-54518446	proximal	SNX18	.	2
chr5:5480462-5480612	distal	.	.	4
chr5:55160989-55161167	proximal	GPX8	.	2
chr5:55172136-55172339	proximal	CDC20B	.	4
chr5:55173298-55173680	proximal	CDC20B	.	10
chr5:55193286-55193464	distal	.	.	8
chr5:55227153-55227635	proximal	MCIDAS	.	4
chr5:55233057-55233207	proximal	CCNO,CCNO-DT	.	4
chr5:55233447-55233835	proximal	CCNO,CCNO-DT	.	4
chr5:55307579-55308108	proximal	DHX29,MTREX	.	8
chr5:55424337-55424487	distal	.	.	4
chr5:55917940-55918090	distal	.	.	8
chr5:55994735-55995475	proximal	IL6ST,IL6ST-DT	.	8
chr5:56909167-56910084	proximal	SETD9	.	4
chr5:56910246-56910418	proximal	ENSG00000225230	.	4
chr5:57123161-57123405	distal	.	.	8
chr5:58460592-58461014	proximal	PLK2	.	2
chr5:58582667-58583105	proximal	RAB3C	.	2
chr5:58793994-58794175	distal	.	.	2
chr5:58886748-58886943	distal	.	.	4
chr5:59276007-59276228	distal	.	.	2
chr5:59317130-59317957	distal	.	.	2
chr5:59357739-59358038	distal	.	.	2
chr5:60700096-60700456	proximal	DEPDC1B,ENSG00000287434	.	16
chr5:60944994-60945284	proximal	ERCC8,NDUFAF2	.	8
chr5:61351904-61352057	distal	.	.	2
chr5:61408681-61409041	distal	.	.	10
chr5:61500711-61500937	distal	.	.	2
chr5:61723358-61723508	distal	.	.	2
chr5:628266-628658	distal	.	.	8
chr5:64181124-64181342	distal	.	.	4
chr5:644509-644694	distal	.	.	2
chr5:64595138-64595425	distal	.	.	2
chr5:64714525-64714931	distal	.	.	2
chr5:65510356-65510506	distal	.	.	8
chr5:65534803-65535104	distal	.	.	4
chr5:65562818-65563727	proximal	CENPK,PPWD1	.	16
chr5:65721720-65722814	proximal	NLN,SGTB	.	4
chr5:65722900-65723050	proximal	NLN,SGTB	.	8
chr5:65916804-65916973	distal	.	.	2
chr5:65925572-65926031	proximal	ERBIN-DT	.	8
chr5:65944514-65944703	distal	.	.	8
chr5:65984177-65984585	distal	.	.	2
chr5:66166430-66166629	distal	.	.	14
chr5:66208966-66209167	proximal	LINC02065	.	4
chr5:66302721-66303001	distal	.	.	6
chr5:6633263-6633723	proximal	NSUN2,SRD5A1	.	8
chr5:66607905-66608057	distal	.	.	4
chr5:6684606-6684813	distal	.	.	8
chr5:67004163-67004421	proximal	MAST4-AS1	.	4
chr5:681446-681597	distal	.	.	2
chr5:68192174-68192422	distal	.	.	4
chr5:68215167-68216136	proximal	PIK3R1	.	4
chr5:68288652-68288963	distal	.	.	4
chr5:68434304-68434454	proximal	ENSG00000248884	.	4
chr5:692786-693083	proximal	ENSG00000289088,TPPP	.	8
chr5:693296-693637	proximal	ENSG00000289088,TPPP	.	16
chr5:71684054-71684460	distal	.	.	8
chr5:72107395-72107675	proximal	ENSG00000285804,MAP1B	.	8
chr5:72320169-72320362	proximal	PTCD2	.	4
chr5:72525090-72525240	distal	.	.	2
chr5:72848001-72849024	distal	.	.	2
chr5:72955651-72956263	proximal	FCHO2,FCHO2-DT	.	4
chr5:72986905-72987055	distal	.	.	4
chr5:73030529-73030787	distal	.	.	2
chr5:73437552-73437841	distal	.	.	10
chr5:73447525-73448069	proximal	FOXD1	.	4
chr5:73448548-73448904	proximal	FOXD1	.	4
chr5:73519728-73519980	distal	.	.	4
chr5:73565321-73565902	proximal	ANKRA2,UTP15	.	8
chr5:74167517-74167887	distal	.	.	6
chr5:74381977-74382127	distal	.	.	4
chr5:745617-745867	distal	.	.	8
chr5:74640264-74640414	proximal	HEXB	.	2
chr5:74640836-74641367	proximal	ENC1	.	10
chr5:74767043-74767519	proximal	GFM2,NSA2	.	4
chr5:74799606-74799756	distal	.	.	6
chr5:74865855-74866201	proximal	FAM169A,FAM169A-AS1	.	4
chr5:74866286-74866521	proximal	FAM169A,FAM169A-AS1	.	16
chr5:74866923-74867073	proximal	FAM169A	.	8
chr5:75236819-75237324	proximal	ANKRD31	.	4
chr5:75336829-75337516	proximal	ENSG00000247372,HMGCR	.	8
chr5:75414146-75414323	distal	.	.	8
chr5:75510920-75511240	proximal	POLK	.	2
chr5:75717010-75717815	proximal	POC5	.	6
chr5:76084508-76084679	proximal	SV2C-AS1	.	4
chr5:76337978-76338259	distal	.	.	4
chr5:76542995-76543371	distal	.	.	4
chr5:77030073-77030525	proximal	ENSG00000285000	.	4
chr5:77086592-77087038	proximal	ENSG00000284762,ZBED3,ZBED3-AS1	.	12
chr5:77492179-77492678	distal	.	.	2
chr5:77630185-77630359	distal	.	.	6
chr5:77630466-77630627	distal	.	.	12
chr5:77636991-77637192	distal	.	.	2
chr5:77672106-77672256	distal	.	.	2
chr5:77776128-77776569	distal	.	.	4
chr5:77957895-77958508	proximal	ENSG00000287162	.	2
chr5:78065668-78065883	distal	.	.	2
chr5:78294222-78295388	proximal	AP3B1	.	6
chr5:783166-783483	distal	.	.	8
chr5:784687-784938	proximal	ENSG00000288930,ZDHHC11B	.	8
chr5:785021-785459	proximal	ENSG00000288930,ZDHHC11B	.	24
chr5:78648441-78649002	distal	.	.	2
chr5:78900179-78900342	distal	.	.	2
chr5:78984299-78984941	distal	.	.	2
chr5:79107724-79107969	distal	.	.	4
chr5:79133621-79133896	distal	.	.	8
chr5:79230632-79230782	distal	.	.	2
chr5:79256094-79256246	distal	.	.	2
chr5:79513902-79514743	proximal	HOMER1	.	14
chr5:79611802-79612757	proximal	TENT2	.	6
chr5:79784779-79784997	distal	.	.	8
chr5:79969035-79969531	distal	.	.	4
chr5:79978780-79978994	distal	.	.	4
chr5:79990702-79991586	proximal	MTX3,THBS4	.	8
chr5:80068274-80068489	distal	.	.	4
chr5:80487928-80488695	proximal	FAM151B,FAM151B-DT	.	12
chr5:80569911-80570430	proximal	ANKRD34B	.	8
chr5:80654260-80654425	proximal	DHFR,MSH3	.	8
chr5:80800286-80800436	distal	.	.	2
chr5:80902690-80902936	distal	.	.	2
chr5:81119858-81120089	distal	.	.	2
chr5:81166947-81167172	distal	.	.	8
chr5:81270071-81270455	distal	.	.	6
chr5:81750983-81751711	proximal	SSBP2	.	4
chr5:82387036-82387215	distal	.	.	4
chr5:83087176-83087500	distal	.	.	2
chr5:83474353-83474736	distal	.	.	2
chr5:87267366-87267967	proximal	RASA1	.	2
chr5:87268368-87268569	proximal	RASA1	.	2
chr5:87299508-87299658	distal	.	.	2
chr5:87944524-87944800	distal	.	.	2
chr5:88217353-88217503	distal	.	.	2
chr5:88505249-88505399	distal	.	.	2
chr5:89032773-89033058	distal	.	.	2
chr5:89171424-89171642	distal	.	.	2
chr5:892665-893524	proximal	BRD9,TRIP13	.	8
chr5:90474340-90475031	proximal	MBLAC2	.	4
chr5:90530041-90530316	proximal	ADGRV1,LYSMD3	.	4
chr5:90558322-90559110	distal	.	.	2
chr5:90604924-90605093	distal	.	.	8
chr5:90929346-90929793	distal	.	.	4
chr5:90940760-90941038	distal	.	.	6
chr5:91280182-91280764	proximal	ENSG00000234292,ENSG00000286638	.	8
chr5:91380053-91380796	proximal	ARRDC3-AS1	.	4
chr5:91383292-91383567	proximal	ARRDC3	.	8
chr5:91413430-91413580	distal	.	.	2
chr5:91421728-91422028	distal	.	.	2
chr5:91881452-91881737	distal	.	.	4
chr5:93035297-93035474	distal	.	.	2
chr5:93798105-93798265	distal	.	.	2
chr5:95029851-95030029	distal	.	.	2
chr5:95475840-95476041	distal	.	.	2
chr5:95539728-95539880	distal	.	.	2
chr5:95554635-95555256	proximal	ARSK,SKIC3	.	8
chr5:95622896-95623046	distal	.	.	8
chr5:95710079-95710229	distal	.	.	2
chr5:95711475-95711822	distal	.	.	2
chr5:95822184-95822367	proximal	GLRX	.	4
chr5:95824100-95824467	distal	.	.	2
chr5:95858779-95859035	distal	.	.	4
chr5:95900480-95900663	distal	.	.	8
chr5:95961654-95962450	proximal	ELL2,ENSG00000251314	.	20
chr5:96031875-96032179	distal	.	.	8
chr5:96569987-96570238	distal	.	.	2
chr5:96652262-96652421	distal	.	.	2
chr5:96662065-96662499	distal	.	.	4
chr5:96662837-96663036	distal	.	.	4
chr5:96934634-96935660	proximal	ENSG00000247121,LNPEP	.	8
chr5:96936344-96936552	proximal	ENSG00000247121	.	4
chr5:97192722-97193003	distal	.	.	8
chr5:99526555-99526705	distal	.	.	2
chr6:100099544-100099737	distal	.	.	2
chr6:100176664-100176938	distal	.	.	2
chr6:100177613-100177820	distal	.	.	2
chr6:100196627-100196822	distal	.	.	4
chr6:100464409-100464595	proximal	SIM1	.	4
chr6:100464841-100465191	proximal	SIM1	.	4
chr6:1028295-1028446	distal	.	.	2
chr6:10404005-10405096	proximal	TFAP2A-AS2	.	6
chr6:104922550-104922700	distal	.	.	8
chr6:104941210-104941660	proximal	ENSG00000290011,LIN28B-AS1	.	8
chr6:105179675-105179844	proximal	POPDC3	.	2
chr6:105402599-105403272	proximal	ENSG00000286084	.	2
chr6:105992496-105992715	proximal	PRDM1	.	4
chr6:106061028-106061183	distal	.	.	2
chr6:106085440-106085650	distal	.	.	4
chr6:106564990-106565158	distal	.	.	2
chr6:106739125-106739335	distal	.	.	4
chr6:10694494-10695204	proximal	C6orf52,PAK1IP1	.	12
chr6:107027897-107028600	proximal	MTRES1	.	8
chr6:1070339-1070499	distal	.	.	2
chr6:10722723-10723196	proximal	TMEM14C	.	4
chr6:107311002-107311152	distal	.	.	4
chr6:107489381-107490161	proximal	SOBP	.	16
chr6:107532204-107532361	distal	.	.	4
chr6:107590840-107590990	distal	.	.	8
chr6:107675311-107675649	distal	.	.	2
chr6:107848203-107848483	distal	.	.	2
chr6:107848628-107848778	distal	.	.	6
chr6:107957645-107957795	proximal	ENSG00000272476,SEC63	.	4
chr6:108005293-108005509	distal	.	.	2
chr6:108074648-108075239	distal	.	.	2
chr6:108133896-108134262	distal	.	.	2
chr6:108260690-108261452	proximal	ENSG00000286562,SNX3	.	12
chr6:108294569-108295217	proximal	AFG1L	.	4
chr6:10837780-10838724	proximal	MAK	.	6
chr6:108557991-108558280	proximal	ENSG00000287044	.	12
chr6:108558355-108558691	proximal	ENSG00000287044	.	4
chr6:108562084-108562234	distal	.	.	2
chr6:108589329-108589479	distal	.	.	10
chr6:108835350-108835579	distal	.	.	2
chr6:108848274-108848905	proximal	ARMC2	.	8
chr6:108945109-108945266	distal	.	.	8
chr6:109009442-109009731	distal	.	.	2
chr6:109094536-109095345	proximal	CEP57L1,SESN1	.	12
chr6:109095403-109095619	proximal	CEP57L1,SESN1	.	4
chr6:109129410-109129560	distal	.	.	8
chr6:109181312-109181462	distal	.	.	8
chr6:109353324-109353628	distal	.	.	2
chr6:109382047-109382874	proximal	CD164,ENSG00000260273	.	8
chr6:109382950-109383396	proximal	CD164,ENSG00000260273	.	8
chr6:109441102-109441501	proximal	PPIL6,SMPD2	.	4
chr6:109447777-109448075	distal	.	.	4
chr6:109455646-109455886	distal	.	.	8
chr6:109482980-109483728	proximal	ZBTB24,ZBTB24-DT	.	8
chr6:10954629-10954779	distal	.	.	4
chr6:109679556-109679751	distal	.	.	2
chr6:109690449-109690599	proximal	AK9,FIG4	.	16
chr6:109691071-109691587	proximal	AK9,FIG4	.	16
chr6:109713558-109713803	distal	.	.	2
chr6:109861418-109861599	distal	.	.	10
chr6:110065381-110065598	distal	.	.	2
chr6:110355177-110355327	distal	.	.	4
chr6:110357460-110357677	proximal	METTL24	.	2
chr6:110357755-110358294	proximal	METTL24	.	2
chr6:110403593-110403743	distal	.	.	2
chr6:11044151-11044573	proximal	ELOVL2,ELOVL2-AS1	.	24
chr6:110492678-110492861	distal	.	.	2
chr6:110495919-110496209	distal	.	.	2
chr6:110528161-110528328	distal	.	.	6
chr6:110563847-110563997	distal	.	.	8
chr6:110619360-110619510	distal	.	.	2
chr6:110781679-110781829	distal	.	.	4
chr6:110873944-110874188	proximal	AMD1	.	8
chr6:110874357-110874889	proximal	AMD1	.	4
chr6:11093568-11094269	proximal	SMIM13	.	4
chr6:110958441-110959060	proximal	GTF3C6	.	4
chr6:110981698-110982217	proximal	RPF2	.	4
chr6:111057417-111057577	distal	.	.	2
chr6:111066326-111066595	distal	.	.	4
chr6:111173412-111173657	distal	.	.	2
chr6:111252311-111252461	distal	.	.	2
chr6:111259022-111259421	proximal	MFSD4B,MFSD4B-DT	.	12
chr6:111300719-111300993	distal	.	.	4
chr6:111328276-111328457	distal	.	.	2
chr6:111406369-111406519	distal	.	.	2
chr6:111482777-111484246	proximal	REV3L,TRAF3IP2-AS1	.	8
chr6:111552230-111552730	distal	.	.	2
chr6:111591304-111591744	distal	.	.	2
chr6:111615362-111615537	distal	.	.	2
chr6:111872046-111872724	distal	.	.	10
chr6:111908434-111908938	proximal	LINC02527	.	8
chr6:111958004-111958165	distal	.	.	6
chr6:112087128-112087675	proximal	FAM229B,TUBE1	.	8
chr6:112180304-112180530	distal	.	.	2
chr6:112254410-112254670	proximal	LAMA4	.	4
chr6:112282208-112282459	distal	.	.	6
chr6:11232509-11232809	distal	.	.	10
chr6:112371710-112371860	distal	.	.	2
chr6:112372308-112372458	distal	.	.	6
chr6:112937504-112937702	distal	.	.	8
chr6:11299210-11299360	distal	.	.	4
chr6:113356879-113357060	distal	.	.	4
chr6:11370711-11370861	distal	.	.	2
chr6:113858918-113859366	distal	.	.	2
chr6:113957248-113957797	distal	.	.	2
chr6:113970255-113970450	proximal	HDAC2-AS2	.	4
chr6:113970787-113971573	distal	.	.	2
chr6:114023307-114023572	distal	.	.	4
chr6:114108193-114108343	distal	.	.	2
chr6:11427350-11427560	distal	.	.	4
chr6:114342882-114343214	proximal	HS3ST5	.	4
chr6:114459113-114459263	distal	.	.	4
chr6:11537286-11537926	proximal	TMEM170B	.	2
chr6:116254005-116254237	proximal	DSE,TSPYL4	.	8
chr6:116268617-116268826	distal	.	.	4
chr6:116370723-116371838	distal	.	.	4
chr6:116501230-116501600	distal	.	.	2
chr6:116511707-116511931	proximal	CALHM5	.	4
chr6:116610978-116611226	distal	.	.	4
chr6:116615883-116616533	proximal	RSPH4A	.	4
chr6:116616775-116616953	proximal	RSPH4A	.	6
chr6:116668313-116669137	proximal	ZUP1	.	4
chr6:116680759-116681818	proximal	KPNA5	.	10
chr6:116759078-116759228	distal	.	.	2
chr6:116774239-116774389	distal	.	.	8
chr6:116875013-116875163	distal	.	.	4
chr6:117265199-117265737	proximal	ENSG00000287253,VGLL2	.	4
chr6:117389279-117389429	distal	.	.	4
chr6:117482319-117482692	distal	.	.	8
chr6:117482834-117483126	distal	.	.	4
chr6:117601999-117602725	proximal	GOPC	.	2
chr6:117674943-117675753	proximal	ENSG00000289372,NUS1	.	8
chr6:117907014-117907680	proximal	SLC35F1	.	10
chr6:117907916-117908229	proximal	SLC35F1	.	4
chr6:11791297-11791447	distal	.	.	2
chr6:117919922-117920169	distal	.	.	8
chr6:117976148-117976307	distal	.	.	4
chr6:118623362-118623512	distal	.	.	2
chr6:118650984-118651963	distal	.	.	2
chr6:118659769-118659919	distal	.	.	2
chr6:118879864-118880014	distal	.	.	4
chr6:118893549-118893745	proximal	ASF1A	.	6
chr6:118893827-118894249	proximal	ASF1A	.	4
chr6:118894448-118894787	proximal	ASF1A	.	10
chr6:118900482-118900661	distal	.	.	4
chr6:118934421-118934912	proximal	ENSG00000253194,MCM9	.	8
chr6:119032621-119032820	distal	.	.	6
chr6:119136975-119137190	distal	.	.	2
chr6:119203578-119203728	distal	.	.	4
chr6:11921137-11921432	distal	.	.	2
chr6:119268604-119268754	distal	.	.	2
chr6:119278776-119278981	distal	.	.	2
chr6:11938566-11938919	distal	.	.	8
chr6:119436727-119436912	distal	.	.	2
chr6:119461057-119461251	distal	.	.	8
chr6:11947163-11947489	distal	.	.	2
chr6:11960170-11960386	distal	.	.	4
chr6:119742295-119742445	distal	.	.	2
chr6:120005529-120005679	distal	.	.	2
chr6:12008973-12009245	proximal	HIVEP1	.	8
chr6:12011240-12011726	distal	.	.	2
chr6:12052131-12052281	distal	.	.	2
chr6:121573588-121573738	distal	.	.	2
chr6:121593332-121593482	distal	.	.	2
chr6:122249998-122250148	distal	.	.	4
chr6:122300427-122300728	distal	.	.	4
chr6:122399274-122400067	proximal	HSF2	.	8
chr6:122400149-122400323	proximal	HSF2	.	4
chr6:122610220-122610956	distal	.	.	4
chr6:122696985-122697140	distal	.	.	4
chr6:122789201-122790341	proximal	SMPDL3A	.	4
chr6:122872254-122872404	distal	.	.	4
chr6:12290301-12290494	proximal	EDN1	.	2
chr6:122996108-122996369	proximal	CLVS2,ENSG00000285652	.	4
chr6:123091101-123091482	distal	.	.	4
chr6:123362194-123362344	distal	.	.	4
chr6:12355303-12355453	distal	.	.	2
chr6:123661645-123661974	distal	.	.	2
chr6:123738026-123738223	distal	.	.	2
chr6:124077057-124077324	distal	.	.	4
chr6:124823467-124823929	distal	.	.	8
chr6:124961944-124962349	proximal	RNF217	.	4
chr6:124962609-124963190	proximal	RNF217,RNF217-AS1	.	8
chr6:125024581-125024740	distal	.	.	4
chr6:125197871-125198176	distal	.	.	10
chr6:125301474-125302072	proximal	HDDC2	.	8
chr6:125363341-125363584	distal	.	.	4
chr6:125621631-125621962	distal	.	.	2
chr6:125780213-125780543	proximal	NCOA7	.	4
chr6:125790210-125790488	distal	.	.	4
chr6:125821810-125821965	distal	.	.	4
chr6:12594384-12594548	distal	.	.	6
chr6:125956590-125957387	proximal	HINT3	.	10
chr6:125986275-125987195	proximal	TRMT11	.	4
chr6:126339684-126340266	proximal	CENPW	.	2
chr6:126511342-126511670	distal	.	.	2
chr6:126746373-126746523	distal	.	.	2
chr6:127303510-127303660	distal	.	.	2
chr6:127343186-127343686	proximal	ECHDC1	.	8
chr6:127365359-127365509	distal	.	.	6
chr6:127515991-127516371	distal	.	.	2
chr6:127516781-127516931	distal	.	.	6
chr6:127593232-127593459	distal	.	.	2
chr6:127642056-127642206	distal	.	.	2
chr6:12869132-12869347	distal	.	.	4
chr6:12914109-12914259	distal	.	.	6
chr6:129501525-129501735	distal	.	.	2
chr6:129515138-129515288	distal	.	.	4
chr6:129588398-129588611	distal	.	.	2
chr6:129709941-129710489	proximal	ARHGAP18	.	8
chr6:129936546-129936731	distal	.	.	2
chr6:130018426-130018665	distal	.	.	2
chr6:130020185-130020434	distal	.	.	2
chr6:130121049-130121261	distal	.	.	2
chr6:130225174-130225324	distal	.	.	6
chr6:130269230-130269380	distal	.	.	2
chr6:130377006-130377156	distal	.	.	4
chr6:130625972-130626523	distal	.	.	2
chr6:130752103-130752253	distal	.	.	2
chr6:13081610-13081854	distal	.	.	6
chr6:131062932-131063554	proximal	EPB41L2	.	4
chr6:13118379-13118611	distal	.	.	4
chr6:131627916-131628518	proximal	ENPP3,MED23	.	4
chr6:131643325-131643475	distal	.	.	8
chr6:13175454-13175649	distal	.	.	4
chr6:131807416-131808072	proximal	ENPP1	.	6
chr6:131808149-131808330	proximal	ENPP1	.	6
chr6:131816126-131816487	distal	.	.	4
chr6:13188484-13188634	distal	.	.	4
chr6:132279611-132279800	distal	.	.	4
chr6:132400828-132401312	proximal	MOXD1	.	4
chr6:132401497-132401715	proximal	MOXD1	.	4
chr6:132798441-132798591	distal	.	.	4
chr6:132799795-132799945	distal	.	.	4
chr6:13294377-13294527	distal	.	.	2
chr6:133240439-133241133	proximal	EYA4	.	2
chr6:133241195-133241363	proximal	EYA4	.	4
chr6:13328153-13328974	proximal	ENSG00000289257,TBC1D7	.	4
chr6:133341978-133342177	distal	.	.	4
chr6:133568976-133569368	distal	.	.	2
chr6:1336703-1336853	distal	.	.	2
chr6:133952908-133953603	proximal	ENSG00000288529	.	2
chr6:134174835-134175107	distal	.	.	2
chr6:134178352-134178514	distal	.	.	2
chr6:134197476-134197639	distal	.	.	2
chr6:134298001-134298206	distal	.	.	2
chr6:13447030-13447180	distal	.	.	6
chr6:134607669-134608093	distal	.	.	4
chr6:134641051-134641429	distal	.	.	2
chr6:13487234-13488223	proximal	GFOD1	.	8
chr6:13488297-13488569	proximal	GFOD1	.	4
chr6:134908783-134909115	distal	.	.	4
chr6:135054339-135054555	proximal	ENSG00000232876	.	4
chr6:135054730-135055496	proximal	ENSG00000232876	.	6
chr6:135181138-135181331	proximal	MYB	.	6
chr6:13547695-13547845	distal	.	.	4
chr6:135497351-135497995	proximal	AHI1,AHI1-DT	.	8
chr6:135651630-135651780	distal	.	.	4
chr6:13574235-13575439	proximal	SIRT5	.	16
chr6:135820450-135820635	distal	.	.	8
chr6:135909835-135910111	distal	.	.	8
chr6:13594624-13594774	distal	.	.	12
chr6:13624922-13625072	distal	.	.	4
chr6:136289214-136289570	proximal	BCLAF1,ENSG00000289312	.	8
chr6:136289702-136290572	proximal	BCLAF1,ENSG00000289312	.	4
chr6:136341797-136341949	distal	.	.	4
chr6:136761571-136761722	distal	.	.	4
chr6:136792244-136792987	proximal	MAP3K5	.	4
chr6:13688560-13688887	distal	.	.	6
chr6:136921635-136922090	proximal	SLC35D3	.	8
chr6:136922333-136922693	proximal	SLC35D3	.	8
chr6:137076592-137076755	distal	.	.	4
chr6:137248850-137249000	distal	.	.	4
chr6:137309228-137309447	distal	.	.	2
chr6:137314170-137314555	distal	.	.	2
chr6:137510961-137511111	distal	.	.	4
chr6:137574433-137574583	distal	.	.	4
chr6:137616069-137616246	distal	.	.	2
chr6:137665177-137665728	distal	.	.	2
chr6:137705391-137705626	distal	.	.	2
chr6:137707989-137708152	distal	.	.	4
chr6:137905033-137905183	distal	.	.	2
chr6:138107365-138107583	proximal	PERP	.	4
chr6:138130497-138130647	distal	.	.	2
chr6:13813699-13814793	proximal	MCUR1	.	8
chr6:1381907-1382305	distal	.	.	8
chr6:138209295-138209457	distal	.	.	2
chr6:138329933-138330118	distal	.	.	2
chr6:138338475-138338625	distal	.	.	2
chr6:138403862-138404718	proximal	HEBP2	.	12
chr6:138415198-138415409	distal	.	.	10
chr6:138499330-138499670	distal	.	.	4
chr6:138591003-138591153	distal	.	.	2
chr6:138692337-138692492	proximal	NHSL1,NHSL1-AS1	.	12
chr6:138722721-138722931	distal	.	.	4
chr6:138773275-138773864	proximal	CCDC28A,CCDC28A-AS1	.	8
chr6:1388330-1388520	distal	.	.	2
chr6:13886746-13886927	distal	.	.	4
chr6:138876091-138876303	distal	.	.	4
chr6:1389350-1389765	proximal	FOXF2	.	4
chr6:139029437-139029774	proximal	ABRACL	.	4
chr6:139113035-139113231	distal	.	.	8
chr6:139134831-139135155	proximal	HECA	.	4
chr6:13924599-13925020	proximal	RNF182	.	4
chr6:139292049-139292331	proximal	TXLNB	.	4
chr6:139300913-139301117	distal	.	.	4
chr6:139764470-139764620	distal	.	.	4
chr6:14144704-14144935	distal	.	.	4
chr6:14210827-14211502	proximal	ENSG00000285639,ENSG00000286281	.	12
chr6:142301831-142302311	proximal	ADGRG6	.	4
chr6:142377223-142377566	distal	.	.	2
chr6:142409563-142409788	distal	.	.	2
chr6:142624775-142624989	distal	.	.	2
chr6:142723343-142723493	distal	.	.	4
chr6:142756751-142756901	distal	.	.	2
chr6:142845968-142846466	distal	.	.	12
chr6:142865597-142865747	distal	.	.	2
chr6:142945741-142945945	proximal	HIVEP2-DT	.	4
chr6:142946300-142946641	proximal	HIVEP2-DT	.	4
chr6:143060294-143060995	proximal	AIG1,LINC01277	.	4
chr6:143124896-143125065	distal	.	.	4
chr6:143204254-143204404	distal	.	.	2
chr6:143224259-143224446	distal	.	.	4
chr6:143294028-143294265	distal	.	.	2
chr6:143449826-143450230	proximal	ADAT2,PEX3	.	16
chr6:143450617-143451347	proximal	ADAT2,PEX3	.	4
chr6:143511245-143511486	proximal	FUCA2	.	4
chr6:143511634-143511817	proximal	FUCA2	.	12
chr6:143536568-143537943	proximal	PHACTR2	.	6
chr6:143678110-143678502	distal	.	.	10
chr6:143814052-143814289	distal	.	.	4
chr6:143982625-143982775	distal	.	.	2
chr6:143983107-143983257	distal	.	.	2
chr6:144057444-144057612	distal	.	.	2
chr6:144063381-144063552	distal	.	.	2
chr6:144063659-144063862	proximal	PLAGL1	.	2
chr6:144063986-144064222	proximal	PLAGL1	.	4
chr6:144133411-144133561	distal	.	.	2
chr6:144170844-144171191	distal	.	.	4
chr6:144216199-144216846	distal	.	.	4
chr6:144284931-144285400	proximal	UTRN	.	4
chr6:144286073-144286635	distal	.	.	2
chr6:144439690-144439840	distal	.	.	4
chr6:144482092-144482464	distal	.	.	2
chr6:144534423-144534618	distal	.	.	2
chr6:144559999-144560204	distal	.	.	2
chr6:144661366-144661718	distal	.	.	8
chr6:144977187-144977536	distal	.	.	2
chr6:146145753-146145903	distal	.	.	2
chr6:146451899-146452084	distal	.	.	2
chr6:148065491-148065690	distal	.	.	2
chr6:148342279-148342891	distal	.	.	4
chr6:148640707-148640909	distal	.	.	2
chr6:148747554-148748115	proximal	UST	.	4
chr6:148947990-148948206	distal	.	.	2
chr6:149033000-149033150	proximal	UST-AS2	.	4
chr6:149279156-149279367	distal	.	.	2
chr6:149301138-149301423	distal	.	.	10
chr6:149423476-149423885	distal	.	.	2
chr6:149517633-149517783	distal	.	.	2
chr6:149546500-149546817	proximal	PPIL4	.	2
chr6:149565998-149566827	proximal	GINM1	.	22
chr6:149594131-149594299	distal	.	.	16
chr6:149668646-149668818	distal	.	.	2
chr6:149693067-149693217	distal	.	.	4
chr6:149717557-149718483	proximal	ENSG00000278899,LATS1	.	20
chr6:149723936-149724133	distal	.	.	6
chr6:149746470-149746723	distal	.	.	6
chr6:149792010-149792160	distal	.	.	2
chr6:149863790-149864176	proximal	LRP11,RAET1E-AS1	.	8
chr6:149864266-149864550	proximal	LRP11,RAET1E-AS1	.	8
chr6:149913476-149913716	distal	.	.	2
chr6:149923020-149923298	proximal	RAET1G	.	4
chr6:149926211-149926463	distal	.	.	12
chr6:149941785-149942634	proximal	ULBP2	.	18
chr6:149963743-149964104	proximal	ULBP1	.	4
chr6:149983331-149983481	distal	.	.	2
chr6:149990176-149990381	distal	.	.	10
chr6:150004708-150004964	proximal	RAET1K	.	14
chr6:150005041-150005409	proximal	RAET1K	.	4
chr6:150016780-150016930	distal	.	.	4
chr6:150027597-150027940	distal	.	.	6
chr6:150070966-150071118	distal	.	.	10
chr6:150080758-150080936	distal	.	.	4
chr6:150151945-150152108	distal	.	.	2
chr6:150197605-150197878	distal	.	.	4
chr6:150418329-150418479	distal	.	.	12
chr6:150419124-150419291	distal	.	.	10
chr6:15043059-15043254	distal	.	.	2
chr6:150528541-150528952	distal	.	.	2
chr6:150582414-150582564	distal	.	.	6
chr6:150600521-150600977	proximal	ENSG00000232891,PLEKHG1	.	12
chr6:150662297-150662640	distal	.	.	6
chr6:150668532-150668706	distal	.	.	2
chr6:150719435-150719789	distal	.	.	10
chr6:150779333-150779483	distal	.	.	4
chr6:150865512-150865984	proximal	MTHFD1L	.	4
chr6:150866213-150866585	proximal	MTHFD1L	.	12
chr6:150872416-150872566	distal	.	.	8
chr6:150997224-150997374	distal	.	.	6
chr6:151045049-151045424	distal	.	.	8
chr6:151240350-151240586	proximal	AKAP12	.	4
chr6:151240970-151241464	distal	.	.	6
chr6:151390932-151391372	proximal	ZBTB2	.	4
chr6:151451948-151452620	proximal	ARMT1,RMND1	.	8
chr6:15147925-15148303	distal	.	.	4
chr6:151552815-151553048	distal	.	.	2
chr6:151675707-151676213	distal	.	.	2
chr6:152301760-152302363	distal	.	.	2
chr6:15255273-15255468	distal	.	.	4
chr6:152984221-152984404	proximal	ENSG00000227627,FBXO5	.	8
chr6:153094095-153094245	distal	.	.	8
chr6:153231158-153231308	proximal	ENSG00000213121	.	4
chr6:153979176-153979537	distal	.	.	4
chr6:15400029-15400417	distal	.	.	4
chr6:15400744-15400946	distal	.	.	4
chr6:154342425-154342632	distal	.	.	2
chr6:154593165-154593625	distal	.	.	2
chr6:154695255-154695588	distal	.	.	4
chr6:15491491-15491660	distal	.	.	6
chr6:155174600-155174750	distal	.	.	2
chr6:15523231-15523435	distal	.	.	2
chr6:155278684-155278834	distal	.	.	2
chr6:15531187-15531342	distal	.	.	2
chr6:155381972-155382224	proximal	ENSG00000232529	.	4
chr6:155974143-155974296	distal	.	.	2
chr6:15604425-15604575	distal	.	.	4
chr6:156337616-156337766	distal	.	.	2
chr6:156541307-156541590	distal	.	.	4
chr6:15662279-15663220	proximal	DTNBP1	.	20
chr6:156687683-156688254	distal	.	.	2
chr6:156752669-156752820	distal	.	.	2
chr6:156777117-156777306	distal	.	.	2
chr6:156933187-156933456	distal	.	.	2
chr6:157021259-157021882	distal	.	.	2
chr6:157022015-157022413	distal	.	.	10
chr6:157323118-157323904	proximal	TMEM242,TMEM242-DT	.	8
chr6:157756757-157756971	distal	.	.	8
chr6:15785191-15785392	distal	.	.	2
chr6:157873818-157873973	distal	.	.	8
chr6:157953384-157953624	distal	.	.	4
chr6:157981454-157981883	proximal	SYNJ2	.	4
chr6:157989804-157990302	distal	.	.	4
chr6:158026259-158026752	distal	.	.	8
chr6:158031398-158031775	distal	.	.	8
chr6:158040324-158040530	distal	.	.	2
chr6:158040604-158040787	distal	.	.	4
chr6:158167830-158168967	proximal	GTF2H5,SERAC1	.	16
chr6:158231643-158232472	proximal	TULP4	.	2
chr6:158254012-158254326	distal	.	.	10
chr6:158552268-158552551	distal	.	.	2
chr6:158568248-158568398	distal	.	.	2
chr6:158704268-158704454	distal	.	.	2
chr6:158767053-158767203	distal	.	.	2
chr6:158818280-158819053	proximal	EZR,EZR-AS1	.	12
chr6:158852633-158852839	proximal	ENSG00000285159	.	4
chr6:158853202-158853602	proximal	ENSG00000285159	.	2
chr6:158869177-158870301	proximal	LINC02901	.	8
chr6:159104159-159104350	distal	.	.	2
chr6:159134783-159134985	distal	.	.	4
chr6:159141058-159141229	distal	.	.	2
chr6:15949380-15949530	distal	.	.	8
chr6:159693237-159693875	distal	.	.	4
chr6:1597011-1597250	distal	.	.	2
chr6:159711521-159711988	distal	.	.	4
chr6:159726885-159727876	distal	.	.	2
chr6:1597370-1597639	distal	.	.	4
chr6:159863621-159863854	distal	.	.	2
chr6:159968823-159969084	proximal	IGF2R	.	4
chr6:159979312-159979493	distal	.	.	2
chr6:159997118-159997477	distal	.	.	2
chr6:160024023-160024243	distal	.	.	2
chr6:160244121-160244281	distal	.	.	2
chr6:1609338-1609592	proximal	FOXC1	.	4
chr6:161273332-161273656	proximal	AGPAT4	.	2
chr6:161273788-161274280	proximal	AGPAT4	.	6
chr6:161286892-161287096	distal	.	.	4
chr6:161586852-161587299	distal	.	.	6
chr6:161656082-161656232	distal	.	.	4
chr6:161703455-161703668	distal	.	.	4
chr6:161891507-161891855	distal	.	.	2
chr6:16206687-16206837	distal	.	.	2
chr6:16222907-16223174	distal	.	.	2
chr6:162727355-162728109	proximal	PACRG,PRKN	.	8
chr6:16277384-16277581	distal	.	.	2
chr6:16285807-16285996	distal	.	.	6
chr6:16286208-16286391	distal	.	.	12
chr6:16320063-16320285	distal	.	.	2
chr6:163295916-163296066	distal	.	.	2
chr6:163414562-163414972	proximal	CAHM,QKI	.	8
chr6:163716193-163716343	distal	.	.	2
chr6:164405945-164406133	distal	.	.	2
chr6:164710317-164710487	distal	.	.	2
chr6:16491161-16491424	distal	.	.	12
chr6:16547956-16548173	distal	.	.	4
chr6:165662252-165662448	distal	.	.	8
chr6:165674362-165674724	distal	.	.	4
chr6:166097588-166097905	proximal	ENSG00000287824	.	4
chr6:166309346-166309496	proximal	ENSG00000287189,PRR18	.	8
chr6:16632640-16632790	distal	.	.	2
chr6:166573642-166573792	distal	.	.	2
chr6:16712552-16712779	distal	.	.	8
chr6:16722119-16722292	distal	.	.	2
chr6:167267166-167267331	distal	.	.	8
chr6:167355906-167356097	distal	.	.	2
chr6:167589903-167590110	distal	.	.	2
chr6:16761277-16762048	proximal	ATXN1,ATXN1-AS1	.	20
chr6:167827114-167827377	proximal	AFDN,AFDN-DT	.	8
chr6:167827565-167827950	proximal	AFDN,AFDN-DT	.	8
chr6:167847146-167847296	distal	.	.	8
chr6:167966340-167966520	distal	.	.	2
chr6:16803800-16804142	distal	.	.	8
chr6:16849384-16849827	distal	.	.	4
chr6:169380406-169380561	distal	.	.	12
chr6:16964853-16965347	distal	.	.	2
chr6:169701767-169702694	proximal	C6orf120,ENSG00000285733,WDR27	.	12
chr6:170036962-170037198	distal	.	.	2
chr6:170108712-170108862	distal	.	.	10
chr6:170553207-170553507	proximal	PSMB1,TBP	.	8
chr6:1709179-1709349	distal	.	.	4
chr6:17098704-17098854	distal	.	.	2
chr6:17232984-17233134	distal	.	.	4
chr6:17281392-17281840	proximal	ENSG00000287559,ENSG00000288812,RBM24	.	12
chr6:17393561-17394080	proximal	CAP2	.	8
chr6:17433002-17433210	distal	.	.	2
chr6:17472524-17473014	distal	.	.	4
chr6:17484317-17484660	distal	.	.	2
chr6:17600106-17600773	proximal	ENSG00000286885,FAM8A1	.	28
chr6:17641223-17641538	distal	.	.	2
chr6:17721606-17721768	distal	.	.	2
chr6:17777416-17777575	distal	.	.	2
chr6:17784028-17784178	distal	.	.	4
chr6:17973875-17974174	distal	.	.	2
chr6:18058017-18058167	distal	.	.	8
chr6:1809251-1809490	distal	.	.	2
chr6:18264048-18265028	proximal	DEK	.	8
chr6:18434572-18434825	distal	.	.	8
chr6:18488322-18488547	distal	.	.	4
chr6:1850126-1850276	distal	.	.	2
chr6:1885069-1885219	distal	.	.	2
chr6:1893910-1894060	distal	.	.	2
chr6:1914133-1914283	distal	.	.	8
chr6:19804637-19805214	distal	.	.	2
chr6:19851611-19852136	distal	.	.	10
chr6:19904542-19904692	distal	.	.	2
chr6:20205969-20206157	distal	.	.	2
chr6:20212353-20212972	proximal	ENSG00000227803,MBOAT1	.	8
chr6:2030968-2031118	distal	.	.	4
chr6:20403397-20403780	distal	.	.	2
chr6:2089664-2089908	distal	.	.	2
chr6:20918268-20918418	distal	.	.	2
chr6:2109075-2109286	distal	.	.	4
chr6:21348286-21348810	distal	.	.	2
chr6:21588551-21589177	distal	.	.	6
chr6:21594956-21595106	proximal	ENSG00000283480	.	4
chr6:21629567-21629717	distal	.	.	2
chr6:21800993-21801172	distal	.	.	2
chr6:2202038-2202188	distal	.	.	2
chr6:22217406-22217581	distal	.	.	4
chr6:2245276-2245897	proximal	GMDS,GMDS-DT	.	16
chr6:2268080-2268296	distal	.	.	4
chr6:229316-229575	distal	.	.	2
chr6:2320516-2320807	distal	.	.	4
chr6:24319586-24319771	distal	.	.	8
chr6:24341694-24341844	distal	.	.	4
chr6:24357914-24358064	proximal	DCDC2	.	4
chr6:24494843-24495001	proximal	ALDH5A1,GPLD1	.	4
chr6:24495117-24495522	proximal	ALDH5A1,GPLD1	.	4
chr6:2450242-2450440	distal	.	.	4
chr6:24521029-24521212	distal	.	.	6
chr6:2454240-2454390	distal	.	.	4
chr6:24584404-24584647	distal	.	.	2
chr6:24645610-24646254	proximal	KIAA0319	.	8
chr6:24666437-24667474	proximal	ACOT13,TDP2	.	16
chr6:24720180-24720439	proximal	C6orf62,ENSG00000288851	.	8
chr6:24809824-24810018	proximal	ENSG00000282804	.	4
chr6:24925404-24925754	distal	.	.	10
chr6:25070785-25070996	distal	.	.	2
chr6:25315415-25315596	distal	.	.	2
chr6:25418820-25418970	distal	.	.	8
chr6:25547888-25548110	distal	.	.	4
chr6:25556505-25556938	distal	.	.	12
chr6:25586696-25586893	distal	.	.	8
chr6:2567963-2568113	distal	.	.	4
chr6:25780248-25780398	distal	.	.	2
chr6:25786702-25786867	distal	.	.	12
chr6:25788560-25788772	distal	.	.	2
chr6:2579653-2579803	distal	.	.	8
chr6:25843359-25843513	distal	.	.	8
chr6:25925717-25925867	distal	.	.	2
chr6:25939711-25939890	distal	.	.	4
chr6:25962191-25962511	proximal	TRIM38	.	6
chr6:25991852-25992223	proximal	LINC02980	.	4
chr6:25992490-25993096	proximal	LINC02980	.	10
chr6:26000611-26000854	distal	.	.	16
chr6:26020323-26020616	proximal	H3C1	.	2
chr6:26021380-26021881	proximal	H4C1	.	12
chr6:26026866-26027280	proximal	H4C2	.	16
chr6:26031931-26032277	proximal	H3C2	.	2
chr6:26055121-26055923	proximal	H1-2	.	12
chr6:26056306-26056606	proximal	H1-2	.	14
chr6:26066228-26066392	distal	.	.	4
chr6:26103639-26104328	proximal	H4C3	.	6
chr6:26104396-26104573	proximal	H4C3	.	2
chr6:26123029-26123449	proximal	H2AC6,H2BC4	.	8
chr6:26123703-26124401	proximal	H2AC6,H2BC4	.	24
chr6:26157829-26158393	proximal	ENSG00000289117,H2BC5	.	24
chr6:26166190-26166340	distal	.	.	4
chr6:26171807-26172239	proximal	ENSG00000283064,H2BC6	.	28
chr6:26188401-26188607	proximal	H4C4	.	2
chr6:26188682-26189300	proximal	H4C4	.	12
chr6:26199055-26199600	proximal	ENSG00000282988,H2AC7,H2BC7	.	36
chr6:26204410-26204952	proximal	H4C5	.	16
chr6:26205363-26205535	proximal	H4C5	.	6
chr6:26223287-26223628	proximal	H3C6	.	6
chr6:26224004-26224429	proximal	H3C6	.	10
chr6:26234709-26235067	proximal	H1-3	.	2
chr6:26250204-26250467	proximal	H3C7	.	12
chr6:26285273-26285746	proximal	ENSG00000289447,H4C8	.	4
chr6:26285804-26285954	proximal	ENSG00000289447,H4C8	.	8
chr6:26305155-26305574	distal	.	.	12
chr6:26311719-26311869	distal	.	.	10
chr6:26312960-26313276	distal	.	.	10
chr6:26322083-26323164	distal	.	.	2
chr6:26330282-26330469	distal	.	.	8
chr6:26331338-26331571	proximal	ENSG00000287050	.	2
chr6:26341504-26342121	distal	.	.	18
chr6:2634210-2634782	proximal	LINC01600	.	8
chr6:26365054-26365599	proximal	BTN3A2	.	10
chr6:26382924-26383505	proximal	BTN2A2	.	6
chr6:26402100-26402278	proximal	BTN3A1	.	8
chr6:26402407-26402595	proximal	BTN3A1	.	6
chr6:26420631-26421003	proximal	BTN2A3P	.	8
chr6:26421243-26421499	proximal	BTN2A3P	.	4
chr6:26457764-26458046	proximal	BTN2A1	.	16
chr6:26473845-26474069	proximal	ENSG00000290055	.	16
chr6:26474142-26474358	proximal	ENSG00000290055	.	6
chr6:26520501-26520651	distal	.	.	8
chr6:26520770-26521327	proximal	HCG11	.	14
chr6:26521465-26521901	proximal	HCG11	.	10
chr6:26521975-26522132	proximal	HCG11	.	8
chr6:26532837-26533047	distal	.	.	8
chr6:26537317-26537759	proximal	HMGN4	.	20
chr6:26538249-26538691	proximal	HMGN4	.	8
chr6:26544091-26544253	distal	.	.	4
chr6:26553398-26553615	distal	.	.	4
chr6:26554059-26554270	distal	.	.	16
chr6:26555222-26555417	distal	.	.	16
chr6:26556501-26556937	distal	.	.	28
chr6:26568761-26568940	proximal	ENSG00000284607	.	4
chr6:26569158-26569335	proximal	ENSG00000284607	.	2
chr6:26571696-26572140	distal	.	.	10
chr6:26572421-26572838	distal	.	.	28
chr6:26577546-26577714	distal	.	.	10
chr6:26595657-26596214	distal	.	.	10
chr6:26596647-26597249	proximal	ABT1	.	20
chr6:26607489-26607659	distal	.	.	12
chr6:26659472-26660174	proximal	ZNF322	.	28
chr6:26743139-26743332	distal	.	.	32
chr6:26743411-26743826	distal	.	.	20
chr6:26755412-26755604	distal	.	.	8
chr6:26756037-26756361	distal	.	.	12
chr6:26863569-26863825	distal	.	.	10
chr6:26956157-26957163	proximal	GUSBP2,LINC00240	.	24
chr6:27019669-27020088	proximal	ENSG00000287966	.	14
chr6:27020189-27020483	proximal	ENSG00000287966	.	22
chr6:27078739-27079228	distal	.	.	12
chr6:27091666-27092074	distal	.	.	6
chr6:27127135-27127459	distal	.	.	10
chr6:27131911-27132070	proximal	H2BC11	.	20
chr6:27132536-27133187	proximal	H2AC11,H2BC11	.	4
chr6:27145763-27146271	proximal	H2BC12	.	8
chr6:27146599-27147390	proximal	H2AC12,H2BC12	.	64
chr6:27157807-27158226	distal	.	.	4
chr6:27177732-27178351	proximal	ENSG00000290009	.	22
chr6:27188395-27188804	distal	.	.	2
chr6:27188908-27189094	distal	.	.	8
chr6:27196162-27196312	distal	.	.	2
chr6:27209342-27209492	distal	.	.	4
chr6:27213523-27214018	distal	.	.	12
chr6:27214335-27214507	distal	.	.	6
chr6:27214757-27214944	distal	.	.	22
chr6:27215115-27215329	distal	.	.	4
chr6:27229752-27230175	distal	.	.	12
chr6:27230233-27230619	distal	.	.	2
chr6:27235572-27235731	distal	.	.	14
chr6:27250953-27251996	distal	.	.	16
chr6:27280222-27280380	distal	.	.	4
chr6:27296351-27296656	distal	.	.	8
chr6:27297971-27298140	distal	.	.	14
chr6:27312241-27312974	proximal	POM121L2	.	16
chr6:27332980-27333147	distal	.	.	10
chr6:27334697-27335181	distal	.	.	4
chr6:27365877-27366027	distal	.	.	12
chr6:27375161-27375445	proximal	ENSG00000291112,ZNF391	.	32
chr6:27389180-27389432	distal	.	.	6
chr6:27472141-27473264	proximal	ENSG00000286652,ZNF184	.	36
chr6:27478767-27479159	distal	.	.	8
chr6:27479272-27479806	distal	.	.	10
chr6:27495461-27495879	distal	.	.	14
chr6:27502700-27502929	distal	.	.	12
chr6:27503002-27503290	distal	.	.	4
chr6:27547228-27547450	distal	.	.	12
chr6:27548629-27548798	distal	.	.	18
chr6:27553126-27553689	distal	.	.	16
chr6:27592486-27592941	distal	.	.	4
chr6:27601991-27602737	distal	.	.	10
chr6:27605590-27605809	distal	.	.	4
chr6:27609201-27609359	distal	.	.	4
chr6:27617269-27617592	distal	.	.	14
chr6:27618213-27618591	distal	.	.	12
chr6:27630924-27631121	distal	.	.	8
chr6:27650618-27651064	distal	.	.	22
chr6:27651369-27651710	distal	.	.	18
chr6:2765795-2766009	proximal	WRNIP1	.	2
chr6:27671963-27672508	distal	.	.	2
chr6:27687514-27687772	distal	.	.	4
chr6:27688126-27688395	distal	.	.	26
chr6:27693622-27694514	proximal	LINC01012	.	10
chr6:27752302-27752571	distal	.	.	6
chr6:27752724-27752907	distal	.	.	12
chr6:27753089-27753562	distal	.	.	8
chr6:27772318-27772760	distal	.	.	20
chr6:27785323-27785473	distal	.	.	4
chr6:27791285-27791472	distal	.	.	4
chr6:27792101-27792573	distal	.	.	16
chr6:27795841-27796105	distal	.	.	8
chr6:27807160-27807337	proximal	H2AC13,H2BC13	.	8
chr6:27807552-27807702	proximal	H2AC13,H2BC13	.	20
chr6:27807862-27808257	proximal	H2AC13,H2BC13	.	8
chr6:27809902-27810442	proximal	H3C10	.	20
chr6:27823943-27824097	proximal	H4C11	.	12
chr6:27837064-27837227	distal	.	.	4
chr6:27837947-27838666	proximal	H2AC15,H2BC15	.	8
chr6:27865213-27865440	proximal	H2AC16	.	4
chr6:27892898-27893545	proximal	H2AC17,H2BC17,H3C12	.	60
chr6:27893610-27893941	proximal	H2AC17,H2BC17,H3C12	.	18
chr6:27894441-27894601	distal	.	.	6
chr6:27902701-27903407	distal	.	.	10
chr6:2791308-2791592	distal	.	.	2
chr6:2797095-2797343	distal	.	.	2
chr6:28080348-28081003	proximal	ENSG00000272009,ZNF165	.	44
chr6:28081528-28081678	proximal	ENSG00000272009	.	4
chr6:28104418-28104811	distal	.	.	12
chr6:28104902-28105198	distal	.	.	4
chr6:28124433-28125103	distal	.	.	16
chr6:28134069-28134274	distal	.	.	4
chr6:28136753-28136955	proximal	ENSG00000261839,ZSCAN16-AS1	.	24
chr6:28137285-28137553	proximal	ENSG00000261839,ZSCAN16-AS1	.	12
chr6:28161574-28161874	proximal	ZKSCAN8P1	.	10
chr6:28212243-28212407	distal	.	.	10
chr6:28212490-28213161	distal	.	.	2
chr6:28218594-28219111	distal	.	.	2
chr6:28225138-28225696	proximal	ZSCAN9	.	10
chr6:28252225-28252441	proximal	ZKSCAN4	.	8
chr6:28266912-28267394	proximal	ENSG00000276302,ZSCAN26	.	16
chr6:28267477-28267690	proximal	ENSG00000276302,ZSCAN26	.	12
chr6:28281762-28282026	proximal	PGBD1	.	8
chr6:28322001-28322177	distal	.	.	8
chr6:28335398-28336200	proximal	ENSG00000289467,ENSG00000290051	.	24
chr6:28343718-28343868	distal	.	.	8
chr6:28349914-28350464	proximal	ZKSCAN3	.	16
chr6:28355557-28356182	proximal	ZSCAN31	.	20
chr6:28399645-28399999	proximal	ZSCAN12	.	12
chr6:2841320-2841671	proximal	SERPINB1	.	10
chr6:2841831-2842059	proximal	SERPINB1	.	6
chr6:28443098-28443614	proximal	ZSCAN23	.	8
chr6:28447313-28447528	distal	.	.	8
chr6:28474617-28474774	distal	.	.	4
chr6:28489449-28489659	proximal	ENSG00000286819,ENSG00000287804	.	8
chr6:2853791-2854012	distal	.	.	2
chr6:28588280-28588441	proximal	ZBED9-AS1	.	10
chr6:291920-292659	proximal	DUSP22,ENSG00000287265	.	16
chr6:2926200-2926434	distal	.	.	16
chr6:2952537-2952986	distal	.	.	6
chr6:2970795-2972230	proximal	SERPINB6	.	30
chr6:2985943-2986355	distal	.	.	4
chr6:2988563-2989348	proximal	LINC01011,NQO2	.	8
chr6:2989815-2990025	distal	.	.	8
chr6:2999325-3000297	proximal	NQO2-AS1	.	4
chr6:3053745-3054118	distal	.	.	16
chr6:3068678-3069469	proximal	ENSG00000272277	.	14
chr6:31168476-31168666	distal	.	.	2
chr6:3118288-3118813	proximal	BPHL	.	4
chr6:3119001-3119151	proximal	BPHL	.	8
chr6:3132371-3132521	distal	.	.	4
chr6:3157202-3157702	proximal	TUBB2A	.	8
chr6:3162488-3163284	distal	.	.	4
chr6:31638601-31638827	distal	.	.	2
chr6:3209272-3209535	distal	.	.	2
chr6:3209603-3209758	distal	.	.	6
chr6:3227485-3227854	distal	.	.	8
chr6:3231535-3231835	proximal	PSMG4,TUBB2B	.	8
chr6:3238467-3238617	distal	.	.	8
chr6:3251557-3251708	distal	.	.	8
chr6:3258775-3259237	distal	.	.	4
chr6:32622565-32622715	distal	.	.	4
chr6:32971916-32972325	proximal	ENSG00000263756	.	8
chr6:33433283-33433433	distal	.	.	4
chr6:33482211-33482424	distal	.	.	6
chr6:33571316-33571518	distal	.	.	2
chr6:33580141-33580437	proximal	BAK1	.	4
chr6:33585693-33585896	distal	.	.	6
chr6:33620986-33621202	proximal	ITPR3	.	6
chr6:33633789-33633954	distal	.	.	2
chr6:33668468-33668751	distal	.	.	2
chr6:33711246-33711869	proximal	UQCC2	.	2
chr6:33762117-33762267	distal	.	.	2
chr6:33771418-33772039	distal	.	.	4
chr6:33789046-33789316	proximal	LEMD2	.	4
chr6:33935986-33936136	distal	.	.	2
chr6:34026731-34026881	distal	.	.	4
chr6:34031923-34032133	distal	.	.	2
chr6:34045234-34045384	distal	.	.	14
chr6:34091566-34091716	distal	.	.	2
chr6:34154768-34155018	proximal	GRM4	.	4
chr6:34223481-34223632	distal	.	.	8
chr6:34223721-34224245	distal	.	.	18
chr6:34248485-34248895	proximal	ENSG00000225339,SMIM29	.	16
chr6:34248984-34249351	proximal	ENSG00000225339,SMIM29	.	20
chr6:34392554-34393017	proximal	NUDT3	.	6
chr6:34462482-34462704	distal	.	.	6
chr6:34512849-34513122	distal	.	.	4
chr6:34527215-34527413	distal	.	.	10
chr6:3456728-3457378	proximal	SLC22A23	.	6
chr6:34609523-34610025	distal	.	.	4
chr6:34625881-34626031	distal	.	.	4
chr6:34696278-34697079	proximal	ILRUN,ILRUN-AS1	.	16
chr6:34756688-34757044	proximal	SNRPC	.	4
chr6:34757210-34757540	proximal	SNRPC	.	2
chr6:3476495-3476645	distal	.	.	4
chr6:34791868-34792064	proximal	BLTP3A	.	6
chr6:34792212-34792544	proximal	BLTP3A	.	2
chr6:34792632-34792972	proximal	BLTP3A	.	4
chr6:348805-348968	distal	.	.	2
chr6:34889081-34889520	proximal	ANKS1A,TAF11	.	4
chr6:3495180-3495395	distal	.	.	4
chr6:35025723-35026053	distal	.	.	4
chr6:35258897-35259136	proximal	ZNF76	.	2
chr6:35259197-35260089	proximal	ZNF76	.	2
chr6:35297649-35298079	proximal	DEF6	.	12
chr6:35318360-35318689	distal	.	.	2
chr6:35342288-35342670	proximal	PPARD	.	8
chr6:35363168-35363647	distal	.	.	10
chr6:3537860-3538010	distal	.	.	14
chr6:3541426-3541580	distal	.	.	2
chr6:35452139-35452559	proximal	FANCE	.	12
chr6:35468229-35468511	proximal	RPL10A	.	4
chr6:35474543-35474775	distal	.	.	4
chr6:35496379-35496738	proximal	TEAD3	.	6
chr6:35497032-35497234	proximal	TEAD3	.	10
chr6:35534514-35534726	distal	.	.	4
chr6:35583929-35584079	distal	.	.	4
chr6:35621698-35621932	distal	.	.	4
chr6:35624758-35624916	distal	.	.	4
chr6:35687996-35688275	distal	.	.	2
chr6:35688348-35689404	distal	.	.	26
chr6:35698845-35698995	distal	.	.	4
chr6:35731794-35732141	distal	.	.	4
chr6:35737644-35737814	proximal	ARMC12,ENSG00000232909	.	4
chr6:35757566-35757726	distal	.	.	2
chr6:35920128-35920447	distal	.	.	2
chr6:35920961-35921195	proximal	SRPK1	.	8
chr6:35982658-35982808	distal	.	.	2
chr6:36027218-36027906	proximal	MAPK14	.	16
chr6:36123479-36123629	distal	.	.	2
chr6:36130578-36130733	distal	.	.	2
chr6:3617511-3617815	distal	.	.	6
chr6:36176171-36176321	distal	.	.	4
chr6:36196313-36196760	proximal	BRPF3,BRPF3-AS1	.	16
chr6:36211296-36211446	distal	.	.	8
chr6:36341037-36341225	distal	.	.	8
chr6:36360507-36360687	distal	.	.	6
chr6:36441499-36441722	distal	.	.	2
chr6:36442809-36443313	proximal	KCTD20,PXT1	.	12
chr6:36464536-36464686	distal	.	.	2
chr6:36469247-36469419	distal	.	.	2
chr6:36560914-36561228	distal	.	.	8
chr6:36579971-36580164	distal	.	.	4
chr6:36593861-36594486	proximal	SRSF3	.	8
chr6:36623542-36623772	distal	.	.	12
chr6:36678524-36678862	proximal	DINOL	.	14
chr6:36874488-36875226	proximal	PPIL1	.	4
chr6:36885721-36886305	distal	.	.	16
chr6:36986086-36986680	proximal	MTCH1	.	4
chr6:37018231-37018446	distal	.	.	12
chr6:37102527-37102957	distal	.	.	6
chr6:37169521-37170223	proximal	PIM1	.	8
chr6:37194051-37194201	distal	.	.	4
chr6:37208094-37208459	distal	.	.	10
chr6:37257979-37258466	proximal	TBC1D22B,TMEM217,TMEM217B	.	30
chr6:37353828-37354069	proximal	RNF8	.	8
chr6:37354136-37354510	proximal	RNF8	.	4
chr6:37387968-37388217	distal	.	.	6
chr6:37423745-37424057	distal	.	.	10
chr6:37499260-37500134	proximal	CCDC167	.	4
chr6:3751957-3752107	proximal	ENSG00000270504,PXDC1	.	8
chr6:37577367-37577621	distal	.	.	4
chr6:37705159-37705503	distal	.	.	4
chr6:37742678-37742828	distal	.	.	4
chr6:37791349-37791713	distal	.	.	4
chr6:37818996-37819866	proximal	ZFAND3,ZFAND3-DT	.	12
chr6:37930237-37930499	distal	.	.	2
chr6:37937529-37937698	distal	.	.	2
chr6:38981689-38981960	distal	.	.	2
chr6:39059739-39059947	distal	.	.	2
chr6:39166523-39166682	distal	.	.	2
chr6:39648684-39648851	distal	.	.	2
chr6:397076-397226	distal	.	.	2
chr6:39725348-39725704	proximal	KIF6	.	4
chr6:4018497-4018842	proximal	ENSG00000272248,ENSG00000288904	.	8
chr6:4021607-4021774	proximal	ENSG00000230648,PRPF4B	.	12
chr6:40496429-40496610	distal	.	.	4
chr6:41027724-41027958	distal	.	.	12
chr6:41028074-41028336	distal	.	.	2
chr6:41318649-41319136	distal	.	.	2
chr6:41342614-41342764	distal	.	.	2
chr6:41384534-41384684	distal	.	.	4
chr6:41503768-41504179	distal	.	.	4
chr6:41546171-41546485	proximal	FOXP4	.	2
chr6:41623556-41623706	distal	.	.	8
chr6:41735536-41735818	proximal	TFEB	.	4
chr6:41758894-41759150	distal	.	.	14
chr6:41766858-41767063	distal	.	.	10
chr6:41779871-41780561	proximal	ENSG00000124593,PRICKLE4	.	24
chr6:41786463-41786710	proximal	FRS3	.	4
chr6:41786887-41787710	proximal	FRS3,TOMM6	.	8
chr6:41888276-41888464	distal	.	.	4
chr6:41894930-41895740	proximal	USP49	.	4
chr6:41921099-41921291	proximal	BYSL,ENSG00000288721,MED20	.	6
chr6:41921372-41921561	proximal	BYSL,ENSG00000288721,MED20	.	12
chr6:41931682-41931851	distal	.	.	6
chr6:41941583-41942027	distal	.	.	8
chr6:42008999-42009184	distal	.	.	6
chr6:42044329-42044580	distal	.	.	8
chr6:42050178-42050844	proximal	CCND3,TAF8	.	32
chr6:42056685-42056912	distal	.	.	4
chr6:42116758-42116913	distal	.	.	18
chr6:42166578-42166742	distal	.	.	6
chr6:42194753-42194984	proximal	GUCA1B	.	4
chr6:42217700-42218099	proximal	MRPS10	.	4
chr6:42223875-42224049	distal	.	.	6
chr6:42226257-42226538	distal	.	.	4
chr6:42260635-42260881	distal	.	.	8
chr6:42317017-42317167	distal	.	.	24
chr6:42406499-42406649	distal	.	.	8
chr6:42452219-42452371	proximal	TRERF1	.	16
chr6:42547183-42548020	distal	.	.	4
chr6:42563735-42564035	proximal	UBR2	.	2
chr6:42564102-42564728	proximal	UBR2	.	12
chr6:42565332-42565484	distal	.	.	12
chr6:42639213-42639460	distal	.	.	4
chr6:42726688-42726838	distal	.	.	2
chr6:42746001-42747277	proximal	BICRAL,TBCC	.	4
chr6:42782177-42783317	distal	.	.	4
chr6:42826549-42826725	distal	.	.	4
chr6:42879788-42879957	proximal	RPL7L1	.	8
chr6:42890361-42891363	proximal	C6orf226	.	8
chr6:42908500-42908686	distal	.	.	4
chr6:42929022-42930252	proximal	CNPY3,ENSG00000287825	.	8
chr6:42946386-42946536	distal	.	.	10
chr6:42963930-42964080	distal	.	.	4
chr6:42978421-42978808	proximal	PEX6	.	4
chr6:42979141-42979393	proximal	PEX6	.	8
chr6:42984227-42984869	proximal	ENSG00000290049,PPP2R5D	.	32
chr6:43013577-43014785	proximal	KLHDC3	.	8
chr6:43021288-43021648	proximal	RRP36	.	12
chr6:43053321-43054029	proximal	CUL7	.	8
chr6:43059299-43060077	proximal	MRPL2	.	8
chr6:43076076-43076478	proximal	PTK7	.	12
chr6:43096556-43096727	distal	.	.	6
chr6:43143622-43143831	distal	.	.	8
chr6:43170730-43171488	proximal	SRF	.	8
chr6:43172250-43172400	distal	.	.	14
chr6:43174340-43174490	distal	.	.	14
chr6:43212866-43213145	distal	.	.	4
chr6:43229357-43229662	proximal	DNPH1	.	8
chr6:43246604-43247084	distal	.	.	16
chr6:43247193-43247399	distal	.	.	22
chr6:43334637-43335007	distal	.	.	2
chr6:43368977-43369128	proximal	ENSG00000287055,ZNF318	.	8
chr6:43416921-43417071	distal	.	.	8
chr6:43427409-43428318	proximal	ABCC10	.	6
chr6:43455833-43456304	proximal	DLK2	.	4
chr6:43488932-43489116	distal	.	.	4
chr6:43516823-43517305	proximal	YIPF3	.	12
chr6:43575353-43576323	proximal	POLH,XPO5	.	4
chr6:43576866-43577039	proximal	POLH,XPO5	.	24
chr6:43627369-43627519	distal	.	.	10
chr6:43635325-43636124	distal	.	.	14
chr6:43702804-43703227	distal	.	.	6
chr6:43769554-43770272	proximal	ENSG00000272114,VEGFA	.	4
chr6:43770684-43770857	proximal	ENSG00000272114,VEGFA	.	16
chr6:43770943-43771093	proximal	ENSG00000272114,VEGFA	.	8
chr6:43771931-43772131	distal	.	.	8
chr6:43900915-43901142	distal	.	.	10
chr6:43924331-43924516	distal	.	.	2
chr6:44073260-44073553	distal	.	.	8
chr6:44127304-44127897	proximal	MRPL14,TMEM63B	.	8
chr6:44128258-44128409	proximal	MRPL14	.	4
chr6:44158826-44158982	proximal	CAPN11	.	2
chr6:44219445-44219686	proximal	SLC29A1	.	2
chr6:44237920-44238142	distal	.	.	2
chr6:44245937-44246104	proximal	HSP90AB1	.	4
chr6:44246169-44246610	proximal	HSP90AB1	.	6
chr6:44246673-44247140	proximal	HSP90AB1	.	8
chr6:44256882-44257032	proximal	SLC35B2	.	8
chr6:44257314-44257731	proximal	SLC35B2	.	18
chr6:44265305-44265457	proximal	NFKBIE	.	6
chr6:44265538-44265710	proximal	NFKBIE	.	14
chr6:44268085-44268241	distal	.	.	6
chr6:44337678-44337828	distal	.	.	4
chr6:44338629-44338780	distal	.	.	2
chr6:44387417-44387765	proximal	CDC5L	.	2
chr6:44387841-44388366	proximal	CDC5L	.	10
chr6:44415545-44415820	distal	.	.	2
chr6:44443982-44444132	distal	.	.	8
chr6:44456385-44456535	distal	.	.	14
chr6:44469928-44470263	distal	.	.	16
chr6:44592078-44592274	distal	.	.	2
chr6:448077-448227	distal	.	.	8
chr6:45176007-45176168	distal	.	.	4
chr6:45422479-45422700	proximal	ENSG00000271857	.	4
chr6:46015698-46016077	distal	.	.	8
chr6:46034151-46034301	distal	.	.	12
chr6:46085531-46085681	distal	.	.	2
chr6:46085814-46086188	distal	.	.	8
chr6:46129417-46130331	proximal	ENPP4,ENSG00000231769	.	16
chr6:46170491-46171251	proximal	ENPP5	.	4
chr6:46491263-46492223	proximal	RCAN2,RCAN2-DT	.	16
chr6:46652303-46652799	proximal	CYP39A1,SLC25A27	.	8
chr6:46756866-46757117	distal	.	.	2
chr6:47152833-47152999	distal	.	.	2
chr6:47297651-47297806	distal	.	.	2
chr6:47309541-47310109	proximal	TNFRSF21	.	4
chr6:47587819-47587969	distal	.	.	4
chr6:4776055-4776595	proximal	CDYL-AS1	.	4
chr6:4981362-4981711	distal	.	.	8
chr6:5206165-5206445	distal	.	.	2
chr6:52263817-52264198	distal	.	.	2
chr6:52420666-52420839	distal	.	.	2
chr6:52517916-52518319	distal	.	.	2
chr6:5260404-5260775	proximal	FARS2,LYRM4	.	8
chr6:5260888-5261732	proximal	FARS2,LYRM4	.	16
chr6:52644128-52644299	distal	.	.	4
chr6:52652108-52652336	distal	.	.	6
chr6:52882464-52882670	distal	.	.	2
chr6:53064723-53065002	proximal	ENSG00000288646	.	12
chr6:53065757-53065907	proximal	ENSG00000288646	.	4
chr6:53161688-53161845	distal	.	.	6
chr6:53325545-53325705	distal	.	.	2
chr6:53348774-53349097	proximal	ELOVL5	.	4
chr6:53359149-53360027	distal	.	.	6
chr6:53484723-53484892	distal	.	.	2
chr6:53519177-53519327	distal	.	.	2
chr6:53547714-53548396	distal	.	.	8
chr6:53651496-53652181	distal	.	.	6
chr6:53728692-53728843	distal	.	.	2
chr6:53794768-53795026	proximal	ENSG00000227885,LRRC1	.	24
chr6:53943052-53943215	distal	.	.	10
chr6:53956140-53956402	distal	.	.	10
chr6:546332-546565	distal	.	.	2
chr6:56542683-56543108	distal	.	.	8
chr6:56843588-56844397	proximal	DST-AS1	.	4
chr6:56954705-56954877	proximal	BEND6,DST	.	8
chr6:56954957-56955678	proximal	BEND6,DST	.	16
chr6:57012962-57013112	distal	.	.	4
chr6:57089852-57090258	distal	.	.	4
chr6:57221606-57222199	proximal	RAB23	.	4
chr6:57222268-57222650	proximal	RAB23	.	4
chr6:57274186-57274456	distal	.	.	8
chr6:57317451-57317667	distal	.	.	8
chr6:57540122-57540272	distal	.	.	2
chr6:57552128-57552278	distal	.	.	4
chr6:57792822-57793078	distal	.	.	2
chr6:57793140-57793701	distal	.	.	2
chr6:57942545-57942697	distal	.	.	2
chr6:5996033-5996530	distal	.	.	2
chr6:5996951-5997195	distal	.	.	8
chr6:63635589-63636624	proximal	PHF3	.	4
chr6:63673630-63673780	distal	.	.	4
chr6:6631955-6632105	distal	.	.	4
chr6:663211-663398	distal	.	.	2
chr6:6686857-6687538	proximal	ENSG00000261211	.	4
chr6:692845-693340	proximal	ENSG00000271727,EXOC2	.	16
chr6:69867219-69867906	proximal	LMBRD1	.	4
chr6:70187919-70188069	distal	.	.	6
chr6:70221083-70221278	distal	.	.	4
chr6:70566711-70567353	proximal	SDHAF4	.	4
chr6:70667622-70668707	proximal	SMAP1	.	8
chr6:70839605-70839755	distal	.	.	6
chr6:7108304-7108454	proximal	RREB1	.	4
chr6:7119335-7119523	distal	.	.	4
chr6:71221820-71221975	distal	.	.	4
chr6:71245412-71245596	distal	.	.	4
chr6:71420191-71421066	proximal	LINC00472	.	4
chr6:7247892-7248042	distal	.	.	2
chr6:72954514-72954664	distal	.	.	4
chr6:7312787-7313424	distal	.	.	4
chr6:73388781-73389355	proximal	ENSG00000290002	.	4
chr6:73461676-73461839	proximal	MTO1	.	4
chr6:73505947-73506192	distal	.	.	2
chr6:73513895-73514870	distal	.	.	2
chr6:73530736-73530893	distal	.	.	4
chr6:73645695-73645922	distal	.	.	6
chr6:73653194-73653644	proximal	SLC17A5	.	8
chr6:73774755-73774905	distal	.	.	6
chr6:7414670-7414974	distal	.	.	2
chr6:75209026-75209176	distal	.	.	2
chr6:75284221-75285167	proximal	TMEM30A,TMEM30A-DT	.	8
chr6:75349699-75349923	distal	.	.	6
chr6:7548305-7548778	distal	.	.	2
chr6:75593801-75593988	distal	.	.	2
chr6:75748892-75749275	proximal	MYO6	.	2
chr6:75749732-75749921	proximal	MYO6	.	8
chr6:75750090-75750273	proximal	MYO6	.	2
chr6:75761940-75762475	distal	.	.	8
chr6:75775248-75775568	distal	.	.	6
chr6:7590067-7590300	proximal	SNRNP48	.	4
chr6:7616047-7616197	distal	.	.	8
chr6:7636859-7637009	distal	.	.	2
chr6:7726212-7726457	proximal	BMP6	.	10
chr6:79233855-79234132	proximal	HMGN3,HMGN3-AS1	.	8
chr6:79536662-79537728	proximal	ENSG00000287811,LCA5	.	20
chr6:79631108-79631646	proximal	SH3BGRL2	.	2
chr6:79778024-79778273	distal	.	.	2
chr6:79810181-79810391	distal	.	.	2
chr6:7985957-7986236	distal	.	.	4
chr6:79869688-79869886	distal	.	.	4
chr6:79946883-79947164	proximal	ELOVL4,ENSG00000287816	.	8
chr6:80003864-80004935	proximal	TTK	.	8
chr6:80106325-80107098	proximal	BCKDHB	.	2
chr6:8063727-8064732	proximal	BLOC1S5,BLOC1S5-TXNDC5	.	4
chr6:8101949-8102906	proximal	EEF1E1,EEF1E1-BLOC1S5,ENSG00000232234	.	6
chr6:8131084-8131503	distal	.	.	2
chr6:83057813-83058053	distal	.	.	8
chr6:83065679-83066018	proximal	UBE3D	.	4
chr6:83168609-83168780	distal	.	.	8
chr6:83192914-83193461	proximal	PGM3,RWDD2A	.	16
chr6:83193882-83194157	proximal	PGM3,RWDD2A	.	8
chr6:83430220-83430822	proximal	ME1	.	4
chr6:83431016-83431377	proximal	ME1	.	6
chr6:83437134-83437284	distal	.	.	4
chr6:83684444-83684594	distal	.	.	4
chr6:83708768-83709497	proximal	SNAP91	.	6
chr6:8374573-8374723	distal	.	.	2
chr6:83853373-83853649	proximal	ENSG00000287705,RIPPLY2	.	8
chr6:83859449-83860260	proximal	CYB5R4	.	12
chr6:8435261-8435941	proximal	HULC,SLC35B3	.	8
chr6:84420456-84420606	distal	.	.	2
chr6:84762423-84762766	distal	.	.	2
chr6:85450428-85450677	proximal	NT5E	.	2
chr6:85642886-85643980	proximal	SYNCRIP	.	2
chr6:87154910-87156228	proximal	ENSG00000272008	.	4
chr6:87929873-87930078	distal	.	.	4
chr6:88780867-88781123	distal	.	.	2
chr6:88917700-88917867	distal	.	.	2
chr6:88923881-88924031	distal	.	.	4
chr6:88927943-88928168	distal	.	.	4
chr6:89080341-89080827	proximal	PNRC1,PNRC1-DT	.	8
chr6:89139456-89139872	distal	.	.	6
chr6:89145974-89146745	proximal	ENSG00000288009,PM20D2	.	12
chr6:89198130-89198482	distal	.	.	6
chr6:89210239-89210389	distal	.	.	8
chr6:89223916-89224420	distal	.	.	16
chr6:89327778-89327928	distal	.	.	2
chr6:89352307-89353120	proximal	UBE2J1	.	8
chr6:89372153-89372361	distal	.	.	4
chr6:89380804-89380954	distal	.	.	6
chr6:8939603-8940008	distal	.	.	2
chr6:89412213-89412552	proximal	RRAGD	.	8
chr6:89432709-89432878	proximal	ANKRD6	.	2
chr6:89638419-89638587	proximal	LYRM2	.	4
chr6:89735595-89735823	distal	.	.	8
chr6:89802534-89802707	distal	.	.	6
chr6:89819280-89820125	proximal	MDN1	.	14
chr6:89829250-89829505	proximal	CASP8AP2	.	4
chr6:89829574-89830248	proximal	CASP8AP2	.	18
chr6:8983183-8983533	distal	.	.	2
chr6:89852695-89852886	distal	.	.	4
chr6:89881310-89881460	distal	.	.	4
chr6:89940050-89940308	distal	.	.	6
chr6:90008723-90008902	distal	.	.	4
chr6:90038182-90038368	distal	.	.	4
chr6:90162486-90162664	distal	.	.	4
chr6:90218280-90218822	distal	.	.	8
chr6:90285648-90285867	distal	.	.	2
chr6:90295966-90296133	proximal	BACH2,ENSG00000260271	.	8
chr6:90296575-90297155	proximal	BACH2	.	10
chr6:90479327-90479590	distal	.	.	2
chr6:90586720-90587523	proximal	MAP3K7	.	4
chr6:90677806-90677956	distal	.	.	4
chr6:90678080-90678230	distal	.	.	2
chr6:907040-907190	distal	.	.	2
chr6:90739499-90739945	distal	.	.	8
chr6:90895645-90895990	distal	.	.	2
chr6:91725808-91725958	distal	.	.	2
chr6:92126389-92126539	distal	.	.	2
chr6:98824205-98824368	distal	.	.	4
chr6:98833249-98833553	proximal	ENSG00000283010,ENSG00000289501	.	8
chr6:98845495-98846054	distal	.	.	8
chr6:98859058-98859254	distal	.	.	8
chr6:98947665-98948245	proximal	FBXL4	.	4
chr6:99152151-99152301	distal	.	.	8
chr6:99162964-99163114	distal	.	.	8
chr6:99349648-99349825	proximal	FAXC	.	4
chr6:99387251-99387420	distal	.	.	4
chr6:99393804-99394516	proximal	COQ3	.	4
chr6:99424744-99424973	proximal	PNISR,PNISR-AS1	.	8
chr6:99425060-99425802	proximal	PNISR,PNISR-AS1	.	16
chr6:99436868-99437062	distal	.	.	2
chr6:99568294-99568976	proximal	CCNC	.	4
chr6:99588415-99589218	distal	.	.	6
chr6:99603211-99603464	distal	.	.	4
chr6:99613373-99613805	distal	.	.	2
chr6:99614981-99615131	distal	.	.	2
chr6:99735374-99735524	distal	.	.	2
chr6:99824013-99824163	distal	.	.	4
chr7:100032887-100033185	distal	.	.	4
chr7:100082303-100082873	proximal	ZNF3	.	14
chr7:100088878-100089092	proximal	COPS6	.	6
chr7:100091825-100092151	distal	.	.	16
chr7:100094262-100094412	distal	.	.	26
chr7:100101259-100102094	proximal	AP4M1,MCM7	.	24
chr7:100118945-100119150	proximal	CNPY4,TAF6	.	4
chr7:100119254-100120160	proximal	CNPY4,TAF6	.	4
chr7:100126894-100127542	proximal	ENSG00000242798,MBLAC1	.	20
chr7:100132735-100132897	distal	.	.	20
chr7:100148542-100149631	proximal	ENSG00000288976,LAMTOR4	.	28
chr7:100158483-100158941	proximal	TRAPPC14	.	2
chr7:100177309-100177821	proximal	GPC2,STAG3	.	8
chr7:100237724-100238161	distal	.	.	10
chr7:100247438-100247680	distal	.	.	10
chr7:100264939-100265269	distal	.	.	4
chr7:100270895-100271138	distal	.	.	2
chr7:100272179-100272627	proximal	CASTOR3P	.	8
chr7:100301572-100301778	distal	.	.	12
chr7:100335825-100336565	proximal	ENSG00000291178,STAG3L5P,STAG3L5P-PVRIG2P-PILRB	.	48
chr7:100344948-100345171	distal	.	.	12
chr7:100390355-100390534	distal	.	.	16
chr7:100397166-100397469	proximal	ENSG00000289690,ENSG00000289691	.	32
chr7:100428606-100428914	proximal	MEPCE,ZCWPW1	.	12
chr7:100429069-100429978	proximal	ZCWPW1	.	2
chr7:100436380-100436779	proximal	PPP1R35,PPP1R35-AS1	.	8
chr7:100450524-100451022	distal	.	.	16
chr7:100455971-100456173	distal	.	.	8
chr7:100465919-100466080	distal	.	.	16
chr7:100477271-100477514	proximal	ENSG00000289760	.	2
chr7:100479090-100479595	proximal	TSC22D4	.	18
chr7:100483311-100483471	proximal	ENSG00000286938,NYAP1	.	8
chr7:100483815-100483969	proximal	ENSG00000286938,NYAP1	.	40
chr7:100511209-100511436	distal	.	.	24
chr7:100538532-100539376	proximal	AGFG2	.	10
chr7:100569329-100569664	proximal	ENSG00000289886	.	12
chr7:100586073-100586808	proximal	LRCH4	.	2
chr7:100604167-100604563	proximal	PCOLCE-AS1	.	6
chr7:100604664-100604986	proximal	PCOLCE-AS1	.	12
chr7:100611923-100612632	proximal	MOSPD3	.	22
chr7:100626584-100626920	distal	.	.	12
chr7:100642691-100642845	proximal	TFR2	.	14
chr7:100662292-100662442	distal	.	.	10
chr7:100673261-100673793	proximal	GNB2	.	8
chr7:100705369-100706177	proximal	POP7	.	12
chr7:100799542-100799771	distal	.	.	6
chr7:100827492-100828013	proximal	EPHB4,SLC12A9	.	8
chr7:100837354-100837520	distal	.	.	12
chr7:100852093-100852306	proximal	SLC12A9-AS1	.	4
chr7:100852556-100852747	proximal	SLC12A9-AS1	.	4
chr7:100867472-100867750	proximal	TRIP6	.	4
chr7:100874688-100875650	proximal	SRRT	.	14
chr7:100882249-100882418	distal	.	.	8
chr7:100889651-100890116	proximal	UFSP1	.	14
chr7:100895710-100896356	proximal	ACHE	.	10
chr7:100911578-100911796	distal	.	.	4
chr7:100966130-100966533	distal	.	.	24
chr7:101000320-101000512	distal	.	.	2
chr7:101002309-101002680	distal	.	.	6
chr7:101017672-101017881	proximal	MUC12-AS1	.	2
chr7:101066274-101066574	distal	.	.	18
chr7:101077597-101077828	distal	.	.	8
chr7:101085244-101085481	proximal	TRIM56	.	6
chr7:101085558-101085862	proximal	TRIM56	.	4
chr7:101100110-101100655	distal	.	.	16
chr7:101138336-101138492	distal	.	.	4
chr7:101143773-101144294	distal	.	.	12
chr7:101165563-101165775	proximal	VGF	.	6
chr7:101169861-101170064	distal	.	.	4
chr7:101173961-101174180	distal	.	.	12
chr7:101192567-101192778	distal	.	.	2
chr7:101217519-101217800	proximal	PLOD3,ZNHIT1	.	20
chr7:101217929-101218232	proximal	PLOD3,ZNHIT1	.	20
chr7:101244238-101244487	distal	.	.	2
chr7:101244712-101245530	distal	.	.	4
chr7:101252196-101252580	proximal	FIS1	.	20
chr7:101274098-101274337	distal	.	.	4
chr7:101308125-101308522	proximal	EMSLR	.	2
chr7:101308750-101309091	proximal	EMSLR	.	4
chr7:101321725-101322116	proximal	IFT22	.	12
chr7:101363736-101364198	distal	.	.	2
chr7:101386852-101387256	distal	.	.	8
chr7:101402859-101403009	distal	.	.	8
chr7:101420673-101420865	distal	.	.	2
chr7:101437272-101437464	distal	.	.	2
chr7:101440483-101440657	distal	.	.	8
chr7:101520485-101520710	distal	.	.	4
chr7:101538922-101539079	distal	.	.	6
chr7:101602503-101602717	distal	.	.	4
chr7:101729419-101729862	distal	.	.	6
chr7:101767616-101767796	distal	.	.	6
chr7:101791010-101791160	distal	.	.	2
chr7:101794382-101794539	distal	.	.	2
chr7:101815470-101815956	proximal	CUX1	.	6
chr7:101856844-101857271	distal	.	.	8
chr7:101890252-101890467	distal	.	.	4
chr7:101914427-101914577	distal	.	.	8
chr7:102272336-102272633	distal	.	.	2
chr7:102278444-102278594	distal	.	.	20
chr7:102286712-102286879	distal	.	.	4
chr7:102348430-102348670	distal	.	.	2
chr7:102352370-102352581	distal	.	.	6
chr7:102363536-102364239	proximal	ENSG00000290830,PRKRIP1	.	24
chr7:102404703-102404880	distal	.	.	2
chr7:102464163-102464467	proximal	ALKBH4,LRWD1	.	56
chr7:102478613-102479200	proximal	POLR2J	.	16
chr7:102485999-102486314	distal	.	.	10
chr7:102488753-102488905	distal	.	.	2
chr7:102492709-102493069	distal	.	.	4
chr7:102495999-102496250	distal	.	.	2
chr7:102496498-102497066	distal	.	.	22
chr7:102506108-102506415	distal	.	.	2
chr7:102512553-102513286	distal	.	.	16
chr7:102517707-102517882	proximal	RASA4B	.	8
chr7:102518318-102518590	proximal	RASA4B	.	2
chr7:102519292-102519569	distal	.	.	8
chr7:102520344-102520567	distal	.	.	8
chr7:102524837-102525169	distal	.	.	4
chr7:102526248-102526638	distal	.	.	4
chr7:102533076-102533259	distal	.	.	4
chr7:102535021-102535473	distal	.	.	4
chr7:102541764-102542094	distal	.	.	12
chr7:102546546-102546698	distal	.	.	6
chr7:102548899-102549176	distal	.	.	4
chr7:102554512-102554731	distal	.	.	2
chr7:102554845-102555066	distal	.	.	4
chr7:102564578-102564823	distal	.	.	12
chr7:102565806-102566101	distal	.	.	10
chr7:102572220-102573009	proximal	POLR2J3	.	4
chr7:102578372-102578818	distal	.	.	26
chr7:102590693-102591109	distal	.	.	2
chr7:102591741-102592002	proximal	ENSG00000270249	.	8
chr7:102592588-102592939	proximal	ENSG00000270249	.	4
chr7:102604394-102604686	distal	.	.	8
chr7:102605612-102606285	distal	.	.	16
chr7:102610491-102610826	distal	.	.	10
chr7:102611765-102612331	distal	.	.	6
chr7:102616685-102616840	proximal	RASA4	.	10
chr7:102618523-102618881	distal	.	.	16
chr7:102619169-102619582	distal	.	.	2
chr7:102626522-102627128	distal	.	.	10
chr7:102628757-102629015	distal	.	.	14
chr7:102634042-102634516	distal	.	.	8
chr7:102638145-102638446	distal	.	.	8
chr7:102664264-102664428	distal	.	.	8
chr7:102672743-102673126	distal	.	.	4
chr7:102678391-102678686	proximal	ENSG00000279168	.	4
chr7:102690700-102690959	distal	.	.	14
chr7:102748422-102749058	proximal	ENSG00000286830,FAM185A	.	8
chr7:102749152-102749342	proximal	ENSG00000286830,FAM185A	.	4
chr7:103037887-103038077	distal	.	.	2
chr7:103074508-103075203	proximal	ARMC10,FBXL13	.	20
chr7:103082776-103082935	distal	.	.	2
chr7:103083207-103083357	distal	.	.	2
chr7:1032275-1032767	distal	.	.	2
chr7:103297113-103297862	proximal	PMPCB	.	6
chr7:103347537-103348161	distal	.	.	2
chr7:1044199-1044649	proximal	GPR146	.	4
chr7:1044792-1045048	proximal	GPR146	.	10
chr7:104848478-104848691	distal	.	.	6
chr7:105014058-105014347	proximal	KMT2E-AS1	.	12
chr7:105171474-105171624	distal	.	.	4
chr7:105309872-105310195	distal	.	.	2
chr7:105388788-105389224	distal	.	.	4
chr7:105532013-105532648	proximal	RINT1	.	4
chr7:105553729-105554012	distal	.	.	4
chr7:105580948-105581594	distal	.	.	2
chr7:105589533-105589804	distal	.	.	2
chr7:105634355-105634624	distal	.	.	2
chr7:105806070-105806220	distal	.	.	2
chr7:105876982-105877295	proximal	ATXN7L1,CDHR3	.	8
chr7:1059319-1060070	proximal	ENSG00000257607	.	12
chr7:106009516-106010062	distal	.	.	2
chr7:106155852-106156002	distal	.	.	8
chr7:106176565-106176979	distal	.	.	2
chr7:106217114-106217359	distal	.	.	2
chr7:1065814-1066063	distal	.	.	6
chr7:106660100-106660576	proximal	CCDC71L	.	6
chr7:106794907-106795057	distal	.	.	2
chr7:106971942-106972092	distal	.	.	6
chr7:106984383-106984542	distal	.	.	4
chr7:107044438-107044710	proximal	PRKAR2B	.	10
chr7:107387636-107388087	distal	.	.	2
chr7:107579705-107580077	proximal	BCAP29,ENSG00000272854	.	4
chr7:108058775-108058925	distal	.	.	2
chr7:108525679-108526670	distal	.	.	2
chr7:10939593-10940694	proximal	ENSG00000271185,NDUFA4	.	4
chr7:10973510-10974145	proximal	PHF14	.	4
chr7:112107286-112107542	distal	.	.	4
chr7:112112205-112112400	distal	.	.	10
chr7:112136432-112136582	distal	.	.	2
chr7:112150823-112151208	distal	.	.	2
chr7:112160081-112160302	distal	.	.	6
chr7:112206064-112206746	proximal	DOCK4,ZNF277	.	16
chr7:112320769-112320919	distal	.	.	2
chr7:112391066-112391375	distal	.	.	12
chr7:112391642-112392145	distal	.	.	4
chr7:112415046-112415245	distal	.	.	8
chr7:112444679-112444865	distal	.	.	6
chr7:112449759-112450514	proximal	ENSG00000288634,ENSG00000288640	.	12
chr7:112480478-112480628	proximal	LSMEM1	.	4
chr7:112789819-112790232	proximal	TMEM168	.	8
chr7:112939269-112939467	proximal	BMT2	.	4
chr7:112939735-112940533	proximal	BMT2	.	4
chr7:112990057-112990280	distal	.	.	4
chr7:1137702-1138097	proximal	C7orf50	.	8
chr7:114287155-114287397	distal	.	.	2
chr7:114653308-114653807	distal	.	.	2
chr7:1160116-1160566	proximal	ZFAND2A,ZFAND2A-DT	.	8
chr7:116142299-116142456	distal	.	.	4
chr7:116210414-116211156	proximal	TES	.	4
chr7:116325629-116325818	distal	.	.	2
chr7:116485158-116485348	distal	.	.	2
chr7:116526098-116526257	distal	.	.	2
chr7:116526414-116526588	distal	.	.	2
chr7:116616878-116617072	distal	.	.	2
chr7:116631576-116632088	distal	.	.	4
chr7:116680755-116680966	distal	.	.	2
chr7:116723943-116724140	distal	.	.	2
chr7:116805159-116805476	distal	.	.	2
chr7:116851905-116852055	distal	.	.	2
chr7:116862279-116863364	distal	.	.	10
chr7:116877444-116877594	distal	.	.	2
chr7:116910741-116910896	distal	.	.	4
chr7:117059836-117059986	distal	.	.	2
chr7:117090397-117090565	distal	.	.	4
chr7:1177123-1177333	distal	.	.	4
chr7:117872643-117873045	distal	.	.	2
chr7:117948550-117948705	distal	.	.	2
chr7:1183135-1183313	distal	.	.	2
chr7:120101615-120101866	distal	.	.	4
chr7:120988607-120988816	proximal	CPED1	.	4
chr7:1214780-1214971	distal	.	.	4
chr7:12211083-12211596	proximal	TMEM106B	.	2
chr7:1221827-1221977	distal	.	.	2
chr7:122595748-122595898	distal	.	.	2
chr7:123008582-123008749	distal	.	.	2
chr7:1233058-1233208	proximal	UNCX	.	4
chr7:1236246-1236601	distal	.	.	4
chr7:123692446-123692875	distal	.	.	2
chr7:123787305-123787629	distal	.	.	2
chr7:124032353-124032571	proximal	ENSG00000242593,TMEM229A	.	8
chr7:12403522-12404261	proximal	VWDE	.	2
chr7:124834516-124834693	distal	.	.	8
chr7:1249521-1249671	distal	.	.	2
chr7:127585549-127585768	distal	.	.	6
chr7:127591530-127591680	proximal	FSCN3	.	2
chr7:128136057-128136229	distal	.	.	8
chr7:128266958-128267261	distal	.	.	2
chr7:128275995-128276145	distal	.	.	2
chr7:128362015-128362276	proximal	PRRT4	.	8
chr7:128409938-128410477	proximal	IMPDH1	.	8
chr7:128454507-128454739	distal	.	.	2
chr7:128476568-128477102	proximal	METTL2B	.	6
chr7:128486338-128486547	distal	.	.	6
chr7:128553287-128553437	distal	.	.	2
chr7:128614441-128614594	distal	.	.	4
chr7:128629622-128629772	distal	.	.	4
chr7:128783154-128783504	distal	.	.	4
chr7:128791916-128792212	distal	.	.	2
chr7:128821204-128821396	distal	.	.	2
chr7:128831602-128831935	distal	.	.	6
chr7:128862554-128862972	proximal	ATP6V1F,FLNC-AS1	.	8
chr7:128863532-128863728	proximal	ATP6V1F	.	2
chr7:128880120-128880336	distal	.	.	4
chr7:128893072-128893222	distal	.	.	10
chr7:129054487-129055349	proximal	TNPO3	.	16
chr7:129062957-129063107	distal	.	.	6
chr7:129145210-129145372	proximal	TSPAN33	.	16
chr7:129188296-129188796	proximal	SMO	.	6
chr7:129298361-129298551	distal	.	.	4
chr7:129329312-129329481	distal	.	.	8
chr7:129522630-129522910	distal	.	.	2
chr7:129550466-129550687	distal	.	.	2
chr7:129611537-129611900	proximal	ENSG00000273329,NRF1	.	4
chr7:129824960-129826046	distal	.	.	4
chr7:129830096-129830296	distal	.	.	4
chr7:129952637-129953139	proximal	UBE2H,UBE2H-DT	.	8
chr7:130024279-130024454	distal	.	.	4
chr7:130069977-130070646	proximal	KLHDC10	.	4
chr7:130136040-130136198	distal	.	.	2
chr7:130147918-130148194	distal	.	.	4
chr7:130205035-130205590	distal	.	.	2
chr7:130206231-130206475	proximal	SSMEM1	.	4
chr7:130247971-130248121	distal	.	.	8
chr7:130897091-130897281	distal	.	.	4
chr7:130924085-130924235	distal	.	.	2
chr7:131327200-131328522	proximal	MKLN1-AS	.	8
chr7:131404608-131404758	distal	.	.	6
chr7:131513365-131513789	distal	.	.	2
chr7:131556381-131556796	distal	.	.	2
chr7:131691220-131691391	distal	.	.	6
chr7:131718962-131719112	distal	.	.	2
chr7:132076345-132076504	distal	.	.	2
chr7:132781662-132781812	distal	.	.	4
chr7:133252821-133253284	proximal	EXOC4	.	4
chr7:134127665-134127843	proximal	LRGUK	.	2
chr7:134311239-134311389	distal	.	.	2
chr7:134316233-134317263	proximal	SLC35B4	.	4
chr7:134362166-134362316	distal	.	.	4
chr7:134432373-134433008	proximal	ENSG00000273297	.	2
chr7:134433092-134433248	proximal	ENSG00000273297	.	2
chr7:134547416-134547566	distal	.	.	2
chr7:134686824-134686974	distal	.	.	2
chr7:134779486-134779944	distal	.	.	4
chr7:134986268-134986870	proximal	AGBL3	.	2
chr7:135170339-135171073	proximal	CYREN,ENSG00000287733	.	8
chr7:135211320-135211970	proximal	WDR91	.	4
chr7:135220446-135220694	distal	.	.	2
chr7:135260567-135260719	distal	.	.	2
chr7:135281561-135281767	distal	.	.	12
chr7:135414962-135415136	distal	.	.	2
chr7:135509634-135509946	proximal	CNOT4	.	8
chr7:135557614-135558461	proximal	NUP205	.	8
chr7:135610289-135610522	distal	.	.	4
chr7:135662274-135662800	proximal	STMP1	.	16
chr7:135672686-135672877	distal	.	.	2
chr7:135710856-135711119	distal	.	.	6
chr7:135728162-135728684	proximal	SLC13A4	.	10
chr7:135977253-135977642	proximal	MTPN	.	2
chr7:136012657-136012862	distal	.	.	6
chr7:136062616-136062789	distal	.	.	2
chr7:136342104-136342254	distal	.	.	4
chr7:136381562-136381712	distal	.	.	12
chr7:1369112-1369450	distal	.	.	10
chr7:137626599-137626807	distal	.	.	2
chr7:138001434-138002570	proximal	AKR1D1,CREB3L2	.	8
chr7:138030708-138030949	distal	.	.	8
chr7:138413563-138413728	distal	.	.	4
chr7:138925561-138926440	distal	.	.	4
chr7:139017244-139017555	distal	.	.	4
chr7:139075148-139075589	distal	.	.	4
chr7:139231424-139231781	distal	.	.	2
chr7:139232004-139232176	distal	.	.	2
chr7:139396161-139396397	distal	.	.	2
chr7:139483569-139484132	proximal	KLRG2	.	4
chr7:139525303-139525505	distal	.	.	2
chr7:139777929-139778369	proximal	HIPK2	.	4
chr7:140175245-140175726	distal	.	.	4
chr7:140230975-140231543	distal	.	.	6
chr7:140326388-140326699	distal	.	.	2
chr7:140398204-140398684	distal	.	.	14
chr7:140478732-140479696	proximal	MKRN1	.	8
chr7:140506798-140507033	distal	.	.	6
chr7:140517784-140518332	distal	.	.	10
chr7:140626308-140626547	distal	.	.	4
chr7:140640225-140640705	proximal	ENSG00000285904	.	14
chr7:140653502-140653675	distal	.	.	8
chr7:140672725-140673413	proximal	ADCK2,DENND2A	.	4
chr7:140696850-140697642	proximal	NDUFB2-AS1	.	18
chr7:140899728-140899880	distal	.	.	4
chr7:140923794-140923964	distal	.	.	8
chr7:140924084-140925279	proximal	BRAF	.	6
chr7:140955910-140956108	distal	.	.	2
chr7:1409734-1409905	distal	.	.	4
chr7:141014625-141015343	proximal	MRPS33	.	10
chr7:141032462-141033412	distal	.	.	10
chr7:141052560-141052710	distal	.	.	16
chr7:141072467-141072664	distal	.	.	8
chr7:1412694-1413196	distal	.	.	4
chr7:141441641-141441791	distal	.	.	4
chr7:141550792-141551017	proximal	AGK,AGK-DT	.	8
chr7:141551169-141551714	proximal	AGK,AGK-DT	.	8
chr7:1418600-1418866	distal	.	.	6
chr7:141916645-141916795	proximal	OR9A4	.	4
chr7:1432353-1432689	distal	.	.	8
chr7:1459460-1459953	proximal	MICALL2,MICALL2-DT	.	8
chr7:146280342-146280512	distal	.	.	2
chr7:146636089-146636239	distal	.	.	2
chr7:1474161-1474535	distal	.	.	6
chr7:148642357-148642541	distal	.	.	6
chr7:148698443-148699364	proximal	CUL1,ENSG00000273314	.	12
chr7:148772201-148772411	distal	.	.	2
chr7:148822399-148822549	distal	.	.	2
chr7:148874114-148874508	distal	.	.	4
chr7:148885043-148885259	proximal	EZH2	.	6
chr7:148913331-148913663	distal	.	.	16
chr7:148914357-148914553	distal	.	.	4
chr7:148940749-148941519	proximal	ENSG00000286171,ENSG00000286180	.	8
chr7:148962754-148962944	distal	.	.	2
chr7:148966888-148967100	distal	.	.	10
chr7:149005812-149006079	distal	.	.	2
chr7:149065115-149065592	distal	.	.	4
chr7:149065751-149066135	distal	.	.	4
chr7:149090300-149090483	proximal	ZNF786	.	6
chr7:149125764-149125982	proximal	ZNF398,ZNF425	.	12
chr7:149126082-149126706	proximal	ZNF398,ZNF425	.	8
chr7:149126784-149127730	proximal	ZNF398,ZNF425	.	12
chr7:149147308-149147602	distal	.	.	2
chr7:149170477-149170833	distal	.	.	2
chr7:149172234-149172438	distal	.	.	4
chr7:149195378-149195902	proximal	ZNF282	.	6
chr7:149196765-149196968	distal	.	.	4
chr7:149209522-149209868	distal	.	.	4
chr7:149229449-149229757	distal	.	.	14
chr7:149239391-149239942	proximal	ZNF212	.	10
chr7:149261679-149262219	proximal	ZNF783	.	4
chr7:149285050-149285546	proximal	ENSG00000290600	.	8
chr7:149335610-149335825	distal	.	.	2
chr7:149404588-149404738	distal	.	.	8
chr7:149421866-149422582	proximal	ENSG00000261842	.	8
chr7:149459768-149459984	distal	.	.	4
chr7:149460538-149460965	proximal	ZNF777	.	18
chr7:149461290-149461440	proximal	ZNF777	.	2
chr7:149497546-149498130	proximal	ZNF746	.	2
chr7:149558332-149558482	distal	.	.	4
chr7:149592237-149592505	distal	.	.	8
chr7:149601717-149601950	distal	.	.	4
chr7:149624092-149624470	proximal	ZNF767P	.	10
chr7:149624572-149625084	proximal	ZNF767P	.	2
chr7:149625850-149626000	distal	.	.	10
chr7:149648727-149648895	distal	.	.	2
chr7:149662687-149663096	distal	.	.	16
chr7:149690629-149691447	distal	.	.	24
chr7:149714516-149715034	proximal	KRBA1	.	12
chr7:149742246-149742455	distal	.	.	4
chr7:149838143-149838957	proximal	ZNF862	.	4
chr7:149854743-149854929	distal	.	.	2
chr7:149872853-149873003	proximal	ATP6V0E2	.	4
chr7:149873755-149874069	proximal	ATP6V0E2	.	6
chr7:149883515-149883665	distal	.	.	8
chr7:150048302-150048452	distal	.	.	2
chr7:150049073-150049251	distal	.	.	2
chr7:150260158-150260308	distal	.	.	2
chr7:150309690-150309895	distal	.	.	2
chr7:150368244-150368830	proximal	REPIN1,ZNF775	.	16
chr7:150379063-150379583	proximal	ENSG00000284048	.	16
chr7:150405165-150405498	distal	.	.	4
chr7:150421087-150421340	distal	.	.	6
chr7:1504399-1504648	proximal	INTS1	.	6
chr7:150573037-150573192	distal	.	.	2
chr7:150649584-150649763	distal	.	.	4
chr7:150898556-150898764	distal	.	.	2
chr7:150938389-150938539	distal	.	.	2
chr7:150963049-150963199	distal	.	.	4
chr7:151009234-151009451	distal	.	.	12
chr7:151018029-151018450	distal	.	.	4
chr7:151028996-151029146	proximal	ABCB8,ENSG00000243433	.	4
chr7:151059750-151060100	distal	.	.	8
chr7:151080718-151081011	proximal	FASTK	.	8
chr7:151083433-151083594	proximal	TMUB1	.	4
chr7:151111110-151111286	distal	.	.	2
chr7:151113343-151113503	distal	.	.	10
chr7:151124003-151124170	distal	.	.	10
chr7:151167578-151167885	distal	.	.	2
chr7:151172667-151173060	distal	.	.	4
chr7:151232341-151232608	proximal	CHPF2	.	4
chr7:151303356-151303982	distal	.	.	2
chr7:151340932-151341082	proximal	NUB1	.	2
chr7:151350320-151350586	distal	.	.	8
chr7:151368239-151368566	distal	.	.	2
chr7:151433792-151434026	distal	.	.	2
chr7:151460151-151460727	distal	.	.	2
chr7:151519561-151519724	proximal	RHEB	.	6
chr7:151519813-151520332	proximal	RHEB	.	4
chr7:151632041-151632611	distal	.	.	10
chr7:151736396-151736841	proximal	ENSG00000290095	.	14
chr7:151754139-151754474	distal	.	.	8
chr7:151875490-151876592	proximal	PRKAG2-AS1	.	4
chr7:151877143-151877785	proximal	PRKAG2,PRKAG2-AS1	.	24
chr7:151933350-151933522	distal	.	.	2
chr7:151958858-151959008	distal	.	.	4
chr7:151969338-151970358	distal	.	.	2
chr7:152025251-152026137	proximal	GALNT11	.	6
chr7:152261925-152262380	distal	.	.	4
chr7:152267990-152268224	distal	.	.	4
chr7:152336912-152337220	distal	.	.	4
chr7:152652382-152652626	distal	.	.	2
chr7:152675840-152676348	proximal	XRCC2	.	8
chr7:152759533-152759804	proximal	ACTR3B,ENSG00000289146	.	16
chr7:152759943-152760446	proximal	ACTR3B,ENSG00000289146	.	8
chr7:152897905-152898073	distal	.	.	10
chr7:1533831-1533981	distal	.	.	4
chr7:1537266-1537553	distal	.	.	2
chr7:154841720-154841924	distal	.	.	14
chr7:154913781-154913940	distal	.	.	2
chr7:155002449-155003182	proximal	PAXIP1,PAXIP1-DT	.	16
chr7:155003303-155003652	proximal	PAXIP1,PAXIP1-DT	.	16
chr7:155070019-155070460	proximal	HTR5A	.	4
chr7:155190684-155190919	distal	.	.	14
chr7:155205296-155205807	distal	.	.	2
chr7:155214403-155214819	distal	.	.	2
chr7:155234519-155234706	distal	.	.	4
chr7:155298940-155299096	distal	.	.	2
chr7:155344742-155345177	distal	.	.	10
chr7:155459436-155459621	distal	.	.	2
chr7:155509419-155509601	proximal	ENSG00000227365	.	8
chr7:155548218-155548527	distal	.	.	16
chr7:155724645-155724796	distal	.	.	2
chr7:155738176-155738463	distal	.	.	2
chr7:155762788-155763068	distal	.	.	2
chr7:155797046-155797223	distal	.	.	2
chr7:155797284-155797455	distal	.	.	2
chr7:155805041-155805296	distal	.	.	2
chr7:155937276-155937426	distal	.	.	2
chr7:156197164-156197320	distal	.	.	2
chr7:156539597-156539869	proximal	LINC00244	.	4
chr7:156625993-156626284	distal	.	.	2
chr7:156640494-156640923	proximal	RNF32,RNF32-DT	.	36
chr7:156640985-156641235	proximal	RNF32,RNF32-DT	.	16
chr7:156909005-156909208	distal	.	.	16
chr7:157010429-157011265	proximal	MNX1,MNX1-AS1	.	8
chr7:157011355-157011644	proximal	MNX1,MNX1-AS1	.	8
chr7:157017763-157017980	distal	.	.	2
chr7:1570244-1570423	proximal	PSMG3,PSMG3-AS1	.	4
chr7:157033540-157033992	distal	.	.	18
chr7:157096261-157096761	distal	.	.	8
chr7:157150997-157151191	distal	.	.	2
chr7:157273607-157273864	distal	.	.	2
chr7:157289668-157289844	distal	.	.	4
chr7:157298662-157298832	distal	.	.	2
chr7:157336608-157337079	distal	.	.	2
chr7:157337246-157337508	distal	.	.	2
chr7:157348717-157348937	distal	.	.	8
chr7:157490446-157490657	distal	.	.	2
chr7:157857658-157857808	distal	.	.	2
chr7:158147453-158147946	distal	.	.	2
chr7:158148176-158148713	distal	.	.	4
chr7:158151366-158151555	distal	.	.	4
chr7:158192021-158192171	distal	.	.	2
chr7:158587713-158587976	proximal	PTPRN2	.	4
chr7:158609339-158609946	distal	.	.	2
chr7:158777314-158777464	distal	.	.	2
chr7:158856108-158857057	proximal	DYNC2I1	.	4
chr7:16099897-16100047	distal	.	.	2
chr7:1612713-1612995	distal	.	.	4
chr7:16420490-16421298	distal	.	.	2
chr7:16465492-16466034	distal	.	.	2
chr7:1664778-1665110	proximal	ELFN1	.	6
chr7:16770634-16770907	distal	.	.	2
chr7:1678804-1678954	distal	.	.	4
chr7:19519525-19519828	distal	.	.	2
chr7:1998637-1998787	distal	.	.	4
chr7:20172817-20172988	distal	.	.	2
chr7:21261715-21261998	distal	.	.	8
chr7:21427066-21427602	proximal	ENSG00000290069,SP4	.	8
chr7:22054361-22054511	distal	.	.	2
chr7:2225548-2225698	distal	.	.	4
chr7:22500112-22500305	distal	.	.	2
chr7:22559878-22560179	distal	.	.	6
chr7:22821849-22822033	proximal	TOMM7	.	6
chr7:22822472-22822997	proximal	ENSG00000286703,TOMM7	.	16
chr7:22854085-22854736	proximal	SNHG26	.	2
chr7:23013650-23014591	proximal	HYCC1	.	2
chr7:23035692-23036052	distal	.	.	12
chr7:23055674-23055921	distal	.	.	8
chr7:23138010-23138184	distal	.	.	4
chr7:2314324-2314832	distal	.	.	8
chr7:23158777-23159015	distal	.	.	10
chr7:23181570-23182323	proximal	NUP42	.	4
chr7:23266944-23267136	distal	.	.	2
chr7:23273070-23273574	distal	.	.	4
chr7:2329543-2329786	distal	.	.	4
chr7:23299123-23299703	proximal	MALSU1	.	4
chr7:23316155-23316719	distal	.	.	2
chr7:23470495-23470998	proximal	IGF2BP3	.	6
chr7:23471224-23471446	proximal	IGF2BP3	.	4
chr7:23502905-23503201	distal	.	.	4
chr7:23531823-23532462	proximal	TRA2A	.	8
chr7:2354281-2354431	proximal	EIF3B,SNX8	.	8
chr7:2354505-2354917	proximal	EIF3B,SNX8	.	16
chr7:23679947-23680236	proximal	ENSG00000234286,FAM221A	.	8
chr7:23680756-23681067	proximal	ENSG00000234286,FAM221A	.	4
chr7:2403194-2404078	proximal	CHST12	.	4
chr7:2424998-2425261	distal	.	.	2
chr7:24304377-24305087	distal	.	.	4
chr7:24432804-24433011	distal	.	.	6
chr7:24456136-24456406	distal	.	.	4
chr7:2451467-2451717	distal	.	.	8
chr7:24572413-24572692	proximal	PALS2	.	4
chr7:24573670-24574011	proximal	PALS2	.	8
chr7:2459105-2459536	distal	.	.	4
chr7:24715914-24716124	distal	.	.	2
chr7:24812427-24812587	distal	.	.	4
chr7:24868913-24869063	distal	.	.	4
chr7:24980122-24980526	distal	.	.	4
chr7:25094102-25094571	distal	.	.	6
chr7:25124989-25125757	proximal	CYCS	.	8
chr7:25179966-25180762	proximal	C7orf31	.	4
chr7:2519647-2519817	distal	.	.	6
chr7:25483314-25483540	distal	.	.	2
chr7:2555275-2555617	proximal	BRAT1	.	4
chr7:2555678-2555943	proximal	BRAT1	.	4
chr7:25577611-25577761	distal	.	.	2
chr7:25603351-25603623	distal	.	.	4
chr7:25862131-25862889	distal	.	.	4
chr7:25879284-25879434	distal	.	.	2
chr7:26151948-26152529	proximal	NFE2L3	.	4
chr7:26291785-26292320	proximal	SNX10	.	4
chr7:2631519-2631976	proximal	TTYH3	.	4
chr7:26509185-26509335	distal	.	.	2
chr7:26601750-26601900	distal	.	.	8
chr7:26657559-26657709	distal	.	.	4
chr7:26667564-26667850	distal	.	.	2
chr7:26678575-26678887	distal	.	.	6
chr7:26789865-26790174	distal	.	.	2
chr7:26864411-26864972	distal	.	.	4
chr7:26962696-26962846	distal	.	.	2
chr7:27095761-27096258	proximal	HOTAIRM1,HOXA1	.	8
chr7:2709836-2710016	distal	.	.	2
chr7:27113432-27113995	distal	.	.	4
chr7:27123197-27123418	distal	.	.	8
chr7:27129754-27130656	proximal	HOXA-AS3,HOXA4	.	16
chr7:27130768-27131219	proximal	HOXA4	.	2
chr7:27143678-27144033	proximal	HOXA5	.	4
chr7:27173513-27173715	distal	.	.	4
chr7:27185729-27186137	proximal	HOXA11	.	8
chr7:27200057-27200619	proximal	HOXA13	.	4
chr7:27235704-27235934	distal	.	.	4
chr7:27466381-27466794	distal	.	.	2
chr7:27527048-27527200	distal	.	.	4
chr7:2757973-2758129	distal	.	.	4
chr7:2758228-2758590	distal	.	.	12
chr7:27662694-27663231	proximal	HIBADH	.	14
chr7:27739665-27740853	proximal	TAX1BP1,TAX1BP1-AS1	.	20
chr7:27986627-27986782	distal	.	.	8
chr7:28179577-28179748	proximal	JAZF1-AS1	.	4
chr7:28179817-28180211	proximal	JAZF1,JAZF1-AS1	.	16
chr7:28180319-28180854	proximal	JAZF1,JAZF1-AS1	.	8
chr7:28278671-28278821	distal	.	.	2
chr7:28340585-28340770	distal	.	.	4
chr7:28389825-28389975	distal	.	.	4
chr7:28409077-28409475	distal	.	.	2
chr7:28410177-28410413	distal	.	.	8
chr7:28410784-28411269	distal	.	.	4
chr7:2844154-2844697	proximal	GNA12	.	4
chr7:28586761-28587020	distal	.	.	2
chr7:2863783-2863933	distal	.	.	4
chr7:28685751-28686428	distal	.	.	6
chr7:28730587-28730804	distal	.	.	10
chr7:28770058-28770275	distal	.	.	2
chr7:28854030-28854888	distal	.	.	2
chr7:28904313-28904777	distal	.	.	4
chr7:28926898-28927236	distal	.	.	8
chr7:2892956-2893148	distal	.	.	4
chr7:28956108-28956771	distal	.	.	12
chr7:29102601-29102799	distal	.	.	2
chr7:29146036-29146670	proximal	CHN2	.	10
chr7:29147051-29147201	proximal	CHN2	.	4
chr7:29194771-29194921	proximal	CPVL,ENSG00000285081	.	4
chr7:29254827-29255074	distal	.	.	4
chr7:29516213-29516421	distal	.	.	8
chr7:29563593-29563862	proximal	PRR15,PRR15-DT	.	8
chr7:29564911-29565278	distal	.	.	6
chr7:29684659-29685579	proximal	DPY19L2P3	.	4
chr7:29772779-29772977	distal	.	.	4
chr7:2981224-2981374	distal	.	.	2
chr7:29865628-29865805	distal	.	.	2
chr7:29900615-29900803	distal	.	.	2
chr7:29988029-29988217	proximal	FKBP14-AS1	.	4
chr7:29989652-29990006	proximal	SCRN1	.	2
chr7:30026788-30027036	proximal	FKBP14,PLEKHA8	.	4
chr7:30027971-30028486	proximal	PLEKHA8	.	8
chr7:30028558-30028881	distal	.	.	2
chr7:30311062-30311300	distal	.	.	2
chr7:3032155-3032487	distal	.	.	2
chr7:30504744-30505495	proximal	GGCT	.	4
chr7:30556563-30556713	distal	.	.	4
chr7:30564175-30564756	distal	.	.	4
chr7:30800408-30800573	distal	.	.	2
chr7:30860862-30861012	distal	.	.	2
chr7:30938426-30938653	proximal	GHRHR	.	4
chr7:31134310-31134738	distal	.	.	2
chr7:3155029-3155212	distal	.	.	4
chr7:322209-322478	distal	.	.	2
chr7:3244168-3244474	distal	.	.	2
chr7:32670798-32670983	distal	.	.	8
chr7:3300826-3301364	proximal	SDK1	.	4
chr7:33069207-33069417	distal	.	.	2
chr7:33109375-33109686	proximal	BBS9,RP9	.	8
chr7:33129135-33129743	distal	.	.	2
chr7:33151941-33152123	distal	.	.	2
chr7:33418331-33418749	distal	.	.	2
chr7:33459351-33459508	distal	.	.	6
chr7:33527185-33527439	distal	.	.	2
chr7:33722322-33723142	distal	.	.	2
chr7:33824086-33824236	distal	.	.	2
chr7:33886202-33886361	distal	.	.	2
chr7:33904511-33905012	proximal	BMPER	.	4
chr7:34196619-34196817	distal	.	.	2
chr7:35036953-35037138	proximal	ENSG00000287249	.	6
chr7:35037422-35037886	proximal	DPY19L1,ENSG00000287249	.	12
chr7:35253824-35254360	proximal	ENSG00000289335,TBX20	.	8
chr7:35499352-35499502	distal	.	.	8
chr7:35633271-35633421	distal	.	.	8
chr7:35646682-35646832	distal	.	.	2
chr7:35647196-35647386	distal	.	.	8
chr7:35694790-35695492	proximal	HERPUD2-AS1	.	2
chr7:35800508-35800811	proximal	SEPTIN7,SEPTIN7-DT	.	8
chr7:35800891-35801493	proximal	SEPTIN7,SEPTIN7-DT	.	8
chr7:35897189-35897339	distal	.	.	8
chr7:36366877-36367501	distal	.	.	12
chr7:36389450-36389959	proximal	ANLN,MATCAP2	.	8
chr7:36746839-36747010	distal	.	.	2
chr7:38341292-38341612	proximal	TRGV6	.	2
chr7:38631141-38631644	proximal	AMPH	.	2
chr7:38782634-38782784	distal	.	.	2
chr7:39166477-39166627	distal	.	.	2
chr7:39629878-39630150	distal	.	.	2
chr7:39668435-39668912	distal	.	.	8
chr7:39833221-39833583	distal	.	.	2
chr7:39834014-39834309	distal	.	.	2
chr7:40134567-40135339	proximal	MPLKIP,SUGCT	.	8
chr7:40182384-40182606	distal	.	.	2
chr7:42038176-42038326	distal	.	.	6
chr7:42237910-42238085	distal	.	.	12
chr7:42493925-42494147	distal	.	.	6
chr7:4267405-4267557	distal	.	.	2
chr7:42888956-42889106	proximal	ENSG00000290065	.	8
chr7:42931671-42931962	proximal	ENSG00000256646,MRPL32,PSMA2	.	12
chr7:43113327-43113578	proximal	ENSG00000232006,HECW1	.	4
chr7:43577565-43577753	distal	.	.	4
chr7:43728177-43728327	distal	.	.	12
chr7:43729490-43729902	proximal	COA1	.	8
chr7:43758729-43758977	proximal	BLVRA	.	4
chr7:43778600-43779388	distal	.	.	14
chr7:43838960-43839222	distal	.	.	2
chr7:43868963-43869690	proximal	MRPS24	.	12
chr7:43925752-43926766	proximal	UBE2D4,URGCP	.	12
chr7:43970421-43970584	distal	.	.	18
chr7:43987024-43987466	distal	.	.	2
chr7:43994738-43994931	distal	.	.	4
chr7:44012330-44012480	distal	.	.	12
chr7:44019056-44019352	proximal	ENSG00000273432,ENSG00000290872,POLR2J4	.	30
chr7:44035322-44035472	distal	.	.	2
chr7:44036259-44036661	distal	.	.	2
chr7:44082259-44083011	proximal	POLM	.	10
chr7:44131202-44131365	distal	.	.	8
chr7:44176296-44176446	distal	.	.	4
chr7:4419882-4420032	distal	.	.	4
chr7:44200725-44201111	proximal	YKT6	.	4
chr7:44289721-44289882	distal	.	.	10
chr7:44326731-44326944	distal	.	.	4
chr7:44399400-44399550	distal	.	.	4
chr7:44477437-44477811	distal	.	.	4
chr7:44490159-44490780	proximal	NUDCD3	.	16
chr7:44573513-44574144	distal	.	.	8
chr7:44581826-44582692	proximal	ENSG00000287574,TMED4	.	16
chr7:44606367-44607342	proximal	OGDH	.	2
chr7:44748335-44748644	proximal	ZMIZ2	.	2
chr7:44796061-44796244	proximal	PPIA	.	10
chr7:44796831-44797594	proximal	PPIA	.	14
chr7:44847708-44848514	proximal	H2AZ2,H2AZ2-DT	.	8
chr7:44885258-44885816	proximal	ENSG00000272768,PURB	.	8
chr7:44885966-44886176	proximal	PURB	.	6
chr7:44921424-44921574	distal	.	.	4
chr7:44986499-44987038	proximal	SNHG15	.	4
chr7:44999525-45000250	proximal	CCM2	.	10
chr7:45050982-45051132	distal	.	.	8
chr7:45088827-45089071	proximal	NACAD	.	6
chr7:45111351-45112120	proximal	TBRG4	.	10
chr7:45136132-45136402	distal	.	.	16
chr7:45166039-45166189	distal	.	.	4
chr7:45182130-45182336	distal	.	.	2
chr7:45260098-45260255	distal	.	.	8
chr7:47395810-47395981	distal	.	.	4
chr7:4792174-4792349	distal	.	.	6
chr7:47979223-47979758	proximal	HUS1	.	4
chr7:480536-480707	distal	.	.	6
chr7:4883596-4884006	proximal	RADIL	.	4
chr7:4973765-4974743	proximal	RNF216P1	.	4
chr7:5045673-5046226	proximal	RBAK	.	12
chr7:5085423-5085670	distal	.	.	2
chr7:5240250-5240417	distal	.	.	2
chr7:5240566-5240825	distal	.	.	2
chr7:5282221-5282393	distal	.	.	4
chr7:5486766-5487129	distal	.	.	4
chr7:5494711-5495056	distal	.	.	4
chr7:55002239-55002427	distal	.	.	2
chr7:5513357-5514108	proximal	FBXL18	.	4
chr7:55254835-55255089	proximal	ELDR	.	6
chr7:5529639-5530276	distal	.	.	10
chr7:55365618-55366424	proximal	LANCL2	.	4
chr7:55414736-55414997	distal	.	.	8
chr7:55506342-55506531	distal	.	.	4
chr7:55539572-55539769	distal	.	.	2
chr7:5558781-5559150	distal	.	.	4
chr7:55593743-55594126	proximal	ENSG00000231394	.	6
chr7:5563624-5563795	proximal	ACTB	.	4
chr7:5569890-5570320	distal	.	.	8
chr7:55904319-55904469	distal	.	.	2
chr7:5592655-5592823	proximal	FSCN1	.	8
chr7:55951514-55951909	proximal	MRPS17,NIPSNAP2	.	8
chr7:55964408-55964665	distal	.	.	10
chr7:5655500-5655738	distal	.	.	2
chr7:5736410-5736629	distal	.	.	8
chr7:5781394-5781879	proximal	RNF216	.	14
chr7:5822939-5823180	proximal	ENSG00000291099	.	4
chr7:58535712-58536035	distal	.	.	2
chr7:5856633-5856806	distal	.	.	8
chr7:58622614-58622797	distal	.	.	2
chr7:58632260-58632647	distal	.	.	4
chr7:58692075-58692314	distal	.	.	2
chr7:58769950-58770217	distal	.	.	4
chr7:58827655-58827931	distal	.	.	2
chr7:5885690-5885922	distal	.	.	8
chr7:58986059-58986330	distal	.	.	2
chr7:59130109-59130461	distal	.	.	2
chr7:59167480-59167839	distal	.	.	4
chr7:59251601-59251894	distal	.	.	2
chr7:5927741-5927891	distal	.	.	16
chr7:5928359-5928531	distal	.	.	2
chr7:5931362-5931908	distal	.	.	4
chr7:59320905-59321255	distal	.	.	2
chr7:59373832-59374139	distal	.	.	2
chr7:59512689-59512954	distal	.	.	2
chr7:60019370-60019759	distal	.	.	2
chr7:6008753-6009340	proximal	AIMP2,PMS2	.	20
chr7:6009404-6009648	proximal	AIMP2,PMS2	.	48
chr7:60310651-60311073	distal	.	.	2
chr7:6058968-6059396	proximal	EIF2AK1	.	16
chr7:6081118-6081813	proximal	ENSG00000231704	.	2
chr7:6179635-6179864	distal	.	.	10
chr7:6226244-6226413	distal	.	.	4
chr7:6306481-6306690	distal	.	.	12
chr7:6312600-6312768	distal	.	.	4
chr7:6348774-6349483	proximal	FAM220A,SAGSIN1	.	16
chr7:6373547-6373741	proximal	RAC1	.	4
chr7:643475-643625	distal	.	.	2
chr7:6447049-6447280	distal	.	.	4
chr7:6447608-6448126	distal	.	.	2
chr7:64665947-64666533	proximal	ZNF107	.	8
chr7:6483274-6483467	proximal	DAGLB,KDELR2	.	8
chr7:6484024-6484422	proximal	DAGLB,KDELR2	.	28
chr7:64903020-64903440	distal	.	.	4
chr7:64951336-64951487	distal	.	.	2
chr7:65016275-65016425	distal	.	.	6
chr7:6503561-6504603	distal	.	.	18
chr7:65037914-65038656	proximal	CCT6P3	.	14
chr7:65080952-65081102	distal	.	.	4
chr7:65251988-65252884	proximal	ENSG00000289108	.	2
chr7:65269170-65269624	proximal	ENSG00000282381	.	2
chr7:65373651-65374392	proximal	ZNF92	.	4
chr7:65508718-65508868	distal	.	.	4
chr7:65509040-65509256	distal	.	.	4
chr7:65750610-65751158	proximal	ENSG00000291124	.	4
chr7:65770429-65770832	proximal	LINC03006	.	6
chr7:6577340-6577763	proximal	ZDHHC4	.	4
chr7:65886817-65887035	distal	.	.	4
chr7:6589814-6590832	proximal	INTS15	.	6
chr7:65959129-65959279	distal	.	.	4
chr7:65967279-65967439	distal	.	.	4
chr7:65981968-65982420	proximal	GUSB	.	4
chr7:65982502-65982727	proximal	GUSB	.	4
chr7:66013991-66014191	distal	.	.	4
chr7:66099756-66100395	distal	.	.	4
chr7:66141650-66141800	distal	.	.	12
chr7:66204999-66205550	proximal	TPST1	.	8
chr7:66222571-66222809	distal	.	.	8
chr7:6623401-6623566	distal	.	.	4
chr7:66413428-66413776	distal	.	.	8
chr7:66493460-66493993	proximal	LINC00174,LINC03011	.	36
chr7:66550258-66550425	distal	.	.	8
chr7:66591981-66592544	proximal	ENSG00000291136	.	8
chr7:66654153-66654669	proximal	ENSG00000226824	.	12
chr7:66681810-66682446	proximal	ENSG00000289015,RABGEF1	.	8
chr7:66740603-66740963	proximal	ENSG00000272831	.	8
chr7:66805155-66805368	distal	.	.	8
chr7:66844666-66845149	proximal	ENSG00000289177,GTF2IRD1P1	.	4
chr7:66995138-66995774	proximal	SBDS,TYW1	.	12
chr7:66996233-66996987	proximal	SBDS	.	4
chr7:6706457-6706607	proximal	ZNF12	.	4
chr7:6706806-6707504	proximal	ZNF12	.	2
chr7:67076161-67076348	distal	.	.	24
chr7:6716475-6716625	distal	.	.	10
chr7:6729630-6730046	distal	.	.	12
chr7:67302332-67303062	proximal	PMS2P4,STAG3L4	.	20
chr7:6761461-6761611	distal	.	.	8
chr7:6826131-6826390	proximal	CCZ1B	.	4
chr7:6857531-6857681	distal	.	.	8
chr7:6938422-6938572	distal	.	.	4
chr7:6962896-6963101	distal	.	.	2
chr7:70355786-70356150	distal	.	.	2
chr7:70768228-70768399	distal	.	.	2
chr7:7182164-7182987	distal	.	.	2
chr7:72080888-72081038	distal	.	.	4
chr7:72827916-72828570	proximal	TYW1B	.	2
chr7:72829379-72830206	proximal	SBDSP1	.	12
chr7:72880021-72880288	proximal	POM121	.	4
chr7:72906765-72906925	distal	.	.	6
chr7:72914655-72914844	distal	.	.	4
chr7:72924516-72925484	proximal	ENSG00000272843	.	4
chr7:72942107-72942401	distal	.	.	6
chr7:72954454-72954721	proximal	ENSG00000285886,NSUN5P2	.	8
chr7:72967005-72967195	distal	.	.	4
chr7:72967386-72967561	distal	.	.	2
chr7:72975708-72976106	distal	.	.	2
chr7:73005425-73006373	proximal	ENSG00000290832	.	2
chr7:73111141-73111598	distal	.	.	6
chr7:73122870-73123155	distal	.	.	2
chr7:73144355-73144552	distal	.	.	4
chr7:73154701-73155150	proximal	SPDYE10	.	18
chr7:73201349-73201658	distal	.	.	2
chr7:73222367-73222558	distal	.	.	14
chr7:73235129-73235561	distal	.	.	6
chr7:73308770-73308931	proximal	NSUN5	.	2
chr7:73433623-73433863	proximal	FZD9	.	8
chr7:73501637-73501787	distal	.	.	6
chr7:73521946-73522950	proximal	BAZ1B	.	10
chr7:73557017-73558074	proximal	BCL7B	.	4
chr7:73577705-73577855	distal	.	.	12
chr7:73578461-73579099	proximal	TBL2	.	14
chr7:73613118-73613276	distal	.	.	4
chr7:73667644-73667913	proximal	VPS37D	.	4
chr7:73683378-73683742	proximal	BUD23,DNAJC30	.	16
chr7:73701546-73701696	distal	.	.	12
chr7:73710270-73710420	distal	.	.	4
chr7:73719648-73719846	proximal	STX1A	.	12
chr7:73725791-73725968	distal	.	.	8
chr7:73734765-73735035	distal	.	.	8
chr7:73738762-73739242	proximal	ABHD11	.	4
chr7:73744152-73744319	distal	.	.	2
chr7:73811873-73812099	distal	.	.	4
chr7:73842436-73842771	proximal	METTL27	.	10
chr7:73857106-73857343	distal	.	.	2
chr7:74067807-74068092	distal	.	.	12
chr7:74079242-74079646	distal	.	.	10
chr7:74083520-74083809	proximal	LIMK1	.	12
chr7:74105120-74105275	distal	.	.	4
chr7:74139810-74140046	distal	.	.	4
chr7:74173919-74174662	proximal	EIF4H	.	2
chr7:74184223-74184382	distal	.	.	4
chr7:74254157-74254584	proximal	RFC2	.	8
chr7:74275379-74275541	distal	.	.	2
chr7:74289178-74289502	proximal	CLIP2,ENSG00000287815	.	16
chr7:74365266-74365649	distal	.	.	4
chr7:74386011-74386198	distal	.	.	16
chr7:74401156-74401506	distal	.	.	6
chr7:74453754-74454096	proximal	GTF2IRD1	.	2
chr7:74479774-74479924	distal	.	.	2
chr7:74535793-74535943	distal	.	.	4
chr7:74612454-74612672	distal	.	.	4
chr7:74657360-74657788	distal	.	.	8
chr7:74657857-74658061	distal	.	.	2
chr7:74658260-74658684	distal	.	.	8
chr7:74764775-74764944	distal	.	.	4
chr7:74788464-74788962	distal	.	.	2
chr7:7478873-7479152	distal	.	.	2
chr7:74863642-74863792	distal	.	.	4
chr7:74876845-74876995	distal	.	.	4
chr7:74890175-74891157	proximal	ENSG00000289346,ENSG00000290833	.	24
chr7:74964056-74964265	proximal	CASTOR2	.	6
chr7:74993951-74994304	distal	.	.	10
chr7:75073043-75074182	proximal	RCC1L	.	6
chr7:75092455-75093206	proximal	GTF2IRD2B	.	10
chr7:75105920-75106286	distal	.	.	12
chr7:75150730-75151038	distal	.	.	14
chr7:75238010-75238160	proximal	GTF2IP1	.	4
chr7:75410295-75410644	proximal	NSUN5P1	.	8
chr7:75418336-75418557	distal	.	.	2
chr7:75442538-75443126	distal	.	.	4
chr7:75443209-75443364	distal	.	.	6
chr7:75485814-75486504	proximal	POM121C	.	8
chr7:75528039-75528516	proximal	PMS2P3	.	12
chr7:75623823-75624027	distal	.	.	8
chr7:75638831-75639268	distal	.	.	4
chr7:75738654-75739639	proximal	HIP1	.	8
chr7:75762549-75762707	distal	.	.	4
chr7:75879193-75879479	distal	.	.	4
chr7:75969714-75969930	distal	.	.	4
chr7:75994461-75994877	proximal	TMEM120A	.	14
chr7:76003295-76003635	distal	.	.	4
chr7:76071449-76071828	distal	.	.	2
chr7:76166507-76166992	distal	.	.	2
chr7:76201731-76202009	proximal	SRRM3	.	10
chr7:76235214-76235505	distal	.	.	4
chr7:76260184-76260650	distal	.	.	4
chr7:76267501-76267693	distal	.	.	4
chr7:76291682-76292018	distal	.	.	4
chr7:76318005-76318651	proximal	ENSG00000289059	.	8
chr7:76393083-76393580	distal	.	.	8
chr7:76437847-76438141	distal	.	.	2
chr7:76481162-76481328	distal	.	.	2
chr7:7649179-7649329	distal	.	.	6
chr7:76728653-76729024	distal	.	.	2
chr7:76939335-76939485	distal	.	.	4
chr7:77028013-77028209	distal	.	.	4
chr7:77412929-77413399	distal	.	.	10
chr7:77537739-77538092	proximal	PTPN12	.	4
chr7:77576872-77577027	distal	.	.	8
chr7:77696195-77696530	proximal	APTR,RSBN1L	.	16
chr7:80134500-80135191	distal	.	.	2
chr7:80135751-80135912	distal	.	.	2
chr7:80833181-80833621	distal	.	.	2
chr7:80833905-80834076	distal	.	.	2
chr7:80870074-80870249	distal	.	.	4
chr7:80883640-80883945	distal	.	.	2
chr7:80892998-80893161	distal	.	.	4
chr7:80918976-80919490	distal	.	.	2
chr7:81478712-81478917	distal	.	.	4
chr7:816332-816732	proximal	SUN1	.	4
chr7:817131-817281	proximal	SUN1	.	8
chr7:8433916-8434280	proximal	NXPH1	.	4
chr7:85185504-85186204	distal	.	.	4
chr7:85186566-85186996	proximal	SEMA3D	.	4
chr7:86967641-86967791	distal	.	.	8
chr7:87059576-87060206	proximal	ELAPOR2	.	4
chr7:87152008-87152899	proximal	DMTF1,DMTF1-AS1	.	8
chr7:87227074-87227224	distal	.	.	8
chr7:87345237-87345836	proximal	CROT,TP53TG1	.	8
chr7:87876045-87876672	proximal	DBF4,SLC25A40	.	8
chr7:88219865-88220569	proximal	ENSG00000228113	.	4
chr7:901456-901886	distal	.	.	18
chr7:90211591-90212184	proximal	STEAP2-AS1	.	4
chr7:90346522-90346764	distal	.	.	4
chr7:91264152-91264668	proximal	FZD1	.	4
chr7:91415263-91415413	distal	.	.	2
chr7:91839835-91839985	distal	.	.	2
chr7:91880608-91881184	proximal	ENSG00000287672,MTERF1	.	8
chr7:91940541-91941441	proximal	AKAP9	.	2
chr7:91998953-91999125	distal	.	.	4
chr7:92060747-92060897	distal	.	.	8
chr7:92069662-92069926	distal	.	.	2
chr7:92205917-92206104	proximal	ENSG00000243107	.	2
chr7:92245486-92245728	proximal	ANKIB1,ENSG00000285953,ENSG00000289027,KRIT1	.	8
chr7:92246530-92246687	proximal	ANKIB1,ENSG00000285953,ENSG00000289027,KRIT1	.	8
chr7:92382866-92383016	distal	.	.	8
chr7:92403997-92404380	distal	.	.	2
chr7:92447259-92448176	proximal	GATAD1	.	8
chr7:92527814-92527969	proximal	PEX1,RBM48	.	8
chr7:92589839-92590610	proximal	FAM133B	.	8
chr7:93232543-93232700	proximal	VPS50	.	4
chr7:93591243-93591439	proximal	GNGT1	.	4
chr7:93622316-93622889	distal	.	.	4
chr7:94003840-94004093	proximal	BET1	.	4
chr7:94301454-94301610	distal	.	.	4
chr7:94510500-94510788	distal	.	.	4
chr7:96125421-96125571	distal	.	.	4
chr7:96268586-96268736	distal	.	.	4
chr7:96321259-96322274	proximal	SLC25A13	.	8
chr7:963302-963459	distal	.	.	4
chr7:96941045-96941247	distal	.	.	4
chr7:97006109-97006980	proximal	DLX6	.	6
chr7:97189519-97189674	distal	.	.	2
chr7:97448126-97448276	distal	.	.	2
chr7:975467-975698	proximal	COX19	.	2
chr7:97871826-97872741	proximal	ASNS	.	4
chr7:97928280-97928559	distal	.	.	2
chr7:97972053-97972424	proximal	ENSG00000284707	.	2
chr7:97974450-97974600	distal	.	.	4
chr7:98106691-98107126	proximal	LMTK2	.	4
chr7:98281176-98281707	distal	.	.	2
chr7:98306120-98306359	distal	.	.	2
chr7:98423103-98423366	distal	.	.	4
chr7:98668158-98668624	distal	.	.	2
chr7:98825840-98826081	distal	.	.	2
chr7:98836729-98837129	distal	.	.	2
chr7:98879386-98879887	distal	.	.	2
chr7:99088745-99088973	distal	.	.	8
chr7:99144098-99144248	proximal	SMURF1	.	4
chr7:99209039-99209189	distal	.	.	4
chr7:99284157-99284307	distal	.	.	4
chr7:993050-993452	distal	.	.	6
chr7:99374589-99374925	proximal	ARPC1B	.	6
chr7:99438677-99439071	proximal	CPSF4	.	8
chr7:99449750-99449900	distal	.	.	2
chr7:99472648-99473009	proximal	ZNF789	.	4
chr7:99500182-99500470	distal	.	.	8
chr7:99504352-99504740	proximal	ZKSCAN5,ZNF394	.	12
chr7:99504802-99505617	proximal	ZKSCAN5,ZNF394	.	32
chr7:99551630-99552277	distal	.	.	2
chr7:99558053-99558400	proximal	ENSG00000272647,FAM200A,ZNF655	.	24
chr7:99558464-99558785	proximal	ENSG00000272647,FAM200A,ZNF655	.	30
chr7:99575211-99575361	distal	.	.	2
chr7:99616475-99617063	proximal	ZSCAN25	.	2
chr7:99850981-99851173	distal	.	.	16
chr7:99919004-99919775	proximal	TRIM4	.	16
chr7:99979878-99980028	proximal	AZGP1P1	.	6
chr7:99990970-99991157	distal	.	.	18
chr8:100150017-100150739	proximal	POLR2K	.	4
chr8:100158367-100158640	proximal	SPAG1	.	4
chr8:100212831-100213295	distal	.	.	4
chr8:100213435-100213783	distal	.	.	2
chr8:100256227-100256386	distal	.	.	2
chr8:100309456-100309778	distal	.	.	4
chr8:100309842-100310742	distal	.	.	2
chr8:100559345-100559555	proximal	ANKRD46	.	4
chr8:100564070-100564220	distal	.	.	2
chr8:100625762-100625952	distal	.	.	2
chr8:100731585-100731735	distal	.	.	2
chr8:100847490-100847736	distal	.	.	4
chr8:100860146-100860539	distal	.	.	6
chr8:100908543-100908958	distal	.	.	2
chr8:100952882-100953130	proximal	YWHAZ	.	4
chr8:101044506-101044656	distal	.	.	2
chr8:101080883-101081275	distal	.	.	2
chr8:101126332-101126716	proximal	LINC03044	.	4
chr8:101126998-101127196	proximal	LINC03044	.	4
chr8:101456525-101456740	distal	.	.	2
chr8:101474045-101474467	distal	.	.	2
chr8:101632619-101632769	distal	.	.	2
chr8:101891637-101891827	distal	.	.	4
chr8:102123791-102124182	proximal	NCALD	.	2
chr8:102325772-102325984	distal	.	.	2
chr8:102412510-102413084	proximal	UBR5	.	2
chr8:102590048-102590318	distal	.	.	4
chr8:102653651-102654214	distal	.	.	2
chr8:102655611-102656159	proximal	ENSG00000283959,KLF10	.	8
chr8:102702631-102702943	distal	.	.	2
chr8:102862910-102863361	proximal	ENSG00000289653	.	4
chr8:103020791-103021381	proximal	ATP6V1C1,ENSG00000254236	.	36
chr8:103073879-103074082	distal	.	.	2
chr8:103112431-103112582	distal	.	.	16
chr8:103349318-103349487	distal	.	.	8
chr8:103354861-103355037	distal	.	.	4
chr8:103373350-103373501	distal	.	.	2
chr8:103415035-103415528	proximal	DCAF13,SLC25A32	.	8
chr8:103499024-103499293	distal	.	.	2
chr8:103501354-103501769	proximal	ENSG00000253477,ENSG00000285982,RIMS2	.	12
chr8:103707370-103707601	distal	.	.	2
chr8:105319522-105319743	distal	.	.	2
chr8:105796790-105796952	distal	.	.	2
chr8:108082693-108083021	proximal	RSPO2	.	4
chr8:108083320-108083723	proximal	RSPO2	.	8
chr8:108185249-108185447	distal	.	.	4
chr8:108234029-108234186	distal	.	.	4
chr8:108371998-108372148	distal	.	.	4
chr8:10839671-10840215	proximal	PINX1,PINX1-DT	.	8
chr8:108495502-108495652	distal	.	.	4
chr8:108787316-108787729	proximal	TMEM74	.	4
chr8:109611138-109611599	distal	.	.	2
chr8:109735433-109735583	distal	.	.	2
chr8:11201369-11201881	proximal	XKR6	.	4
chr8:11284279-11284924	proximal	ENSG00000280273,MTMR9	.	20
chr8:11347389-11347685	proximal	TDH-AS1	.	4
chr8:115300971-115301240	distal	.	.	2
chr8:115418619-115418814	distal	.	.	2
chr8:11553862-11554017	distal	.	.	2
chr8:11657424-11657574	distal	.	.	12
chr8:11787889-11788103	distal	.	.	2
chr8:11802232-11802806	proximal	ENSG00000255046	.	4
chr8:118044214-118044366	distal	.	.	2
chr8:11807928-11808145	distal	.	.	4
chr8:11808276-11808744	distal	.	.	4
chr8:118120941-118121109	distal	.	.	2
chr8:118260769-118260919	distal	.	.	2
chr8:118415052-118415212	distal	.	.	2
chr8:11868068-11868270	distal	.	.	8
chr8:11902203-11902721	distal	.	.	2
chr8:11915973-11916123	distal	.	.	2
chr8:121642342-121642507	proximal	HAS2	.	4
chr8:12194057-12195209	proximal	ENSG00000255495,FAM86B1	.	8
chr8:122137481-122137681	distal	.	.	4
chr8:122148122-122148488	distal	.	.	4
chr8:122687020-122687435	distal	.	.	2
chr8:122969250-122969465	distal	.	.	4
chr8:123041521-123042562	proximal	DERL1,TBC1D31	.	8
chr8:123072257-123072764	distal	.	.	4
chr8:123089536-123089686	distal	.	.	2
chr8:123166740-123167051	distal	.	.	4
chr8:123241192-123241507	proximal	C8orf76	.	4
chr8:123274190-123275139	proximal	ZHX1,ZHX1-C8orf76	.	8
chr8:123396291-123396878	distal	.	.	2
chr8:123479101-123479418	distal	.	.	2
chr8:123654488-123654638	proximal	KLHL38	.	4
chr8:123768314-123768630	proximal	FAM91A1	.	4
chr8:124020912-124021062	distal	.	.	10
chr8:124037680-124037941	distal	.	.	4
chr8:124228572-124229139	distal	.	.	8
chr8:124263047-124263331	distal	.	.	8
chr8:124271471-124271748	proximal	ENSG00000253227	.	2
chr8:124282895-124283045	distal	.	.	2
chr8:124291016-124291166	distal	.	.	12
chr8:12435851-12436065	proximal	FAM86B2	.	4
chr8:12436634-12436974	proximal	FAM86B2	.	12
chr8:124425985-124426199	distal	.	.	12
chr8:124450639-124450829	proximal	TRMT12	.	2
chr8:124474452-124475342	proximal	RNF139,RNF139-DT	.	32
chr8:124475520-124475716	proximal	RNF139	.	8
chr8:124612357-124612507	distal	.	.	2
chr8:124728437-124728664	proximal	MTSS1	.	8
chr8:124774354-124774504	distal	.	.	4
chr8:124780859-124781044	distal	.	.	2
chr8:124788873-124789023	distal	.	.	4
chr8:124998041-124998973	proximal	SQLE,SQLE-DT	.	20
chr8:125091714-125091893	proximal	NSMCE2,WASHC5	.	8
chr8:125429805-125430395	proximal	TRIB1	.	4
chr8:12582221-12582380	distal	.	.	2
chr8:12659414-12659843	distal	.	.	6
chr8:12703684-12703950	distal	.	.	4
chr8:12753807-12754197	distal	.	.	2
chr8:12951420-12951901	distal	.	.	6
chr8:129726400-129726550	distal	.	.	6
chr8:129837221-129837473	distal	.	.	6
chr8:129939070-129939414	proximal	ENSG00000253720	.	8
chr8:132143246-132143396	distal	.	.	4
chr8:132675493-132675921	proximal	DNAAF11	.	4
chr8:133091469-133091753	distal	.	.	2
chr8:133453436-133453596	distal	.	.	2
chr8:134832165-134832902	proximal	ENSG00000254028	.	4
chr8:135457090-135457583	proximal	ENSG00000254372,KHDRBS3	.	4
chr8:139489390-139489540	distal	.	.	2
chr8:139756816-139757001	distal	.	.	2
chr8:139973198-139973348	distal	.	.	2
chr8:140111238-140111436	distal	.	.	4
chr8:140121486-140121636	distal	.	.	2
chr8:140457655-140458050	proximal	TRAPPC9	.	6
chr8:140458142-140458374	proximal	TRAPPC9	.	2
chr8:140464197-140465038	distal	.	.	2
chr8:140511043-140512162	proximal	CHRAC1	.	4
chr8:140610686-140610836	distal	.	.	2
chr8:140619506-140619697	distal	.	.	4
chr8:140637482-140637643	distal	.	.	2
chr8:140845264-140845490	distal	.	.	4
chr8:140856003-140856274	distal	.	.	6
chr8:141000725-141001510	distal	.	.	6
chr8:141001650-141001800	proximal	PTK2	.	4
chr8:141026324-141026477	distal	.	.	10
chr8:141084465-141084862	distal	.	.	2
chr8:141128006-141128868	distal	.	.	4
chr8:141308255-141308673	proximal	SLC45A4	.	8
chr8:141492282-141492482	distal	.	.	2
chr8:141507816-141508016	proximal	ENSG00000287325,MROH5	.	8
chr8:141753770-141753960	distal	.	.	4
chr8:141942251-141942401	distal	.	.	2
chr8:142452861-142453105	distal	.	.	2
chr8:142475643-142475995	distal	.	.	6
chr8:142624063-142624284	distal	.	.	2
chr8:142678377-142678587	distal	.	.	2
chr8:142699696-142700076	proximal	LY6K	.	10
chr8:142726499-142727372	proximal	ENSG00000253806,LNCOC1,THEM6	.	6
chr8:142739086-142739383	distal	.	.	2
chr8:142739470-142739642	distal	.	.	2
chr8:142739707-142739899	distal	.	.	6
chr8:142777232-142777655	proximal	LYNX1,LYNX1-SLURP2	.	8
chr8:142864999-142865274	distal	.	.	8
chr8:143231533-143231841	distal	.	.	4
chr8:143246458-143246958	proximal	ENSG00000264668,ZFP41	.	16
chr8:143267350-143267722	proximal	GLI4	.	4
chr8:143278672-143278851	distal	.	.	4
chr8:143291288-143291457	proximal	ENSG00000272172	.	8
chr8:143340947-143341111	distal	.	.	6
chr8:143407942-143408223	distal	.	.	2
chr8:143430779-143431201	proximal	MAFA	.	2
chr8:143617210-143617367	proximal	GFUS	.	8
chr8:143618341-143618714	proximal	GFUS	.	8
chr8:143828939-143829948	proximal	ENSG00000287222	.	6
chr8:143840312-143840690	proximal	NRBP2	.	4
chr8:143840882-143841416	proximal	NRBP2	.	2
chr8:143902567-143902786	distal	.	.	4
chr8:143952019-143952414	distal	.	.	4
chr8:143973522-143973672	distal	.	.	8
chr8:143974934-143975154	distal	.	.	4
chr8:143989895-143990201	proximal	GRINA	.	4
chr8:144019797-144020000	distal	.	.	8
chr8:144046215-144046379	distal	.	.	4
chr8:144062517-144062673	distal	.	.	8
chr8:144078390-144078811	proximal	ENSG00000255224,ENSG00000290230,EXOSC4	.	30
chr8:144082458-144082656	proximal	GPAA1	.	4
chr8:144094784-144095166	proximal	CYC1	.	2
chr8:144104116-144104548	proximal	MAF1	.	4
chr8:144104819-144105082	proximal	MAF1	.	12
chr8:144137212-144137843	proximal	HGH1	.	8
chr8:144147660-144148038	proximal	MROH1	.	20
chr8:144233321-144233612	distal	.	.	2
chr8:144291367-144291733	proximal	BOP1,HSF1	.	4
chr8:144316094-144316375	distal	.	.	4
chr8:144326653-144327009	proximal	DGAT1	.	12
chr8:144331802-144332191	distal	.	.	6
chr8:144343123-144343390	distal	.	.	14
chr8:144372713-144373101	proximal	ADCK5	.	6
chr8:144373735-144374157	proximal	ADCK5	.	8
chr8:144390534-144390741	distal	.	.	4
chr8:144396960-144397152	distal	.	.	4
chr8:144409253-144409479	proximal	CPSF1,ENSG00000272115	.	4
chr8:144412935-144413307	distal	.	.	8
chr8:144413515-144413746	distal	.	.	4
chr8:144428382-144428922	proximal	VPS28	.	10
chr8:144444057-144444278	proximal	TONSL	.	8
chr8:144477814-144478097	proximal	PPP1R16A	.	14
chr8:144478191-144478413	proximal	PPP1R16A	.	10
chr8:144508302-144508819	proximal	MFSD3	.	8
chr8:144508970-144509338	proximal	MFSD3	.	4
chr8:144517775-144518012	proximal	LRRC14,RECQL4	.	4
chr8:144522083-144522605	distal	.	.	8
chr8:144528606-144529158	proximal	C8orf82	.	6
chr8:144567691-144567888	distal	.	.	6
chr8:144786713-144787092	proximal	ZNF34	.	8
chr8:144787206-144787626	proximal	ZNF34	.	14
chr8:144792384-144792617	proximal	RPL8	.	6
chr8:144798654-144798995	proximal	ZNF517	.	4
chr8:144805131-144805297	distal	.	.	4
chr8:144826953-144827618	proximal	ZNF7	.	6
chr8:144852579-144853187	proximal	COMMD5	.	4
chr8:144882116-144882296	distal	.	.	24
chr8:144900834-144901746	proximal	ZNF250	.	6
chr8:144901852-144902313	proximal	ZNF250	.	6
chr8:144950632-144951010	proximal	ZNF16	.	8
chr8:145002607-145003285	proximal	ZNF252P,ZNF252P-AS1	.	4
chr8:145026544-145026694	distal	.	.	4
chr8:145026789-145027009	distal	.	.	4
chr8:145052331-145052578	proximal	C8orf33	.	6
chr8:17001373-17001979	proximal	FGF20	.	2
chr8:17027044-17027433	proximal	ENSG00000289225,MICU3	.	16
chr8:17247358-17247654	proximal	CNOT7,VPS37A	.	8
chr8:17383072-17383475	distal	.	.	2
chr8:17593964-17594114	distal	.	.	8
chr8:17767407-17767655	distal	.	.	2
chr8:17922494-17923093	proximal	PCM1	.	2
chr8:19013625-19014164	distal	.	.	4
chr8:19757817-19757997	proximal	CSGALNACT1	.	4
chr8:22010225-22010447	distal	.	.	14
chr8:22092147-22092297	distal	.	.	2
chr8:22109602-22109876	proximal	NUDT18	.	2
chr8:22141174-22141426	proximal	REEP4	.	6
chr8:22245017-22245452	proximal	POLR3D	.	6
chr8:22272212-22272362	distal	.	.	2
chr8:22358774-22358924	distal	.	.	4
chr8:22366918-22367392	proximal	SLC39A14	.	10
chr8:22440386-22441516	proximal	PPP3CC	.	2
chr8:22561884-22562078	distal	.	.	4
chr8:22599029-22599634	proximal	C8orf58	.	2
chr8:22604879-22605130	proximal	CCAR2	.	4
chr8:22669035-22669332	proximal	BIN3	.	4
chr8:22684695-22684845	proximal	ENSG00000261026	.	4
chr8:22693432-22693695	proximal	EGR3	.	4
chr8:22864900-22865207	distal	.	.	4
chr8:22948885-22949035	distal	.	.	2
chr8:23050097-23050247	distal	.	.	2
chr8:23171117-23171348	distal	.	.	2
chr8:23457166-23457493	proximal	ENTPD4	.	4
chr8:26291203-26291810	proximal	PPP2R2A	.	4
chr8:26578369-26578647	distal	.	.	4
chr8:27311244-27311722	proximal	PTK2B,TRIM35	.	8
chr8:27426310-27426649	distal	.	.	4
chr8:27614618-27614946	proximal	CLU	.	4
chr8:27774228-27774799	distal	.	.	2
chr8:27808772-27808991	distal	.	.	8
chr8:27837347-27838105	proximal	PBK	.	4
chr8:27863906-27864165	distal	.	.	2
chr8:27992593-27992873	proximal	SCARA5	.	2
chr8:28386118-28386577	distal	.	.	4
chr8:28425604-28425754	distal	.	.	2
chr8:28481972-28482122	distal	.	.	2
chr8:28490139-28490423	proximal	FBXO16	.	2
chr8:30082323-30083594	proximal	ENSG00000272256,SARAF	.	8
chr8:30095317-30095576	proximal	ENSG00000289334,LEPROTL1	.	8
chr8:30156173-30156836	proximal	DCTN6,DCTN6-DT	.	8
chr8:30384306-30385199	proximal	RBPMS,RBPMS-AS1	.	8
chr8:30812727-30812938	distal	.	.	8
chr8:30836986-30837215	distal	.	.	8
chr8:33484924-33485218	proximal	MAK16	.	2
chr8:33485303-33485669	proximal	MAK16	.	2
chr8:37100264-37100991	distal	.	.	4
chr8:37114981-37115131	distal	.	.	4
chr8:37142780-37143189	distal	.	.	2
chr8:37144924-37145097	distal	.	.	4
chr8:37147942-37148331	distal	.	.	4
chr8:37224823-37225045	distal	.	.	4
chr8:37302124-37302279	distal	.	.	2
chr8:37302572-37303282	distal	.	.	2
chr8:37359539-37360169	distal	.	.	2
chr8:37360372-37360698	distal	.	.	6
chr8:37393058-37393519	distal	.	.	2
chr8:37413833-37413983	distal	.	.	2
chr8:37452260-37453705	distal	.	.	2
chr8:37547144-37547587	distal	.	.	2
chr8:37548118-37548326	distal	.	.	2
chr8:37610846-37611201	distal	.	.	6
chr8:37611558-37611776	distal	.	.	10
chr8:37637161-37637630	distal	.	.	4
chr8:37675312-37675934	distal	.	.	2
chr8:37695174-37695780	proximal	ZNF703	.	4
chr8:37727218-37727402	distal	.	.	8
chr8:37762141-37762891	proximal	PLPBP	.	8
chr8:37779910-37780067	distal	.	.	4
chr8:37849788-37850110	proximal	BRF2	.	2
chr8:37873972-37874122	distal	.	.	2
chr8:37899086-37899843	proximal	RAB11FIP1	.	14
chr8:37916236-37916450	distal	.	.	2
chr8:37996370-37996572	distal	.	.	2
chr8:38104872-38105042	proximal	ASH2L	.	8
chr8:38147686-38147934	proximal	ENSG00000253356	.	12
chr8:38176096-38176347	proximal	BAG4,LSM1	.	16
chr8:38176422-38176626	proximal	BAG4,LSM1	.	4
chr8:38176722-38177250	proximal	BAG4,LSM1	.	16
chr8:38231218-38231662	proximal	ENSG00000285632	.	4
chr8:38268485-38269614	proximal	PLPP5	.	4
chr8:38381355-38381559	proximal	ENSG00000272092,NSD3	.	20
chr8:38382232-38382727	proximal	ENSG00000272092,NSD3	.	20
chr8:38442410-38442569	distal	.	.	8
chr8:38467577-38467727	distal	.	.	4
chr8:38468554-38468767	proximal	FGFR1	.	4
chr8:38611617-38611804	distal	.	.	8
chr8:38721455-38721648	distal	.	.	8
chr8:38786944-38787543	distal	.	.	8
chr8:38799964-38800146	proximal	ENSG00000253586	.	4
chr8:38985393-38985628	distal	.	.	8
chr8:38996065-38996344	proximal	ADAM9,TM2D2	.	16
chr8:38996456-38997265	proximal	ADAM9,TM2D2	.	28
chr8:41490379-41490644	distal	.	.	4
chr8:41528799-41529479	proximal	GINS4	.	4
chr8:41577555-41578277	proximal	GPAT4,GPAT4-AS1	.	4
chr8:41895937-41896187	proximal	ANK1	.	4
chr8:42010652-42010802	distal	.	.	4
chr8:42140350-42140968	proximal	ENSG00000271938,ENSG00000289603	.	16
chr8:42207531-42207775	proximal	PLAT	.	4
chr8:42271169-42271483	proximal	IKBKB,IKBKB-DT	.	8
chr8:42379923-42380210	distal	.	.	8
chr8:42429984-42430232	distal	.	.	8
chr8:42526100-42526262	distal	.	.	6
chr8:42541487-42542292	proximal	SLC20A2,SMIM19	.	8
chr8:43055913-43056756	distal	.	.	2
chr8:43093203-43094031	proximal	POMK	.	8
chr8:43171072-43171307	distal	.	.	4
chr8:47659834-47660036	distal	.	.	4
chr8:47738196-47738592	proximal	CEBPD	.	4
chr8:48509606-48509756	distal	.	.	2
chr8:48514514-48514778	distal	.	.	2
chr8:48514873-48515275	distal	.	.	4
chr8:52087959-52088109	distal	.	.	2
chr8:52595507-52595657	distal	.	.	2
chr8:53692964-53693325	distal	.	.	2
chr8:53842787-53842991	proximal	ATP6V1H	.	4
chr8:53879798-53880182	distal	.	.	6
chr8:53945089-53945279	distal	.	.	4
chr8:53945555-53945762	distal	.	.	4
chr8:54022153-54022844	proximal	TCEA1	.	8
chr8:54040301-54040451	distal	.	.	2
chr8:54153342-54153492	distal	.	.	4
chr8:54202912-54203123	distal	.	.	2
chr8:56179077-56179227	distal	.	.	2
chr8:56464000-56464156	distal	.	.	2
chr8:56993745-56994071	proximal	BPNT2	.	4
chr8:57345309-57345660	distal	.	.	4
chr8:57546692-57547022	distal	.	.	2
chr8:57953402-57953561	distal	.	.	2
chr8:60908902-60909131	distal	.	.	2
chr8:61023615-61023781	distal	.	.	2
chr8:61563307-61563466	distal	.	.	2
chr8:61728399-61728549	distal	.	.	2
chr8:65633650-65634460	proximal	ARMC1	.	12
chr8:65706166-65706316	distal	.	.	8
chr8:65721317-65721534	distal	.	.	2
chr8:65841924-65842751	proximal	PDE7A,PDE7A-DT	.	12
chr8:65969944-65970094	distal	.	.	4
chr8:66428493-66429294	proximal	RRS1,RRS1-DT	.	8
chr8:66439009-66439159	distal	.	.	6
chr8:66439466-66439664	distal	.	.	4
chr8:66548375-66548731	distal	.	.	4
chr8:66599583-66599810	distal	.	.	2
chr8:66605379-66605758	distal	.	.	2
chr8:66666899-66667863	proximal	C8orf44,C8orf44-SGK3,VCPIP1	.	12
chr8:66712420-66712897	proximal	SGK3	.	8
chr8:66774511-66774670	distal	.	.	4
chr8:66774796-66775621	distal	.	.	2
chr8:66821739-66821889	distal	.	.	8
chr8:66925460-66925707	proximal	SNHG6	.	4
chr8:67152956-67153106	distal	.	.	2
chr8:67342902-67343147	proximal	ARFGEF1,ARFGEF1-DT	.	8
chr8:67343221-67344060	proximal	ARFGEF1,ARFGEF1-DT	.	20
chr8:6811253-6811403	distal	.	.	4
chr8:69833264-69833626	proximal	SLCO5A1-AS1	.	8
chr8:69942452-69942687	distal	.	.	2
chr8:69994640-69995218	distal	.	.	4
chr8:70088655-70088823	distal	.	.	6
chr8:70165774-70165952	distal	.	.	4
chr8:70245133-70245550	distal	.	.	12
chr8:70257509-70257690	distal	.	.	2
chr8:70393080-70393265	distal	.	.	2
chr8:70402004-70403035	distal	.	.	16
chr8:70403354-70403571	proximal	NCOA2	.	4
chr8:70417169-70417319	distal	.	.	2
chr8:70668517-70668667	proximal	ENSG00000285579,LACTB2,XKR9	.	12
chr8:70668798-70669486	proximal	ENSG00000285579,LACTB2,XKR9	.	12
chr8:70718154-70718304	distal	.	.	2
chr8:7091812-7092062	proximal	ENSG00000290357	.	4
chr8:72479385-72479625	distal	.	.	2
chr8:72527004-72527154	distal	.	.	6
chr8:72536764-72537087	proximal	KCNB2	.	4
chr8:73008576-73009381	proximal	TERF1	.	6
chr8:73090070-73090333	distal	.	.	4
chr8:73096479-73096691	distal	.	.	2
chr8:73174116-73174518	distal	.	.	2
chr8:73226176-73226357	distal	.	.	2
chr8:73293569-73293761	proximal	RDH10	.	6
chr8:73293825-73294617	proximal	RDH10	.	10
chr8:73438027-73438356	distal	.	.	2
chr8:73449216-73449366	distal	.	.	2
chr8:73484086-73484236	distal	.	.	4
chr8:73878755-73879350	proximal	ENSG00000258677,ENSG00000286113,UBE2W	.	6
chr8:73971823-73972672	proximal	ELOC,TMEM70	.	4
chr8:73976370-73976699	distal	.	.	2
chr8:74320416-74320700	proximal	GDAP1,JPH1	.	8
chr8:74948413-74948701	distal	.	.	8
chr8:75082128-75082563	distal	.	.	2
chr8:75324181-75324853	distal	.	.	2
chr8:79101049-79101199	distal	.	.	2
chr8:79684684-79684876	distal	.	.	2
chr8:79783547-79784363	distal	.	.	8
chr8:79905892-79906042	distal	.	.	2
chr8:79982339-79982821	distal	.	.	2
chr8:80029626-80030109	proximal	MRPS28	.	8
chr8:80110775-80111032	distal	.	.	8
chr8:80120991-80121141	distal	.	.	2
chr8:80171119-80171781	distal	.	.	2
chr8:80240703-80240932	distal	.	.	4
chr8:80485808-80486506	proximal	ENSG00000251867,ZBTB10	.	8
chr8:80487169-80487570	proximal	ENSG00000251867	.	8
chr8:80578049-80578794	distal	.	.	8
chr8:81426981-81427313	distal	.	.	2
chr8:81572524-81572674	distal	.	.	8
chr8:81721122-81721698	distal	.	.	2
chr8:81841903-81842352	proximal	LINC02235,SNX16	.	8
chr8:85245396-85246206	proximal	ENSG00000258256	.	6
chr8:85463202-85463437	proximal	CA2	.	2
chr8:85657468-85657673	distal	.	.	4
chr8:85660242-85660499	distal	.	.	2
chr8:85774028-85774447	distal	.	.	2
chr8:86366251-86366401	distal	.	.	2
chr8:86508308-86508933	distal	.	.	10
chr8:86514268-86514964	proximal	CPNE3,RMDN1	.	8
chr8:89535604-89535772	distal	.	.	4
chr8:89902344-89903104	proximal	OSGIN2	.	4
chr8:9002609-9003198	proximal	ERI1	.	4
chr8:90646051-90646455	proximal	ENSG00000246792	.	4
chr8:90920550-90920747	distal	.	.	8
chr8:91069956-91070714	proximal	OTUD6B,OTUD6B-AS1	.	12
chr8:93874100-93874537	distal	.	.	2
chr8:93976551-93976710	distal	.	.	2
chr8:94009158-94009520	distal	.	.	4
chr8:94533661-94533851	proximal	ENSG00000254315	.	4
chr8:94553414-94553881	proximal	VIRMA,VIRMA-DT	.	12
chr8:94823045-94823338	distal	.	.	14
chr8:94823400-94823628	distal	.	.	2
chr8:94878952-94879352	distal	.	.	4
chr8:94895062-94895370	proximal	NDUFAF6	.	8
chr8:94895635-94896332	proximal	CCNE2,NDUFAF6	.	12
chr8:94925779-94925994	distal	.	.	2
chr8:94949345-94949604	proximal	TP53INP1	.	4
chr8:94951226-94951376	distal	.	.	2
chr8:95133330-95134140	distal	.	.	12
chr8:95268691-95269903	proximal	CFAP418	.	4
chr8:95269986-95270145	proximal	CFAP418	.	4
chr8:96228622-96228772	distal	.	.	8
chr8:96261367-96262303	proximal	MTERF3,PTDSS1	.	20
chr8:96323531-96323681	distal	.	.	2
chr8:96356465-96356615	distal	.	.	2
chr8:96493492-96493814	proximal	SDC2	.	4
chr8:96495047-96495428	distal	.	.	8
chr8:97643836-97644297	proximal	ENSG00000287654,MTDH	.	12
chr8:97730731-97730948	distal	.	.	2
chr8:97869485-97869727	proximal	MATN2	.	4
chr8:97897662-97897812	distal	.	.	8
chr8:97933674-97933851	distal	.	.	2
chr8:98045281-98046196	proximal	ENSG00000288752,RPL30	.	12
chr8:98064475-98064896	proximal	ERICH5	.	4
chr8:98101987-98102137	distal	.	.	2
chr8:98117027-98117664	proximal	POP1,RIDA	.	20
chr8:98147033-98147360	distal	.	.	8
chr8:98293472-98294451	proximal	NIPAL2	.	4
chr8:9831108-9831258	distal	.	.	4
chr8:98471139-98471308	distal	.	.	8
chr8:98825238-98826268	distal	.	.	8
chr8:98866191-98866370	distal	.	.	2
chr8:99012959-99013664	proximal	VPS13B,VPS13B-DT	.	16
chr8:99114836-99114986	distal	.	.	10
chr8:99126303-99126453	distal	.	.	10
chr8:99893614-99893856	proximal	COX6C,ENSG00000287952	.	8
chr9:100120687-100120888	distal	.	.	4
chr9:100136936-100137093	distal	.	.	6
chr9:100323029-100323179	distal	.	.	4
chr9:100427037-100427420	proximal	MSANTD3	.	4
chr9:100473246-100473531	proximal	TMEFF1	.	4
chr9:100598620-100598923	distal	.	.	2
chr9:104747517-104748280	proximal	NIPSNAP3A	.	2
chr9:104763961-104764416	proximal	NIPSNAP3B	.	2
chr9:104926486-104926926	proximal	ENSG00000226334	.	2
chr9:105071752-105071955	distal	.	.	2
chr9:105244267-105245210	proximal	SLC44A1	.	2
chr9:105447885-105448779	proximal	FSD1L	.	6
chr9:105515922-105516176	distal	.	.	4
chr9:105658723-105658873	distal	.	.	2
chr9:105694767-105695043	proximal	TMEM38B	.	2
chr9:109027422-109027646	distal	.	.	4
chr9:109098516-109098944	distal	.	.	6
chr9:109119456-109119798	proximal	TMEM245	.	10
chr9:109320181-109320340	proximal	EPB41L4B	.	4
chr9:109321004-109321230	proximal	EPB41L4B	.	2
chr9:109331104-109331254	distal	.	.	4
chr9:109401565-109401765	distal	.	.	2
chr9:111400117-111400341	distal	.	.	2
chr9:111524991-111525222	proximal	ZNF483	.	2
chr9:111830102-111830277	distal	.	.	2
chr9:112333206-112334271	proximal	PTBP3	.	2
chr9:112379579-112380264	proximal	HSDL2	.	4
chr9:112607720-112607870	distal	.	.	4
chr9:112956202-112956352	distal	.	.	12
chr9:113056694-113056869	proximal	ZFP37	.	10
chr9:113059908-113060242	distal	.	.	4
chr9:113150896-113151180	proximal	SLC31A2	.	6
chr9:113168239-113168487	distal	.	.	2
chr9:113220952-113221649	proximal	FKBP15,SLC31A1	.	16
chr9:113274936-113275810	proximal	CDC26,PRPF4	.	16
chr9:113339938-113340115	proximal	WDR31	.	4
chr9:113340193-113340506	proximal	WDR31	.	8
chr9:113401059-113401683	proximal	ALAD	.	4
chr9:113410285-113410845	proximal	C9orf43,POLE3	.	12
chr9:113448278-113448428	distal	.	.	2
chr9:113454902-113455259	distal	.	.	8
chr9:113493212-113493373	distal	.	.	6
chr9:113593862-113594104	distal	.	.	10
chr9:113620645-113620871	distal	.	.	2
chr9:113784312-113784650	distal	.	.	4
chr9:113807482-113807836	distal	.	.	4
chr9:113950886-113951259	distal	.	.	12
chr9:114082556-114082706	distal	.	.	4
chr9:114098071-114098324	distal	.	.	8
chr9:114155330-114155578	proximal	COL27A1	.	4
chr9:114397980-114398622	proximal	ENSG00000235119	.	12
chr9:114529965-114530115	distal	.	.	2
chr9:120713864-120714092	proximal	MEGF9	.	4
chr9:120743036-120743216	distal	.	.	8
chr9:120792991-120793651	proximal	B3GALT9,FBXW2	.	16
chr9:120804827-120805022	distal	.	.	2
chr9:120868517-120869391	distal	.	.	8
chr9:120876890-120877246	distal	.	.	2
chr9:120877313-120877603	distal	.	.	2
chr9:120936587-120936744	distal	.	.	2
chr9:121062021-121062320	distal	.	.	2
chr9:121074759-121075320	proximal	C5,CNTRL	.	8
chr9:121180463-121180620	distal	.	.	4
chr9:121201519-121202421	distal	.	.	2
chr9:121213061-121213475	distal	.	.	6
chr9:121267759-121268391	distal	.	.	8
chr9:121319148-121319351	distal	.	.	2
chr9:121320248-121320428	distal	.	.	2
chr9:121686783-121687159	distal	.	.	2
chr9:121699006-121699242	distal	.	.	2
chr9:121735173-121735348	distal	.	.	2
chr9:121887637-121888159	distal	.	.	2
chr9:121913008-121913158	distal	.	.	4
chr9:122092576-122093043	proximal	TTLL11	.	2
chr9:122093210-122093501	proximal	TTLL11	.	4
chr9:122123105-122123255	distal	.	.	6
chr9:122151261-122151537	distal	.	.	8
chr9:122159712-122159957	proximal	MORN5,NDUFA8	.	8
chr9:122213886-122214321	distal	.	.	2
chr9:122322765-122322915	distal	.	.	8
chr9:122440071-122440228	distal	.	.	2
chr9:122904907-122905584	proximal	RC3H2	.	2
chr9:122912923-122913439	proximal	ZBTB6	.	8
chr9:122914049-122914258	proximal	ZBTB6	.	2
chr9:122931102-122931913	proximal	ZBTB26	.	8
chr9:122940599-122941372	proximal	ENSG00000286718,RABGAP1	.	8
chr9:123102618-123102768	distal	.	.	4
chr9:123208563-123208729	distal	.	.	4
chr9:123268325-123269054	proximal	STRBP	.	8
chr9:123303089-123303320	distal	.	.	2
chr9:123349747-123350143	distal	.	.	8
chr9:123356039-123356193	proximal	CRB2	.	2
chr9:123360348-123360575	distal	.	.	4
chr9:123914709-123914905	distal	.	.	2
chr9:123929888-123930330	proximal	DENND1A	.	8
chr9:123980846-123981006	distal	.	.	2
chr9:123982966-123983116	distal	.	.	2
chr9:124163249-124163464	distal	.	.	2
chr9:124287316-124287475	distal	.	.	4
chr9:124415335-124415675	proximal	PSMB7	.	2
chr9:124419646-124419807	distal	.	.	2
chr9:124431571-124431750	distal	.	.	4
chr9:124501775-124501925	distal	.	.	4
chr9:124551852-124552043	distal	.	.	2
chr9:124658267-124658767	proximal	MIR181A2HG	.	4
chr9:124659161-124659663	proximal	MIR181A2HG	.	2
chr9:124771234-124771451	proximal	NR6A1	.	8
chr9:124818464-124818614	distal	.	.	2
chr9:124852880-124853030	proximal	WDR38	.	2
chr9:124861884-124862809	proximal	ARPC5L,RPL35	.	8
chr9:124869573-124869840	proximal	ENSG00000289285	.	4
chr9:125075945-125076095	distal	.	.	8
chr9:125143455-125143919	proximal	SCAI	.	8
chr9:125151997-125152189	distal	.	.	4
chr9:125200370-125200615	proximal	RABEPK	.	2
chr9:125235043-125235324	distal	.	.	4
chr9:125255423-125255608	distal	.	.	2
chr9:125374747-125375008	distal	.	.	2
chr9:125408033-125408463	distal	.	.	4
chr9:125675433-125675583	distal	.	.	2
chr9:125763358-125763611	distal	.	.	4
chr9:125862984-125863254	distal	.	.	4
chr9:125935229-125935379	distal	.	.	2
chr9:126151751-126151901	distal	.	.	4
chr9:126386216-126386366	distal	.	.	4
chr9:126564699-126564895	distal	.	.	6
chr9:126611509-126612137	distal	.	.	10
chr9:126690475-126690625	distal	.	.	4
chr9:126705362-126705586	proximal	ENSG00000286428	.	2
chr9:126722523-126722722	distal	.	.	8
chr9:126781842-126782088	distal	.	.	2
chr9:126804632-126805283	proximal	ZBTB43	.	4
chr9:126860137-126861122	proximal	ZBTB34	.	14
chr9:126914514-126914846	proximal	RALGPS1	.	2
chr9:126917034-126917194	distal	.	.	4
chr9:126957027-126957331	distal	.	.	2
chr9:127005057-127005207	distal	.	.	6
chr9:127155064-127155214	distal	.	.	6
chr9:127244847-127245793	distal	.	.	18
chr9:127271515-127271885	distal	.	.	2
chr9:127388198-127388752	distal	.	.	6
chr9:127396679-127397578	proximal	SLC2A8	.	12
chr9:127423975-127424156	proximal	ZNF79	.	10
chr9:127424280-127424483	proximal	ZNF79	.	8
chr9:127451870-127452170	proximal	LRSAM1,RPL12	.	16
chr9:127463249-127463440	distal	.	.	4
chr9:127567906-127568239	distal	.	.	12
chr9:127568570-127568769	distal	.	.	18
chr9:127568853-127569375	distal	.	.	16
chr9:127569495-127569645	distal	.	.	14
chr9:127608219-127608737	distal	.	.	10
chr9:127611981-127612592	distal	.	.	4
chr9:127612825-127613210	distal	.	.	8
chr9:127715533-127716318	proximal	TTC16	.	6
chr9:127721758-127721908	distal	.	.	2
chr9:127724837-127725053	proximal	PTRH1	.	10
chr9:127734647-127734899	proximal	TOR2A	.	14
chr9:127734962-127735486	proximal	TOR2A	.	12
chr9:127740767-127740917	distal	.	.	18
chr9:127754144-127754706	proximal	ENSG00000286196	.	8
chr9:127754820-127755110	proximal	ENSG00000286196	.	4
chr9:127762629-127762789	distal	.	.	4
chr9:127771237-127771757	distal	.	.	22
chr9:127785641-127785800	proximal	CDK9	.	12
chr9:127785863-127786140	proximal	CDK9	.	22
chr9:127786210-127786703	proximal	CDK9	.	8
chr9:127802593-127803313	distal	.	.	2
chr9:127809611-127810207	distal	.	.	12
chr9:127825650-127825800	distal	.	.	10
chr9:127828516-127828700	distal	.	.	8
chr9:127869970-127870371	distal	.	.	4
chr9:127877197-127877795	proximal	AK1	.	8
chr9:127916680-127917330	proximal	ST6GALNAC4	.	4
chr9:127921633-127921870	distal	.	.	6
chr9:127930760-127930988	proximal	PIP5KL1	.	12
chr9:127931197-127931573	proximal	PIP5KL1	.	2
chr9:127942858-127943046	distal	.	.	4
chr9:127955515-127955823	distal	.	.	22
chr9:127965547-127965697	distal	.	.	2
chr9:127980540-127981322	proximal	FAM102A	.	6
chr9:128035250-128035528	distal	.	.	2
chr9:128057271-128057449	proximal	ENSG00000230848	.	2
chr9:128067206-128067627	proximal	NAIF1,SLC25A25	.	16
chr9:128067754-128068249	proximal	NAIF1,SLC25A25	.	24
chr9:128098234-128098602	distal	.	.	2
chr9:128128088-128128339	proximal	PTGES2,PTGES2-AS1	.	60
chr9:128128405-128128557	proximal	PTGES2,PTGES2-AS1	.	8
chr9:128150752-128151095	distal	.	.	20
chr9:128159566-128160380	proximal	BBLN	.	2
chr9:128191133-128191374	proximal	DNM1	.	10
chr9:128191522-128191698	proximal	DNM1	.	4
chr9:128192809-128193355	distal	.	.	2
chr9:128203225-128203471	distal	.	.	4
chr9:128203895-128204485	proximal	CIZ1	.	6
chr9:128218713-128219007	distal	.	.	20
chr9:128255346-128255527	distal	.	.	12
chr9:128275667-128276301	proximal	GOLGA2,SWI5	.	8
chr9:128276365-128276586	proximal	GOLGA2	.	12
chr9:128295439-128295615	distal	.	.	6
chr9:128322165-128322315	proximal	COQ4,TRUB2	.	32
chr9:128322382-128323127	proximal	COQ4,TRUB2	.	8
chr9:128340056-128341190	proximal	SLC27A4	.	16
chr9:128362199-128362468	distal	.	.	10
chr9:128370938-128371505	proximal	URM1	.	8
chr9:128419315-128419465	distal	.	.	12
chr9:128420301-128420511	distal	.	.	10
chr9:128421105-128421265	distal	.	.	12
chr9:128438513-128438899	distal	.	.	6
chr9:128455894-128456563	distal	.	.	6
chr9:128487908-128488137	distal	.	.	8
chr9:128504415-128504951	proximal	GLE1	.	8
chr9:128511926-128512076	distal	.	.	4
chr9:128552034-128552768	proximal	ENSG00000228395,SPTAN1	.	32
chr9:128635218-128635490	distal	.	.	28
chr9:128688700-128689329	distal	.	.	18
chr9:128702395-128702849	proximal	PKN3	.	4
chr9:128723884-128724524	proximal	ZDHHC12,ZDHHC12-DT	.	16
chr9:128762470-128762634	distal	.	.	8
chr9:128771797-128772502	proximal	ZER1	.	8
chr9:128786705-128787342	proximal	TBC1D13	.	16
chr9:128787400-128787638	proximal	TBC1D13	.	4
chr9:128818244-128818508	proximal	ENDOG	.	4
chr9:128819207-128819375	proximal	ENDOG	.	2
chr9:128829510-128830003	proximal	SPOUT1	.	10
chr9:128881901-128882221	proximal	ENSG00000286112,KYAT1,LRRC8A	.	24
chr9:128887876-128888026	distal	.	.	20
chr9:129006822-129007000	distal	.	.	12
chr9:129036307-129036967	proximal	MIGA2	.	24
chr9:129080609-129081178	proximal	DOLPP1,ENSG00000287234	.	12
chr9:129103145-129103337	distal	.	.	6
chr9:129110702-129111862	proximal	CRAT,PTPA	.	4
chr9:129139287-129139438	proximal	ENSG00000235007	.	4
chr9:129139896-129140205	proximal	ENSG00000235007	.	4
chr9:129142998-129143224	distal	.	.	12
chr9:129150678-129150833	distal	.	.	4
chr9:129178194-129178470	proximal	IER5L	.	10
chr9:129202860-129203280	distal	.	.	10
chr9:129243139-129243505	distal	.	.	2
chr9:129258359-129258789	distal	.	.	18
chr9:129352802-129353109	distal	.	.	2
chr9:129413332-129414350	distal	.	.	2
chr9:129460233-129460617	distal	.	.	6
chr9:129482851-129483051	proximal	ENSG00000261334	.	18
chr9:129488564-129488902	distal	.	.	2
chr9:129496411-129496582	distal	.	.	4
chr9:129496790-129496940	distal	.	.	16
chr9:129610561-129610779	distal	.	.	2
chr9:129611135-129611373	distal	.	.	6
chr9:129626026-129626516	distal	.	.	14
chr9:129631580-129631745	distal	.	.	4
chr9:129642090-129642484	proximal	ASB6	.	4
chr9:129671593-129671748	distal	.	.	6
chr9:129697153-129697618	distal	.	.	4
chr9:129726664-129726917	distal	.	.	2
chr9:129737605-129737853	distal	.	.	14
chr9:129759440-129759656	distal	.	.	6
chr9:129790416-129790743	distal	.	.	2
chr9:129802959-129803554	proximal	TOR1B	.	12
chr9:129824047-129824419	proximal	TOR1A	.	4
chr9:129835105-129835528	proximal	C9orf78,USP20	.	12
chr9:129835686-129836005	proximal	C9orf78	.	10
chr9:129858648-129859100	distal	.	.	6
chr9:129885029-129885306	proximal	ENSG00000288956	.	6
chr9:129912480-129912654	distal	.	.	4
chr9:130043109-130043674	proximal	FNBP1	.	6
chr9:130054245-130054407	proximal	ENSG00000289226,GPR107	.	8
chr9:130107244-130107394	distal	.	.	8
chr9:130172192-130172409	proximal	NCS1	.	4
chr9:130237989-130238139	distal	.	.	2
chr9:130444609-130444942	proximal	ASS1	.	4
chr9:130445427-130445691	proximal	ASS1	.	6
chr9:130445862-130446012	proximal	ASS1	.	6
chr9:130470248-130470499	distal	.	.	4
chr9:130552536-130552720	distal	.	.	8
chr9:130579405-130579686	proximal	FUBP3	.	10
chr9:130690035-130690304	distal	.	.	2
chr9:130693519-130693829	proximal	EXOSC2	.	6
chr9:130701132-130701335	distal	.	.	4
chr9:130712478-130713104	proximal	ABL1,ENSG00000288570	.	16
chr9:130713177-130713343	proximal	ABL1,ENSG00000288570	.	12
chr9:130825061-130825403	distal	.	.	2
chr9:130958587-130958827	distal	.	.	4
chr9:131046814-131046987	distal	.	.	14
chr9:131096278-131096589	proximal	AIF1L	.	2
chr9:131125313-131125757	proximal	NUP214	.	6
chr9:131278022-131278267	proximal	FAM78A	.	4
chr9:131329552-131329702	distal	.	.	2
chr9:131336114-131336541	distal	.	.	2
chr9:131345252-131345402	distal	.	.	4
chr9:131350143-131350328	distal	.	.	8
chr9:131372737-131373016	proximal	ENSG00000289000,PRRC2B	.	4
chr9:131383275-131383507	distal	.	.	6
chr9:131400841-131400991	distal	.	.	6
chr9:131531148-131531452	proximal	UCK1	.	2
chr9:131558243-131558393	distal	.	.	4
chr9:131755628-131755820	distal	.	.	2
chr9:131785957-131786107	distal	.	.	4
chr9:131981614-131981770	distal	.	.	6
chr9:132241038-132241590	distal	.	.	4
chr9:132252493-132252870	distal	.	.	4
chr9:132354714-132355379	proximal	SETX	.	4
chr9:132432285-132432524	distal	.	.	2
chr9:132546173-132546368	distal	.	.	2
chr9:132669553-132670718	proximal	DDX31,GTF3C4	.	28
chr9:132734977-132735149	distal	.	.	2
chr9:132745609-132745777	distal	.	.	2
chr9:132779848-132780043	distal	.	.	2
chr9:132878203-132878481	proximal	AK8,SPACA9	.	8
chr9:132901883-132902215	distal	.	.	2
chr9:132944542-132945112	proximal	GFI1B	.	4
chr9:132977713-132977966	distal	.	.	2
chr9:133014764-133014957	distal	.	.	4
chr9:133022380-133022576	distal	.	.	2
chr9:133121181-133121549	distal	.	.	20
chr9:133144501-133144715	distal	.	.	8
chr9:133149175-133149642	proximal	RALGDS	.	4
chr9:133179887-133180180	distal	.	.	4
chr9:133238844-133239374	distal	.	.	2
chr9:133336085-133336694	proximal	SURF6	.	10
chr9:133348049-133348278	proximal	MED22,RPL7A	.	8
chr9:133406892-133407143	distal	.	.	10
chr9:133417950-133418127	proximal	REXO4	.	4
chr9:133459511-133460056	proximal	CACFD1	.	2
chr9:133470071-133470312	distal	.	.	4
chr9:133479032-133479479	proximal	SLC2A6	.	4
chr9:133486398-133486586	distal	.	.	8
chr9:133558941-133559104	distal	.	.	6
chr9:133759553-133759781	distal	.	.	4
chr9:133992817-133992967	proximal	VAV2	.	4
chr9:134135891-134136200	proximal	WDR5,WDR5-DT	.	8
chr9:134175222-134175438	distal	.	.	2
chr9:134561823-134561973	distal	.	.	8
chr9:134641522-134641985	proximal	COL5A1	.	4
chr9:134739232-134739387	distal	.	.	4
chr9:134790644-134790892	distal	.	.	2
chr9:134990268-134990418	distal	.	.	2
chr9:135500497-135500746	proximal	MRPS2	.	4
chr9:135543419-135543569	distal	.	.	4
chr9:135875368-135875518	distal	.	.	2
chr9:135967679-135968014	distal	.	.	14
chr9:135978980-135979130	distal	.	.	4
chr9:135990465-135990916	distal	.	.	12
chr9:136052166-136052316	distal	.	.	2
chr9:136081223-136081373	distal	.	.	16
chr9:136108550-136108713	proximal	LINC02846	.	4
chr9:136109651-136109894	proximal	LINC02846	.	6
chr9:136118346-136119221	proximal	TMEM250	.	12
chr9:136170354-136170504	distal	.	.	4
chr9:136245208-136245419	proximal	QSOX2	.	12
chr9:136245703-136246123	proximal	QSOX2	.	6
chr9:136267231-136267627	distal	.	.	4
chr9:136275090-136275262	distal	.	.	4
chr9:136283804-136284000	distal	.	.	4
chr9:136327366-136327522	proximal	DKFZP434A062,GPSM1	.	4
chr9:136342797-136343012	distal	.	.	6
chr9:136362984-136363399	proximal	DNLZ	.	4
chr9:136400150-136400374	proximal	SNAPC4	.	12
chr9:136409954-136410240	proximal	ENTR1,PMPCA	.	8
chr9:136410488-136410731	proximal	ENTR1,PMPCA	.	36
chr9:136488743-136488904	distal	.	.	4
chr9:136526418-136526568	distal	.	.	14
chr9:136632722-136633029	distal	.	.	10
chr9:136687428-136687756	proximal	AGPAT2	.	10
chr9:136694322-136694498	distal	.	.	2
chr9:136712370-136712520	proximal	DIPK1B	.	8
chr9:136728130-136728364	proximal	SNHG7	.	24
chr9:136762919-136763594	distal	.	.	36
chr9:136800197-136800594	proximal	ENSG00000272679	.	10
chr9:136801190-136801440	proximal	ENSG00000272679	.	8
chr9:136807729-136807935	proximal	RABL6	.	4
chr9:136842389-136842586	proximal	AJM1	.	8
chr9:136848852-136849046	proximal	ENSG00000288873,PHPT1	.	20
chr9:136849152-136849756	proximal	ENSG00000288873,PHPT1	.	12
chr9:136865708-136866713	proximal	EDF1	.	6
chr9:136885979-136886141	distal	.	.	4
chr9:136886251-136886521	distal	.	.	10
chr9:136943983-136944339	proximal	FBXW5	.	8
chr9:136944553-136944944	proximal	C8G,FBXW5	.	8
chr9:136949836-136950284	proximal	LCN12	.	4
chr9:136978382-136978947	distal	.	.	6
chr9:136992123-136992454	proximal	PAXX	.	2
chr9:137021959-137022381	distal	.	.	4
chr9:137046138-137046500	proximal	NPDC1	.	2
chr9:137046632-137046825	proximal	NPDC1	.	6
chr9:137049900-137050085	distal	.	.	6
chr9:137064084-137064375	proximal	ENSG00000231864	.	4
chr9:137068278-137068456	distal	.	.	14
chr9:137070318-137070871	proximal	SAPCD2	.	6
chr9:137077283-137077512	proximal	UAP1L1	.	12
chr9:137121679-137121889	distal	.	.	14
chr9:137129660-137130145	distal	.	.	8
chr9:137150294-137151516	distal	.	.	4
chr9:137188127-137188413	proximal	ANAPC2,SSNA1	.	12
chr9:137188556-137188777	proximal	ANAPC2,SSNA1	.	4
chr9:137189230-137189380	proximal	ANAPC2,SSNA1	.	16
chr9:137200694-137201284	distal	.	.	8
chr9:137223330-137223707	distal	.	.	6
chr9:137223825-137223991	distal	.	.	4
chr9:137227657-137227807	proximal	RNF224	.	4
chr9:137236499-137236722	distal	.	.	2
chr9:137255108-137255547	proximal	NELFB	.	4
chr9:137302163-137302378	proximal	NRARP	.	12
chr9:137328173-137328399	distal	.	.	8
chr9:137423108-137423477	proximal	EXD3,NOXA1	.	12
chr9:137430308-137430518	distal	.	.	2
chr9:137441359-137441688	proximal	ENTPD8	.	2
chr9:137453740-137454286	distal	.	.	10
chr9:137459235-137459527	proximal	NSMF	.	8
chr9:137466768-137467065	distal	.	.	14
chr9:137492331-137493015	distal	.	.	2
chr9:137578808-137579140	proximal	DPH7	.	4
chr9:137590453-137590726	proximal	ZMYND19	.	10
chr9:137590848-137591487	proximal	ZMYND19	.	6
chr9:137618584-137619069	proximal	ARRDC1-AS1,EHMT1	.	4
chr9:137625096-137625268	distal	.	.	4
chr9:137724176-137724435	distal	.	.	6
chr9:137824929-137825079	distal	.	.	10
chr9:137877628-137877778	proximal	CACNA1B	.	4
chr9:137878750-137878900	distal	.	.	2
chr9:137914656-137914806	distal	.	.	2
chr9:14642-14792	distal	.	.	8
chr9:15138428-15138578	distal	.	.	4
chr9:15214251-15214401	distal	.	.	4
chr9:15306115-15307099	proximal	TTC39B	.	4
chr9:15422599-15423344	proximal	SNAPC3	.	4
chr9:18141103-18141296	distal	.	.	4
chr9:18364760-18365075	distal	.	.	2
chr9:18890152-18890320	distal	.	.	2
chr9:18976520-18977140	distal	.	.	4
chr9:18994672-18994946	distal	.	.	8
chr9:19048971-19049655	proximal	RRAGA,SAXO1	.	16
chr9:19102450-19103305	proximal	HAUS6	.	8
chr9:19201965-19202743	distal	.	.	4
chr9:19322640-19322846	distal	.	.	2
chr9:19323181-19323438	distal	.	.	8
chr9:19331256-19331531	distal	.	.	2
chr9:19387795-19388035	distal	.	.	4
chr9:19408655-19409469	proximal	ACER2,ENSG00000285911	.	8
chr9:19471676-19472153	distal	.	.	8
chr9:19517642-19517820	distal	.	.	6
chr9:20078331-20078481	distal	.	.	4
chr9:20306335-20306485	distal	.	.	4
chr9:20478862-20479082	distal	.	.	4
chr9:20486550-20486741	distal	.	.	2
chr9:20622004-20622253	proximal	MLLT3	.	4
chr9:20658216-20658782	proximal	FOCAD	.	8
chr9:20683866-20684891	proximal	FOCAD-AS1	.	4
chr9:20708573-20708723	distal	.	.	6
chr9:21027922-21028138	distal	.	.	4
chr9:21054127-21054593	distal	.	.	2
chr9:21213752-21213991	distal	.	.	10
chr9:21223879-21224029	distal	.	.	4
chr9:21318289-21318663	distal	.	.	6
chr9:21334966-21335220	proximal	KLHL9	.	14
chr9:215079-215485	proximal	DOCK8,DOCK8-AS1	.	8
chr9:21789604-21789754	distal	.	.	2
chr9:21802136-21802326	proximal	ENSG00000264545,MTAP	.	12
chr9:21802449-21802983	proximal	ENSG00000264545,MTAP	.	28
chr9:21803143-21803426	proximal	ENSG00000264545,MTAP	.	8
chr9:21813125-21813275	distal	.	.	16
chr9:21889985-21890206	distal	.	.	2
chr9:21934086-21934236	distal	.	.	2
chr9:21994297-21995438	proximal	CDKN2A,CDKN2B-AS1,ENSG00000266446	.	18
chr9:22008688-22009554	proximal	CDKN2B	.	4
chr9:22117505-22117655	distal	.	.	6
chr9:28072966-28073144	distal	.	.	2
chr9:28315277-28315427	distal	.	.	2
chr9:32379375-32379525	distal	.	.	4
chr9:32550760-32551529	proximal	SMIM27	.	4
chr9:32552538-32552734	proximal	ENSG00000288684,TOPORS	.	8
chr9:32573051-32573350	proximal	NDUFB6	.	4
chr9:33001077-33001399	distal	.	.	8
chr9:33024794-33025798	proximal	APTX,DNAJA1	.	8
chr9:33062093-33062243	distal	.	.	12
chr9:33264096-33265293	proximal	BAG1,CHMP5	.	16
chr9:33290326-33290757	proximal	NFX1	.	4
chr9:33403230-33403646	proximal	AQP7	.	8
chr9:33473711-33474168	proximal	NOL6	.	4
chr9:33499954-33500122	distal	.	.	8
chr9:33510863-33511196	distal	.	.	8
chr9:33676937-33677300	proximal	PTENP1-AS	.	4
chr9:34126658-34127044	proximal	DCAF12	.	6
chr9:34263869-34264029	distal	.	.	4
chr9:34322140-34322310	distal	.	.	4
chr9:34328783-34329069	proximal	KIF24,NUDT2	.	12
chr9:34329160-34329681	proximal	KIF24,NUDT2	.	20
chr9:34376841-34377340	proximal	MYORG	.	6
chr9:34458235-34458924	proximal	FAM219A	.	2
chr9:34522540-34522771	proximal	ENHO	.	4
chr9:34523016-34523592	proximal	ENHO	.	16
chr9:34589671-34590110	proximal	CNTFR	.	2
chr9:34620389-34620685	proximal	DCTN3	.	10
chr9:34628810-34629287	proximal	ARID3C	.	4
chr9:34637662-34638231	proximal	GALT,SIGMAR1	.	28
chr9:34646466-34646991	proximal	ENSG00000258728	.	4
chr9:34664358-34664529	proximal	CCL27	.	4
chr9:34665247-34665882	proximal	ENSG00000187186,ENSG00000230074,ENSG00000261215	.	18
chr9:34665958-34666191	proximal	ENSG00000187186,ENSG00000230074,ENSG00000261215	.	12
chr9:34711548-34711698	distal	.	.	4
chr9:34760523-34760744	distal	.	.	12
chr9:34964010-34964220	distal	.	.	4
chr9:34989358-34989844	proximal	DNAJB5,DNAJB5-DT	.	8
chr9:35051050-35051232	distal	.	.	2
chr9:35051485-35051635	distal	.	.	16
chr9:35060302-35060477	distal	.	.	4
chr9:35079415-35080205	proximal	FANCG	.	6
chr9:35095900-35096738	proximal	PIGO,PIGO-AS1	.	24
chr9:35103069-35103592	proximal	STOML2	.	4
chr9:35111325-35111855	distal	.	.	6
chr9:35115832-35116519	proximal	ATOSB	.	2
chr9:35161585-35162348	proximal	UNC13B	.	2
chr9:35175603-35175823	distal	.	.	8
chr9:35225932-35226331	distal	.	.	8
chr9:35466288-35466451	distal	.	.	16
chr9:35489582-35490391	proximal	RUSC2	.	6
chr9:35554034-35554218	distal	.	.	4
chr9:35603934-35604627	proximal	ENSG00000288586,TESK1	.	16
chr9:35605109-35605292	proximal	ENSG00000288586,TESK1	.	8
chr9:35618214-35618364	distal	.	.	4
chr9:35646738-35647030	proximal	CD72,ENSG00000227933	.	12
chr9:35657447-35658083	proximal	CCDC107	.	6
chr9:35658197-35658661	proximal	CCDC107	.	20
chr9:35665160-35665481	distal	.	.	6
chr9:35719753-35719903	distal	.	.	4
chr9:35732076-35732755	proximal	CREB3,TLN1	.	16
chr9:35924618-35924768	proximal	ENSG00000287986	.	6
chr9:36036769-36036956	proximal	RECK	.	2
chr9:36037262-36037412	proximal	RECK	.	4
chr9:36135817-36136001	proximal	GLIPR2	.	4
chr9:36190557-36191299	proximal	CLTA	.	8
chr9:36257823-36258688	distal	.	.	2
chr9:36306118-36306363	distal	.	.	2
chr9:36335339-36335489	distal	.	.	2
chr9:36361007-36361157	distal	.	.	2
chr9:36473904-36474054	distal	.	.	6
chr9:36487514-36488074	proximal	RNF38	.	2
chr9:36572721-36573173	proximal	MELK	.	4
chr9:36798360-36798541	distal	.	.	2
chr9:36848327-36848501	distal	.	.	8
chr9:36873374-36873547	distal	.	.	2
chr9:36940357-36940507	distal	.	.	2
chr9:36995954-36996178	distal	.	.	2
chr9:37079323-37080243	proximal	EBLN3P,ENSG00000260100	.	16
chr9:37120076-37120868	proximal	ENSG00000233242,ZCCHC7	.	24
chr9:37415384-37415577	distal	.	.	4
chr9:37466572-37466760	distal	.	.	4
chr9:37485486-37486417	proximal	POLR1E	.	2
chr9:37576309-37576660	proximal	FBXO10	.	2
chr9:37592388-37592717	proximal	ENSG00000256966,TOMM5	.	16
chr9:37643985-37644135	distal	.	.	24
chr9:37650933-37651465	proximal	FRMPD1	.	8
chr9:37747256-37747455	distal	.	.	4
chr9:37753761-37754055	proximal	TRMT10B	.	4
chr9:37784707-37785272	distal	.	.	2
chr9:37800669-37801126	proximal	DCAF10	.	4
chr9:37815450-37815854	distal	.	.	8
chr9:37840703-37840857	distal	.	.	2
chr9:38088036-38088186	distal	.	.	4
chr9:38227001-38227449	distal	.	.	8
chr9:38238304-38238454	distal	.	.	2
chr9:38392380-38392800	proximal	ALDH1B1	.	4
chr9:38672328-38672843	distal	.	.	2
chr9:40940584-40940734	distal	.	.	4
chr9:40991556-40992738	proximal	ENSG00000291075	.	4
chr9:41059789-41059939	distal	.	.	4
chr9:41273753-41274360	distal	.	.	4
chr9:41654363-41654554	proximal	ENSG00000276412	.	4
chr9:41699134-41699309	proximal	FAM242F	.	4
chr9:4605845-4606112	distal	.	.	8
chr9:4741503-4741955	proximal	AK3,ENSG00000287759	.	8
chr9:4792631-4793495	proximal	RCL1	.	2
chr9:5437669-5437819	proximal	PLGRKT	.	2
chr9:6006946-6007216	distal	.	.	8
chr9:6007989-6008725	proximal	KIAA2026	.	2
chr9:62837319-62837992	proximal	ENSG00000229422	.	4
chr9:62838081-62838823	proximal	ENSG00000229422	.	4
chr9:62871812-62872005	distal	.	.	2
chr9:62914578-62914932	distal	.	.	2
chr9:62918708-62918897	distal	.	.	4
chr9:63335538-63335847	distal	.	.	4
chr9:6412747-6413302	proximal	UHRF2	.	2
chr9:6645667-6645884	proximal	ENSG00000236924,GLDC	.	8
chr9:68584487-68584704	distal	.	.	2
chr9:68705791-68706196	proximal	PIP5K1B	.	4
chr9:69054278-69054428	distal	.	.	4
chr9:69147969-69148119	distal	.	.	4
chr9:69412659-69412938	distal	.	.	2
chr9:69604806-69604957	distal	.	.	2
chr9:69738785-69738935	distal	.	.	4
chr9:69759073-69759223	proximal	PTAR1	.	4
chr9:69759432-69760218	proximal	PTAR1	.	4
chr9:70358679-70358829	distal	.	.	2
chr9:70412012-70412464	distal	.	.	4
chr9:70413296-70413685	distal	.	.	4
chr9:70413941-70414179	proximal	KLF9	.	8
chr9:70484685-70484853	distal	.	.	2
chr9:70514387-70514537	distal	.	.	2
chr9:71948859-71949009	distal	.	.	4
chr9:72305130-72305598	proximal	LINC01504	.	4
chr9:74951665-74951962	distal	.	.	8
chr9:74952265-74953045	proximal	C9orf40,CARNMT1-AS1	.	12
chr9:74959300-74959462	distal	.	.	20
chr9:75027860-75028111	proximal	CARNMT1	.	8
chr9:75087630-75088627	proximal	NMRK1,OSTF1	.	16
chr9:77097772-77098018	distal	.	.	2
chr9:77975732-77975984	distal	.	.	2
chr9:79045326-79045517	distal	.	.	4
chr9:79182942-79183110	distal	.	.	4
chr9:79438947-79439215	distal	.	.	4
chr9:79447732-79448130	distal	.	.	2
chr9:79572459-79572676	proximal	TLE4	.	4
chr9:79662691-79662878	distal	.	.	4
chr9:79674176-79674333	distal	.	.	2
chr9:83025186-83025336	distal	.	.	2
chr9:83063053-83063203	proximal	ENSG00000286451,RASEF	.	12
chr9:83219162-83219381	proximal	FRMD3-AS1	.	2
chr9:83305124-83305274	distal	.	.	4
chr9:83622849-83623412	proximal	IDNK	.	4
chr9:83707520-83708257	proximal	UBQLN1,UBQLN1-AS1	.	4
chr9:83817418-83818166	proximal	ENSG00000226877	.	4
chr9:83858008-83858158	distal	.	.	2
chr9:83956608-83956937	proximal	C9orf64	.	2
chr9:83979527-83979861	proximal	HNRNPK	.	4
chr9:83980894-83981091	proximal	HNRNPK,RMI1	.	8
chr9:85425293-85425443	distal	.	.	4
chr9:85713196-85713346	distal	.	.	8
chr9:85741327-85741599	proximal	AGTPBP1	.	8
chr9:85805111-85805846	proximal	ENSG00000230303,ENSG00000290924	.	4
chr9:85940765-85941354	proximal	NAA35	.	8
chr9:85941412-85941761	proximal	NAA35	.	8
chr9:86097776-86098055	distal	.	.	2
chr9:86099527-86099793	proximal	GOLM1	.	4
chr9:86107182-86107332	distal	.	.	6
chr9:86157073-86157523	distal	.	.	6
chr9:86281882-86282294	distal	.	.	10
chr9:86282413-86283256	proximal	ISCA1	.	4
chr9:86611302-86611594	distal	.	.	4
chr9:86611837-86611987	distal	.	.	2
chr9:86639877-86640076	distal	.	.	4
chr9:86701562-86701712	distal	.	.	4
chr9:86855196-86855403	distal	.	.	2
chr9:87032031-87032181	distal	.	.	4
chr9:87109231-87109381	distal	.	.	2
chr9:87282786-87282978	distal	.	.	2
chr9:87412514-87412664	distal	.	.	2
chr9:87443878-87444028	distal	.	.	4
chr9:87478104-87478254	distal	.	.	2
chr9:87497545-87498366	proximal	DAPK1	.	4
chr9:87603337-87603487	distal	.	.	2
chr9:87643235-87643385	distal	.	.	4
chr9:87726065-87726583	distal	.	.	2
chr9:87758302-87758744	distal	.	.	2
chr9:87909438-87909588	distal	.	.	2
chr9:90811618-90811889	distal	.	.	4
chr9:91193035-91193304	proximal	ENSG00000289123	.	2
chr9:91193679-91193896	proximal	ENSG00000289123	.	2
chr9:91361837-91362113	proximal	AUH	.	4
chr9:91855084-91855254	distal	.	.	8
chr9:92115048-92115584	proximal	SPTLC1	.	2
chr9:92133740-92133890	distal	.	.	8
chr9:92134014-92134398	distal	.	.	4
chr9:92140385-92140535	proximal	ENSG00000290644	.	2
chr9:92147114-92147747	distal	.	.	6
chr9:92293619-92294057	proximal	IARS1	.	4
chr9:92325273-92325456	proximal	CENPP,NOL8	.	8
chr9:92325579-92326407	proximal	CENPP,NOL8	.	20
chr9:92669949-92670681	proximal	IPPK	.	4
chr9:92696771-92696978	distal	.	.	2
chr9:92706623-92706892	distal	.	.	4
chr9:92716616-92716795	distal	.	.	4
chr9:92725104-92725326	distal	.	.	8
chr9:92764810-92765290	proximal	BICD2	.	12
chr9:92790885-92791088	distal	.	.	8
chr9:92877960-92878308	proximal	ZNF484	.	4
chr9:92884769-92884989	distal	.	.	2
chr9:92947270-92947649	proximal	FGD3	.	6
chr9:92956876-92957135	distal	.	.	8
chr9:93013714-93013886	distal	.	.	8
chr9:93095387-93095782	proximal	CARD19,ENSG00000223446	.	16
chr9:93095846-93096467	proximal	CARD19,ENSG00000223446	.	12
chr9:93133606-93133773	proximal	NINJ1	.	2
chr9:93134290-93134455	proximal	NINJ1	.	2
chr9:93184025-93184204	proximal	WNK2	.	2
chr9:93365799-93365949	distal	.	.	6
chr9:93451524-93451885	proximal	FAM120A	.	6
chr9:93453514-93453827	proximal	FAM120AOS	.	6
chr9:93647021-93647264	distal	.	.	4
chr9:93963097-93963464	distal	.	.	8
chr9:94166513-94167065	proximal	MIRLET7A1HG	.	4
chr9:94259195-94259870	proximal	LINC02603,ZNF169	.	4
chr9:94374215-94374618	proximal	MFSD14B	.	4
chr9:95005085-95005256	distal	.	.	4
chr9:95092189-95092383	distal	.	.	2
chr9:95426720-95427195	proximal	FANCC	.	10
chr9:95505825-95506024	proximal	ENSG00000271155	.	2
chr9:95511491-95511641	distal	.	.	4
chr9:95670649-95670799	distal	.	.	4
chr9:95758170-95758336	distal	.	.	6
chr9:96418347-96419469	proximal	ZNF367	.	4
chr9:96449905-96450452	proximal	HABP4	.	4
chr9:96854214-96854500	distal	.	.	4
chr9:96875520-96876055	proximal	ZNF782	.	4
chr9:96933530-96933854	distal	.	.	4
chr9:97012669-97012900	proximal	MFSD14CP	.	4
chr9:97039503-97039836	distal	.	.	16
chr9:97221667-97222088	proximal	ENSG00000235494	.	6
chr9:97237627-97238094	proximal	ENSG00000203279,SUGT1P4-STRA6LP,SUGT1P4-STRA6LP-CCDC180	.	6
chr9:97357107-97357257	distal	.	.	2
chr9:97598756-97598971	distal	.	.	4
chr9:97632998-97633863	proximal	NCBP1,TSTD2	.	8
chr9:97696859-97697515	proximal	XPA	.	8
chr9:97710723-97710911	distal	.	.	2
chr9:97716484-97716648	distal	.	.	4
chr9:97803436-97804022	distal	.	.	4
chr9:97854405-97854555	distal	.	.	4
chr9:97922101-97922822	proximal	ENSG00000287070,TRMO	.	8
chr9:97982883-97983631	proximal	ANP32B	.	4
chr9:98056329-98057437	proximal	NANS	.	2
chr9:98119443-98119610	proximal	TRIM14	.	4
chr9:98289984-98290171	distal	.	.	4
chr9:98315586-98315811	distal	.	.	4
chr9:98643177-98643337	distal	.	.	2
chr9:98707299-98707656	distal	.	.	10
chr9:98796255-98796762	proximal	ANKS6	.	2
chr9:99221574-99222408	proximal	ALG2,SEC61B	.	8
chr9:99556381-99556531	distal	.	.	4
chr9:99906844-99907219	proximal	STX17,STX17-DT	.	4
chrX:100731452-100731689	proximal	SYTL4	.	4
chrX:100820173-100820614	proximal	CSTF2	.	4
chrX:100902645-100902799	distal	.	.	4
chrX:101051853-101052306	proximal	TRMT2B	.	2
chrX:101097851-101098273	proximal	CENPI	.	6
chrX:101158277-101158427	distal	.	.	4
chrX:101348637-101349140	proximal	TIMM8A	.	6
chrX:101390829-101391155	proximal	BTK,RPL36A,RPL36A-HNRNPH2	.	18
chrX:101397969-101398129	distal	.	.	4
chrX:101407736-101408554	proximal	GLA,HNRNPH2	.	4
chrX:101623061-101623211	proximal	ARMCX3	.	4
chrX:101799429-101799647	distal	.	.	16
chrX:101931862-101932230	proximal	ZMAT1	.	4
chrX:102071937-102072087	distal	.	.	2
chrX:102155910-102156104	proximal	BEX5	.	4
chrX:102574372-102574522	distal	.	.	2
chrX:102660616-102660895	proximal	ENSG00000270050,ENSG00000286327	.	4
chrX:102768970-102769195	proximal	LINC00630	.	2
chrX:102951349-102951545	distal	.	.	4
chrX:103026090-103026240	distal	.	.	4
chrX:103064093-103064404	proximal	BEX1	.	2
chrX:103102297-103102481	distal	.	.	4
chrX:103152246-103152520	distal	.	.	4
chrX:103214900-103215184	proximal	BEX4	.	4
chrX:103215243-103215735	proximal	BEX4	.	2
chrX:103310542-103310782	proximal	BEX2	.	8
chrX:103332380-103332621	distal	.	.	2
chrX:103350631-103350897	distal	.	.	2
chrX:103356395-103356609	proximal	TCEAL9	.	4
chrX:103376160-103376446	proximal	BEX3	.	4
chrX:103562912-103563062	distal	.	.	2
chrX:103585382-103585768	distal	.	.	12
chrX:103624492-103624727	distal	.	.	4
chrX:103628707-103628988	proximal	TCEAL1	.	4
chrX:103629605-103629788	proximal	TCEAL1	.	2
chrX:103687922-103688158	proximal	MORF4L2,MORF4L2-AS1	.	12
chrX:103711594-103711753	proximal	TMEM31	.	4
chrX:103831523-103832312	proximal	RAB9B	.	2
chrX:103832422-103832608	proximal	RAB9B	.	4
chrX:103954440-103954611	distal	.	.	8
chrX:104107231-104107381	distal	.	.	2
chrX:104112310-104112975	proximal	ZCCHC18	.	2
chrX:104150127-104150297	distal	.	.	6
chrX:104156518-104157310	proximal	SLC25A53	.	4
chrX:104165871-104166109	proximal	FAM199X	.	4
chrX:104166175-104167333	proximal	FAM199X	.	4
chrX:104178347-104178598	distal	.	.	4
chrX:104183509-104183733	distal	.	.	2
chrX:104582861-104583014	distal	.	.	2
chrX:105144007-105144224	distal	.	.	2
chrX:106034499-106034755	distal	.	.	4
chrX:106158732-106158882	distal	.	.	2
chrX:106611772-106612422	proximal	RADX	.	8
chrX:106650807-106650957	distal	.	.	2
chrX:106811171-106811541	distal	.	.	2
chrX:106872132-106872282	distal	.	.	8
chrX:106878414-106878564	distal	.	.	4
chrX:106894451-106894635	distal	.	.	2
chrX:107000120-107000434	proximal	MORC4	.	8
chrX:107041097-107041254	distal	.	.	8
chrX:107118329-107118663	proximal	RBM41	.	2
chrX:107205892-107206605	proximal	DNAAF6,NUP62CL	.	24
chrX:107396848-107397075	distal	.	.	4
chrX:107451447-107451597	distal	.	.	4
chrX:107628181-107629191	proximal	PRPS1	.	2
chrX:107649434-107649596	distal	.	.	2
chrX:107655225-107655424	distal	.	.	4
chrX:107655543-107655693	distal	.	.	2
chrX:107673182-107673350	distal	.	.	2
chrX:107676745-107677441	proximal	ENSG00000289923	.	4
chrX:107731781-107732257	distal	.	.	10
chrX:107737058-107737259	distal	.	.	10
chrX:107759615-107759823	distal	.	.	2
chrX:107775597-107776076	proximal	NCBP2L	.	4
chrX:107777218-107777499	proximal	TSC22D3	.	10
chrX:107791974-107792207	distal	.	.	2
chrX:107826268-107826702	proximal	MID2	.	2
chrX:107909500-107909650	distal	.	.	4
chrX:108091422-108091919	proximal	ATG4A,PSMD10	.	12
chrX:108192166-108192316	distal	.	.	2
chrX:108199767-108200051	distal	.	.	4
chrX:109485823-109485986	distal	.	.	2
chrX:109536778-109537296	distal	.	.	2
chrX:109569956-109570115	distal	.	.	8
chrX:109709181-109709442	distal	.	.	4
chrX:109713138-109713326	distal	.	.	2
chrX:109713479-109713629	distal	.	.	2
chrX:109732957-109733520	proximal	ACSL4,ENSG00000289365	.	24
chrX:109891029-109891235	distal	.	.	4
chrX:110002282-110002687	proximal	TMEM164	.	4
chrX:110002927-110003124	proximal	TMEM164	.	4
chrX:110004359-110004509	distal	.	.	2
chrX:110082641-110082791	distal	.	.	2
chrX:110182319-110182469	distal	.	.	10
chrX:110238309-110238520	distal	.	.	2
chrX:110317258-110317549	distal	.	.	10
chrX:110413020-110413434	distal	.	.	8
chrX:110450152-110450302	distal	.	.	4
chrX:110674457-110674656	distal	.	.	2
chrX:115643005-115643165	distal	.	.	2
chrX:115650995-115651292	distal	.	.	2
chrX:115665633-115665783	distal	.	.	2
chrX:115727816-115728148	distal	.	.	4
chrX:115732367-115732670	distal	.	.	2
chrX:115950141-115950349	distal	.	.	4
chrX:115958217-115958549	distal	.	.	2
chrX:116246552-116246702	distal	.	.	2
chrX:118027328-118027511	distal	.	.	2
chrX:118345372-118346578	proximal	WDR44	.	2
chrX:118653948-118654130	distal	.	.	2
chrX:118727134-118727602	proximal	IL13RA1	.	2
chrX:118807525-118807682	distal	.	.	2
chrX:118823600-118823922	proximal	ZCCHC12	.	4
chrX:118847728-118847888	distal	.	.	2
chrX:118892509-118892676	distal	.	.	2
chrX:118927849-118927999	distal	.	.	2
chrX:119118926-119119076	distal	.	.	6
chrX:119235889-119236980	proximal	PGRMC1	.	4
chrX:119237340-119237516	distal	.	.	8
chrX:119390044-119390226	distal	.	.	8
chrX:119441203-119441364	distal	.	.	6
chrX:119468971-119469350	proximal	SLC25A5,SLC25A5-AS1	.	16
chrX:119482561-119482983	distal	.	.	12
chrX:119516370-119516520	distal	.	.	2
chrX:119565086-119565515	proximal	STEEP1	.	4
chrX:119605738-119606663	proximal	ENSG00000289864,NKRF	.	8
chrX:119675812-119675965	distal	.	.	4
chrX:119685519-119685693	distal	.	.	2
chrX:119692238-119692388	distal	.	.	10
chrX:119693119-119693278	proximal	SEPTIN6	.	2
chrX:119693398-119693558	proximal	SEPTIN6	.	4
chrX:119758175-119758681	proximal	SOWAHD	.	2
chrX:119758772-119759095	proximal	SOWAHD	.	6
chrX:119791540-119791861	proximal	ENSG00000286366,RPL39	.	8
chrX:119870688-119870838	proximal	RNF113A	.	8
chrX:119871312-119871919	proximal	NDUFA1,RNF113A	.	24
chrX:119880926-119881137	distal	.	.	4
chrX:119887504-119888425	distal	.	.	12
chrX:119942921-119943667	proximal	NKAP,RHOXF1P3	.	4
chrX:119943754-119943911	proximal	NKAP,RHOXF1P3	.	4
chrX:120250469-120251071	proximal	ZBTB33	.	2
chrX:120311338-120311488	proximal	TMEM255A	.	4
chrX:120329449-120329599	distal	.	.	8
chrX:120365367-120365554	distal	.	.	2
chrX:120468819-120469197	proximal	LAMP2	.	2
chrX:120469308-120469491	proximal	LAMP2	.	8
chrX:120486975-120487125	distal	.	.	4
chrX:120560789-120561760	distal	.	.	4
chrX:120603752-120604391	proximal	CUL4B	.	6
chrX:123709294-123709490	distal	.	.	2
chrX:123732736-123732898	proximal	THOC2	.	2
chrX:123733006-123733366	proximal	THOC2	.	4
chrX:123836156-123836399	distal	.	.	4
chrX:123846572-123847098	distal	.	.	2
chrX:123959989-123960597	proximal	STAG2	.	2
chrX:124006459-124006779	distal	.	.	4
chrX:127908458-127908716	distal	.	.	2
chrX:127908790-127908940	distal	.	.	2
chrX:129905876-129906275	proximal	UTP14A	.	4
chrX:129957431-129957581	proximal	ENSG00000235189	.	4
chrX:129961327-129961573	distal	.	.	8
chrX:129982250-129982843	distal	.	.	8
chrX:130060308-130060775	distal	.	.	2
chrX:130060833-130061177	distal	.	.	2
chrX:130110914-130111245	proximal	ELF4	.	2
chrX:130120764-130121209	distal	.	.	2
chrX:130165425-130166390	proximal	AIFM1,ENSG00000286650	.	8
chrX:130200524-130200726	distal	.	.	2
chrX:130330690-130331106	distal	.	.	2
chrX:130524051-130524448	proximal	ENSG00000290740	.	2
chrX:130958661-130959442	distal	.	.	2
chrX:131292602-131292884	distal	.	.	2
chrX:131366782-131366932	distal	.	.	4
chrX:131544121-131544536	proximal	OR13H1	.	6
chrX:131677544-131677705	distal	.	.	2
chrX:131746477-131746627	distal	.	.	4
chrX:131753114-131753677	distal	.	.	2
chrX:131768275-131768548	distal	.	.	2
chrX:131778656-131778897	distal	.	.	2
chrX:131792343-131792638	distal	.	.	6
chrX:131793157-131793341	distal	.	.	4
chrX:131830381-131831397	proximal	FIRRE	.	6
chrX:131841428-131841648	distal	.	.	2
chrX:132015785-132015962	distal	.	.	4
chrX:132217271-132218432	proximal	RAP2C-AS1	.	8
chrX:132331978-132332128	distal	.	.	2
chrX:132488931-132489216	proximal	MBNL3	.	4
chrX:133415191-133415805	proximal	GPC4	.	4
chrX:133510833-133510983	distal	.	.	2
chrX:133880046-133880203	distal	.	.	6
chrX:133985878-133986104	distal	.	.	2
chrX:133999983-134000219	distal	.	.	4
chrX:134372959-134373683	proximal	PHF6	.	4
chrX:134406234-134406505	distal	.	.	10
chrX:134537020-134537246	distal	.	.	12
chrX:134549319-134549469	proximal	LINC00629	.	4
chrX:134549527-134550019	proximal	LINC00629	.	4
chrX:134577599-134577847	distal	.	.	8
chrX:134713742-134714003	distal	.	.	4
chrX:134797086-134797447	proximal	PABIR2,PABIR3	.	24
chrX:134914306-134915017	proximal	MOSPD1	.	8
chrX:134915117-134915883	proximal	MOSPD1	.	4
chrX:135021587-135022921	proximal	RTL8B	.	4
chrX:135031934-135032999	proximal	RTL8C	.	4
chrX:135051473-135052537	proximal	RTL8A	.	12
chrX:135112231-135112978	distal	.	.	12
chrX:135344557-135345151	proximal	ZNF449,ZNF75D	.	12
chrX:135354494-135354672	distal	.	.	4
chrX:135520438-135520743	proximal	INTS6L,INTS6L-AS1	.	4
chrX:135521102-135521307	proximal	INTS6L,INTS6L-AS1	.	8
chrX:135521392-135521973	distal	.	.	16
chrX:135532502-135532714	distal	.	.	12
chrX:135607469-135607624	distal	.	.	2
chrX:135973687-135974539	proximal	MMGT1,SLC9A6	.	4
chrX:135985304-135985604	distal	.	.	2
chrX:136047452-136047650	distal	.	.	4
chrX:136147348-136147585	proximal	FHL1	.	8
chrX:136162961-136163144	distal	.	.	4
chrX:136343049-136343199	distal	.	.	2
chrX:136496576-136497556	proximal	HTATSF1	.	2
chrX:136762791-136762941	distal	.	.	6
chrX:136768566-136768784	distal	.	.	2
chrX:136794103-136794311	distal	.	.	2
chrX:136866702-136866917	distal	.	.	2
chrX:136880527-136880977	proximal	RBMX	.	2
chrX:136909636-136910514	proximal	ENSG00000291054	.	4
chrX:136973611-136973815	distal	.	.	2
chrX:139841926-139842076	distal	.	.	2
chrX:139861823-139861992	distal	.	.	2
chrX:139932967-139933274	distal	.	.	4
chrX:139933438-139933720	distal	.	.	2
chrX:140076009-140076233	distal	.	.	2
chrX:140091531-140091958	proximal	ENSG00000230707	.	4
chrX:140099157-140099344	distal	.	.	4
chrX:140197987-140198137	distal	.	.	2
chrX:140741415-140741611	distal	.	.	2
chrX:149470927-149471190	distal	.	.	2
chrX:149505200-149505524	distal	.	.	2
chrX:149539281-149541049	proximal	ENSG00000241489,EOLA1,EOLA1-DT	.	24
chrX:149704761-149705034	distal	.	.	2
chrX:149720253-149720481	distal	.	.	4
chrX:149904500-149904650	distal	.	.	12
chrX:149915663-149915821	distal	.	.	2
chrX:149939898-149940734	distal	.	.	2
chrX:149950602-149950752	distal	.	.	12
chrX:149998564-149998715	distal	.	.	2
chrX:150119896-150120077	distal	.	.	2
chrX:150174775-150174925	distal	.	.	2
chrX:150324534-150324694	distal	.	.	2
chrX:150365375-150365638	distal	.	.	2
chrX:150982852-150983389	distal	.	.	4
chrX:151151783-151151933	distal	.	.	8
chrX:151396955-151397650	proximal	ENSG00000287918,VMA21	.	8
chrX:152640172-152640322	distal	.	.	2
chrX:153226124-153226789	proximal	ENSG00000273877	.	6
chrX:153245289-153245740	distal	.	.	2
chrX:153333958-153334299	proximal	ZNF275	.	18
chrX:15335443-15335864	proximal	PIGA	.	2
chrX:153460921-153461117	distal	.	.	6
chrX:153507613-153507829	distal	.	.	4
chrX:153554895-153555045	distal	.	.	2
chrX:153583081-153583244	distal	.	.	4
chrX:153599122-153599669	proximal	CCNQ	.	14
chrX:153600998-153601206	distal	.	.	10
chrX:153609978-153610284	distal	.	.	2
chrX:153626345-153626574	distal	.	.	2
chrX:153651902-153652117	distal	.	.	10
chrX:153667910-153668162	distal	.	.	6
chrX:153669366-153669517	distal	.	.	8
chrX:153724050-153724890	proximal	ABCD1,BCAP31	.	8
chrX:153744448-153744672	distal	.	.	2
chrX:153776511-153776831	proximal	SRPK3	.	16
chrX:153794008-153794194	proximal	IDH3G,SSR4	.	8
chrX:153819026-153819344	distal	.	.	16
chrX:153824708-153824877	distal	.	.	8
chrX:153928141-153928721	distal	.	.	6
chrX:153935006-153935212	proximal	ARHGAP4,NAA10	.	8
chrX:153947134-153947337	distal	.	.	2
chrX:153947410-153947578	distal	.	.	8
chrX:153953430-153953668	distal	.	.	12
chrX:153970347-153970723	distal	.	.	14
chrX:153971148-153971439	proximal	HCFC1	.	16
chrX:153994808-153995042	distal	.	.	6
chrX:154097062-154097551	distal	.	.	10
chrX:154097695-154098098	distal	.	.	2
chrX:154136801-154136973	proximal	MECP2	.	12
chrX:154239941-154240259	distal	.	.	2
chrX:154317447-154317663	distal	.	.	6
chrX:154337747-154337918	distal	.	.	4
chrX:154341478-154341996	distal	.	.	6
chrX:154348406-154348864	distal	.	.	4
chrX:154378556-154379491	proximal	EMD	.	4
chrX:154398100-154398442	proximal	ENSG00000280195	.	8
chrX:154428234-154428729	proximal	ATP6AP1,ATP6AP1-DT	.	8
chrX:154444324-154444531	proximal	FAM50A	.	2
chrX:154478763-154479121	proximal	LAGE3	.	6
chrX:154479220-154479409	proximal	LAGE3	.	6
chrX:154515999-154516581	proximal	FAM3A	.	4
chrX:154527187-154527479	distal	.	.	2
chrX:154534821-154535135	distal	.	.	6
chrX:154762475-154763114	proximal	DKC1	.	8
chrX:154763324-154763612	proximal	DKC1	.	4
chrX:154805368-154805742	distal	.	.	2
chrX:154894532-154894782	distal	.	.	2
chrX:155057452-155057749	distal	.	.	8
chrX:155071021-155071848	proximal	BRCC3,CMC4	.	4
chrX:155215764-155216733	distal	.	.	2
chrX:155612325-155613011	proximal	SPRY3	.	4
chrX:15854040-15854355	proximal	AP1S2,ENSG00000289237	.	4
chrX:15854509-15855339	proximal	AP1S2	.	6
chrX:19382668-19382994	distal	.	.	8
chrX:19515085-19515351	proximal	MAP3K15	.	12
chrX:19648160-19648363	distal	.	.	8
chrX:19888608-19888758	distal	.	.	8
chrX:20067848-20067998	distal	.	.	4
chrX:20141313-20142227	proximal	EIF1AX	.	4
chrX:23629715-23629922	distal	.	.	8
chrX:23667268-23667676	distal	.	.	10
chrX:23743219-23743884	distal	.	.	2
chrX:23782933-23783455	proximal	ENSG00000233785,ENSG00000288706,SAT1	.	6
chrX:23959992-23960181	distal	.	.	2
chrX:24011475-24011645	distal	.	.	8
chrX:24024934-24025973	distal	.	.	8
chrX:24149570-24150324	proximal	ZFX,ZFX-AS1	.	32
chrX:24156701-24156851	distal	.	.	2
chrX:24464885-24465559	proximal	PDK3	.	6
chrX:30755902-30756152	distal	.	.	2
chrX:31254852-31255002	distal	.	.	2
chrX:37348708-37348883	proximal	ENSG00000250349,PRRG1	.	8
chrX:37349180-37350082	proximal	ENSG00000250349,PRRG1	.	8
chrX:38044798-38045179	distal	.	.	2
chrX:38473786-38473936	distal	.	.	4
chrX:38611174-38611370	distal	.	.	2
chrX:38803578-38804208	proximal	MID1IP1-AS1	.	4
chrX:39561036-39561186	distal	.	.	2
chrX:39652071-39652496	proximal	ENSG00000289068	.	4
chrX:39688824-39689162	distal	.	.	4
chrX:39755315-39755963	distal	.	.	2
chrX:39886411-39886580	distal	.	.	6
chrX:39969061-39969256	distal	.	.	2
chrX:39995968-39996118	distal	.	.	2
chrX:40013896-40014131	distal	.	.	2
chrX:40014739-40015018	distal	.	.	2
chrX:40106439-40106601	distal	.	.	4
chrX:40107526-40107751	distal	.	.	4
chrX:40474133-40474627	distal	.	.	6
chrX:40580427-40581271	distal	.	.	6
chrX:40632070-40632220	distal	.	.	2
chrX:40647504-40647954	proximal	CXorf38	.	4
chrX:40735527-40736042	proximal	MED14,MED14OS	.	20
chrX:40755893-40756098	distal	.	.	4
chrX:40772373-40772573	distal	.	.	6
chrX:40857737-40857970	distal	.	.	8
chrX:40909296-40909462	distal	.	.	4
chrX:40909565-40909871	distal	.	.	4
chrX:40985617-40985767	distal	.	.	10
chrX:40992624-40992834	distal	.	.	6
chrX:41012502-41012685	distal	.	.	2
chrX:41017821-41018011	distal	.	.	2
chrX:41084444-41085423	proximal	USP9X	.	12
chrX:41086141-41086452	proximal	USP9X	.	8
chrX:41086533-41086692	distal	.	.	4
chrX:41101480-41101660	distal	.	.	2
chrX:41114908-41115163	distal	.	.	4
chrX:41161702-41161855	distal	.	.	2
chrX:41186847-41187018	distal	.	.	4
chrX:41231225-41231375	distal	.	.	6
chrX:41253543-41254089	distal	.	.	4
chrX:41276180-41276638	proximal	LINC02601	.	4
chrX:41333146-41333659	proximal	DDX3X	.	4
chrX:41333807-41334328	proximal	DDX3X	.	10
chrX:41442280-41442695	distal	.	.	4
chrX:41604668-41604818	distal	.	.	4
chrX:41923280-41923806	proximal	CASK	.	2
chrX:44542527-44543160	proximal	FUNDC1	.	4
chrX:44971557-44971985	distal	.	.	4
chrX:46447093-46447626	proximal	KRBOX4	.	2
chrX:46545100-46545619	proximal	ZNF674,ZNF674-AS1	.	8
chrX:46759081-46759467	proximal	SLC9A7	.	2
chrX:46903770-46903920	distal	.	.	4
chrX:46904041-46904271	distal	.	.	4
chrX:46912235-46912507	proximal	JADE3	.	4
chrX:47036029-47036193	distal	.	.	4
chrX:47054538-47054688	distal	.	.	8
chrX:47077270-47077476	proximal	RGN	.	4
chrX:47128802-47128983	proximal	ENSG00000288759	.	4
chrX:47232815-47233784	proximal	USP11	.	4
chrX:47361621-47362399	distal	.	.	12
chrX:47435900-47436078	distal	.	.	4
chrX:47482503-47483187	proximal	LINC01560,ZNF41	.	12
chrX:47513355-47513807	distal	.	.	4
chrX:47523458-47523731	distal	.	.	4
chrX:47556106-47556477	distal	.	.	2
chrX:47560867-47561749	proximal	ARAF,ENSG00000289890	.	32
chrX:47619808-47620118	proximal	SYN1	.	4
chrX:47623772-47623994	distal	.	.	10
chrX:47650542-47651162	proximal	ELK1	.	4
chrX:47658564-47659008	proximal	UXT,UXT-AS1	.	16
chrX:47836277-47837019	proximal	ZNF81	.	12
chrX:48003612-48004299	proximal	SPACA5,ZNF182	.	16
chrX:48021525-48021913	distal	.	.	2
chrX:48036054-48036225	distal	.	.	4
chrX:48071654-48072018	proximal	ENSG00000287757,ZNF630	.	4
chrX:48163247-48163426	distal	.	.	8
chrX:48255826-48256079	proximal	SSX1	.	2
chrX:48314525-48314675	distal	.	.	4
chrX:48459475-48459683	distal	.	.	2
chrX:48489333-48489571	distal	.	.	14
chrX:48510039-48510206	distal	.	.	12
chrX:48521240-48521439	proximal	EBP,ENSG00000286268	.	8
chrX:48521594-48522111	proximal	EBP,ENSG00000286268	.	16
chrX:48539385-48540297	proximal	TBC1D25	.	2
chrX:48573759-48574516	proximal	ENSG00000204620,RBM3	.	16
chrX:48574807-48574967	proximal	ENSG00000204620,RBM3	.	16
chrX:48597318-48597597	distal	.	.	18
chrX:48597660-48597867	distal	.	.	4
chrX:48598078-48598339	distal	.	.	4
chrX:48640819-48640969	distal	.	.	4
chrX:48676202-48676608	proximal	WAS	.	14
chrX:48677151-48677301	proximal	WAS	.	4
chrX:48696253-48697102	distal	.	.	8
chrX:48737149-48737823	proximal	ENSG00000232828	.	12
chrX:48762093-48762243	proximal	GLOD5	.	2
chrX:48801294-48801513	proximal	HDAC6	.	4
chrX:48801581-48802262	proximal	HDAC6	.	4
chrX:48802394-48802597	distal	.	.	8
chrX:48891711-48892040	distal	.	.	6
chrX:48897193-48898025	proximal	TIMM17B	.	12
chrX:48898107-48898343	proximal	TIMM17B	.	12
chrX:48917278-48917462	distal	.	.	16
chrX:48918935-48919235	proximal	PIM2	.	18
chrX:48957843-48958193	proximal	ENSG00000288908,OTUD5	.	12
chrX:48958330-48958693	proximal	ENSG00000288908,OTUD5	.	8
chrX:48972480-48972670	proximal	KCND1	.	4
chrX:49002102-49002570	proximal	GRIPAP1	.	6
chrX:49017771-49017948	distal	.	.	2
chrX:49018365-49018565	distal	.	.	8
chrX:49043293-49044136	proximal	TFE3	.	4
chrX:49053388-49053705	proximal	CCDC120	.	8
chrX:49054731-49054898	distal	.	.	8
chrX:49064006-49064156	distal	.	.	12
chrX:49073961-49074360	proximal	PRAF2	.	6
chrX:49155851-49156680	proximal	ENSG00000289245	.	4
chrX:49163724-49164053	distal	.	.	10
chrX:49164130-49164359	distal	.	.	6
chrX:49184681-49184886	distal	.	.	28
chrX:49186321-49186483	proximal	PRICKLE3	.	10
chrX:49199998-49200412	proximal	SYP	.	14
chrX:49235397-49235911	proximal	CCDC22	.	18
chrX:49268855-49269890	proximal	PPP1R3F	.	12
chrX:49282623-49282909	distal	.	.	2
chrX:49345928-49346561	distal	.	.	14
chrX:49610713-49610939	distal	.	.	6
chrX:49853570-49853724	distal	.	.	4
chrX:49879256-49879594	proximal	USP27X,USP27X-DT	.	8
chrX:49922346-49922817	proximal	CLCN5	.	8
chrX:49977850-49978053	distal	.	.	2
chrX:52563948-52564098	distal	.	.	4
chrX:52934657-52935282	distal	.	.	2
chrX:52995777-52996016	proximal	FAM156A	.	4
chrX:53082002-53082799	proximal	TSPYL2	.	8
chrX:53093784-53094401	proximal	ENSG00000234019,KANTR	.	4
chrX:53116237-53116387	distal	.	.	2
chrX:53225311-53225555	proximal	KDM5C	.	4
chrX:53281517-53281834	distal	.	.	6
chrX:53284599-53284894	distal	.	.	4
chrX:53316890-53317111	distal	.	.	2
chrX:53422126-53422401	proximal	RIBC1,SMC1A	.	4
chrX:53434097-53434546	proximal	HSD17B10	.	4
chrX:54044318-54044917	distal	.	.	2
chrX:54495787-54496335	proximal	FGD1	.	4
chrX:54639719-54640072	distal	.	.	8
chrX:54792070-54792256	distal	.	.	2
chrX:54808606-54809081	distal	.	.	4
chrX:55000177-55000428	proximal	APEX2	.	4
chrX:57121073-57121731	proximal	ENSG00000226310,SPIN2B	.	4
chrX:57592165-57592463	proximal	ZXDB	.	4
chrX:68647508-68647684	proximal	STARD8	.	4
chrX:68672796-68672955	distal	.	.	2
chrX:68693495-68693710	distal	.	.	2
chrX:69002923-69003073	distal	.	.	2
chrX:69097332-69097490	distal	.	.	2
chrX:69309485-69309807	distal	.	.	6
chrX:69504094-69504787	proximal	NALF2	.	8
chrX:69538603-69538936	distal	.	.	8
chrX:69556277-69556427	distal	.	.	2
chrX:70133201-70133571	proximal	IGBP1	.	4
chrX:70289793-70290380	proximal	KIF4A,PDZD11	.	4
chrX:70434140-70434671	proximal	ENSG00000284391	.	4
chrX:70454435-70454677	distal	.	.	2
chrX:70454739-70455107	distal	.	.	4
chrX:70496568-70496718	distal	.	.	4
chrX:70592234-70592384	distal	.	.	2
chrX:70937213-70937363	distal	.	.	4
chrX:71068053-71068737	distal	.	.	6
chrX:71129259-71129415	distal	.	.	2
chrX:71181904-71182447	distal	.	.	2
chrX:71365903-71366385	proximal	TAF1	.	6
chrX:71381753-71381903	distal	.	.	2
chrX:71532770-71533177	proximal	OGT	.	4
chrX:71824017-71824275	distal	.	.	4
chrX:71910830-71911010	proximal	NHSL2	.	2
chrX:71911100-71911274	proximal	NHSL2	.	4
chrX:72049386-72049536	distal	.	.	8
chrX:72126650-72126877	distal	.	.	4
chrX:72181233-72181836	proximal	PIN4	.	12
chrX:72213418-72213664	distal	.	.	2
chrX:72276959-72277512	proximal	RPS4X	.	6
chrX:72306744-72307123	proximal	CITED1	.	6
chrX:72649363-72649513	distal	.	.	4
chrX:72701190-72701551	distal	.	.	4
chrX:72713234-72713387	distal	.	.	2
chrX:73539454-73539604	distal	.	.	2
chrX:73817482-73817697	distal	.	.	2
chrX:73847365-73847516	distal	.	.	4
chrX:73943634-73944025	proximal	JPX	.	4
chrX:74104410-74104740	distal	.	.	2
chrX:74133480-74133650	distal	.	.	4
chrX:74179502-74179859	distal	.	.	2
chrX:74292546-74292739	proximal	FTX	.	4
chrX:74293488-74293742	proximal	FTX	.	6
chrX:74343811-74344296	distal	.	.	2
chrX:74420238-74420451	distal	.	.	6
chrX:74536378-74536728	distal	.	.	4
chrX:74541798-74541948	distal	.	.	8
chrX:74614147-74614308	proximal	RLIM	.	6
chrX:75156067-75156411	proximal	ABCB7,UPRT	.	8
chrX:75273710-75274195	distal	.	.	4
chrX:77494184-77494474	distal	.	.	8
chrX:77555684-77555834	distal	.	.	4
chrX:77785286-77785623	proximal	ATRX	.	8
chrX:77910264-77910852	proximal	ATP7A,PGK1	.	8
chrX:78103790-78104269	distal	.	.	4
chrX:80809529-80810189	proximal	BRWD3,ENSG00000289132	.	24
chrX:81010194-81010440	distal	.	.	8
chrX:81121578-81121950	distal	.	.	8
chrX:81201798-81202324	proximal	HMGN5,SH3BGRL	.	8
