{
  "imputed_h5": "/work/users/d/y/dyy12/XuLab/cisTopic/scripts/cistopic_ctcf/impute/imputed_Prc_hdf5_all.h5",
  "scale_in_h5_used": 4013.36865234375,
  "original_shape_full": [
    3031053,
    10410
  ],
  "imputed_shape_modeled": [
    597236,
    10410
  ],
  "coverage_regions_fraction": 0.19703911478948075,
  "original_nnz_full": 768200,
  "original_nnz_modeled": 768200,
  "rows": [
    {
      "threshold": 0.0,
      "pred_nnz_modeled": 6217226760,
      "pred_density_modeled": 1.0,
      "pred_nnz_full_space": 6217226760,
      "pred_density_full_space": 0.19703911478948075,
      "tp_nnz_modeled": 768200,
      "fp_nnz_modeled": 6216458560,
      "fn_nnz_modeled": 0,
      "precision_vs_original_nonzero": 0.00012355991339135265,
      "recall_vs_original_nonzero": 1.0,
      "f1": 0.00024708929645063594,
      "nnz_fold_vs_original_modeled": 8093.239729237178,
      "nnz_fold_vs_original_full": 8093.239729237178
    },
    {
      "threshold": 1e-08,
      "pred_nnz_modeled": 6217226760,
      "pred_density_modeled": 1.0,
      "pred_nnz_full_space": 6217226760,
      "pred_density_full_space": 0.19703911478948075,
      "tp_nnz_modeled": 768200,
      "fp_nnz_modeled": 6216458560,
      "fn_nnz_modeled": 0,
      "precision_vs_original_nonzero": 0.00012355991339135265,
      "recall_vs_original_nonzero": 1.0,
      "f1": 0.00024708929645063594,
      "nnz_fold_vs_original_modeled": 8093.239729237178,
      "nnz_fold_vs_original_full": 8093.239729237178
    },
    {
      "threshold": 3e-08,
      "pred_nnz_modeled": 6217226760,
      "pred_density_modeled": 1.0,
      "pred_nnz_full_space": 6217226760,
      "pred_density_full_space": 0.19703911478948075,
      "tp_nnz_modeled": 768200,
      "fp_nnz_modeled": 6216458560,
      "fn_nnz_modeled": 0,
      "precision_vs_original_nonzero": 0.00012355991339135265,
      "recall_vs_original_nonzero": 1.0,
      "f1": 0.00024708929645063594,
      "nnz_fold_vs_original_modeled": 8093.239729237178,
      "nnz_fold_vs_original_full": 8093.239729237178
    },
    {
      "threshold": 1e-07,
      "pred_nnz_modeled": 6217226760,
      "pred_density_modeled": 1.0,
      "pred_nnz_full_space": 6217226760,
      "pred_density_full_space": 0.19703911478948075,
      "tp_nnz_modeled": 768200,
      "fp_nnz_modeled": 6216458560,
      "fn_nnz_modeled": 0,
      "precision_vs_original_nonzero": 0.00012355991339135265,
      "recall_vs_original_nonzero": 1.0,
      "f1": 0.00024708929645063594,
      "nnz_fold_vs_original_modeled": 8093.239729237178,
      "nnz_fold_vs_original_full": 8093.239729237178
    },
    {
      "threshold": 3e-07,
      "pred_nnz_modeled": 6217226760,
      "pred_density_modeled": 1.0,
      "pred_nnz_full_space": 6217226760,
      "pred_density_full_space": 0.19703911478948075,
      "tp_nnz_modeled": 768200,
      "fp_nnz_modeled": 6216458560,
      "fn_nnz_modeled": 0,
      "precision_vs_original_nonzero": 0.00012355991339135265,
      "recall_vs_original_nonzero": 1.0,
      "f1": 0.00024708929645063594,
      "nnz_fold_vs_original_modeled": 8093.239729237178,
      "nnz_fold_vs_original_full": 8093.239729237178
    },
    {
      "threshold": 1e-06,
      "pred_nnz_modeled": 6217226760,
      "pred_density_modeled": 1.0,
      "pred_nnz_full_space": 6217226760,
      "pred_density_full_space": 0.19703911478948075,
      "tp_nnz_modeled": 768200,
      "fp_nnz_modeled": 6216458560,
      "fn_nnz_modeled": 0,
      "precision_vs_original_nonzero": 0.00012355991339135265,
      "recall_vs_original_nonzero": 1.0,
      "f1": 0.00024708929645063594,
      "nnz_fold_vs_original_modeled": 8093.239729237178,
      "nnz_fold_vs_original_full": 8093.239729237178
    },
    {
      "threshold": 3e-06,
      "pred_nnz_modeled": 6217087640,
      "pred_density_modeled": 0.9999776234637451,
      "pred_nnz_full_space": 6217087640,
      "pred_density_full_space": 0.19703470573658505,
      "tp_nnz_modeled": 768200,
      "fp_nnz_modeled": 6216319440,
      "fn_nnz_modeled": 0,
      "precision_vs_original_nonzero": 0.00012356267829610328,
      "recall_vs_original_nonzero": 1.0,
      "f1": 0.0002470948248938496,
      "nnz_fold_vs_original_modeled": 8093.058630564957,
      "nnz_fold_vs_original_full": 8093.058630564957
    },
    {
      "threshold": 1e-05,
      "pred_nnz_modeled": 6213734667,
      "pred_density_modeled": 0.9994383198273438,
      "pred_nnz_full_space": 6213734667,
      "pred_density_full_space": 0.19692844182546576,
      "tp_nnz_modeled": 768196,
      "fp_nnz_modeled": 6212966471,
      "fn_nnz_modeled": 4,
      "precision_vs_original_nonzero": 0.00012362870981275518,
      "recall_vs_original_nonzero": 0.9999947930226504,
      "f1": 0.000247226855129231,
      "nnz_fold_vs_original_modeled": 8088.693916948711,
      "nnz_fold_vs_original_full": 8088.693916948711
    },
    {
      "threshold": 3e-05,
      "pred_nnz_modeled": 6188161883,
      "pred_density_modeled": 0.9953251058515357,
      "pred_nnz_full_space": 6188161883,
      "pred_density_full_space": 0.1961179777847328,
      "tp_nnz_modeled": 767931,
      "fp_nnz_modeled": 6187393952,
      "fn_nnz_modeled": 269,
      "precision_vs_original_nonzero": 0.00012409678585003495,
      "recall_vs_original_nonzero": 0.9996498307732361,
      "f1": 0.00024816276471094204,
      "nnz_fold_vs_original_modeled": 8055.404690184848,
      "nnz_fold_vs_original_full": 8055.404690184848
    },
    {
      "threshold": 0.0001,
      "pred_nnz_modeled": 5925536575,
      "pred_density_modeled": 0.9530835537676287,
      "pred_nnz_full_space": 5925536575,
      "pred_density_full_space": 0.18779473975478606,
      "tp_nnz_modeled": 764061,
      "fp_nnz_modeled": 5924772514,
      "fn_nnz_modeled": 4139,
      "precision_vs_original_nonzero": 0.0001289437657382108,
      "recall_vs_original_nonzero": 0.9946120801874512,
      "f1": 0.0002578541026857668,
      "nnz_fold_vs_original_modeled": 7713.53368263473,
      "nnz_fold_vs_original_full": 7713.53368263473
    }
  ],
  "best_f1_row": {
    "threshold": 0.0001,
    "pred_nnz_modeled": 5925536575,
    "pred_density_modeled": 0.9530835537676287,
    "pred_nnz_full_space": 5925536575,
    "pred_density_full_space": 0.18779473975478606,
    "tp_nnz_modeled": 764061,
    "fp_nnz_modeled": 5924772514,
    "fn_nnz_modeled": 4139,
    "precision_vs_original_nonzero": 0.0001289437657382108,
    "recall_vs_original_nonzero": 0.9946120801874512,
    "f1": 0.0002578541026857668,
    "nnz_fold_vs_original_modeled": 7713.53368263473,
    "nnz_fold_vs_original_full": 7713.53368263473
  }
}
