{
  "imputed_h5": "/work/users/d/y/dyy12/XuLab/cisTopic/scripts/cistopic_ctcf/impute/imputed_Prc_hdf5_all.h5",
  "scale_in_h5_used": 1000020.5667677235,
  "original_shape_full": [
    3031053,
    10410
  ],
  "imputed_shape_modeled": [
    597236,
    10410
  ],
  "coverage_regions_fraction": 0.19703911478948075,
  "original_nnz_full": 768200,
  "original_nnz_modeled": 768200,
  "rows": [
    {
      "threshold": 0.0,
      "pred_nnz_modeled": 6217226760,
      "pred_density_modeled": 1.0,
      "pred_nnz_full_space": 6217226760,
      "pred_density_full_space": 0.19703911478948075,
      "tp_nnz_modeled": 768200,
      "fp_nnz_modeled": 6216458560,
      "fn_nnz_modeled": 0,
      "precision_vs_original_nonzero": 0.00012355991339135265,
      "recall_vs_original_nonzero": 1.0,
      "f1": 0.00024708929645063594,
      "nnz_fold_vs_original_modeled": 8093.239729237178,
      "nnz_fold_vs_original_full": 8093.239729237178
    },
    {
      "threshold": 1e-08,
      "pred_nnz_modeled": 6217213186,
      "pred_density_modeled": 0.9999978167114496,
      "pred_nnz_full_space": 6217213186,
      "pred_density_full_space": 0.19703868459623747,
      "tp_nnz_modeled": 768200,
      "fp_nnz_modeled": 6216444986,
      "fn_nnz_modeled": 0,
      "precision_vs_original_nonzero": 0.0001235601831588858,
      "recall_vs_original_nonzero": 1.0,
      "f1": 0.000247089835852397,
      "nnz_fold_vs_original_modeled": 8093.222059359542,
      "nnz_fold_vs_original_full": 8093.222059359542
    },
    {
      "threshold": 3e-08,
      "pred_nnz_modeled": 6215804512,
      "pred_density_modeled": 0.9997712407710219,
      "pred_nnz_full_space": 6215804512,
      "pred_density_full_space": 0.19699404027350298,
      "tp_nnz_modeled": 768200,
      "fp_nnz_modeled": 6215036312,
      "fn_nnz_modeled": 0,
      "precision_vs_original_nonzero": 0.00012358818532933938,
      "recall_vs_original_nonzero": 1.0,
      "f1": 0.00024714582635448787,
      "nnz_fold_vs_original_modeled": 8091.388325956782,
      "nnz_fold_vs_original_full": 8091.388325956782
    },
    {
      "threshold": 1e-07,
      "pred_nnz_modeled": 6196447921,
      "pred_density_modeled": 0.9966578605217223,
      "pred_nnz_full_space": 6196447921,
      "pred_density_full_space": 0.19638058258517796,
      "tp_nnz_modeled": 768037,
      "fp_nnz_modeled": 6195679884,
      "fn_nnz_modeled": 163,
      "precision_vs_original_nonzero": 0.00012394794724201476,
      "recall_vs_original_nonzero": 0.9997878156730018,
      "f1": 0.00024786516558537175,
      "nnz_fold_vs_original_modeled": 8066.190993230929,
      "nnz_fold_vs_original_full": 8066.190993230929
    },
    {
      "threshold": 3e-07,
      "pred_nnz_modeled": 6072953632,
      "pred_density_modeled": 0.9767946170263219,
      "pred_nnz_full_space": 6072953632,
      "pred_density_full_space": 0.19246674666999633,
      "tp_nnz_modeled": 765910,
      "fp_nnz_modeled": 6072187722,
      "fn_nnz_modeled": 2290,
      "precision_vs_original_nonzero": 0.00012611820316957756,
      "recall_vs_original_nonzero": 0.9970190054673262,
      "f1": 0.00025220450365860615,
      "nnz_fold_vs_original_modeled": 7905.433001822442,
      "nnz_fold_vs_original_full": 7905.433001822442
    },
    {
      "threshold": 1e-06,
      "pred_nnz_modeled": 2303834505,
      "pred_density_modeled": 0.37055661534211115,
      "pred_nnz_full_space": 2303834505,
      "pred_density_full_space": 0.0730141474663957,
      "tp_nnz_modeled": 743570,
      "fp_nnz_modeled": 2303090935,
      "fn_nnz_modeled": 24630,
      "precision_vs_original_nonzero": 0.00032275321790095336,
      "recall_vs_original_nonzero": 0.9679380369695392,
      "f1": 0.0006452912672425245,
      "nnz_fold_vs_original_modeled": 2999.0035212184325,
      "nnz_fold_vs_original_full": 2999.0035212184325
    },
    {
      "threshold": 3e-06,
      "pred_nnz_modeled": 957262231,
      "pred_density_modeled": 0.15396932876226635,
      "pred_nnz_full_space": 957262231,
      "pred_density_full_space": 0.030337980244047498,
      "tp_nnz_modeled": 545855,
      "fp_nnz_modeled": 956716376,
      "fn_nnz_modeled": 222345,
      "precision_vs_original_nonzero": 0.0005702251507716698,
      "recall_vs_original_nonzero": 0.7105636552980995,
      "f1": 0.001139535827541996,
      "nnz_fold_vs_original_modeled": 1246.1106886227544,
      "nnz_fold_vs_original_full": 1246.1106886227544
    },
    {
      "threshold": 1e-05,
      "pred_nnz_modeled": 43757211,
      "pred_density_modeled": 0.007038059361373527,
      "pred_nnz_full_space": 43757211,
      "pred_density_full_space": 0.001386772986400858,
      "tp_nnz_modeled": 91024,
      "fp_nnz_modeled": 43666187,
      "fn_nnz_modeled": 677176,
      "precision_vs_original_nonzero": 0.0020802057059806666,
      "recall_vs_original_nonzero": 0.11848997656860193,
      "f1": 0.004088631545703194,
      "nnz_fold_vs_original_modeled": 56.96070164019787,
      "nnz_fold_vs_original_full": 56.96070164019787
    },
    {
      "threshold": 3e-05,
      "pred_nnz_modeled": 333752,
      "pred_density_modeled": 5.3681812306939245e-05,
      "pred_nnz_full_space": 333752,
      "pred_density_full_space": 1.0577416777254361e-05,
      "tp_nnz_modeled": 8428,
      "fp_nnz_modeled": 325324,
      "fn_nnz_modeled": 759772,
      "precision_vs_original_nonzero": 0.025252283132385724,
      "recall_vs_original_nonzero": 0.01097110127570945,
      "f1": 0.015296492043210593,
      "nnz_fold_vs_original_modeled": 0.43445977609997394,
      "nnz_fold_vs_original_full": 0.43445977609997394
    },
    {
      "threshold": 0.0001,
      "pred_nnz_modeled": 4942,
      "pred_density_modeled": 7.94888169721511e-07,
      "pred_nnz_full_space": 4942,
      "pred_density_full_space": 1.5662406131855707e-07,
      "tp_nnz_modeled": 951,
      "fp_nnz_modeled": 3991,
      "fn_nnz_modeled": 767249,
      "precision_vs_original_nonzero": 0.1924322136786726,
      "recall_vs_original_nonzero": 0.0012379588648789377,
      "f1": 0.0024600914191700877,
      "nnz_fold_vs_original_modeled": 0.006433220515490758,
      "nnz_fold_vs_original_full": 0.006433220515490758
    }
  ],
  "best_f1_row": {
    "threshold": 3e-05,
    "pred_nnz_modeled": 333752,
    "pred_density_modeled": 5.3681812306939245e-05,
    "pred_nnz_full_space": 333752,
    "pred_density_full_space": 1.0577416777254361e-05,
    "tp_nnz_modeled": 8428,
    "fp_nnz_modeled": 325324,
    "fn_nnz_modeled": 759772,
    "precision_vs_original_nonzero": 0.025252283132385724,
    "recall_vs_original_nonzero": 0.01097110127570945,
    "f1": 0.015296492043210593,
    "nnz_fold_vs_original_modeled": 0.43445977609997394,
    "nnz_fold_vs_original_full": 0.43445977609997394
  }
}
